item_category,item,ambiguity,length,resolution,finality,critical_word_index,word_index,word,surprisal
critical,1,ambiguous,long,,final,8,0,As,7.890280723571777
critical,1,ambiguous,long,,final,8,1,the,2.4022233486175537
critical,1,ambiguous,long,,final,8,2,professor,18.36882972717285
critical,1,ambiguous,long,,final,8,3,wrote,9.69049072265625
critical,1,ambiguous,long,,final,8,4,the,5.537417411804199
critical,1,ambiguous,long,,final,8,5,textbook,8.433403015136719
critical,1,ambiguous,long,,final,8,6,on,4.438594341278076
critical,1,ambiguous,long,,final,8,7,biology,8.99136734008789
critical,1,ambiguous,long,,final,8,8,grew.,28.012308597564697
critical,1,ambiguous,short,,final,6,0,As,7.890280723571777
critical,1,ambiguous,short,,final,6,1,the,2.4022233486175537
critical,1,ambiguous,short,,final,6,2,professor,18.36882972717285
critical,1,ambiguous,short,,final,6,3,wrote,9.69049072265625
critical,1,ambiguous,short,,final,6,4,the,5.537417411804199
critical,1,ambiguous,short,,final,6,5,textbook,8.433403015136719
critical,1,ambiguous,short,,final,6,6,grew.,25.859302043914795
critical,1,unambiguous,long,comma,final,8,0,As,7.890280723571777
critical,1,unambiguous,long,comma,final,8,1,the,2.4022233486175537
critical,1,unambiguous,long,comma,final,8,2,professor,18.36882972717285
critical,1,unambiguous,long,comma,final,8,3,"wrote,",11.440679669380188
critical,1,unambiguous,long,comma,final,8,4,the,2.239018678665161
critical,1,unambiguous,long,comma,final,8,5,textbook,10.941808700561523
critical,1,unambiguous,long,comma,final,8,6,on,6.987232685089111
critical,1,unambiguous,long,comma,final,8,7,biology,11.593632698059082
critical,1,unambiguous,long,comma,final,8,8,grew.,25.417298316955566
critical,1,unambiguous,short,comma,final,6,0,As,7.890280723571777
critical,1,unambiguous,short,comma,final,6,1,the,2.4022233486175537
critical,1,unambiguous,short,comma,final,6,2,professor,18.36882972717285
critical,1,unambiguous,short,comma,final,6,3,"wrote,",11.440679669380188
critical,1,unambiguous,short,comma,final,6,4,the,2.239018678665161
critical,1,unambiguous,short,comma,final,6,5,textbook,10.941808700561523
critical,1,unambiguous,short,comma,final,6,6,grew.,25.92957162857056
critical,1,unambiguous,long,object,final,11,0,As,7.890280723571777
critical,1,unambiguous,long,object,final,11,1,the,2.4022233486175537
critical,1,unambiguous,long,object,final,11,2,professor,18.36882972717285
critical,1,unambiguous,long,object,final,11,3,wrote,9.69049072265625
critical,1,unambiguous,long,object,final,11,4,the,5.537417411804199
critical,1,unambiguous,long,object,final,11,5,new,7.767058372497559
critical,1,unambiguous,long,object,final,11,6,chapter,4.922331809997559
critical,1,unambiguous,long,object,final,11,7,the,8.518600463867188
critical,1,unambiguous,long,object,final,11,8,textbook,11.091060638427734
critical,1,unambiguous,long,object,final,11,9,on,5.847289085388184
critical,1,unambiguous,long,object,final,11,10,biology,9.12707805633545
critical,1,unambiguous,long,object,final,11,11,grew.,18.83441185951233
critical,1,unambiguous,short,object,final,9,0,As,7.890280723571777
critical,1,unambiguous,short,object,final,9,1,the,2.4022233486175537
critical,1,unambiguous,short,object,final,9,2,professor,18.36882972717285
critical,1,unambiguous,short,object,final,9,3,wrote,9.69049072265625
critical,1,unambiguous,short,object,final,9,4,the,5.537417411804199
critical,1,unambiguous,short,object,final,9,5,new,7.767058372497559
critical,1,unambiguous,short,object,final,9,6,chapter,4.922331809997559
critical,1,unambiguous,short,object,final,9,7,the,8.518600463867188
critical,1,unambiguous,short,object,final,9,8,textbook,11.091060638427734
critical,1,unambiguous,short,object,final,9,9,grew.,15.69443655014038
critical,1,ambiguous,long,,nonfinal,8,0,As,7.890280723571777
critical,1,ambiguous,long,,nonfinal,8,1,the,2.4022233486175537
critical,1,ambiguous,long,,nonfinal,8,2,professor,18.36882972717285
critical,1,ambiguous,long,,nonfinal,8,3,wrote,9.69049072265625
critical,1,ambiguous,long,,nonfinal,8,4,the,5.537417411804199
critical,1,ambiguous,long,,nonfinal,8,5,textbook,8.433403015136719
critical,1,ambiguous,long,,nonfinal,8,6,on,4.438594341278076
critical,1,ambiguous,long,,nonfinal,8,7,biology,8.99136734008789
critical,1,ambiguous,long,,nonfinal,8,8,grew,21.574838638305664
critical,1,ambiguous,long,,nonfinal,8,9,much,9.881062507629396
critical,1,ambiguous,long,,nonfinal,8,10,longer,6.236598491668701
critical,1,ambiguous,long,,nonfinal,8,11,than,3.1819679737091064
critical,1,ambiguous,long,,nonfinal,8,12,expected.,5.17699146270752
critical,1,ambiguous,short,,nonfinal,6,0,As,7.890280723571777
critical,1,ambiguous,short,,nonfinal,6,1,the,2.4022233486175537
critical,1,ambiguous,short,,nonfinal,6,2,professor,18.36882972717285
critical,1,ambiguous,short,,nonfinal,6,3,wrote,9.69049072265625
critical,1,ambiguous,short,,nonfinal,6,4,the,5.537417411804199
critical,1,ambiguous,short,,nonfinal,6,5,textbook,8.433403015136719
critical,1,ambiguous,short,,nonfinal,6,6,grew,21.884275436401367
critical,1,ambiguous,short,,nonfinal,6,7,much,8.819160461425781
critical,1,ambiguous,short,,nonfinal,6,8,longer,6.741267204284668
critical,1,ambiguous,short,,nonfinal,6,9,than,2.9795429706573486
critical,1,ambiguous,short,,nonfinal,6,10,expected.,4.33121931552887
critical,1,unambiguous,long,comma,nonfinal,8,0,As,7.890280723571777
critical,1,unambiguous,long,comma,nonfinal,8,1,the,2.4022233486175537
critical,1,unambiguous,long,comma,nonfinal,8,2,professor,18.36882972717285
critical,1,unambiguous,long,comma,nonfinal,8,3,"wrote,",11.440679669380188
critical,1,unambiguous,long,comma,nonfinal,8,4,the,2.239018678665161
critical,1,unambiguous,long,comma,nonfinal,8,5,textbook,10.941808700561523
critical,1,unambiguous,long,comma,nonfinal,8,6,on,6.987232685089111
critical,1,unambiguous,long,comma,nonfinal,8,7,biology,11.593632698059082
critical,1,unambiguous,long,comma,nonfinal,8,8,grew,17.382524490356445
critical,1,unambiguous,long,comma,nonfinal,8,9,much,7.121172904968262
critical,1,unambiguous,long,comma,nonfinal,8,10,longer,6.156967639923096
critical,1,unambiguous,long,comma,nonfinal,8,11,than,2.340816020965576
critical,1,unambiguous,long,comma,nonfinal,8,12,expected.,6.37334132194519
critical,1,unambiguous,short,comma,nonfinal,6,0,As,7.890280723571777
critical,1,unambiguous,short,comma,nonfinal,6,1,the,2.4022233486175537
critical,1,unambiguous,short,comma,nonfinal,6,2,professor,18.36882972717285
critical,1,unambiguous,short,comma,nonfinal,6,3,"wrote,",11.440679669380188
critical,1,unambiguous,short,comma,nonfinal,6,4,the,2.239018678665161
critical,1,unambiguous,short,comma,nonfinal,6,5,textbook,10.941808700561523
critical,1,unambiguous,short,comma,nonfinal,6,6,grew,18.477859497070312
critical,1,unambiguous,short,comma,nonfinal,6,7,much,7.856434345245361
critical,1,unambiguous,short,comma,nonfinal,6,8,longer,6.001448631286621
critical,1,unambiguous,short,comma,nonfinal,6,9,than,2.23828673362732
critical,1,unambiguous,short,comma,nonfinal,6,10,expected.,5.783897638320923
critical,1,unambiguous,long,object,nonfinal,11,0,As,7.890280723571777
critical,1,unambiguous,long,object,nonfinal,11,1,the,2.4022233486175537
critical,1,unambiguous,long,object,nonfinal,11,2,professor,18.36882972717285
critical,1,unambiguous,long,object,nonfinal,11,3,wrote,9.69049072265625
critical,1,unambiguous,long,object,nonfinal,11,4,the,5.537417411804199
critical,1,unambiguous,long,object,nonfinal,11,5,new,7.767058372497559
critical,1,unambiguous,long,object,nonfinal,11,6,chapter,4.922331809997559
critical,1,unambiguous,long,object,nonfinal,11,7,the,8.518600463867188
critical,1,unambiguous,long,object,nonfinal,11,8,textbook,11.091060638427734
critical,1,unambiguous,long,object,nonfinal,11,9,on,5.847289085388184
critical,1,unambiguous,long,object,nonfinal,11,10,biology,9.12707805633545
critical,1,unambiguous,long,object,nonfinal,11,11,grew,15.434404373168944
critical,1,unambiguous,long,object,nonfinal,11,12,much,8.075590133666992
critical,1,unambiguous,long,object,nonfinal,11,13,longer,4.525174617767334
critical,1,unambiguous,long,object,nonfinal,11,14,than,2.2094597816467285
critical,1,unambiguous,long,object,nonfinal,11,15,expected.,3.7572815120220175
critical,1,unambiguous,short,object,nonfinal,9,0,As,7.890280723571777
critical,1,unambiguous,short,object,nonfinal,9,1,the,2.4022233486175537
critical,1,unambiguous,short,object,nonfinal,9,2,professor,18.36882972717285
critical,1,unambiguous,short,object,nonfinal,9,3,wrote,9.69049072265625
critical,1,unambiguous,short,object,nonfinal,9,4,the,5.537417411804199
critical,1,unambiguous,short,object,nonfinal,9,5,new,7.767058372497559
critical,1,unambiguous,short,object,nonfinal,9,6,chapter,4.922331809997559
critical,1,unambiguous,short,object,nonfinal,9,7,the,8.518600463867188
critical,1,unambiguous,short,object,nonfinal,9,8,textbook,11.091060638427734
critical,1,unambiguous,short,object,nonfinal,9,9,grew,12.918424606323242
critical,1,unambiguous,short,object,nonfinal,9,10,much,7.937958240509033
critical,1,unambiguous,short,object,nonfinal,9,11,longer,4.424686908721924
critical,1,unambiguous,short,object,nonfinal,9,12,than,2.8368661403656006
critical,1,unambiguous,short,object,nonfinal,9,13,expected.,4.002996534109116
critical,2,ambiguous,long,,final,8,0,While,11.370808601379396
critical,2,ambiguous,long,,final,8,1,the,1.8241167068481443
critical,2,ambiguous,long,,final,8,2,mom,23.01354217529297
critical,2,ambiguous,long,,final,8,3,dressed,15.763384819030762
critical,2,ambiguous,long,,final,8,4,the,7.1145920753479
critical,2,ambiguous,long,,final,8,5,baby,2.621453046798706
critical,2,ambiguous,long,,final,8,6,fidgeting,25.685029983520508
critical,2,ambiguous,long,,final,8,7,restlessly,16.72849702835083
critical,2,ambiguous,long,,final,8,8,cried.,20.868889808654785
critical,2,ambiguous,short,,final,6,0,While,11.370808601379396
critical,2,ambiguous,short,,final,6,1,the,1.8241167068481443
critical,2,ambiguous,short,,final,6,2,mom,23.01354217529297
critical,2,ambiguous,short,,final,6,3,dressed,15.763384819030762
critical,2,ambiguous,short,,final,6,4,the,7.1145920753479
critical,2,ambiguous,short,,final,6,5,baby,2.621453046798706
critical,2,ambiguous,short,,final,6,6,cried.,21.544634342193604
critical,2,unambiguous,long,comma,final,8,0,While,11.370808601379396
critical,2,unambiguous,long,comma,final,8,1,the,1.8241167068481443
critical,2,unambiguous,long,comma,final,8,2,mom,23.01354217529297
critical,2,unambiguous,long,comma,final,8,3,"dressed,",25.78825569152832
critical,2,unambiguous,long,comma,final,8,4,the,2.255523443222046
critical,2,unambiguous,long,comma,final,8,5,baby,4.269475936889648
critical,2,unambiguous,long,comma,final,8,6,fidgeting,22.24498462677002
critical,2,unambiguous,long,comma,final,8,7,restlessly,15.008575916290283
critical,2,unambiguous,long,comma,final,8,8,cried.,15.085100531578064
critical,2,unambiguous,short,comma,final,6,0,While,11.370808601379396
critical,2,unambiguous,short,comma,final,6,1,the,1.8241167068481443
critical,2,unambiguous,short,comma,final,6,2,mom,23.01354217529297
critical,2,unambiguous,short,comma,final,6,3,"dressed,",25.78825569152832
critical,2,unambiguous,short,comma,final,6,4,the,2.255523443222046
critical,2,unambiguous,short,comma,final,6,5,baby,4.269475936889648
critical,2,unambiguous,short,comma,final,6,6,cried.,6.477455377578735
critical,2,unambiguous,long,object,final,9,0,While,11.370808601379396
critical,2,unambiguous,long,object,final,9,1,the,1.8241167068481443
critical,2,unambiguous,long,object,final,9,2,mom,23.01354217529297
critical,2,unambiguous,long,object,final,9,3,dressed,15.763384819030762
critical,2,unambiguous,long,object,final,9,4,herself,9.07392406463623
critical,2,unambiguous,long,object,final,9,5,the,8.635318756103516
critical,2,unambiguous,long,object,final,9,6,baby,7.316132068634033
critical,2,unambiguous,long,object,final,9,7,fidgeting,24.12121343612671
critical,2,unambiguous,long,object,final,9,8,restlessly,15.222501695156096
critical,2,unambiguous,long,object,final,9,9,cried.,14.730643033981323
critical,2,unambiguous,short,object,final,7,0,While,11.370808601379396
critical,2,unambiguous,short,object,final,7,1,the,1.8241167068481443
critical,2,unambiguous,short,object,final,7,2,mom,23.01354217529297
critical,2,unambiguous,short,object,final,7,3,dressed,15.763384819030762
critical,2,unambiguous,short,object,final,7,4,herself,9.07392406463623
critical,2,unambiguous,short,object,final,7,5,the,8.635318756103516
critical,2,unambiguous,short,object,final,7,6,baby,7.316132068634033
critical,2,unambiguous,short,object,final,7,7,cried.,9.943922519683838
critical,2,ambiguous,long,,nonfinal,8,0,While,11.370808601379396
critical,2,ambiguous,long,,nonfinal,8,1,the,1.8241167068481443
critical,2,ambiguous,long,,nonfinal,8,2,mom,23.01354217529297
critical,2,ambiguous,long,,nonfinal,8,3,dressed,15.763384819030762
critical,2,ambiguous,long,,nonfinal,8,4,the,7.1145920753479
critical,2,ambiguous,long,,nonfinal,8,5,baby,2.621450424194336
critical,2,ambiguous,long,,nonfinal,8,6,fidgeting,25.685029983520508
critical,2,ambiguous,long,,nonfinal,8,7,restlessly,16.72849702835083
critical,2,ambiguous,long,,nonfinal,8,8,cried,17.5810604095459
critical,2,ambiguous,long,,nonfinal,8,9,loudly,7.403214454650879
critical,2,ambiguous,long,,nonfinal,8,10,in,3.7822561264038086
critical,2,ambiguous,long,,nonfinal,8,11,her,2.788568019866944
critical,2,ambiguous,long,,nonfinal,8,12,crib.,8.104269623756409
critical,2,ambiguous,short,,nonfinal,6,0,While,11.370808601379396
critical,2,ambiguous,short,,nonfinal,6,1,the,1.8241167068481443
critical,2,ambiguous,short,,nonfinal,6,2,mom,23.01354217529297
critical,2,ambiguous,short,,nonfinal,6,3,dressed,15.763384819030762
critical,2,ambiguous,short,,nonfinal,6,4,the,7.1145920753479
critical,2,ambiguous,short,,nonfinal,6,5,baby,2.621453046798706
critical,2,ambiguous,short,,nonfinal,6,6,cried,17.192676544189453
critical,2,ambiguous,short,,nonfinal,6,7,loudly,9.452576637268066
critical,2,ambiguous,short,,nonfinal,6,8,in,4.344034194946289
critical,2,ambiguous,short,,nonfinal,6,9,her,3.6860311031341553
critical,2,ambiguous,short,,nonfinal,6,10,crib.,9.762994050979614
critical,2,unambiguous,long,comma,nonfinal,8,0,While,11.370808601379396
critical,2,unambiguous,long,comma,nonfinal,8,1,the,1.8241167068481443
critical,2,unambiguous,long,comma,nonfinal,8,2,mom,23.01354217529297
critical,2,unambiguous,long,comma,nonfinal,8,3,"dressed,",25.78825569152832
critical,2,unambiguous,long,comma,nonfinal,8,4,the,2.255526304244995
critical,2,unambiguous,long,comma,nonfinal,8,5,baby,4.269475936889648
critical,2,unambiguous,long,comma,nonfinal,8,6,fidgeting,22.24498462677002
critical,2,unambiguous,long,comma,nonfinal,8,7,restlessly,15.008575916290283
critical,2,unambiguous,long,comma,nonfinal,8,8,cried,13.215398788452148
critical,2,unambiguous,long,comma,nonfinal,8,9,loudly,7.622788429260254
critical,2,unambiguous,long,comma,nonfinal,8,10,in,3.340701103210449
critical,2,unambiguous,long,comma,nonfinal,8,11,her,2.459580183029175
critical,2,unambiguous,long,comma,nonfinal,8,12,crib.,6.158490896224976
critical,2,unambiguous,short,comma,nonfinal,6,0,While,11.370808601379396
critical,2,unambiguous,short,comma,nonfinal,6,1,the,1.8241167068481443
critical,2,unambiguous,short,comma,nonfinal,6,2,mom,23.01354217529297
critical,2,unambiguous,short,comma,nonfinal,6,3,"dressed,",25.78825569152832
critical,2,unambiguous,short,comma,nonfinal,6,4,the,2.255523443222046
critical,2,unambiguous,short,comma,nonfinal,6,5,baby,4.269475936889648
critical,2,unambiguous,short,comma,nonfinal,6,6,cried,5.5206732749938965
critical,2,unambiguous,short,comma,nonfinal,6,7,loudly,7.621085166931152
critical,2,unambiguous,short,comma,nonfinal,6,8,in,4.195941925048828
critical,2,unambiguous,short,comma,nonfinal,6,9,her,2.7804558277130127
critical,2,unambiguous,short,comma,nonfinal,6,10,crib.,5.942757248878479
critical,2,unambiguous,long,object,nonfinal,9,0,While,11.370808601379396
critical,2,unambiguous,long,object,nonfinal,9,1,the,1.8241167068481443
critical,2,unambiguous,long,object,nonfinal,9,2,mom,23.01354217529297
critical,2,unambiguous,long,object,nonfinal,9,3,dressed,15.763384819030762
critical,2,unambiguous,long,object,nonfinal,9,4,herself,9.07392406463623
critical,2,unambiguous,long,object,nonfinal,9,5,the,8.635318756103516
critical,2,unambiguous,long,object,nonfinal,9,6,baby,7.316132068634033
critical,2,unambiguous,long,object,nonfinal,9,7,fidgeting,24.12121343612671
critical,2,unambiguous,long,object,nonfinal,9,8,restlessly,15.222501695156096
critical,2,unambiguous,long,object,nonfinal,9,9,cried,13.049302101135254
critical,2,unambiguous,long,object,nonfinal,9,10,loudly,6.853708267211914
critical,2,unambiguous,long,object,nonfinal,9,11,in,4.16188907623291
critical,2,unambiguous,long,object,nonfinal,9,12,her,2.0101964473724365
critical,2,unambiguous,long,object,nonfinal,9,13,crib.,5.934671401977539
critical,2,unambiguous,short,object,nonfinal,7,0,While,11.370808601379396
critical,2,unambiguous,short,object,nonfinal,7,1,the,1.8241167068481443
critical,2,unambiguous,short,object,nonfinal,7,2,mom,23.01354217529297
critical,2,unambiguous,short,object,nonfinal,7,3,dressed,15.763384819030762
critical,2,unambiguous,short,object,nonfinal,7,4,herself,9.07392406463623
critical,2,unambiguous,short,object,nonfinal,7,5,the,8.635318756103516
critical,2,unambiguous,short,object,nonfinal,7,6,baby,7.316132068634033
critical,2,unambiguous,short,object,nonfinal,7,7,cried,7.70391321182251
critical,2,unambiguous,short,object,nonfinal,7,8,loudly,6.8970627784729
critical,2,unambiguous,short,object,nonfinal,7,9,in,5.142242431640625
critical,2,unambiguous,short,object,nonfinal,7,10,her,2.552200555801392
critical,2,unambiguous,short,object,nonfinal,7,11,crib.,6.941958665847778
critical,3,ambiguous,long,,final,10,0,When,8.491838455200195
critical,3,ambiguous,long,,final,10,1,the,3.220492124557495
critical,3,ambiguous,long,,final,10,2,stern,24.676040649414062
critical,3,ambiguous,long,,final,10,3,boss,11.421426773071287
critical,3,ambiguous,long,,final,10,4,entered,10.450254440307615
critical,3,ambiguous,long,,final,10,5,the,0.439345508813858
critical,3,ambiguous,long,,final,10,6,office,4.07255744934082
critical,3,ambiguous,long,,final,10,7,bustling,21.256214141845703
critical,3,ambiguous,long,,final,10,8,with,1.1146016120910645
critical,3,ambiguous,long,,final,10,9,activity,3.1231911182403564
critical,3,ambiguous,long,,final,10,10,quieted.,25.726354122161865
critical,3,ambiguous,short,,final,7,0,When,8.491838455200195
critical,3,ambiguous,short,,final,7,1,the,3.220492124557495
critical,3,ambiguous,short,,final,7,2,stern,24.676040649414062
critical,3,ambiguous,short,,final,7,3,boss,11.421426773071287
critical,3,ambiguous,short,,final,7,4,entered,10.450254440307615
critical,3,ambiguous,short,,final,7,5,the,0.439345508813858
critical,3,ambiguous,short,,final,7,6,office,4.07255744934082
critical,3,ambiguous,short,,final,7,7,quieted.,30.828205585479736
critical,3,unambiguous,long,comma,final,10,0,When,8.491838455200195
critical,3,unambiguous,long,comma,final,10,1,the,3.220492124557495
critical,3,unambiguous,long,comma,final,10,2,stern,24.676040649414062
critical,3,unambiguous,long,comma,final,10,3,boss,11.421426773071287
critical,3,unambiguous,long,comma,final,10,4,"entered,",13.763988494873049
critical,3,unambiguous,long,comma,final,10,5,the,2.2778069972991943
critical,3,unambiguous,long,comma,final,10,6,office,12.12997341156006
critical,3,unambiguous,long,comma,final,10,7,bustling,18.431589126586918
critical,3,unambiguous,long,comma,final,10,8,with,0.8265871405601501
critical,3,unambiguous,long,comma,final,10,9,activity,2.800950765609741
critical,3,unambiguous,long,comma,final,10,10,quieted.,11.4579955637455
critical,3,unambiguous,short,comma,final,7,0,When,8.491838455200195
critical,3,unambiguous,short,comma,final,7,1,the,3.220492124557495
critical,3,unambiguous,short,comma,final,7,2,stern,24.676040649414062
critical,3,unambiguous,short,comma,final,7,3,boss,11.421426773071287
critical,3,unambiguous,short,comma,final,7,4,"entered,",13.763988494873049
critical,3,unambiguous,short,comma,final,7,5,the,2.2778069972991943
critical,3,unambiguous,short,comma,final,7,6,office,12.12997341156006
critical,3,unambiguous,short,comma,final,7,7,quieted.,12.910778552293776
critical,3,unambiguous,long,object,final,12,0,When,8.491838455200195
critical,3,unambiguous,long,object,final,12,1,the,3.220492124557495
critical,3,unambiguous,long,object,final,12,2,stern,24.676040649414062
critical,3,unambiguous,long,object,final,12,3,boss,11.421426773071287
critical,3,unambiguous,long,object,final,12,4,entered,10.450254440307615
critical,3,unambiguous,long,object,final,12,5,the,0.439345508813858
critical,3,unambiguous,long,object,final,12,6,room,1.92859411239624
critical,3,unambiguous,long,object,final,12,7,the,5.931345939636231
critical,3,unambiguous,long,object,final,12,8,office,10.7598237991333
critical,3,unambiguous,long,object,final,12,9,bustling,18.075519561767575
critical,3,unambiguous,long,object,final,12,10,with,0.4777733087539673
critical,3,unambiguous,long,object,final,12,11,activity,0.9281091690063475
critical,3,unambiguous,long,object,final,12,12,quieted.,10.836919344961643
critical,3,unambiguous,short,object,final,9,0,When,8.491838455200195
critical,3,unambiguous,short,object,final,9,1,the,3.220492124557495
critical,3,unambiguous,short,object,final,9,2,stern,24.676040649414062
critical,3,unambiguous,short,object,final,9,3,boss,11.421426773071287
critical,3,unambiguous,short,object,final,9,4,entered,10.450254440307615
critical,3,unambiguous,short,object,final,9,5,the,0.439345508813858
critical,3,unambiguous,short,object,final,9,6,room,1.92859411239624
critical,3,unambiguous,short,object,final,9,7,the,5.931345939636231
critical,3,unambiguous,short,object,final,9,8,office,10.7598237991333
critical,3,unambiguous,short,object,final,9,9,quieted.,12.082364052534103
critical,3,ambiguous,long,,nonfinal,10,0,When,8.491838455200195
critical,3,ambiguous,long,,nonfinal,10,1,the,3.220492124557495
critical,3,ambiguous,long,,nonfinal,10,2,stern,24.676040649414062
critical,3,ambiguous,long,,nonfinal,10,3,boss,11.421426773071287
critical,3,ambiguous,long,,nonfinal,10,4,entered,10.450254440307615
critical,3,ambiguous,long,,nonfinal,10,5,the,0.439345508813858
critical,3,ambiguous,long,,nonfinal,10,6,office,4.07255744934082
critical,3,ambiguous,long,,nonfinal,10,7,bustling,21.256216049194336
critical,3,ambiguous,long,,nonfinal,10,8,with,1.1146016120910645
critical,3,ambiguous,long,,nonfinal,10,9,activity,3.1231911182403564
critical,3,ambiguous,long,,nonfinal,10,10,quieted,22.20451259613037
critical,3,ambiguous,long,,nonfinal,10,11,down,0.672199010848999
critical,3,ambiguous,long,,nonfinal,10,12,quickly.,12.043396174907684
critical,3,ambiguous,short,,nonfinal,7,0,When,8.491838455200195
critical,3,ambiguous,short,,nonfinal,7,1,the,3.220492124557495
critical,3,ambiguous,short,,nonfinal,7,2,stern,24.676040649414062
critical,3,ambiguous,short,,nonfinal,7,3,boss,11.421426773071287
critical,3,ambiguous,short,,nonfinal,7,4,entered,10.450254440307615
critical,3,ambiguous,short,,nonfinal,7,5,the,0.439345508813858
critical,3,ambiguous,short,,nonfinal,7,6,office,4.07255744934082
critical,3,ambiguous,short,,nonfinal,7,7,quieted,25.439430713653564
critical,3,ambiguous,short,,nonfinal,7,8,down,1.1873626708984375
critical,3,ambiguous,short,,nonfinal,7,9,quickly.,11.939284920692444
critical,3,unambiguous,long,comma,nonfinal,10,0,When,8.491838455200195
critical,3,unambiguous,long,comma,nonfinal,10,1,the,3.220492124557495
critical,3,unambiguous,long,comma,nonfinal,10,2,stern,24.676040649414062
critical,3,unambiguous,long,comma,nonfinal,10,3,boss,11.421426773071287
critical,3,unambiguous,long,comma,nonfinal,10,4,"entered,",13.763988494873049
critical,3,unambiguous,long,comma,nonfinal,10,5,the,2.2778069972991943
critical,3,unambiguous,long,comma,nonfinal,10,6,office,12.12997341156006
critical,3,unambiguous,long,comma,nonfinal,10,7,bustling,18.431589126586918
critical,3,unambiguous,long,comma,nonfinal,10,8,with,0.8265871405601501
critical,3,unambiguous,long,comma,nonfinal,10,9,activity,2.800950765609741
critical,3,unambiguous,long,comma,nonfinal,10,10,quieted,8.158603340387344
critical,3,unambiguous,long,comma,nonfinal,10,11,down,0.4099791049957275
critical,3,unambiguous,long,comma,nonfinal,10,12,quickly.,9.79277715086937
critical,3,unambiguous,short,comma,nonfinal,7,0,When,8.491838455200195
critical,3,unambiguous,short,comma,nonfinal,7,1,the,3.220492124557495
critical,3,unambiguous,short,comma,nonfinal,7,2,stern,24.676040649414062
critical,3,unambiguous,short,comma,nonfinal,7,3,boss,11.421426773071287
critical,3,unambiguous,short,comma,nonfinal,7,4,"entered,",13.763988494873049
critical,3,unambiguous,short,comma,nonfinal,7,5,the,2.2778069972991943
critical,3,unambiguous,short,comma,nonfinal,7,6,office,12.12997341156006
critical,3,unambiguous,short,comma,nonfinal,7,7,quieted,10.244832783937454
critical,3,unambiguous,short,comma,nonfinal,7,8,down,0.6373264193534851
critical,3,unambiguous,short,comma,nonfinal,7,9,quickly.,9.374372124671936
critical,3,unambiguous,long,object,nonfinal,12,0,When,8.491838455200195
critical,3,unambiguous,long,object,nonfinal,12,1,the,3.220492124557495
critical,3,unambiguous,long,object,nonfinal,12,2,stern,24.676040649414062
critical,3,unambiguous,long,object,nonfinal,12,3,boss,11.421426773071287
critical,3,unambiguous,long,object,nonfinal,12,4,entered,10.450254440307615
critical,3,unambiguous,long,object,nonfinal,12,5,the,0.439345508813858
critical,3,unambiguous,long,object,nonfinal,12,6,room,1.92859411239624
critical,3,unambiguous,long,object,nonfinal,12,7,the,5.931345939636231
critical,3,unambiguous,long,object,nonfinal,12,8,office,10.7598237991333
critical,3,unambiguous,long,object,nonfinal,12,9,bustling,18.075519561767575
critical,3,unambiguous,long,object,nonfinal,12,10,with,0.4777733087539673
critical,3,unambiguous,long,object,nonfinal,12,11,activity,0.9281091690063475
critical,3,unambiguous,long,object,nonfinal,12,12,quieted,8.257375039160252
critical,3,unambiguous,long,object,nonfinal,12,13,down,1.0240809917449951
critical,3,unambiguous,long,object,nonfinal,12,14,quickly.,10.22869834303856
critical,3,unambiguous,short,object,nonfinal,9,0,When,8.491838455200195
critical,3,unambiguous,short,object,nonfinal,9,1,the,3.220492124557495
critical,3,unambiguous,short,object,nonfinal,9,2,stern,24.676040649414062
critical,3,unambiguous,short,object,nonfinal,9,3,boss,11.421426773071287
critical,3,unambiguous,short,object,nonfinal,9,4,entered,10.450254440307615
critical,3,unambiguous,short,object,nonfinal,9,5,the,0.439345508813858
critical,3,unambiguous,short,object,nonfinal,9,6,room,1.92859411239624
critical,3,unambiguous,short,object,nonfinal,9,7,the,5.93134880065918
critical,3,unambiguous,short,object,nonfinal,9,8,office,10.7598237991333
critical,3,unambiguous,short,object,nonfinal,9,9,quieted,9.486119478940964
critical,3,unambiguous,short,object,nonfinal,9,10,down,0.7794253826141357
critical,3,unambiguous,short,object,nonfinal,9,11,quickly.,9.523630261421204
critical,4,ambiguous,long,,final,8,0,After,9.379192352294922
critical,4,ambiguous,long,,final,8,1,the,2.6995084285736084
critical,4,ambiguous,long,,final,8,2,politician,24.66451072692871
critical,4,ambiguous,long,,final,8,3,signed,12.322845458984377
critical,4,ambiguous,long,,final,8,4,the,1.3068645000457764
critical,4,ambiguous,long,,final,8,5,bill,3.084383487701416
critical,4,ambiguous,long,,final,8,6,increasing,13.489826202392578
critical,4,ambiguous,long,,final,8,7,taxes,6.478883743286133
critical,4,ambiguous,long,,final,8,8,passed.,25.034971237182617
critical,4,ambiguous,short,,final,6,0,After,9.379192352294922
critical,4,ambiguous,short,,final,6,1,the,2.6995084285736084
critical,4,ambiguous,short,,final,6,2,politician,24.66451072692871
critical,4,ambiguous,short,,final,6,3,signed,12.322845458984377
critical,4,ambiguous,short,,final,6,4,the,1.3068645000457764
critical,4,ambiguous,short,,final,6,5,bill,3.084383487701416
critical,4,ambiguous,short,,final,6,6,passed.,21.10859203338623
critical,4,unambiguous,long,comma,final,8,0,After,9.379192352294922
critical,4,unambiguous,long,comma,final,8,1,the,2.6995084285736084
critical,4,unambiguous,long,comma,final,8,2,politician,24.66451072692871
critical,4,unambiguous,long,comma,final,8,3,"signed,",18.488354682922363
critical,4,unambiguous,long,comma,final,8,4,the,1.2768129110336304
critical,4,unambiguous,long,comma,final,8,5,bill,5.906947612762451
critical,4,unambiguous,long,comma,final,8,6,increasing,22.660385131835938
critical,4,unambiguous,long,comma,final,8,7,taxes,5.964527606964111
critical,4,unambiguous,long,comma,final,8,8,passed.,13.295177459716797
critical,4,unambiguous,short,comma,final,6,0,After,9.379192352294922
critical,4,unambiguous,short,comma,final,6,1,the,2.6995084285736084
critical,4,unambiguous,short,comma,final,6,2,politician,24.66451072692871
critical,4,unambiguous,short,comma,final,6,3,"signed,",18.488354682922363
critical,4,unambiguous,short,comma,final,6,4,the,1.2768129110336304
critical,4,unambiguous,short,comma,final,6,5,bill,5.906947612762451
critical,4,unambiguous,short,comma,final,6,6,passed.,11.161925792694092
critical,4,unambiguous,long,object,final,10,0,After,9.379192352294922
critical,4,unambiguous,long,object,final,10,1,the,2.6995084285736084
critical,4,unambiguous,long,object,final,10,2,politician,24.66451072692871
critical,4,unambiguous,long,object,final,10,3,signed,12.322845458984377
critical,4,unambiguous,long,object,final,10,4,the,1.3068645000457764
critical,4,unambiguous,long,object,final,10,5,legislation,7.471312999725342
critical,4,unambiguous,long,object,final,10,6,the,8.064940452575684
critical,4,unambiguous,long,object,final,10,7,bill,4.719042778015137
critical,4,unambiguous,long,object,final,10,8,increasing,23.03800392150879
critical,4,unambiguous,long,object,final,10,9,taxes,6.543460845947266
critical,4,unambiguous,long,object,final,10,10,passed.,13.432066440582275
critical,4,unambiguous,short,object,final,8,0,After,9.379192352294922
critical,4,unambiguous,short,object,final,8,1,the,2.6995084285736084
critical,4,unambiguous,short,object,final,8,2,politician,24.66451072692871
critical,4,unambiguous,short,object,final,8,3,signed,12.322845458984377
critical,4,unambiguous,short,object,final,8,4,the,1.3068645000457764
critical,4,unambiguous,short,object,final,8,5,legislation,7.471312999725342
critical,4,unambiguous,short,object,final,8,6,the,8.064940452575684
critical,4,unambiguous,short,object,final,8,7,bill,4.719042778015137
critical,4,unambiguous,short,object,final,8,8,passed.,11.515192985534668
critical,4,ambiguous,long,,nonfinal,8,0,After,9.379192352294922
critical,4,ambiguous,long,,nonfinal,8,1,the,2.6995084285736084
critical,4,ambiguous,long,,nonfinal,8,2,politician,24.66451072692871
critical,4,ambiguous,long,,nonfinal,8,3,signed,12.322845458984377
critical,4,ambiguous,long,,nonfinal,8,4,the,1.3068645000457764
critical,4,ambiguous,long,,nonfinal,8,5,bill,3.084383487701416
critical,4,ambiguous,long,,nonfinal,8,6,increasing,13.489826202392578
critical,4,ambiguous,long,,nonfinal,8,7,taxes,6.478883743286133
critical,4,ambiguous,long,,nonfinal,8,8,passed,11.726447105407717
critical,4,ambiguous,long,,nonfinal,8,9,unanimously,8.967172622680664
critical,4,ambiguous,long,,nonfinal,8,10,without,13.807369232177734
critical,4,ambiguous,long,,nonfinal,8,11,amendments.,14.798027992248535
critical,4,ambiguous,short,,nonfinal,6,0,After,9.379192352294922
critical,4,ambiguous,short,,nonfinal,6,1,the,2.6995084285736084
critical,4,ambiguous,short,,nonfinal,6,2,politician,24.66451072692871
critical,4,ambiguous,short,,nonfinal,6,3,signed,12.322845458984377
critical,4,ambiguous,short,,nonfinal,6,4,the,1.3068645000457764
critical,4,ambiguous,short,,nonfinal,6,5,bill,3.084383487701416
critical,4,ambiguous,short,,nonfinal,6,6,passed,8.843414306640625
critical,4,ambiguous,short,,nonfinal,6,7,unanimously,8.726424217224121
critical,4,ambiguous,short,,nonfinal,6,8,without,13.146147727966309
critical,4,ambiguous,short,,nonfinal,6,9,amendments.,12.22343397140503
critical,4,unambiguous,long,comma,nonfinal,8,0,After,9.379192352294922
critical,4,unambiguous,long,comma,nonfinal,8,1,the,2.6995084285736084
critical,4,unambiguous,long,comma,nonfinal,8,2,politician,24.66451072692871
critical,4,unambiguous,long,comma,nonfinal,8,3,"signed,",18.488354682922363
critical,4,unambiguous,long,comma,nonfinal,8,4,the,1.2768129110336304
critical,4,unambiguous,long,comma,nonfinal,8,5,bill,5.906947612762451
critical,4,unambiguous,long,comma,nonfinal,8,6,increasing,22.660385131835938
critical,4,unambiguous,long,comma,nonfinal,8,7,taxes,5.9645304679870605
critical,4,unambiguous,long,comma,nonfinal,8,8,passed,6.751671314239502
critical,4,unambiguous,long,comma,nonfinal,8,9,unanimously,7.181894779205322
critical,4,unambiguous,long,comma,nonfinal,8,10,without,9.528488159179688
critical,4,unambiguous,long,comma,nonfinal,8,11,amendments.,7.932524800300598
critical,4,unambiguous,short,comma,nonfinal,6,0,After,9.379192352294922
critical,4,unambiguous,short,comma,nonfinal,6,1,the,2.6995084285736084
critical,4,unambiguous,short,comma,nonfinal,6,2,politician,24.66451072692871
critical,4,unambiguous,short,comma,nonfinal,6,3,"signed,",18.488354682922363
critical,4,unambiguous,short,comma,nonfinal,6,4,the,1.2768129110336304
critical,4,unambiguous,short,comma,nonfinal,6,5,bill,5.906947612762451
critical,4,unambiguous,short,comma,nonfinal,6,6,passed,4.545124530792236
critical,4,unambiguous,short,comma,nonfinal,6,7,unanimously,5.541576862335205
critical,4,unambiguous,short,comma,nonfinal,6,8,without,8.571257591247559
critical,4,unambiguous,short,comma,nonfinal,6,9,amendments.,7.58981990814209
critical,4,unambiguous,long,object,nonfinal,10,0,After,9.379192352294922
critical,4,unambiguous,long,object,nonfinal,10,1,the,2.6995112895965576
critical,4,unambiguous,long,object,nonfinal,10,2,politician,24.66451072692871
critical,4,unambiguous,long,object,nonfinal,10,3,signed,12.322845458984377
critical,4,unambiguous,long,object,nonfinal,10,4,the,1.3068645000457764
critical,4,unambiguous,long,object,nonfinal,10,5,legislation,7.471312999725342
critical,4,unambiguous,long,object,nonfinal,10,6,the,8.064940452575684
critical,4,unambiguous,long,object,nonfinal,10,7,bill,4.719042778015137
critical,4,unambiguous,long,object,nonfinal,10,8,increasing,23.03800392150879
critical,4,unambiguous,long,object,nonfinal,10,9,taxes,6.543460845947266
critical,4,unambiguous,long,object,nonfinal,10,10,passed,6.693259239196777
critical,4,unambiguous,long,object,nonfinal,10,11,unanimously,7.12506103515625
critical,4,unambiguous,long,object,nonfinal,10,12,without,9.553771018981934
critical,4,unambiguous,long,object,nonfinal,10,13,amendments.,9.291749000549316
critical,4,unambiguous,short,object,nonfinal,8,0,After,9.379192352294922
critical,4,unambiguous,short,object,nonfinal,8,1,the,2.6995084285736084
critical,4,unambiguous,short,object,nonfinal,8,2,politician,24.66451072692871
critical,4,unambiguous,short,object,nonfinal,8,3,signed,12.322845458984377
critical,4,unambiguous,short,object,nonfinal,8,4,the,1.3068645000457764
critical,4,unambiguous,short,object,nonfinal,8,5,legislation,7.471312999725342
critical,4,unambiguous,short,object,nonfinal,8,6,the,8.064940452575684
critical,4,unambiguous,short,object,nonfinal,8,7,bill,4.719042778015137
critical,4,unambiguous,short,object,nonfinal,8,8,passed,4.8759541511535645
critical,4,unambiguous,short,object,nonfinal,8,9,unanimously,5.98241662979126
critical,4,unambiguous,short,object,nonfinal,8,10,without,9.073386192321776
critical,4,unambiguous,short,object,nonfinal,8,11,amendments.,8.5252845287323
critical,5,ambiguous,long,,final,9,0,While,11.370808601379396
critical,5,ambiguous,long,,final,9,1,the,1.8241167068481443
critical,5,ambiguous,long,,final,9,2,martial,23.42179107666016
critical,5,ambiguous,long,,final,9,3,artists,6.622307300567627
critical,5,ambiguous,long,,final,9,4,fought,9.60325527191162
critical,5,ambiguous,long,,final,9,5,the,5.109494209289551
critical,5,ambiguous,long,,final,9,6,spectator,18.02324485778809
critical,5,ambiguous,long,,final,9,7,watching,8.981854438781738
critical,5,ambiguous,long,,final,9,8,attentively,9.845378875732422
critical,5,ambiguous,long,,final,9,9,cheered.,18.998987913131717
critical,5,ambiguous,short,,final,7,0,While,11.370808601379396
critical,5,ambiguous,short,,final,7,1,the,1.8241167068481443
critical,5,ambiguous,short,,final,7,2,martial,23.42179107666016
critical,5,ambiguous,short,,final,7,3,artists,6.622307300567627
critical,5,ambiguous,short,,final,7,4,fought,9.60325527191162
critical,5,ambiguous,short,,final,7,5,the,5.109494209289551
critical,5,ambiguous,short,,final,7,6,spectator,18.02324485778809
critical,5,ambiguous,short,,final,7,7,cheered.,11.997414588928224
critical,5,unambiguous,long,comma,final,9,0,While,11.370808601379396
critical,5,unambiguous,long,comma,final,9,1,the,1.8241167068481443
critical,5,unambiguous,long,comma,final,9,2,martial,23.42179107666016
critical,5,unambiguous,long,comma,final,9,3,artists,6.622307300567627
critical,5,unambiguous,long,comma,final,9,4,"fought,",11.690329313278198
critical,5,unambiguous,long,comma,final,9,5,the,1.0574759244918823
critical,5,unambiguous,long,comma,final,9,6,spectator,10.674924850463867
critical,5,unambiguous,long,comma,final,9,7,watching,6.403459072113037
critical,5,unambiguous,long,comma,final,9,8,attentively,11.36553955078125
critical,5,unambiguous,long,comma,final,9,9,cheered.,11.443278312683104
critical,5,unambiguous,short,comma,final,7,0,While,11.370808601379396
critical,5,unambiguous,short,comma,final,7,1,the,1.8241167068481443
critical,5,unambiguous,short,comma,final,7,2,martial,23.42179107666016
critical,5,unambiguous,short,comma,final,7,3,artists,6.622307300567627
critical,5,unambiguous,short,comma,final,7,4,"fought,",11.690329313278198
critical,5,unambiguous,short,comma,final,7,5,the,1.0574759244918823
critical,5,unambiguous,short,comma,final,7,6,spectator,10.674924850463867
critical,5,unambiguous,short,comma,final,7,7,cheered.,8.46408498287201
critical,5,unambiguous,long,object,final,11,0,While,11.370808601379396
critical,5,unambiguous,long,object,final,11,1,the,1.8241167068481443
critical,5,unambiguous,long,object,final,11,2,martial,23.42179107666016
critical,5,unambiguous,long,object,final,11,3,artists,6.622307300567627
critical,5,unambiguous,long,object,final,11,4,fought,9.60325527191162
critical,5,unambiguous,long,object,final,11,5,each,4.540919780731201
critical,5,unambiguous,long,object,final,11,6,other,0.0151427285745739
critical,5,unambiguous,long,object,final,11,7,the,7.4490251541137695
critical,5,unambiguous,long,object,final,11,8,spectator,11.252996444702148
critical,5,unambiguous,long,object,final,11,9,watching,6.540469646453857
critical,5,unambiguous,long,object,final,11,10,attentively,9.97174835205078
critical,5,unambiguous,long,object,final,11,11,cheered.,12.34738278388977
critical,5,unambiguous,short,object,final,9,0,While,11.370808601379396
critical,5,unambiguous,short,object,final,9,1,the,1.8241167068481443
critical,5,unambiguous,short,object,final,9,2,martial,23.42179107666016
critical,5,unambiguous,short,object,final,9,3,artists,6.622307300567627
critical,5,unambiguous,short,object,final,9,4,fought,9.60325527191162
critical,5,unambiguous,short,object,final,9,5,each,4.540919780731201
critical,5,unambiguous,short,object,final,9,6,other,0.0151427285745739
critical,5,unambiguous,short,object,final,9,7,the,7.4490251541137695
critical,5,unambiguous,short,object,final,9,8,spectator,11.252996444702148
critical,5,unambiguous,short,object,final,9,9,cheered.,8.926973819732666
critical,5,ambiguous,long,,nonfinal,9,0,While,11.370808601379396
critical,5,ambiguous,long,,nonfinal,9,1,the,1.8241167068481443
critical,5,ambiguous,long,,nonfinal,9,2,martial,23.42179107666016
critical,5,ambiguous,long,,nonfinal,9,3,artists,6.622307300567627
critical,5,ambiguous,long,,nonfinal,9,4,fought,9.60325527191162
critical,5,ambiguous,long,,nonfinal,9,5,the,5.109494209289551
critical,5,ambiguous,long,,nonfinal,9,6,spectator,18.02324485778809
critical,5,ambiguous,long,,nonfinal,9,7,watching,8.981854438781738
critical,5,ambiguous,long,,nonfinal,9,8,attentively,9.845378875732422
critical,5,ambiguous,long,,nonfinal,9,9,cheered,15.136893272399902
critical,5,ambiguous,long,,nonfinal,9,10,for,3.342869281768799
critical,5,ambiguous,long,,nonfinal,9,11,the,1.7799323797225952
critical,5,ambiguous,long,,nonfinal,9,12,underdog.,13.1771057844162
critical,5,ambiguous,short,,nonfinal,7,0,While,11.370808601379396
critical,5,ambiguous,short,,nonfinal,7,1,the,1.8241167068481443
critical,5,ambiguous,short,,nonfinal,7,2,martial,23.42179107666016
critical,5,ambiguous,short,,nonfinal,7,3,artists,6.622307300567627
critical,5,ambiguous,short,,nonfinal,7,4,fought,9.60325527191162
critical,5,ambiguous,short,,nonfinal,7,5,the,5.109494209289551
critical,5,ambiguous,short,,nonfinal,7,6,spectator,18.02324485778809
critical,5,ambiguous,short,,nonfinal,7,7,cheered,10.009718894958496
critical,5,ambiguous,short,,nonfinal,7,8,for,4.988003253936768
critical,5,ambiguous,short,,nonfinal,7,9,the,1.4987999200820925
critical,5,ambiguous,short,,nonfinal,7,10,underdog.,11.569011211395264
critical,5,unambiguous,long,comma,nonfinal,9,0,While,11.370808601379396
critical,5,unambiguous,long,comma,nonfinal,9,1,the,1.8241167068481443
critical,5,unambiguous,long,comma,nonfinal,9,2,martial,23.42179107666016
critical,5,unambiguous,long,comma,nonfinal,9,3,artists,6.622307300567627
critical,5,unambiguous,long,comma,nonfinal,9,4,"fought,",11.690329313278198
critical,5,unambiguous,long,comma,nonfinal,9,5,the,1.0574759244918823
critical,5,unambiguous,long,comma,nonfinal,9,6,spectator,10.674924850463867
critical,5,unambiguous,long,comma,nonfinal,9,7,watching,6.403459072113037
critical,5,unambiguous,long,comma,nonfinal,9,8,attentively,11.36553955078125
critical,5,unambiguous,long,comma,nonfinal,9,9,cheered,8.744378089904785
critical,5,unambiguous,long,comma,nonfinal,9,10,for,4.070427417755127
critical,5,unambiguous,long,comma,nonfinal,9,11,the,2.136679410934448
critical,5,unambiguous,long,comma,nonfinal,9,12,underdog.,11.538241982460022
critical,5,unambiguous,short,comma,nonfinal,7,0,While,11.370808601379396
critical,5,unambiguous,short,comma,nonfinal,7,1,the,1.8241167068481443
critical,5,unambiguous,short,comma,nonfinal,7,2,martial,23.42179107666016
critical,5,unambiguous,short,comma,nonfinal,7,3,artists,6.622307300567627
critical,5,unambiguous,short,comma,nonfinal,7,4,"fought,",11.690329313278198
critical,5,unambiguous,short,comma,nonfinal,7,5,the,1.0574759244918823
critical,5,unambiguous,short,comma,nonfinal,7,6,spectator,10.674924850463867
critical,5,unambiguous,short,comma,nonfinal,7,7,cheered,6.526278018951416
critical,5,unambiguous,short,comma,nonfinal,7,8,for,5.424899578094482
critical,5,unambiguous,short,comma,nonfinal,7,9,the,1.8299036026000977
critical,5,unambiguous,short,comma,nonfinal,7,10,underdog.,10.618313074111938
critical,5,unambiguous,long,object,nonfinal,11,0,While,11.370808601379396
critical,5,unambiguous,long,object,nonfinal,11,1,the,1.8241167068481443
critical,5,unambiguous,long,object,nonfinal,11,2,martial,23.42179107666016
critical,5,unambiguous,long,object,nonfinal,11,3,artists,6.622307300567627
critical,5,unambiguous,long,object,nonfinal,11,4,fought,9.60325527191162
critical,5,unambiguous,long,object,nonfinal,11,5,each,4.540919780731201
critical,5,unambiguous,long,object,nonfinal,11,6,other,0.0151427285745739
critical,5,unambiguous,long,object,nonfinal,11,7,the,7.449022769927978
critical,5,unambiguous,long,object,nonfinal,11,8,spectator,11.252996444702148
critical,5,unambiguous,long,object,nonfinal,11,9,watching,6.540469646453857
critical,5,unambiguous,long,object,nonfinal,11,10,attentively,9.97174835205078
critical,5,unambiguous,long,object,nonfinal,11,11,cheered,8.79281234741211
critical,5,unambiguous,long,object,nonfinal,11,12,for,3.490425109863281
critical,5,unambiguous,long,object,nonfinal,11,13,the,2.078662157058716
critical,5,unambiguous,long,object,nonfinal,11,14,underdog.,11.721066117286682
critical,5,unambiguous,short,object,nonfinal,9,0,While,11.370808601379396
critical,5,unambiguous,short,object,nonfinal,9,1,the,1.8241167068481443
critical,5,unambiguous,short,object,nonfinal,9,2,martial,23.42179107666016
critical,5,unambiguous,short,object,nonfinal,9,3,artists,6.622307300567627
critical,5,unambiguous,short,object,nonfinal,9,4,fought,9.60325527191162
critical,5,unambiguous,short,object,nonfinal,9,5,each,4.540919780731201
critical,5,unambiguous,short,object,nonfinal,9,6,other,0.0151427285745739
critical,5,unambiguous,short,object,nonfinal,9,7,the,7.449022769927978
critical,5,unambiguous,short,object,nonfinal,9,8,spectator,11.252996444702148
critical,5,unambiguous,short,object,nonfinal,9,9,cheered,6.300642013549805
critical,5,unambiguous,short,object,nonfinal,9,10,for,4.5192389488220215
critical,5,unambiguous,short,object,nonfinal,9,11,the,1.5876200199127195
critical,5,unambiguous,short,object,nonfinal,9,12,underdog.,10.53769063949585
critical,6,ambiguous,long,,final,9,0,After,9.379192352294922
critical,6,ambiguous,long,,final,9,1,the,2.6995084285736084
critical,6,ambiguous,long,,final,9,2,customer,16.43058204650879
critical,6,ambiguous,long,,final,9,3,emailed,13.543036460876465
critical,6,ambiguous,long,,final,9,4,the,3.751800060272217
critical,6,ambiguous,long,,final,9,5,company,3.901892900466919
critical,6,ambiguous,long,,final,9,6,providing,10.428147315979004
critical,6,ambiguous,long,,final,9,7,phone,12.541888236999512
critical,6,ambiguous,long,,final,9,8,service,3.1907432079315186
critical,6,ambiguous,long,,final,9,9,replied.,24.4207181930542
critical,6,ambiguous,short,,final,6,0,After,9.379192352294922
critical,6,ambiguous,short,,final,6,1,the,2.6995084285736084
critical,6,ambiguous,short,,final,6,2,customer,16.43058204650879
critical,6,ambiguous,short,,final,6,3,emailed,13.543036460876465
critical,6,ambiguous,short,,final,6,4,the,3.751800060272217
critical,6,ambiguous,short,,final,6,5,company,3.901892900466919
critical,6,ambiguous,short,,final,6,6,replied.,26.178164958953857
critical,6,unambiguous,long,comma,final,9,0,After,9.379192352294922
critical,6,unambiguous,long,comma,final,9,1,the,2.6995084285736084
critical,6,unambiguous,long,comma,final,9,2,customer,16.43058204650879
critical,6,unambiguous,long,comma,final,9,3,"emailed,",18.65666389465332
critical,6,unambiguous,long,comma,final,9,4,the,3.696493148803711
critical,6,unambiguous,long,comma,final,9,5,company,5.771656513214111
critical,6,unambiguous,long,comma,final,9,6,providing,15.546272277832031
critical,6,unambiguous,long,comma,final,9,7,phone,10.842623710632324
critical,6,unambiguous,long,comma,final,9,8,service,2.8372485637664795
critical,6,unambiguous,long,comma,final,9,9,replied.,9.160805702209473
critical,6,unambiguous,short,comma,final,6,0,After,9.379192352294922
critical,6,unambiguous,short,comma,final,6,1,the,2.6995084285736084
critical,6,unambiguous,short,comma,final,6,2,customer,16.43058204650879
critical,6,unambiguous,short,comma,final,6,3,"emailed,",18.65666389465332
critical,6,unambiguous,short,comma,final,6,4,the,3.696493148803711
critical,6,unambiguous,short,comma,final,6,5,company,5.771656513214111
critical,6,unambiguous,short,comma,final,6,6,replied.,8.72977328300476
critical,6,unambiguous,long,object,final,12,0,After,9.379192352294922
critical,6,unambiguous,long,object,final,12,1,the,2.6995084285736084
critical,6,unambiguous,long,object,final,12,2,customer,16.43058204650879
critical,6,unambiguous,long,object,final,12,3,emailed,13.543036460876465
critical,6,unambiguous,long,object,final,12,4,the,3.751800060272217
critical,6,unambiguous,long,object,final,12,5,help,11.096975326538086
critical,6,unambiguous,long,object,final,12,6,desk,1.566891312599182
critical,6,unambiguous,long,object,final,12,7,the,5.492988109588623
critical,6,unambiguous,long,object,final,12,8,company,6.392637729644775
critical,6,unambiguous,long,object,final,12,9,providing,13.34274959564209
critical,6,unambiguous,long,object,final,12,10,phone,9.344316482543944
critical,6,unambiguous,long,object,final,12,11,service,3.6393096446990967
critical,6,unambiguous,long,object,final,12,12,replied.,12.403983116149902
critical,6,unambiguous,short,object,final,9,0,After,9.379192352294922
critical,6,unambiguous,short,object,final,9,1,the,2.6995084285736084
critical,6,unambiguous,short,object,final,9,2,customer,16.43058204650879
critical,6,unambiguous,short,object,final,9,3,emailed,13.543036460876465
critical,6,unambiguous,short,object,final,9,4,the,3.751800060272217
critical,6,unambiguous,short,object,final,9,5,help,11.096975326538086
critical,6,unambiguous,short,object,final,9,6,desk,1.566891312599182
critical,6,unambiguous,short,object,final,9,7,the,5.492988109588623
critical,6,unambiguous,short,object,final,9,8,company,6.392637729644775
critical,6,unambiguous,short,object,final,9,9,replied.,11.12255859375
critical,6,ambiguous,long,,nonfinal,9,0,After,9.379192352294922
critical,6,ambiguous,long,,nonfinal,9,1,the,2.6995112895965576
critical,6,ambiguous,long,,nonfinal,9,2,customer,16.43058204650879
critical,6,ambiguous,long,,nonfinal,9,3,emailed,13.543036460876465
critical,6,ambiguous,long,,nonfinal,9,4,the,3.751800060272217
critical,6,ambiguous,long,,nonfinal,9,5,company,3.901892900466919
critical,6,ambiguous,long,,nonfinal,9,6,providing,10.428147315979004
critical,6,ambiguous,long,,nonfinal,9,7,phone,12.541888236999512
critical,6,ambiguous,long,,nonfinal,9,8,service,3.1907432079315186
critical,6,ambiguous,long,,nonfinal,9,9,replied,17.951396942138672
critical,6,ambiguous,long,,nonfinal,9,10,within,7.1601881980896
critical,6,ambiguous,long,,nonfinal,9,11,a,2.7846109867095947
critical,6,ambiguous,long,,nonfinal,9,12,few,1.1007797718048096
critical,6,ambiguous,long,,nonfinal,9,13,hours.,3.662399411201477
critical,6,ambiguous,short,,nonfinal,6,0,After,9.379192352294922
critical,6,ambiguous,short,,nonfinal,6,1,the,2.6995084285736084
critical,6,ambiguous,short,,nonfinal,6,2,customer,16.43058204650879
critical,6,ambiguous,short,,nonfinal,6,3,emailed,13.543036460876465
critical,6,ambiguous,short,,nonfinal,6,4,the,3.751800060272217
critical,6,ambiguous,short,,nonfinal,6,5,company,3.901892900466919
critical,6,ambiguous,short,,nonfinal,6,6,replied,19.57781219482422
critical,6,ambiguous,short,,nonfinal,6,7,within,4.097867488861084
critical,6,ambiguous,short,,nonfinal,6,8,a,2.6305172443389893
critical,6,ambiguous,short,,nonfinal,6,9,few,1.25536048412323
critical,6,ambiguous,short,,nonfinal,6,10,hours.,2.901506781578064
critical,6,unambiguous,long,comma,nonfinal,9,0,After,9.379192352294922
critical,6,unambiguous,long,comma,nonfinal,9,1,the,2.6995084285736084
critical,6,unambiguous,long,comma,nonfinal,9,2,customer,16.43058204650879
critical,6,unambiguous,long,comma,nonfinal,9,3,"emailed,",18.65666389465332
critical,6,unambiguous,long,comma,nonfinal,9,4,the,3.696493148803711
critical,6,unambiguous,long,comma,nonfinal,9,5,company,5.771656513214111
critical,6,unambiguous,long,comma,nonfinal,9,6,providing,15.546272277832031
critical,6,unambiguous,long,comma,nonfinal,9,7,phone,10.842623710632324
critical,6,unambiguous,long,comma,nonfinal,9,8,service,2.8372485637664795
critical,6,unambiguous,long,comma,nonfinal,9,9,replied,5.226241588592529
critical,6,unambiguous,long,comma,nonfinal,9,10,within,5.548370838165283
critical,6,unambiguous,long,comma,nonfinal,9,11,a,2.856254816055298
critical,6,unambiguous,long,comma,nonfinal,9,12,few,0.9102009534835817
critical,6,unambiguous,long,comma,nonfinal,9,13,hours.,2.4652048349380493
critical,6,unambiguous,short,comma,nonfinal,6,0,After,9.379192352294922
critical,6,unambiguous,short,comma,nonfinal,6,1,the,2.6995084285736084
critical,6,unambiguous,short,comma,nonfinal,6,2,customer,16.43058204650879
critical,6,unambiguous,short,comma,nonfinal,6,3,"emailed,",18.65666389465332
critical,6,unambiguous,short,comma,nonfinal,6,4,the,3.696493148803711
critical,6,unambiguous,short,comma,nonfinal,6,5,company,5.771656513214111
critical,6,unambiguous,short,comma,nonfinal,6,6,replied,3.866103887557984
critical,6,unambiguous,short,comma,nonfinal,6,7,within,3.524309635162353
critical,6,unambiguous,short,comma,nonfinal,6,8,a,2.850074529647827
critical,6,unambiguous,short,comma,nonfinal,6,9,few,0.9906750917434692
critical,6,unambiguous,short,comma,nonfinal,6,10,hours.,2.213579058647156
critical,6,unambiguous,long,object,nonfinal,12,0,After,9.379192352294922
critical,6,unambiguous,long,object,nonfinal,12,1,the,2.6995112895965576
critical,6,unambiguous,long,object,nonfinal,12,2,customer,16.43058204650879
critical,6,unambiguous,long,object,nonfinal,12,3,emailed,13.543036460876465
critical,6,unambiguous,long,object,nonfinal,12,4,the,3.751800060272217
critical,6,unambiguous,long,object,nonfinal,12,5,help,11.096975326538086
critical,6,unambiguous,long,object,nonfinal,12,6,desk,1.566891312599182
critical,6,unambiguous,long,object,nonfinal,12,7,the,5.492988109588623
critical,6,unambiguous,long,object,nonfinal,12,8,company,6.392637729644775
critical,6,unambiguous,long,object,nonfinal,12,9,providing,13.34274959564209
critical,6,unambiguous,long,object,nonfinal,12,10,phone,9.344316482543944
critical,6,unambiguous,long,object,nonfinal,12,11,service,3.6393096446990967
critical,6,unambiguous,long,object,nonfinal,12,12,replied,7.073910713195801
critical,6,unambiguous,long,object,nonfinal,12,13,within,7.874502182006836
critical,6,unambiguous,long,object,nonfinal,12,14,a,2.7258753776550293
critical,6,unambiguous,long,object,nonfinal,12,15,few,0.983823299407959
critical,6,unambiguous,long,object,nonfinal,12,16,hours.,3.1701163053512573
critical,6,unambiguous,short,object,nonfinal,9,0,After,9.379192352294922
critical,6,unambiguous,short,object,nonfinal,9,1,the,2.6995112895965576
critical,6,unambiguous,short,object,nonfinal,9,2,customer,16.43058204650879
critical,6,unambiguous,short,object,nonfinal,9,3,emailed,13.543036460876465
critical,6,unambiguous,short,object,nonfinal,9,4,the,3.751800060272217
critical,6,unambiguous,short,object,nonfinal,9,5,help,11.096975326538086
critical,6,unambiguous,short,object,nonfinal,9,6,desk,1.566888451576233
critical,6,unambiguous,short,object,nonfinal,9,7,the,5.492988109588623
critical,6,unambiguous,short,object,nonfinal,9,8,company,6.392637729644775
critical,6,unambiguous,short,object,nonfinal,9,9,replied,5.373309135437012
critical,6,unambiguous,short,object,nonfinal,9,10,within,6.497504234313965
critical,6,unambiguous,short,object,nonfinal,9,11,a,2.6824231147766118
critical,6,unambiguous,short,object,nonfinal,9,12,few,1.0835044384002686
critical,6,unambiguous,short,object,nonfinal,9,13,hours.,2.725564479827881
critical,7,ambiguous,long,,final,8,0,As,7.890280723571777
critical,7,ambiguous,long,,final,8,1,the,2.4022233486175537
critical,7,ambiguous,long,,final,8,2,child,12.756030082702637
critical,7,ambiguous,long,,final,8,3,showered,25.5861759185791
critical,7,ambiguous,long,,final,8,4,the,4.946666717529297
critical,7,ambiguous,long,,final,8,5,cat,9.97213363647461
critical,7,ambiguous,long,,final,8,6,complaining,21.29277229309082
critical,7,ambiguous,long,,final,8,7,loudly,6.645033836364746
critical,7,ambiguous,long,,final,8,8,ran.,24.65693426132202
critical,7,ambiguous,short,,final,6,0,As,7.890280723571777
critical,7,ambiguous,short,,final,6,1,the,2.4022233486175537
critical,7,ambiguous,short,,final,6,2,child,12.756030082702637
critical,7,ambiguous,short,,final,6,3,showered,25.5861759185791
critical,7,ambiguous,short,,final,6,4,the,4.946666717529297
critical,7,ambiguous,short,,final,6,5,cat,9.97213363647461
critical,7,ambiguous,short,,final,6,6,ran.,17.972519397735596
critical,7,unambiguous,long,comma,final,8,0,As,7.890280723571777
critical,7,unambiguous,long,comma,final,8,1,the,2.4022233486175537
critical,7,unambiguous,long,comma,final,8,2,child,12.756030082702637
critical,7,unambiguous,long,comma,final,8,3,"showered,",28.07955288887024
critical,7,unambiguous,long,comma,final,8,4,the,2.72147536277771
critical,7,unambiguous,long,comma,final,8,5,cat,10.70815658569336
critical,7,unambiguous,long,comma,final,8,6,complaining,22.237293243408203
critical,7,unambiguous,long,comma,final,8,7,loudly,5.518648147583008
critical,7,unambiguous,long,comma,final,8,8,ran.,19.58381175994873
critical,7,unambiguous,short,comma,final,6,0,As,7.890280723571777
critical,7,unambiguous,short,comma,final,6,1,the,2.4022233486175537
critical,7,unambiguous,short,comma,final,6,2,child,12.756030082702637
critical,7,unambiguous,short,comma,final,6,3,"showered,",28.07955288887024
critical,7,unambiguous,short,comma,final,6,4,the,2.72147536277771
critical,7,unambiguous,short,comma,final,6,5,cat,10.70815658569336
critical,7,unambiguous,short,comma,final,6,6,ran.,13.11735200881958
critical,7,unambiguous,long,object,final,9,0,As,7.890280723571777
critical,7,unambiguous,long,object,final,9,1,the,2.4022233486175537
critical,7,unambiguous,long,object,final,9,2,child,12.756030082702637
critical,7,unambiguous,long,object,final,9,3,showered,25.5861759185791
critical,7,unambiguous,long,object,final,9,4,herself,8.529054641723633
critical,7,unambiguous,long,object,final,9,5,the,9.55533504486084
critical,7,unambiguous,long,object,final,9,6,cat,10.528223037719728
critical,7,unambiguous,long,object,final,9,7,complaining,21.72059440612793
critical,7,unambiguous,long,object,final,9,8,loudly,4.453665256500244
critical,7,unambiguous,long,object,final,9,9,ran.,20.135440826416016
critical,7,unambiguous,short,object,final,7,0,As,7.890280723571777
critical,7,unambiguous,short,object,final,7,1,the,2.4022233486175537
critical,7,unambiguous,short,object,final,7,2,child,12.756030082702637
critical,7,unambiguous,short,object,final,7,3,showered,25.5861759185791
critical,7,unambiguous,short,object,final,7,4,herself,8.529054641723633
critical,7,unambiguous,short,object,final,7,5,the,9.55533504486084
critical,7,unambiguous,short,object,final,7,6,cat,10.528223037719728
critical,7,unambiguous,short,object,final,7,7,ran.,13.79170274734497
critical,7,ambiguous,long,,nonfinal,8,0,As,7.890280723571777
critical,7,ambiguous,long,,nonfinal,8,1,the,2.4022233486175537
critical,7,ambiguous,long,,nonfinal,8,2,child,12.756030082702637
critical,7,ambiguous,long,,nonfinal,8,3,showered,25.5861759185791
critical,7,ambiguous,long,,nonfinal,8,4,the,4.946666717529297
critical,7,ambiguous,long,,nonfinal,8,5,cat,9.97213363647461
critical,7,ambiguous,long,,nonfinal,8,6,complaining,21.29277229309082
critical,7,ambiguous,long,,nonfinal,8,7,loudly,6.645033836364746
critical,7,ambiguous,long,,nonfinal,8,8,ran,18.90431404113769
critical,7,ambiguous,long,,nonfinal,8,9,around,6.124935150146484
critical,7,ambiguous,long,,nonfinal,8,10,the,0.8818802237510681
critical,7,ambiguous,long,,nonfinal,8,11,bathroom.,9.671971082687378
critical,7,ambiguous,short,,nonfinal,6,0,As,7.890280723571777
critical,7,ambiguous,short,,nonfinal,6,1,the,2.4022233486175537
critical,7,ambiguous,short,,nonfinal,6,2,child,12.756030082702637
critical,7,ambiguous,short,,nonfinal,6,3,showered,25.5861759185791
critical,7,ambiguous,short,,nonfinal,6,4,the,4.946666717529297
critical,7,ambiguous,short,,nonfinal,6,5,cat,9.97213363647461
critical,7,ambiguous,short,,nonfinal,6,6,ran,11.406707763671877
critical,7,ambiguous,short,,nonfinal,6,7,around,5.109567165374756
critical,7,ambiguous,short,,nonfinal,6,8,the,0.9789995551109314
critical,7,ambiguous,short,,nonfinal,6,9,bathroom.,9.8487389087677
critical,7,unambiguous,long,comma,nonfinal,8,0,As,7.890280723571777
critical,7,unambiguous,long,comma,nonfinal,8,1,the,2.4022233486175537
critical,7,unambiguous,long,comma,nonfinal,8,2,child,12.756030082702637
critical,7,unambiguous,long,comma,nonfinal,8,3,"showered,",28.07955288887024
critical,7,unambiguous,long,comma,nonfinal,8,4,the,2.72147536277771
critical,7,unambiguous,long,comma,nonfinal,8,5,cat,10.70815658569336
critical,7,unambiguous,long,comma,nonfinal,8,6,complaining,22.237293243408203
critical,7,unambiguous,long,comma,nonfinal,8,7,loudly,5.518648147583008
critical,7,unambiguous,long,comma,nonfinal,8,8,ran,10.755715370178224
critical,7,unambiguous,long,comma,nonfinal,8,9,around,3.937819242477417
critical,7,unambiguous,long,comma,nonfinal,8,10,the,0.9138360023498536
critical,7,unambiguous,long,comma,nonfinal,8,11,bathroom.,6.952325463294983
critical,7,unambiguous,short,comma,nonfinal,6,0,As,7.890280723571777
critical,7,unambiguous,short,comma,nonfinal,6,1,the,2.4022233486175537
critical,7,unambiguous,short,comma,nonfinal,6,2,child,12.756030082702637
critical,7,unambiguous,short,comma,nonfinal,6,3,"showered,",28.07955288887024
critical,7,unambiguous,short,comma,nonfinal,6,4,the,2.72147536277771
critical,7,unambiguous,short,comma,nonfinal,6,5,cat,10.70815658569336
critical,7,unambiguous,short,comma,nonfinal,6,6,ran,5.26191520690918
critical,7,unambiguous,short,comma,nonfinal,6,7,around,3.7837119102478023
critical,7,unambiguous,short,comma,nonfinal,6,8,the,1.282239317893982
critical,7,unambiguous,short,comma,nonfinal,6,9,bathroom.,7.312077760696411
critical,7,unambiguous,long,object,nonfinal,9,0,As,7.890280723571777
critical,7,unambiguous,long,object,nonfinal,9,1,the,2.4022233486175537
critical,7,unambiguous,long,object,nonfinal,9,2,child,12.756030082702637
critical,7,unambiguous,long,object,nonfinal,9,3,showered,25.5861759185791
critical,7,unambiguous,long,object,nonfinal,9,4,herself,8.529054641723633
critical,7,unambiguous,long,object,nonfinal,9,5,the,9.55533504486084
critical,7,unambiguous,long,object,nonfinal,9,6,cat,10.528223037719728
critical,7,unambiguous,long,object,nonfinal,9,7,complaining,21.72059440612793
critical,7,unambiguous,long,object,nonfinal,9,8,loudly,4.453665256500244
critical,7,unambiguous,long,object,nonfinal,9,9,ran,10.858125686645508
critical,7,unambiguous,long,object,nonfinal,9,10,around,4.708186149597168
critical,7,unambiguous,long,object,nonfinal,9,11,the,0.9292786717414856
critical,7,unambiguous,long,object,nonfinal,9,12,bathroom.,7.78455662727356
critical,7,unambiguous,short,object,nonfinal,7,0,As,7.890280723571777
critical,7,unambiguous,short,object,nonfinal,7,1,the,2.4022233486175537
critical,7,unambiguous,short,object,nonfinal,7,2,child,12.756030082702637
critical,7,unambiguous,short,object,nonfinal,7,3,showered,25.5861759185791
critical,7,unambiguous,short,object,nonfinal,7,4,herself,8.529054641723633
critical,7,unambiguous,short,object,nonfinal,7,5,the,9.55533504486084
critical,7,unambiguous,short,object,nonfinal,7,6,cat,10.528223037719728
critical,7,unambiguous,short,object,nonfinal,7,7,ran,4.985703945159912
critical,7,unambiguous,short,object,nonfinal,7,8,around,5.35064697265625
critical,7,unambiguous,short,object,nonfinal,7,9,the,1.4286502599716189
critical,7,unambiguous,short,object,nonfinal,7,10,bathroom.,8.236002683639526
critical,8,ambiguous,long,,final,9,0,Because,15.916192054748535
critical,8,ambiguous,long,,final,9,1,the,2.867256164550781
critical,8,ambiguous,long,,final,9,2,majorette,35.17376947402954
critical,8,ambiguous,long,,final,9,3,spun,16.85895347595215
critical,8,ambiguous,long,,final,9,4,the,2.886298179626465
critical,8,ambiguous,long,,final,9,5,baton,4.12687349319458
critical,8,ambiguous,long,,final,9,6,made,14.133514404296877
critical,8,ambiguous,long,,final,9,7,of,0.7742108702659607
critical,8,ambiguous,long,,final,9,8,steel,5.828701019287109
critical,8,ambiguous,long,,final,9,9,flew.,23.612287998199463
critical,8,ambiguous,short,,final,6,0,Because,15.916192054748535
critical,8,ambiguous,short,,final,6,1,the,2.867256164550781
critical,8,ambiguous,short,,final,6,2,majorette,35.17376947402954
critical,8,ambiguous,short,,final,6,3,spun,16.85895347595215
critical,8,ambiguous,short,,final,6,4,the,2.886298179626465
critical,8,ambiguous,short,,final,6,5,baton,4.12687349319458
critical,8,ambiguous,short,,final,6,6,flew.,22.453063011169437
critical,8,unambiguous,long,comma,final,9,0,Because,15.916192054748535
critical,8,unambiguous,long,comma,final,9,1,the,2.867256164550781
critical,8,unambiguous,long,comma,final,9,2,majorette,35.17376947402954
critical,8,unambiguous,long,comma,final,9,3,"spun,",21.51427745819092
critical,8,unambiguous,long,comma,final,9,4,the,1.9482579231262207
critical,8,unambiguous,long,comma,final,9,5,baton,5.42100191116333
critical,8,unambiguous,long,comma,final,9,6,made,7.672339916229248
critical,8,unambiguous,long,comma,final,9,7,of,10.33872413635254
critical,8,unambiguous,long,comma,final,9,8,steel,5.177443981170654
critical,8,unambiguous,long,comma,final,9,9,flew.,8.429843664169312
critical,8,unambiguous,short,comma,final,6,0,Because,15.916192054748535
critical,8,unambiguous,short,comma,final,6,1,the,2.867256164550781
critical,8,unambiguous,short,comma,final,6,2,majorette,35.17376947402954
critical,8,unambiguous,short,comma,final,6,3,"spun,",21.51427745819092
critical,8,unambiguous,short,comma,final,6,4,the,1.9482579231262207
critical,8,unambiguous,short,comma,final,6,5,baton,5.42100191116333
critical,8,unambiguous,short,comma,final,6,6,flew.,6.57430911064148
critical,8,unambiguous,long,object,final,10,0,Because,15.916192054748535
critical,8,unambiguous,long,object,final,10,1,the,2.867256164550781
critical,8,unambiguous,long,object,final,10,2,majorette,35.17376947402954
critical,8,unambiguous,long,object,final,10,3,spun,16.85895347595215
critical,8,unambiguous,long,object,final,10,4,herself,6.258251667022705
critical,8,unambiguous,long,object,final,10,5,the,8.188849449157715
critical,8,unambiguous,long,object,final,10,6,baton,8.773571014404297
critical,8,unambiguous,long,object,final,10,7,made,9.042814254760742
critical,8,unambiguous,long,object,final,10,8,of,1.448137879371643
critical,8,unambiguous,long,object,final,10,9,steel,5.650931358337402
critical,8,unambiguous,long,object,final,10,10,flew.,15.591679096221924
critical,8,unambiguous,short,object,final,7,0,Because,15.916192054748535
critical,8,unambiguous,short,object,final,7,1,the,2.867256164550781
critical,8,unambiguous,short,object,final,7,2,majorette,35.17376947402954
critical,8,unambiguous,short,object,final,7,3,spun,16.85895347595215
critical,8,unambiguous,short,object,final,7,4,herself,6.258251667022705
critical,8,unambiguous,short,object,final,7,5,the,8.188849449157715
critical,8,unambiguous,short,object,final,7,6,baton,8.773571014404297
critical,8,unambiguous,short,object,final,7,7,flew.,14.078681468963625
critical,8,ambiguous,long,,nonfinal,9,0,Because,15.916192054748535
critical,8,ambiguous,long,,nonfinal,9,1,the,2.867256164550781
critical,8,ambiguous,long,,nonfinal,9,2,majorette,35.17376947402954
critical,8,ambiguous,long,,nonfinal,9,3,spun,16.85895347595215
critical,8,ambiguous,long,,nonfinal,9,4,the,2.886298179626465
critical,8,ambiguous,long,,nonfinal,9,5,baton,4.12687349319458
critical,8,ambiguous,long,,nonfinal,9,6,made,14.133514404296877
critical,8,ambiguous,long,,nonfinal,9,7,of,0.7742108702659607
critical,8,ambiguous,long,,nonfinal,9,8,steel,5.828701019287109
critical,8,ambiguous,long,,nonfinal,9,9,flew,18.163715362548828
critical,8,ambiguous,long,,nonfinal,9,10,from,4.544516086578369
critical,8,ambiguous,long,,nonfinal,9,11,her,1.5706363916397097
critical,8,ambiguous,long,,nonfinal,9,12,hands.,5.059790015220642
critical,8,ambiguous,short,,nonfinal,6,0,Because,15.916192054748535
critical,8,ambiguous,short,,nonfinal,6,1,the,2.867256164550781
critical,8,ambiguous,short,,nonfinal,6,2,majorette,35.17376947402954
critical,8,ambiguous,short,,nonfinal,6,3,spun,16.85895347595215
critical,8,ambiguous,short,,nonfinal,6,4,the,2.886298179626465
critical,8,ambiguous,short,,nonfinal,6,5,baton,4.12687349319458
critical,8,ambiguous,short,,nonfinal,6,6,flew,17.464271545410156
critical,8,ambiguous,short,,nonfinal,6,7,from,4.765113830566406
critical,8,ambiguous,short,,nonfinal,6,8,her,1.137487769126892
critical,8,ambiguous,short,,nonfinal,6,9,hands.,5.56303334236145
critical,8,unambiguous,long,comma,nonfinal,9,0,Because,15.916192054748535
critical,8,unambiguous,long,comma,nonfinal,9,1,the,2.867256164550781
critical,8,unambiguous,long,comma,nonfinal,9,2,majorette,35.17376947402954
critical,8,unambiguous,long,comma,nonfinal,9,3,"spun,",21.51427745819092
critical,8,unambiguous,long,comma,nonfinal,9,4,the,1.9482579231262207
critical,8,unambiguous,long,comma,nonfinal,9,5,baton,5.42100191116333
critical,8,unambiguous,long,comma,nonfinal,9,6,made,7.672339916229248
critical,8,unambiguous,long,comma,nonfinal,9,7,of,10.33872413635254
critical,8,unambiguous,long,comma,nonfinal,9,8,steel,5.177443981170654
critical,8,unambiguous,long,comma,nonfinal,9,9,flew,3.9205191135406494
critical,8,unambiguous,long,comma,nonfinal,9,10,from,4.370288372039795
critical,8,unambiguous,long,comma,nonfinal,9,11,her,0.6194236874580383
critical,8,unambiguous,long,comma,nonfinal,9,12,hands.,3.978291749954224
critical,8,unambiguous,short,comma,nonfinal,6,0,Because,15.916192054748535
critical,8,unambiguous,short,comma,nonfinal,6,1,the,2.867256164550781
critical,8,unambiguous,short,comma,nonfinal,6,2,majorette,35.17376947402954
critical,8,unambiguous,short,comma,nonfinal,6,3,"spun,",21.51427745819092
critical,8,unambiguous,short,comma,nonfinal,6,4,the,1.9482579231262207
critical,8,unambiguous,short,comma,nonfinal,6,5,baton,5.42100191116333
critical,8,unambiguous,short,comma,nonfinal,6,6,flew,3.2841131687164307
critical,8,unambiguous,short,comma,nonfinal,6,7,from,4.332151889801025
critical,8,unambiguous,short,comma,nonfinal,6,8,her,0.6417484283447266
critical,8,unambiguous,short,comma,nonfinal,6,9,hands.,4.731693983078003
critical,8,unambiguous,long,object,nonfinal,10,0,Because,15.916192054748535
critical,8,unambiguous,long,object,nonfinal,10,1,the,2.867256164550781
critical,8,unambiguous,long,object,nonfinal,10,2,majorette,35.17376947402954
critical,8,unambiguous,long,object,nonfinal,10,3,spun,16.85895347595215
critical,8,unambiguous,long,object,nonfinal,10,4,herself,6.258251667022705
critical,8,unambiguous,long,object,nonfinal,10,5,the,8.188849449157715
critical,8,unambiguous,long,object,nonfinal,10,6,baton,8.773571014404297
critical,8,unambiguous,long,object,nonfinal,10,7,made,9.042814254760742
critical,8,unambiguous,long,object,nonfinal,10,8,of,1.448137879371643
critical,8,unambiguous,long,object,nonfinal,10,9,steel,5.650931358337402
critical,8,unambiguous,long,object,nonfinal,10,10,flew,10.022562980651855
critical,8,unambiguous,long,object,nonfinal,10,11,from,4.59989070892334
critical,8,unambiguous,long,object,nonfinal,10,12,her,0.5667750239372253
critical,8,unambiguous,long,object,nonfinal,10,13,hands.,4.657978057861328
critical,8,unambiguous,short,object,nonfinal,7,0,Because,15.916192054748535
critical,8,unambiguous,short,object,nonfinal,7,1,the,2.867256164550781
critical,8,unambiguous,short,object,nonfinal,7,2,majorette,35.17376947402954
critical,8,unambiguous,short,object,nonfinal,7,3,spun,16.85895347595215
critical,8,unambiguous,short,object,nonfinal,7,4,herself,6.258251667022705
critical,8,unambiguous,short,object,nonfinal,7,5,the,8.188849449157715
critical,8,unambiguous,short,object,nonfinal,7,6,baton,8.773571014404297
critical,8,unambiguous,short,object,nonfinal,7,7,flew,8.298556327819824
critical,8,unambiguous,short,object,nonfinal,7,8,from,4.006136417388916
critical,8,unambiguous,short,object,nonfinal,7,9,her,0.3869224488735199
critical,8,unambiguous,short,object,nonfinal,7,10,hands.,5.324580073356628
critical,9,ambiguous,long,,final,9,0,After,9.379192352294922
critical,9,ambiguous,long,,final,9,1,the,2.6995084285736084
critical,9,ambiguous,long,,final,9,2,teacher,18.549488067626957
critical,9,ambiguous,long,,final,9,3,finished,5.573526859283447
critical,9,ambiguous,long,,final,9,4,grading,9.589580535888672
critical,9,ambiguous,long,,final,9,5,the,1.0211586952209473
critical,9,ambiguous,long,,final,9,6,students,3.1076302528381348
critical,9,ambiguous,long,,final,9,7,studying,16.87456703186035
critical,9,ambiguous,long,,final,9,8,engineering,14.973176956176758
critical,9,ambiguous,long,,final,9,9,passed.,20.802279472351078
critical,9,ambiguous,short,,final,7,0,After,9.379192352294922
critical,9,ambiguous,short,,final,7,1,the,2.6995084285736084
critical,9,ambiguous,short,,final,7,2,teacher,18.549488067626957
critical,9,ambiguous,short,,final,7,3,finished,5.573526859283447
critical,9,ambiguous,short,,final,7,4,grading,9.589580535888672
critical,9,ambiguous,short,,final,7,5,the,1.0211586952209473
critical,9,ambiguous,short,,final,7,6,students,3.1076302528381348
critical,9,ambiguous,short,,final,7,7,passed.,22.48906517028809
critical,9,unambiguous,long,comma,final,9,0,After,9.379192352294922
critical,9,unambiguous,long,comma,final,9,1,the,2.6995084285736084
critical,9,unambiguous,long,comma,final,9,2,teacher,18.549488067626957
critical,9,unambiguous,long,comma,final,9,3,finished,5.573526859283447
critical,9,unambiguous,long,comma,final,9,4,"grading,",13.223227262496948
critical,9,unambiguous,long,comma,final,9,5,the,2.812994956970215
critical,9,unambiguous,long,comma,final,9,6,students,1.358451008796692
critical,9,unambiguous,long,comma,final,9,7,studying,17.171703338623047
critical,9,unambiguous,long,comma,final,9,8,engineering,14.206079483032228
critical,9,unambiguous,long,comma,final,9,9,passed.,17.205276012420654
critical,9,unambiguous,short,comma,final,7,0,After,9.379192352294922
critical,9,unambiguous,short,comma,final,7,1,the,2.6995084285736084
critical,9,unambiguous,short,comma,final,7,2,teacher,18.549488067626957
critical,9,unambiguous,short,comma,final,7,3,finished,5.573526859283447
critical,9,unambiguous,short,comma,final,7,4,"grading,",13.223227262496948
critical,9,unambiguous,short,comma,final,7,5,the,2.812994956970215
critical,9,unambiguous,short,comma,final,7,6,students,1.358451008796692
critical,9,unambiguous,short,comma,final,7,7,passed.,18.937865257263184
critical,9,unambiguous,long,object,final,11,0,After,9.379192352294922
critical,9,unambiguous,long,object,final,11,1,the,2.6995084285736084
critical,9,unambiguous,long,object,final,11,2,teacher,18.549488067626957
critical,9,unambiguous,long,object,final,11,3,finished,5.573526859283447
critical,9,unambiguous,long,object,final,11,4,grading,9.589580535888672
critical,9,unambiguous,long,object,final,11,5,the,1.0211586952209473
critical,9,unambiguous,long,object,final,11,6,final,4.766946315765381
critical,9,unambiguous,long,object,final,11,7,the,13.173470497131348
critical,9,unambiguous,long,object,final,11,8,students,1.4114960432052612
critical,9,unambiguous,long,object,final,11,9,studying,18.318477630615234
critical,9,unambiguous,long,object,final,11,10,engineering,13.067497253417969
critical,9,unambiguous,long,object,final,11,11,passed.,17.21964406967163
critical,9,unambiguous,short,object,final,9,0,After,9.379192352294922
critical,9,unambiguous,short,object,final,9,1,the,2.6995084285736084
critical,9,unambiguous,short,object,final,9,2,teacher,18.549488067626957
critical,9,unambiguous,short,object,final,9,3,finished,5.573526859283447
critical,9,unambiguous,short,object,final,9,4,grading,9.589580535888672
critical,9,unambiguous,short,object,final,9,5,the,1.0211586952209473
critical,9,unambiguous,short,object,final,9,6,final,4.766946315765381
critical,9,unambiguous,short,object,final,9,7,the,13.173470497131348
critical,9,unambiguous,short,object,final,9,8,students,1.4114960432052612
critical,9,unambiguous,short,object,final,9,9,passed.,20.46211338043213
critical,9,ambiguous,long,,nonfinal,9,0,After,9.379192352294922
critical,9,ambiguous,long,,nonfinal,9,1,the,2.6995084285736084
critical,9,ambiguous,long,,nonfinal,9,2,teacher,18.549488067626957
critical,9,ambiguous,long,,nonfinal,9,3,finished,5.573526859283447
critical,9,ambiguous,long,,nonfinal,9,4,grading,9.589580535888672
critical,9,ambiguous,long,,nonfinal,9,5,the,1.0211586952209473
critical,9,ambiguous,long,,nonfinal,9,6,students,3.1076302528381348
critical,9,ambiguous,long,,nonfinal,9,7,studying,16.87456703186035
critical,9,ambiguous,long,,nonfinal,9,8,engineering,14.973176956176758
critical,9,ambiguous,long,,nonfinal,9,9,passed,14.589508056640623
critical,9,ambiguous,long,,nonfinal,9,10,the,1.781566858291626
critical,9,ambiguous,long,,nonfinal,9,11,class.,6.3000571727752686
critical,9,ambiguous,short,,nonfinal,7,0,After,9.379192352294922
critical,9,ambiguous,short,,nonfinal,7,1,the,2.6995084285736084
critical,9,ambiguous,short,,nonfinal,7,2,teacher,18.549488067626957
critical,9,ambiguous,short,,nonfinal,7,3,finished,5.573526859283447
critical,9,ambiguous,short,,nonfinal,7,4,grading,9.589580535888672
critical,9,ambiguous,short,,nonfinal,7,5,the,1.0211586952209473
critical,9,ambiguous,short,,nonfinal,7,6,students,3.1076302528381348
critical,9,ambiguous,short,,nonfinal,7,7,passed,14.434614181518556
critical,9,ambiguous,short,,nonfinal,7,8,the,1.7115631103515625
critical,9,ambiguous,short,,nonfinal,7,9,class.,7.925941705703735
critical,9,unambiguous,long,comma,nonfinal,9,0,After,9.379192352294922
critical,9,unambiguous,long,comma,nonfinal,9,1,the,2.6995084285736084
critical,9,unambiguous,long,comma,nonfinal,9,2,teacher,18.549488067626957
critical,9,unambiguous,long,comma,nonfinal,9,3,finished,5.573526859283447
critical,9,unambiguous,long,comma,nonfinal,9,4,"grading,",13.223227262496948
critical,9,unambiguous,long,comma,nonfinal,9,5,the,2.812994956970215
critical,9,unambiguous,long,comma,nonfinal,9,6,students,1.358451008796692
critical,9,unambiguous,long,comma,nonfinal,9,7,studying,17.171703338623047
critical,9,unambiguous,long,comma,nonfinal,9,8,engineering,14.206079483032228
critical,9,unambiguous,long,comma,nonfinal,9,9,passed,10.51051139831543
critical,9,unambiguous,long,comma,nonfinal,9,10,the,1.826538324356079
critical,9,unambiguous,long,comma,nonfinal,9,11,class.,6.589267253875732
critical,9,unambiguous,short,comma,nonfinal,7,0,After,9.379192352294922
critical,9,unambiguous,short,comma,nonfinal,7,1,the,2.6995084285736084
critical,9,unambiguous,short,comma,nonfinal,7,2,teacher,18.549488067626957
critical,9,unambiguous,short,comma,nonfinal,7,3,finished,5.573526859283447
critical,9,unambiguous,short,comma,nonfinal,7,4,"grading,",13.223227262496948
critical,9,unambiguous,short,comma,nonfinal,7,5,the,2.812994956970215
critical,9,unambiguous,short,comma,nonfinal,7,6,students,1.358451008796692
critical,9,unambiguous,short,comma,nonfinal,7,7,passed,10.107558250427246
critical,9,unambiguous,short,comma,nonfinal,7,8,the,1.871804118156433
critical,9,unambiguous,short,comma,nonfinal,7,9,class.,7.623985528945923
critical,9,unambiguous,long,object,nonfinal,11,0,After,9.379192352294922
critical,9,unambiguous,long,object,nonfinal,11,1,the,2.6995112895965576
critical,9,unambiguous,long,object,nonfinal,11,2,teacher,18.549488067626957
critical,9,unambiguous,long,object,nonfinal,11,3,finished,5.573526859283447
critical,9,unambiguous,long,object,nonfinal,11,4,grading,9.589580535888672
critical,9,unambiguous,long,object,nonfinal,11,5,the,1.0211586952209473
critical,9,unambiguous,long,object,nonfinal,11,6,final,4.766946315765381
critical,9,unambiguous,long,object,nonfinal,11,7,the,13.173470497131348
critical,9,unambiguous,long,object,nonfinal,11,8,students,1.4114960432052612
critical,9,unambiguous,long,object,nonfinal,11,9,studying,18.318477630615234
critical,9,unambiguous,long,object,nonfinal,11,10,engineering,13.067497253417969
critical,9,unambiguous,long,object,nonfinal,11,11,passed,10.444390296936035
critical,9,unambiguous,long,object,nonfinal,11,12,the,1.9573029279708865
critical,9,unambiguous,long,object,nonfinal,11,13,class.,6.333693146705627
critical,9,unambiguous,short,object,nonfinal,9,0,After,9.379192352294922
critical,9,unambiguous,short,object,nonfinal,9,1,the,2.6995084285736084
critical,9,unambiguous,short,object,nonfinal,9,2,teacher,18.549488067626957
critical,9,unambiguous,short,object,nonfinal,9,3,finished,5.573526859283447
critical,9,unambiguous,short,object,nonfinal,9,4,grading,9.589580535888672
critical,9,unambiguous,short,object,nonfinal,9,5,the,1.0211586952209473
critical,9,unambiguous,short,object,nonfinal,9,6,final,4.766946315765381
critical,9,unambiguous,short,object,nonfinal,9,7,the,13.173470497131348
critical,9,unambiguous,short,object,nonfinal,9,8,students,1.4114960432052612
critical,9,unambiguous,short,object,nonfinal,9,9,passed,11.533563613891602
critical,9,unambiguous,short,object,nonfinal,9,10,the,2.150721549987793
critical,9,unambiguous,short,object,nonfinal,9,11,class.,7.478890895843506
critical,10,ambiguous,long,,final,10,0,Since,11.91802215576172
critical,10,ambiguous,long,,final,10,1,the,1.7956364154815674
critical,10,ambiguous,long,,final,10,2,company,8.410655975341797
critical,10,ambiguous,long,,final,10,3,shut,14.38050365447998
critical,10,ambiguous,long,,final,10,4,down,0.2028267085552215
critical,10,ambiguous,long,,final,10,5,their,6.605118751525879
critical,10,ambiguous,long,,final,10,6,product,9.433192253112791
critical,10,ambiguous,long,,final,10,7,line,1.66204035282135
critical,10,ambiguous,long,,final,10,8,of,5.251736640930176
critical,10,ambiguous,long,,final,10,9,streetwear,22.93016815185547
critical,10,ambiguous,long,,final,10,10,disappeared.,28.65599989891052
critical,10,ambiguous,short,,final,8,0,Since,11.91802215576172
critical,10,ambiguous,short,,final,8,1,the,1.7956364154815674
critical,10,ambiguous,short,,final,8,2,company,8.410655975341797
critical,10,ambiguous,short,,final,8,3,shut,14.38050365447998
critical,10,ambiguous,short,,final,8,4,down,0.2028267085552215
critical,10,ambiguous,short,,final,8,5,their,6.605118751525879
critical,10,ambiguous,short,,final,8,6,product,9.433192253112791
critical,10,ambiguous,short,,final,8,7,line,1.66204035282135
critical,10,ambiguous,short,,final,8,8,disappeared.,27.408538341522217
critical,10,unambiguous,long,comma,final,10,0,Since,11.91802215576172
critical,10,unambiguous,long,comma,final,10,1,the,1.7956364154815674
critical,10,unambiguous,long,comma,final,10,2,company,8.410655975341797
critical,10,unambiguous,long,comma,final,10,3,shut,14.38050365447998
critical,10,unambiguous,long,comma,final,10,4,"down,",2.354225128889084
critical,10,unambiguous,long,comma,final,10,5,their,8.584553718566895
critical,10,unambiguous,long,comma,final,10,6,product,7.569626331329346
critical,10,unambiguous,long,comma,final,10,7,line,3.1237030029296875
critical,10,unambiguous,long,comma,final,10,8,of,6.5778656005859375
critical,10,unambiguous,long,comma,final,10,9,streetwear,19.04009056091309
critical,10,unambiguous,long,comma,final,10,10,disappeared.,16.322325110435486
critical,10,unambiguous,short,comma,final,8,0,Since,11.91802215576172
critical,10,unambiguous,short,comma,final,8,1,the,1.7956364154815674
critical,10,unambiguous,short,comma,final,8,2,company,8.410655975341797
critical,10,unambiguous,short,comma,final,8,3,shut,14.38050365447998
critical,10,unambiguous,short,comma,final,8,4,"down,",2.354225128889084
critical,10,unambiguous,short,comma,final,8,5,their,8.584553718566895
critical,10,unambiguous,short,comma,final,8,6,product,7.569626331329346
critical,10,unambiguous,short,comma,final,8,7,line,3.1237030029296875
critical,10,unambiguous,short,comma,final,8,8,disappeared.,12.194679021835327
critical,10,unambiguous,long,object,final,13,0,Since,11.91802215576172
critical,10,unambiguous,long,object,final,13,1,the,1.7956364154815674
critical,10,unambiguous,long,object,final,13,2,company,8.410655975341797
critical,10,unambiguous,long,object,final,13,3,shut,14.38050365447998
critical,10,unambiguous,long,object,final,13,4,down,0.2028239518404007
critical,10,unambiguous,long,object,final,13,5,the,4.034674644470215
critical,10,unambiguous,long,object,final,13,6,clothing,14.30921459197998
critical,10,unambiguous,long,object,final,13,7,brand,4.919834613800049
critical,10,unambiguous,long,object,final,13,8,their,13.38390827178955
critical,10,unambiguous,long,object,final,13,9,product,8.181194305419922
critical,10,unambiguous,long,object,final,13,10,line,2.081529378890991
critical,10,unambiguous,long,object,final,13,11,of,7.043175220489502
critical,10,unambiguous,long,object,final,13,12,streetwear,11.94130516052246
critical,10,unambiguous,long,object,final,13,13,disappeared.,11.966126322746277
critical,10,unambiguous,short,object,final,11,0,Since,11.91802215576172
critical,10,unambiguous,short,object,final,11,1,the,1.7956364154815674
critical,10,unambiguous,short,object,final,11,2,company,8.410655975341797
critical,10,unambiguous,short,object,final,11,3,shut,14.38050365447998
critical,10,unambiguous,short,object,final,11,4,down,0.2028267085552215
critical,10,unambiguous,short,object,final,11,5,the,4.034674644470215
critical,10,unambiguous,short,object,final,11,6,clothing,14.30921459197998
critical,10,unambiguous,short,object,final,11,7,brand,4.919834613800049
critical,10,unambiguous,short,object,final,11,8,their,13.38390827178955
critical,10,unambiguous,short,object,final,11,9,product,8.181194305419922
critical,10,unambiguous,short,object,final,11,10,line,2.081529378890991
critical,10,unambiguous,short,object,final,11,11,disappeared.,9.636458992958069
critical,10,ambiguous,long,,nonfinal,10,0,Since,11.91802215576172
critical,10,ambiguous,long,,nonfinal,10,1,the,1.7956364154815674
critical,10,ambiguous,long,,nonfinal,10,2,company,8.410655975341797
critical,10,ambiguous,long,,nonfinal,10,3,shut,14.38050365447998
critical,10,ambiguous,long,,nonfinal,10,4,down,0.2028239518404007
critical,10,ambiguous,long,,nonfinal,10,5,their,6.605118751525879
critical,10,ambiguous,long,,nonfinal,10,6,product,9.433192253112791
critical,10,ambiguous,long,,nonfinal,10,7,line,1.66204035282135
critical,10,ambiguous,long,,nonfinal,10,8,of,5.251736640930176
critical,10,ambiguous,long,,nonfinal,10,9,streetwear,22.93016815185547
critical,10,ambiguous,long,,nonfinal,10,10,disappeared,25.704177856445312
critical,10,ambiguous,long,,nonfinal,10,11,from,1.309420824050903
critical,10,ambiguous,long,,nonfinal,10,12,the,0.616289496421814
critical,10,ambiguous,long,,nonfinal,10,13,market.,2.9724050760269165
critical,10,ambiguous,short,,nonfinal,8,0,Since,11.91802215576172
critical,10,ambiguous,short,,nonfinal,8,1,the,1.7956364154815674
critical,10,ambiguous,short,,nonfinal,8,2,company,8.410655975341797
critical,10,ambiguous,short,,nonfinal,8,3,shut,14.38050365447998
critical,10,ambiguous,short,,nonfinal,8,4,down,0.2028267085552215
critical,10,ambiguous,short,,nonfinal,8,5,their,6.605118751525879
critical,10,ambiguous,short,,nonfinal,8,6,product,9.433192253112791
critical,10,ambiguous,short,,nonfinal,8,7,line,1.66204035282135
critical,10,ambiguous,short,,nonfinal,8,8,disappeared,25.08558654785156
critical,10,ambiguous,short,,nonfinal,8,9,from,1.5565062761306765
critical,10,ambiguous,short,,nonfinal,8,10,the,0.7677167654037476
critical,10,ambiguous,short,,nonfinal,8,11,market.,2.260644555091858
critical,10,unambiguous,long,comma,nonfinal,10,0,Since,11.91802215576172
critical,10,unambiguous,long,comma,nonfinal,10,1,the,1.7956364154815674
critical,10,unambiguous,long,comma,nonfinal,10,2,company,8.410655975341797
critical,10,unambiguous,long,comma,nonfinal,10,3,shut,14.38050365447998
critical,10,unambiguous,long,comma,nonfinal,10,4,"down,",2.354225128889084
critical,10,unambiguous,long,comma,nonfinal,10,5,their,8.584553718566895
critical,10,unambiguous,long,comma,nonfinal,10,6,product,7.569626331329346
critical,10,unambiguous,long,comma,nonfinal,10,7,line,3.1237030029296875
critical,10,unambiguous,long,comma,nonfinal,10,8,of,6.5778656005859375
critical,10,unambiguous,long,comma,nonfinal,10,9,streetwear,19.04009056091309
critical,10,unambiguous,long,comma,nonfinal,10,10,disappeared,14.758862495422363
critical,10,unambiguous,long,comma,nonfinal,10,11,from,2.401873826980591
critical,10,unambiguous,long,comma,nonfinal,10,12,the,0.6634650230407715
critical,10,unambiguous,long,comma,nonfinal,10,13,market.,1.996135115623474
critical,10,unambiguous,short,comma,nonfinal,8,0,Since,11.91802215576172
critical,10,unambiguous,short,comma,nonfinal,8,1,the,1.7956364154815674
critical,10,unambiguous,short,comma,nonfinal,8,2,company,8.410655975341797
critical,10,unambiguous,short,comma,nonfinal,8,3,shut,14.38050365447998
critical,10,unambiguous,short,comma,nonfinal,8,4,"down,",2.354222372174263
critical,10,unambiguous,short,comma,nonfinal,8,5,their,8.584553718566895
critical,10,unambiguous,short,comma,nonfinal,8,6,product,7.569626331329346
critical,10,unambiguous,short,comma,nonfinal,8,7,line,3.1237030029296875
critical,10,unambiguous,short,comma,nonfinal,8,8,disappeared,10.129907608032228
critical,10,unambiguous,short,comma,nonfinal,8,9,from,1.6710962057113647
critical,10,unambiguous,short,comma,nonfinal,8,10,the,0.8135412335395813
critical,10,unambiguous,short,comma,nonfinal,8,11,market.,1.8693825602531435
critical,10,unambiguous,long,object,nonfinal,13,0,Since,11.91802215576172
critical,10,unambiguous,long,object,nonfinal,13,1,the,1.7956364154815674
critical,10,unambiguous,long,object,nonfinal,13,2,company,8.410655975341797
critical,10,unambiguous,long,object,nonfinal,13,3,shut,14.38050365447998
critical,10,unambiguous,long,object,nonfinal,13,4,down,0.2028267085552215
critical,10,unambiguous,long,object,nonfinal,13,5,the,4.034674644470215
critical,10,unambiguous,long,object,nonfinal,13,6,clothing,14.30921459197998
critical,10,unambiguous,long,object,nonfinal,13,7,brand,4.919834613800049
critical,10,unambiguous,long,object,nonfinal,13,8,their,13.38390827178955
critical,10,unambiguous,long,object,nonfinal,13,9,product,8.181194305419922
critical,10,unambiguous,long,object,nonfinal,13,10,line,2.081529378890991
critical,10,unambiguous,long,object,nonfinal,13,11,of,7.043175220489502
critical,10,unambiguous,long,object,nonfinal,13,12,streetwear,11.94130516052246
critical,10,unambiguous,long,object,nonfinal,13,13,disappeared,10.676336288452148
critical,10,unambiguous,long,object,nonfinal,13,14,from,2.4315319061279297
critical,10,unambiguous,long,object,nonfinal,13,15,the,0.6700031161308289
critical,10,unambiguous,long,object,nonfinal,13,16,market.,1.9467913508415224
critical,10,unambiguous,short,object,nonfinal,11,0,Since,11.91802215576172
critical,10,unambiguous,short,object,nonfinal,11,1,the,1.7956364154815674
critical,10,unambiguous,short,object,nonfinal,11,2,company,8.410655975341797
critical,10,unambiguous,short,object,nonfinal,11,3,shut,14.38050365447998
critical,10,unambiguous,short,object,nonfinal,11,4,down,0.2028267085552215
critical,10,unambiguous,short,object,nonfinal,11,5,the,4.034674644470215
critical,10,unambiguous,short,object,nonfinal,11,6,clothing,14.30921459197998
critical,10,unambiguous,short,object,nonfinal,11,7,brand,4.919834613800049
critical,10,unambiguous,short,object,nonfinal,11,8,their,13.38390827178955
critical,10,unambiguous,short,object,nonfinal,11,9,product,8.181194305419922
critical,10,unambiguous,short,object,nonfinal,11,10,line,2.081529378890991
critical,10,unambiguous,short,object,nonfinal,11,11,disappeared,7.691899299621582
critical,10,unambiguous,short,object,nonfinal,11,12,from,1.482669234275818
critical,10,unambiguous,short,object,nonfinal,11,13,the,1.0005978345870972
critical,10,unambiguous,short,object,nonfinal,11,14,market.,2.53887939453125
critical,11,ambiguous,long,,final,7,0,Because,15.916192054748535
critical,11,ambiguous,long,,final,7,1,the,2.867256164550781
critical,11,ambiguous,long,,final,7,2,employees,14.297204971313477
critical,11,ambiguous,long,,final,7,3,mopped,27.822314977645878
critical,11,ambiguous,long,,final,7,4,the,1.1150474548339844
critical,11,ambiguous,long,,final,7,5,bathroom,9.784919738769531
critical,11,ambiguous,long,,final,7,6,downstairs,12.932348251342772
critical,11,ambiguous,long,,final,7,7,sparkled.,31.82107526063919
critical,11,ambiguous,short,,final,6,0,Because,15.916192054748535
critical,11,ambiguous,short,,final,6,1,the,2.867256164550781
critical,11,ambiguous,short,,final,6,2,employees,14.297204971313477
critical,11,ambiguous,short,,final,6,3,mopped,27.822314977645878
critical,11,ambiguous,short,,final,6,4,the,1.1150474548339844
critical,11,ambiguous,short,,final,6,5,bathroom,9.784919738769531
critical,11,ambiguous,short,,final,6,6,sparkled.,29.843378126621246
critical,11,unambiguous,long,comma,final,7,0,Because,15.916192054748535
critical,11,unambiguous,long,comma,final,7,1,the,2.867256164550781
critical,11,unambiguous,long,comma,final,7,2,employees,14.297204971313477
critical,11,unambiguous,long,comma,final,7,3,"mopped,",32.75087285041809
critical,11,unambiguous,long,comma,final,7,4,the,2.5445396900177
critical,11,unambiguous,long,comma,final,7,5,bathroom,7.38596248626709
critical,11,unambiguous,long,comma,final,7,6,downstairs,13.20322036743164
critical,11,unambiguous,long,comma,final,7,7,sparkled.,15.83306279592216
critical,11,unambiguous,short,comma,final,6,0,Because,15.916192054748535
critical,11,unambiguous,short,comma,final,6,1,the,2.867256164550781
critical,11,unambiguous,short,comma,final,6,2,employees,14.297204971313477
critical,11,unambiguous,short,comma,final,6,3,"mopped,",32.75087285041809
critical,11,unambiguous,short,comma,final,6,4,the,2.5445396900177
critical,11,unambiguous,short,comma,final,6,5,bathroom,7.38596248626709
critical,11,unambiguous,short,comma,final,6,6,sparkled.,17.250791057944298
critical,11,unambiguous,long,object,final,9,0,Because,15.916192054748535
critical,11,unambiguous,long,object,final,9,1,the,2.867256164550781
critical,11,unambiguous,long,object,final,9,2,employees,14.297204971313477
critical,11,unambiguous,long,object,final,9,3,mopped,27.822314977645878
critical,11,unambiguous,long,object,final,9,4,the,1.1150474548339844
critical,11,unambiguous,long,object,final,9,5,floor,0.8235217332839966
critical,11,unambiguous,long,object,final,9,6,the,6.2228851318359375
critical,11,unambiguous,long,object,final,9,7,bathroom,10.491222381591797
critical,11,unambiguous,long,object,final,9,8,downstairs,12.300692558288574
critical,11,unambiguous,long,object,final,9,9,sparkled.,15.874231413006784
critical,11,unambiguous,short,object,final,8,0,Because,15.916192054748535
critical,11,unambiguous,short,object,final,8,1,the,2.867256164550781
critical,11,unambiguous,short,object,final,8,2,employees,14.297204971313477
critical,11,unambiguous,short,object,final,8,3,mopped,27.822314977645878
critical,11,unambiguous,short,object,final,8,4,the,1.1150474548339844
critical,11,unambiguous,short,object,final,8,5,floor,0.8235217332839966
critical,11,unambiguous,short,object,final,8,6,the,6.2228851318359375
critical,11,unambiguous,short,object,final,8,7,bathroom,10.491222381591797
critical,11,unambiguous,short,object,final,8,8,sparkled.,15.8610118329525
critical,11,ambiguous,long,,nonfinal,7,0,Because,15.916192054748535
critical,11,ambiguous,long,,nonfinal,7,1,the,2.867256164550781
critical,11,ambiguous,long,,nonfinal,7,2,employees,14.297204971313477
critical,11,ambiguous,long,,nonfinal,7,3,mopped,27.822314977645878
critical,11,ambiguous,long,,nonfinal,7,4,the,1.1150474548339844
critical,11,ambiguous,long,,nonfinal,7,5,bathroom,9.784919738769531
critical,11,ambiguous,long,,nonfinal,7,6,downstairs,12.932348251342772
critical,11,ambiguous,long,,nonfinal,7,7,sparkled,29.53370052576065
critical,11,ambiguous,long,,nonfinal,7,8,brilliantly,10.43001937866211
critical,11,ambiguous,long,,nonfinal,7,9,in,3.971219778060913
critical,11,ambiguous,long,,nonfinal,7,10,the,0.3439542949199676
critical,11,ambiguous,long,,nonfinal,7,11,light.,4.9880746603012085
critical,11,ambiguous,short,,nonfinal,6,0,Because,15.916192054748535
critical,11,ambiguous,short,,nonfinal,6,1,the,2.867256164550781
critical,11,ambiguous,short,,nonfinal,6,2,employees,14.297204971313477
critical,11,ambiguous,short,,nonfinal,6,3,mopped,27.822314977645878
critical,11,ambiguous,short,,nonfinal,6,4,the,1.1150474548339844
critical,11,ambiguous,short,,nonfinal,6,5,bathroom,9.784919738769531
critical,11,ambiguous,short,,nonfinal,6,6,sparkled,27.88644677400589
critical,11,ambiguous,short,,nonfinal,6,7,brilliantly,11.357696533203123
critical,11,ambiguous,short,,nonfinal,6,8,in,4.694683074951172
critical,11,ambiguous,short,,nonfinal,6,9,the,0.4522758424282074
critical,11,ambiguous,short,,nonfinal,6,10,light.,5.145258545875549
critical,11,unambiguous,long,comma,nonfinal,7,0,Because,15.916192054748535
critical,11,unambiguous,long,comma,nonfinal,7,1,the,2.867256164550781
critical,11,unambiguous,long,comma,nonfinal,7,2,employees,14.297204971313477
critical,11,unambiguous,long,comma,nonfinal,7,3,"mopped,",32.75087285041809
critical,11,unambiguous,long,comma,nonfinal,7,4,the,2.5445396900177
critical,11,unambiguous,long,comma,nonfinal,7,5,bathroom,7.38596248626709
critical,11,unambiguous,long,comma,nonfinal,7,6,downstairs,13.20322036743164
critical,11,unambiguous,long,comma,nonfinal,7,7,sparkled,14.509641198441386
critical,11,unambiguous,long,comma,nonfinal,7,8,brilliantly,11.557367324829102
critical,11,unambiguous,long,comma,nonfinal,7,9,in,5.2109694480896
critical,11,unambiguous,long,comma,nonfinal,7,10,the,0.6766402721405029
critical,11,unambiguous,long,comma,nonfinal,7,11,light.,5.959399580955505
critical,11,unambiguous,short,comma,nonfinal,6,0,Because,15.916192054748535
critical,11,unambiguous,short,comma,nonfinal,6,1,the,2.867256164550781
critical,11,unambiguous,short,comma,nonfinal,6,2,employees,14.297204971313477
critical,11,unambiguous,short,comma,nonfinal,6,3,"mopped,",32.75087285041809
critical,11,unambiguous,short,comma,nonfinal,6,4,the,2.5445396900177
critical,11,unambiguous,short,comma,nonfinal,6,5,bathroom,7.38596248626709
critical,11,unambiguous,short,comma,nonfinal,6,6,sparkled,15.541096433997154
critical,11,unambiguous,short,comma,nonfinal,6,7,brilliantly,13.61019229888916
critical,11,unambiguous,short,comma,nonfinal,6,8,in,5.237911701202393
critical,11,unambiguous,short,comma,nonfinal,6,9,the,0.6778125166893005
critical,11,unambiguous,short,comma,nonfinal,6,10,light.,6.0555983781814575
critical,11,unambiguous,long,object,nonfinal,9,0,Because,15.916192054748535
critical,11,unambiguous,long,object,nonfinal,9,1,the,2.867256164550781
critical,11,unambiguous,long,object,nonfinal,9,2,employees,14.297204971313477
critical,11,unambiguous,long,object,nonfinal,9,3,mopped,27.822314977645878
critical,11,unambiguous,long,object,nonfinal,9,4,the,1.1150474548339844
critical,11,unambiguous,long,object,nonfinal,9,5,floor,0.8235217332839966
critical,11,unambiguous,long,object,nonfinal,9,6,the,6.2228851318359375
critical,11,unambiguous,long,object,nonfinal,9,7,bathroom,10.491222381591797
critical,11,unambiguous,long,object,nonfinal,9,8,downstairs,12.300692558288574
critical,11,unambiguous,long,object,nonfinal,9,9,sparkled,14.66746635735035
critical,11,unambiguous,long,object,nonfinal,9,10,brilliantly,10.1227388381958
critical,11,unambiguous,long,object,nonfinal,9,11,in,5.634435176849365
critical,11,unambiguous,long,object,nonfinal,9,12,the,0.843328595161438
critical,11,unambiguous,long,object,nonfinal,9,13,light.,5.275415182113648
critical,11,unambiguous,short,object,nonfinal,8,0,Because,15.916192054748535
critical,11,unambiguous,short,object,nonfinal,8,1,the,2.867256164550781
critical,11,unambiguous,short,object,nonfinal,8,2,employees,14.297204971313477
critical,11,unambiguous,short,object,nonfinal,8,3,mopped,27.822314977645878
critical,11,unambiguous,short,object,nonfinal,8,4,the,1.1150474548339844
critical,11,unambiguous,short,object,nonfinal,8,5,floor,0.8235217332839966
critical,11,unambiguous,short,object,nonfinal,8,6,the,6.2228851318359375
critical,11,unambiguous,short,object,nonfinal,8,7,bathroom,10.491222381591797
critical,11,unambiguous,short,object,nonfinal,8,8,sparkled,14.59969386458397
critical,11,unambiguous,short,object,nonfinal,8,9,brilliantly,11.555401802062988
critical,11,unambiguous,short,object,nonfinal,8,10,in,5.710412979125977
critical,11,unambiguous,short,object,nonfinal,8,11,the,0.840444803237915
critical,11,unambiguous,short,object,nonfinal,8,12,light.,5.509801149368286
critical,12,ambiguous,long,,final,8,0,As,7.890280723571777
critical,12,ambiguous,long,,final,8,1,the,2.4022233486175537
critical,12,ambiguous,long,,final,8,2,journalist,19.392017364501957
critical,12,ambiguous,long,,final,8,3,recorded,17.755638122558594
critical,12,ambiguous,long,,final,8,4,the,1.3171063661575315
critical,12,ambiguous,long,,final,8,5,demonstrators,13.627477645874023
critical,12,ambiguous,long,,final,8,6,protesting,7.212700366973877
critical,12,ambiguous,long,,final,8,7,angrily,17.176025390625
critical,12,ambiguous,long,,final,8,8,shouted.,22.80256986618042
critical,12,ambiguous,short,,final,6,0,As,7.890280723571777
critical,12,ambiguous,short,,final,6,1,the,2.4022233486175537
critical,12,ambiguous,short,,final,6,2,journalist,19.392017364501957
critical,12,ambiguous,short,,final,6,3,recorded,17.755638122558594
critical,12,ambiguous,short,,final,6,4,the,1.3171063661575315
critical,12,ambiguous,short,,final,6,5,demonstrators,13.627477645874023
critical,12,ambiguous,short,,final,6,6,shouted.,23.921703338623047
critical,12,unambiguous,long,comma,final,8,0,As,7.890280723571777
critical,12,unambiguous,long,comma,final,8,1,the,2.4022233486175537
critical,12,unambiguous,long,comma,final,8,2,journalist,19.392017364501957
critical,12,unambiguous,long,comma,final,8,3,"recorded,",20.80016016960144
critical,12,unambiguous,long,comma,final,8,4,the,1.3794466257095337
critical,12,unambiguous,long,comma,final,8,5,demonstrators,10.062938690185549
critical,12,unambiguous,long,comma,final,8,6,protesting,12.64309787750244
critical,12,unambiguous,long,comma,final,8,7,angrily,20.361328125
critical,12,unambiguous,long,comma,final,8,8,shouted.,15.05681562423706
critical,12,unambiguous,short,comma,final,6,0,As,7.890280723571777
critical,12,unambiguous,short,comma,final,6,1,the,2.4022233486175537
critical,12,unambiguous,short,comma,final,6,2,journalist,19.392017364501957
critical,12,unambiguous,short,comma,final,6,3,"recorded,",20.80016016960144
critical,12,unambiguous,short,comma,final,6,4,the,1.3794466257095337
critical,12,unambiguous,short,comma,final,6,5,demonstrators,10.062938690185549
critical,12,unambiguous,short,comma,final,6,6,shouted.,15.296564817428589
critical,12,unambiguous,long,object,final,10,0,As,7.890280723571777
critical,12,unambiguous,long,object,final,10,1,the,2.4022233486175537
critical,12,unambiguous,long,object,final,10,2,journalist,19.392017364501957
critical,12,unambiguous,long,object,final,10,3,recorded,17.755638122558594
critical,12,unambiguous,long,object,final,10,4,the,1.3171063661575315
critical,12,unambiguous,long,object,final,10,5,commotion,11.192083358764648
critical,12,unambiguous,long,object,final,10,6,the,7.610810279846191
critical,12,unambiguous,long,object,final,10,7,demonstrators,10.24939250946045
critical,12,unambiguous,long,object,final,10,8,protesting,14.482091903686523
critical,12,unambiguous,long,object,final,10,9,angrily,20.75436019897461
critical,12,unambiguous,long,object,final,10,10,shouted.,14.0812029838562
critical,12,unambiguous,short,object,final,8,0,As,7.890280723571777
critical,12,unambiguous,short,object,final,8,1,the,2.4022233486175537
critical,12,unambiguous,short,object,final,8,2,journalist,19.392017364501957
critical,12,unambiguous,short,object,final,8,3,recorded,17.755638122558594
critical,12,unambiguous,short,object,final,8,4,the,1.3171063661575315
critical,12,unambiguous,short,object,final,8,5,commotion,11.192083358764648
critical,12,unambiguous,short,object,final,8,6,the,7.610810279846191
critical,12,unambiguous,short,object,final,8,7,demonstrators,10.24939250946045
critical,12,unambiguous,short,object,final,8,8,shouted.,14.976605415344238
critical,12,ambiguous,long,,nonfinal,8,0,As,7.890280723571777
critical,12,ambiguous,long,,nonfinal,8,1,the,2.4022233486175537
critical,12,ambiguous,long,,nonfinal,8,2,journalist,19.392017364501957
critical,12,ambiguous,long,,nonfinal,8,3,recorded,17.755638122558594
critical,12,ambiguous,long,,nonfinal,8,4,the,1.3171063661575315
critical,12,ambiguous,long,,nonfinal,8,5,demonstrators,13.627477645874023
critical,12,ambiguous,long,,nonfinal,8,6,protesting,7.212700366973877
critical,12,ambiguous,long,,nonfinal,8,7,angrily,17.176025390625
critical,12,ambiguous,long,,nonfinal,8,8,shouted,14.991958618164062
critical,12,ambiguous,long,,nonfinal,8,9,to,6.405814170837402
critical,12,ambiguous,long,,nonfinal,8,10,demand,12.298052787780762
critical,12,ambiguous,long,,nonfinal,8,11,immediate,8.257123947143555
critical,12,ambiguous,long,,nonfinal,8,12,change.,8.790773630142212
critical,12,ambiguous,short,,nonfinal,6,0,As,7.890280723571777
critical,12,ambiguous,short,,nonfinal,6,1,the,2.4022233486175537
critical,12,ambiguous,short,,nonfinal,6,2,journalist,19.392017364501957
critical,12,ambiguous,short,,nonfinal,6,3,recorded,17.755638122558594
critical,12,ambiguous,short,,nonfinal,6,4,the,1.3171063661575315
critical,12,ambiguous,short,,nonfinal,6,5,demonstrators,13.627477645874023
critical,12,ambiguous,short,,nonfinal,6,6,shouted,14.63505744934082
critical,12,ambiguous,short,,nonfinal,6,7,to,7.8478803634643555
critical,12,ambiguous,short,,nonfinal,6,8,demand,8.90917682647705
critical,12,ambiguous,short,,nonfinal,6,9,immediate,8.947608947753906
critical,12,ambiguous,short,,nonfinal,6,10,change.,9.2936270236969
critical,12,unambiguous,long,comma,nonfinal,8,0,As,7.890280723571777
critical,12,unambiguous,long,comma,nonfinal,8,1,the,2.4022233486175537
critical,12,unambiguous,long,comma,nonfinal,8,2,journalist,19.392017364501957
critical,12,unambiguous,long,comma,nonfinal,8,3,"recorded,",20.80016016960144
critical,12,unambiguous,long,comma,nonfinal,8,4,the,1.3794466257095337
critical,12,unambiguous,long,comma,nonfinal,8,5,demonstrators,10.062938690185549
critical,12,unambiguous,long,comma,nonfinal,8,6,protesting,12.64309787750244
critical,12,unambiguous,long,comma,nonfinal,8,7,angrily,20.361328125
critical,12,unambiguous,long,comma,nonfinal,8,8,shouted,5.743815898895264
critical,12,unambiguous,long,comma,nonfinal,8,9,to,7.346072196960449
critical,12,unambiguous,long,comma,nonfinal,8,10,demand,13.472947120666504
critical,12,unambiguous,long,comma,nonfinal,8,11,immediate,8.199774742126465
critical,12,unambiguous,long,comma,nonfinal,8,12,change.,8.382672309875488
critical,12,unambiguous,short,comma,nonfinal,6,0,As,7.890280723571777
critical,12,unambiguous,short,comma,nonfinal,6,1,the,2.4022233486175537
critical,12,unambiguous,short,comma,nonfinal,6,2,journalist,19.392017364501957
critical,12,unambiguous,short,comma,nonfinal,6,3,"recorded,",20.80016016960144
critical,12,unambiguous,short,comma,nonfinal,6,4,the,1.3794466257095337
critical,12,unambiguous,short,comma,nonfinal,6,5,demonstrators,10.062938690185549
critical,12,unambiguous,short,comma,nonfinal,6,6,shouted,3.561089277267456
critical,12,unambiguous,short,comma,nonfinal,6,7,to,8.56192684173584
critical,12,unambiguous,short,comma,nonfinal,6,8,demand,9.550091743469238
critical,12,unambiguous,short,comma,nonfinal,6,9,immediate,9.108194351196287
critical,12,unambiguous,short,comma,nonfinal,6,10,change.,8.856825828552246
critical,12,unambiguous,long,object,nonfinal,10,0,As,7.890280723571777
critical,12,unambiguous,long,object,nonfinal,10,1,the,2.4022233486175537
critical,12,unambiguous,long,object,nonfinal,10,2,journalist,19.392017364501957
critical,12,unambiguous,long,object,nonfinal,10,3,recorded,17.755638122558594
critical,12,unambiguous,long,object,nonfinal,10,4,the,1.3171063661575315
critical,12,unambiguous,long,object,nonfinal,10,5,commotion,11.192083358764648
critical,12,unambiguous,long,object,nonfinal,10,6,the,7.610810279846191
critical,12,unambiguous,long,object,nonfinal,10,7,demonstrators,10.24939250946045
critical,12,unambiguous,long,object,nonfinal,10,8,protesting,14.482091903686523
critical,12,unambiguous,long,object,nonfinal,10,9,angrily,20.75436019897461
critical,12,unambiguous,long,object,nonfinal,10,10,shouted,7.209161758422852
critical,12,unambiguous,long,object,nonfinal,10,11,to,6.475440979003906
critical,12,unambiguous,long,object,nonfinal,10,12,demand,10.190115928649902
critical,12,unambiguous,long,object,nonfinal,10,13,immediate,8.318949699401855
critical,12,unambiguous,long,object,nonfinal,10,14,change.,9.0323224067688
critical,12,unambiguous,short,object,nonfinal,8,0,As,7.890280723571777
critical,12,unambiguous,short,object,nonfinal,8,1,the,2.4022233486175537
critical,12,unambiguous,short,object,nonfinal,8,2,journalist,19.392017364501957
critical,12,unambiguous,short,object,nonfinal,8,3,recorded,17.755638122558594
critical,12,unambiguous,short,object,nonfinal,8,4,the,1.3171063661575315
critical,12,unambiguous,short,object,nonfinal,8,5,commotion,11.192083358764648
critical,12,unambiguous,short,object,nonfinal,8,6,the,7.610810279846191
critical,12,unambiguous,short,object,nonfinal,8,7,demonstrators,10.24939250946045
critical,12,unambiguous,short,object,nonfinal,8,8,shouted,7.053585052490234
critical,12,unambiguous,short,object,nonfinal,8,9,to,5.990184307098389
critical,12,unambiguous,short,object,nonfinal,8,10,demand,9.384845733642578
critical,12,unambiguous,short,object,nonfinal,8,11,immediate,8.851380348205566
critical,12,unambiguous,short,object,nonfinal,8,12,change.,9.497477531433104
critical,13,ambiguous,long,,final,12,0,Whenever,19.71836280822754
critical,13,ambiguous,long,,final,12,1,the,4.337041854858398
critical,13,ambiguous,long,,final,12,2,wildlife,21.423799514770508
critical,13,ambiguous,long,,final,12,3,documentary,7.907721042633057
critical,13,ambiguous,long,,final,12,4,crew,6.563204765319824
critical,13,ambiguous,long,,final,12,5,tries,10.155136108398438
critical,13,ambiguous,long,,final,12,6,to,0.0559562742710113
critical,13,ambiguous,long,,final,12,7,film,2.4103381633758545
critical,13,ambiguous,long,,final,12,8,the,3.5959975719451904
critical,13,ambiguous,long,,final,12,9,bear,8.377547264099121
critical,13,ambiguous,long,,final,12,10,hunting,7.050771236419678
critical,13,ambiguous,long,,final,12,11,cautiously,24.488201141357425
critical,13,ambiguous,long,,final,12,12,leaves.,21.12633180618286
critical,13,ambiguous,short,,final,10,0,Whenever,19.71836280822754
critical,13,ambiguous,short,,final,10,1,the,4.337041854858398
critical,13,ambiguous,short,,final,10,2,wildlife,21.423799514770508
critical,13,ambiguous,short,,final,10,3,documentary,7.907721042633057
critical,13,ambiguous,short,,final,10,4,crew,6.563204765319824
critical,13,ambiguous,short,,final,10,5,tries,10.155136108398438
critical,13,ambiguous,short,,final,10,6,to,0.0559562742710113
critical,13,ambiguous,short,,final,10,7,film,2.4103381633758545
critical,13,ambiguous,short,,final,10,8,the,3.5959975719451904
critical,13,ambiguous,short,,final,10,9,bear,8.377547264099121
critical,13,ambiguous,short,,final,10,10,leaves.,22.6125168800354
critical,13,unambiguous,long,comma,final,12,0,Whenever,19.71836280822754
critical,13,unambiguous,long,comma,final,12,1,the,4.337041854858398
critical,13,unambiguous,long,comma,final,12,2,wildlife,21.423799514770508
critical,13,unambiguous,long,comma,final,12,3,documentary,7.907721042633057
critical,13,unambiguous,long,comma,final,12,4,crew,6.563204765319824
critical,13,unambiguous,long,comma,final,12,5,tries,10.155136108398438
critical,13,unambiguous,long,comma,final,12,6,to,0.0559562742710113
critical,13,unambiguous,long,comma,final,12,7,"film,",10.287989854812622
critical,13,unambiguous,long,comma,final,12,8,the,2.769399404525757
critical,13,unambiguous,long,comma,final,12,9,bear,7.381694793701172
critical,13,unambiguous,long,comma,final,12,10,hunting,13.446205139160156
critical,13,unambiguous,long,comma,final,12,11,cautiously,23.24869728088379
critical,13,unambiguous,long,comma,final,12,12,leaves.,14.547127723693848
critical,13,unambiguous,short,comma,final,10,0,Whenever,19.71836280822754
critical,13,unambiguous,short,comma,final,10,1,the,4.337041854858398
critical,13,unambiguous,short,comma,final,10,2,wildlife,21.423799514770508
critical,13,unambiguous,short,comma,final,10,3,documentary,7.907721042633057
critical,13,unambiguous,short,comma,final,10,4,crew,6.563204765319824
critical,13,unambiguous,short,comma,final,10,5,tries,10.155136108398438
critical,13,unambiguous,short,comma,final,10,6,to,0.0559562742710113
critical,13,unambiguous,short,comma,final,10,7,"film,",10.287989854812622
critical,13,unambiguous,short,comma,final,10,8,the,2.769399404525757
critical,13,unambiguous,short,comma,final,10,9,bear,7.381694793701172
critical,13,unambiguous,short,comma,final,10,10,leaves.,10.067301392555237
critical,13,unambiguous,long,object,final,14,0,Whenever,19.71836280822754
critical,13,unambiguous,long,object,final,14,1,the,4.337041854858398
critical,13,unambiguous,long,object,final,14,2,wildlife,21.423799514770508
critical,13,unambiguous,long,object,final,14,3,documentary,7.907721042633057
critical,13,unambiguous,long,object,final,14,4,crew,6.563204765319824
critical,13,unambiguous,long,object,final,14,5,tries,10.155136108398438
critical,13,unambiguous,long,object,final,14,6,to,0.0559562742710113
critical,13,unambiguous,long,object,final,14,7,film,2.4103381633758545
critical,13,unambiguous,long,object,final,14,8,a,1.7296171188354492
critical,13,unambiguous,long,object,final,14,9,scene,5.07078742980957
critical,13,unambiguous,long,object,final,14,10,the,8.856278419494629
critical,13,unambiguous,long,object,final,14,11,bear,6.853194713592529
critical,13,unambiguous,long,object,final,14,12,hunting,15.49983024597168
critical,13,unambiguous,long,object,final,14,13,cautiously,20.149145126342773
critical,13,unambiguous,long,object,final,14,14,leaves.,15.599983215332031
critical,13,unambiguous,short,object,final,12,0,Whenever,19.71836280822754
critical,13,unambiguous,short,object,final,12,1,the,4.337041854858398
critical,13,unambiguous,short,object,final,12,2,wildlife,21.423799514770508
critical,13,unambiguous,short,object,final,12,3,documentary,7.907721042633057
critical,13,unambiguous,short,object,final,12,4,crew,6.563204765319824
critical,13,unambiguous,short,object,final,12,5,tries,10.155136108398438
critical,13,unambiguous,short,object,final,12,6,to,0.0559562742710113
critical,13,unambiguous,short,object,final,12,7,film,2.4103381633758545
critical,13,unambiguous,short,object,final,12,8,a,1.7296171188354492
critical,13,unambiguous,short,object,final,12,9,scene,5.07078742980957
critical,13,unambiguous,short,object,final,12,10,the,8.856278419494629
critical,13,unambiguous,short,object,final,12,11,bear,6.853192329406738
critical,13,unambiguous,short,object,final,12,12,leaves.,11.07336401939392
critical,13,ambiguous,long,,nonfinal,12,0,Whenever,19.71836280822754
critical,13,ambiguous,long,,nonfinal,12,1,the,4.337041854858398
critical,13,ambiguous,long,,nonfinal,12,2,wildlife,21.423799514770508
critical,13,ambiguous,long,,nonfinal,12,3,documentary,7.907721042633057
critical,13,ambiguous,long,,nonfinal,12,4,crew,6.563204765319824
critical,13,ambiguous,long,,nonfinal,12,5,tries,10.155136108398438
critical,13,ambiguous,long,,nonfinal,12,6,to,0.0559562742710113
critical,13,ambiguous,long,,nonfinal,12,7,film,2.4103381633758545
critical,13,ambiguous,long,,nonfinal,12,8,the,3.5959975719451904
critical,13,ambiguous,long,,nonfinal,12,9,bear,8.377547264099121
critical,13,ambiguous,long,,nonfinal,12,10,hunting,7.050771236419678
critical,13,ambiguous,long,,nonfinal,12,11,cautiously,24.488201141357425
critical,13,ambiguous,long,,nonfinal,12,12,leaves,14.463948249816896
critical,13,ambiguous,long,,nonfinal,12,13,the,1.530263066291809
critical,13,ambiguous,long,,nonfinal,12,14,area,4.6663665771484375
critical,13,ambiguous,long,,nonfinal,12,15,quickly.,11.192453622817991
critical,13,ambiguous,short,,nonfinal,10,0,Whenever,19.71836280822754
critical,13,ambiguous,short,,nonfinal,10,1,the,4.337041854858398
critical,13,ambiguous,short,,nonfinal,10,2,wildlife,21.423799514770508
critical,13,ambiguous,short,,nonfinal,10,3,documentary,7.907721042633057
critical,13,ambiguous,short,,nonfinal,10,4,crew,6.563204765319824
critical,13,ambiguous,short,,nonfinal,10,5,tries,10.155136108398438
critical,13,ambiguous,short,,nonfinal,10,6,to,0.0559562742710113
critical,13,ambiguous,short,,nonfinal,10,7,film,2.4103381633758545
critical,13,ambiguous,short,,nonfinal,10,8,the,3.5959975719451904
critical,13,ambiguous,short,,nonfinal,10,9,bear,8.377547264099121
critical,13,ambiguous,short,,nonfinal,10,10,leaves,15.27230167388916
critical,13,ambiguous,short,,nonfinal,10,11,the,3.848744630813599
critical,13,ambiguous,short,,nonfinal,10,12,area,3.843360900878906
critical,13,ambiguous,short,,nonfinal,10,13,quickly.,10.960062265396118
critical,13,unambiguous,long,comma,nonfinal,12,0,Whenever,19.71836280822754
critical,13,unambiguous,long,comma,nonfinal,12,1,the,4.337041854858398
critical,13,unambiguous,long,comma,nonfinal,12,2,wildlife,21.423799514770508
critical,13,unambiguous,long,comma,nonfinal,12,3,documentary,7.907721042633057
critical,13,unambiguous,long,comma,nonfinal,12,4,crew,6.563204765319824
critical,13,unambiguous,long,comma,nonfinal,12,5,tries,10.155136108398438
critical,13,unambiguous,long,comma,nonfinal,12,6,to,0.0559562742710113
critical,13,unambiguous,long,comma,nonfinal,12,7,"film,",10.287989854812622
critical,13,unambiguous,long,comma,nonfinal,12,8,the,2.769399404525757
critical,13,unambiguous,long,comma,nonfinal,12,9,bear,7.381694793701172
critical,13,unambiguous,long,comma,nonfinal,12,10,hunting,13.446205139160156
critical,13,unambiguous,long,comma,nonfinal,12,11,cautiously,23.24869728088379
critical,13,unambiguous,long,comma,nonfinal,12,12,leaves,9.324281692504885
critical,13,unambiguous,long,comma,nonfinal,12,13,the,1.3940032720565796
critical,13,unambiguous,long,comma,nonfinal,12,14,area,3.013402938842773
critical,13,unambiguous,long,comma,nonfinal,12,15,quickly.,11.218743562698364
critical,13,unambiguous,short,comma,nonfinal,10,0,Whenever,19.71836280822754
critical,13,unambiguous,short,comma,nonfinal,10,1,the,4.337041854858398
critical,13,unambiguous,short,comma,nonfinal,10,2,wildlife,21.423799514770508
critical,13,unambiguous,short,comma,nonfinal,10,3,documentary,7.907721042633057
critical,13,unambiguous,short,comma,nonfinal,10,4,crew,6.563204765319824
critical,13,unambiguous,short,comma,nonfinal,10,5,tries,10.155136108398438
critical,13,unambiguous,short,comma,nonfinal,10,6,to,0.0559562742710113
critical,13,unambiguous,short,comma,nonfinal,10,7,"film,",10.287989854812622
critical,13,unambiguous,short,comma,nonfinal,10,8,the,2.769399404525757
critical,13,unambiguous,short,comma,nonfinal,10,9,bear,7.381694793701172
critical,13,unambiguous,short,comma,nonfinal,10,10,leaves,8.580964088439941
critical,13,unambiguous,short,comma,nonfinal,10,11,the,2.7781968116760254
critical,13,unambiguous,short,comma,nonfinal,10,12,area,3.305269956588745
critical,13,unambiguous,short,comma,nonfinal,10,13,quickly.,8.09404844045639
critical,13,unambiguous,long,object,nonfinal,14,0,Whenever,19.71836280822754
critical,13,unambiguous,long,object,nonfinal,14,1,the,4.337041854858398
critical,13,unambiguous,long,object,nonfinal,14,2,wildlife,21.423799514770508
critical,13,unambiguous,long,object,nonfinal,14,3,documentary,7.907721042633057
critical,13,unambiguous,long,object,nonfinal,14,4,crew,6.563204765319824
critical,13,unambiguous,long,object,nonfinal,14,5,tries,10.155136108398438
critical,13,unambiguous,long,object,nonfinal,14,6,to,0.0559562742710113
critical,13,unambiguous,long,object,nonfinal,14,7,film,2.4103381633758545
critical,13,unambiguous,long,object,nonfinal,14,8,a,1.7296171188354492
critical,13,unambiguous,long,object,nonfinal,14,9,scene,5.07078742980957
critical,13,unambiguous,long,object,nonfinal,14,10,the,8.856278419494629
critical,13,unambiguous,long,object,nonfinal,14,11,bear,6.853194713592529
critical,13,unambiguous,long,object,nonfinal,14,12,hunting,15.49983024597168
critical,13,unambiguous,long,object,nonfinal,14,13,cautiously,20.149145126342773
critical,13,unambiguous,long,object,nonfinal,14,14,leaves,10.322518348693848
critical,13,unambiguous,long,object,nonfinal,14,15,the,1.082838535308838
critical,13,unambiguous,long,object,nonfinal,14,16,area,1.82869291305542
critical,13,unambiguous,long,object,nonfinal,14,17,quickly.,10.26310169696808
critical,13,unambiguous,short,object,nonfinal,12,0,Whenever,19.71836280822754
critical,13,unambiguous,short,object,nonfinal,12,1,the,4.337041854858398
critical,13,unambiguous,short,object,nonfinal,12,2,wildlife,21.423799514770508
critical,13,unambiguous,short,object,nonfinal,12,3,documentary,7.907721042633057
critical,13,unambiguous,short,object,nonfinal,12,4,crew,6.563204765319824
critical,13,unambiguous,short,object,nonfinal,12,5,tries,10.155136108398438
critical,13,unambiguous,short,object,nonfinal,12,6,to,0.0559562742710113
critical,13,unambiguous,short,object,nonfinal,12,7,film,2.4103381633758545
critical,13,unambiguous,short,object,nonfinal,12,8,a,1.7296171188354492
critical,13,unambiguous,short,object,nonfinal,12,9,scene,5.07078742980957
critical,13,unambiguous,short,object,nonfinal,12,10,the,8.856278419494629
critical,13,unambiguous,short,object,nonfinal,12,11,bear,6.853194713592529
critical,13,unambiguous,short,object,nonfinal,12,12,leaves,8.496040344238281
critical,13,unambiguous,short,object,nonfinal,12,13,the,2.0903844833374023
critical,13,unambiguous,short,object,nonfinal,12,14,area,2.382124900817871
critical,13,unambiguous,short,object,nonfinal,12,15,quickly.,8.597606539726257
critical,14,ambiguous,long,,final,9,0,While,11.370808601379396
critical,14,ambiguous,long,,final,9,1,the,1.8241167068481443
critical,14,ambiguous,long,,final,9,2,mechanic,25.78738021850586
critical,14,ambiguous,long,,final,9,3,inspected,17.89552879333496
critical,14,ambiguous,long,,final,9,4,the,0.6148833632469177
critical,14,ambiguous,long,,final,9,5,engine,2.430032253265381
critical,14,ambiguous,long,,final,9,6,running,12.934946060180664
critical,14,ambiguous,long,,final,9,7,on,3.2476789951324463
critical,14,ambiguous,long,,final,9,8,diesel,7.998575687408447
critical,14,ambiguous,long,,final,9,9,hissed.,32.838759899139404
critical,14,ambiguous,short,,final,6,0,While,11.370808601379396
critical,14,ambiguous,short,,final,6,1,the,1.8241167068481443
critical,14,ambiguous,short,,final,6,2,mechanic,25.78738021850586
critical,14,ambiguous,short,,final,6,3,inspected,17.89552879333496
critical,14,ambiguous,short,,final,6,4,the,0.6148833632469177
critical,14,ambiguous,short,,final,6,5,engine,2.430032253265381
critical,14,ambiguous,short,,final,6,6,hissed.,33.41027307510376
critical,14,unambiguous,long,comma,final,9,0,While,11.370808601379396
critical,14,unambiguous,long,comma,final,9,1,the,1.8241167068481443
critical,14,unambiguous,long,comma,final,9,2,mechanic,25.78738021850586
critical,14,unambiguous,long,comma,final,9,3,"inspected,",23.934819221496586
critical,14,unambiguous,long,comma,final,9,4,the,1.9254158735275269
critical,14,unambiguous,long,comma,final,9,5,engine,4.027690410614014
critical,14,unambiguous,long,comma,final,9,6,running,11.341733932495115
critical,14,unambiguous,long,comma,final,9,7,on,5.737427711486816
critical,14,unambiguous,long,comma,final,9,8,diesel,8.277304649353027
critical,14,unambiguous,long,comma,final,9,9,hissed.,25.955243587493896
critical,14,unambiguous,short,comma,final,6,0,While,11.370808601379396
critical,14,unambiguous,short,comma,final,6,1,the,1.8241167068481443
critical,14,unambiguous,short,comma,final,6,2,mechanic,25.78738021850586
critical,14,unambiguous,short,comma,final,6,3,"inspected,",23.934819221496586
critical,14,unambiguous,short,comma,final,6,4,the,1.9254158735275269
critical,14,unambiguous,short,comma,final,6,5,engine,4.027690410614014
critical,14,unambiguous,short,comma,final,6,6,hissed.,14.212898254394531
critical,14,unambiguous,long,object,final,11,0,While,11.370808601379396
critical,14,unambiguous,long,object,final,11,1,the,1.8241167068481443
critical,14,unambiguous,long,object,final,11,2,mechanic,25.78738021850586
critical,14,unambiguous,long,object,final,11,3,inspected,17.89552879333496
critical,14,unambiguous,long,object,final,11,4,the,0.6148833632469177
critical,14,unambiguous,long,object,final,11,5,vehicle,2.7006421089172363
critical,14,unambiguous,long,object,final,11,6,the,5.63433313369751
critical,14,unambiguous,long,object,final,11,7,engine,4.511403560638428
critical,14,unambiguous,long,object,final,11,8,running,11.92343044281006
critical,14,unambiguous,long,object,final,11,9,on,5.738741874694824
critical,14,unambiguous,long,object,final,11,10,diesel,9.324832916259766
critical,14,unambiguous,long,object,final,11,11,hissed.,26.77080535888672
critical,14,unambiguous,short,object,final,8,0,While,11.370808601379396
critical,14,unambiguous,short,object,final,8,1,the,1.8241167068481443
critical,14,unambiguous,short,object,final,8,2,mechanic,25.78738021850586
critical,14,unambiguous,short,object,final,8,3,inspected,17.89552879333496
critical,14,unambiguous,short,object,final,8,4,the,0.6148833632469177
critical,14,unambiguous,short,object,final,8,5,vehicle,2.7006421089172363
critical,14,unambiguous,short,object,final,8,6,the,5.63433313369751
critical,14,unambiguous,short,object,final,8,7,engine,4.511403560638428
critical,14,unambiguous,short,object,final,8,8,hissed.,18.84143686294556
critical,14,ambiguous,long,,nonfinal,9,0,While,11.370808601379396
critical,14,ambiguous,long,,nonfinal,9,1,the,1.8241167068481443
critical,14,ambiguous,long,,nonfinal,9,2,mechanic,25.78738021850586
critical,14,ambiguous,long,,nonfinal,9,3,inspected,17.89552879333496
critical,14,ambiguous,long,,nonfinal,9,4,the,0.6148833632469177
critical,14,ambiguous,long,,nonfinal,9,5,engine,2.430032253265381
critical,14,ambiguous,long,,nonfinal,9,6,running,12.934946060180664
critical,14,ambiguous,long,,nonfinal,9,7,on,3.2476789951324463
critical,14,ambiguous,long,,nonfinal,9,8,diesel,7.998575687408447
critical,14,ambiguous,long,,nonfinal,9,9,hissed,27.844257354736328
critical,14,ambiguous,long,,nonfinal,9,10,as,6.822810173034668
critical,14,ambiguous,long,,nonfinal,9,11,steam,10.295589447021484
critical,14,ambiguous,long,,nonfinal,9,12,escaped.,8.571256160736084
critical,14,ambiguous,short,,nonfinal,6,0,While,11.370808601379396
critical,14,ambiguous,short,,nonfinal,6,1,the,1.8241167068481443
critical,14,ambiguous,short,,nonfinal,6,2,mechanic,25.78738021850586
critical,14,ambiguous,short,,nonfinal,6,3,inspected,17.89552879333496
critical,14,ambiguous,short,,nonfinal,6,4,the,0.6148833632469177
critical,14,ambiguous,short,,nonfinal,6,5,engine,2.430032253265381
critical,14,ambiguous,short,,nonfinal,6,6,hissed,28.2871150970459
critical,14,ambiguous,short,,nonfinal,6,7,as,6.572625160217285
critical,14,ambiguous,short,,nonfinal,6,8,steam,11.042251586914062
critical,14,ambiguous,short,,nonfinal,6,9,escaped.,6.9210193157196045
critical,14,unambiguous,long,comma,nonfinal,9,0,While,11.370808601379396
critical,14,unambiguous,long,comma,nonfinal,9,1,the,1.8241167068481443
critical,14,unambiguous,long,comma,nonfinal,9,2,mechanic,25.78738021850586
critical,14,unambiguous,long,comma,nonfinal,9,3,"inspected,",23.934819221496586
critical,14,unambiguous,long,comma,nonfinal,9,4,the,1.9254158735275269
critical,14,unambiguous,long,comma,nonfinal,9,5,engine,4.027690410614014
critical,14,unambiguous,long,comma,nonfinal,9,6,running,11.341733932495115
critical,14,unambiguous,long,comma,nonfinal,9,7,on,5.737430572509766
critical,14,unambiguous,long,comma,nonfinal,9,8,diesel,8.277304649353027
critical,14,unambiguous,long,comma,nonfinal,9,9,hissed,22.15693664550781
critical,14,unambiguous,long,comma,nonfinal,9,10,as,5.185282230377197
critical,14,unambiguous,long,comma,nonfinal,9,11,steam,9.04344081878662
critical,14,unambiguous,long,comma,nonfinal,9,12,escaped.,6.629427433013916
critical,14,unambiguous,short,comma,nonfinal,6,0,While,11.370808601379396
critical,14,unambiguous,short,comma,nonfinal,6,1,the,1.8241167068481443
critical,14,unambiguous,short,comma,nonfinal,6,2,mechanic,25.78738021850586
critical,14,unambiguous,short,comma,nonfinal,6,3,"inspected,",23.934819221496586
critical,14,unambiguous,short,comma,nonfinal,6,4,the,1.9254158735275269
critical,14,unambiguous,short,comma,nonfinal,6,5,engine,4.027690410614014
critical,14,unambiguous,short,comma,nonfinal,6,6,hissed,10.942448616027832
critical,14,unambiguous,short,comma,nonfinal,6,7,as,4.829611301422119
critical,14,unambiguous,short,comma,nonfinal,6,8,steam,9.886157035827637
critical,14,unambiguous,short,comma,nonfinal,6,9,escaped.,6.47853684425354
critical,14,unambiguous,long,object,nonfinal,11,0,While,11.370808601379396
critical,14,unambiguous,long,object,nonfinal,11,1,the,1.8241167068481443
critical,14,unambiguous,long,object,nonfinal,11,2,mechanic,25.78738021850586
critical,14,unambiguous,long,object,nonfinal,11,3,inspected,17.89552879333496
critical,14,unambiguous,long,object,nonfinal,11,4,the,0.6148833632469177
critical,14,unambiguous,long,object,nonfinal,11,5,vehicle,2.7006421089172363
critical,14,unambiguous,long,object,nonfinal,11,6,the,5.63433313369751
critical,14,unambiguous,long,object,nonfinal,11,7,engine,4.511403560638428
critical,14,unambiguous,long,object,nonfinal,11,8,running,11.92343044281006
critical,14,unambiguous,long,object,nonfinal,11,9,on,5.738741874694824
critical,14,unambiguous,long,object,nonfinal,11,10,diesel,9.324832916259766
critical,14,unambiguous,long,object,nonfinal,11,11,hissed,22.46173477172852
critical,14,unambiguous,long,object,nonfinal,11,12,as,5.473001003265381
critical,14,unambiguous,long,object,nonfinal,11,13,steam,9.696941375732422
critical,14,unambiguous,long,object,nonfinal,11,14,escaped.,6.87695050239563
critical,14,unambiguous,short,object,nonfinal,8,0,While,11.370808601379396
critical,14,unambiguous,short,object,nonfinal,8,1,the,1.8241167068481443
critical,14,unambiguous,short,object,nonfinal,8,2,mechanic,25.78738021850586
critical,14,unambiguous,short,object,nonfinal,8,3,inspected,17.89552879333496
critical,14,unambiguous,short,object,nonfinal,8,4,the,0.6148833632469177
critical,14,unambiguous,short,object,nonfinal,8,5,vehicle,2.7006421089172363
critical,14,unambiguous,short,object,nonfinal,8,6,the,5.63433313369751
critical,14,unambiguous,short,object,nonfinal,8,7,engine,4.511403560638428
critical,14,unambiguous,short,object,nonfinal,8,8,hissed,14.718668937683104
critical,14,unambiguous,short,object,nonfinal,8,9,as,5.47907018661499
critical,14,unambiguous,short,object,nonfinal,8,10,steam,10.241665840148926
critical,14,unambiguous,short,object,nonfinal,8,11,escaped.,6.682665109634399
critical,15,ambiguous,long,,final,10,0,After,9.379192352294922
critical,15,ambiguous,long,,final,10,1,the,2.6995084285736084
critical,15,ambiguous,long,,final,10,2,college,16.566970825195312
critical,15,ambiguous,long,,final,10,3,shut,8.75723648071289
critical,15,ambiguous,long,,final,10,4,down,0.4115531146526336
critical,15,ambiguous,long,,final,10,5,the,5.044320106506348
critical,15,ambiguous,long,,final,10,6,parties,13.742928504943848
critical,15,ambiguous,long,,final,10,7,in,4.348321437835693
critical,15,ambiguous,long,,final,10,8,the,1.0583372116088867
critical,15,ambiguous,long,,final,10,9,fraternity,10.443382263183594
critical,15,ambiguous,long,,final,10,10,stopped.,12.388977885246277
critical,15,ambiguous,short,,final,7,0,After,9.379192352294922
critical,15,ambiguous,short,,final,7,1,the,2.6995084285736084
critical,15,ambiguous,short,,final,7,2,college,16.566970825195312
critical,15,ambiguous,short,,final,7,3,shut,8.75723648071289
critical,15,ambiguous,short,,final,7,4,down,0.4115531146526336
critical,15,ambiguous,short,,final,7,5,the,5.044320106506348
critical,15,ambiguous,short,,final,7,6,parties,13.742928504943848
critical,15,ambiguous,short,,final,7,7,stopped.,10.192713737487791
critical,15,unambiguous,long,comma,final,10,0,After,9.379192352294922
critical,15,unambiguous,long,comma,final,10,1,the,2.6995084285736084
critical,15,unambiguous,long,comma,final,10,2,college,16.566970825195312
critical,15,unambiguous,long,comma,final,10,3,shut,8.75723648071289
critical,15,unambiguous,long,comma,final,10,4,"down,",2.077974170446396
critical,15,unambiguous,long,comma,final,10,5,the,2.433105945587158
critical,15,unambiguous,long,comma,final,10,6,parties,13.227206230163574
critical,15,unambiguous,long,comma,final,10,7,in,4.467772006988525
critical,15,unambiguous,long,comma,final,10,8,the,0.7942185997962952
critical,15,unambiguous,long,comma,final,10,9,fraternity,9.916658401489258
critical,15,unambiguous,long,comma,final,10,10,stopped.,14.547090530395508
critical,15,unambiguous,short,comma,final,7,0,After,9.379192352294922
critical,15,unambiguous,short,comma,final,7,1,the,2.6995084285736084
critical,15,unambiguous,short,comma,final,7,2,college,16.566970825195312
critical,15,unambiguous,short,comma,final,7,3,shut,8.75723648071289
critical,15,unambiguous,short,comma,final,7,4,"down,",2.077974170446396
critical,15,unambiguous,short,comma,final,7,5,the,2.433105945587158
critical,15,unambiguous,short,comma,final,7,6,parties,13.227206230163574
critical,15,unambiguous,short,comma,final,7,7,stopped.,9.325737237930298
critical,15,unambiguous,long,object,final,12,0,After,9.379192352294922
critical,15,unambiguous,long,object,final,12,1,the,2.6995084285736084
critical,15,unambiguous,long,object,final,12,2,college,16.566970825195312
critical,15,unambiguous,long,object,final,12,3,shut,8.75723648071289
critical,15,unambiguous,long,object,final,12,4,down,0.4115531146526336
critical,15,unambiguous,long,object,final,12,5,the,5.044320106506348
critical,15,unambiguous,long,object,final,12,6,campus,4.132030487060547
critical,15,unambiguous,long,object,final,12,7,the,7.326448440551758
critical,15,unambiguous,long,object,final,12,8,parties,14.133625030517578
critical,15,unambiguous,long,object,final,12,9,in,5.553420066833496
critical,15,unambiguous,long,object,final,12,10,the,0.8594592213630676
critical,15,unambiguous,long,object,final,12,11,fraternity,10.114471435546877
critical,15,unambiguous,long,object,final,12,12,stopped.,10.177422165870668
critical,15,unambiguous,short,object,final,9,0,After,9.379192352294922
critical,15,unambiguous,short,object,final,9,1,the,2.6995084285736084
critical,15,unambiguous,short,object,final,9,2,college,16.566970825195312
critical,15,unambiguous,short,object,final,9,3,shut,8.75723648071289
critical,15,unambiguous,short,object,final,9,4,down,0.4115531146526336
critical,15,unambiguous,short,object,final,9,5,the,5.044320106506348
critical,15,unambiguous,short,object,final,9,6,campus,4.132030487060547
critical,15,unambiguous,short,object,final,9,7,the,7.326448440551758
critical,15,unambiguous,short,object,final,9,8,parties,14.133627891540527
critical,15,unambiguous,short,object,final,9,9,stopped.,8.171067595481873
critical,15,ambiguous,long,,nonfinal,10,0,After,9.379192352294922
critical,15,ambiguous,long,,nonfinal,10,1,the,2.6995112895965576
critical,15,ambiguous,long,,nonfinal,10,2,college,16.566970825195312
critical,15,ambiguous,long,,nonfinal,10,3,shut,8.75723648071289
critical,15,ambiguous,long,,nonfinal,10,4,down,0.4115531146526336
critical,15,ambiguous,long,,nonfinal,10,5,the,5.044320106506348
critical,15,ambiguous,long,,nonfinal,10,6,parties,13.742928504943848
critical,15,ambiguous,long,,nonfinal,10,7,in,4.348321437835693
critical,15,ambiguous,long,,nonfinal,10,8,the,1.0583372116088867
critical,15,ambiguous,long,,nonfinal,10,9,fraternity,10.443382263183594
critical,15,ambiguous,long,,nonfinal,10,10,stopped,10.63906955718994
critical,15,ambiguous,long,,nonfinal,10,11,for,5.56336784362793
critical,15,ambiguous,long,,nonfinal,10,12,the,3.138353109359741
critical,15,ambiguous,long,,nonfinal,10,13,year.,5.71415776014328
critical,15,ambiguous,short,,nonfinal,7,0,After,9.379192352294922
critical,15,ambiguous,short,,nonfinal,7,1,the,2.6995084285736084
critical,15,ambiguous,short,,nonfinal,7,2,college,16.566970825195312
critical,15,ambiguous,short,,nonfinal,7,3,shut,8.75723648071289
critical,15,ambiguous,short,,nonfinal,7,4,down,0.4115531146526336
critical,15,ambiguous,short,,nonfinal,7,5,the,5.044320106506348
critical,15,ambiguous,short,,nonfinal,7,6,parties,13.742928504943848
critical,15,ambiguous,short,,nonfinal,7,7,stopped,8.15865707397461
critical,15,ambiguous,short,,nonfinal,7,8,for,5.05048942565918
critical,15,ambiguous,short,,nonfinal,7,9,the,3.289351224899292
critical,15,ambiguous,short,,nonfinal,7,10,year.,5.522299587726593
critical,15,unambiguous,long,comma,nonfinal,10,0,After,9.379192352294922
critical,15,unambiguous,long,comma,nonfinal,10,1,the,2.6995084285736084
critical,15,unambiguous,long,comma,nonfinal,10,2,college,16.566970825195312
critical,15,unambiguous,long,comma,nonfinal,10,3,shut,8.75723648071289
critical,15,unambiguous,long,comma,nonfinal,10,4,"down,",2.077974170446396
critical,15,unambiguous,long,comma,nonfinal,10,5,the,2.433105945587158
critical,15,unambiguous,long,comma,nonfinal,10,6,parties,13.227206230163574
critical,15,unambiguous,long,comma,nonfinal,10,7,in,4.467772006988525
critical,15,unambiguous,long,comma,nonfinal,10,8,the,0.7942185997962952
critical,15,unambiguous,long,comma,nonfinal,10,9,fraternity,9.916658401489258
critical,15,unambiguous,long,comma,nonfinal,10,10,stopped,10.28492832183838
critical,15,unambiguous,long,comma,nonfinal,10,11,for,7.113381385803223
critical,15,unambiguous,long,comma,nonfinal,10,12,the,3.472170114517212
critical,15,unambiguous,long,comma,nonfinal,10,13,year.,7.520894885063171
critical,15,unambiguous,short,comma,nonfinal,7,0,After,9.379192352294922
critical,15,unambiguous,short,comma,nonfinal,7,1,the,2.6995084285736084
critical,15,unambiguous,short,comma,nonfinal,7,2,college,16.566970825195312
critical,15,unambiguous,short,comma,nonfinal,7,3,shut,8.75723648071289
critical,15,unambiguous,short,comma,nonfinal,7,4,"down,",2.077974170446396
critical,15,unambiguous,short,comma,nonfinal,7,5,the,2.433105945587158
critical,15,unambiguous,short,comma,nonfinal,7,6,parties,13.227206230163574
critical,15,unambiguous,short,comma,nonfinal,7,7,stopped,7.39228630065918
critical,15,unambiguous,short,comma,nonfinal,7,8,for,5.235973358154297
critical,15,unambiguous,short,comma,nonfinal,7,9,the,3.2591538429260254
critical,15,unambiguous,short,comma,nonfinal,7,10,year.,6.579212725162506
critical,15,unambiguous,long,object,nonfinal,12,0,After,9.379192352294922
critical,15,unambiguous,long,object,nonfinal,12,1,the,2.6995084285736084
critical,15,unambiguous,long,object,nonfinal,12,2,college,16.566970825195312
critical,15,unambiguous,long,object,nonfinal,12,3,shut,8.75723648071289
critical,15,unambiguous,long,object,nonfinal,12,4,down,0.4115531146526336
critical,15,unambiguous,long,object,nonfinal,12,5,the,5.044320106506348
critical,15,unambiguous,long,object,nonfinal,12,6,campus,4.132030487060547
critical,15,unambiguous,long,object,nonfinal,12,7,the,7.326448440551758
critical,15,unambiguous,long,object,nonfinal,12,8,parties,14.133625030517578
critical,15,unambiguous,long,object,nonfinal,12,9,in,5.553420066833496
critical,15,unambiguous,long,object,nonfinal,12,10,the,0.8594592213630676
critical,15,unambiguous,long,object,nonfinal,12,11,fraternity,10.114471435546877
critical,15,unambiguous,long,object,nonfinal,12,12,stopped,8.875574111938477
critical,15,unambiguous,long,object,nonfinal,12,13,for,5.761539936065674
critical,15,unambiguous,long,object,nonfinal,12,14,the,3.132657051086426
critical,15,unambiguous,long,object,nonfinal,12,15,year.,6.064388930797577
critical,15,unambiguous,short,object,nonfinal,9,0,After,9.379192352294922
critical,15,unambiguous,short,object,nonfinal,9,1,the,2.6995084285736084
critical,15,unambiguous,short,object,nonfinal,9,2,college,16.566970825195312
critical,15,unambiguous,short,object,nonfinal,9,3,shut,8.75723648071289
critical,15,unambiguous,short,object,nonfinal,9,4,down,0.4115531146526336
critical,15,unambiguous,short,object,nonfinal,9,5,the,5.044320106506348
critical,15,unambiguous,short,object,nonfinal,9,6,campus,4.132030487060547
critical,15,unambiguous,short,object,nonfinal,9,7,the,7.326448440551758
critical,15,unambiguous,short,object,nonfinal,9,8,parties,14.133625030517578
critical,15,unambiguous,short,object,nonfinal,9,9,stopped,6.369479179382324
critical,15,unambiguous,short,object,nonfinal,9,10,for,5.549302101135254
critical,15,unambiguous,short,object,nonfinal,9,11,the,3.20600962638855
critical,15,unambiguous,short,object,nonfinal,9,12,year.,5.431593179702759
critical,16,ambiguous,long,,final,8,0,Before,14.338445663452148
critical,16,ambiguous,long,,final,8,1,the,2.39993953704834
critical,16,ambiguous,long,,final,8,2,fans,18.05081367492676
critical,16,ambiguous,long,,final,8,3,notice,15.0118408203125
critical,16,ambiguous,long,,final,8,4,the,3.2009685039520264
critical,16,ambiguous,long,,final,8,5,celebrity,16.14723014831543
critical,16,ambiguous,long,,final,8,6,shopping,14.021116256713867
critical,16,ambiguous,long,,final,8,7,discreetly,25.77152827382088
critical,16,ambiguous,long,,final,8,8,flees.,24.12766909599304
critical,16,ambiguous,short,,final,6,0,Before,14.338445663452148
critical,16,ambiguous,short,,final,6,1,the,2.39993953704834
critical,16,ambiguous,short,,final,6,2,fans,18.05081367492676
critical,16,ambiguous,short,,final,6,3,notice,15.0118408203125
critical,16,ambiguous,short,,final,6,4,the,3.2009685039520264
critical,16,ambiguous,short,,final,6,5,celebrity,16.14723014831543
critical,16,ambiguous,short,,final,6,6,flees.,30.52528214454651
critical,16,unambiguous,long,comma,final,8,0,Before,14.338445663452148
critical,16,unambiguous,long,comma,final,8,1,the,2.39993953704834
critical,16,unambiguous,long,comma,final,8,2,fans,18.05081367492676
critical,16,unambiguous,long,comma,final,8,3,"notice,",16.12074363231659
critical,16,unambiguous,long,comma,final,8,4,the,1.624427080154419
critical,16,unambiguous,long,comma,final,8,5,celebrity,15.819881439208984
critical,16,unambiguous,long,comma,final,8,6,shopping,13.755086898803713
critical,16,unambiguous,long,comma,final,8,7,discreetly,27.674306750297543
critical,16,unambiguous,long,comma,final,8,8,flees.,16.47943952679634
critical,16,unambiguous,short,comma,final,6,0,Before,14.338445663452148
critical,16,unambiguous,short,comma,final,6,1,the,2.39993953704834
critical,16,unambiguous,short,comma,final,6,2,fans,18.05081367492676
critical,16,unambiguous,short,comma,final,6,3,"notice,",16.12074363231659
critical,16,unambiguous,short,comma,final,6,4,the,1.624427080154419
critical,16,unambiguous,short,comma,final,6,5,celebrity,15.819881439208984
critical,16,unambiguous,short,comma,final,6,6,flees.,29.323547065258023
critical,16,unambiguous,long,object,final,9,0,Before,14.338445663452148
critical,16,unambiguous,long,object,final,9,1,the,2.39993953704834
critical,16,unambiguous,long,object,final,9,2,fans,18.05081367492676
critical,16,unambiguous,long,object,final,9,3,notice,15.0118408203125
critical,16,unambiguous,long,object,final,9,4,him,6.904932498931885
critical,16,unambiguous,long,object,final,9,5,the,8.568636894226074
critical,16,unambiguous,long,object,final,9,6,celebrity,15.866070747375488
critical,16,unambiguous,long,object,final,9,7,shopping,14.224006652832031
critical,16,unambiguous,long,object,final,9,8,discreetly,25.577611096203327
critical,16,unambiguous,long,object,final,9,9,flees.,16.907567590475082
critical,16,unambiguous,short,object,final,7,0,Before,14.338445663452148
critical,16,unambiguous,short,object,final,7,1,the,2.39993953704834
critical,16,unambiguous,short,object,final,7,2,fans,18.05081367492676
critical,16,unambiguous,short,object,final,7,3,notice,15.0118408203125
critical,16,unambiguous,short,object,final,7,4,him,6.904932498931885
critical,16,unambiguous,short,object,final,7,5,the,8.568636894226074
critical,16,unambiguous,short,object,final,7,6,celebrity,15.866070747375488
critical,16,unambiguous,short,object,final,7,7,flees.,28.047862946987152
critical,16,ambiguous,long,,nonfinal,8,0,Before,14.338445663452148
critical,16,ambiguous,long,,nonfinal,8,1,the,2.39993953704834
critical,16,ambiguous,long,,nonfinal,8,2,fans,18.05081367492676
critical,16,ambiguous,long,,nonfinal,8,3,notice,15.0118408203125
critical,16,ambiguous,long,,nonfinal,8,4,the,3.2009685039520264
critical,16,ambiguous,long,,nonfinal,8,5,celebrity,16.14723014831543
critical,16,ambiguous,long,,nonfinal,8,6,shopping,14.021116256713867
critical,16,ambiguous,long,,nonfinal,8,7,discreetly,25.77152827382088
critical,16,ambiguous,long,,nonfinal,8,8,flees,17.819389581680298
critical,16,ambiguous,long,,nonfinal,8,9,in,5.79931116104126
critical,16,ambiguous,long,,nonfinal,8,10,his,5.074728965759277
critical,16,ambiguous,long,,nonfinal,8,11,limousine.,7.271064519882202
critical,16,ambiguous,short,,nonfinal,6,0,Before,14.338445663452148
critical,16,ambiguous,short,,nonfinal,6,1,the,2.39993953704834
critical,16,ambiguous,short,,nonfinal,6,2,fans,18.05081367492676
critical,16,ambiguous,short,,nonfinal,6,3,notice,15.0118408203125
critical,16,ambiguous,short,,nonfinal,6,4,the,3.2009685039520264
critical,16,ambiguous,short,,nonfinal,6,5,celebrity,16.14723014831543
critical,16,ambiguous,short,,nonfinal,6,6,flees,24.447263956069943
critical,16,ambiguous,short,,nonfinal,6,7,in,4.930954456329346
critical,16,ambiguous,short,,nonfinal,6,8,his,5.051779747009277
critical,16,ambiguous,short,,nonfinal,6,9,limousine.,8.12307071685791
critical,16,unambiguous,long,comma,nonfinal,8,0,Before,14.338445663452148
critical,16,unambiguous,long,comma,nonfinal,8,1,the,2.39993953704834
critical,16,unambiguous,long,comma,nonfinal,8,2,fans,18.05081367492676
critical,16,unambiguous,long,comma,nonfinal,8,3,"notice,",16.12074363231659
critical,16,unambiguous,long,comma,nonfinal,8,4,the,1.624427080154419
critical,16,unambiguous,long,comma,nonfinal,8,5,celebrity,15.819881439208984
critical,16,unambiguous,long,comma,nonfinal,8,6,shopping,13.755086898803713
critical,16,unambiguous,long,comma,nonfinal,8,7,discreetly,27.674306750297543
critical,16,unambiguous,long,comma,nonfinal,8,8,flees,12.710482388734818
critical,16,unambiguous,long,comma,nonfinal,8,9,in,5.787496566772461
critical,16,unambiguous,long,comma,nonfinal,8,10,his,4.557887077331543
critical,16,unambiguous,long,comma,nonfinal,8,11,limousine.,6.2220460176467896
critical,16,unambiguous,short,comma,nonfinal,6,0,Before,14.338445663452148
critical,16,unambiguous,short,comma,nonfinal,6,1,the,2.39993953704834
critical,16,unambiguous,short,comma,nonfinal,6,2,fans,18.05081367492676
critical,16,unambiguous,short,comma,nonfinal,6,3,"notice,",16.12074363231659
critical,16,unambiguous,short,comma,nonfinal,6,4,the,1.624427080154419
critical,16,unambiguous,short,comma,nonfinal,6,5,celebrity,15.819881439208984
critical,16,unambiguous,short,comma,nonfinal,6,6,flees,25.901062190532684
critical,16,unambiguous,short,comma,nonfinal,6,7,in,4.8892822265625
critical,16,unambiguous,short,comma,nonfinal,6,8,his,5.183347702026367
critical,16,unambiguous,short,comma,nonfinal,6,9,limousine.,6.163150668144226
critical,16,unambiguous,long,object,nonfinal,9,0,Before,14.338445663452148
critical,16,unambiguous,long,object,nonfinal,9,1,the,2.39993953704834
critical,16,unambiguous,long,object,nonfinal,9,2,fans,18.05081367492676
critical,16,unambiguous,long,object,nonfinal,9,3,notice,15.0118408203125
critical,16,unambiguous,long,object,nonfinal,9,4,him,6.904932498931885
critical,16,unambiguous,long,object,nonfinal,9,5,the,8.568636894226074
critical,16,unambiguous,long,object,nonfinal,9,6,celebrity,15.866070747375488
critical,16,unambiguous,long,object,nonfinal,9,7,shopping,14.224006652832031
critical,16,unambiguous,long,object,nonfinal,9,8,discreetly,25.577611096203327
critical,16,unambiguous,long,object,nonfinal,9,9,flees,12.741300195455551
critical,16,unambiguous,long,object,nonfinal,9,10,in,5.6216559410095215
critical,16,unambiguous,long,object,nonfinal,9,11,his,3.3055312633514404
critical,16,unambiguous,long,object,nonfinal,9,12,limousine.,6.600062608718872
critical,16,unambiguous,short,object,nonfinal,7,0,Before,14.338445663452148
critical,16,unambiguous,short,object,nonfinal,7,1,the,2.39993953704834
critical,16,unambiguous,short,object,nonfinal,7,2,fans,18.05081367492676
critical,16,unambiguous,short,object,nonfinal,7,3,notice,15.0118408203125
critical,16,unambiguous,short,object,nonfinal,7,4,him,6.904932498931885
critical,16,unambiguous,short,object,nonfinal,7,5,the,8.568636894226074
critical,16,unambiguous,short,object,nonfinal,7,6,celebrity,15.866070747375488
critical,16,unambiguous,short,object,nonfinal,7,7,flees,24.44501084089279
critical,16,unambiguous,short,object,nonfinal,7,8,in,4.976833820343018
critical,16,unambiguous,short,object,nonfinal,7,9,his,4.0642828941345215
critical,16,unambiguous,short,object,nonfinal,7,10,limousine.,6.144733667373657
critical,17,ambiguous,long,,final,8,0,While,11.370808601379396
critical,17,ambiguous,long,,final,8,1,the,1.8241167068481443
critical,17,ambiguous,long,,final,8,2,chef,21.379549026489254
critical,17,ambiguous,long,,final,8,3,cooked,13.475678443908691
critical,17,ambiguous,long,,final,8,4,the,2.9657649993896484
critical,17,ambiguous,long,,final,8,5,stew,9.438395500183104
critical,17,ambiguous,long,,final,8,6,with,5.517636775970459
critical,17,ambiguous,long,,final,8,7,vegetables,5.9762139320373535
critical,17,ambiguous,long,,final,8,8,simmered.,24.32219986617565
critical,17,ambiguous,short,,final,6,0,While,11.370808601379396
critical,17,ambiguous,short,,final,6,1,the,1.8241167068481443
critical,17,ambiguous,short,,final,6,2,chef,21.379549026489254
critical,17,ambiguous,short,,final,6,3,cooked,13.475678443908691
critical,17,ambiguous,short,,final,6,4,the,2.9657649993896484
critical,17,ambiguous,short,,final,6,5,stew,9.438395500183104
critical,17,ambiguous,short,,final,6,6,simmered.,23.91119058430195
critical,17,unambiguous,long,comma,final,8,0,While,11.370808601379396
critical,17,unambiguous,long,comma,final,8,1,the,1.8241167068481443
critical,17,unambiguous,long,comma,final,8,2,chef,21.379549026489254
critical,17,unambiguous,long,comma,final,8,3,"cooked,",15.18600869178772
critical,17,unambiguous,long,comma,final,8,4,the,1.767582654953003
critical,17,unambiguous,long,comma,final,8,5,stew,14.402514457702637
critical,17,unambiguous,long,comma,final,8,6,with,9.229310035705566
critical,17,unambiguous,long,comma,final,8,7,vegetables,3.7819974422454834
critical,17,unambiguous,long,comma,final,8,8,simmered.,8.50947325991001
critical,17,unambiguous,short,comma,final,6,0,While,11.370808601379396
critical,17,unambiguous,short,comma,final,6,1,the,1.8241167068481443
critical,17,unambiguous,short,comma,final,6,2,chef,21.379549026489254
critical,17,unambiguous,short,comma,final,6,3,"cooked,",15.18600869178772
critical,17,unambiguous,short,comma,final,6,4,the,1.767582654953003
critical,17,unambiguous,short,comma,final,6,5,stew,14.402514457702637
critical,17,unambiguous,short,comma,final,6,6,simmered.,7.867864761035889
critical,17,unambiguous,long,object,final,11,0,While,11.370808601379396
critical,17,unambiguous,long,object,final,11,1,the,1.8241167068481443
critical,17,unambiguous,long,object,final,11,2,chef,21.379549026489254
critical,17,unambiguous,long,object,final,11,3,cooked,13.475678443908691
critical,17,unambiguous,long,object,final,11,4,the,2.9657649993896484
critical,17,unambiguous,long,object,final,11,5,main,5.4138898849487305
critical,17,unambiguous,long,object,final,11,6,course,0.8735975623130798
critical,17,unambiguous,long,object,final,11,7,the,6.558900833129883
critical,17,unambiguous,long,object,final,11,8,stew,13.682775497436523
critical,17,unambiguous,long,object,final,11,9,with,8.730392456054688
critical,17,unambiguous,long,object,final,11,10,vegetables,3.6874537467956543
critical,17,unambiguous,long,object,final,11,11,simmered.,11.302533473586664
critical,17,unambiguous,short,object,final,9,0,While,11.370808601379396
critical,17,unambiguous,short,object,final,9,1,the,1.8241167068481443
critical,17,unambiguous,short,object,final,9,2,chef,21.379549026489254
critical,17,unambiguous,short,object,final,9,3,cooked,13.475678443908691
critical,17,unambiguous,short,object,final,9,4,the,2.9657649993896484
critical,17,unambiguous,short,object,final,9,5,main,5.4138898849487305
critical,17,unambiguous,short,object,final,9,6,course,0.8735975623130798
critical,17,unambiguous,short,object,final,9,7,the,6.558900833129883
critical,17,unambiguous,short,object,final,9,8,stew,13.682775497436523
critical,17,unambiguous,short,object,final,9,9,simmered.,11.374302227981389
critical,17,ambiguous,long,,nonfinal,8,0,While,11.370808601379396
critical,17,ambiguous,long,,nonfinal,8,1,the,1.8241167068481443
critical,17,ambiguous,long,,nonfinal,8,2,chef,21.379549026489254
critical,17,ambiguous,long,,nonfinal,8,3,cooked,13.475678443908691
critical,17,ambiguous,long,,nonfinal,8,4,the,2.9657649993896484
critical,17,ambiguous,long,,nonfinal,8,5,stew,9.438395500183104
critical,17,ambiguous,long,,nonfinal,8,6,with,5.517636775970459
critical,17,ambiguous,long,,nonfinal,8,7,vegetables,5.9762139320373535
critical,17,ambiguous,long,,nonfinal,8,8,simmered,11.264427229762076
critical,17,ambiguous,long,,nonfinal,8,9,on,6.22212028503418
critical,17,ambiguous,long,,nonfinal,8,10,the,0.6615553498268127
critical,17,ambiguous,long,,nonfinal,8,11,back,8.198198318481445
critical,17,ambiguous,long,,nonfinal,8,12,burner.,9.63641881942749
critical,17,ambiguous,short,,nonfinal,6,0,While,11.370808601379396
critical,17,ambiguous,short,,nonfinal,6,1,the,1.8241167068481443
critical,17,ambiguous,short,,nonfinal,6,2,chef,21.379549026489254
critical,17,ambiguous,short,,nonfinal,6,3,cooked,13.475678443908691
critical,17,ambiguous,short,,nonfinal,6,4,the,2.9657649993896484
critical,17,ambiguous,short,,nonfinal,6,5,stew,9.438395500183104
critical,17,ambiguous,short,,nonfinal,6,6,simmered,15.055691316723824
critical,17,ambiguous,short,,nonfinal,6,7,on,3.535745859146118
critical,17,ambiguous,short,,nonfinal,6,8,the,0.522794246673584
critical,17,ambiguous,short,,nonfinal,6,9,back,7.346053123474121
critical,17,ambiguous,short,,nonfinal,6,10,burner.,7.740476846694946
critical,17,unambiguous,long,comma,nonfinal,8,0,While,11.370808601379396
critical,17,unambiguous,long,comma,nonfinal,8,1,the,1.8241167068481443
critical,17,unambiguous,long,comma,nonfinal,8,2,chef,21.379549026489254
critical,17,unambiguous,long,comma,nonfinal,8,3,"cooked,",15.18600869178772
critical,17,unambiguous,long,comma,nonfinal,8,4,the,1.767582654953003
critical,17,unambiguous,long,comma,nonfinal,8,5,stew,14.402514457702637
critical,17,unambiguous,long,comma,nonfinal,8,6,with,9.229310035705566
critical,17,unambiguous,long,comma,nonfinal,8,7,vegetables,3.7819974422454834
critical,17,unambiguous,long,comma,nonfinal,8,8,simmered,4.470563824637793
critical,17,unambiguous,long,comma,nonfinal,8,9,on,2.384155511856079
critical,17,unambiguous,long,comma,nonfinal,8,10,the,0.3685849606990814
critical,17,unambiguous,long,comma,nonfinal,8,11,back,7.896031379699707
critical,17,unambiguous,long,comma,nonfinal,8,12,burner.,2.038264036178589
critical,17,unambiguous,short,comma,nonfinal,6,0,While,11.370808601379396
critical,17,unambiguous,short,comma,nonfinal,6,1,the,1.8241167068481443
critical,17,unambiguous,short,comma,nonfinal,6,2,chef,21.379549026489254
critical,17,unambiguous,short,comma,nonfinal,6,3,"cooked,",15.18600869178772
critical,17,unambiguous,short,comma,nonfinal,6,4,the,1.767582654953003
critical,17,unambiguous,short,comma,nonfinal,6,5,stew,14.402514457702637
critical,17,unambiguous,short,comma,nonfinal,6,6,simmered,4.814897689502686
critical,17,unambiguous,short,comma,nonfinal,6,7,on,3.094130277633667
critical,17,unambiguous,short,comma,nonfinal,6,8,the,0.3736811578273773
critical,17,unambiguous,short,comma,nonfinal,6,9,back,6.961836814880371
critical,17,unambiguous,short,comma,nonfinal,6,10,burner.,2.1879385709762573
critical,17,unambiguous,long,object,nonfinal,11,0,While,11.370808601379396
critical,17,unambiguous,long,object,nonfinal,11,1,the,1.8241167068481443
critical,17,unambiguous,long,object,nonfinal,11,2,chef,21.379549026489254
critical,17,unambiguous,long,object,nonfinal,11,3,cooked,13.475678443908691
critical,17,unambiguous,long,object,nonfinal,11,4,the,2.9657649993896484
critical,17,unambiguous,long,object,nonfinal,11,5,main,5.4138898849487305
critical,17,unambiguous,long,object,nonfinal,11,6,course,0.8735975623130798
critical,17,unambiguous,long,object,nonfinal,11,7,the,6.558900833129883
critical,17,unambiguous,long,object,nonfinal,11,8,stew,13.682775497436523
critical,17,unambiguous,long,object,nonfinal,11,9,with,8.730392456054688
critical,17,unambiguous,long,object,nonfinal,11,10,vegetables,3.6874537467956543
critical,17,unambiguous,long,object,nonfinal,11,11,simmered,5.857463683700189
critical,17,unambiguous,long,object,nonfinal,11,12,on,2.191042423248291
critical,17,unambiguous,long,object,nonfinal,11,13,the,0.3468793630599975
critical,17,unambiguous,long,object,nonfinal,11,14,back,6.994852066040039
critical,17,unambiguous,long,object,nonfinal,11,15,burner.,1.988966941833496
critical,17,unambiguous,short,object,nonfinal,9,0,While,11.370808601379396
critical,17,unambiguous,short,object,nonfinal,9,1,the,1.8241167068481443
critical,17,unambiguous,short,object,nonfinal,9,2,chef,21.379549026489254
critical,17,unambiguous,short,object,nonfinal,9,3,cooked,13.475678443908691
critical,17,unambiguous,short,object,nonfinal,9,4,the,2.9657649993896484
critical,17,unambiguous,short,object,nonfinal,9,5,main,5.4138898849487305
critical,17,unambiguous,short,object,nonfinal,9,6,course,0.8735975623130798
critical,17,unambiguous,short,object,nonfinal,9,7,the,6.558900833129883
critical,17,unambiguous,short,object,nonfinal,9,8,stew,13.682775497436523
critical,17,unambiguous,short,object,nonfinal,9,9,simmered,6.588259060867131
critical,17,unambiguous,short,object,nonfinal,9,10,on,2.400918960571289
critical,17,unambiguous,short,object,nonfinal,9,11,the,0.2112800031900406
critical,17,unambiguous,short,object,nonfinal,9,12,back,6.485662460327148
critical,17,unambiguous,short,object,nonfinal,9,13,burner.,1.9273256063461304
critical,18,ambiguous,long,,final,9,0,Once,15.305880546569824
critical,18,ambiguous,long,,final,9,1,the,3.407336711883545
critical,18,ambiguous,long,,final,9,2,contractor,15.06720733642578
critical,18,ambiguous,long,,final,9,3,remodeled,21.91909408569336
critical,18,ambiguous,long,,final,9,4,the,1.0549635887145996
critical,18,ambiguous,long,,final,9,5,house,2.80178165435791
critical,18,ambiguous,long,,final,9,6,that,8.368927001953125
critical,18,ambiguous,long,,final,9,7,was,2.778782844543457
critical,18,ambiguous,long,,final,9,8,neglected,12.109204292297363
critical,18,ambiguous,long,,final,9,9,transformed.,29.36061954498291
critical,18,ambiguous,short,,final,6,0,Once,15.305880546569824
critical,18,ambiguous,short,,final,6,1,the,3.407336711883545
critical,18,ambiguous,short,,final,6,2,contractor,15.06720733642578
critical,18,ambiguous,short,,final,6,3,remodeled,21.91909408569336
critical,18,ambiguous,short,,final,6,4,the,1.0549635887145996
critical,18,ambiguous,short,,final,6,5,house,2.80178165435791
critical,18,ambiguous,short,,final,6,6,transformed.,31.093440055847168
critical,18,unambiguous,long,comma,final,9,0,Once,15.305880546569824
critical,18,unambiguous,long,comma,final,9,1,the,3.407336711883545
critical,18,unambiguous,long,comma,final,9,2,contractor,15.06720733642578
critical,18,unambiguous,long,comma,final,9,3,"remodeled,",29.107481956481934
critical,18,unambiguous,long,comma,final,9,4,the,1.67425799369812
critical,18,unambiguous,long,comma,final,9,5,house,4.312587261199951
critical,18,unambiguous,long,comma,final,9,6,that,8.165034294128418
critical,18,unambiguous,long,comma,final,9,7,was,1.7915253639221191
critical,18,unambiguous,long,comma,final,9,8,neglected,10.512110710144045
critical,18,unambiguous,long,comma,final,9,9,transformed.,18.22079467773437
critical,18,unambiguous,short,comma,final,6,0,Once,15.305880546569824
critical,18,unambiguous,short,comma,final,6,1,the,3.407336711883545
critical,18,unambiguous,short,comma,final,6,2,contractor,15.06720733642578
critical,18,unambiguous,short,comma,final,6,3,"remodeled,",29.107481956481934
critical,18,unambiguous,short,comma,final,6,4,the,1.67425799369812
critical,18,unambiguous,short,comma,final,6,5,house,4.312587261199951
critical,18,unambiguous,short,comma,final,6,6,transformed.,15.511393070220947
critical,18,unambiguous,long,object,final,11,0,Once,15.305880546569824
critical,18,unambiguous,long,object,final,11,1,the,3.407336711883545
critical,18,unambiguous,long,object,final,11,2,contractor,15.06720733642578
critical,18,unambiguous,long,object,final,11,3,remodeled,21.91909408569336
critical,18,unambiguous,long,object,final,11,4,the,1.0549635887145996
critical,18,unambiguous,long,object,final,11,5,exterior,6.35032320022583
critical,18,unambiguous,long,object,final,11,6,the,10.201579093933104
critical,18,unambiguous,long,object,final,11,7,house,3.7727653980255127
critical,18,unambiguous,long,object,final,11,8,that,8.783112525939941
critical,18,unambiguous,long,object,final,11,9,was,1.8818864822387693
critical,18,unambiguous,long,object,final,11,10,neglected,9.434959411621094
critical,18,unambiguous,long,object,final,11,11,transformed.,22.273233890533447
critical,18,unambiguous,short,object,final,8,0,Once,15.305880546569824
critical,18,unambiguous,short,object,final,8,1,the,3.407336711883545
critical,18,unambiguous,short,object,final,8,2,contractor,15.06720733642578
critical,18,unambiguous,short,object,final,8,3,remodeled,21.91909408569336
critical,18,unambiguous,short,object,final,8,4,the,1.0549635887145996
critical,18,unambiguous,short,object,final,8,5,exterior,6.35032320022583
critical,18,unambiguous,short,object,final,8,6,the,10.201579093933104
critical,18,unambiguous,short,object,final,8,7,house,3.7727653980255127
critical,18,unambiguous,short,object,final,8,8,transformed.,16.821240425109863
critical,18,ambiguous,long,,nonfinal,9,0,Once,15.305880546569824
critical,18,ambiguous,long,,nonfinal,9,1,the,3.407336711883545
critical,18,ambiguous,long,,nonfinal,9,2,contractor,15.06720733642578
critical,18,ambiguous,long,,nonfinal,9,3,remodeled,21.91909408569336
critical,18,ambiguous,long,,nonfinal,9,4,the,1.0549635887145996
critical,18,ambiguous,long,,nonfinal,9,5,house,2.80178165435791
critical,18,ambiguous,long,,nonfinal,9,6,that,8.368927001953125
critical,18,ambiguous,long,,nonfinal,9,7,was,2.778782844543457
critical,18,ambiguous,long,,nonfinal,9,8,neglected,12.109204292297363
critical,18,ambiguous,long,,nonfinal,9,9,transformed,24.48213768005371
critical,18,ambiguous,long,,nonfinal,9,10,into,1.4859713315963743
critical,18,ambiguous,long,,nonfinal,9,11,a,0.4917575418949127
critical,18,ambiguous,long,,nonfinal,9,12,modern,4.100525856018066
critical,18,ambiguous,long,,nonfinal,9,13,masterpiece.,5.781041443347931
critical,18,ambiguous,short,,nonfinal,6,0,Once,15.305880546569824
critical,18,ambiguous,short,,nonfinal,6,1,the,3.407336711883545
critical,18,ambiguous,short,,nonfinal,6,2,contractor,15.06720733642578
critical,18,ambiguous,short,,nonfinal,6,3,remodeled,21.91909408569336
critical,18,ambiguous,short,,nonfinal,6,4,the,1.0549635887145996
critical,18,ambiguous,short,,nonfinal,6,5,house,2.80178165435791
critical,18,ambiguous,short,,nonfinal,6,6,transformed,24.440549850463867
critical,18,ambiguous,short,,nonfinal,6,7,into,3.7585995197296143
critical,18,ambiguous,short,,nonfinal,6,8,a,0.6306039690971375
critical,18,ambiguous,short,,nonfinal,6,9,modern,4.45600175857544
critical,18,ambiguous,short,,nonfinal,6,10,masterpiece.,6.555810630321503
critical,18,unambiguous,long,comma,nonfinal,9,0,Once,15.305880546569824
critical,18,unambiguous,long,comma,nonfinal,9,1,the,3.407336711883545
critical,18,unambiguous,long,comma,nonfinal,9,2,contractor,15.06720733642578
critical,18,unambiguous,long,comma,nonfinal,9,3,"remodeled,",29.107481956481934
critical,18,unambiguous,long,comma,nonfinal,9,4,the,1.67425799369812
critical,18,unambiguous,long,comma,nonfinal,9,5,house,4.312587261199951
critical,18,unambiguous,long,comma,nonfinal,9,6,that,8.165034294128418
critical,18,unambiguous,long,comma,nonfinal,9,7,was,1.7915281057357788
critical,18,unambiguous,long,comma,nonfinal,9,8,neglected,10.512110710144045
critical,18,unambiguous,long,comma,nonfinal,9,9,transformed,13.859386444091797
critical,18,unambiguous,long,comma,nonfinal,9,10,into,0.3211177587509155
critical,18,unambiguous,long,comma,nonfinal,9,11,a,0.381119042634964
critical,18,unambiguous,long,comma,nonfinal,9,12,modern,4.535479545593262
critical,18,unambiguous,long,comma,nonfinal,9,13,masterpiece.,3.9493736624717712
critical,18,unambiguous,short,comma,nonfinal,6,0,Once,15.305880546569824
critical,18,unambiguous,short,comma,nonfinal,6,1,the,3.407336711883545
critical,18,unambiguous,short,comma,nonfinal,6,2,contractor,15.06720733642578
critical,18,unambiguous,short,comma,nonfinal,6,3,"remodeled,",29.107481956481934
critical,18,unambiguous,short,comma,nonfinal,6,4,the,1.67425799369812
critical,18,unambiguous,short,comma,nonfinal,6,5,house,4.312587261199951
critical,18,unambiguous,short,comma,nonfinal,6,6,transformed,12.75003147125244
critical,18,unambiguous,short,comma,nonfinal,6,7,into,1.153067946434021
critical,18,unambiguous,short,comma,nonfinal,6,8,a,0.4574986100196838
critical,18,unambiguous,short,comma,nonfinal,6,9,modern,3.896015167236328
critical,18,unambiguous,short,comma,nonfinal,6,10,masterpiece.,4.681301712989807
critical,18,unambiguous,long,object,nonfinal,11,0,Once,15.305880546569824
critical,18,unambiguous,long,object,nonfinal,11,1,the,3.407336711883545
critical,18,unambiguous,long,object,nonfinal,11,2,contractor,15.06720733642578
critical,18,unambiguous,long,object,nonfinal,11,3,remodeled,21.91909408569336
critical,18,unambiguous,long,object,nonfinal,11,4,the,1.0549635887145996
critical,18,unambiguous,long,object,nonfinal,11,5,exterior,6.35032320022583
critical,18,unambiguous,long,object,nonfinal,11,6,the,10.201579093933104
critical,18,unambiguous,long,object,nonfinal,11,7,house,3.7727653980255127
critical,18,unambiguous,long,object,nonfinal,11,8,that,8.783112525939941
critical,18,unambiguous,long,object,nonfinal,11,9,was,1.8818864822387693
critical,18,unambiguous,long,object,nonfinal,11,10,neglected,9.434959411621094
critical,18,unambiguous,long,object,nonfinal,11,11,transformed,18.4875545501709
critical,18,unambiguous,long,object,nonfinal,11,12,into,0.5348165035247803
critical,18,unambiguous,long,object,nonfinal,11,13,a,0.447295218706131
critical,18,unambiguous,long,object,nonfinal,11,14,modern,4.682605743408203
critical,18,unambiguous,long,object,nonfinal,11,15,masterpiece.,3.060385823249817
critical,18,unambiguous,short,object,nonfinal,8,0,Once,15.305880546569824
critical,18,unambiguous,short,object,nonfinal,8,1,the,3.407336711883545
critical,18,unambiguous,short,object,nonfinal,8,2,contractor,15.06720733642578
critical,18,unambiguous,short,object,nonfinal,8,3,remodeled,21.91909408569336
critical,18,unambiguous,short,object,nonfinal,8,4,the,1.0549635887145996
critical,18,unambiguous,short,object,nonfinal,8,5,exterior,6.35032320022583
critical,18,unambiguous,short,object,nonfinal,8,6,the,10.201579093933104
critical,18,unambiguous,short,object,nonfinal,8,7,house,3.7727653980255127
critical,18,unambiguous,short,object,nonfinal,8,8,transformed,14.22248077392578
critical,18,unambiguous,short,object,nonfinal,8,9,into,1.4153759479522705
critical,18,unambiguous,short,object,nonfinal,8,10,a,0.5860040187835693
critical,18,unambiguous,short,object,nonfinal,8,11,modern,4.368188858032227
critical,18,unambiguous,short,object,nonfinal,8,12,masterpiece.,3.083885610103607
critical,19,ambiguous,long,,final,8,0,When,8.491838455200195
critical,19,ambiguous,long,,final,8,1,the,3.220492124557495
critical,19,ambiguous,long,,final,8,2,boy,13.139518737792969
critical,19,ambiguous,long,,final,8,3,hid,17.454252243041992
critical,19,ambiguous,long,,final,8,4,his,2.2330446243286133
critical,19,ambiguous,long,,final,8,5,toy,8.6541109085083
critical,19,ambiguous,long,,final,8,6,from,3.8980515003204346
critical,19,ambiguous,long,,final,8,7,childhood,14.679339408874512
critical,19,ambiguous,long,,final,8,8,fell.,20.949127674102783
critical,19,ambiguous,short,,final,6,0,When,8.491838455200195
critical,19,ambiguous,short,,final,6,1,the,3.220492124557495
critical,19,ambiguous,short,,final,6,2,boy,13.139518737792969
critical,19,ambiguous,short,,final,6,3,hid,17.454252243041992
critical,19,ambiguous,short,,final,6,4,his,2.2330446243286133
critical,19,ambiguous,short,,final,6,5,toy,8.6541109085083
critical,19,ambiguous,short,,final,6,6,fell.,21.45164155960083
critical,19,unambiguous,long,comma,final,8,0,When,8.491838455200195
critical,19,unambiguous,long,comma,final,8,1,the,3.220492124557495
critical,19,unambiguous,long,comma,final,8,2,boy,13.139518737792969
critical,19,unambiguous,long,comma,final,8,3,"hid,",22.433330059051517
critical,19,unambiguous,long,comma,final,8,4,his,3.528266668319702
critical,19,unambiguous,long,comma,final,8,5,toy,12.67077922821045
critical,19,unambiguous,long,comma,final,8,6,from,9.86478328704834
critical,19,unambiguous,long,comma,final,8,7,childhood,8.204388618469238
critical,19,unambiguous,long,comma,final,8,8,fell.,11.128581523895264
critical,19,unambiguous,short,comma,final,6,0,When,8.491838455200195
critical,19,unambiguous,short,comma,final,6,1,the,3.220492124557495
critical,19,unambiguous,short,comma,final,6,2,boy,13.139518737792969
critical,19,unambiguous,short,comma,final,6,3,"hid,",22.433330059051517
critical,19,unambiguous,short,comma,final,6,4,his,3.528266668319702
critical,19,unambiguous,short,comma,final,6,5,toy,12.67077922821045
critical,19,unambiguous,short,comma,final,6,6,fell.,9.271804809570312
critical,19,unambiguous,long,object,final,9,0,When,8.491838455200195
critical,19,unambiguous,long,object,final,9,1,the,3.220492124557495
critical,19,unambiguous,long,object,final,9,2,boy,13.139518737792969
critical,19,unambiguous,long,object,final,9,3,hid,17.454252243041992
critical,19,unambiguous,long,object,final,9,4,himself,4.097333908081055
critical,19,unambiguous,long,object,final,9,5,his,11.93606185913086
critical,19,unambiguous,long,object,final,9,6,toy,12.539559364318848
critical,19,unambiguous,long,object,final,9,7,from,5.434560775756836
critical,19,unambiguous,long,object,final,9,8,childhood,13.912631034851074
critical,19,unambiguous,long,object,final,9,9,fell.,16.531067371368408
critical,19,unambiguous,short,object,final,7,0,When,8.491838455200195
critical,19,unambiguous,short,object,final,7,1,the,3.220492124557495
critical,19,unambiguous,short,object,final,7,2,boy,13.139518737792969
critical,19,unambiguous,short,object,final,7,3,hid,17.454252243041992
critical,19,unambiguous,short,object,final,7,4,himself,4.097333908081055
critical,19,unambiguous,short,object,final,7,5,his,11.93606185913086
critical,19,unambiguous,short,object,final,7,6,toy,12.539559364318848
critical,19,unambiguous,short,object,final,7,7,fell.,14.159770011901855
critical,19,ambiguous,long,,nonfinal,8,0,When,8.491838455200195
critical,19,ambiguous,long,,nonfinal,8,1,the,3.220492124557495
critical,19,ambiguous,long,,nonfinal,8,2,boy,13.139518737792969
critical,19,ambiguous,long,,nonfinal,8,3,hid,17.454252243041992
critical,19,ambiguous,long,,nonfinal,8,4,his,2.2330446243286133
critical,19,ambiguous,long,,nonfinal,8,5,toy,8.6541109085083
critical,19,ambiguous,long,,nonfinal,8,6,from,3.8980515003204346
critical,19,ambiguous,long,,nonfinal,8,7,childhood,14.679339408874512
critical,19,ambiguous,long,,nonfinal,8,8,fell,15.241005897521973
critical,19,ambiguous,long,,nonfinal,8,9,off,5.830785751342773
critical,19,ambiguous,long,,nonfinal,8,10,the,0.8194822072982788
critical,19,ambiguous,long,,nonfinal,8,11,table.,7.927318811416626
critical,19,ambiguous,short,,nonfinal,6,0,When,8.491838455200195
critical,19,ambiguous,short,,nonfinal,6,1,the,3.220492124557495
critical,19,ambiguous,short,,nonfinal,6,2,boy,13.139518737792969
critical,19,ambiguous,short,,nonfinal,6,3,hid,17.454252243041992
critical,19,ambiguous,short,,nonfinal,6,4,his,2.2330446243286133
critical,19,ambiguous,short,,nonfinal,6,5,toy,8.6541109085083
critical,19,ambiguous,short,,nonfinal,6,6,fell,15.952446937561035
critical,19,ambiguous,short,,nonfinal,6,7,off,3.465414524078369
critical,19,ambiguous,short,,nonfinal,6,8,the,0.8102474212646484
critical,19,ambiguous,short,,nonfinal,6,9,table.,5.778960943222046
critical,19,unambiguous,long,comma,nonfinal,8,0,When,8.491838455200195
critical,19,unambiguous,long,comma,nonfinal,8,1,the,3.220492124557495
critical,19,unambiguous,long,comma,nonfinal,8,2,boy,13.139518737792969
critical,19,unambiguous,long,comma,nonfinal,8,3,"hid,",22.433330059051517
critical,19,unambiguous,long,comma,nonfinal,8,4,his,3.528266668319702
critical,19,unambiguous,long,comma,nonfinal,8,5,toy,12.67077922821045
critical,19,unambiguous,long,comma,nonfinal,8,6,from,9.86478328704834
critical,19,unambiguous,long,comma,nonfinal,8,7,childhood,8.204388618469238
critical,19,unambiguous,long,comma,nonfinal,8,8,fell,6.064609050750732
critical,19,unambiguous,long,comma,nonfinal,8,9,off,5.960178375244141
critical,19,unambiguous,long,comma,nonfinal,8,10,the,1.395392894744873
critical,19,unambiguous,long,comma,nonfinal,8,11,table.,4.309953927993774
critical,19,unambiguous,short,comma,nonfinal,6,0,When,8.491838455200195
critical,19,unambiguous,short,comma,nonfinal,6,1,the,3.220492124557495
critical,19,unambiguous,short,comma,nonfinal,6,2,boy,13.139518737792969
critical,19,unambiguous,short,comma,nonfinal,6,3,"hid,",22.433330059051517
critical,19,unambiguous,short,comma,nonfinal,6,4,his,3.528266668319702
critical,19,unambiguous,short,comma,nonfinal,6,5,toy,12.67077922821045
critical,19,unambiguous,short,comma,nonfinal,6,6,fell,5.169559001922607
critical,19,unambiguous,short,comma,nonfinal,6,7,off,4.9328694343566895
critical,19,unambiguous,short,comma,nonfinal,6,8,the,1.1015970706939695
critical,19,unambiguous,short,comma,nonfinal,6,9,table.,4.2693246603012085
critical,19,unambiguous,long,object,nonfinal,9,0,When,8.491838455200195
critical,19,unambiguous,long,object,nonfinal,9,1,the,3.220492124557495
critical,19,unambiguous,long,object,nonfinal,9,2,boy,13.139518737792969
critical,19,unambiguous,long,object,nonfinal,9,3,hid,17.454252243041992
critical,19,unambiguous,long,object,nonfinal,9,4,himself,4.097333908081055
critical,19,unambiguous,long,object,nonfinal,9,5,his,11.936059951782228
critical,19,unambiguous,long,object,nonfinal,9,6,toy,12.539559364318848
critical,19,unambiguous,long,object,nonfinal,9,7,from,5.434560775756836
critical,19,unambiguous,long,object,nonfinal,9,8,childhood,13.912631034851074
critical,19,unambiguous,long,object,nonfinal,9,9,fell,11.265379905700684
critical,19,unambiguous,long,object,nonfinal,9,10,off,4.904994487762451
critical,19,unambiguous,long,object,nonfinal,9,11,the,1.399594783782959
critical,19,unambiguous,long,object,nonfinal,9,12,table.,4.878008604049683
critical,19,unambiguous,short,object,nonfinal,7,0,When,8.491838455200195
critical,19,unambiguous,short,object,nonfinal,7,1,the,3.220492124557495
critical,19,unambiguous,short,object,nonfinal,7,2,boy,13.139518737792969
critical,19,unambiguous,short,object,nonfinal,7,3,hid,17.454252243041992
critical,19,unambiguous,short,object,nonfinal,7,4,himself,4.097333908081055
critical,19,unambiguous,short,object,nonfinal,7,5,his,11.93606185913086
critical,19,unambiguous,short,object,nonfinal,7,6,toy,12.539559364318848
critical,19,unambiguous,short,object,nonfinal,7,7,fell,9.15341854095459
critical,19,unambiguous,short,object,nonfinal,7,8,off,4.410958766937256
critical,19,unambiguous,short,object,nonfinal,7,9,the,1.1182036399841309
critical,19,unambiguous,short,object,nonfinal,7,10,table.,5.163274049758911
critical,20,ambiguous,long,,final,8,0,As,7.890280723571777
critical,20,ambiguous,long,,final,8,1,the,2.4022233486175537
critical,20,ambiguous,long,,final,8,2,doctor,14.756508827209473
critical,20,ambiguous,long,,final,8,3,lectured,16.255678176879883
critical,20,ambiguous,long,,final,8,4,the,3.5350139141082764
critical,20,ambiguous,long,,final,8,5,student,7.726785659790039
critical,20,ambiguous,long,,final,8,6,watching,14.508711814880373
critical,20,ambiguous,long,,final,8,7,quietly,12.64191436767578
critical,20,ambiguous,long,,final,8,8,listened.,20.44660758972168
critical,20,ambiguous,short,,final,6,0,As,7.890280723571777
critical,20,ambiguous,short,,final,6,1,the,2.4022233486175537
critical,20,ambiguous,short,,final,6,2,doctor,14.756508827209473
critical,20,ambiguous,short,,final,6,3,lectured,16.255678176879883
critical,20,ambiguous,short,,final,6,4,the,3.5350139141082764
critical,20,ambiguous,short,,final,6,5,student,7.726785659790039
critical,20,ambiguous,short,,final,6,6,listened.,23.435569763183597
critical,20,unambiguous,long,comma,final,8,0,As,7.890280723571777
critical,20,unambiguous,long,comma,final,8,1,the,2.4022233486175537
critical,20,unambiguous,long,comma,final,8,2,doctor,14.756508827209473
critical,20,unambiguous,long,comma,final,8,3,"lectured,",18.55470371246338
critical,20,unambiguous,long,comma,final,8,4,the,2.793757677078247
critical,20,unambiguous,long,comma,final,8,5,student,5.585227489471436
critical,20,unambiguous,long,comma,final,8,6,watching,12.901540756225586
critical,20,unambiguous,long,comma,final,8,7,quietly,7.940093517303467
critical,20,unambiguous,long,comma,final,8,8,listened.,4.788043856620789
critical,20,unambiguous,short,comma,final,6,0,As,7.890280723571777
critical,20,unambiguous,short,comma,final,6,1,the,2.4022233486175537
critical,20,unambiguous,short,comma,final,6,2,doctor,14.756508827209473
critical,20,unambiguous,short,comma,final,6,3,"lectured,",18.55470371246338
critical,20,unambiguous,short,comma,final,6,4,the,2.793757677078247
critical,20,unambiguous,short,comma,final,6,5,student,5.585227489471436
critical,20,unambiguous,short,comma,final,6,6,listened.,6.213364601135254
critical,20,unambiguous,long,object,final,10,0,As,7.890280723571777
critical,20,unambiguous,long,object,final,10,1,the,2.4022233486175537
critical,20,unambiguous,long,object,final,10,2,doctor,14.756508827209473
critical,20,unambiguous,long,object,final,10,3,lectured,16.255678176879883
critical,20,unambiguous,long,object,final,10,4,the,3.5350139141082764
critical,20,unambiguous,long,object,final,10,5,nurse,9.414480209350586
critical,20,unambiguous,long,object,final,10,6,the,7.470304489135742
critical,20,unambiguous,long,object,final,10,7,student,6.697205066680908
critical,20,unambiguous,long,object,final,10,8,watching,12.079058647155762
critical,20,unambiguous,long,object,final,10,9,quietly,7.783557891845703
critical,20,unambiguous,long,object,final,10,10,listened.,5.182332277297974
critical,20,unambiguous,short,object,final,8,0,As,7.890280723571777
critical,20,unambiguous,short,object,final,8,1,the,2.4022233486175537
critical,20,unambiguous,short,object,final,8,2,doctor,14.756508827209473
critical,20,unambiguous,short,object,final,8,3,lectured,16.255678176879883
critical,20,unambiguous,short,object,final,8,4,the,3.5350139141082764
critical,20,unambiguous,short,object,final,8,5,nurse,9.414480209350586
critical,20,unambiguous,short,object,final,8,6,the,7.470304489135742
critical,20,unambiguous,short,object,final,8,7,student,6.697205066680908
critical,20,unambiguous,short,object,final,8,8,listened.,8.099831104278564
critical,20,ambiguous,long,,nonfinal,8,0,As,7.890280723571777
critical,20,ambiguous,long,,nonfinal,8,1,the,2.4022233486175537
critical,20,ambiguous,long,,nonfinal,8,2,doctor,14.756508827209473
critical,20,ambiguous,long,,nonfinal,8,3,lectured,16.255678176879883
critical,20,ambiguous,long,,nonfinal,8,4,the,3.5350139141082764
critical,20,ambiguous,long,,nonfinal,8,5,student,7.726785659790039
critical,20,ambiguous,long,,nonfinal,8,6,watching,14.508711814880373
critical,20,ambiguous,long,,nonfinal,8,7,quietly,12.64191436767578
critical,20,ambiguous,long,,nonfinal,8,8,listened,17.613706588745117
critical,20,ambiguous,long,,nonfinal,8,9,carefully,6.12861967086792
critical,20,ambiguous,long,,nonfinal,8,10,for,6.427657604217529
critical,20,ambiguous,long,,nonfinal,8,11,insightful,18.18100357055664
critical,20,ambiguous,long,,nonfinal,8,12,tips.,9.317466974258425
critical,20,ambiguous,short,,nonfinal,6,0,As,7.890280723571777
critical,20,ambiguous,short,,nonfinal,6,1,the,2.4022233486175537
critical,20,ambiguous,short,,nonfinal,6,2,doctor,14.756508827209473
critical,20,ambiguous,short,,nonfinal,6,3,lectured,16.255678176879883
critical,20,ambiguous,short,,nonfinal,6,4,the,3.5350139141082764
critical,20,ambiguous,short,,nonfinal,6,5,student,7.726785659790039
critical,20,ambiguous,short,,nonfinal,6,6,listened,19.5534782409668
critical,20,ambiguous,short,,nonfinal,6,7,carefully,3.4664711952209477
critical,20,ambiguous,short,,nonfinal,6,8,for,7.389286994934082
critical,20,ambiguous,short,,nonfinal,6,9,insightful,17.73807716369629
critical,20,ambiguous,short,,nonfinal,6,10,tips.,9.39496088027954
critical,20,unambiguous,long,comma,nonfinal,8,0,As,7.890280723571777
critical,20,unambiguous,long,comma,nonfinal,8,1,the,2.4022233486175537
critical,20,unambiguous,long,comma,nonfinal,8,2,doctor,14.756508827209473
critical,20,unambiguous,long,comma,nonfinal,8,3,"lectured,",18.55470371246338
critical,20,unambiguous,long,comma,nonfinal,8,4,the,2.793757677078247
critical,20,unambiguous,long,comma,nonfinal,8,5,student,5.585227489471436
critical,20,unambiguous,long,comma,nonfinal,8,6,watching,12.901540756225586
critical,20,unambiguous,long,comma,nonfinal,8,7,quietly,7.940093517303467
critical,20,unambiguous,long,comma,nonfinal,8,8,listened,4.015175819396973
critical,20,unambiguous,long,comma,nonfinal,8,9,carefully,7.152429580688477
critical,20,unambiguous,long,comma,nonfinal,8,10,for,7.412160396575928
critical,20,unambiguous,long,comma,nonfinal,8,11,insightful,18.547929763793945
critical,20,unambiguous,long,comma,nonfinal,8,12,tips.,8.57690417766571
critical,20,unambiguous,short,comma,nonfinal,6,0,As,7.890280723571777
critical,20,unambiguous,short,comma,nonfinal,6,1,the,2.4022233486175537
critical,20,unambiguous,short,comma,nonfinal,6,2,doctor,14.756508827209473
critical,20,unambiguous,short,comma,nonfinal,6,3,"lectured,",18.55470371246338
critical,20,unambiguous,short,comma,nonfinal,6,4,the,2.793757677078247
critical,20,unambiguous,short,comma,nonfinal,6,5,student,5.585227489471436
critical,20,unambiguous,short,comma,nonfinal,6,6,listened,4.102270603179932
critical,20,unambiguous,short,comma,nonfinal,6,7,carefully,4.433640956878662
critical,20,unambiguous,short,comma,nonfinal,6,8,for,8.758513450622559
critical,20,unambiguous,short,comma,nonfinal,6,9,insightful,18.333749771118164
critical,20,unambiguous,short,comma,nonfinal,6,10,tips.,8.962153196334839
critical,20,unambiguous,long,object,nonfinal,10,0,As,7.890280723571777
critical,20,unambiguous,long,object,nonfinal,10,1,the,2.4022233486175537
critical,20,unambiguous,long,object,nonfinal,10,2,doctor,14.756508827209473
critical,20,unambiguous,long,object,nonfinal,10,3,lectured,16.255678176879883
critical,20,unambiguous,long,object,nonfinal,10,4,the,3.5350139141082764
critical,20,unambiguous,long,object,nonfinal,10,5,nurse,9.414480209350586
critical,20,unambiguous,long,object,nonfinal,10,6,the,7.470304489135742
critical,20,unambiguous,long,object,nonfinal,10,7,student,6.697205066680908
critical,20,unambiguous,long,object,nonfinal,10,8,watching,12.079058647155762
critical,20,unambiguous,long,object,nonfinal,10,9,quietly,7.783557891845703
critical,20,unambiguous,long,object,nonfinal,10,10,listened,4.069489002227783
critical,20,unambiguous,long,object,nonfinal,10,11,carefully,5.482864856719971
critical,20,unambiguous,long,object,nonfinal,10,12,for,6.644946098327637
critical,20,unambiguous,long,object,nonfinal,10,13,insightful,17.712146759033203
critical,20,unambiguous,long,object,nonfinal,10,14,tips.,8.602175951004028
critical,20,unambiguous,short,object,nonfinal,8,0,As,7.890280723571777
critical,20,unambiguous,short,object,nonfinal,8,1,the,2.4022233486175537
critical,20,unambiguous,short,object,nonfinal,8,2,doctor,14.756508827209473
critical,20,unambiguous,short,object,nonfinal,8,3,lectured,16.255678176879883
critical,20,unambiguous,short,object,nonfinal,8,4,the,3.5350139141082764
critical,20,unambiguous,short,object,nonfinal,8,5,nurse,9.414480209350586
critical,20,unambiguous,short,object,nonfinal,8,6,the,7.470304489135742
critical,20,unambiguous,short,object,nonfinal,8,7,student,6.697205066680908
critical,20,unambiguous,short,object,nonfinal,8,8,listened,5.094581604003906
critical,20,unambiguous,short,object,nonfinal,8,9,carefully,3.604607820510864
critical,20,unambiguous,short,object,nonfinal,8,10,for,7.883215427398682
critical,20,unambiguous,short,object,nonfinal,8,11,insightful,17.910930633544922
critical,20,unambiguous,short,object,nonfinal,8,12,tips.,8.889655113220215
critical,21,ambiguous,long,,final,9,0,As,7.890280723571777
critical,21,ambiguous,long,,final,9,1,the,2.4022233486175537
critical,21,ambiguous,long,,final,9,2,teenager,19.855960845947266
critical,21,ambiguous,long,,final,9,3,drove,10.858376502990724
critical,21,ambiguous,long,,final,9,4,the,3.415165424346924
critical,21,ambiguous,long,,final,9,5,car,1.6001651287078855
critical,21,ambiguous,long,,final,9,6,for,7.358250141143799
critical,21,ambiguous,long,,final,9,7,the,0.8171707391738892
critical,21,ambiguous,long,,final,9,8,family,8.77212905883789
critical,21,ambiguous,long,,final,9,9,sputtered.,37.028358459472656
critical,21,ambiguous,short,,final,6,0,As,7.890280723571777
critical,21,ambiguous,short,,final,6,1,the,2.4022233486175537
critical,21,ambiguous,short,,final,6,2,teenager,19.855960845947266
critical,21,ambiguous,short,,final,6,3,drove,10.858376502990724
critical,21,ambiguous,short,,final,6,4,the,3.415165424346924
critical,21,ambiguous,short,,final,6,5,car,1.6001651287078855
critical,21,ambiguous,short,,final,6,6,sputtered.,32.599215030670166
critical,21,unambiguous,long,comma,final,9,0,As,7.890280723571777
critical,21,unambiguous,long,comma,final,9,1,the,2.4022233486175537
critical,21,unambiguous,long,comma,final,9,2,teenager,19.855960845947266
critical,21,unambiguous,long,comma,final,9,3,"drove,",14.826494932174684
critical,21,unambiguous,long,comma,final,9,4,the,2.755660057067871
critical,21,unambiguous,long,comma,final,9,5,car,2.721970796585083
critical,21,unambiguous,long,comma,final,9,6,for,13.08253288269043
critical,21,unambiguous,long,comma,final,9,7,the,3.0385921001434326
critical,21,unambiguous,long,comma,final,9,8,family,6.705401420593262
critical,21,unambiguous,long,comma,final,9,9,sputtered.,19.040223836898804
critical,21,unambiguous,short,comma,final,6,0,As,7.890280723571777
critical,21,unambiguous,short,comma,final,6,1,the,2.4022233486175537
critical,21,unambiguous,short,comma,final,6,2,teenager,19.855960845947266
critical,21,unambiguous,short,comma,final,6,3,"drove,",14.826494932174684
critical,21,unambiguous,short,comma,final,6,4,the,2.755660057067871
critical,21,unambiguous,short,comma,final,6,5,car,2.721970796585083
critical,21,unambiguous,short,comma,final,6,6,sputtered.,15.31868314743042
critical,21,unambiguous,long,object,final,11,0,As,7.890280723571777
critical,21,unambiguous,long,object,final,11,1,the,2.4022233486175537
critical,21,unambiguous,long,object,final,11,2,teenager,19.855960845947266
critical,21,unambiguous,long,object,final,11,3,drove,10.858376502990724
critical,21,unambiguous,long,object,final,11,4,his,3.4868202209472656
critical,21,unambiguous,long,object,final,11,5,friends,6.408908843994141
critical,21,unambiguous,long,object,final,11,6,the,9.523323059082031
critical,21,unambiguous,long,object,final,11,7,car,7.190920829772949
critical,21,unambiguous,long,object,final,11,8,for,6.960761070251465
critical,21,unambiguous,long,object,final,11,9,the,1.6417161226272583
critical,21,unambiguous,long,object,final,11,10,family,8.622112274169922
critical,21,unambiguous,long,object,final,11,11,sputtered.,37.784610748291016
critical,21,unambiguous,short,object,final,8,0,As,7.890280723571777
critical,21,unambiguous,short,object,final,8,1,the,2.4022233486175537
critical,21,unambiguous,short,object,final,8,2,teenager,19.855960845947266
critical,21,unambiguous,short,object,final,8,3,drove,10.858376502990724
critical,21,unambiguous,short,object,final,8,4,his,3.4868202209472656
critical,21,unambiguous,short,object,final,8,5,friends,6.408908843994141
critical,21,unambiguous,short,object,final,8,6,the,9.523323059082031
critical,21,unambiguous,short,object,final,8,7,car,7.190920829772949
critical,21,unambiguous,short,object,final,8,8,sputtered.,22.24892520904541
critical,21,ambiguous,long,,nonfinal,9,0,As,7.890280723571777
critical,21,ambiguous,long,,nonfinal,9,1,the,2.4022233486175537
critical,21,ambiguous,long,,nonfinal,9,2,teenager,19.855960845947266
critical,21,ambiguous,long,,nonfinal,9,3,drove,10.858376502990724
critical,21,ambiguous,long,,nonfinal,9,4,the,3.415165424346924
critical,21,ambiguous,long,,nonfinal,9,5,car,1.6001651287078855
critical,21,ambiguous,long,,nonfinal,9,6,for,7.358250141143799
critical,21,ambiguous,long,,nonfinal,9,7,the,0.8171707391738892
critical,21,ambiguous,long,,nonfinal,9,8,family,8.77212905883789
critical,21,ambiguous,long,,nonfinal,9,9,sputtered,29.912229537963867
critical,21,ambiguous,long,,nonfinal,9,10,to,2.281428337097168
critical,21,ambiguous,long,,nonfinal,9,11,a,1.558220624923706
critical,21,ambiguous,long,,nonfinal,9,12,halt.,4.29344642162323
critical,21,ambiguous,short,,nonfinal,6,0,As,7.890280723571777
critical,21,ambiguous,short,,nonfinal,6,1,the,2.4022233486175537
critical,21,ambiguous,short,,nonfinal,6,2,teenager,19.855960845947266
critical,21,ambiguous,short,,nonfinal,6,3,drove,10.858376502990724
critical,21,ambiguous,short,,nonfinal,6,4,the,3.415165424346924
critical,21,ambiguous,short,,nonfinal,6,5,car,1.6001651287078855
critical,21,ambiguous,short,,nonfinal,6,6,sputtered,25.676511764526367
critical,21,ambiguous,short,,nonfinal,6,7,to,1.8960797786712649
critical,21,ambiguous,short,,nonfinal,6,8,a,0.140247032046318
critical,21,ambiguous,short,,nonfinal,6,9,halt.,4.4545652866363525
critical,21,unambiguous,long,comma,nonfinal,9,0,As,7.890280723571777
critical,21,unambiguous,long,comma,nonfinal,9,1,the,2.4022233486175537
critical,21,unambiguous,long,comma,nonfinal,9,2,teenager,19.855960845947266
critical,21,unambiguous,long,comma,nonfinal,9,3,"drove,",14.826492071151732
critical,21,unambiguous,long,comma,nonfinal,9,4,the,2.755660057067871
critical,21,unambiguous,long,comma,nonfinal,9,5,car,2.721970796585083
critical,21,unambiguous,long,comma,nonfinal,9,6,for,13.08253288269043
critical,21,unambiguous,long,comma,nonfinal,9,7,the,3.0385921001434326
critical,21,unambiguous,long,comma,nonfinal,9,8,family,6.705401420593262
critical,21,unambiguous,long,comma,nonfinal,9,9,sputtered,15.788472175598145
critical,21,unambiguous,long,comma,nonfinal,9,10,to,2.016178846359253
critical,21,unambiguous,long,comma,nonfinal,9,11,a,0.5712355375289917
critical,21,unambiguous,long,comma,nonfinal,9,12,halt.,2.3756829500198364
critical,21,unambiguous,short,comma,nonfinal,6,0,As,7.890280723571777
critical,21,unambiguous,short,comma,nonfinal,6,1,the,2.4022233486175537
critical,21,unambiguous,short,comma,nonfinal,6,2,teenager,19.855960845947266
critical,21,unambiguous,short,comma,nonfinal,6,3,"drove,",14.826494932174684
critical,21,unambiguous,short,comma,nonfinal,6,4,the,2.755660057067871
critical,21,unambiguous,short,comma,nonfinal,6,5,car,2.721970796585083
critical,21,unambiguous,short,comma,nonfinal,6,6,sputtered,11.6323823928833
critical,21,unambiguous,short,comma,nonfinal,6,7,to,2.318361759185791
critical,21,unambiguous,short,comma,nonfinal,6,8,a,0.283600777387619
critical,21,unambiguous,short,comma,nonfinal,6,9,halt.,2.8462413549423218
critical,21,unambiguous,long,object,nonfinal,11,0,As,7.890280723571777
critical,21,unambiguous,long,object,nonfinal,11,1,the,2.4022233486175537
critical,21,unambiguous,long,object,nonfinal,11,2,teenager,19.855960845947266
critical,21,unambiguous,long,object,nonfinal,11,3,drove,10.858376502990724
critical,21,unambiguous,long,object,nonfinal,11,4,his,3.4868202209472656
critical,21,unambiguous,long,object,nonfinal,11,5,friends,6.408908843994141
critical,21,unambiguous,long,object,nonfinal,11,6,the,9.523323059082031
critical,21,unambiguous,long,object,nonfinal,11,7,car,7.190920829772949
critical,21,unambiguous,long,object,nonfinal,11,8,for,6.960761070251465
critical,21,unambiguous,long,object,nonfinal,11,9,the,1.641718864440918
critical,21,unambiguous,long,object,nonfinal,11,10,family,8.622112274169922
critical,21,unambiguous,long,object,nonfinal,11,11,sputtered,31.98196029663086
critical,21,unambiguous,long,object,nonfinal,11,12,to,0.727313220500946
critical,21,unambiguous,long,object,nonfinal,11,13,a,0.4432694613933563
critical,21,unambiguous,long,object,nonfinal,11,14,halt.,2.580122232437134
critical,21,unambiguous,short,object,nonfinal,8,0,As,7.890280723571777
critical,21,unambiguous,short,object,nonfinal,8,1,the,2.4022233486175537
critical,21,unambiguous,short,object,nonfinal,8,2,teenager,19.855960845947266
critical,21,unambiguous,short,object,nonfinal,8,3,drove,10.858376502990724
critical,21,unambiguous,short,object,nonfinal,8,4,his,3.4868202209472656
critical,21,unambiguous,short,object,nonfinal,8,5,friends,6.408908843994141
critical,21,unambiguous,short,object,nonfinal,8,6,the,9.523323059082031
critical,21,unambiguous,short,object,nonfinal,8,7,car,7.190920829772949
critical,21,unambiguous,short,object,nonfinal,8,8,sputtered,17.125600814819336
critical,21,unambiguous,short,object,nonfinal,8,9,to,1.0256742238998413
critical,21,unambiguous,short,object,nonfinal,8,10,a,0.0907518044114112
critical,21,unambiguous,short,object,nonfinal,8,11,halt.,2.660772442817688
critical,22,ambiguous,long,,final,11,0,When,8.491838455200195
critical,22,ambiguous,long,,final,11,1,the,3.220492124557495
critical,22,ambiguous,long,,final,11,2,original,7.984606742858887
critical,22,ambiguous,long,,final,11,3,members,8.574478149414062
critical,22,ambiguous,long,,final,11,4,left,5.303102970123291
critical,22,ambiguous,long,,final,11,5,the,1.1101136207580566
critical,22,ambiguous,long,,final,11,6,company,6.2875590324401855
critical,22,ambiguous,long,,final,11,7,that,8.207953453063965
critical,22,ambiguous,long,,final,11,8,was,3.737980842590332
critical,22,ambiguous,long,,final,11,9,recently,11.424348831176758
critical,22,ambiguous,long,,final,11,10,acquired,1.909032106399536
critical,22,ambiguous,long,,final,11,11,failed.,27.595078945159912
critical,22,ambiguous,short,,final,7,0,When,8.491838455200195
critical,22,ambiguous,short,,final,7,1,the,3.220492124557495
critical,22,ambiguous,short,,final,7,2,original,7.984606742858887
critical,22,ambiguous,short,,final,7,3,members,8.574478149414062
critical,22,ambiguous,short,,final,7,4,left,5.303102970123291
critical,22,ambiguous,short,,final,7,5,the,1.1101136207580566
critical,22,ambiguous,short,,final,7,6,company,6.2875590324401855
critical,22,ambiguous,short,,final,7,7,failed.,21.53691864013672
critical,22,unambiguous,long,comma,final,11,0,When,8.491838455200195
critical,22,unambiguous,long,comma,final,11,1,the,3.220492124557495
critical,22,unambiguous,long,comma,final,11,2,original,7.984606742858887
critical,22,unambiguous,long,comma,final,11,3,members,8.574478149414062
critical,22,unambiguous,long,comma,final,11,4,"left,",7.393228769302368
critical,22,unambiguous,long,comma,final,11,5,the,1.6873672008514404
critical,22,unambiguous,long,comma,final,11,6,company,5.775240421295166
critical,22,unambiguous,long,comma,final,11,7,that,7.016232967376709
critical,22,unambiguous,long,comma,final,11,8,was,2.709142208099365
critical,22,unambiguous,long,comma,final,11,9,recently,12.54879379272461
critical,22,unambiguous,long,comma,final,11,10,acquired,2.7109804153442383
critical,22,unambiguous,long,comma,final,11,11,failed.,16.658771514892578
critical,22,unambiguous,short,comma,final,7,0,When,8.491838455200195
critical,22,unambiguous,short,comma,final,7,1,the,3.220492124557495
critical,22,unambiguous,short,comma,final,7,2,original,7.984606742858887
critical,22,unambiguous,short,comma,final,7,3,members,8.574478149414062
critical,22,unambiguous,short,comma,final,7,4,"left,",7.393228769302368
critical,22,unambiguous,short,comma,final,7,5,the,1.6873672008514404
critical,22,unambiguous,short,comma,final,7,6,company,5.775240421295166
critical,22,unambiguous,short,comma,final,7,7,failed.,11.365093231201172
critical,22,unambiguous,long,object,final,14,0,When,8.491838455200195
critical,22,unambiguous,long,object,final,14,1,the,3.220492124557495
critical,22,unambiguous,long,object,final,14,2,original,7.984606742858887
critical,22,unambiguous,long,object,final,14,3,members,8.574478149414062
critical,22,unambiguous,long,object,final,14,4,left,5.303102970123291
critical,22,unambiguous,long,object,final,14,5,the,1.1101136207580566
critical,22,unambiguous,long,object,final,14,6,engineering,22.025129318237305
critical,22,unambiguous,long,object,final,14,7,team,3.9707353115081783
critical,22,unambiguous,long,object,final,14,8,the,6.917243957519531
critical,22,unambiguous,long,object,final,14,9,company,1.92785120010376
critical,22,unambiguous,long,object,final,14,10,that,8.59402084350586
critical,22,unambiguous,long,object,final,14,11,was,2.9493813514709477
critical,22,unambiguous,long,object,final,14,12,recently,12.156661033630373
critical,22,unambiguous,long,object,final,14,13,acquired,1.7672661542892456
critical,22,unambiguous,long,object,final,14,14,failed.,15.696812391281128
critical,22,unambiguous,short,object,final,10,0,When,8.491838455200195
critical,22,unambiguous,short,object,final,10,1,the,3.220492124557495
critical,22,unambiguous,short,object,final,10,2,original,7.984606742858887
critical,22,unambiguous,short,object,final,10,3,members,8.574478149414062
critical,22,unambiguous,short,object,final,10,4,left,5.303102970123291
critical,22,unambiguous,short,object,final,10,5,the,1.1101136207580566
critical,22,unambiguous,short,object,final,10,6,engineering,22.025129318237305
critical,22,unambiguous,short,object,final,10,7,team,3.9707353115081783
critical,22,unambiguous,short,object,final,10,8,the,6.917243957519531
critical,22,unambiguous,short,object,final,10,9,company,1.92785120010376
critical,22,unambiguous,short,object,final,10,10,failed.,11.714433431625366
critical,22,ambiguous,long,,nonfinal,11,0,When,8.491838455200195
critical,22,ambiguous,long,,nonfinal,11,1,the,3.220492124557495
critical,22,ambiguous,long,,nonfinal,11,2,original,7.984606742858887
critical,22,ambiguous,long,,nonfinal,11,3,members,8.574478149414062
critical,22,ambiguous,long,,nonfinal,11,4,left,5.303102970123291
critical,22,ambiguous,long,,nonfinal,11,5,the,1.1101136207580566
critical,22,ambiguous,long,,nonfinal,11,6,company,6.2875590324401855
critical,22,ambiguous,long,,nonfinal,11,7,that,8.207953453063965
critical,22,ambiguous,long,,nonfinal,11,8,was,3.737980842590332
critical,22,ambiguous,long,,nonfinal,11,9,recently,11.424348831176758
critical,22,ambiguous,long,,nonfinal,11,10,acquired,1.909032106399536
critical,22,ambiguous,long,,nonfinal,11,11,failed,21.358959197998047
critical,22,ambiguous,long,,nonfinal,11,12,to,1.0342954397201538
critical,22,ambiguous,long,,nonfinal,11,13,create,7.3731794357299805
critical,22,ambiguous,long,,nonfinal,11,14,a,0.7418891191482544
critical,22,ambiguous,long,,nonfinal,11,15,successful,5.263348579406738
critical,22,ambiguous,long,,nonfinal,11,16,product.,9.045822143554688
critical,22,ambiguous,short,,nonfinal,7,0,When,8.491838455200195
critical,22,ambiguous,short,,nonfinal,7,1,the,3.220492124557495
critical,22,ambiguous,short,,nonfinal,7,2,original,7.984606742858887
critical,22,ambiguous,short,,nonfinal,7,3,members,8.574478149414062
critical,22,ambiguous,short,,nonfinal,7,4,left,5.303102970123291
critical,22,ambiguous,short,,nonfinal,7,5,the,1.1101136207580566
critical,22,ambiguous,short,,nonfinal,7,6,company,6.2875590324401855
critical,22,ambiguous,short,,nonfinal,7,7,failed,17.488447189331055
critical,22,ambiguous,short,,nonfinal,7,8,to,1.0119487047195437
critical,22,ambiguous,short,,nonfinal,7,9,create,6.978799819946289
critical,22,ambiguous,short,,nonfinal,7,10,a,0.6940256357192993
critical,22,ambiguous,short,,nonfinal,7,11,successful,6.031085968017578
critical,22,ambiguous,short,,nonfinal,7,12,product.,7.403573513031006
critical,22,unambiguous,long,comma,nonfinal,11,0,When,8.491838455200195
critical,22,unambiguous,long,comma,nonfinal,11,1,the,3.220492124557495
critical,22,unambiguous,long,comma,nonfinal,11,2,original,7.984606742858887
critical,22,unambiguous,long,comma,nonfinal,11,3,members,8.574478149414062
critical,22,unambiguous,long,comma,nonfinal,11,4,"left,",7.393228769302368
critical,22,unambiguous,long,comma,nonfinal,11,5,the,1.6873672008514404
critical,22,unambiguous,long,comma,nonfinal,11,6,company,5.775240421295166
critical,22,unambiguous,long,comma,nonfinal,11,7,that,7.016232967376709
critical,22,unambiguous,long,comma,nonfinal,11,8,was,2.709142208099365
critical,22,unambiguous,long,comma,nonfinal,11,9,recently,12.54879379272461
critical,22,unambiguous,long,comma,nonfinal,11,10,acquired,2.7109804153442383
critical,22,unambiguous,long,comma,nonfinal,11,11,failed,12.046576499938965
critical,22,unambiguous,long,comma,nonfinal,11,12,to,0.2284975200891494
critical,22,unambiguous,long,comma,nonfinal,11,13,create,8.137672424316406
critical,22,unambiguous,long,comma,nonfinal,11,14,a,0.6779665946960449
critical,22,unambiguous,long,comma,nonfinal,11,15,successful,6.365761756896973
critical,22,unambiguous,long,comma,nonfinal,11,16,product.,7.442082524299622
critical,22,unambiguous,short,comma,nonfinal,7,0,When,8.491838455200195
critical,22,unambiguous,short,comma,nonfinal,7,1,the,3.220492124557495
critical,22,unambiguous,short,comma,nonfinal,7,2,original,7.984606742858887
critical,22,unambiguous,short,comma,nonfinal,7,3,members,8.574478149414062
critical,22,unambiguous,short,comma,nonfinal,7,4,"left,",7.393228769302368
critical,22,unambiguous,short,comma,nonfinal,7,5,the,1.6873672008514404
critical,22,unambiguous,short,comma,nonfinal,7,6,company,5.775240421295166
critical,22,unambiguous,short,comma,nonfinal,7,7,failed,9.442054748535156
critical,22,unambiguous,short,comma,nonfinal,7,8,to,1.1945970058441162
critical,22,unambiguous,short,comma,nonfinal,7,9,create,7.771454334259033
critical,22,unambiguous,short,comma,nonfinal,7,10,a,0.6929799914360046
critical,22,unambiguous,short,comma,nonfinal,7,11,successful,6.897394180297852
critical,22,unambiguous,short,comma,nonfinal,7,12,product.,8.866357803344727
critical,22,unambiguous,long,object,nonfinal,14,0,When,8.491838455200195
critical,22,unambiguous,long,object,nonfinal,14,1,the,3.220492124557495
critical,22,unambiguous,long,object,nonfinal,14,2,original,7.984606742858887
critical,22,unambiguous,long,object,nonfinal,14,3,members,8.574478149414062
critical,22,unambiguous,long,object,nonfinal,14,4,left,5.303102970123291
critical,22,unambiguous,long,object,nonfinal,14,5,the,1.1101136207580566
critical,22,unambiguous,long,object,nonfinal,14,6,engineering,22.025129318237305
critical,22,unambiguous,long,object,nonfinal,14,7,team,3.9707353115081783
critical,22,unambiguous,long,object,nonfinal,14,8,the,6.917243957519531
critical,22,unambiguous,long,object,nonfinal,14,9,company,1.92785120010376
critical,22,unambiguous,long,object,nonfinal,14,10,that,8.59402084350586
critical,22,unambiguous,long,object,nonfinal,14,11,was,2.9493813514709477
critical,22,unambiguous,long,object,nonfinal,14,12,recently,12.156661033630373
critical,22,unambiguous,long,object,nonfinal,14,13,acquired,1.7672661542892456
critical,22,unambiguous,long,object,nonfinal,14,14,failed,11.768142700195312
critical,22,unambiguous,long,object,nonfinal,14,15,to,0.3913334608078003
critical,22,unambiguous,long,object,nonfinal,14,16,create,8.140385627746582
critical,22,unambiguous,long,object,nonfinal,14,17,a,0.6403918266296387
critical,22,unambiguous,long,object,nonfinal,14,18,successful,6.294501781463623
critical,22,unambiguous,long,object,nonfinal,14,19,product.,6.05118191242218
critical,22,unambiguous,short,object,nonfinal,10,0,When,8.491838455200195
critical,22,unambiguous,short,object,nonfinal,10,1,the,3.220492124557495
critical,22,unambiguous,short,object,nonfinal,10,2,original,7.984606742858887
critical,22,unambiguous,short,object,nonfinal,10,3,members,8.574478149414062
critical,22,unambiguous,short,object,nonfinal,10,4,left,5.303102970123291
critical,22,unambiguous,short,object,nonfinal,10,5,the,1.1101136207580566
critical,22,unambiguous,short,object,nonfinal,10,6,engineering,22.025129318237305
critical,22,unambiguous,short,object,nonfinal,10,7,team,3.9707353115081783
critical,22,unambiguous,short,object,nonfinal,10,8,the,6.917243957519531
critical,22,unambiguous,short,object,nonfinal,10,9,company,1.92785120010376
critical,22,unambiguous,short,object,nonfinal,10,10,failed,9.445316314697266
critical,22,unambiguous,short,object,nonfinal,10,11,to,0.9464521408081056
critical,22,unambiguous,short,object,nonfinal,10,12,create,7.872227668762207
critical,22,unambiguous,short,object,nonfinal,10,13,a,0.7201917767524719
critical,22,unambiguous,short,object,nonfinal,10,14,successful,6.643863201141357
critical,22,unambiguous,short,object,nonfinal,10,15,product.,6.832269549369812
critical,23,ambiguous,long,,final,12,0,After,9.379192352294922
critical,23,ambiguous,long,,final,12,1,the,2.6995084285736084
critical,23,ambiguous,long,,final,12,2,director,20.08763694763184
critical,23,ambiguous,long,,final,12,3,finished,9.98509407043457
critical,23,ambiguous,long,,final,12,4,filming,2.4133100509643555
critical,23,ambiguous,long,,final,12,5,the,1.489639401435852
critical,23,ambiguous,long,,final,12,6,actors,11.79218292236328
critical,23,ambiguous,long,,final,12,7,exhausted,16.129688262939453
critical,23,ambiguous,long,,final,12,8,from,4.628025531768799
critical,23,ambiguous,long,,final,12,9,the,1.4185733795166016
critical,23,ambiguous,long,,final,12,10,long,2.056007146835327
critical,23,ambiguous,long,,final,12,11,day,2.6749107837677
critical,23,ambiguous,long,,final,12,12,left.,16.549614906311035
critical,23,ambiguous,short,,final,7,0,After,9.379192352294922
critical,23,ambiguous,short,,final,7,1,the,2.6995084285736084
critical,23,ambiguous,short,,final,7,2,director,20.08763694763184
critical,23,ambiguous,short,,final,7,3,finished,9.98509407043457
critical,23,ambiguous,short,,final,7,4,filming,2.4133100509643555
critical,23,ambiguous,short,,final,7,5,the,1.489639401435852
critical,23,ambiguous,short,,final,7,6,actors,11.79218292236328
critical,23,ambiguous,short,,final,7,7,left.,10.08313798904419
critical,23,unambiguous,long,comma,final,12,0,After,9.379192352294922
critical,23,unambiguous,long,comma,final,12,1,the,2.6995112895965576
critical,23,unambiguous,long,comma,final,12,2,director,20.08763694763184
critical,23,unambiguous,long,comma,final,12,3,finished,9.98509407043457
critical,23,unambiguous,long,comma,final,12,4,"filming,",4.169434547424316
critical,23,unambiguous,long,comma,final,12,5,the,2.153795003890991
critical,23,unambiguous,long,comma,final,12,6,actors,3.659372568130493
critical,23,unambiguous,long,comma,final,12,7,exhausted,16.28873634338379
critical,23,unambiguous,long,comma,final,12,8,from,6.41226863861084
critical,23,unambiguous,long,comma,final,12,9,the,1.4688913822174072
critical,23,unambiguous,long,comma,final,12,10,long,2.6071853637695312
critical,23,unambiguous,long,comma,final,12,11,day,4.096712112426758
critical,23,unambiguous,long,comma,final,12,12,left.,11.36662483215332
critical,23,unambiguous,short,comma,final,7,0,After,9.379192352294922
critical,23,unambiguous,short,comma,final,7,1,the,2.6995084285736084
critical,23,unambiguous,short,comma,final,7,2,director,20.08763694763184
critical,23,unambiguous,short,comma,final,7,3,finished,9.98509407043457
critical,23,unambiguous,short,comma,final,7,4,"filming,",4.169434547424316
critical,23,unambiguous,short,comma,final,7,5,the,2.153795003890991
critical,23,unambiguous,short,comma,final,7,6,actors,3.659372568130493
critical,23,unambiguous,short,comma,final,7,7,left.,9.480847358703612
critical,23,unambiguous,long,object,final,15,0,After,9.379192352294922
critical,23,unambiguous,long,object,final,15,1,the,2.6995084285736084
critical,23,unambiguous,long,object,final,15,2,director,20.08763694763184
critical,23,unambiguous,long,object,final,15,3,finished,9.98509407043457
critical,23,unambiguous,long,object,final,15,4,filming,2.4133100509643555
critical,23,unambiguous,long,object,final,15,5,the,1.489639401435852
critical,23,unambiguous,long,object,final,15,6,final,5.790019989013672
critical,23,unambiguous,long,object,final,15,7,scene,1.1601206064224243
critical,23,unambiguous,long,object,final,15,8,the,8.658465385437012
critical,23,unambiguous,long,object,final,15,9,actors,4.592349529266357
critical,23,unambiguous,long,object,final,15,10,exhausted,15.69618034362793
critical,23,unambiguous,long,object,final,15,11,from,5.142157554626465
critical,23,unambiguous,long,object,final,15,12,the,1.6085193157196045
critical,23,unambiguous,long,object,final,15,13,long,1.8920347690582275
critical,23,unambiguous,long,object,final,15,14,day,2.0904862880706787
critical,23,unambiguous,long,object,final,15,15,left.,11.570545196533203
critical,23,unambiguous,short,object,final,10,0,After,9.379192352294922
critical,23,unambiguous,short,object,final,10,1,the,2.6995084285736084
critical,23,unambiguous,short,object,final,10,2,director,20.08763694763184
critical,23,unambiguous,short,object,final,10,3,finished,9.98509407043457
critical,23,unambiguous,short,object,final,10,4,filming,2.4133100509643555
critical,23,unambiguous,short,object,final,10,5,the,1.489639401435852
critical,23,unambiguous,short,object,final,10,6,final,5.790019989013672
critical,23,unambiguous,short,object,final,10,7,scene,1.1601206064224243
critical,23,unambiguous,short,object,final,10,8,the,8.658465385437012
critical,23,unambiguous,short,object,final,10,9,actors,4.592349529266357
critical,23,unambiguous,short,object,final,10,10,left.,9.95988416671753
critical,23,ambiguous,long,,nonfinal,12,0,After,9.379192352294922
critical,23,ambiguous,long,,nonfinal,12,1,the,2.6995084285736084
critical,23,ambiguous,long,,nonfinal,12,2,director,20.08763694763184
critical,23,ambiguous,long,,nonfinal,12,3,finished,9.98509407043457
critical,23,ambiguous,long,,nonfinal,12,4,filming,2.4133100509643555
critical,23,ambiguous,long,,nonfinal,12,5,the,1.489639401435852
critical,23,ambiguous,long,,nonfinal,12,6,actors,11.79218292236328
critical,23,ambiguous,long,,nonfinal,12,7,exhausted,16.129688262939453
critical,23,ambiguous,long,,nonfinal,12,8,from,4.628025531768799
critical,23,ambiguous,long,,nonfinal,12,9,the,1.4185733795166016
critical,23,ambiguous,long,,nonfinal,12,10,long,2.056007146835327
critical,23,ambiguous,long,,nonfinal,12,11,day,2.6749107837677
critical,23,ambiguous,long,,nonfinal,12,12,left,10.863462448120115
critical,23,ambiguous,long,,nonfinal,12,13,to,4.174090385437012
critical,23,ambiguous,long,,nonfinal,12,14,go,5.935585021972656
critical,23,ambiguous,long,,nonfinal,12,15,home.,2.935867667198181
critical,23,ambiguous,short,,nonfinal,7,0,After,9.379192352294922
critical,23,ambiguous,short,,nonfinal,7,1,the,2.6995084285736084
critical,23,ambiguous,short,,nonfinal,7,2,director,20.08763694763184
critical,23,ambiguous,short,,nonfinal,7,3,finished,9.98509407043457
critical,23,ambiguous,short,,nonfinal,7,4,filming,2.4133100509643555
critical,23,ambiguous,short,,nonfinal,7,5,the,1.489639401435852
critical,23,ambiguous,short,,nonfinal,7,6,actors,11.79218292236328
critical,23,ambiguous,short,,nonfinal,7,7,left,6.064335346221924
critical,23,ambiguous,short,,nonfinal,7,8,to,3.779160499572754
critical,23,ambiguous,short,,nonfinal,7,9,go,2.8676440715789795
critical,23,ambiguous,short,,nonfinal,7,10,home.,2.4372528195381165
critical,23,unambiguous,long,comma,nonfinal,12,0,After,9.379192352294922
critical,23,unambiguous,long,comma,nonfinal,12,1,the,2.6995112895965576
critical,23,unambiguous,long,comma,nonfinal,12,2,director,20.08763694763184
critical,23,unambiguous,long,comma,nonfinal,12,3,finished,9.98509407043457
critical,23,unambiguous,long,comma,nonfinal,12,4,"filming,",4.169434547424316
critical,23,unambiguous,long,comma,nonfinal,12,5,the,2.153795003890991
critical,23,unambiguous,long,comma,nonfinal,12,6,actors,3.659372568130493
critical,23,unambiguous,long,comma,nonfinal,12,7,exhausted,16.28873634338379
critical,23,unambiguous,long,comma,nonfinal,12,8,from,6.41226863861084
critical,23,unambiguous,long,comma,nonfinal,12,9,the,1.4688913822174072
critical,23,unambiguous,long,comma,nonfinal,12,10,long,2.6071853637695312
critical,23,unambiguous,long,comma,nonfinal,12,11,day,4.096712112426758
critical,23,unambiguous,long,comma,nonfinal,12,12,left,6.9573283195495605
critical,23,unambiguous,long,comma,nonfinal,12,13,to,4.696375370025635
critical,23,unambiguous,long,comma,nonfinal,12,14,go,3.885371446609497
critical,23,unambiguous,long,comma,nonfinal,12,15,home.,1.7426382899284365
critical,23,unambiguous,short,comma,nonfinal,7,0,After,9.379192352294922
critical,23,unambiguous,short,comma,nonfinal,7,1,the,2.6995084285736084
critical,23,unambiguous,short,comma,nonfinal,7,2,director,20.08763694763184
critical,23,unambiguous,short,comma,nonfinal,7,3,finished,9.98509407043457
critical,23,unambiguous,short,comma,nonfinal,7,4,"filming,",4.169434547424316
critical,23,unambiguous,short,comma,nonfinal,7,5,the,2.153795003890991
critical,23,unambiguous,short,comma,nonfinal,7,6,actors,3.659372568130493
critical,23,unambiguous,short,comma,nonfinal,7,7,left,5.517093181610107
critical,23,unambiguous,short,comma,nonfinal,7,8,to,4.762727737426758
critical,23,unambiguous,short,comma,nonfinal,7,9,go,2.936318874359131
critical,23,unambiguous,short,comma,nonfinal,7,10,home.,2.1096079349517822
critical,23,unambiguous,long,object,nonfinal,15,0,After,9.379192352294922
critical,23,unambiguous,long,object,nonfinal,15,1,the,2.6995112895965576
critical,23,unambiguous,long,object,nonfinal,15,2,director,20.08763694763184
critical,23,unambiguous,long,object,nonfinal,15,3,finished,9.98509407043457
critical,23,unambiguous,long,object,nonfinal,15,4,filming,2.4133100509643555
critical,23,unambiguous,long,object,nonfinal,15,5,the,1.4896366596221924
critical,23,unambiguous,long,object,nonfinal,15,6,final,5.790019989013672
critical,23,unambiguous,long,object,nonfinal,15,7,scene,1.1601206064224243
critical,23,unambiguous,long,object,nonfinal,15,8,the,8.658465385437012
critical,23,unambiguous,long,object,nonfinal,15,9,actors,4.592349529266357
critical,23,unambiguous,long,object,nonfinal,15,10,exhausted,15.69618034362793
critical,23,unambiguous,long,object,nonfinal,15,11,from,5.142157554626465
critical,23,unambiguous,long,object,nonfinal,15,12,the,1.6085193157196045
critical,23,unambiguous,long,object,nonfinal,15,13,long,1.8920347690582275
critical,23,unambiguous,long,object,nonfinal,15,14,day,2.0904862880706787
critical,23,unambiguous,long,object,nonfinal,15,15,left,6.830662250518799
critical,23,unambiguous,long,object,nonfinal,15,16,to,4.557322978973389
critical,23,unambiguous,long,object,nonfinal,15,17,go,3.722436428070069
critical,23,unambiguous,long,object,nonfinal,15,18,home.,2.3695412278175354
critical,23,unambiguous,short,object,nonfinal,10,0,After,9.379192352294922
critical,23,unambiguous,short,object,nonfinal,10,1,the,2.6995112895965576
critical,23,unambiguous,short,object,nonfinal,10,2,director,20.08763694763184
critical,23,unambiguous,short,object,nonfinal,10,3,finished,9.98509407043457
critical,23,unambiguous,short,object,nonfinal,10,4,filming,2.4133100509643555
critical,23,unambiguous,short,object,nonfinal,10,5,the,1.489639401435852
critical,23,unambiguous,short,object,nonfinal,10,6,final,5.790019989013672
critical,23,unambiguous,short,object,nonfinal,10,7,scene,1.1601206064224243
critical,23,unambiguous,short,object,nonfinal,10,8,the,8.658465385437012
critical,23,unambiguous,short,object,nonfinal,10,9,actors,4.592349529266357
critical,23,unambiguous,short,object,nonfinal,10,10,left,5.308540344238281
critical,23,unambiguous,short,object,nonfinal,10,11,to,5.181281566619873
critical,23,unambiguous,short,object,nonfinal,10,12,go,2.4258580207824707
critical,23,unambiguous,short,object,nonfinal,10,13,home.,2.410170316696167
critical,24,ambiguous,long,,final,8,0,After,9.379192352294922
critical,24,ambiguous,long,,final,8,1,our,7.556215763092041
critical,24,ambiguous,long,,final,8,2,team,9.533065795898438
critical,24,ambiguous,long,,final,8,3,won,4.421541690826416
critical,24,ambiguous,long,,final,8,4,the,0.5273703336715698
critical,24,ambiguous,long,,final,8,5,tournament,5.661685466766357
critical,24,ambiguous,long,,final,8,6,in,2.4209680557250977
critical,24,ambiguous,long,,final,8,7,basketball,15.357975959777832
critical,24,ambiguous,long,,final,8,8,advanced.,28.085978984832764
critical,24,ambiguous,short,,final,6,0,After,9.379192352294922
critical,24,ambiguous,short,,final,6,1,our,7.556215763092041
critical,24,ambiguous,short,,final,6,2,team,9.533065795898438
critical,24,ambiguous,short,,final,6,3,won,4.421541690826416
critical,24,ambiguous,short,,final,6,4,the,0.5273703336715698
critical,24,ambiguous,short,,final,6,5,tournament,5.661685466766357
critical,24,ambiguous,short,,final,6,6,advanced.,31.199040412902832
critical,24,unambiguous,long,comma,final,8,0,After,9.379192352294922
critical,24,unambiguous,long,comma,final,8,1,our,7.556215763092041
critical,24,unambiguous,long,comma,final,8,2,team,9.533065795898438
critical,24,unambiguous,long,comma,final,8,3,"won,",11.419190883636476
critical,24,unambiguous,long,comma,final,8,4,the,2.739215850830078
critical,24,unambiguous,long,comma,final,8,5,tournament,9.641777992248535
critical,24,unambiguous,long,comma,final,8,6,in,7.683475017547607
critical,24,unambiguous,long,comma,final,8,7,basketball,15.411702156066896
critical,24,unambiguous,long,comma,final,8,8,advanced.,19.522351264953613
critical,24,unambiguous,short,comma,final,6,0,After,9.379192352294922
critical,24,unambiguous,short,comma,final,6,1,our,7.556215763092041
critical,24,unambiguous,short,comma,final,6,2,team,9.533065795898438
critical,24,unambiguous,short,comma,final,6,3,"won,",11.419190883636476
critical,24,unambiguous,short,comma,final,6,4,the,2.739215850830078
critical,24,unambiguous,short,comma,final,6,5,tournament,9.641777992248535
critical,24,unambiguous,short,comma,final,6,6,advanced.,23.835602283477783
critical,24,unambiguous,long,object,final,10,0,After,9.379192352294922
critical,24,unambiguous,long,object,final,10,1,our,7.556215763092041
critical,24,unambiguous,long,object,final,10,2,team,9.533065795898438
critical,24,unambiguous,long,object,final,10,3,won,4.421541690826416
critical,24,unambiguous,long,object,final,10,4,the,0.5273703336715698
critical,24,unambiguous,long,object,final,10,5,semifinals,13.78327465057373
critical,24,unambiguous,long,object,final,10,6,the,7.898162841796875
critical,24,unambiguous,long,object,final,10,7,tournament,7.266784191131592
critical,24,unambiguous,long,object,final,10,8,in,5.150954723358154
critical,24,unambiguous,long,object,final,10,9,basketball,15.034673690795898
critical,24,unambiguous,long,object,final,10,10,advanced.,21.68427848815918
critical,24,unambiguous,short,object,final,8,0,After,9.379192352294922
critical,24,unambiguous,short,object,final,8,1,our,7.556215763092041
critical,24,unambiguous,short,object,final,8,2,team,9.533065795898438
critical,24,unambiguous,short,object,final,8,3,won,4.421541690826416
critical,24,unambiguous,short,object,final,8,4,the,0.5273703336715698
critical,24,unambiguous,short,object,final,8,5,semifinals,13.78327465057373
critical,24,unambiguous,short,object,final,8,6,the,7.898162841796875
critical,24,unambiguous,short,object,final,8,7,tournament,7.266784191131592
critical,24,unambiguous,short,object,final,8,8,advanced.,20.553285598754883
critical,24,ambiguous,long,,nonfinal,8,0,After,9.379192352294922
critical,24,ambiguous,long,,nonfinal,8,1,our,7.556215763092041
critical,24,ambiguous,long,,nonfinal,8,2,team,9.533065795898438
critical,24,ambiguous,long,,nonfinal,8,3,won,4.421541690826416
critical,24,ambiguous,long,,nonfinal,8,4,the,0.5273703336715698
critical,24,ambiguous,long,,nonfinal,8,5,tournament,5.661685466766357
critical,24,ambiguous,long,,nonfinal,8,6,in,2.4209680557250977
critical,24,ambiguous,long,,nonfinal,8,7,basketball,15.357975959777832
critical,24,ambiguous,long,,nonfinal,8,8,advanced,20.87300491333008
critical,24,ambiguous,long,,nonfinal,8,9,to,2.228724479675293
critical,24,ambiguous,long,,nonfinal,8,10,the,0.3508445918560028
critical,24,ambiguous,long,,nonfinal,8,11,final,2.8348491191864014
critical,24,ambiguous,long,,nonfinal,8,12,round.,5.922163486480713
critical,24,ambiguous,short,,nonfinal,6,0,After,9.379192352294922
critical,24,ambiguous,short,,nonfinal,6,1,our,7.556215763092041
critical,24,ambiguous,short,,nonfinal,6,2,team,9.533065795898438
critical,24,ambiguous,short,,nonfinal,6,3,won,4.421541690826416
critical,24,ambiguous,short,,nonfinal,6,4,the,0.5273703336715698
critical,24,ambiguous,short,,nonfinal,6,5,tournament,5.661685466766357
critical,24,ambiguous,short,,nonfinal,6,6,advanced,22.658567428588867
critical,24,ambiguous,short,,nonfinal,6,7,to,0.4806681275367737
critical,24,ambiguous,short,,nonfinal,6,8,the,0.2580620348453522
critical,24,ambiguous,short,,nonfinal,6,9,final,3.0519049167633057
critical,24,ambiguous,short,,nonfinal,6,10,round.,6.064760208129883
critical,24,unambiguous,long,comma,nonfinal,8,0,After,9.379192352294922
critical,24,unambiguous,long,comma,nonfinal,8,1,our,7.55621862411499
critical,24,unambiguous,long,comma,nonfinal,8,2,team,9.533065795898438
critical,24,unambiguous,long,comma,nonfinal,8,3,"won,",11.419190883636476
critical,24,unambiguous,long,comma,nonfinal,8,4,the,2.739215850830078
critical,24,unambiguous,long,comma,nonfinal,8,5,tournament,9.641777992248535
critical,24,unambiguous,long,comma,nonfinal,8,6,in,7.683475017547607
critical,24,unambiguous,long,comma,nonfinal,8,7,basketball,15.411702156066896
critical,24,unambiguous,long,comma,nonfinal,8,8,advanced,15.170499801635742
critical,24,unambiguous,long,comma,nonfinal,8,9,to,0.4482638239860534
critical,24,unambiguous,long,comma,nonfinal,8,10,the,0.2307401746511459
critical,24,unambiguous,long,comma,nonfinal,8,11,final,3.4486565589904785
critical,24,unambiguous,long,comma,nonfinal,8,12,round.,3.925411880016327
critical,24,unambiguous,short,comma,nonfinal,6,0,After,9.379192352294922
critical,24,unambiguous,short,comma,nonfinal,6,1,our,7.556215763092041
critical,24,unambiguous,short,comma,nonfinal,6,2,team,9.533065795898438
critical,24,unambiguous,short,comma,nonfinal,6,3,"won,",11.419190883636476
critical,24,unambiguous,short,comma,nonfinal,6,4,the,2.739215850830078
critical,24,unambiguous,short,comma,nonfinal,6,5,tournament,9.641777992248535
critical,24,unambiguous,short,comma,nonfinal,6,6,advanced,17.04825210571289
critical,24,unambiguous,short,comma,nonfinal,6,7,to,0.2601037919521332
critical,24,unambiguous,short,comma,nonfinal,6,8,the,0.3353221416473388
critical,24,unambiguous,short,comma,nonfinal,6,9,final,3.9795546531677246
critical,24,unambiguous,short,comma,nonfinal,6,10,round.,4.04455304145813
critical,24,unambiguous,long,object,nonfinal,10,0,After,9.379192352294922
critical,24,unambiguous,long,object,nonfinal,10,1,our,7.556215763092041
critical,24,unambiguous,long,object,nonfinal,10,2,team,9.533065795898438
critical,24,unambiguous,long,object,nonfinal,10,3,won,4.421538829803467
critical,24,unambiguous,long,object,nonfinal,10,4,the,0.5273703336715698
critical,24,unambiguous,long,object,nonfinal,10,5,semifinals,13.78327465057373
critical,24,unambiguous,long,object,nonfinal,10,6,the,7.898162841796875
critical,24,unambiguous,long,object,nonfinal,10,7,tournament,7.266784191131592
critical,24,unambiguous,long,object,nonfinal,10,8,in,5.150954723358154
critical,24,unambiguous,long,object,nonfinal,10,9,basketball,15.034673690795898
critical,24,unambiguous,long,object,nonfinal,10,10,advanced,16.321435928344727
critical,24,unambiguous,long,object,nonfinal,10,11,to,0.3863803446292877
critical,24,unambiguous,long,object,nonfinal,10,12,the,0.2514744102954864
critical,24,unambiguous,long,object,nonfinal,10,13,final,2.2907373905181885
critical,24,unambiguous,long,object,nonfinal,10,14,round.,4.921499609947205
critical,24,unambiguous,short,object,nonfinal,8,0,After,9.379192352294922
critical,24,unambiguous,short,object,nonfinal,8,1,our,7.556215763092041
critical,24,unambiguous,short,object,nonfinal,8,2,team,9.533065795898438
critical,24,unambiguous,short,object,nonfinal,8,3,won,4.421541690826416
critical,24,unambiguous,short,object,nonfinal,8,4,the,0.5273703336715698
critical,24,unambiguous,short,object,nonfinal,8,5,semifinals,13.78327465057373
critical,24,unambiguous,short,object,nonfinal,8,6,the,7.898162841796875
critical,24,unambiguous,short,object,nonfinal,8,7,tournament,7.266784191131592
critical,24,unambiguous,short,object,nonfinal,8,8,advanced,13.305126190185549
critical,24,unambiguous,short,object,nonfinal,8,9,to,0.2315684407949447
critical,24,unambiguous,short,object,nonfinal,8,10,the,0.2072817385196685
critical,24,unambiguous,short,object,nonfinal,8,11,final,2.758904457092285
critical,24,unambiguous,short,object,nonfinal,8,12,round.,4.730175018310547
critical,25,ambiguous,long,,final,13,0,When,8.491838455200195
critical,25,ambiguous,long,,final,13,1,the,3.220492124557495
critical,25,ambiguous,long,,final,13,2,clumsy,30.82259750366211
critical,25,ambiguous,long,,final,13,3,librarian,14.180893898010254
critical,25,ambiguous,long,,final,13,4,tried,7.485371589660644
critical,25,ambiguous,long,,final,13,5,to,0.0648415833711624
critical,25,ambiguous,long,,final,13,6,organize,9.558426856994627
critical,25,ambiguous,long,,final,13,7,the,1.0661300420761108
critical,25,ambiguous,long,,final,13,8,stack,7.606536865234375
critical,25,ambiguous,long,,final,13,9,of,0.1194082424044609
critical,25,ambiguous,long,,final,13,10,books,0.5483577251434326
critical,25,ambiguous,long,,final,13,11,leaning,14.118921279907228
critical,25,ambiguous,long,,final,13,12,precariously,7.250469116450404
critical,25,ambiguous,long,,final,13,13,toppled.,24.60043954849243
critical,25,ambiguous,short,,final,11,0,When,8.491838455200195
critical,25,ambiguous,short,,final,11,1,the,3.220492124557495
critical,25,ambiguous,short,,final,11,2,clumsy,30.82259750366211
critical,25,ambiguous,short,,final,11,3,librarian,14.180893898010254
critical,25,ambiguous,short,,final,11,4,tried,7.485371589660644
critical,25,ambiguous,short,,final,11,5,to,0.0648415833711624
critical,25,ambiguous,short,,final,11,6,organize,9.558426856994627
critical,25,ambiguous,short,,final,11,7,the,1.0661300420761108
critical,25,ambiguous,short,,final,11,8,stack,7.606536865234375
critical,25,ambiguous,short,,final,11,9,of,0.1194082424044609
critical,25,ambiguous,short,,final,11,10,books,0.5483577251434326
critical,25,ambiguous,short,,final,11,11,toppled.,28.93343687057495
critical,25,unambiguous,long,comma,final,13,0,When,8.491838455200195
critical,25,unambiguous,long,comma,final,13,1,the,3.220492124557495
critical,25,unambiguous,long,comma,final,13,2,clumsy,30.82259750366211
critical,25,unambiguous,long,comma,final,13,3,librarian,14.180893898010254
critical,25,unambiguous,long,comma,final,13,4,tried,7.485371589660644
critical,25,unambiguous,long,comma,final,13,5,to,0.0648415833711624
critical,25,unambiguous,long,comma,final,13,6,"organize,",18.474678993225098
critical,25,unambiguous,long,comma,final,13,7,the,3.070675849914551
critical,25,unambiguous,long,comma,final,13,8,stack,9.515446662902832
critical,25,unambiguous,long,comma,final,13,9,of,0.4078052639961242
critical,25,unambiguous,long,comma,final,13,10,books,0.6265836954116821
critical,25,unambiguous,long,comma,final,13,11,leaning,15.077519416809082
critical,25,unambiguous,long,comma,final,13,12,precariously,6.122111536649754
critical,25,unambiguous,long,comma,final,13,13,toppled.,15.121816158294678
critical,25,unambiguous,short,comma,final,11,0,When,8.491838455200195
critical,25,unambiguous,short,comma,final,11,1,the,3.220492124557495
critical,25,unambiguous,short,comma,final,11,2,clumsy,30.82259750366211
critical,25,unambiguous,short,comma,final,11,3,librarian,14.180893898010254
critical,25,unambiguous,short,comma,final,11,4,tried,7.485371589660644
critical,25,unambiguous,short,comma,final,11,5,to,0.0648415833711624
critical,25,unambiguous,short,comma,final,11,6,"organize,",18.474678993225098
critical,25,unambiguous,short,comma,final,11,7,the,3.070675849914551
critical,25,unambiguous,short,comma,final,11,8,stack,9.515446662902832
critical,25,unambiguous,short,comma,final,11,9,of,0.4078052639961242
critical,25,unambiguous,short,comma,final,11,10,books,0.6265864372253418
critical,25,unambiguous,short,comma,final,11,11,toppled.,14.1750328540802
critical,25,unambiguous,long,object,final,16,0,When,8.491838455200195
critical,25,unambiguous,long,object,final,16,1,the,3.220492124557495
critical,25,unambiguous,long,object,final,16,2,clumsy,30.82259750366211
critical,25,unambiguous,long,object,final,16,3,librarian,14.180893898010254
critical,25,unambiguous,long,object,final,16,4,tried,7.485371589660644
critical,25,unambiguous,long,object,final,16,5,to,0.0648415833711624
critical,25,unambiguous,long,object,final,16,6,organize,9.558426856994627
critical,25,unambiguous,long,object,final,16,7,the,1.0661300420761108
critical,25,unambiguous,long,object,final,16,8,reading,9.858927726745604
critical,25,unambiguous,long,object,final,16,9,room,3.8947713375091553
critical,25,unambiguous,long,object,final,16,10,the,6.819308757781982
critical,25,unambiguous,long,object,final,16,11,stack,11.025074005126951
critical,25,unambiguous,long,object,final,16,12,of,0.1814073026180267
critical,25,unambiguous,long,object,final,16,13,books,0.2883584797382355
critical,25,unambiguous,long,object,final,16,14,leaning,14.40867042541504
critical,25,unambiguous,long,object,final,16,15,precariously,6.964572058466729
critical,25,unambiguous,long,object,final,16,16,toppled.,17.80311393737793
critical,25,unambiguous,short,object,final,14,0,When,8.491838455200195
critical,25,unambiguous,short,object,final,14,1,the,3.220492124557495
critical,25,unambiguous,short,object,final,14,2,clumsy,30.82259750366211
critical,25,unambiguous,short,object,final,14,3,librarian,14.180893898010254
critical,25,unambiguous,short,object,final,14,4,tried,7.485371589660644
critical,25,unambiguous,short,object,final,14,5,to,0.0648415833711624
critical,25,unambiguous,short,object,final,14,6,organize,9.558426856994627
critical,25,unambiguous,short,object,final,14,7,the,1.0661300420761108
critical,25,unambiguous,short,object,final,14,8,reading,9.858927726745604
critical,25,unambiguous,short,object,final,14,9,room,3.8947713375091553
critical,25,unambiguous,short,object,final,14,10,the,6.819308757781982
critical,25,unambiguous,short,object,final,14,11,stack,11.025074005126951
critical,25,unambiguous,short,object,final,14,12,of,0.1814073026180267
critical,25,unambiguous,short,object,final,14,13,books,0.2883584797382355
critical,25,unambiguous,short,object,final,14,14,toppled.,14.913813710212708
critical,25,ambiguous,long,,nonfinal,13,0,When,8.491838455200195
critical,25,ambiguous,long,,nonfinal,13,1,the,3.220492124557495
critical,25,ambiguous,long,,nonfinal,13,2,clumsy,30.82259750366211
critical,25,ambiguous,long,,nonfinal,13,3,librarian,14.180893898010254
critical,25,ambiguous,long,,nonfinal,13,4,tried,7.485371589660644
critical,25,ambiguous,long,,nonfinal,13,5,to,0.0648415833711624
critical,25,ambiguous,long,,nonfinal,13,6,organize,9.558426856994627
critical,25,ambiguous,long,,nonfinal,13,7,the,1.0661300420761108
critical,25,ambiguous,long,,nonfinal,13,8,stack,7.606536865234375
critical,25,ambiguous,long,,nonfinal,13,9,of,0.1194082424044609
critical,25,ambiguous,long,,nonfinal,13,10,books,0.5483577251434326
critical,25,ambiguous,long,,nonfinal,13,11,leaning,14.118921279907228
critical,25,ambiguous,long,,nonfinal,13,12,precariously,7.250469116450404
critical,25,ambiguous,long,,nonfinal,13,13,toppled,17.33811855316162
critical,25,ambiguous,long,,nonfinal,13,14,over,1.0245239734649658
critical,25,ambiguous,long,,nonfinal,13,15,onto,3.5699028968811035
critical,25,ambiguous,long,,nonfinal,13,16,the,0.7923832535743713
critical,25,ambiguous,long,,nonfinal,13,17,floor.,3.803838014602661
critical,25,ambiguous,short,,nonfinal,11,0,When,8.491838455200195
critical,25,ambiguous,short,,nonfinal,11,1,the,3.220492124557495
critical,25,ambiguous,short,,nonfinal,11,2,clumsy,30.82259750366211
critical,25,ambiguous,short,,nonfinal,11,3,librarian,14.180893898010254
critical,25,ambiguous,short,,nonfinal,11,4,tried,7.485371589660644
critical,25,ambiguous,short,,nonfinal,11,5,to,0.0648415833711624
critical,25,ambiguous,short,,nonfinal,11,6,organize,9.558426856994627
critical,25,ambiguous,short,,nonfinal,11,7,the,1.0661300420761108
critical,25,ambiguous,short,,nonfinal,11,8,stack,7.606536865234375
critical,25,ambiguous,short,,nonfinal,11,9,of,0.1194082424044609
critical,25,ambiguous,short,,nonfinal,11,10,books,0.5483577251434326
critical,25,ambiguous,short,,nonfinal,11,11,toppled,17.085029125213623
critical,25,ambiguous,short,,nonfinal,11,12,over,1.7336208820343018
critical,25,ambiguous,short,,nonfinal,11,13,onto,3.801292657852173
critical,25,ambiguous,short,,nonfinal,11,14,the,0.8052392601966858
critical,25,ambiguous,short,,nonfinal,11,15,floor.,7.094713389873505
critical,25,unambiguous,long,comma,nonfinal,13,0,When,8.491838455200195
critical,25,unambiguous,long,comma,nonfinal,13,1,the,3.220492124557495
critical,25,unambiguous,long,comma,nonfinal,13,2,clumsy,30.82259750366211
critical,25,unambiguous,long,comma,nonfinal,13,3,librarian,14.180893898010254
critical,25,unambiguous,long,comma,nonfinal,13,4,tried,7.485371589660644
critical,25,unambiguous,long,comma,nonfinal,13,5,to,0.0648415833711624
critical,25,unambiguous,long,comma,nonfinal,13,6,"organize,",18.474678993225098
critical,25,unambiguous,long,comma,nonfinal,13,7,the,3.070675849914551
critical,25,unambiguous,long,comma,nonfinal,13,8,stack,9.515446662902832
critical,25,unambiguous,long,comma,nonfinal,13,9,of,0.4078052639961242
critical,25,unambiguous,long,comma,nonfinal,13,10,books,0.6265836954116821
critical,25,unambiguous,long,comma,nonfinal,13,11,leaning,15.077519416809082
critical,25,unambiguous,long,comma,nonfinal,13,12,precariously,6.122111536649754
critical,25,unambiguous,long,comma,nonfinal,13,13,toppled,11.77878999710083
critical,25,unambiguous,long,comma,nonfinal,13,14,over,1.2423696517944336
critical,25,unambiguous,long,comma,nonfinal,13,15,onto,4.128654003143311
critical,25,unambiguous,long,comma,nonfinal,13,16,the,0.7610630989074707
critical,25,unambiguous,long,comma,nonfinal,13,17,floor.,1.6561158299446106
critical,25,unambiguous,short,comma,nonfinal,11,0,When,8.491838455200195
critical,25,unambiguous,short,comma,nonfinal,11,1,the,3.220492124557495
critical,25,unambiguous,short,comma,nonfinal,11,2,clumsy,30.82259750366211
critical,25,unambiguous,short,comma,nonfinal,11,3,librarian,14.180896759033203
critical,25,unambiguous,short,comma,nonfinal,11,4,tried,7.485371589660644
critical,25,unambiguous,short,comma,nonfinal,11,5,to,0.0648415833711624
critical,25,unambiguous,short,comma,nonfinal,11,6,"organize,",18.474678993225098
critical,25,unambiguous,short,comma,nonfinal,11,7,the,3.070675849914551
critical,25,unambiguous,short,comma,nonfinal,11,8,stack,9.515446662902832
critical,25,unambiguous,short,comma,nonfinal,11,9,of,0.4078052639961242
critical,25,unambiguous,short,comma,nonfinal,11,10,books,0.6265836954116821
critical,25,unambiguous,short,comma,nonfinal,11,11,toppled,10.90101146697998
critical,25,unambiguous,short,comma,nonfinal,11,12,over,1.3052877187728882
critical,25,unambiguous,short,comma,nonfinal,11,13,onto,4.1647233963012695
critical,25,unambiguous,short,comma,nonfinal,11,14,the,0.7846729159355164
critical,25,unambiguous,short,comma,nonfinal,11,15,floor.,1.5756169557571411
critical,25,unambiguous,long,object,nonfinal,16,0,When,8.491838455200195
critical,25,unambiguous,long,object,nonfinal,16,1,the,3.220492124557495
critical,25,unambiguous,long,object,nonfinal,16,2,clumsy,30.82259750366211
critical,25,unambiguous,long,object,nonfinal,16,3,librarian,14.180893898010254
critical,25,unambiguous,long,object,nonfinal,16,4,tried,7.485371589660644
critical,25,unambiguous,long,object,nonfinal,16,5,to,0.0648415833711624
critical,25,unambiguous,long,object,nonfinal,16,6,organize,9.558426856994627
critical,25,unambiguous,long,object,nonfinal,16,7,the,1.0661300420761108
critical,25,unambiguous,long,object,nonfinal,16,8,reading,9.858927726745604
critical,25,unambiguous,long,object,nonfinal,16,9,room,3.8947713375091553
critical,25,unambiguous,long,object,nonfinal,16,10,the,6.819308757781982
critical,25,unambiguous,long,object,nonfinal,16,11,stack,11.025074005126951
critical,25,unambiguous,long,object,nonfinal,16,12,of,0.1814073026180267
critical,25,unambiguous,long,object,nonfinal,16,13,books,0.2883584797382355
critical,25,unambiguous,long,object,nonfinal,16,14,leaning,14.40867042541504
critical,25,unambiguous,long,object,nonfinal,16,15,precariously,6.964572058466729
critical,25,unambiguous,long,object,nonfinal,16,16,toppled,13.251195430755615
critical,25,unambiguous,long,object,nonfinal,16,17,over,0.974398672580719
critical,25,unambiguous,long,object,nonfinal,16,18,onto,3.7963037490844727
critical,25,unambiguous,long,object,nonfinal,16,19,the,0.6966177821159363
critical,25,unambiguous,long,object,nonfinal,16,20,floor.,1.71467524766922
critical,25,unambiguous,short,object,nonfinal,14,0,When,8.491838455200195
critical,25,unambiguous,short,object,nonfinal,14,1,the,3.220492124557495
critical,25,unambiguous,short,object,nonfinal,14,2,clumsy,30.82259750366211
critical,25,unambiguous,short,object,nonfinal,14,3,librarian,14.180893898010254
critical,25,unambiguous,short,object,nonfinal,14,4,tried,7.485371589660644
critical,25,unambiguous,short,object,nonfinal,14,5,to,0.0648415833711624
critical,25,unambiguous,short,object,nonfinal,14,6,organize,9.558426856994627
critical,25,unambiguous,short,object,nonfinal,14,7,the,1.0661300420761108
critical,25,unambiguous,short,object,nonfinal,14,8,reading,9.858927726745604
critical,25,unambiguous,short,object,nonfinal,14,9,room,3.8947713375091553
critical,25,unambiguous,short,object,nonfinal,14,10,the,6.819308757781982
critical,25,unambiguous,short,object,nonfinal,14,11,stack,11.025074005126951
critical,25,unambiguous,short,object,nonfinal,14,12,of,0.1814073026180267
critical,25,unambiguous,short,object,nonfinal,14,13,books,0.2883584797382355
critical,25,unambiguous,short,object,nonfinal,14,14,toppled,10.1978679895401
critical,25,unambiguous,short,object,nonfinal,14,15,over,0.9791288375854492
critical,25,unambiguous,short,object,nonfinal,14,16,onto,3.702767133712769
critical,25,unambiguous,short,object,nonfinal,14,17,the,0.7231306433677673
critical,25,unambiguous,short,object,nonfinal,14,18,floor.,1.6646572351455688
critical,26,ambiguous,long,,final,8,0,Once,15.305880546569824
critical,26,ambiguous,long,,final,8,1,the,3.407336711883545
critical,26,ambiguous,long,,final,8,2,detective,24.563495635986328
critical,26,ambiguous,long,,final,8,3,investigated,12.391277313232422
critical,26,ambiguous,long,,final,8,4,the,0.7421367764472961
critical,26,ambiguous,long,,final,8,5,politician,21.111299514770508
critical,26,ambiguous,long,,final,8,6,accepting,20.036157608032227
critical,26,ambiguous,long,,final,8,7,bribes,2.286590576171875
critical,26,ambiguous,long,,final,8,8,resigned.,20.634970664978027
critical,26,ambiguous,short,,final,6,0,Once,15.305880546569824
critical,26,ambiguous,short,,final,6,1,the,3.407336711883545
critical,26,ambiguous,short,,final,6,2,detective,24.563495635986328
critical,26,ambiguous,short,,final,6,3,investigated,12.391277313232422
critical,26,ambiguous,short,,final,6,4,the,0.7421367764472961
critical,26,ambiguous,short,,final,6,5,politician,21.111299514770508
critical,26,ambiguous,short,,final,6,6,resigned.,17.781087636947632
critical,26,unambiguous,long,comma,final,8,0,Once,15.305880546569824
critical,26,unambiguous,long,comma,final,8,1,the,3.407336711883545
critical,26,unambiguous,long,comma,final,8,2,detective,24.563495635986328
critical,26,unambiguous,long,comma,final,8,3,"investigated,",15.997959852218628
critical,26,unambiguous,long,comma,final,8,4,the,2.333135843276977
critical,26,unambiguous,long,comma,final,8,5,politician,14.118816375732422
critical,26,unambiguous,long,comma,final,8,6,accepting,19.98088836669922
critical,26,unambiguous,long,comma,final,8,7,bribes,2.8308894634246826
critical,26,unambiguous,long,comma,final,8,8,resigned.,11.642578125
critical,26,unambiguous,short,comma,final,6,0,Once,15.305880546569824
critical,26,unambiguous,short,comma,final,6,1,the,3.407336711883545
critical,26,unambiguous,short,comma,final,6,2,detective,24.563495635986328
critical,26,unambiguous,short,comma,final,6,3,"investigated,",15.997959852218628
critical,26,unambiguous,short,comma,final,6,4,the,2.333135843276977
critical,26,unambiguous,short,comma,final,6,5,politician,14.118816375732422
critical,26,unambiguous,short,comma,final,6,6,resigned.,8.96903681755066
critical,26,unambiguous,long,object,final,9,0,Once,15.305880546569824
critical,26,unambiguous,long,object,final,9,1,the,3.407336711883545
critical,26,unambiguous,long,object,final,9,2,detective,24.563495635986328
critical,26,unambiguous,long,object,final,9,3,investigated,12.391277313232422
critical,26,unambiguous,long,object,final,9,4,him,8.109054565429688
critical,26,unambiguous,long,object,final,9,5,the,7.581778049468994
critical,26,unambiguous,long,object,final,9,6,politician,15.899256706237791
critical,26,unambiguous,long,object,final,9,7,accepting,20.15436553955078
critical,26,unambiguous,long,object,final,9,8,bribes,3.195401906967163
critical,26,unambiguous,long,object,final,9,9,resigned.,12.521947860717772
critical,26,unambiguous,short,object,final,7,0,Once,15.305880546569824
critical,26,unambiguous,short,object,final,7,1,the,3.407336711883545
critical,26,unambiguous,short,object,final,7,2,detective,24.563495635986328
critical,26,unambiguous,short,object,final,7,3,investigated,12.391277313232422
critical,26,unambiguous,short,object,final,7,4,him,8.109054565429688
critical,26,unambiguous,short,object,final,7,5,the,7.581778049468994
critical,26,unambiguous,short,object,final,7,6,politician,15.899256706237791
critical,26,unambiguous,short,object,final,7,7,resigned.,9.40335750579834
critical,26,ambiguous,long,,nonfinal,8,0,Once,15.305880546569824
critical,26,ambiguous,long,,nonfinal,8,1,the,3.407336711883545
critical,26,ambiguous,long,,nonfinal,8,2,detective,24.563495635986328
critical,26,ambiguous,long,,nonfinal,8,3,investigated,12.391277313232422
critical,26,ambiguous,long,,nonfinal,8,4,the,0.7421367764472961
critical,26,ambiguous,long,,nonfinal,8,5,politician,21.111299514770508
critical,26,ambiguous,long,,nonfinal,8,6,accepting,20.036157608032227
critical,26,ambiguous,long,,nonfinal,8,7,bribes,2.286590576171875
critical,26,ambiguous,long,,nonfinal,8,8,resigned,17.992252349853516
critical,26,ambiguous,long,,nonfinal,8,9,from,2.339973926544189
critical,26,ambiguous,long,,nonfinal,8,10,office.,5.868081212043762
critical,26,ambiguous,short,,nonfinal,6,0,Once,15.305880546569824
critical,26,ambiguous,short,,nonfinal,6,1,the,3.407336711883545
critical,26,ambiguous,short,,nonfinal,6,2,detective,24.563495635986328
critical,26,ambiguous,short,,nonfinal,6,3,investigated,12.391277313232422
critical,26,ambiguous,short,,nonfinal,6,4,the,0.7421367764472961
critical,26,ambiguous,short,,nonfinal,6,5,politician,21.111299514770508
critical,26,ambiguous,short,,nonfinal,6,6,resigned,15.179248809814451
critical,26,ambiguous,short,,nonfinal,6,7,from,2.4609479904174805
critical,26,ambiguous,short,,nonfinal,6,8,office.,4.7658785581588745
critical,26,unambiguous,long,comma,nonfinal,8,0,Once,15.305880546569824
critical,26,unambiguous,long,comma,nonfinal,8,1,the,3.407336711883545
critical,26,unambiguous,long,comma,nonfinal,8,2,detective,24.563495635986328
critical,26,unambiguous,long,comma,nonfinal,8,3,"investigated,",15.997959852218628
critical,26,unambiguous,long,comma,nonfinal,8,4,the,2.333135843276977
critical,26,unambiguous,long,comma,nonfinal,8,5,politician,14.118816375732422
critical,26,unambiguous,long,comma,nonfinal,8,6,accepting,19.98088836669922
critical,26,unambiguous,long,comma,nonfinal,8,7,bribes,2.8308894634246826
critical,26,unambiguous,long,comma,nonfinal,8,8,resigned,10.255121231079102
critical,26,unambiguous,long,comma,nonfinal,8,9,from,2.3472163677215576
critical,26,unambiguous,long,comma,nonfinal,8,10,office.,3.159202992916107
critical,26,unambiguous,short,comma,nonfinal,6,0,Once,15.305880546569824
critical,26,unambiguous,short,comma,nonfinal,6,1,the,3.407336711883545
critical,26,unambiguous,short,comma,nonfinal,6,2,detective,24.563495635986328
critical,26,unambiguous,short,comma,nonfinal,6,3,"investigated,",15.997959852218628
critical,26,unambiguous,short,comma,nonfinal,6,4,the,2.333135843276977
critical,26,unambiguous,short,comma,nonfinal,6,5,politician,14.118816375732422
critical,26,unambiguous,short,comma,nonfinal,6,6,resigned,7.6323161125183105
critical,26,unambiguous,short,comma,nonfinal,6,7,from,2.906919479370117
critical,26,unambiguous,short,comma,nonfinal,6,8,office.,3.4727368354797363
critical,26,unambiguous,long,object,nonfinal,9,0,Once,15.305880546569824
critical,26,unambiguous,long,object,nonfinal,9,1,the,3.407336711883545
critical,26,unambiguous,long,object,nonfinal,9,2,detective,24.563495635986328
critical,26,unambiguous,long,object,nonfinal,9,3,investigated,12.391277313232422
critical,26,unambiguous,long,object,nonfinal,9,4,him,8.109054565429688
critical,26,unambiguous,long,object,nonfinal,9,5,the,7.581778049468994
critical,26,unambiguous,long,object,nonfinal,9,6,politician,15.899256706237791
critical,26,unambiguous,long,object,nonfinal,9,7,accepting,20.15436553955078
critical,26,unambiguous,long,object,nonfinal,9,8,bribes,3.195401906967163
critical,26,unambiguous,long,object,nonfinal,9,9,resigned,11.018932342529297
critical,26,unambiguous,long,object,nonfinal,9,10,from,2.044816017150879
critical,26,unambiguous,long,object,nonfinal,9,11,office.,3.64595228433609
critical,26,unambiguous,short,object,nonfinal,7,0,Once,15.305880546569824
critical,26,unambiguous,short,object,nonfinal,7,1,the,3.407336711883545
critical,26,unambiguous,short,object,nonfinal,7,2,detective,24.563495635986328
critical,26,unambiguous,short,object,nonfinal,7,3,investigated,12.391277313232422
critical,26,unambiguous,short,object,nonfinal,7,4,him,8.109054565429688
critical,26,unambiguous,short,object,nonfinal,7,5,the,7.581778049468994
critical,26,unambiguous,short,object,nonfinal,7,6,politician,15.899256706237791
critical,26,unambiguous,short,object,nonfinal,7,7,resigned,7.9555277824401855
critical,26,unambiguous,short,object,nonfinal,7,8,from,2.5094690322875977
critical,26,unambiguous,short,object,nonfinal,7,9,office.,3.9187417030334473
critical,27,ambiguous,long,,final,9,0,When,8.491838455200195
critical,27,ambiguous,long,,final,9,1,the,3.220492124557495
critical,27,ambiguous,long,,final,9,2,supervisor,19.00607681274414
critical,27,ambiguous,long,,final,9,3,called,8.058749198913574
critical,27,ambiguous,long,,final,9,4,the,4.201915740966797
critical,27,ambiguous,long,,final,9,5,employees,6.835819244384766
critical,27,ambiguous,long,,final,9,6,who,6.6485795974731445
critical,27,ambiguous,long,,final,9,7,were,1.704694747924805
critical,27,ambiguous,long,,final,9,8,available,10.928722381591797
critical,27,ambiguous,long,,final,9,9,gathered.,25.0118727684021
critical,27,ambiguous,short,,final,6,0,When,8.491838455200195
critical,27,ambiguous,short,,final,6,1,the,3.220492124557495
critical,27,ambiguous,short,,final,6,2,supervisor,19.00607681274414
critical,27,ambiguous,short,,final,6,3,called,8.058749198913574
critical,27,ambiguous,short,,final,6,4,the,4.201915740966797
critical,27,ambiguous,short,,final,6,5,employees,6.835819244384766
critical,27,ambiguous,short,,final,6,6,gathered.,19.20852851867676
critical,27,unambiguous,long,comma,final,9,0,When,8.491838455200195
critical,27,unambiguous,long,comma,final,9,1,the,3.220492124557495
critical,27,unambiguous,long,comma,final,9,2,supervisor,19.00607681274414
critical,27,unambiguous,long,comma,final,9,3,"called,",12.22706651687622
critical,27,unambiguous,long,comma,final,9,4,the,3.724392890930176
critical,27,unambiguous,long,comma,final,9,5,employees,7.756729602813721
critical,27,unambiguous,long,comma,final,9,6,who,5.349939823150635
critical,27,unambiguous,long,comma,final,9,7,were,1.6213725805282593
critical,27,unambiguous,long,comma,final,9,8,available,9.43892765045166
critical,27,unambiguous,long,comma,final,9,9,gathered.,14.80116367340088
critical,27,unambiguous,short,comma,final,6,0,When,8.491838455200195
critical,27,unambiguous,short,comma,final,6,1,the,3.220492124557495
critical,27,unambiguous,short,comma,final,6,2,supervisor,19.00607681274414
critical,27,unambiguous,short,comma,final,6,3,"called,",12.22706651687622
critical,27,unambiguous,short,comma,final,6,4,the,3.724392890930176
critical,27,unambiguous,short,comma,final,6,5,employees,7.756729602813721
critical,27,unambiguous,short,comma,final,6,6,gathered.,13.274963855743408
critical,27,unambiguous,long,object,final,11,0,When,8.491838455200195
critical,27,unambiguous,long,object,final,11,1,the,3.220492124557495
critical,27,unambiguous,long,object,final,11,2,supervisor,19.00607681274414
critical,27,unambiguous,long,object,final,11,3,called,8.058749198913574
critical,27,unambiguous,long,object,final,11,4,the,4.201915740966797
critical,27,unambiguous,long,object,final,11,5,team,5.437140464782715
critical,27,unambiguous,long,object,final,11,6,the,8.324231147766113
critical,27,unambiguous,long,object,final,11,7,employees,12.426331520080566
critical,27,unambiguous,long,object,final,11,8,who,6.254681587219238
critical,27,unambiguous,long,object,final,11,9,were,1.812394380569458
critical,27,unambiguous,long,object,final,11,10,available,8.975732803344727
critical,27,unambiguous,long,object,final,11,11,gathered.,14.934488296508787
critical,27,unambiguous,short,object,final,8,0,When,8.491838455200195
critical,27,unambiguous,short,object,final,8,1,the,3.220492124557495
critical,27,unambiguous,short,object,final,8,2,supervisor,19.00607681274414
critical,27,unambiguous,short,object,final,8,3,called,8.058749198913574
critical,27,unambiguous,short,object,final,8,4,the,4.201915740966797
critical,27,unambiguous,short,object,final,8,5,team,5.437140464782715
critical,27,unambiguous,short,object,final,8,6,the,8.324231147766113
critical,27,unambiguous,short,object,final,8,7,employees,12.426331520080566
critical,27,unambiguous,short,object,final,8,8,gathered.,12.750537872314451
critical,27,ambiguous,long,,nonfinal,9,0,When,8.491838455200195
critical,27,ambiguous,long,,nonfinal,9,1,the,3.220492124557495
critical,27,ambiguous,long,,nonfinal,9,2,supervisor,19.00607681274414
critical,27,ambiguous,long,,nonfinal,9,3,called,8.058749198913574
critical,27,ambiguous,long,,nonfinal,9,4,the,4.201915740966797
critical,27,ambiguous,long,,nonfinal,9,5,employees,6.835819244384766
critical,27,ambiguous,long,,nonfinal,9,6,who,6.648582458496094
critical,27,ambiguous,long,,nonfinal,9,7,were,1.704694747924805
critical,27,ambiguous,long,,nonfinal,9,8,available,10.928722381591797
critical,27,ambiguous,long,,nonfinal,9,9,gathered,18.371604919433597
critical,27,ambiguous,long,,nonfinal,9,10,in,2.265611410140991
critical,27,ambiguous,long,,nonfinal,9,11,the,0.4754976332187652
critical,27,ambiguous,long,,nonfinal,9,12,meeting,4.646034240722656
critical,27,ambiguous,long,,nonfinal,9,13,room.,3.0150593668222427
critical,27,ambiguous,short,,nonfinal,6,0,When,8.491838455200195
critical,27,ambiguous,short,,nonfinal,6,1,the,3.220492124557495
critical,27,ambiguous,short,,nonfinal,6,2,supervisor,19.00607681274414
critical,27,ambiguous,short,,nonfinal,6,3,called,8.058749198913574
critical,27,ambiguous,short,,nonfinal,6,4,the,4.201915740966797
critical,27,ambiguous,short,,nonfinal,6,5,employees,6.835819244384766
critical,27,ambiguous,short,,nonfinal,6,6,gathered,10.532207489013672
critical,27,ambiguous,short,,nonfinal,6,7,in,1.6581218242645264
critical,27,ambiguous,short,,nonfinal,6,8,the,0.5013362765312195
critical,27,ambiguous,short,,nonfinal,6,9,meeting,4.202700138092041
critical,27,ambiguous,short,,nonfinal,6,10,room.,4.428528279066086
critical,27,unambiguous,long,comma,nonfinal,9,0,When,8.491838455200195
critical,27,unambiguous,long,comma,nonfinal,9,1,the,3.220492124557495
critical,27,unambiguous,long,comma,nonfinal,9,2,supervisor,19.00607681274414
critical,27,unambiguous,long,comma,nonfinal,9,3,"called,",12.22706651687622
critical,27,unambiguous,long,comma,nonfinal,9,4,the,3.724392890930176
critical,27,unambiguous,long,comma,nonfinal,9,5,employees,7.756729602813721
critical,27,unambiguous,long,comma,nonfinal,9,6,who,5.349939823150635
critical,27,unambiguous,long,comma,nonfinal,9,7,were,1.6213725805282593
critical,27,unambiguous,long,comma,nonfinal,9,8,available,9.43892765045166
critical,27,unambiguous,long,comma,nonfinal,9,9,gathered,9.626161575317385
critical,27,unambiguous,long,comma,nonfinal,9,10,in,1.9553601741790767
critical,27,unambiguous,long,comma,nonfinal,9,11,the,0.6449156403541565
critical,27,unambiguous,long,comma,nonfinal,9,12,meeting,5.296943187713623
critical,27,unambiguous,long,comma,nonfinal,9,13,room.,1.3994379490613935
critical,27,unambiguous,short,comma,nonfinal,6,0,When,8.491838455200195
critical,27,unambiguous,short,comma,nonfinal,6,1,the,3.220492124557495
critical,27,unambiguous,short,comma,nonfinal,6,2,supervisor,19.00607681274414
critical,27,unambiguous,short,comma,nonfinal,6,3,"called,",12.22706651687622
critical,27,unambiguous,short,comma,nonfinal,6,4,the,3.724392890930176
critical,27,unambiguous,short,comma,nonfinal,6,5,employees,7.756729602813721
critical,27,unambiguous,short,comma,nonfinal,6,6,gathered,8.81649398803711
critical,27,unambiguous,short,comma,nonfinal,6,7,in,1.921486496925354
critical,27,unambiguous,short,comma,nonfinal,6,8,the,0.634324312210083
critical,27,unambiguous,short,comma,nonfinal,6,9,meeting,4.968164443969727
critical,27,unambiguous,short,comma,nonfinal,6,10,room.,1.576084703207016
critical,27,unambiguous,long,object,nonfinal,11,0,When,8.491838455200195
critical,27,unambiguous,long,object,nonfinal,11,1,the,3.220492124557495
critical,27,unambiguous,long,object,nonfinal,11,2,supervisor,19.00607681274414
critical,27,unambiguous,long,object,nonfinal,11,3,called,8.058749198913574
critical,27,unambiguous,long,object,nonfinal,11,4,the,4.201915740966797
critical,27,unambiguous,long,object,nonfinal,11,5,team,5.437140464782715
critical,27,unambiguous,long,object,nonfinal,11,6,the,8.324231147766113
critical,27,unambiguous,long,object,nonfinal,11,7,employees,12.426331520080566
critical,27,unambiguous,long,object,nonfinal,11,8,who,6.254681587219238
critical,27,unambiguous,long,object,nonfinal,11,9,were,1.812394380569458
critical,27,unambiguous,long,object,nonfinal,11,10,available,8.975732803344727
critical,27,unambiguous,long,object,nonfinal,11,11,gathered,10.0294828414917
critical,27,unambiguous,long,object,nonfinal,11,12,in,2.0534508228302
critical,27,unambiguous,long,object,nonfinal,11,13,the,0.6766265034675598
critical,27,unambiguous,long,object,nonfinal,11,14,meeting,4.359666347503662
critical,27,unambiguous,long,object,nonfinal,11,15,room.,1.2646035104990003
critical,27,unambiguous,short,object,nonfinal,8,0,When,8.491838455200195
critical,27,unambiguous,short,object,nonfinal,8,1,the,3.220492124557495
critical,27,unambiguous,short,object,nonfinal,8,2,supervisor,19.00607681274414
critical,27,unambiguous,short,object,nonfinal,8,3,called,8.058749198913574
critical,27,unambiguous,short,object,nonfinal,8,4,the,4.201915740966797
critical,27,unambiguous,short,object,nonfinal,8,5,team,5.437140464782715
critical,27,unambiguous,short,object,nonfinal,8,6,the,8.324231147766113
critical,27,unambiguous,short,object,nonfinal,8,7,employees,12.426331520080566
critical,27,unambiguous,short,object,nonfinal,8,8,gathered,8.070645332336426
critical,27,unambiguous,short,object,nonfinal,8,9,in,2.1059041023254395
critical,27,unambiguous,short,object,nonfinal,8,10,the,0.6607848405838013
critical,27,unambiguous,short,object,nonfinal,8,11,meeting,4.118706703186035
critical,27,unambiguous,short,object,nonfinal,8,12,room.,1.516127526760101
critical,28,ambiguous,long,,final,8,0,As,7.890280723571777
critical,28,ambiguous,long,,final,8,1,the,2.4022233486175537
critical,28,ambiguous,long,,final,8,2,guest,15.59125518798828
critical,28,ambiguous,long,,final,8,3,photographed,20.289573669433597
critical,28,ambiguous,long,,final,8,4,the,6.527083873748779
critical,28,ambiguous,long,,final,8,5,couple,5.53896951675415
critical,28,ambiguous,long,,final,8,6,of,7.711766719818115
critical,28,ambiguous,long,,final,8,7,newlyweds,6.198720932006836
critical,28,ambiguous,long,,final,8,8,smiled.,15.936182975769045
critical,28,ambiguous,short,,final,6,0,As,7.890280723571777
critical,28,ambiguous,short,,final,6,1,the,2.4022233486175537
critical,28,ambiguous,short,,final,6,2,guest,15.59125518798828
critical,28,ambiguous,short,,final,6,3,photographed,20.289573669433597
critical,28,ambiguous,short,,final,6,4,the,6.527083873748779
critical,28,ambiguous,short,,final,6,5,couple,5.53896951675415
critical,28,ambiguous,short,,final,6,6,smiled.,14.622074604034424
critical,28,unambiguous,long,comma,final,8,0,As,7.890280723571777
critical,28,unambiguous,long,comma,final,8,1,the,2.4022233486175537
critical,28,unambiguous,long,comma,final,8,2,guest,15.59125518798828
critical,28,unambiguous,long,comma,final,8,3,"photographed,",22.802298069000244
critical,28,unambiguous,long,comma,final,8,4,the,3.607579469680786
critical,28,unambiguous,long,comma,final,8,5,couple,5.667710304260254
critical,28,unambiguous,long,comma,final,8,6,of,7.160442352294922
critical,28,unambiguous,long,comma,final,8,7,newlyweds,6.521752834320068
critical,28,unambiguous,long,comma,final,8,8,smiled.,16.055153846740723
critical,28,unambiguous,short,comma,final,6,0,As,7.890280723571777
critical,28,unambiguous,short,comma,final,6,1,the,2.4022233486175537
critical,28,unambiguous,short,comma,final,6,2,guest,15.59125518798828
critical,28,unambiguous,short,comma,final,6,3,"photographed,",22.802298069000244
critical,28,unambiguous,short,comma,final,6,4,the,3.607579469680786
critical,28,unambiguous,short,comma,final,6,5,couple,5.667710304260254
critical,28,unambiguous,short,comma,final,6,6,smiled.,17.211162090301514
critical,28,unambiguous,long,object,final,10,0,As,7.890280723571777
critical,28,unambiguous,long,object,final,10,1,the,2.4022233486175537
critical,28,unambiguous,long,object,final,10,2,guest,15.59125518798828
critical,28,unambiguous,long,object,final,10,3,photographed,20.289573669433597
critical,28,unambiguous,long,object,final,10,4,the,6.527083873748779
critical,28,unambiguous,long,object,final,10,5,ceremony,8.944737434387207
critical,28,unambiguous,long,object,final,10,6,the,6.907589435577393
critical,28,unambiguous,long,object,final,10,7,couple,4.0078229904174805
critical,28,unambiguous,long,object,final,10,8,of,9.535042762756348
critical,28,unambiguous,long,object,final,10,9,newlyweds,8.631887435913086
critical,28,unambiguous,long,object,final,10,10,smiled.,12.19745635986328
critical,28,unambiguous,short,object,final,8,0,As,7.890280723571777
critical,28,unambiguous,short,object,final,8,1,the,2.4022233486175537
critical,28,unambiguous,short,object,final,8,2,guest,15.59125518798828
critical,28,unambiguous,short,object,final,8,3,photographed,20.289573669433597
critical,28,unambiguous,short,object,final,8,4,the,6.527083873748779
critical,28,unambiguous,short,object,final,8,5,ceremony,8.944737434387207
critical,28,unambiguous,short,object,final,8,6,the,6.907589435577393
critical,28,unambiguous,short,object,final,8,7,couple,4.0078229904174805
critical,28,unambiguous,short,object,final,8,8,smiled.,14.5455002784729
critical,28,ambiguous,long,,nonfinal,8,0,As,7.890280723571777
critical,28,ambiguous,long,,nonfinal,8,1,the,2.4022233486175537
critical,28,ambiguous,long,,nonfinal,8,2,guest,15.59125518798828
critical,28,ambiguous,long,,nonfinal,8,3,photographed,20.289573669433597
critical,28,ambiguous,long,,nonfinal,8,4,the,6.527083873748779
critical,28,ambiguous,long,,nonfinal,8,5,couple,5.53896951675415
critical,28,ambiguous,long,,nonfinal,8,6,of,7.711766719818115
critical,28,ambiguous,long,,nonfinal,8,7,newlyweds,6.198720932006836
critical,28,ambiguous,long,,nonfinal,8,8,smiled,10.400347709655762
critical,28,ambiguous,long,,nonfinal,8,9,for,3.7085485458374015
critical,28,ambiguous,long,,nonfinal,8,10,the,0.3381398916244507
critical,28,ambiguous,long,,nonfinal,8,11,camera.,2.811486959457397
critical,28,ambiguous,short,,nonfinal,6,0,As,7.890280723571777
critical,28,ambiguous,short,,nonfinal,6,1,the,2.4022233486175537
critical,28,ambiguous,short,,nonfinal,6,2,guest,15.59125518798828
critical,28,ambiguous,short,,nonfinal,6,3,photographed,20.289573669433597
critical,28,ambiguous,short,,nonfinal,6,4,the,6.527083873748779
critical,28,ambiguous,short,,nonfinal,6,5,couple,5.53896951675415
critical,28,ambiguous,short,,nonfinal,6,6,smiled,9.30505084991455
critical,28,ambiguous,short,,nonfinal,6,7,for,3.73814868927002
critical,28,ambiguous,short,,nonfinal,6,8,the,0.5311649441719055
critical,28,ambiguous,short,,nonfinal,6,9,camera.,2.5301398932933807
critical,28,unambiguous,long,comma,nonfinal,8,0,As,7.890280723571777
critical,28,unambiguous,long,comma,nonfinal,8,1,the,2.4022233486175537
critical,28,unambiguous,long,comma,nonfinal,8,2,guest,15.59125518798828
critical,28,unambiguous,long,comma,nonfinal,8,3,"photographed,",22.802298069000244
critical,28,unambiguous,long,comma,nonfinal,8,4,the,3.607579469680786
critical,28,unambiguous,long,comma,nonfinal,8,5,couple,5.667710304260254
critical,28,unambiguous,long,comma,nonfinal,8,6,of,7.160442352294922
critical,28,unambiguous,long,comma,nonfinal,8,7,newlyweds,6.521752834320068
critical,28,unambiguous,long,comma,nonfinal,8,8,smiled,8.85289478302002
critical,28,unambiguous,long,comma,nonfinal,8,9,for,3.578169107437134
critical,28,unambiguous,long,comma,nonfinal,8,10,the,0.444981038570404
critical,28,unambiguous,long,comma,nonfinal,8,11,camera.,2.7443945705890656
critical,28,unambiguous,short,comma,nonfinal,6,0,As,7.890280723571777
critical,28,unambiguous,short,comma,nonfinal,6,1,the,2.4022233486175537
critical,28,unambiguous,short,comma,nonfinal,6,2,guest,15.59125518798828
critical,28,unambiguous,short,comma,nonfinal,6,3,"photographed,",22.802298069000244
critical,28,unambiguous,short,comma,nonfinal,6,4,the,3.607579469680786
critical,28,unambiguous,short,comma,nonfinal,6,5,couple,5.667710304260254
critical,28,unambiguous,short,comma,nonfinal,6,6,smiled,10.411442756652832
critical,28,unambiguous,short,comma,nonfinal,6,7,for,3.155911922454834
critical,28,unambiguous,short,comma,nonfinal,6,8,the,0.6643263101577759
critical,28,unambiguous,short,comma,nonfinal,6,9,camera.,2.835278332233429
critical,28,unambiguous,long,object,nonfinal,10,0,As,7.890280723571777
critical,28,unambiguous,long,object,nonfinal,10,1,the,2.4022233486175537
critical,28,unambiguous,long,object,nonfinal,10,2,guest,15.59125518798828
critical,28,unambiguous,long,object,nonfinal,10,3,photographed,20.289573669433597
critical,28,unambiguous,long,object,nonfinal,10,4,the,6.527083873748779
critical,28,unambiguous,long,object,nonfinal,10,5,ceremony,8.944737434387207
critical,28,unambiguous,long,object,nonfinal,10,6,the,6.907589435577393
critical,28,unambiguous,long,object,nonfinal,10,7,couple,4.0078229904174805
critical,28,unambiguous,long,object,nonfinal,10,8,of,9.535042762756348
critical,28,unambiguous,long,object,nonfinal,10,9,newlyweds,8.631887435913086
critical,28,unambiguous,long,object,nonfinal,10,10,smiled,6.223618507385254
critical,28,unambiguous,long,object,nonfinal,10,11,for,4.376413345336914
critical,28,unambiguous,long,object,nonfinal,10,12,the,0.5453253388404846
critical,28,unambiguous,long,object,nonfinal,10,13,camera.,2.2658810019493103
critical,28,unambiguous,short,object,nonfinal,8,0,As,7.890280723571777
critical,28,unambiguous,short,object,nonfinal,8,1,the,2.4022233486175537
critical,28,unambiguous,short,object,nonfinal,8,2,guest,15.59125518798828
critical,28,unambiguous,short,object,nonfinal,8,3,photographed,20.289573669433597
critical,28,unambiguous,short,object,nonfinal,8,4,the,6.527083873748779
critical,28,unambiguous,short,object,nonfinal,8,5,ceremony,8.944737434387207
critical,28,unambiguous,short,object,nonfinal,8,6,the,6.907589435577393
critical,28,unambiguous,short,object,nonfinal,8,7,couple,4.0078229904174805
critical,28,unambiguous,short,object,nonfinal,8,8,smiled,8.488378524780273
critical,28,unambiguous,short,object,nonfinal,8,9,for,4.019870281219482
critical,28,unambiguous,short,object,nonfinal,8,10,the,0.7908174991607666
critical,28,unambiguous,short,object,nonfinal,8,11,camera.,2.6780972480773926
critical,29,ambiguous,long,,final,9,0,When,8.491838455200195
critical,29,ambiguous,long,,final,9,1,the,3.220492124557495
critical,29,ambiguous,long,,final,9,2,family,8.417080879211426
critical,29,ambiguous,long,,final,9,3,packed,13.619773864746094
critical,29,ambiguous,long,,final,9,4,the,5.700820446014404
critical,29,ambiguous,long,,final,9,5,vases,19.06287384033203
critical,29,ambiguous,long,,final,9,6,made,11.53237247467041
critical,29,ambiguous,long,,final,9,7,of,0.9402167797088624
critical,29,ambiguous,long,,final,9,8,porcelain,4.746550559997559
critical,29,ambiguous,long,,final,9,9,shattered.,21.08601665496826
critical,29,ambiguous,short,,final,6,0,When,8.491838455200195
critical,29,ambiguous,short,,final,6,1,the,3.220492124557495
critical,29,ambiguous,short,,final,6,2,family,8.417080879211426
critical,29,ambiguous,short,,final,6,3,packed,13.619773864746094
critical,29,ambiguous,short,,final,6,4,the,5.700820446014404
critical,29,ambiguous,short,,final,6,5,vases,19.06287384033203
critical,29,ambiguous,short,,final,6,6,shattered.,26.526598691940308
critical,29,unambiguous,long,comma,final,9,0,When,8.491838455200195
critical,29,unambiguous,long,comma,final,9,1,the,3.220492124557495
critical,29,unambiguous,long,comma,final,9,2,family,8.417080879211426
critical,29,unambiguous,long,comma,final,9,3,"packed,",22.200477600097656
critical,29,unambiguous,long,comma,final,9,4,the,2.380688428878784
critical,29,unambiguous,long,comma,final,9,5,vases,21.81766700744629
critical,29,unambiguous,long,comma,final,9,6,made,10.32200527191162
critical,29,unambiguous,long,comma,final,9,7,of,3.1119723320007324
critical,29,unambiguous,long,comma,final,9,8,porcelain,4.307889938354492
critical,29,unambiguous,long,comma,final,9,9,shattered.,12.41766345500946
critical,29,unambiguous,short,comma,final,6,0,When,8.491838455200195
critical,29,unambiguous,short,comma,final,6,1,the,3.220492124557495
critical,29,unambiguous,short,comma,final,6,2,family,8.417080879211426
critical,29,unambiguous,short,comma,final,6,3,"packed,",22.200477600097656
critical,29,unambiguous,short,comma,final,6,4,the,2.380688428878784
critical,29,unambiguous,short,comma,final,6,5,vases,21.81766700744629
critical,29,unambiguous,short,comma,final,6,6,shattered.,13.897380232810974
critical,29,unambiguous,long,object,final,11,0,When,8.491838455200195
critical,29,unambiguous,long,object,final,11,1,the,3.220492124557495
critical,29,unambiguous,long,object,final,11,2,family,8.417080879211426
critical,29,unambiguous,long,object,final,11,3,packed,13.619773864746094
critical,29,unambiguous,long,object,final,11,4,their,2.889531373977661
critical,29,unambiguous,long,object,final,11,5,belongings,2.86100697517395
critical,29,unambiguous,long,object,final,11,6,the,6.756950378417969
critical,29,unambiguous,long,object,final,11,7,vases,26.850629806518555
critical,29,unambiguous,long,object,final,11,8,made,9.18842601776123
critical,29,unambiguous,long,object,final,11,9,of,1.8903837203979488
critical,29,unambiguous,long,object,final,11,10,porcelain,4.167805671691895
critical,29,unambiguous,long,object,final,11,11,shattered.,11.592795610427856
critical,29,unambiguous,short,object,final,8,0,When,8.491838455200195
critical,29,unambiguous,short,object,final,8,1,the,3.220492124557495
critical,29,unambiguous,short,object,final,8,2,family,8.417080879211426
critical,29,unambiguous,short,object,final,8,3,packed,13.619773864746094
critical,29,unambiguous,short,object,final,8,4,their,2.889531373977661
critical,29,unambiguous,short,object,final,8,5,belongings,2.86100697517395
critical,29,unambiguous,short,object,final,8,6,the,6.756950378417969
critical,29,unambiguous,short,object,final,8,7,vases,26.850629806518555
critical,29,unambiguous,short,object,final,8,8,shattered.,13.802793741226196
critical,29,ambiguous,long,,nonfinal,9,0,When,8.491838455200195
critical,29,ambiguous,long,,nonfinal,9,1,the,3.220492124557495
critical,29,ambiguous,long,,nonfinal,9,2,family,8.417080879211426
critical,29,ambiguous,long,,nonfinal,9,3,packed,13.619773864746094
critical,29,ambiguous,long,,nonfinal,9,4,the,5.700820446014404
critical,29,ambiguous,long,,nonfinal,9,5,vases,19.06287384033203
critical,29,ambiguous,long,,nonfinal,9,6,made,11.53237247467041
critical,29,ambiguous,long,,nonfinal,9,7,of,0.9402167797088624
critical,29,ambiguous,long,,nonfinal,9,8,porcelain,4.746553421020508
critical,29,ambiguous,long,,nonfinal,9,9,shattered,17.325580596923828
critical,29,ambiguous,long,,nonfinal,9,10,into,3.4761159420013428
critical,29,ambiguous,long,,nonfinal,9,11,many,5.559831619262695
critical,29,ambiguous,long,,nonfinal,9,12,pieces.,2.1993498504161835
critical,29,ambiguous,short,,nonfinal,6,0,When,8.491838455200195
critical,29,ambiguous,short,,nonfinal,6,1,the,3.220492124557495
critical,29,ambiguous,short,,nonfinal,6,2,family,8.417080879211426
critical,29,ambiguous,short,,nonfinal,6,3,packed,13.619773864746094
critical,29,ambiguous,short,,nonfinal,6,4,the,5.700820446014404
critical,29,ambiguous,short,,nonfinal,6,5,vases,19.06287384033203
critical,29,ambiguous,short,,nonfinal,6,6,shattered,23.196123123168945
critical,29,ambiguous,short,,nonfinal,6,7,into,4.315293788909912
critical,29,ambiguous,short,,nonfinal,6,8,many,5.879603862762451
critical,29,ambiguous,short,,nonfinal,6,9,pieces.,2.049978077411652
critical,29,unambiguous,long,comma,nonfinal,9,0,When,8.491838455200195
critical,29,unambiguous,long,comma,nonfinal,9,1,the,3.220492124557495
critical,29,unambiguous,long,comma,nonfinal,9,2,family,8.417080879211426
critical,29,unambiguous,long,comma,nonfinal,9,3,"packed,",22.200477600097656
critical,29,unambiguous,long,comma,nonfinal,9,4,the,2.380688428878784
critical,29,unambiguous,long,comma,nonfinal,9,5,vases,21.81766700744629
critical,29,unambiguous,long,comma,nonfinal,9,6,made,10.32200527191162
critical,29,unambiguous,long,comma,nonfinal,9,7,of,3.1119723320007324
critical,29,unambiguous,long,comma,nonfinal,9,8,porcelain,4.307889938354492
critical,29,unambiguous,long,comma,nonfinal,9,9,shattered,10.460674285888672
critical,29,unambiguous,long,comma,nonfinal,9,10,into,3.7281904220581055
critical,29,unambiguous,long,comma,nonfinal,9,11,many,5.904405117034912
critical,29,unambiguous,long,comma,nonfinal,9,12,pieces.,1.3267869651317596
critical,29,unambiguous,short,comma,nonfinal,6,0,When,8.491838455200195
critical,29,unambiguous,short,comma,nonfinal,6,1,the,3.220492124557495
critical,29,unambiguous,short,comma,nonfinal,6,2,family,8.417080879211426
critical,29,unambiguous,short,comma,nonfinal,6,3,"packed,",22.200477600097656
critical,29,unambiguous,short,comma,nonfinal,6,4,the,2.380688428878784
critical,29,unambiguous,short,comma,nonfinal,6,5,vases,21.81766700744629
critical,29,unambiguous,short,comma,nonfinal,6,6,shattered,12.276775360107422
critical,29,unambiguous,short,comma,nonfinal,6,7,into,5.085832595825195
critical,29,unambiguous,short,comma,nonfinal,6,8,many,6.25116491317749
critical,29,unambiguous,short,comma,nonfinal,6,9,pieces.,1.4991301000118256
critical,29,unambiguous,long,object,nonfinal,11,0,When,8.491838455200195
critical,29,unambiguous,long,object,nonfinal,11,1,the,3.220492124557495
critical,29,unambiguous,long,object,nonfinal,11,2,family,8.417080879211426
critical,29,unambiguous,long,object,nonfinal,11,3,packed,13.619773864746094
critical,29,unambiguous,long,object,nonfinal,11,4,their,2.889531373977661
critical,29,unambiguous,long,object,nonfinal,11,5,belongings,2.86100697517395
critical,29,unambiguous,long,object,nonfinal,11,6,the,6.756950378417969
critical,29,unambiguous,long,object,nonfinal,11,7,vases,26.850629806518555
critical,29,unambiguous,long,object,nonfinal,11,8,made,9.18842601776123
critical,29,unambiguous,long,object,nonfinal,11,9,of,1.8903837203979488
critical,29,unambiguous,long,object,nonfinal,11,10,porcelain,4.167805671691895
critical,29,unambiguous,long,object,nonfinal,11,11,shattered,9.572453498840332
critical,29,unambiguous,long,object,nonfinal,11,12,into,3.2506866455078125
critical,29,unambiguous,long,object,nonfinal,11,13,many,5.264740943908691
critical,29,unambiguous,long,object,nonfinal,11,14,pieces.,1.0027661621570587
critical,29,unambiguous,short,object,nonfinal,8,0,When,8.491838455200195
critical,29,unambiguous,short,object,nonfinal,8,1,the,3.220492124557495
critical,29,unambiguous,short,object,nonfinal,8,2,family,8.417080879211426
critical,29,unambiguous,short,object,nonfinal,8,3,packed,13.619773864746094
critical,29,unambiguous,short,object,nonfinal,8,4,their,2.889531373977661
critical,29,unambiguous,short,object,nonfinal,8,5,belongings,2.86100697517395
critical,29,unambiguous,short,object,nonfinal,8,6,the,6.756950378417969
critical,29,unambiguous,short,object,nonfinal,8,7,vases,26.850629806518555
critical,29,unambiguous,short,object,nonfinal,8,8,shattered,11.920073509216309
critical,29,unambiguous,short,object,nonfinal,8,9,into,4.680319309234619
critical,29,unambiguous,short,object,nonfinal,8,10,many,5.411168575286865
critical,29,unambiguous,short,object,nonfinal,8,11,pieces.,1.333779126405716
critical,30,ambiguous,long,,final,9,0,After,9.379192352294922
critical,30,ambiguous,long,,final,9,1,the,2.6995084285736084
critical,30,ambiguous,long,,final,9,2,gardener,28.606687545776367
critical,30,ambiguous,long,,final,9,3,watered,10.625621795654297
critical,30,ambiguous,long,,final,9,4,the,0.7352327108383179
critical,30,ambiguous,long,,final,9,5,plants,1.961380958557129
critical,30,ambiguous,long,,final,9,6,that,6.234996795654297
critical,30,ambiguous,long,,final,9,7,were,1.9589236974716189
critical,30,ambiguous,long,,final,9,8,wilting,10.257137627573684
critical,30,ambiguous,long,,final,9,9,revived.,31.402441024780277
critical,30,ambiguous,short,,final,6,0,After,9.379192352294922
critical,30,ambiguous,short,,final,6,1,the,2.6995084285736084
critical,30,ambiguous,short,,final,6,2,gardener,28.606687545776367
critical,30,ambiguous,short,,final,6,3,watered,10.625621795654297
critical,30,ambiguous,short,,final,6,4,the,0.7352327108383179
critical,30,ambiguous,short,,final,6,5,plants,1.961380958557129
critical,30,ambiguous,short,,final,6,6,revived.,28.396360635757446
critical,30,unambiguous,long,comma,final,9,0,After,9.379192352294922
critical,30,unambiguous,long,comma,final,9,1,the,2.6995084285736084
critical,30,unambiguous,long,comma,final,9,2,gardener,28.606687545776367
critical,30,unambiguous,long,comma,final,9,3,"watered,",15.548136711120604
critical,30,unambiguous,long,comma,final,9,4,the,1.8671178817749023
critical,30,unambiguous,long,comma,final,9,5,plants,3.5067412853240967
critical,30,unambiguous,long,comma,final,9,6,that,6.584505558013916
critical,30,unambiguous,long,comma,final,9,7,were,1.6696268320083618
critical,30,unambiguous,long,comma,final,9,8,wilting,10.24829601799138
critical,30,unambiguous,long,comma,final,9,9,revived.,13.722214818000792
critical,30,unambiguous,short,comma,final,6,0,After,9.379192352294922
critical,30,unambiguous,short,comma,final,6,1,the,2.6995084285736084
critical,30,unambiguous,short,comma,final,6,2,gardener,28.606687545776367
critical,30,unambiguous,short,comma,final,6,3,"watered,",15.548136711120604
critical,30,unambiguous,short,comma,final,6,4,the,1.8671178817749023
critical,30,unambiguous,short,comma,final,6,5,plants,3.5067412853240967
critical,30,unambiguous,short,comma,final,6,6,revived.,14.168791651725767
critical,30,unambiguous,long,object,final,12,0,After,9.379192352294922
critical,30,unambiguous,long,object,final,12,1,the,2.6995112895965576
critical,30,unambiguous,long,object,final,12,2,gardener,28.606687545776367
critical,30,unambiguous,long,object,final,12,3,watered,10.625621795654297
critical,30,unambiguous,long,object,final,12,4,the,0.7352327108383179
critical,30,unambiguous,long,object,final,12,5,flower,4.866192817687988
critical,30,unambiguous,long,object,final,12,6,bed,1.882948637008667
critical,30,unambiguous,long,object,final,12,7,the,5.396213054656982
critical,30,unambiguous,long,object,final,12,8,plants,4.8390302658081055
critical,30,unambiguous,long,object,final,12,9,that,6.895447731018066
critical,30,unambiguous,long,object,final,12,10,were,1.5852562189102173
critical,30,unambiguous,long,object,final,12,11,wilting,9.710595840588212
critical,30,unambiguous,long,object,final,12,12,revived.,14.601401567459106
critical,30,unambiguous,short,object,final,9,0,After,9.379192352294922
critical,30,unambiguous,short,object,final,9,1,the,2.6995084285736084
critical,30,unambiguous,short,object,final,9,2,gardener,28.606687545776367
critical,30,unambiguous,short,object,final,9,3,watered,10.625621795654297
critical,30,unambiguous,short,object,final,9,4,the,0.7352327108383179
critical,30,unambiguous,short,object,final,9,5,flower,4.866192817687988
critical,30,unambiguous,short,object,final,9,6,bed,1.882948637008667
critical,30,unambiguous,short,object,final,9,7,the,5.396213054656982
critical,30,unambiguous,short,object,final,9,8,plants,4.8390302658081055
critical,30,unambiguous,short,object,final,9,9,revived.,15.47527837753296
critical,30,ambiguous,long,,nonfinal,9,0,After,9.379192352294922
critical,30,ambiguous,long,,nonfinal,9,1,the,2.6995084285736084
critical,30,ambiguous,long,,nonfinal,9,2,gardener,28.606687545776367
critical,30,ambiguous,long,,nonfinal,9,3,watered,10.625621795654297
critical,30,ambiguous,long,,nonfinal,9,4,the,0.7352327108383179
critical,30,ambiguous,long,,nonfinal,9,5,plants,1.961380958557129
critical,30,ambiguous,long,,nonfinal,9,6,that,6.234996795654297
critical,30,ambiguous,long,,nonfinal,9,7,were,1.9589236974716189
critical,30,ambiguous,long,,nonfinal,9,8,wilting,10.257137627573684
critical,30,ambiguous,long,,nonfinal,9,9,revived,27.95483016967773
critical,30,ambiguous,long,,nonfinal,9,10,in,5.488750457763672
critical,30,ambiguous,long,,nonfinal,9,11,the,1.3513377904891968
critical,30,ambiguous,long,,nonfinal,9,12,afternoon,4.653363227844238
critical,30,ambiguous,long,,nonfinal,9,13,sun.,7.415547847747803
critical,30,ambiguous,short,,nonfinal,6,0,After,9.379192352294922
critical,30,ambiguous,short,,nonfinal,6,1,the,2.6995084285736084
critical,30,ambiguous,short,,nonfinal,6,2,gardener,28.606687545776367
critical,30,ambiguous,short,,nonfinal,6,3,watered,10.625621795654297
critical,30,ambiguous,short,,nonfinal,6,4,the,0.7352327108383179
critical,30,ambiguous,short,,nonfinal,6,5,plants,1.961380958557129
critical,30,ambiguous,short,,nonfinal,6,6,revived,24.745006561279297
critical,30,ambiguous,short,,nonfinal,6,7,in,4.465580463409424
critical,30,ambiguous,short,,nonfinal,6,8,the,0.5711860060691833
critical,30,ambiguous,short,,nonfinal,6,9,afternoon,6.460163593292236
critical,30,ambiguous,short,,nonfinal,6,10,sun.,8.974365711212158
critical,30,unambiguous,long,comma,nonfinal,9,0,After,9.379192352294922
critical,30,unambiguous,long,comma,nonfinal,9,1,the,2.6995084285736084
critical,30,unambiguous,long,comma,nonfinal,9,2,gardener,28.606687545776367
critical,30,unambiguous,long,comma,nonfinal,9,3,"watered,",15.548136711120604
critical,30,unambiguous,long,comma,nonfinal,9,4,the,1.8671178817749023
critical,30,unambiguous,long,comma,nonfinal,9,5,plants,3.5067412853240967
critical,30,unambiguous,long,comma,nonfinal,9,6,that,6.584505558013916
critical,30,unambiguous,long,comma,nonfinal,9,7,were,1.6696268320083618
critical,30,unambiguous,long,comma,nonfinal,9,8,wilting,10.24829601799138
critical,30,unambiguous,long,comma,nonfinal,9,9,revived,12.631107330322266
critical,30,unambiguous,long,comma,nonfinal,9,10,in,6.404118061065674
critical,30,unambiguous,long,comma,nonfinal,9,11,the,1.2431896924972534
critical,30,unambiguous,long,comma,nonfinal,9,12,afternoon,3.7577850818634033
critical,30,unambiguous,long,comma,nonfinal,9,13,sun.,4.343577235937119
critical,30,unambiguous,short,comma,nonfinal,6,0,After,9.379192352294922
critical,30,unambiguous,short,comma,nonfinal,6,1,the,2.6995084285736084
critical,30,unambiguous,short,comma,nonfinal,6,2,gardener,28.606687545776367
critical,30,unambiguous,short,comma,nonfinal,6,3,"watered,",15.548136711120604
critical,30,unambiguous,short,comma,nonfinal,6,4,the,1.8671178817749023
critical,30,unambiguous,short,comma,nonfinal,6,5,plants,3.5067412853240967
critical,30,unambiguous,short,comma,nonfinal,6,6,revived,12.70826816558838
critical,30,unambiguous,short,comma,nonfinal,6,7,in,5.865063667297363
critical,30,unambiguous,short,comma,nonfinal,6,8,the,1.0787962675094604
critical,30,unambiguous,short,comma,nonfinal,6,9,afternoon,5.143047332763672
critical,30,unambiguous,short,comma,nonfinal,6,10,sun.,4.159093499183655
critical,30,unambiguous,long,object,nonfinal,12,0,After,9.379192352294922
critical,30,unambiguous,long,object,nonfinal,12,1,the,2.6995084285736084
critical,30,unambiguous,long,object,nonfinal,12,2,gardener,28.606687545776367
critical,30,unambiguous,long,object,nonfinal,12,3,watered,10.625621795654297
critical,30,unambiguous,long,object,nonfinal,12,4,the,0.7352327108383179
critical,30,unambiguous,long,object,nonfinal,12,5,flower,4.866192817687988
critical,30,unambiguous,long,object,nonfinal,12,6,bed,1.882948637008667
critical,30,unambiguous,long,object,nonfinal,12,7,the,5.396210193634033
critical,30,unambiguous,long,object,nonfinal,12,8,plants,4.8390302658081055
critical,30,unambiguous,long,object,nonfinal,12,9,that,6.895447731018066
critical,30,unambiguous,long,object,nonfinal,12,10,were,1.5852562189102173
critical,30,unambiguous,long,object,nonfinal,12,11,wilting,9.710595840588212
critical,30,unambiguous,long,object,nonfinal,12,12,revived,13.453611373901367
critical,30,unambiguous,long,object,nonfinal,12,13,in,6.719692230224609
critical,30,unambiguous,long,object,nonfinal,12,14,the,1.3273180723190308
critical,30,unambiguous,long,object,nonfinal,12,15,afternoon,4.209163665771484
critical,30,unambiguous,long,object,nonfinal,12,16,sun.,3.782341420650482
critical,30,unambiguous,short,object,nonfinal,9,0,After,9.379192352294922
critical,30,unambiguous,short,object,nonfinal,9,1,the,2.6995112895965576
critical,30,unambiguous,short,object,nonfinal,9,2,gardener,28.606687545776367
critical,30,unambiguous,short,object,nonfinal,9,3,watered,10.625621795654297
critical,30,unambiguous,short,object,nonfinal,9,4,the,0.7352327108383179
critical,30,unambiguous,short,object,nonfinal,9,5,flower,4.866192817687988
critical,30,unambiguous,short,object,nonfinal,9,6,bed,1.882948637008667
critical,30,unambiguous,short,object,nonfinal,9,7,the,5.396213054656982
critical,30,unambiguous,short,object,nonfinal,9,8,plants,4.8390302658081055
critical,30,unambiguous,short,object,nonfinal,9,9,revived,13.762961387634276
critical,30,unambiguous,short,object,nonfinal,9,10,in,6.540541172027588
critical,30,unambiguous,short,object,nonfinal,9,11,the,1.6608598232269287
critical,30,unambiguous,short,object,nonfinal,9,12,afternoon,5.90769624710083
critical,30,unambiguous,short,object,nonfinal,9,13,sun.,3.5786892771720886
critical,31,ambiguous,long,,final,8,0,Because,15.916192054748535
critical,31,ambiguous,long,,final,8,1,the,2.867256164550781
critical,31,ambiguous,long,,final,8,2,bear,16.16986656188965
critical,31,ambiguous,long,,final,8,3,attacked,11.322067260742188
critical,31,ambiguous,long,,final,8,4,the,2.119591236114502
critical,31,ambiguous,long,,final,8,5,campers,10.829118728637695
critical,31,ambiguous,long,,final,8,6,barbecuing,20.633451361209158
critical,31,ambiguous,long,,final,8,7,cheerfully,24.01131820678711
critical,31,ambiguous,long,,final,8,8,fled.,26.541779041290283
critical,31,ambiguous,short,,final,6,0,Because,15.916192054748535
critical,31,ambiguous,short,,final,6,1,the,2.867256164550781
critical,31,ambiguous,short,,final,6,2,bear,16.16986656188965
critical,31,ambiguous,short,,final,6,3,attacked,11.322067260742188
critical,31,ambiguous,short,,final,6,4,the,2.119591236114502
critical,31,ambiguous,short,,final,6,5,campers,10.829118728637695
critical,31,ambiguous,short,,final,6,6,fled.,22.88629460334778
critical,31,unambiguous,long,comma,final,8,0,Because,15.916192054748535
critical,31,unambiguous,long,comma,final,8,1,the,2.867256164550781
critical,31,unambiguous,long,comma,final,8,2,bear,16.16986656188965
critical,31,unambiguous,long,comma,final,8,3,"attacked,",15.07575511932373
critical,31,unambiguous,long,comma,final,8,4,the,1.5871522426605225
critical,31,unambiguous,long,comma,final,8,5,campers,15.232650756835938
critical,31,unambiguous,long,comma,final,8,6,barbecuing,24.67110300064087
critical,31,unambiguous,long,comma,final,8,7,cheerfully,18.459104537963867
critical,31,unambiguous,long,comma,final,8,8,fled.,9.235459804534912
critical,31,unambiguous,short,comma,final,6,0,Because,15.916192054748535
critical,31,unambiguous,short,comma,final,6,1,the,2.867256164550781
critical,31,unambiguous,short,comma,final,6,2,bear,16.16986656188965
critical,31,unambiguous,short,comma,final,6,3,"attacked,",15.07575511932373
critical,31,unambiguous,short,comma,final,6,4,the,1.5871522426605225
critical,31,unambiguous,short,comma,final,6,5,campers,15.232650756835938
critical,31,unambiguous,short,comma,final,6,6,fled.,7.843743085861206
critical,31,unambiguous,long,object,final,10,0,Because,15.916192054748535
critical,31,unambiguous,long,object,final,10,1,the,2.867256164550781
critical,31,unambiguous,long,object,final,10,2,bear,16.16986656188965
critical,31,unambiguous,long,object,final,10,3,attacked,11.322067260742188
critical,31,unambiguous,long,object,final,10,4,the,2.119591236114502
critical,31,unambiguous,long,object,final,10,5,campground,14.301702499389648
critical,31,unambiguous,long,object,final,10,6,the,6.579983234405518
critical,31,unambiguous,long,object,final,10,7,campers,5.952414512634277
critical,31,unambiguous,long,object,final,10,8,barbecuing,23.60186767578125
critical,31,unambiguous,long,object,final,10,9,cheerfully,21.3803768157959
critical,31,unambiguous,long,object,final,10,10,fled.,10.09058141708374
critical,31,unambiguous,short,object,final,8,0,Because,15.916192054748535
critical,31,unambiguous,short,object,final,8,1,the,2.867256164550781
critical,31,unambiguous,short,object,final,8,2,bear,16.16986656188965
critical,31,unambiguous,short,object,final,8,3,attacked,11.322067260742188
critical,31,unambiguous,short,object,final,8,4,the,2.119591236114502
critical,31,unambiguous,short,object,final,8,5,campground,14.301702499389648
critical,31,unambiguous,short,object,final,8,6,the,6.579983234405518
critical,31,unambiguous,short,object,final,8,7,campers,5.952414512634277
critical,31,unambiguous,short,object,final,8,8,fled.,8.356390476226807
critical,31,ambiguous,long,,nonfinal,8,0,Because,15.916192054748535
critical,31,ambiguous,long,,nonfinal,8,1,the,2.867256164550781
critical,31,ambiguous,long,,nonfinal,8,2,bear,16.16986656188965
critical,31,ambiguous,long,,nonfinal,8,3,attacked,11.322067260742188
critical,31,ambiguous,long,,nonfinal,8,4,the,2.119591236114502
critical,31,ambiguous,long,,nonfinal,8,5,campers,10.829118728637695
critical,31,ambiguous,long,,nonfinal,8,6,barbecuing,20.633451361209158
critical,31,ambiguous,long,,nonfinal,8,7,cheerfully,24.01131820678711
critical,31,ambiguous,long,,nonfinal,8,8,fled,22.92241668701172
critical,31,ambiguous,long,,nonfinal,8,9,in,4.998422622680664
critical,31,ambiguous,long,,nonfinal,8,10,a,3.5928688049316406
critical,31,ambiguous,long,,nonfinal,8,11,panic.,2.754044771194458
critical,31,ambiguous,short,,nonfinal,6,0,Because,15.916192054748535
critical,31,ambiguous,short,,nonfinal,6,1,the,2.867256164550781
critical,31,ambiguous,short,,nonfinal,6,2,bear,16.16986656188965
critical,31,ambiguous,short,,nonfinal,6,3,attacked,11.322067260742188
critical,31,ambiguous,short,,nonfinal,6,4,the,2.119591236114502
critical,31,ambiguous,short,,nonfinal,6,5,campers,10.829118728637695
critical,31,ambiguous,short,,nonfinal,6,6,fled,19.71979141235352
critical,31,ambiguous,short,,nonfinal,6,7,in,3.8174643516540527
critical,31,ambiguous,short,,nonfinal,6,8,a,3.5671374797821045
critical,31,ambiguous,short,,nonfinal,6,9,panic.,2.2273954153060918
critical,31,unambiguous,long,comma,nonfinal,8,0,Because,15.916192054748535
critical,31,unambiguous,long,comma,nonfinal,8,1,the,2.867256164550781
critical,31,unambiguous,long,comma,nonfinal,8,2,bear,16.16986656188965
critical,31,unambiguous,long,comma,nonfinal,8,3,"attacked,",15.07575511932373
critical,31,unambiguous,long,comma,nonfinal,8,4,the,1.5871522426605225
critical,31,unambiguous,long,comma,nonfinal,8,5,campers,15.232650756835938
critical,31,unambiguous,long,comma,nonfinal,8,6,barbecuing,24.67110300064087
critical,31,unambiguous,long,comma,nonfinal,8,7,cheerfully,18.459104537963867
critical,31,unambiguous,long,comma,nonfinal,8,8,fled,6.900516033172607
critical,31,unambiguous,long,comma,nonfinal,8,9,in,3.4886474609375
critical,31,unambiguous,long,comma,nonfinal,8,10,a,3.9837124347686768
critical,31,unambiguous,long,comma,nonfinal,8,11,panic.,1.2813422679901123
critical,31,unambiguous,short,comma,nonfinal,6,0,Because,15.916192054748535
critical,31,unambiguous,short,comma,nonfinal,6,1,the,2.867256164550781
critical,31,unambiguous,short,comma,nonfinal,6,2,bear,16.16986656188965
critical,31,unambiguous,short,comma,nonfinal,6,3,"attacked,",15.07575511932373
critical,31,unambiguous,short,comma,nonfinal,6,4,the,1.5871522426605225
critical,31,unambiguous,short,comma,nonfinal,6,5,campers,15.232650756835938
critical,31,unambiguous,short,comma,nonfinal,6,6,fled,5.369986057281494
critical,31,unambiguous,short,comma,nonfinal,6,7,in,3.436254501342773
critical,31,unambiguous,short,comma,nonfinal,6,8,a,3.404015302658081
critical,31,unambiguous,short,comma,nonfinal,6,9,panic.,1.5030651092529297
critical,31,unambiguous,long,object,nonfinal,10,0,Because,15.916192054748535
critical,31,unambiguous,long,object,nonfinal,10,1,the,2.867256164550781
critical,31,unambiguous,long,object,nonfinal,10,2,bear,16.16986656188965
critical,31,unambiguous,long,object,nonfinal,10,3,attacked,11.322067260742188
critical,31,unambiguous,long,object,nonfinal,10,4,the,2.119591236114502
critical,31,unambiguous,long,object,nonfinal,10,5,campground,14.301702499389648
critical,31,unambiguous,long,object,nonfinal,10,6,the,6.579983234405518
critical,31,unambiguous,long,object,nonfinal,10,7,campers,5.952414512634277
critical,31,unambiguous,long,object,nonfinal,10,8,barbecuing,23.60186767578125
critical,31,unambiguous,long,object,nonfinal,10,9,cheerfully,21.3803768157959
critical,31,unambiguous,long,object,nonfinal,10,10,fled,7.696139812469482
critical,31,unambiguous,long,object,nonfinal,10,11,in,3.5137596130371094
critical,31,unambiguous,long,object,nonfinal,10,12,a,4.39700174331665
critical,31,unambiguous,long,object,nonfinal,10,13,panic.,1.3880760669708252
critical,31,unambiguous,short,object,nonfinal,8,0,Because,15.916192054748535
critical,31,unambiguous,short,object,nonfinal,8,1,the,2.867256164550781
critical,31,unambiguous,short,object,nonfinal,8,2,bear,16.16986656188965
critical,31,unambiguous,short,object,nonfinal,8,3,attacked,11.322067260742188
critical,31,unambiguous,short,object,nonfinal,8,4,the,2.119591236114502
critical,31,unambiguous,short,object,nonfinal,8,5,campground,14.301702499389648
critical,31,unambiguous,short,object,nonfinal,8,6,the,6.579983234405518
critical,31,unambiguous,short,object,nonfinal,8,7,campers,5.952414512634277
critical,31,unambiguous,short,object,nonfinal,8,8,fled,5.910043239593506
critical,31,unambiguous,short,object,nonfinal,8,9,in,4.231441974639893
critical,31,unambiguous,short,object,nonfinal,8,10,a,3.70849084854126
critical,31,unambiguous,short,object,nonfinal,8,11,panic.,1.7244026064872742
critical,32,ambiguous,long,,final,10,0,As,7.890280723571777
critical,32,ambiguous,long,,final,10,1,the,2.4022233486175537
critical,32,ambiguous,long,,final,10,2,news,10.401028633117676
critical,32,ambiguous,long,,final,10,3,channel,9.249707221984863
critical,32,ambiguous,long,,final,10,4,broadcasted,13.139108657836914
critical,32,ambiguous,long,,final,10,5,the,1.1154437065124512
critical,32,ambiguous,long,,final,10,6,message,8.405294418334961
critical,32,ambiguous,long,,final,10,7,from,4.721094131469727
critical,32,ambiguous,long,,final,10,8,the,0.520336925983429
critical,32,ambiguous,long,,final,10,9,president,4.56164026260376
critical,32,ambiguous,long,,final,10,10,spread.,26.92866897583008
critical,32,ambiguous,short,,final,7,0,As,7.890280723571777
critical,32,ambiguous,short,,final,7,1,the,2.4022233486175537
critical,32,ambiguous,short,,final,7,2,news,10.401028633117676
critical,32,ambiguous,short,,final,7,3,channel,9.249707221984863
critical,32,ambiguous,short,,final,7,4,broadcasted,13.139108657836914
critical,32,ambiguous,short,,final,7,5,the,1.1154437065124512
critical,32,ambiguous,short,,final,7,6,message,8.405294418334961
critical,32,ambiguous,short,,final,7,7,spread.,23.39481830596924
critical,32,unambiguous,long,comma,final,10,0,As,7.890280723571777
critical,32,unambiguous,long,comma,final,10,1,the,2.4022233486175537
critical,32,unambiguous,long,comma,final,10,2,news,10.401028633117676
critical,32,unambiguous,long,comma,final,10,3,channel,9.249707221984863
critical,32,unambiguous,long,comma,final,10,4,"broadcasted,",16.64373803138733
critical,32,unambiguous,long,comma,final,10,5,the,1.441440224647522
critical,32,unambiguous,long,comma,final,10,6,message,10.022588729858398
critical,32,unambiguous,long,comma,final,10,7,from,4.238315582275391
critical,32,unambiguous,long,comma,final,10,8,the,0.4580242037773132
critical,32,unambiguous,long,comma,final,10,9,president,4.470626831054688
critical,32,unambiguous,long,comma,final,10,10,spread.,16.241798877716064
critical,32,unambiguous,short,comma,final,7,0,As,7.890280723571777
critical,32,unambiguous,short,comma,final,7,1,the,2.4022233486175537
critical,32,unambiguous,short,comma,final,7,2,news,10.401028633117676
critical,32,unambiguous,short,comma,final,7,3,channel,9.249707221984863
critical,32,unambiguous,short,comma,final,7,4,"broadcasted,",16.64373803138733
critical,32,unambiguous,short,comma,final,7,5,the,1.441440224647522
critical,32,unambiguous,short,comma,final,7,6,message,10.022588729858398
critical,32,unambiguous,short,comma,final,7,7,spread.,12.816661834716797
critical,32,unambiguous,long,object,final,12,0,As,7.890280723571777
critical,32,unambiguous,long,object,final,12,1,the,2.4022233486175537
critical,32,unambiguous,long,object,final,12,2,news,10.401028633117676
critical,32,unambiguous,long,object,final,12,3,channel,9.249707221984863
critical,32,unambiguous,long,object,final,12,4,broadcasted,13.139108657836914
critical,32,unambiguous,long,object,final,12,5,the,1.1154437065124512
critical,32,unambiguous,long,object,final,12,6,speech,9.274216651916504
critical,32,unambiguous,long,object,final,12,7,the,8.094012260437012
critical,32,unambiguous,long,object,final,12,8,message,9.951115608215332
critical,32,unambiguous,long,object,final,12,9,from,5.567610740661621
critical,32,unambiguous,long,object,final,12,10,the,0.5326619148254395
critical,32,unambiguous,long,object,final,12,11,president,3.463832378387451
critical,32,unambiguous,long,object,final,12,12,spread.,15.250094413757324
critical,32,unambiguous,short,object,final,9,0,As,7.890280723571777
critical,32,unambiguous,short,object,final,9,1,the,2.4022233486175537
critical,32,unambiguous,short,object,final,9,2,news,10.401028633117676
critical,32,unambiguous,short,object,final,9,3,channel,9.249707221984863
critical,32,unambiguous,short,object,final,9,4,broadcasted,13.139108657836914
critical,32,unambiguous,short,object,final,9,5,the,1.1154437065124512
critical,32,unambiguous,short,object,final,9,6,speech,9.274216651916504
critical,32,unambiguous,short,object,final,9,7,the,8.094012260437012
critical,32,unambiguous,short,object,final,9,8,message,9.951115608215332
critical,32,unambiguous,short,object,final,9,9,spread.,13.565478324890137
critical,32,ambiguous,long,,nonfinal,10,0,As,7.890280723571777
critical,32,ambiguous,long,,nonfinal,10,1,the,2.4022233486175537
critical,32,ambiguous,long,,nonfinal,10,2,news,10.401028633117676
critical,32,ambiguous,long,,nonfinal,10,3,channel,9.249707221984863
critical,32,ambiguous,long,,nonfinal,10,4,broadcasted,13.139108657836914
critical,32,ambiguous,long,,nonfinal,10,5,the,1.1154437065124512
critical,32,ambiguous,long,,nonfinal,10,6,message,8.405294418334961
critical,32,ambiguous,long,,nonfinal,10,7,from,4.721094131469727
critical,32,ambiguous,long,,nonfinal,10,8,the,0.5203396677970886
critical,32,ambiguous,long,,nonfinal,10,9,president,4.56164026260376
critical,32,ambiguous,long,,nonfinal,10,10,spread,17.277841567993164
critical,32,ambiguous,long,,nonfinal,10,11,across,2.4534246921539307
critical,32,ambiguous,long,,nonfinal,10,12,the,0.3900291323661804
critical,32,ambiguous,long,,nonfinal,10,13,country.,7.652050018310547
critical,32,ambiguous,short,,nonfinal,7,0,As,7.890280723571777
critical,32,ambiguous,short,,nonfinal,7,1,the,2.4022233486175537
critical,32,ambiguous,short,,nonfinal,7,2,news,10.401028633117676
critical,32,ambiguous,short,,nonfinal,7,3,channel,9.249707221984863
critical,32,ambiguous,short,,nonfinal,7,4,broadcasted,13.139108657836914
critical,32,ambiguous,short,,nonfinal,7,5,the,1.1154437065124512
critical,32,ambiguous,short,,nonfinal,7,6,message,8.405294418334961
critical,32,ambiguous,short,,nonfinal,7,7,spread,14.698871612548828
critical,32,ambiguous,short,,nonfinal,7,8,across,2.675736427307129
critical,32,ambiguous,short,,nonfinal,7,9,the,0.4583819210529327
critical,32,ambiguous,short,,nonfinal,7,10,country.,4.982147455215454
critical,32,unambiguous,long,comma,nonfinal,10,0,As,7.890280723571777
critical,32,unambiguous,long,comma,nonfinal,10,1,the,2.4022233486175537
critical,32,unambiguous,long,comma,nonfinal,10,2,news,10.401028633117676
critical,32,unambiguous,long,comma,nonfinal,10,3,channel,9.249707221984863
critical,32,unambiguous,long,comma,nonfinal,10,4,"broadcasted,",16.64373803138733
critical,32,unambiguous,long,comma,nonfinal,10,5,the,1.441440224647522
critical,32,unambiguous,long,comma,nonfinal,10,6,message,10.022588729858398
critical,32,unambiguous,long,comma,nonfinal,10,7,from,4.238315582275391
critical,32,unambiguous,long,comma,nonfinal,10,8,the,0.4580269455909729
critical,32,unambiguous,long,comma,nonfinal,10,9,president,4.470626831054688
critical,32,unambiguous,long,comma,nonfinal,10,10,spread,10.677739143371582
critical,32,unambiguous,long,comma,nonfinal,10,11,across,3.6466238498687744
critical,32,unambiguous,long,comma,nonfinal,10,12,the,0.3584751188755035
critical,32,unambiguous,long,comma,nonfinal,10,13,country.,2.9904067516326904
critical,32,unambiguous,short,comma,nonfinal,7,0,As,7.890280723571777
critical,32,unambiguous,short,comma,nonfinal,7,1,the,2.4022233486175537
critical,32,unambiguous,short,comma,nonfinal,7,2,news,10.401028633117676
critical,32,unambiguous,short,comma,nonfinal,7,3,channel,9.249707221984863
critical,32,unambiguous,short,comma,nonfinal,7,4,"broadcasted,",16.64373803138733
critical,32,unambiguous,short,comma,nonfinal,7,5,the,1.441440224647522
critical,32,unambiguous,short,comma,nonfinal,7,6,message,10.022588729858398
critical,32,unambiguous,short,comma,nonfinal,7,7,spread,7.977757930755615
critical,32,unambiguous,short,comma,nonfinal,7,8,across,4.029564380645752
critical,32,unambiguous,short,comma,nonfinal,7,9,the,0.4373697638511657
critical,32,unambiguous,short,comma,nonfinal,7,10,country.,3.6065753698349
critical,32,unambiguous,long,object,nonfinal,12,0,As,7.890280723571777
critical,32,unambiguous,long,object,nonfinal,12,1,the,2.4022233486175537
critical,32,unambiguous,long,object,nonfinal,12,2,news,10.401028633117676
critical,32,unambiguous,long,object,nonfinal,12,3,channel,9.249707221984863
critical,32,unambiguous,long,object,nonfinal,12,4,broadcasted,13.139108657836914
critical,32,unambiguous,long,object,nonfinal,12,5,the,1.1154437065124512
critical,32,unambiguous,long,object,nonfinal,12,6,speech,9.274216651916504
critical,32,unambiguous,long,object,nonfinal,12,7,the,8.094009399414062
critical,32,unambiguous,long,object,nonfinal,12,8,message,9.951115608215332
critical,32,unambiguous,long,object,nonfinal,12,9,from,5.567610740661621
critical,32,unambiguous,long,object,nonfinal,12,10,the,0.5326619148254395
critical,32,unambiguous,long,object,nonfinal,12,11,president,3.463832378387451
critical,32,unambiguous,long,object,nonfinal,12,12,spread,9.746133804321287
critical,32,unambiguous,long,object,nonfinal,12,13,across,3.6695125102996826
critical,32,unambiguous,long,object,nonfinal,12,14,the,0.3927836120128631
critical,32,unambiguous,long,object,nonfinal,12,15,country.,2.805609345436096
critical,32,unambiguous,short,object,nonfinal,9,0,As,7.890280723571777
critical,32,unambiguous,short,object,nonfinal,9,1,the,2.4022233486175537
critical,32,unambiguous,short,object,nonfinal,9,2,news,10.401028633117676
critical,32,unambiguous,short,object,nonfinal,9,3,channel,9.249707221984863
critical,32,unambiguous,short,object,nonfinal,9,4,broadcasted,13.139108657836914
critical,32,unambiguous,short,object,nonfinal,9,5,the,1.1154437065124512
critical,32,unambiguous,short,object,nonfinal,9,6,speech,9.274216651916504
critical,32,unambiguous,short,object,nonfinal,9,7,the,8.094012260437012
critical,32,unambiguous,short,object,nonfinal,9,8,message,9.951115608215332
critical,32,unambiguous,short,object,nonfinal,9,9,spread,7.61786413192749
critical,32,unambiguous,short,object,nonfinal,9,10,across,3.801829099655152
critical,32,unambiguous,short,object,nonfinal,9,11,the,0.525320291519165
critical,32,unambiguous,short,object,nonfinal,9,12,country.,3.404758334159851
critical,33,ambiguous,long,,final,9,0,Before,14.338445663452148
critical,33,ambiguous,long,,final,9,1,the,2.39993953704834
critical,33,ambiguous,long,,final,9,2,recruiters,28.20454978942871
critical,33,ambiguous,long,,final,9,3,could,5.328642845153809
critical,33,ambiguous,long,,final,9,4,adapt,16.198299407958984
critical,33,ambiguous,long,,final,9,5,the,3.957331657409668
critical,33,ambiguous,long,,final,9,6,policy,11.408370971679688
critical,33,ambiguous,long,,final,9,7,for,5.106654644012451
critical,33,ambiguous,long,,final,9,8,hiring,5.969319820404053
critical,33,ambiguous,long,,final,9,9,changed.,23.571394681930546
critical,33,ambiguous,short,,final,7,0,Before,14.338445663452148
critical,33,ambiguous,short,,final,7,1,the,2.39993953704834
critical,33,ambiguous,short,,final,7,2,recruiters,28.20454978942871
critical,33,ambiguous,short,,final,7,3,could,5.328642845153809
critical,33,ambiguous,short,,final,7,4,adapt,16.198299407958984
critical,33,ambiguous,short,,final,7,5,the,3.957331657409668
critical,33,ambiguous,short,,final,7,6,policy,11.408370971679688
critical,33,ambiguous,short,,final,7,7,changed.,18.188092470169067
critical,33,unambiguous,long,comma,final,9,0,Before,14.338445663452148
critical,33,unambiguous,long,comma,final,9,1,the,2.39993953704834
critical,33,unambiguous,long,comma,final,9,2,recruiters,28.20454978942871
critical,33,unambiguous,long,comma,final,9,3,could,5.328642845153809
critical,33,unambiguous,long,comma,final,9,4,"adapt,",19.84506893157959
critical,33,unambiguous,long,comma,final,9,5,the,1.4699398279190063
critical,33,unambiguous,long,comma,final,9,6,policy,14.87802505493164
critical,33,unambiguous,long,comma,final,9,7,for,7.201820373535156
critical,33,unambiguous,long,comma,final,9,8,hiring,3.611445665359497
critical,33,unambiguous,long,comma,final,9,9,changed.,13.013882637023926
critical,33,unambiguous,short,comma,final,7,0,Before,14.338445663452148
critical,33,unambiguous,short,comma,final,7,1,the,2.39993953704834
critical,33,unambiguous,short,comma,final,7,2,recruiters,28.20454978942871
critical,33,unambiguous,short,comma,final,7,3,could,5.328642845153809
critical,33,unambiguous,short,comma,final,7,4,"adapt,",19.84506893157959
critical,33,unambiguous,short,comma,final,7,5,the,1.4699398279190063
critical,33,unambiguous,short,comma,final,7,6,policy,14.87802505493164
critical,33,unambiguous,short,comma,final,7,7,changed.,7.442429423332214
critical,33,unambiguous,long,object,final,11,0,Before,14.338445663452148
critical,33,unambiguous,long,object,final,11,1,the,2.39993953704834
critical,33,unambiguous,long,object,final,11,2,recruiters,28.20454978942871
critical,33,unambiguous,long,object,final,11,3,could,5.328642845153809
critical,33,unambiguous,long,object,final,11,4,adapt,16.198299407958984
critical,33,unambiguous,long,object,final,11,5,their,2.7872416973114014
critical,33,unambiguous,long,object,final,11,6,strategies,4.317529678344727
critical,33,unambiguous,long,object,final,11,7,the,9.57116985321045
critical,33,unambiguous,long,object,final,11,8,policy,14.318255424499512
critical,33,unambiguous,long,object,final,11,9,for,5.857742786407471
critical,33,unambiguous,long,object,final,11,10,hiring,4.130279064178467
critical,33,unambiguous,long,object,final,11,11,changed.,14.018325924873352
critical,33,unambiguous,short,object,final,9,0,Before,14.338445663452148
critical,33,unambiguous,short,object,final,9,1,the,2.39993953704834
critical,33,unambiguous,short,object,final,9,2,recruiters,28.20454978942871
critical,33,unambiguous,short,object,final,9,3,could,5.328642845153809
critical,33,unambiguous,short,object,final,9,4,adapt,16.198299407958984
critical,33,unambiguous,short,object,final,9,5,their,2.7872416973114014
critical,33,unambiguous,short,object,final,9,6,strategies,4.317529678344727
critical,33,unambiguous,short,object,final,9,7,the,9.57116985321045
critical,33,unambiguous,short,object,final,9,8,policy,14.318255424499512
critical,33,unambiguous,short,object,final,9,9,changed.,8.564953446388245
critical,33,ambiguous,long,,nonfinal,9,0,Before,14.338445663452148
critical,33,ambiguous,long,,nonfinal,9,1,the,2.39993953704834
critical,33,ambiguous,long,,nonfinal,9,2,recruiters,28.20454978942871
critical,33,ambiguous,long,,nonfinal,9,3,could,5.328642845153809
critical,33,ambiguous,long,,nonfinal,9,4,adapt,16.198299407958984
critical,33,ambiguous,long,,nonfinal,9,5,the,3.957331657409668
critical,33,ambiguous,long,,nonfinal,9,6,policy,11.408370971679688
critical,33,ambiguous,long,,nonfinal,9,7,for,5.106654644012451
critical,33,ambiguous,long,,nonfinal,9,8,hiring,5.969319820404053
critical,33,ambiguous,long,,nonfinal,9,9,changed,20.834096908569336
critical,33,ambiguous,long,,nonfinal,9,10,for,5.915057182312012
critical,33,ambiguous,long,,nonfinal,9,11,a,4.580856800079346
critical,33,ambiguous,long,,nonfinal,9,12,second,6.734914779663086
critical,33,ambiguous,long,,nonfinal,9,13,time.,1.754264235496521
critical,33,ambiguous,short,,nonfinal,7,0,Before,14.338445663452148
critical,33,ambiguous,short,,nonfinal,7,1,the,2.39993953704834
critical,33,ambiguous,short,,nonfinal,7,2,recruiters,28.20454978942871
critical,33,ambiguous,short,,nonfinal,7,3,could,5.328642845153809
critical,33,ambiguous,short,,nonfinal,7,4,adapt,16.198299407958984
critical,33,ambiguous,short,,nonfinal,7,5,the,3.957331657409668
critical,33,ambiguous,short,,nonfinal,7,6,policy,11.408370971679688
critical,33,ambiguous,short,,nonfinal,7,7,changed,16.02011489868164
critical,33,ambiguous,short,,nonfinal,7,8,for,5.902517318725586
critical,33,ambiguous,short,,nonfinal,7,9,a,4.740049362182617
critical,33,ambiguous,short,,nonfinal,7,10,second,5.183493614196777
critical,33,ambiguous,short,,nonfinal,7,11,time.,1.619468376040459
critical,33,unambiguous,long,comma,nonfinal,9,0,Before,14.338445663452148
critical,33,unambiguous,long,comma,nonfinal,9,1,the,2.39993953704834
critical,33,unambiguous,long,comma,nonfinal,9,2,recruiters,28.20454978942871
critical,33,unambiguous,long,comma,nonfinal,9,3,could,5.328642845153809
critical,33,unambiguous,long,comma,nonfinal,9,4,"adapt,",19.84506893157959
critical,33,unambiguous,long,comma,nonfinal,9,5,the,1.4699398279190063
critical,33,unambiguous,long,comma,nonfinal,9,6,policy,14.87802505493164
critical,33,unambiguous,long,comma,nonfinal,9,7,for,7.201820373535156
critical,33,unambiguous,long,comma,nonfinal,9,8,hiring,3.611445665359497
critical,33,unambiguous,long,comma,nonfinal,9,9,changed,11.965869903564451
critical,33,unambiguous,long,comma,nonfinal,9,10,for,6.93855619430542
critical,33,unambiguous,long,comma,nonfinal,9,11,a,4.020522117614746
critical,33,unambiguous,long,comma,nonfinal,9,12,second,5.6602559089660645
critical,33,unambiguous,long,comma,nonfinal,9,13,time.,1.242809921503067
critical,33,unambiguous,short,comma,nonfinal,7,0,Before,14.338445663452148
critical,33,unambiguous,short,comma,nonfinal,7,1,the,2.39993953704834
critical,33,unambiguous,short,comma,nonfinal,7,2,recruiters,28.20454978942871
critical,33,unambiguous,short,comma,nonfinal,7,3,could,5.328642845153809
critical,33,unambiguous,short,comma,nonfinal,7,4,"adapt,",19.84506893157959
critical,33,unambiguous,short,comma,nonfinal,7,5,the,1.4699398279190063
critical,33,unambiguous,short,comma,nonfinal,7,6,policy,14.87802505493164
critical,33,unambiguous,short,comma,nonfinal,7,7,changed,6.212170124053955
critical,33,unambiguous,short,comma,nonfinal,7,8,for,7.032707691192627
critical,33,unambiguous,short,comma,nonfinal,7,9,a,4.532772064208984
critical,33,unambiguous,short,comma,nonfinal,7,10,second,4.762983798980713
critical,33,unambiguous,short,comma,nonfinal,7,11,time.,1.568396419286728
critical,33,unambiguous,long,object,nonfinal,11,0,Before,14.338445663452148
critical,33,unambiguous,long,object,nonfinal,11,1,the,2.39993953704834
critical,33,unambiguous,long,object,nonfinal,11,2,recruiters,28.204545974731445
critical,33,unambiguous,long,object,nonfinal,11,3,could,5.328642845153809
critical,33,unambiguous,long,object,nonfinal,11,4,adapt,16.198299407958984
critical,33,unambiguous,long,object,nonfinal,11,5,their,2.7872416973114014
critical,33,unambiguous,long,object,nonfinal,11,6,strategies,4.317529678344727
critical,33,unambiguous,long,object,nonfinal,11,7,the,9.57116985321045
critical,33,unambiguous,long,object,nonfinal,11,8,policy,14.318255424499512
critical,33,unambiguous,long,object,nonfinal,11,9,for,5.857742786407471
critical,33,unambiguous,long,object,nonfinal,11,10,hiring,4.130279064178467
critical,33,unambiguous,long,object,nonfinal,11,11,changed,12.736199378967283
critical,33,unambiguous,long,object,nonfinal,11,12,for,7.18697452545166
critical,33,unambiguous,long,object,nonfinal,11,13,a,3.925469636917114
critical,33,unambiguous,long,object,nonfinal,11,14,second,5.843109130859375
critical,33,unambiguous,long,object,nonfinal,11,15,time.,1.057569444179535
critical,33,unambiguous,short,object,nonfinal,9,0,Before,14.338445663452148
critical,33,unambiguous,short,object,nonfinal,9,1,the,2.39993953704834
critical,33,unambiguous,short,object,nonfinal,9,2,recruiters,28.20454978942871
critical,33,unambiguous,short,object,nonfinal,9,3,could,5.328642845153809
critical,33,unambiguous,short,object,nonfinal,9,4,adapt,16.198299407958984
critical,33,unambiguous,short,object,nonfinal,9,5,their,2.7872416973114014
critical,33,unambiguous,short,object,nonfinal,9,6,strategies,4.317529678344727
critical,33,unambiguous,short,object,nonfinal,9,7,the,9.57116985321045
critical,33,unambiguous,short,object,nonfinal,9,8,policy,14.318255424499512
critical,33,unambiguous,short,object,nonfinal,9,9,changed,7.102864265441895
critical,33,unambiguous,short,object,nonfinal,9,10,for,6.828372955322266
critical,33,unambiguous,short,object,nonfinal,9,11,a,4.544304370880127
critical,33,unambiguous,short,object,nonfinal,9,12,second,4.72225284576416
critical,33,unambiguous,short,object,nonfinal,9,13,time.,1.392465054988861
critical,34,ambiguous,long,,final,9,0,After,9.379192352294922
critical,34,ambiguous,long,,final,9,1,the,2.6995084285736084
critical,34,ambiguous,long,,final,9,2,doctor,16.29452133178711
critical,34,ambiguous,long,,final,9,3,left,6.142573356628418
critical,34,ambiguous,long,,final,9,4,the,2.7835404872894287
critical,34,ambiguous,long,,final,9,5,patient,6.817986488342285
critical,34,ambiguous,long,,final,9,6,with,6.501762866973877
critical,34,ambiguous,long,,final,9,7,cardiac,14.999051094055176
critical,34,ambiguous,long,,final,9,8,issues,6.703338623046875
critical,34,ambiguous,long,,final,9,9,recovered.,18.022045612335205
critical,34,ambiguous,short,,final,6,0,After,9.379192352294922
critical,34,ambiguous,short,,final,6,1,the,2.6995084285736084
critical,34,ambiguous,short,,final,6,2,doctor,16.29452133178711
critical,34,ambiguous,short,,final,6,3,left,6.142573356628418
critical,34,ambiguous,short,,final,6,4,the,2.7835404872894287
critical,34,ambiguous,short,,final,6,5,patient,6.817986488342285
critical,34,ambiguous,short,,final,6,6,recovered.,11.578742504119871
critical,34,unambiguous,long,comma,final,9,0,After,9.379192352294922
critical,34,unambiguous,long,comma,final,9,1,the,2.6995084285736084
critical,34,unambiguous,long,comma,final,9,2,doctor,16.29452133178711
critical,34,unambiguous,long,comma,final,9,3,"left,",6.947881400585175
critical,34,unambiguous,long,comma,final,9,4,the,2.460749864578247
critical,34,unambiguous,long,comma,final,9,5,patient,5.444516658782959
critical,34,unambiguous,long,comma,final,9,6,with,8.615575790405273
critical,34,unambiguous,long,comma,final,9,7,cardiac,12.708422660827637
critical,34,unambiguous,long,comma,final,9,8,issues,5.874228477478027
critical,34,unambiguous,long,comma,final,9,9,recovered.,11.723416090011597
critical,34,unambiguous,short,comma,final,6,0,After,9.379192352294922
critical,34,unambiguous,short,comma,final,6,1,the,2.6995084285736084
critical,34,unambiguous,short,comma,final,6,2,doctor,16.29452133178711
critical,34,unambiguous,short,comma,final,6,3,"left,",6.947881400585175
critical,34,unambiguous,short,comma,final,6,4,the,2.460749864578247
critical,34,unambiguous,short,comma,final,6,5,patient,5.444516658782959
critical,34,unambiguous,short,comma,final,6,6,recovered.,12.34422755241394
critical,34,unambiguous,long,object,final,12,0,After,9.379192352294922
critical,34,unambiguous,long,object,final,12,1,the,2.6995084285736084
critical,34,unambiguous,long,object,final,12,2,doctor,16.29452133178711
critical,34,unambiguous,long,object,final,12,3,left,6.142573356628418
critical,34,unambiguous,long,object,final,12,4,the,2.7835404872894287
critical,34,unambiguous,long,object,final,12,5,operating,7.460741996765137
critical,34,unambiguous,long,object,final,12,6,room,0.2060241997241974
critical,34,unambiguous,long,object,final,12,7,the,6.186315059661865
critical,34,unambiguous,long,object,final,12,8,patient,3.477351665496826
critical,34,unambiguous,long,object,final,12,9,with,8.812475204467773
critical,34,unambiguous,long,object,final,12,10,cardiac,9.278470993041992
critical,34,unambiguous,long,object,final,12,11,issues,6.15741491317749
critical,34,unambiguous,long,object,final,12,12,recovered.,10.723745822906494
critical,34,unambiguous,short,object,final,9,0,After,9.379192352294922
critical,34,unambiguous,short,object,final,9,1,the,2.6995084285736084
critical,34,unambiguous,short,object,final,9,2,doctor,16.29452133178711
critical,34,unambiguous,short,object,final,9,3,left,6.142573356628418
critical,34,unambiguous,short,object,final,9,4,the,2.7835404872894287
critical,34,unambiguous,short,object,final,9,5,operating,7.460741996765137
critical,34,unambiguous,short,object,final,9,6,room,0.2060241997241974
critical,34,unambiguous,short,object,final,9,7,the,6.186315059661865
critical,34,unambiguous,short,object,final,9,8,patient,3.477351665496826
critical,34,unambiguous,short,object,final,9,9,recovered.,11.60225796699524
critical,34,ambiguous,long,,nonfinal,9,0,After,9.379192352294922
critical,34,ambiguous,long,,nonfinal,9,1,the,2.6995084285736084
critical,34,ambiguous,long,,nonfinal,9,2,doctor,16.29452133178711
critical,34,ambiguous,long,,nonfinal,9,3,left,6.142573356628418
critical,34,ambiguous,long,,nonfinal,9,4,the,2.7835404872894287
critical,34,ambiguous,long,,nonfinal,9,5,patient,6.817986488342285
critical,34,ambiguous,long,,nonfinal,9,6,with,6.501762866973877
critical,34,ambiguous,long,,nonfinal,9,7,cardiac,14.999051094055176
critical,34,ambiguous,long,,nonfinal,9,8,issues,6.703338623046875
critical,34,ambiguous,long,,nonfinal,9,9,recovered,14.921187400817873
critical,34,ambiguous,long,,nonfinal,9,10,from,2.729174852371216
critical,34,ambiguous,long,,nonfinal,9,11,the,1.4387848377227783
critical,34,ambiguous,long,,nonfinal,9,12,surgery.,4.615604400634766
critical,34,ambiguous,short,,nonfinal,6,0,After,9.379192352294922
critical,34,ambiguous,short,,nonfinal,6,1,the,2.6995084285736084
critical,34,ambiguous,short,,nonfinal,6,2,doctor,16.29452133178711
critical,34,ambiguous,short,,nonfinal,6,3,left,6.142573356628418
critical,34,ambiguous,short,,nonfinal,6,4,the,2.7835404872894287
critical,34,ambiguous,short,,nonfinal,6,5,patient,6.817986488342285
critical,34,ambiguous,short,,nonfinal,6,6,recovered,9.327869415283203
critical,34,ambiguous,short,,nonfinal,6,7,from,3.158393859863281
critical,34,ambiguous,short,,nonfinal,6,8,the,1.0351731777191162
critical,34,ambiguous,short,,nonfinal,6,9,surgery.,4.912465572357178
critical,34,unambiguous,long,comma,nonfinal,9,0,After,9.379192352294922
critical,34,unambiguous,long,comma,nonfinal,9,1,the,2.6995112895965576
critical,34,unambiguous,long,comma,nonfinal,9,2,doctor,16.29452133178711
critical,34,unambiguous,long,comma,nonfinal,9,3,"left,",6.947881400585175
critical,34,unambiguous,long,comma,nonfinal,9,4,the,2.460749864578247
critical,34,unambiguous,long,comma,nonfinal,9,5,patient,5.444516658782959
critical,34,unambiguous,long,comma,nonfinal,9,6,with,8.615575790405273
critical,34,unambiguous,long,comma,nonfinal,9,7,cardiac,12.708422660827637
critical,34,unambiguous,long,comma,nonfinal,9,8,issues,5.874228477478027
critical,34,unambiguous,long,comma,nonfinal,9,9,recovered,9.54947566986084
critical,34,unambiguous,long,comma,nonfinal,9,10,from,4.308534145355225
critical,34,unambiguous,long,comma,nonfinal,9,11,the,1.1067564487457275
critical,34,unambiguous,long,comma,nonfinal,9,12,surgery.,5.2933385372161865
critical,34,unambiguous,short,comma,nonfinal,6,0,After,9.379192352294922
critical,34,unambiguous,short,comma,nonfinal,6,1,the,2.6995084285736084
critical,34,unambiguous,short,comma,nonfinal,6,2,doctor,16.29452133178711
critical,34,unambiguous,short,comma,nonfinal,6,3,"left,",6.947881400585175
critical,34,unambiguous,short,comma,nonfinal,6,4,the,2.460749864578247
critical,34,unambiguous,short,comma,nonfinal,6,5,patient,5.444516658782959
critical,34,unambiguous,short,comma,nonfinal,6,6,recovered,10.018595695495604
critical,34,unambiguous,short,comma,nonfinal,6,7,from,3.994155406951904
critical,34,unambiguous,short,comma,nonfinal,6,8,the,0.9411055445671082
critical,34,unambiguous,short,comma,nonfinal,6,9,surgery.,5.992632269859314
critical,34,unambiguous,long,object,nonfinal,12,0,After,9.379192352294922
critical,34,unambiguous,long,object,nonfinal,12,1,the,2.6995084285736084
critical,34,unambiguous,long,object,nonfinal,12,2,doctor,16.29452133178711
critical,34,unambiguous,long,object,nonfinal,12,3,left,6.142573356628418
critical,34,unambiguous,long,object,nonfinal,12,4,the,2.7835404872894287
critical,34,unambiguous,long,object,nonfinal,12,5,operating,7.460741996765137
critical,34,unambiguous,long,object,nonfinal,12,6,room,0.2060241997241974
critical,34,unambiguous,long,object,nonfinal,12,7,the,6.186315059661865
critical,34,unambiguous,long,object,nonfinal,12,8,patient,3.477351665496826
critical,34,unambiguous,long,object,nonfinal,12,9,with,8.812475204467773
critical,34,unambiguous,long,object,nonfinal,12,10,cardiac,9.278470993041992
critical,34,unambiguous,long,object,nonfinal,12,11,issues,6.15741491317749
critical,34,unambiguous,long,object,nonfinal,12,12,recovered,8.176880836486816
critical,34,unambiguous,long,object,nonfinal,12,13,from,3.771092414855957
critical,34,unambiguous,long,object,nonfinal,12,14,the,0.9813770055770874
critical,34,unambiguous,long,object,nonfinal,12,15,surgery.,2.448900818824768
critical,34,unambiguous,short,object,nonfinal,9,0,After,9.379192352294922
critical,34,unambiguous,short,object,nonfinal,9,1,the,2.6995084285736084
critical,34,unambiguous,short,object,nonfinal,9,2,doctor,16.29452133178711
critical,34,unambiguous,short,object,nonfinal,9,3,left,6.142573356628418
critical,34,unambiguous,short,object,nonfinal,9,4,the,2.7835404872894287
critical,34,unambiguous,short,object,nonfinal,9,5,operating,7.460741996765137
critical,34,unambiguous,short,object,nonfinal,9,6,room,0.2060241997241974
critical,34,unambiguous,short,object,nonfinal,9,7,the,6.186315059661865
critical,34,unambiguous,short,object,nonfinal,9,8,patient,3.477351665496826
critical,34,unambiguous,short,object,nonfinal,9,9,recovered,8.636955261230469
critical,34,unambiguous,short,object,nonfinal,9,10,from,3.3989577293396
critical,34,unambiguous,short,object,nonfinal,9,11,the,1.1562297344207764
critical,34,unambiguous,short,object,nonfinal,9,12,surgery.,3.149885654449463
critical,35,ambiguous,long,,final,11,0,While,11.370808601379396
critical,35,ambiguous,long,,final,11,1,the,1.8241167068481443
critical,35,ambiguous,long,,final,11,2,tailor,28.2808837890625
critical,35,ambiguous,long,,final,11,3,was,3.737004041671753
critical,35,ambiguous,long,,final,11,4,measuring,10.93850803375244
critical,35,ambiguous,long,,final,11,5,the,1.5487161874771118
critical,35,ambiguous,long,,final,11,6,suit,4.784155368804932
critical,35,ambiguous,long,,final,11,7,made,9.851556777954102
critical,35,ambiguous,long,,final,11,8,of,2.396747350692749
critical,35,ambiguous,long,,final,11,9,vintage,12.611249923706056
critical,35,ambiguous,long,,final,11,10,tweed,6.397436618804932
critical,35,ambiguous,long,,final,11,11,ripped.,28.65477180480957
critical,35,ambiguous,short,,final,7,0,While,11.370808601379396
critical,35,ambiguous,short,,final,7,1,the,1.8241167068481443
critical,35,ambiguous,short,,final,7,2,tailor,28.2808837890625
critical,35,ambiguous,short,,final,7,3,was,3.737004041671753
critical,35,ambiguous,short,,final,7,4,measuring,10.93850803375244
critical,35,ambiguous,short,,final,7,5,the,1.5487161874771118
critical,35,ambiguous,short,,final,7,6,suit,4.784155368804932
critical,35,ambiguous,short,,final,7,7,ripped.,30.30169486999512
critical,35,unambiguous,long,comma,final,11,0,While,11.370808601379396
critical,35,unambiguous,long,comma,final,11,1,the,1.8241167068481443
critical,35,unambiguous,long,comma,final,11,2,tailor,28.2808837890625
critical,35,unambiguous,long,comma,final,11,3,was,3.737004041671753
critical,35,unambiguous,long,comma,final,11,4,"measuring,",15.430364608764648
critical,35,unambiguous,long,comma,final,11,5,the,2.12735652923584
critical,35,unambiguous,long,comma,final,11,6,suit,8.699508666992188
critical,35,unambiguous,long,comma,final,11,7,made,7.051810264587402
critical,35,unambiguous,long,comma,final,11,8,of,4.355931282043457
critical,35,unambiguous,long,comma,final,11,9,vintage,12.371424674987791
critical,35,unambiguous,long,comma,final,11,10,tweed,5.898627758026123
critical,35,unambiguous,long,comma,final,11,11,ripped.,15.829238653182983
critical,35,unambiguous,short,comma,final,7,0,While,11.370808601379396
critical,35,unambiguous,short,comma,final,7,1,the,1.8241167068481443
critical,35,unambiguous,short,comma,final,7,2,tailor,28.2808837890625
critical,35,unambiguous,short,comma,final,7,3,was,3.737004041671753
critical,35,unambiguous,short,comma,final,7,4,"measuring,",15.430364608764648
critical,35,unambiguous,short,comma,final,7,5,the,2.1273539066314697
critical,35,unambiguous,short,comma,final,7,6,suit,8.699508666992188
critical,35,unambiguous,short,comma,final,7,7,ripped.,14.51943862438202
critical,35,unambiguous,long,object,final,14,0,While,11.370808601379396
critical,35,unambiguous,long,object,final,14,1,the,1.8241167068481443
critical,35,unambiguous,long,object,final,14,2,tailor,28.2808837890625
critical,35,unambiguous,long,object,final,14,3,was,3.737004041671753
critical,35,unambiguous,long,object,final,14,4,measuring,10.93850803375244
critical,35,unambiguous,long,object,final,14,5,the,1.5487161874771118
critical,35,unambiguous,long,object,final,14,6,client's,8.3586705760099
critical,35,unambiguous,long,object,final,14,7,inseam,13.350997731089592
critical,35,unambiguous,long,object,final,14,8,the,7.083515167236328
critical,35,unambiguous,long,object,final,14,9,suit,6.835494518280029
critical,35,unambiguous,long,object,final,14,10,made,7.897770881652832
critical,35,unambiguous,long,object,final,14,11,of,5.578675270080566
critical,35,unambiguous,long,object,final,14,12,vintage,11.461973190307615
critical,35,unambiguous,long,object,final,14,13,tweed,5.734559059143066
critical,35,unambiguous,long,object,final,14,14,ripped.,14.292449951171877
critical,35,unambiguous,short,object,final,10,0,While,11.370808601379396
critical,35,unambiguous,short,object,final,10,1,the,1.8241167068481443
critical,35,unambiguous,short,object,final,10,2,tailor,28.2808837890625
critical,35,unambiguous,short,object,final,10,3,was,3.737004041671753
critical,35,unambiguous,short,object,final,10,4,measuring,10.93850803375244
critical,35,unambiguous,short,object,final,10,5,the,1.5487161874771118
critical,35,unambiguous,short,object,final,10,6,client's,8.3586705760099
critical,35,unambiguous,short,object,final,10,7,inseam,13.350997731089592
critical,35,unambiguous,short,object,final,10,8,the,7.083515167236328
critical,35,unambiguous,short,object,final,10,9,suit,6.835494518280029
critical,35,unambiguous,short,object,final,10,10,ripped.,11.78987467288971
critical,35,ambiguous,long,,nonfinal,11,0,While,11.370808601379396
critical,35,ambiguous,long,,nonfinal,11,1,the,1.8241167068481443
critical,35,ambiguous,long,,nonfinal,11,2,tailor,28.2808837890625
critical,35,ambiguous,long,,nonfinal,11,3,was,3.737004041671753
critical,35,ambiguous,long,,nonfinal,11,4,measuring,10.93850803375244
critical,35,ambiguous,long,,nonfinal,11,5,the,1.5487161874771118
critical,35,ambiguous,long,,nonfinal,11,6,suit,4.784155368804932
critical,35,ambiguous,long,,nonfinal,11,7,made,9.851556777954102
critical,35,ambiguous,long,,nonfinal,11,8,of,2.396747350692749
critical,35,ambiguous,long,,nonfinal,11,9,vintage,12.611249923706056
critical,35,ambiguous,long,,nonfinal,11,10,tweed,6.397436618804932
critical,35,ambiguous,long,,nonfinal,11,11,ripped,17.930368423461914
critical,35,ambiguous,long,,nonfinal,11,12,along,6.95163106918335
critical,35,ambiguous,long,,nonfinal,11,13,a,5.815002918243408
critical,35,ambiguous,long,,nonfinal,11,14,weak,15.335721969604492
critical,35,ambiguous,long,,nonfinal,11,15,seam.,6.323086440563202
critical,35,ambiguous,short,,nonfinal,7,0,While,11.370808601379396
critical,35,ambiguous,short,,nonfinal,7,1,the,1.8241167068481443
critical,35,ambiguous,short,,nonfinal,7,2,tailor,28.2808837890625
critical,35,ambiguous,short,,nonfinal,7,3,was,3.737004041671753
critical,35,ambiguous,short,,nonfinal,7,4,measuring,10.93850803375244
critical,35,ambiguous,short,,nonfinal,7,5,the,1.5487161874771118
critical,35,ambiguous,short,,nonfinal,7,6,suit,4.784155368804932
critical,35,ambiguous,short,,nonfinal,7,7,ripped,21.51289176940918
critical,35,ambiguous,short,,nonfinal,7,8,along,8.140369415283203
critical,35,ambiguous,short,,nonfinal,7,9,a,4.469878673553467
critical,35,ambiguous,short,,nonfinal,7,10,weak,12.985509872436523
critical,35,ambiguous,short,,nonfinal,7,11,seam.,5.301116108894348
critical,35,unambiguous,long,comma,nonfinal,11,0,While,11.370808601379396
critical,35,unambiguous,long,comma,nonfinal,11,1,the,1.8241167068481443
critical,35,unambiguous,long,comma,nonfinal,11,2,tailor,28.2808837890625
critical,35,unambiguous,long,comma,nonfinal,11,3,was,3.737004041671753
critical,35,unambiguous,long,comma,nonfinal,11,4,"measuring,",15.430364608764648
critical,35,unambiguous,long,comma,nonfinal,11,5,the,2.1273539066314697
critical,35,unambiguous,long,comma,nonfinal,11,6,suit,8.699508666992188
critical,35,unambiguous,long,comma,nonfinal,11,7,made,7.051810264587402
critical,35,unambiguous,long,comma,nonfinal,11,8,of,4.355931282043457
critical,35,unambiguous,long,comma,nonfinal,11,9,vintage,12.371424674987791
critical,35,unambiguous,long,comma,nonfinal,11,10,tweed,5.898627758026123
critical,35,unambiguous,long,comma,nonfinal,11,11,ripped,12.615301132202148
critical,35,unambiguous,long,comma,nonfinal,11,12,along,6.283732891082764
critical,35,unambiguous,long,comma,nonfinal,11,13,a,4.049451351165772
critical,35,unambiguous,long,comma,nonfinal,11,14,weak,13.57088565826416
critical,35,unambiguous,long,comma,nonfinal,11,15,seam.,2.2673835158348083
critical,35,unambiguous,short,comma,nonfinal,7,0,While,11.370808601379396
critical,35,unambiguous,short,comma,nonfinal,7,1,the,1.8241167068481443
critical,35,unambiguous,short,comma,nonfinal,7,2,tailor,28.2808837890625
critical,35,unambiguous,short,comma,nonfinal,7,3,was,3.737004041671753
critical,35,unambiguous,short,comma,nonfinal,7,4,"measuring,",15.430364608764648
critical,35,unambiguous,short,comma,nonfinal,7,5,the,2.12735652923584
critical,35,unambiguous,short,comma,nonfinal,7,6,suit,8.699508666992188
critical,35,unambiguous,short,comma,nonfinal,7,7,ripped,12.987367630004885
critical,35,unambiguous,short,comma,nonfinal,7,8,along,7.2027668952941895
critical,35,unambiguous,short,comma,nonfinal,7,9,a,3.870941400527954
critical,35,unambiguous,short,comma,nonfinal,7,10,weak,12.652633666992188
critical,35,unambiguous,short,comma,nonfinal,7,11,seam.,1.9959672689437864
critical,35,unambiguous,long,object,nonfinal,14,0,While,11.370808601379396
critical,35,unambiguous,long,object,nonfinal,14,1,the,1.8241167068481443
critical,35,unambiguous,long,object,nonfinal,14,2,tailor,28.2808837890625
critical,35,unambiguous,long,object,nonfinal,14,3,was,3.737004041671753
critical,35,unambiguous,long,object,nonfinal,14,4,measuring,10.93850803375244
critical,35,unambiguous,long,object,nonfinal,14,5,the,1.5487161874771118
critical,35,unambiguous,long,object,nonfinal,14,6,client's,8.3586705760099
critical,35,unambiguous,long,object,nonfinal,14,7,inseam,13.350994974374771
critical,35,unambiguous,long,object,nonfinal,14,8,the,7.083515167236328
critical,35,unambiguous,long,object,nonfinal,14,9,suit,6.835494518280029
critical,35,unambiguous,long,object,nonfinal,14,10,made,7.897773265838623
critical,35,unambiguous,long,object,nonfinal,14,11,of,5.578675270080566
critical,35,unambiguous,long,object,nonfinal,14,12,vintage,11.461973190307615
critical,35,unambiguous,long,object,nonfinal,14,13,tweed,5.734559059143066
critical,35,unambiguous,long,object,nonfinal,14,14,ripped,10.496891975402832
critical,35,unambiguous,long,object,nonfinal,14,15,along,6.36403751373291
critical,35,unambiguous,long,object,nonfinal,14,16,a,4.925574779510498
critical,35,unambiguous,long,object,nonfinal,14,17,weak,13.135147094726562
critical,35,unambiguous,long,object,nonfinal,14,18,seam.,2.413868725299835
critical,35,unambiguous,short,object,nonfinal,10,0,While,11.370808601379396
critical,35,unambiguous,short,object,nonfinal,10,1,the,1.8241167068481443
critical,35,unambiguous,short,object,nonfinal,10,2,tailor,28.2808837890625
critical,35,unambiguous,short,object,nonfinal,10,3,was,3.737004041671753
critical,35,unambiguous,short,object,nonfinal,10,4,measuring,10.93850803375244
critical,35,unambiguous,short,object,nonfinal,10,5,the,1.5487161874771118
critical,35,unambiguous,short,object,nonfinal,10,6,client's,8.3586705760099
critical,35,unambiguous,short,object,nonfinal,10,7,inseam,13.350997731089592
critical,35,unambiguous,short,object,nonfinal,10,8,the,7.083515167236328
critical,35,unambiguous,short,object,nonfinal,10,9,suit,6.835494518280029
critical,35,unambiguous,short,object,nonfinal,10,10,ripped,9.967620849609377
critical,35,unambiguous,short,object,nonfinal,10,11,along,7.009382724761963
critical,35,unambiguous,short,object,nonfinal,10,12,a,4.557806968688965
critical,35,unambiguous,short,object,nonfinal,10,13,weak,12.457378387451172
critical,35,unambiguous,short,object,nonfinal,10,14,seam.,1.712069392204285
critical,36,ambiguous,long,,final,8,0,As,7.890280723571777
critical,36,ambiguous,long,,final,8,1,the,2.4022233486175537
critical,36,ambiguous,long,,final,8,2,musician,22.743749618530277
critical,36,ambiguous,long,,final,8,3,played,10.104544639587402
critical,36,ambiguous,long,,final,8,4,the,1.968772053718567
critical,36,ambiguous,long,,final,8,5,song,3.1145946979522705
critical,36,ambiguous,long,,final,8,6,of,6.107866287231445
critical,36,ambiguous,long,,final,8,7,mourning,11.92192840576172
critical,36,ambiguous,long,,final,8,8,crescendoed.,34.301172733306885
critical,36,ambiguous,short,,final,6,0,As,7.890280723571777
critical,36,ambiguous,short,,final,6,1,the,2.4022233486175537
critical,36,ambiguous,short,,final,6,2,musician,22.743749618530277
critical,36,ambiguous,short,,final,6,3,played,10.104544639587402
critical,36,ambiguous,short,,final,6,4,the,1.968772053718567
critical,36,ambiguous,short,,final,6,5,song,3.1145946979522705
critical,36,ambiguous,short,,final,6,6,crescendoed.,31.595781803131104
critical,36,unambiguous,long,comma,final,8,0,As,7.890280723571777
critical,36,unambiguous,long,comma,final,8,1,the,2.4022233486175537
critical,36,unambiguous,long,comma,final,8,2,musician,22.743749618530277
critical,36,unambiguous,long,comma,final,8,3,"played,",12.860713720321655
critical,36,unambiguous,long,comma,final,8,4,the,1.3859187364578247
critical,36,unambiguous,long,comma,final,8,5,song,6.29107141494751
critical,36,unambiguous,long,comma,final,8,6,of,6.192625999450684
critical,36,unambiguous,long,comma,final,8,7,mourning,11.573857307434082
critical,36,unambiguous,long,comma,final,8,8,crescendoed.,15.622507458552718
critical,36,unambiguous,short,comma,final,6,0,As,7.890280723571777
critical,36,unambiguous,short,comma,final,6,1,the,2.4022233486175537
critical,36,unambiguous,short,comma,final,6,2,musician,22.743749618530277
critical,36,unambiguous,short,comma,final,6,3,"played,",12.860713720321655
critical,36,unambiguous,short,comma,final,6,4,the,1.3859187364578247
critical,36,unambiguous,short,comma,final,6,5,song,6.29107141494751
critical,36,unambiguous,short,comma,final,6,6,crescendoed.,16.360281690955162
critical,36,unambiguous,long,object,final,10,0,As,7.890280723571777
critical,36,unambiguous,long,object,final,10,1,the,2.4022233486175537
critical,36,unambiguous,long,object,final,10,2,musician,22.743749618530277
critical,36,unambiguous,long,object,final,10,3,played,10.104544639587402
critical,36,unambiguous,long,object,final,10,4,the,1.968772053718567
critical,36,unambiguous,long,object,final,10,5,piano,3.2729783058166504
critical,36,unambiguous,long,object,final,10,6,the,7.63317346572876
critical,36,unambiguous,long,object,final,10,7,song,4.891626834869385
critical,36,unambiguous,long,object,final,10,8,of,5.420586109161377
critical,36,unambiguous,long,object,final,10,9,mourning,11.19607162475586
critical,36,unambiguous,long,object,final,10,10,crescendoed.,17.012456245720387
critical,36,unambiguous,short,object,final,8,0,As,7.890280723571777
critical,36,unambiguous,short,object,final,8,1,the,2.4022233486175537
critical,36,unambiguous,short,object,final,8,2,musician,22.743749618530277
critical,36,unambiguous,short,object,final,8,3,played,10.104544639587402
critical,36,unambiguous,short,object,final,8,4,the,1.968772053718567
critical,36,unambiguous,short,object,final,8,5,piano,3.2729783058166504
critical,36,unambiguous,short,object,final,8,6,the,7.63317346572876
critical,36,unambiguous,short,object,final,8,7,song,4.891626834869385
critical,36,unambiguous,short,object,final,8,8,crescendoed.,17.428660660982132
critical,36,ambiguous,long,,nonfinal,8,0,As,7.890280723571777
critical,36,ambiguous,long,,nonfinal,8,1,the,2.4022233486175537
critical,36,ambiguous,long,,nonfinal,8,2,musician,22.743749618530277
critical,36,ambiguous,long,,nonfinal,8,3,played,10.104544639587402
critical,36,ambiguous,long,,nonfinal,8,4,the,1.968772053718567
critical,36,ambiguous,long,,nonfinal,8,5,song,3.1145946979522705
critical,36,ambiguous,long,,nonfinal,8,6,of,6.107866287231445
critical,36,ambiguous,long,,nonfinal,8,7,mourning,11.92192840576172
critical,36,ambiguous,long,,nonfinal,8,8,crescendoed,25.55438661575317
critical,36,ambiguous,long,,nonfinal,8,9,to,3.840463399887085
critical,36,ambiguous,long,,nonfinal,8,10,a,0.993074595928192
critical,36,ambiguous,long,,nonfinal,8,11,dramatic,6.962566375732422
critical,36,ambiguous,long,,nonfinal,8,12,climax.,9.524583339691162
critical,36,ambiguous,short,,nonfinal,6,0,As,7.890280723571777
critical,36,ambiguous,short,,nonfinal,6,1,the,2.4022233486175537
critical,36,ambiguous,short,,nonfinal,6,2,musician,22.743749618530277
critical,36,ambiguous,short,,nonfinal,6,3,played,10.104544639587402
critical,36,ambiguous,short,,nonfinal,6,4,the,1.968772053718567
critical,36,ambiguous,short,,nonfinal,6,5,song,3.1145946979522705
critical,36,ambiguous,short,,nonfinal,6,6,crescendoed,25.06328773498535
critical,36,ambiguous,short,,nonfinal,6,7,to,3.806600570678711
critical,36,ambiguous,short,,nonfinal,6,8,a,1.114648461341858
critical,36,ambiguous,short,,nonfinal,6,9,dramatic,5.706268787384033
critical,36,ambiguous,short,,nonfinal,6,10,climax.,7.434180021286011
critical,36,unambiguous,long,comma,nonfinal,8,0,As,7.890280723571777
critical,36,unambiguous,long,comma,nonfinal,8,1,the,2.4022233486175537
critical,36,unambiguous,long,comma,nonfinal,8,2,musician,22.743749618530277
critical,36,unambiguous,long,comma,nonfinal,8,3,"played,",12.860713720321655
critical,36,unambiguous,long,comma,nonfinal,8,4,the,1.3859187364578247
critical,36,unambiguous,long,comma,nonfinal,8,5,song,6.29107141494751
critical,36,unambiguous,long,comma,nonfinal,8,6,of,6.192625999450684
critical,36,unambiguous,long,comma,nonfinal,8,7,mourning,11.573857307434082
critical,36,unambiguous,long,comma,nonfinal,8,8,crescendoed,13.718376154080032
critical,36,unambiguous,long,comma,nonfinal,8,9,to,3.611266851425171
critical,36,unambiguous,long,comma,nonfinal,8,10,a,0.7642826437950134
critical,36,unambiguous,long,comma,nonfinal,8,11,dramatic,8.26335334777832
critical,36,unambiguous,long,comma,nonfinal,8,12,climax.,2.7120232582092285
critical,36,unambiguous,short,comma,nonfinal,6,0,As,7.890280723571777
critical,36,unambiguous,short,comma,nonfinal,6,1,the,2.4022233486175537
critical,36,unambiguous,short,comma,nonfinal,6,2,musician,22.743749618530277
critical,36,unambiguous,short,comma,nonfinal,6,3,"played,",12.860713720321655
critical,36,unambiguous,short,comma,nonfinal,6,4,the,1.3859187364578247
critical,36,unambiguous,short,comma,nonfinal,6,5,song,6.29107141494751
critical,36,unambiguous,short,comma,nonfinal,6,6,crescendoed,13.478168949484823
critical,36,unambiguous,short,comma,nonfinal,6,7,to,2.551331043243408
critical,36,unambiguous,short,comma,nonfinal,6,8,a,0.7802041172981262
critical,36,unambiguous,short,comma,nonfinal,6,9,dramatic,5.753828048706055
critical,36,unambiguous,short,comma,nonfinal,6,10,climax.,2.7330299615859985
critical,36,unambiguous,long,object,nonfinal,10,0,As,7.890280723571777
critical,36,unambiguous,long,object,nonfinal,10,1,the,2.4022233486175537
critical,36,unambiguous,long,object,nonfinal,10,2,musician,22.743749618530277
critical,36,unambiguous,long,object,nonfinal,10,3,played,10.104544639587402
critical,36,unambiguous,long,object,nonfinal,10,4,the,1.968772053718567
critical,36,unambiguous,long,object,nonfinal,10,5,piano,3.2729783058166504
critical,36,unambiguous,long,object,nonfinal,10,6,the,7.63317346572876
critical,36,unambiguous,long,object,nonfinal,10,7,song,4.891626834869385
critical,36,unambiguous,long,object,nonfinal,10,8,of,5.420586109161377
critical,36,unambiguous,long,object,nonfinal,10,9,mourning,11.19607162475586
critical,36,unambiguous,long,object,nonfinal,10,10,crescendoed,15.045335240662098
critical,36,unambiguous,long,object,nonfinal,10,11,to,3.0982329845428467
critical,36,unambiguous,long,object,nonfinal,10,12,a,0.7608237266540527
critical,36,unambiguous,long,object,nonfinal,10,13,dramatic,7.682106018066406
critical,36,unambiguous,long,object,nonfinal,10,14,climax.,2.3449930548667908
critical,36,unambiguous,short,object,nonfinal,8,0,As,7.890280723571777
critical,36,unambiguous,short,object,nonfinal,8,1,the,2.4022233486175537
critical,36,unambiguous,short,object,nonfinal,8,2,musician,22.743749618530277
critical,36,unambiguous,short,object,nonfinal,8,3,played,10.104544639587402
critical,36,unambiguous,short,object,nonfinal,8,4,the,1.968772053718567
critical,36,unambiguous,short,object,nonfinal,8,5,piano,3.2729783058166504
critical,36,unambiguous,short,object,nonfinal,8,6,the,7.63317346572876
critical,36,unambiguous,short,object,nonfinal,8,7,song,4.891626834869385
critical,36,unambiguous,short,object,nonfinal,8,8,crescendoed,14.540653735399246
critical,36,unambiguous,short,object,nonfinal,8,9,to,2.2819344997406006
critical,36,unambiguous,short,object,nonfinal,8,10,a,0.765218198299408
critical,36,unambiguous,short,object,nonfinal,8,11,dramatic,5.661898612976074
critical,36,unambiguous,short,object,nonfinal,8,12,climax.,2.496142446994781
filler,1,,,,,-1,0,The,4.129395484924316
filler,1,,,,,-1,1,little,13.5521240234375
filler,1,,,,,-1,2,blonde,13.680561065673828
filler,1,,,,,-1,3,girls,7.930854797363281
filler,1,,,,,-1,4,turned,10.787541389465332
filler,1,,,,,-1,5,out,2.9725260734558105
filler,1,,,,,-1,6,to,0.4268031418323517
filler,1,,,,,-1,7,be,0.0847558006644249
filler,1,,,,,-1,8,daughters,10.343515396118164
filler,1,,,,,-1,9,of,0.1582020223140716
filler,1,,,,,-1,10,one,6.319284915924072
filler,1,,,,,-1,11,of,0.2184482365846634
filler,1,,,,,-1,12,the,0.4363516271114349
filler,1,,,,,-1,13,neighbors.,13.753763794898989
filler,2,,,,,-1,0,After,9.379180908203123
filler,2,,,,,-1,1,the,2.699500322341919
filler,2,,,,,-1,2,show,8.62856388092041
filler,2,,,,,-1,3,the,6.190743923187256
filler,2,,,,,-1,4,famous,11.725014686584473
filler,2,,,,,-1,5,violinist,9.855606079101562
filler,2,,,,,-1,6,met,11.994219779968262
filler,2,,,,,-1,7,with,1.360201120376587
filler,2,,,,,-1,8,some,5.691216945648193
filler,2,,,,,-1,9,of,0.8504087924957275
filler,2,,,,,-1,10,his,3.051398754119873
filler,2,,,,,-1,11,devoted,8.466755867004395
filler,2,,,,,-1,12,fans.,2.846577137708664
filler,3,,,,,-1,0,The,4.129395484924316
filler,3,,,,,-1,1,pharmacologist,32.85178995132446
filler,3,,,,,-1,2,made,12.526220321655272
filler,3,,,,,-1,3,sure,7.757452011108398
filler,3,,,,,-1,4,that,1.4893146753311155
filler,3,,,,,-1,5,the,1.1285749673843384
filler,3,,,,,-1,6,new,4.930225372314453
filler,3,,,,,-1,7,shipment,14.523451805114746
filler,3,,,,,-1,8,of,0.8434524536132812
filler,3,,,,,-1,9,patches,18.04716110229492
filler,3,,,,,-1,10,didn't,7.283261554635828
filler,3,,,,,-1,11,have,3.5757477283477783
filler,3,,,,,-1,12,any,0.9820319414138794
filler,3,,,,,-1,13,tears.,16.951063632965088
filler,4,,,,,-1,0,On,8.385754585266113
filler,4,,,,,-1,1,returning,15.594148635864258
filler,4,,,,,-1,2,from,2.031522274017334
filler,4,,,,,-1,3,abroad,9.562975883483888
filler,4,,,,,-1,4,the,6.391327857971191
filler,4,,,,,-1,5,accountant,16.029518127441406
filler,4,,,,,-1,6,discovered,6.629397392272949
filler,4,,,,,-1,7,he,5.169162750244141
filler,4,,,,,-1,8,had,0.738331139087677
filler,4,,,,,-1,9,a,3.000874280929565
filler,4,,,,,-1,10,serious,6.40474796295166
filler,4,,,,,-1,11,case,5.082874298095703
filler,4,,,,,-1,12,of,0.0057841204106807
filler,4,,,,,-1,13,malaria.,8.565562665462494
filler,5,,,,,-1,0,The,4.129395484924316
filler,5,,,,,-1,1,coach,17.14200210571289
filler,5,,,,,-1,2,encouraged,17.56896209716797
filler,5,,,,,-1,3,his,2.830416202545166
filler,5,,,,,-1,4,team,1.7334750890731812
filler,5,,,,,-1,5,as,8.521533966064453
filler,5,,,,,-1,6,the,3.0094900131225586
filler,5,,,,,-1,7,game,2.270170927047729
filler,5,,,,,-1,8,turned,8.218238830566406
filler,5,,,,,-1,9,increasingly,11.096796989440918
filler,5,,,,,-1,10,discouraging.,18.70124578475952
filler,6,,,,,-1,0,The,4.129395484924316
filler,6,,,,,-1,1,photographer,21.09062957763672
filler,6,,,,,-1,2,posed,12.270028114318848
filler,6,,,,,-1,3,the,3.182441234588623
filler,6,,,,,-1,4,newlyweds,14.824389457702637
filler,6,,,,,-1,5,in,2.1347780227661133
filler,6,,,,,-1,6,front,1.7207895517349243
filler,6,,,,,-1,7,of,0.0063069476746022
filler,6,,,,,-1,8,an,4.067381381988525
filler,6,,,,,-1,9,old,2.7677154541015625
filler,6,,,,,-1,10,oak,6.787168502807617
filler,6,,,,,-1,11,tree,0.0881239101290702
filler,6,,,,,-1,12,that,3.9078969955444336
filler,6,,,,,-1,13,stood,3.4443583488464355
filler,6,,,,,-1,14,by,6.276444911956787
filler,6,,,,,-1,15,the,0.4137379825115204
filler,6,,,,,-1,16,pond.,7.989968657493591
filler,7,,,,,-1,0,The,4.129395484924316
filler,7,,,,,-1,1,horse,17.921260833740234
filler,7,,,,,-1,2,galloped,14.031973958015442
filler,7,,,,,-1,3,furiously,7.54124641418457
filler,7,,,,,-1,4,around,5.783146381378174
filler,7,,,,,-1,5,the,0.32525634765625
filler,7,,,,,-1,6,field,3.303938150405884
filler,7,,,,,-1,7,before,6.402052879333496
filler,7,,,,,-1,8,jumping,5.885316371917725
filler,7,,,,,-1,9,over,2.844964504241944
filler,7,,,,,-1,10,the,0.8698497414588928
filler,7,,,,,-1,11,fence.,4.3422839641571045
filler,8,,,,,-1,0,The,4.129395484924316
filler,8,,,,,-1,1,talented,16.3107967376709
filler,8,,,,,-1,2,cartoonists,18.57113540172577
filler,8,,,,,-1,3,drew,10.948878288269045
filler,8,,,,,-1,4,a,2.991859674453736
filler,8,,,,,-1,5,huge,6.917259216308594
filler,8,,,,,-1,6,illustration,9.17884349822998
filler,8,,,,,-1,7,of,0.9965665340423584
filler,8,,,,,-1,8,the,0.8482569456100464
filler,8,,,,,-1,9,upcoming,6.353992462158203
filler,8,,,,,-1,10,mall,19.90842628479004
filler,8,,,,,-1,11,to,5.4211835861206055
filler,8,,,,,-1,12,be,3.699473381042481
filler,8,,,,,-1,13,opened,4.126378536224365
filler,8,,,,,-1,14,in,0.6906163096427917
filler,8,,,,,-1,15,May.,11.22839379310608
filler,9,,,,,-1,0,The,4.129395484924316
filler,9,,,,,-1,1,protesters,19.473499298095703
filler,9,,,,,-1,2,rallied,9.94983196258545
filler,9,,,,,-1,3,outside,2.234173059463501
filler,9,,,,,-1,4,the,0.3376583456993103
filler,9,,,,,-1,5,state,6.457365036010742
filler,9,,,,,-1,6,capital,4.028706073760986
filler,9,,,,,-1,7,to,5.736031532287598
filler,9,,,,,-1,8,petition,11.032153129577637
filler,9,,,,,-1,9,the,1.637062907218933
filler,9,,,,,-1,10,widely,22.412548065185547
filler,9,,,,,-1,11,controversial,9.035978317260742
filler,9,,,,,-1,12,bill.,5.1905436515808105
filler,10,,,,,-1,0,The,4.129395484924316
filler,10,,,,,-1,1,small,12.118146896362305
filler,10,,,,,-1,2,orange,13.104937553405762
filler,10,,,,,-1,3,kitten,9.520478248596191
filler,10,,,,,-1,4,climbed,11.280224800109863
filler,10,,,,,-1,5,up,1.9533486366271973
filler,10,,,,,-1,6,the,1.6105583906173706
filler,10,,,,,-1,7,curtains,10.517550468444824
filler,10,,,,,-1,8,behind,10.557716369628906
filler,10,,,,,-1,9,the,1.5088987350463867
filler,10,,,,,-1,10,couch,4.143901348114014
filler,10,,,,,-1,11,when,9.486767768859863
filler,10,,,,,-1,12,the,2.665976047515869
filler,10,,,,,-1,13,vacuum,10.873645782470703
filler,10,,,,,-1,14,turned,10.823506355285645
filler,10,,,,,-1,15,on.,0.8988804221153259
filler,11,,,,,-1,0,The,4.129395484924316
filler,11,,,,,-1,1,captain,17.460609436035156
filler,11,,,,,-1,2,made,9.63165283203125
filler,11,,,,,-1,3,sure,6.347274303436279
filler,11,,,,,-1,4,the,2.7825114727020264
filler,11,,,,,-1,5,sailors,10.266706466674805
filler,11,,,,,-1,6,fixed,16.5191593170166
filler,11,,,,,-1,7,the,0.9739363789558412
filler,11,,,,,-1,8,rudder,6.426373958587647
filler,11,,,,,-1,9,before,3.885066032409668
filler,11,,,,,-1,10,setting,3.897905588150024
filler,11,,,,,-1,11,sail.,2.42165607213974
filler,12,,,,,-1,0,The,4.129395484924316
filler,12,,,,,-1,1,student,13.401514053344728
filler,12,,,,,-1,2,felt,14.533045768737791
filler,12,,,,,-1,3,that,1.5592992305755615
filler,12,,,,,-1,4,he,3.034186601638794
filler,12,,,,,-1,5,hadn't,10.375236125895754
filler,12,,,,,-1,6,prepared,8.14349365234375
filler,12,,,,,-1,7,sufficiently,5.53808069229126
filler,12,,,,,-1,8,after,12.216917991638184
filler,12,,,,,-1,9,he,5.134096145629883
filler,12,,,,,-1,10,finished,6.445220470428467
filler,12,,,,,-1,11,the,1.873534917831421
filler,12,,,,,-1,12,midterm.,9.22180199623108
filler,13,,,,,-1,0,The,4.129395484924316
filler,13,,,,,-1,1,boys,14.014812469482422
filler,13,,,,,-1,2,rode,17.831871032714844
filler,13,,,,,-1,3,their,3.274472713470459
filler,13,,,,,-1,4,bikes,0.4113219678401947
filler,13,,,,,-1,5,past,7.569260597229004
filler,13,,,,,-1,6,the,0.582407534122467
filler,13,,,,,-1,7,yellow,11.285868644714355
filler,13,,,,,-1,8,wall,9.766109466552734
filler,13,,,,,-1,9,that,5.185340404510498
filler,13,,,,,-1,10,stood,5.456690311431885
filler,13,,,,,-1,11,in,2.197657585144043
filler,13,,,,,-1,12,front,1.807667016983032
filler,13,,,,,-1,13,of,0.0112297795712947
filler,13,,,,,-1,14,the,0.6387710571289062
filler,13,,,,,-1,15,old,4.606632232666016
filler,13,,,,,-1,16,factory.,9.29658269882202
filler,14,,,,,-1,0,The,4.129395484924316
filler,14,,,,,-1,1,desert,21.12116241455078
filler,14,,,,,-1,2,bandits,15.526443481445312
filler,14,,,,,-1,3,joked,19.32884407043457
filler,14,,,,,-1,4,that,2.630484342575073
filler,14,,,,,-1,5,the,2.4507501125335693
filler,14,,,,,-1,6,oasis,12.40336799621582
filler,14,,,,,-1,7,in,5.795714855194092
filler,14,,,,,-1,8,the,0.9242127537727356
filler,14,,,,,-1,9,horizon,11.79341983795166
filler,14,,,,,-1,10,was,0.7254393100738525
filler,14,,,,,-1,11,all,9.658679008483888
filler,14,,,,,-1,12,but,5.096970081329346
filler,14,,,,,-1,13,a,2.146456241607666
filler,14,,,,,-1,14,wild,14.99308967590332
filler,14,,,,,-1,15,fantasy.,8.219540894031525
filler,15,,,,,-1,0,The,4.129395484924316
filler,15,,,,,-1,1,carpenter,27.138818740844727
filler,15,,,,,-1,2,told,8.88708782196045
filler,15,,,,,-1,3,all,10.912603378295898
filler,15,,,,,-1,4,the,1.4386307001113892
filler,15,,,,,-1,5,disappointed,19.371013641357425
filler,15,,,,,-1,6,applicants,8.570905685424805
filler,15,,,,,-1,7,that,1.063813090324402
filler,15,,,,,-1,8,he,1.9506080150604248
filler,15,,,,,-1,9,was,2.55258846282959
filler,15,,,,,-1,10,not,2.581423759460449
filler,15,,,,,-1,11,taking,7.089947700500488
filler,15,,,,,-1,12,any,1.0386238098144531
filler,15,,,,,-1,13,new,2.969936847686768
filler,15,,,,,-1,14,apprentices.,5.688335657119751
filler,16,,,,,-1,0,The,4.129395484924316
filler,16,,,,,-1,1,California,11.05702018737793
filler,16,,,,,-1,2,judges,17.41400909423828
filler,16,,,,,-1,3,requested,16.320240020751953
filler,16,,,,,-1,4,the,2.261802911758423
filler,16,,,,,-1,5,opinions,12.023751258850098
filler,16,,,,,-1,6,of,1.7758653163909912
filler,16,,,,,-1,7,various,7.234978675842285
filler,16,,,,,-1,8,industry,10.422481536865234
filler,16,,,,,-1,9,leaders.,10.254879474639893
filler,17,,,,,-1,0,The,4.129395484924316
filler,17,,,,,-1,1,dance,19.735475540161133
filler,17,,,,,-1,2,troupe,7.240875244140625
filler,17,,,,,-1,3,forgot,24.89666557312012
filler,17,,,,,-1,4,most,10.13902759552002
filler,17,,,,,-1,5,of,0.1033656969666481
filler,17,,,,,-1,6,the,1.0289102792739868
filler,17,,,,,-1,7,steps,3.3573765754699707
filler,17,,,,,-1,8,when,5.231863498687744
filler,17,,,,,-1,9,they,0.6958996057510376
filler,17,,,,,-1,10,performed,2.8104963302612305
filler,17,,,,,-1,11,for,4.071597099304199
filler,17,,,,,-1,12,the,1.1442404985427856
filler,17,,,,,-1,13,prime,11.351021766662598
filler,17,,,,,-1,14,minister.,2.1511313877999783
filler,18,,,,,-1,0,There,8.812994956970215
filler,18,,,,,-1,1,were,5.200257301330566
filler,18,,,,,-1,2,several,4.880509853363037
filler,18,,,,,-1,3,noblemen,21.75629448890686
filler,18,,,,,-1,4,who,2.4827799797058105
filler,18,,,,,-1,5,kept,10.276422500610352
filler,18,,,,,-1,6,insisting,14.32436466217041
filler,18,,,,,-1,7,that,1.3881559371948242
filler,18,,,,,-1,8,the,1.702724575996399
filler,18,,,,,-1,9,croutons,34.734148025512695
filler,18,,,,,-1,10,were,2.046761512756348
filler,18,,,,,-1,11,too,4.443687915802002
filler,18,,,,,-1,12,soft.,7.297917366027832
filler,19,,,,,-1,0,The,4.129395484924316
filler,19,,,,,-1,1,priest,20.881147384643555
filler,19,,,,,-1,2,checked,19.615966796875
filler,19,,,,,-1,3,twice,11.620634078979492
filler,19,,,,,-1,4,that,4.051473617553711
filler,19,,,,,-1,5,he,2.874418973922729
filler,19,,,,,-1,6,had,1.5284056663513184
filler,19,,,,,-1,7,all,6.893232345581055
filler,19,,,,,-1,8,the,0.6603776216506958
filler,19,,,,,-1,9,supplies,8.906355857849121
filler,19,,,,,-1,10,ready,5.8113789558410645
filler,19,,,,,-1,11,for,3.158118724822998
filler,19,,,,,-1,12,the,0.8277456164360046
filler,19,,,,,-1,13,event,8.602803230285645
filler,19,,,,,-1,14,on,6.342822074890137
filler,19,,,,,-1,15,Sunday.,4.308347105979919
filler,20,,,,,-1,0,The,4.129395484924316
filler,20,,,,,-1,1,jeweler,25.434682846069336
filler,20,,,,,-1,2,showed,12.213980674743652
filler,20,,,,,-1,3,off,2.115672826766968
filler,20,,,,,-1,4,his,2.367103099822998
filler,20,,,,,-1,5,collection,3.5910940170288086
filler,20,,,,,-1,6,of,0.8748908638954163
filler,20,,,,,-1,7,rare,4.405425071716309
filler,20,,,,,-1,8,and,1.858441710472107
filler,20,,,,,-1,9,precious,4.299103736877441
filler,20,,,,,-1,10,stones,1.3503416776657104
filler,20,,,,,-1,11,at,2.178984403610229
filler,20,,,,,-1,12,the,0.7465615272521973
filler,20,,,,,-1,13,convention.,13.268045902252195
filler,21,,,,,-1,0,The,4.129395484924316
filler,21,,,,,-1,1,serious,22.19483757019043
filler,21,,,,,-1,2,man,9.71479320526123
filler,21,,,,,-1,3,shifted,20.960113525390625
filler,21,,,,,-1,4,his,1.0114285945892334
filler,21,,,,,-1,5,glasses,7.538533210754394
filler,21,,,,,-1,6,to,2.656721830368042
filler,21,,,,,-1,7,indicate,9.853116035461426
filler,21,,,,,-1,8,the,1.9545539617538448
filler,21,,,,,-1,9,prisoners,17.258073806762695
filler,21,,,,,-1,10,would,8.592630386352539
filler,21,,,,,-1,11,be,0.9711736440658568
filler,21,,,,,-1,12,set,7.31812047958374
filler,21,,,,,-1,13,free.,1.9298791885375977
filler,22,,,,,-1,0,The,4.129395484924316
filler,22,,,,,-1,1,doctor,15.77177619934082
filler,22,,,,,-1,2,made,8.928187370300293
filler,22,,,,,-1,3,the,2.774636030197144
filler,22,,,,,-1,4,nurse,15.315160751342772
filler,22,,,,,-1,5,administer,11.705185890197754
filler,22,,,,,-1,6,the,1.985076069831848
filler,22,,,,,-1,7,shot,5.038153171539307
filler,22,,,,,-1,8,because,7.52988338470459
filler,22,,,,,-1,9,he,1.9322705268859863
filler,22,,,,,-1,10,didn't,5.000272982870229
filler,22,,,,,-1,11,like,5.160373687744141
filler,22,,,,,-1,12,to,5.245730876922607
filler,22,,,,,-1,13,give,4.955814838409424
filler,22,,,,,-1,14,shots,2.1454710960388184
filler,22,,,,,-1,15,to,2.928047180175781
filler,22,,,,,-1,16,children.,3.2811511158943176
filler,23,,,,,-1,0,The,4.129395484924316
filler,23,,,,,-1,1,football,16.38935089111328
filler,23,,,,,-1,2,player,6.014357089996338
filler,23,,,,,-1,3,performed,13.509931564331056
filler,23,,,,,-1,4,a,2.653073072433472
filler,23,,,,,-1,5,humorous,12.858110427856444
filler,23,,,,,-1,6,victory,11.907585144042969
filler,23,,,,,-1,7,dance,1.3406033515930176
filler,23,,,,,-1,8,at,4.697831153869629
filler,23,,,,,-1,9,the,0.6317129135131836
filler,23,,,,,-1,10,end,0.8210781812667847
filler,23,,,,,-1,11,zone.,21.971885204315186
filler,24,,,,,-1,0,The,4.129395484924316
filler,24,,,,,-1,1,journalists,23.991161346435547
filler,24,,,,,-1,2,were,3.46063494682312
filler,24,,,,,-1,3,riled,16.883681923151016
filler,24,,,,,-1,4,up,2.103468894958496
filler,24,,,,,-1,5,to,6.382248401641846
filler,24,,,,,-1,6,hear,4.356766223907471
filler,24,,,,,-1,7,that,1.9656461477279663
filler,24,,,,,-1,8,the,1.1289409399032593
filler,24,,,,,-1,9,famous,12.721007347106934
filler,24,,,,,-1,10,British,5.973202228546143
filler,24,,,,,-1,11,actor,3.173547744750977
filler,24,,,,,-1,12,threw,20.15471649169922
filler,24,,,,,-1,13,a,1.7340914011001587
filler,24,,,,,-1,14,fit,3.7039365768432617
filler,24,,,,,-1,15,on,4.594165802001953
filler,24,,,,,-1,16,the,1.2508972883224487
filler,24,,,,,-1,17,set.,6.1104501485824585
filler,25,,,,,-1,0,The,4.129395484924316
filler,25,,,,,-1,1,salesman,26.181257247924805
filler,25,,,,,-1,2,made,7.642673492431641
filler,25,,,,,-1,3,sure,6.188899040222168
filler,25,,,,,-1,4,that,2.4641425609588623
filler,25,,,,,-1,5,there,6.516029357910156
filler,25,,,,,-1,6,were,1.9666064977645876
filler,25,,,,,-1,7,people,10.16066074371338
filler,25,,,,,-1,8,all,7.023690223693848
filler,25,,,,,-1,9,around,1.1162444353103638
filler,25,,,,,-1,10,to,3.172835111618042
filler,25,,,,,-1,11,witness,6.759677410125732
filler,25,,,,,-1,12,his,3.4017369747161865
filler,25,,,,,-1,13,biggest,12.994208335876465
filler,25,,,,,-1,14,sale.,5.15829348564148
filler,26,,,,,-1,0,The,4.129395484924316
filler,26,,,,,-1,1,guides,22.176652908325195
filler,26,,,,,-1,2,were,3.1637654304504395
filler,26,,,,,-1,3,in,7.821897506713867
filler,26,,,,,-1,4,the,2.212120532989502
filler,26,,,,,-1,5,process,4.716876029968262
filler,26,,,,,-1,6,of,0.0106876902282238
filler,26,,,,,-1,7,explaining,6.85210657119751
filler,26,,,,,-1,8,the,1.3223429918289185
filler,26,,,,,-1,9,delay,19.57466125488281
filler,26,,,,,-1,10,when,3.905065536499024
filler,26,,,,,-1,11,the,1.931067943572998
filler,26,,,,,-1,12,boat,6.0454816818237305
filler,26,,,,,-1,13,started,4.118257999420166
filler,26,,,,,-1,14,to,1.214192032814026
filler,26,,,,,-1,15,move,2.685741662979126
filler,26,,,,,-1,16,again.,3.813477337360382
filler,27,,,,,-1,0,The,4.129395484924316
filler,27,,,,,-1,1,detective's,28.496196966501884
filler,27,,,,,-1,2,computer,13.51894760131836
filler,27,,,,,-1,3,crashed,4.286203861236572
filler,27,,,,,-1,4,and,2.6980528831481934
filler,27,,,,,-1,5,all,5.623851776123047
filler,27,,,,,-1,6,the,1.8390201330184937
filler,27,,,,,-1,7,important,6.0902910232543945
filler,27,,,,,-1,8,documents,3.93906307220459
filler,27,,,,,-1,9,were,1.068609356880188
filler,27,,,,,-1,10,lost.,1.382454335689545
filler,28,,,,,-1,0,The,4.129395484924316
filler,28,,,,,-1,1,chiefs,20.949302673339844
filler,28,,,,,-1,2,perform,16.143972396850586
filler,28,,,,,-1,3,a,1.8867900371551516
filler,28,,,,,-1,4,ceremony,3.727949619293213
filler,28,,,,,-1,5,for,5.206762313842773
filler,28,,,,,-1,6,each,6.340721130371094
filler,28,,,,,-1,7,family's,12.354382027871909
filler,28,,,,,-1,8,oldest,11.217039108276367
filler,28,,,,,-1,9,child,4.549975872039795
filler,28,,,,,-1,10,every,7.054956912994385
filler,28,,,,,-1,11,time,7.683488845825195
filler,28,,,,,-1,12,there,5.5111494064331055
filler,28,,,,,-1,13,is,0.2668510377407074
filler,28,,,,,-1,14,a,0.1659976541996002
filler,28,,,,,-1,15,full,7.555508613586426
filler,28,,,,,-1,16,moon.,0.9437114372849464
filler,29,,,,,-1,0,The,4.129395484924316
filler,29,,,,,-1,1,saleslady,26.54535961151123
filler,29,,,,,-1,2,found,10.978155136108398
filler,29,,,,,-1,3,herself,7.085464954376221
filler,29,,,,,-1,4,surrounded,8.107673645019531
filler,29,,,,,-1,5,by,0.0741066336631774
filler,29,,,,,-1,6,angry,9.389479637145996
filler,29,,,,,-1,7,shoppers,4.4905524253845215
filler,29,,,,,-1,8,who,2.863381862640381
filler,29,,,,,-1,9,wanted,3.907390832901001
filler,29,,,,,-1,10,their,3.063605308532715
filler,29,,,,,-1,11,money,0.4546726047992706
filler,29,,,,,-1,12,back.,1.396383598446846
filler,30,,,,,-1,0,The,4.129395484924316
filler,30,,,,,-1,1,scientist,22.75162506103516
filler,30,,,,,-1,2,forgot,18.75615692138672
filler,30,,,,,-1,3,to,0.731410562992096
filler,30,,,,,-1,4,make,7.191765308380127
filler,30,,,,,-1,5,sure,4.45637845993042
filler,30,,,,,-1,6,that,1.8176310062408447
filler,30,,,,,-1,7,the,1.005517840385437
filler,30,,,,,-1,8,temperature,6.021483898162842
filler,30,,,,,-1,9,was,1.8843244314193728
filler,30,,,,,-1,10,set,4.705860614776611
filler,30,,,,,-1,11,to,1.3660567998886108
filler,30,,,,,-1,12,zero,4.420168876647949
filler,30,,,,,-1,13,degrees.,6.404779672622681
filler,31,,,,,-1,0,The,4.129395484924316
filler,31,,,,,-1,1,candy,22.930517196655277
filler,31,,,,,-1,2,shop,4.516979694366455
filler,31,,,,,-1,3,was,3.4024579524993896
filler,31,,,,,-1,4,small,8.028682708740234
filler,31,,,,,-1,5,but,2.0849058628082275
filler,31,,,,,-1,6,tidy,9.823335647583008
filler,31,,,,,-1,7,and,1.5562806129455566
filler,31,,,,,-1,8,smelled,7.455372333526611
filler,31,,,,,-1,9,deliciously,8.377128601074219
filler,31,,,,,-1,10,of,1.7473711967468262
filler,31,,,,,-1,11,chocolate.,2.7495704889297485
filler,32,,,,,-1,0,The,4.129395484924316
filler,32,,,,,-1,1,virus,16.85062599182129
filler,32,,,,,-1,2,caused,8.875003814697266
filler,32,,,,,-1,3,an,4.271033763885498
filler,32,,,,,-1,4,unusual,7.842945575714111
filler,32,,,,,-1,5,amount,4.259814739227295
filler,32,,,,,-1,6,of,0.0034369013737887
filler,32,,,,,-1,7,workers,17.299388885498047
filler,32,,,,,-1,8,at,6.791849613189697
filler,32,,,,,-1,9,the,0.6760624051094055
filler,32,,,,,-1,10,city,8.400128364562988
filler,32,,,,,-1,11,hall,5.808244705200195
filler,32,,,,,-1,12,to,1.500338077545166
filler,32,,,,,-1,13,call,5.5573577880859375
filler,32,,,,,-1,14,in,0.648338794708252
filler,32,,,,,-1,15,sick.,1.9441661909222605
filler,33,,,,,-1,0,The,4.129395484924316
filler,33,,,,,-1,1,furious,26.594873428344727
filler,33,,,,,-1,2,man,6.854774475097656
filler,33,,,,,-1,3,standing,10.79587745666504
filler,33,,,,,-1,4,at,3.3676486015319824
filler,33,,,,,-1,5,the,0.1441407203674316
filler,33,,,,,-1,6,mayor's,16.214864518493414
filler,33,,,,,-1,7,door,2.036937713623047
filler,33,,,,,-1,8,was,2.6812398433685303
filler,33,,,,,-1,9,angry,4.823750019073486
filler,33,,,,,-1,10,about,3.8379950523376474
filler,33,,,,,-1,11,the,1.294195532798767
filler,33,,,,,-1,12,high,8.914353370666504
filler,33,,,,,-1,13,cost,2.1936235427856445
filler,33,,,,,-1,14,of,0.0280428025871515
filler,33,,,,,-1,15,electricity.,5.382179021835327
filler,34,,,,,-1,0,The,4.129395484924316
filler,34,,,,,-1,1,bartender,25.34994506835937
filler,34,,,,,-1,2,tried,9.89767074584961
filler,34,,,,,-1,3,several,8.402724266052246
filler,34,,,,,-1,4,times,0.8210176825523376
filler,34,,,,,-1,5,to,0.1640549451112747
filler,34,,,,,-1,6,get,2.547255754470825
filler,34,,,,,-1,7,the,3.243782758712769
filler,34,,,,,-1,8,woman,8.551584243774414
filler,34,,,,,-1,9,to,0.6458677649497986
filler,34,,,,,-1,10,order,3.897429466247559
filler,34,,,,,-1,11,from,7.087121486663818
filler,34,,,,,-1,12,the,0.435892105102539
filler,34,,,,,-1,13,secret,14.758562088012695
filler,34,,,,,-1,14,menu.,1.9847926422953608
filler,35,,,,,-1,0,The,4.129395484924316
filler,35,,,,,-1,1,seamstress,31.11468243598938
filler,35,,,,,-1,2,fretted,19.153396606445312
filler,35,,,,,-1,3,over,2.5142736434936523
filler,35,,,,,-1,4,whether,6.4959716796875
filler,35,,,,,-1,5,the,3.3861236572265625
filler,35,,,,,-1,6,dress,2.2629284858703613
filler,35,,,,,-1,7,would,1.441401720046997
filler,35,,,,,-1,8,be,2.4049887657165527
filler,35,,,,,-1,9,finished,7.406048774719238
filler,35,,,,,-1,10,in,0.847015917301178
filler,35,,,,,-1,11,time.,2.3998127933591604
