item_category,item,ambiguity,length,resolution,finality,critical_word_index,word_index,word,surprisal
critical,1,ambiguous,long,,final,8,0,As,14.926304817199709
critical,1,ambiguous,long,,final,8,1,the,3.2082221508026123
critical,1,ambiguous,long,,final,8,2,professor,13.420832633972168
critical,1,ambiguous,long,,final,8,3,wrote,6.929035186767578
critical,1,ambiguous,long,,final,8,4,the,7.682588577270508
critical,1,ambiguous,long,,final,8,5,textbook,10.015300750732422
critical,1,ambiguous,long,,final,8,6,on,3.6902358531951904
critical,1,ambiguous,long,,final,8,7,biology,7.76518440246582
critical,1,ambiguous,long,,final,8,8,grew.,23.50540018081665
critical,1,ambiguous,short,,final,6,0,As,14.926304817199709
critical,1,ambiguous,short,,final,6,1,the,3.2082221508026123
critical,1,ambiguous,short,,final,6,2,professor,13.420832633972168
critical,1,ambiguous,short,,final,6,3,wrote,6.929035186767578
critical,1,ambiguous,short,,final,6,4,the,7.682588577270508
critical,1,ambiguous,short,,final,6,5,textbook,10.015300750732422
critical,1,ambiguous,short,,final,6,6,grew.,20.8644061088562
critical,1,unambiguous,long,comma,final,8,0,As,14.926304817199709
critical,1,unambiguous,long,comma,final,8,1,the,3.2082221508026123
critical,1,unambiguous,long,comma,final,8,2,professor,13.420832633972168
critical,1,unambiguous,long,comma,final,8,3,"wrote,",8.697534084320068
critical,1,unambiguous,long,comma,final,8,4,the,3.6669068336486816
critical,1,unambiguous,long,comma,final,8,5,textbook,10.740567207336426
critical,1,unambiguous,long,comma,final,8,6,on,6.806418418884277
critical,1,unambiguous,long,comma,final,8,7,biology,7.785315990447998
critical,1,unambiguous,long,comma,final,8,8,grew.,21.013527870178223
critical,1,unambiguous,short,comma,final,6,0,As,14.926304817199709
critical,1,unambiguous,short,comma,final,6,1,the,3.2082221508026123
critical,1,unambiguous,short,comma,final,6,2,professor,13.420832633972168
critical,1,unambiguous,short,comma,final,6,3,"wrote,",8.697534084320068
critical,1,unambiguous,short,comma,final,6,4,the,3.6669068336486816
critical,1,unambiguous,short,comma,final,6,5,textbook,10.740567207336426
critical,1,unambiguous,short,comma,final,6,6,grew.,21.094725608825684
critical,1,unambiguous,long,object,final,11,0,As,14.926304817199709
critical,1,unambiguous,long,object,final,11,1,the,3.2082221508026123
critical,1,unambiguous,long,object,final,11,2,professor,13.420832633972168
critical,1,unambiguous,long,object,final,11,3,wrote,6.929035186767578
critical,1,unambiguous,long,object,final,11,4,the,7.682588577270508
critical,1,unambiguous,long,object,final,11,5,new,8.632658958435059
critical,1,unambiguous,long,object,final,11,6,chapter,6.694401264190674
critical,1,unambiguous,long,object,final,11,7,the,11.390710830688477
critical,1,unambiguous,long,object,final,11,8,textbook,10.39443302154541
critical,1,unambiguous,long,object,final,11,9,on,7.332756996154785
critical,1,unambiguous,long,object,final,11,10,biology,7.387405872344971
critical,1,unambiguous,long,object,final,11,11,grew.,17.471004962921143
critical,1,unambiguous,short,object,final,9,0,As,14.926304817199709
critical,1,unambiguous,short,object,final,9,1,the,3.2082221508026123
critical,1,unambiguous,short,object,final,9,2,professor,13.420832633972168
critical,1,unambiguous,short,object,final,9,3,wrote,6.929035186767578
critical,1,unambiguous,short,object,final,9,4,the,7.682588577270508
critical,1,unambiguous,short,object,final,9,5,new,8.632658958435059
critical,1,unambiguous,short,object,final,9,6,chapter,6.694401264190674
critical,1,unambiguous,short,object,final,9,7,the,11.390710830688477
critical,1,unambiguous,short,object,final,9,8,textbook,10.39443302154541
critical,1,unambiguous,short,object,final,9,9,grew.,17.830501079559326
critical,1,ambiguous,long,,nonfinal,8,0,As,14.926304817199709
critical,1,ambiguous,long,,nonfinal,8,1,the,3.2082221508026123
critical,1,ambiguous,long,,nonfinal,8,2,professor,13.420832633972168
critical,1,ambiguous,long,,nonfinal,8,3,wrote,6.929035186767578
critical,1,ambiguous,long,,nonfinal,8,4,the,7.682588577270508
critical,1,ambiguous,long,,nonfinal,8,5,textbook,10.015300750732422
critical,1,ambiguous,long,,nonfinal,8,6,on,3.6902358531951904
critical,1,ambiguous,long,,nonfinal,8,7,biology,7.76518440246582
critical,1,ambiguous,long,,nonfinal,8,8,grew,18.91351318359375
critical,1,ambiguous,long,,nonfinal,8,9,much,9.0048246383667
critical,1,ambiguous,long,,nonfinal,8,10,longer,5.857811450958252
critical,1,ambiguous,long,,nonfinal,8,11,than,2.6829843521118164
critical,1,ambiguous,long,,nonfinal,8,12,expected.,6.740338444709778
critical,1,ambiguous,short,,nonfinal,6,0,As,14.926304817199709
critical,1,ambiguous,short,,nonfinal,6,1,the,3.2082221508026123
critical,1,ambiguous,short,,nonfinal,6,2,professor,13.420832633972168
critical,1,ambiguous,short,,nonfinal,6,3,wrote,6.929035186767578
critical,1,ambiguous,short,,nonfinal,6,4,the,7.682588577270508
critical,1,ambiguous,short,,nonfinal,6,5,textbook,10.015300750732422
critical,1,ambiguous,short,,nonfinal,6,6,grew,16.467979431152344
critical,1,ambiguous,short,,nonfinal,6,7,much,9.519880294799805
critical,1,ambiguous,short,,nonfinal,6,8,longer,5.606854438781738
critical,1,ambiguous,short,,nonfinal,6,9,than,3.004682779312134
critical,1,ambiguous,short,,nonfinal,6,10,expected.,5.861058712005615
critical,1,unambiguous,long,comma,nonfinal,8,0,As,14.926304817199709
critical,1,unambiguous,long,comma,nonfinal,8,1,the,3.2082221508026123
critical,1,unambiguous,long,comma,nonfinal,8,2,professor,13.420832633972168
critical,1,unambiguous,long,comma,nonfinal,8,3,"wrote,",8.697534084320068
critical,1,unambiguous,long,comma,nonfinal,8,4,the,3.6669068336486816
critical,1,unambiguous,long,comma,nonfinal,8,5,textbook,10.740567207336426
critical,1,unambiguous,long,comma,nonfinal,8,6,on,6.806418418884277
critical,1,unambiguous,long,comma,nonfinal,8,7,biology,7.785315990447998
critical,1,unambiguous,long,comma,nonfinal,8,8,grew,12.597407341003418
critical,1,unambiguous,long,comma,nonfinal,8,9,much,8.507246971130371
critical,1,unambiguous,long,comma,nonfinal,8,10,longer,5.890655994415283
critical,1,unambiguous,long,comma,nonfinal,8,11,than,1.780089259147644
critical,1,unambiguous,long,comma,nonfinal,8,12,expected.,6.716315865516663
critical,1,unambiguous,short,comma,nonfinal,6,0,As,14.926304817199709
critical,1,unambiguous,short,comma,nonfinal,6,1,the,3.2082221508026123
critical,1,unambiguous,short,comma,nonfinal,6,2,professor,13.420832633972168
critical,1,unambiguous,short,comma,nonfinal,6,3,"wrote,",8.697534084320068
critical,1,unambiguous,short,comma,nonfinal,6,4,the,3.6669068336486816
critical,1,unambiguous,short,comma,nonfinal,6,5,textbook,10.740567207336426
critical,1,unambiguous,short,comma,nonfinal,6,6,grew,12.356740951538086
critical,1,unambiguous,short,comma,nonfinal,6,7,much,9.267416000366213
critical,1,unambiguous,short,comma,nonfinal,6,8,longer,6.061670303344727
critical,1,unambiguous,short,comma,nonfinal,6,9,than,1.7064971923828125
critical,1,unambiguous,short,comma,nonfinal,6,10,expected.,5.515024065971375
critical,1,unambiguous,long,object,nonfinal,11,0,As,14.926304817199709
critical,1,unambiguous,long,object,nonfinal,11,1,the,3.2082221508026123
critical,1,unambiguous,long,object,nonfinal,11,2,professor,13.420832633972168
critical,1,unambiguous,long,object,nonfinal,11,3,wrote,6.929035186767578
critical,1,unambiguous,long,object,nonfinal,11,4,the,7.682588577270508
critical,1,unambiguous,long,object,nonfinal,11,5,new,8.632658958435059
critical,1,unambiguous,long,object,nonfinal,11,6,chapter,6.694401264190674
critical,1,unambiguous,long,object,nonfinal,11,7,the,11.390710830688477
critical,1,unambiguous,long,object,nonfinal,11,8,textbook,10.39443302154541
critical,1,unambiguous,long,object,nonfinal,11,9,on,7.332756996154785
critical,1,unambiguous,long,object,nonfinal,11,10,biology,7.387405872344971
critical,1,unambiguous,long,object,nonfinal,11,11,grew,12.200895309448242
critical,1,unambiguous,long,object,nonfinal,11,12,much,8.127443313598633
critical,1,unambiguous,long,object,nonfinal,11,13,longer,5.456159114837647
critical,1,unambiguous,long,object,nonfinal,11,14,than,2.423673152923584
critical,1,unambiguous,long,object,nonfinal,11,15,expected.,4.402711689472199
critical,1,unambiguous,short,object,nonfinal,9,0,As,14.926304817199709
critical,1,unambiguous,short,object,nonfinal,9,1,the,3.2082221508026123
critical,1,unambiguous,short,object,nonfinal,9,2,professor,13.420832633972168
critical,1,unambiguous,short,object,nonfinal,9,3,wrote,6.929035186767578
critical,1,unambiguous,short,object,nonfinal,9,4,the,7.682588577270508
critical,1,unambiguous,short,object,nonfinal,9,5,new,8.632658958435059
critical,1,unambiguous,short,object,nonfinal,9,6,chapter,6.694401264190674
critical,1,unambiguous,short,object,nonfinal,9,7,the,11.390710830688477
critical,1,unambiguous,short,object,nonfinal,9,8,textbook,10.39443302154541
critical,1,unambiguous,short,object,nonfinal,9,9,grew,11.76300811767578
critical,1,unambiguous,short,object,nonfinal,9,10,much,8.489217758178711
critical,1,unambiguous,short,object,nonfinal,9,11,longer,5.587680339813232
critical,1,unambiguous,short,object,nonfinal,9,12,than,2.5960850715637207
critical,1,unambiguous,short,object,nonfinal,9,13,expected.,4.174682021141052
critical,2,ambiguous,long,,final,8,0,While,16.156902313232422
critical,2,ambiguous,long,,final,8,1,the,2.841593742370605
critical,2,ambiguous,long,,final,8,2,mom,16.223011016845703
critical,2,ambiguous,long,,final,8,3,dressed,14.082643508911133
critical,2,ambiguous,long,,final,8,4,the,6.584827423095703
critical,2,ambiguous,long,,final,8,5,baby,4.148936748504639
critical,2,ambiguous,long,,final,8,6,fidgeting,18.690028309822083
critical,2,ambiguous,long,,final,8,7,restlessly,16.521291583776474
critical,2,ambiguous,long,,final,8,8,cried.,22.72474670410156
critical,2,ambiguous,short,,final,6,0,While,16.156902313232422
critical,2,ambiguous,short,,final,6,1,the,2.841593742370605
critical,2,ambiguous,short,,final,6,2,mom,16.223011016845703
critical,2,ambiguous,short,,final,6,3,dressed,14.082643508911133
critical,2,ambiguous,short,,final,6,4,the,6.584827423095703
critical,2,ambiguous,short,,final,6,5,baby,4.148936748504639
critical,2,ambiguous,short,,final,6,6,cried.,19.789584159851078
critical,2,unambiguous,long,comma,final,8,0,While,16.156902313232422
critical,2,unambiguous,long,comma,final,8,1,the,2.841593742370605
critical,2,unambiguous,long,comma,final,8,2,mom,16.223011016845703
critical,2,unambiguous,long,comma,final,8,3,"dressed,",21.84940195083618
critical,2,unambiguous,long,comma,final,8,4,the,3.157381296157837
critical,2,unambiguous,long,comma,final,8,5,baby,5.211575031280518
critical,2,unambiguous,long,comma,final,8,6,fidgeting,19.515204429626465
critical,2,unambiguous,long,comma,final,8,7,restlessly,16.522953271865845
critical,2,unambiguous,long,comma,final,8,8,cried.,12.72174060344696
critical,2,unambiguous,short,comma,final,6,0,While,16.156902313232422
critical,2,unambiguous,short,comma,final,6,1,the,2.841593742370605
critical,2,unambiguous,short,comma,final,6,2,mom,16.223011016845703
critical,2,unambiguous,short,comma,final,6,3,"dressed,",21.84940195083618
critical,2,unambiguous,short,comma,final,6,4,the,3.157381296157837
critical,2,unambiguous,short,comma,final,6,5,baby,5.211575031280518
critical,2,unambiguous,short,comma,final,6,6,cried.,8.782683491706848
critical,2,unambiguous,long,object,final,9,0,While,16.156902313232422
critical,2,unambiguous,long,object,final,9,1,the,2.841593742370605
critical,2,unambiguous,long,object,final,9,2,mom,16.223011016845703
critical,2,unambiguous,long,object,final,9,3,dressed,14.082643508911133
critical,2,unambiguous,long,object,final,9,4,herself,6.515671253204346
critical,2,unambiguous,long,object,final,9,5,the,9.563919067382812
critical,2,unambiguous,long,object,final,9,6,baby,8.811906814575195
critical,2,unambiguous,long,object,final,9,7,fidgeting,18.672967791557312
critical,2,unambiguous,long,object,final,9,8,restlessly,16.33164757490158
critical,2,unambiguous,long,object,final,9,9,cried.,19.501577377319336
critical,2,unambiguous,short,object,final,7,0,While,16.156902313232422
critical,2,unambiguous,short,object,final,7,1,the,2.841593742370605
critical,2,unambiguous,short,object,final,7,2,mom,16.223011016845703
critical,2,unambiguous,short,object,final,7,3,dressed,14.082643508911133
critical,2,unambiguous,short,object,final,7,4,herself,6.515671253204346
critical,2,unambiguous,short,object,final,7,5,the,9.563919067382812
critical,2,unambiguous,short,object,final,7,6,baby,8.811906814575195
critical,2,unambiguous,short,object,final,7,7,cried.,12.612024545669556
critical,2,ambiguous,long,,nonfinal,8,0,While,16.156902313232422
critical,2,ambiguous,long,,nonfinal,8,1,the,2.841593742370605
critical,2,ambiguous,long,,nonfinal,8,2,mom,16.223011016845703
critical,2,ambiguous,long,,nonfinal,8,3,dressed,14.082643508911133
critical,2,ambiguous,long,,nonfinal,8,4,the,6.584827423095703
critical,2,ambiguous,long,,nonfinal,8,5,baby,4.148936748504639
critical,2,ambiguous,long,,nonfinal,8,6,fidgeting,18.690028309822083
critical,2,ambiguous,long,,nonfinal,8,7,restlessly,16.521291583776474
critical,2,ambiguous,long,,nonfinal,8,8,cried,17.696975708007812
critical,2,ambiguous,long,,nonfinal,8,9,loudly,8.362032890319824
critical,2,ambiguous,long,,nonfinal,8,10,in,3.849923849105835
critical,2,ambiguous,long,,nonfinal,8,11,her,2.1630959510803223
critical,2,ambiguous,long,,nonfinal,8,12,crib.,9.77723264694214
critical,2,ambiguous,short,,nonfinal,6,0,While,16.156902313232422
critical,2,ambiguous,short,,nonfinal,6,1,the,2.841593742370605
critical,2,ambiguous,short,,nonfinal,6,2,mom,16.223011016845703
critical,2,ambiguous,short,,nonfinal,6,3,dressed,14.082643508911133
critical,2,ambiguous,short,,nonfinal,6,4,the,6.584827423095703
critical,2,ambiguous,short,,nonfinal,6,5,baby,4.148936748504639
critical,2,ambiguous,short,,nonfinal,6,6,cried,16.08485221862793
critical,2,ambiguous,short,,nonfinal,6,7,loudly,8.444705963134766
critical,2,ambiguous,short,,nonfinal,6,8,in,3.990250587463379
critical,2,ambiguous,short,,nonfinal,6,9,her,2.4986629486083984
critical,2,ambiguous,short,,nonfinal,6,10,crib.,8.111505270004272
critical,2,unambiguous,long,comma,nonfinal,8,0,While,16.156902313232422
critical,2,unambiguous,long,comma,nonfinal,8,1,the,2.841593742370605
critical,2,unambiguous,long,comma,nonfinal,8,2,mom,16.223011016845703
critical,2,unambiguous,long,comma,nonfinal,8,3,"dressed,",21.84940195083618
critical,2,unambiguous,long,comma,nonfinal,8,4,the,3.157381296157837
critical,2,unambiguous,long,comma,nonfinal,8,5,baby,5.211575031280518
critical,2,unambiguous,long,comma,nonfinal,8,6,fidgeting,19.515204429626465
critical,2,unambiguous,long,comma,nonfinal,8,7,restlessly,16.522953271865845
critical,2,unambiguous,long,comma,nonfinal,8,8,cried,11.080018997192385
critical,2,unambiguous,long,comma,nonfinal,8,9,loudly,8.48803997039795
critical,2,unambiguous,long,comma,nonfinal,8,10,in,3.850374937057495
critical,2,unambiguous,long,comma,nonfinal,8,11,her,1.9917627573013303
critical,2,unambiguous,long,comma,nonfinal,8,12,crib.,4.967937648296356
critical,2,unambiguous,short,comma,nonfinal,6,0,While,16.156902313232422
critical,2,unambiguous,short,comma,nonfinal,6,1,the,2.841593742370605
critical,2,unambiguous,short,comma,nonfinal,6,2,mom,16.223011016845703
critical,2,unambiguous,short,comma,nonfinal,6,3,"dressed,",21.84940195083618
critical,2,unambiguous,short,comma,nonfinal,6,4,the,3.157381296157837
critical,2,unambiguous,short,comma,nonfinal,6,5,baby,5.211575031280518
critical,2,unambiguous,short,comma,nonfinal,6,6,cried,7.322322368621826
critical,2,unambiguous,short,comma,nonfinal,6,7,loudly,7.448879241943359
critical,2,unambiguous,short,comma,nonfinal,6,8,in,4.646591663360596
critical,2,unambiguous,short,comma,nonfinal,6,9,her,2.3109405040740967
critical,2,unambiguous,short,comma,nonfinal,6,10,crib.,4.367038428783417
critical,2,unambiguous,long,object,nonfinal,9,0,While,16.156902313232422
critical,2,unambiguous,long,object,nonfinal,9,1,the,2.841593742370605
critical,2,unambiguous,long,object,nonfinal,9,2,mom,16.223011016845703
critical,2,unambiguous,long,object,nonfinal,9,3,dressed,14.082643508911133
critical,2,unambiguous,long,object,nonfinal,9,4,herself,6.515671253204346
critical,2,unambiguous,long,object,nonfinal,9,5,the,9.563919067382812
critical,2,unambiguous,long,object,nonfinal,9,6,baby,8.811906814575195
critical,2,unambiguous,long,object,nonfinal,9,7,fidgeting,18.672967791557312
critical,2,unambiguous,long,object,nonfinal,9,8,restlessly,16.33164757490158
critical,2,unambiguous,long,object,nonfinal,9,9,cried,16.36147689819336
critical,2,unambiguous,long,object,nonfinal,9,10,loudly,7.855441093444824
critical,2,unambiguous,long,object,nonfinal,9,11,in,3.748187065124512
critical,2,unambiguous,long,object,nonfinal,9,12,her,2.203232526779175
critical,2,unambiguous,long,object,nonfinal,9,13,crib.,7.082107901573181
critical,2,unambiguous,short,object,nonfinal,7,0,While,16.156902313232422
critical,2,unambiguous,short,object,nonfinal,7,1,the,2.841593742370605
critical,2,unambiguous,short,object,nonfinal,7,2,mom,16.223011016845703
critical,2,unambiguous,short,object,nonfinal,7,3,dressed,14.082643508911133
critical,2,unambiguous,short,object,nonfinal,7,4,herself,6.515671253204346
critical,2,unambiguous,short,object,nonfinal,7,5,the,9.563919067382812
critical,2,unambiguous,short,object,nonfinal,7,6,baby,8.811906814575195
critical,2,unambiguous,short,object,nonfinal,7,7,cried,9.700834274291992
critical,2,unambiguous,short,object,nonfinal,7,8,loudly,7.280077934265137
critical,2,unambiguous,short,object,nonfinal,7,9,in,4.043964385986328
critical,2,unambiguous,short,object,nonfinal,7,10,her,2.369354009628296
critical,2,unambiguous,short,object,nonfinal,7,11,crib.,6.328466057777405
critical,3,ambiguous,long,,final,10,0,When,14.687758445739746
critical,3,ambiguous,long,,final,10,1,the,3.6227636337280273
critical,3,ambiguous,long,,final,10,2,stern,17.124948501586914
critical,3,ambiguous,long,,final,10,3,boss,11.408156394958496
critical,3,ambiguous,long,,final,10,4,entered,10.489312171936035
critical,3,ambiguous,long,,final,10,5,the,0.9130985140800476
critical,3,ambiguous,long,,final,10,6,office,4.330979824066162
critical,3,ambiguous,long,,final,10,7,bustling,17.35906410217285
critical,3,ambiguous,long,,final,10,8,with,0.1305747330188751
critical,3,ambiguous,long,,final,10,9,activity,6.688039302825928
critical,3,ambiguous,long,,final,10,10,quieted.,28.118475198745728
critical,3,ambiguous,short,,final,7,0,When,14.687758445739746
critical,3,ambiguous,short,,final,7,1,the,3.6227636337280273
critical,3,ambiguous,short,,final,7,2,stern,17.124948501586914
critical,3,ambiguous,short,,final,7,3,boss,11.408156394958496
critical,3,ambiguous,short,,final,7,4,entered,10.489312171936035
critical,3,ambiguous,short,,final,7,5,the,0.9130985140800476
critical,3,ambiguous,short,,final,7,6,office,4.330979824066162
critical,3,ambiguous,short,,final,7,7,quieted.,24.678194761276245
critical,3,unambiguous,long,comma,final,10,0,When,14.687758445739746
critical,3,unambiguous,long,comma,final,10,1,the,3.6227636337280273
critical,3,unambiguous,long,comma,final,10,2,stern,17.124948501586914
critical,3,unambiguous,long,comma,final,10,3,boss,11.408156394958496
critical,3,unambiguous,long,comma,final,10,4,"entered,",14.099087715148926
critical,3,unambiguous,long,comma,final,10,5,the,3.1983158588409424
critical,3,unambiguous,long,comma,final,10,6,office,11.96567726135254
critical,3,unambiguous,long,comma,final,10,7,bustling,14.435018539428713
critical,3,unambiguous,long,comma,final,10,8,with,0.2150085866451263
critical,3,unambiguous,long,comma,final,10,9,activity,5.573228359222412
critical,3,unambiguous,long,comma,final,10,10,quieted.,18.18469089269638
critical,3,unambiguous,short,comma,final,7,0,When,14.687758445739746
critical,3,unambiguous,short,comma,final,7,1,the,3.6227636337280273
critical,3,unambiguous,short,comma,final,7,2,stern,17.124948501586914
critical,3,unambiguous,short,comma,final,7,3,boss,11.408156394958496
critical,3,unambiguous,short,comma,final,7,4,"entered,",14.099087715148926
critical,3,unambiguous,short,comma,final,7,5,the,3.1983158588409424
critical,3,unambiguous,short,comma,final,7,6,office,11.96567726135254
critical,3,unambiguous,short,comma,final,7,7,quieted.,14.22399453818798
critical,3,unambiguous,long,object,final,12,0,When,14.687758445739746
critical,3,unambiguous,long,object,final,12,1,the,3.6227636337280273
critical,3,unambiguous,long,object,final,12,2,stern,17.124948501586914
critical,3,unambiguous,long,object,final,12,3,boss,11.408156394958496
critical,3,unambiguous,long,object,final,12,4,entered,10.489312171936035
critical,3,unambiguous,long,object,final,12,5,the,0.9130985140800476
critical,3,unambiguous,long,object,final,12,6,room,1.67008638381958
critical,3,unambiguous,long,object,final,12,7,the,6.174501895904541
critical,3,unambiguous,long,object,final,12,8,office,11.584927558898926
critical,3,unambiguous,long,object,final,12,9,bustling,15.708779335021973
critical,3,unambiguous,long,object,final,12,10,with,0.1847506463527679
critical,3,unambiguous,long,object,final,12,11,activity,5.625687122344971
critical,3,unambiguous,long,object,final,12,12,quieted.,20.118414402008057
critical,3,unambiguous,short,object,final,9,0,When,14.687758445739746
critical,3,unambiguous,short,object,final,9,1,the,3.6227636337280273
critical,3,unambiguous,short,object,final,9,2,stern,17.124948501586914
critical,3,unambiguous,short,object,final,9,3,boss,11.408156394958496
critical,3,unambiguous,short,object,final,9,4,entered,10.489312171936035
critical,3,unambiguous,short,object,final,9,5,the,0.9130985140800476
critical,3,unambiguous,short,object,final,9,6,room,1.67008638381958
critical,3,unambiguous,short,object,final,9,7,the,6.174501895904541
critical,3,unambiguous,short,object,final,9,8,office,11.584927558898926
critical,3,unambiguous,short,object,final,9,9,quieted.,15.963578164577484
critical,3,ambiguous,long,,nonfinal,10,0,When,14.687758445739746
critical,3,ambiguous,long,,nonfinal,10,1,the,3.6227636337280273
critical,3,ambiguous,long,,nonfinal,10,2,stern,17.124948501586914
critical,3,ambiguous,long,,nonfinal,10,3,boss,11.408156394958496
critical,3,ambiguous,long,,nonfinal,10,4,entered,10.489312171936035
critical,3,ambiguous,long,,nonfinal,10,5,the,0.9130985140800476
critical,3,ambiguous,long,,nonfinal,10,6,office,4.330979824066162
critical,3,ambiguous,long,,nonfinal,10,7,bustling,17.35906410217285
critical,3,ambiguous,long,,nonfinal,10,8,with,0.1305747330188751
critical,3,ambiguous,long,,nonfinal,10,9,activity,6.688039302825928
critical,3,ambiguous,long,,nonfinal,10,10,quieted,21.34140133857727
critical,3,ambiguous,long,,nonfinal,10,11,down,0.9228066205978394
critical,3,ambiguous,long,,nonfinal,10,12,quickly.,11.402520895004272
critical,3,ambiguous,short,,nonfinal,7,0,When,14.687758445739746
critical,3,ambiguous,short,,nonfinal,7,1,the,3.6227636337280273
critical,3,ambiguous,short,,nonfinal,7,2,stern,17.124948501586914
critical,3,ambiguous,short,,nonfinal,7,3,boss,11.408156394958496
critical,3,ambiguous,short,,nonfinal,7,4,entered,10.489312171936035
critical,3,ambiguous,short,,nonfinal,7,5,the,0.9130985140800476
critical,3,ambiguous,short,,nonfinal,7,6,office,4.330979824066162
critical,3,ambiguous,short,,nonfinal,7,7,quieted,20.2590606212616
critical,3,ambiguous,short,,nonfinal,7,8,down,2.19864821434021
critical,3,ambiguous,short,,nonfinal,7,9,quickly.,10.366090059280396
critical,3,unambiguous,long,comma,nonfinal,10,0,When,14.687758445739746
critical,3,unambiguous,long,comma,nonfinal,10,1,the,3.6227636337280273
critical,3,unambiguous,long,comma,nonfinal,10,2,stern,17.124948501586914
critical,3,unambiguous,long,comma,nonfinal,10,3,boss,11.408156394958496
critical,3,unambiguous,long,comma,nonfinal,10,4,"entered,",14.099087715148926
critical,3,unambiguous,long,comma,nonfinal,10,5,the,3.1983158588409424
critical,3,unambiguous,long,comma,nonfinal,10,6,office,11.96567726135254
critical,3,unambiguous,long,comma,nonfinal,10,7,bustling,14.435018539428713
critical,3,unambiguous,long,comma,nonfinal,10,8,with,0.2150085866451263
critical,3,unambiguous,long,comma,nonfinal,10,9,activity,5.573228359222412
critical,3,unambiguous,long,comma,nonfinal,10,10,quieted,15.566206872463226
critical,3,unambiguous,long,comma,nonfinal,10,11,down,1.2909430265426636
critical,3,unambiguous,long,comma,nonfinal,10,12,quickly.,8.408592224121094
critical,3,unambiguous,short,comma,nonfinal,7,0,When,14.687758445739746
critical,3,unambiguous,short,comma,nonfinal,7,1,the,3.6227636337280273
critical,3,unambiguous,short,comma,nonfinal,7,2,stern,17.124948501586914
critical,3,unambiguous,short,comma,nonfinal,7,3,boss,11.408156394958496
critical,3,unambiguous,short,comma,nonfinal,7,4,"entered,",14.099087715148926
critical,3,unambiguous,short,comma,nonfinal,7,5,the,3.1983158588409424
critical,3,unambiguous,short,comma,nonfinal,7,6,office,11.96567726135254
critical,3,unambiguous,short,comma,nonfinal,7,7,quieted,11.4540226906538
critical,3,unambiguous,short,comma,nonfinal,7,8,down,1.8904112577438357
critical,3,unambiguous,short,comma,nonfinal,7,9,quickly.,9.026618242263794
critical,3,unambiguous,long,object,nonfinal,12,0,When,14.687758445739746
critical,3,unambiguous,long,object,nonfinal,12,1,the,3.6227636337280273
critical,3,unambiguous,long,object,nonfinal,12,2,stern,17.124948501586914
critical,3,unambiguous,long,object,nonfinal,12,3,boss,11.408156394958496
critical,3,unambiguous,long,object,nonfinal,12,4,entered,10.489312171936035
critical,3,unambiguous,long,object,nonfinal,12,5,the,0.9130985140800476
critical,3,unambiguous,long,object,nonfinal,12,6,room,1.67008638381958
critical,3,unambiguous,long,object,nonfinal,12,7,the,6.174501895904541
critical,3,unambiguous,long,object,nonfinal,12,8,office,11.584927558898926
critical,3,unambiguous,long,object,nonfinal,12,9,bustling,15.708779335021973
critical,3,unambiguous,long,object,nonfinal,12,10,with,0.1847506463527679
critical,3,unambiguous,long,object,nonfinal,12,11,activity,5.625687122344971
critical,3,unambiguous,long,object,nonfinal,12,12,quieted,16.363953351974487
critical,3,unambiguous,long,object,nonfinal,12,13,down,1.041009545326233
critical,3,unambiguous,long,object,nonfinal,12,14,quickly.,8.218183994293213
critical,3,unambiguous,short,object,nonfinal,9,0,When,14.687758445739746
critical,3,unambiguous,short,object,nonfinal,9,1,the,3.6227636337280273
critical,3,unambiguous,short,object,nonfinal,9,2,stern,17.124948501586914
critical,3,unambiguous,short,object,nonfinal,9,3,boss,11.408156394958496
critical,3,unambiguous,short,object,nonfinal,9,4,entered,10.489312171936035
critical,3,unambiguous,short,object,nonfinal,9,5,the,0.9130985140800476
critical,3,unambiguous,short,object,nonfinal,9,6,room,1.67008638381958
critical,3,unambiguous,short,object,nonfinal,9,7,the,6.174501895904541
critical,3,unambiguous,short,object,nonfinal,9,8,office,11.584927558898926
critical,3,unambiguous,short,object,nonfinal,9,9,quieted,12.640091836452484
critical,3,unambiguous,short,object,nonfinal,9,10,down,1.326154112815857
critical,3,unambiguous,short,object,nonfinal,9,11,quickly.,9.146152973175049
critical,4,ambiguous,long,,final,8,0,After,15.716473579406738
critical,4,ambiguous,long,,final,8,1,the,3.606374263763428
critical,4,ambiguous,long,,final,8,2,politician,16.224695205688477
critical,4,ambiguous,long,,final,8,3,signed,9.486419677734377
critical,4,ambiguous,long,,final,8,4,the,2.9137327671051025
critical,4,ambiguous,long,,final,8,5,bill,2.1621053218841557
critical,4,ambiguous,long,,final,8,6,increasing,15.602298736572266
critical,4,ambiguous,long,,final,8,7,taxes,4.754172801971436
critical,4,ambiguous,long,,final,8,8,passed.,20.52789306640625
critical,4,ambiguous,short,,final,6,0,After,15.716473579406738
critical,4,ambiguous,short,,final,6,1,the,3.606374263763428
critical,4,ambiguous,short,,final,6,2,politician,16.224695205688477
critical,4,ambiguous,short,,final,6,3,signed,9.486419677734377
critical,4,ambiguous,short,,final,6,4,the,2.9137327671051025
critical,4,ambiguous,short,,final,6,5,bill,2.1621053218841557
critical,4,ambiguous,short,,final,6,6,passed.,17.209063053131104
critical,4,unambiguous,long,comma,final,8,0,After,15.716473579406738
critical,4,unambiguous,long,comma,final,8,1,the,3.606374263763428
critical,4,unambiguous,long,comma,final,8,2,politician,16.224695205688477
critical,4,unambiguous,long,comma,final,8,3,"signed,",18.189688682556152
critical,4,unambiguous,long,comma,final,8,4,the,2.952278852462769
critical,4,unambiguous,long,comma,final,8,5,bill,6.930377960205078
critical,4,unambiguous,long,comma,final,8,6,increasing,16.18689727783203
critical,4,unambiguous,long,comma,final,8,7,taxes,5.158252239227295
critical,4,unambiguous,long,comma,final,8,8,passed.,15.329130172729492
critical,4,unambiguous,short,comma,final,6,0,After,15.716473579406738
critical,4,unambiguous,short,comma,final,6,1,the,3.606374263763428
critical,4,unambiguous,short,comma,final,6,2,politician,16.224695205688477
critical,4,unambiguous,short,comma,final,6,3,"signed,",18.189688682556152
critical,4,unambiguous,short,comma,final,6,4,the,2.952278852462769
critical,4,unambiguous,short,comma,final,6,5,bill,6.930377960205078
critical,4,unambiguous,short,comma,final,6,6,passed.,7.596294641494751
critical,4,unambiguous,long,object,final,10,0,After,15.716473579406738
critical,4,unambiguous,long,object,final,10,1,the,3.606374263763428
critical,4,unambiguous,long,object,final,10,2,politician,16.224695205688477
critical,4,unambiguous,long,object,final,10,3,signed,9.486419677734377
critical,4,unambiguous,long,object,final,10,4,the,2.9137327671051025
critical,4,unambiguous,long,object,final,10,5,legislation,5.388951301574707
critical,4,unambiguous,long,object,final,10,6,the,8.44438648223877
critical,4,unambiguous,long,object,final,10,7,bill,5.543113708496094
critical,4,unambiguous,long,object,final,10,8,increasing,15.44886302947998
critical,4,unambiguous,long,object,final,10,9,taxes,4.7129411697387695
critical,4,unambiguous,long,object,final,10,10,passed.,17.612905502319336
critical,4,unambiguous,short,object,final,8,0,After,15.716473579406738
critical,4,unambiguous,short,object,final,8,1,the,3.606374263763428
critical,4,unambiguous,short,object,final,8,2,politician,16.224695205688477
critical,4,unambiguous,short,object,final,8,3,signed,9.486419677734377
critical,4,unambiguous,short,object,final,8,4,the,2.9137327671051025
critical,4,unambiguous,short,object,final,8,5,legislation,5.388951301574707
critical,4,unambiguous,short,object,final,8,6,the,8.44438648223877
critical,4,unambiguous,short,object,final,8,7,bill,5.543113708496094
critical,4,unambiguous,short,object,final,8,8,passed.,9.25156545639038
critical,4,ambiguous,long,,nonfinal,8,0,After,15.716473579406738
critical,4,ambiguous,long,,nonfinal,8,1,the,3.606374263763428
critical,4,ambiguous,long,,nonfinal,8,2,politician,16.224695205688477
critical,4,ambiguous,long,,nonfinal,8,3,signed,9.486419677734377
critical,4,ambiguous,long,,nonfinal,8,4,the,2.9137327671051025
critical,4,ambiguous,long,,nonfinal,8,5,bill,2.1621053218841557
critical,4,ambiguous,long,,nonfinal,8,6,increasing,15.602298736572266
critical,4,ambiguous,long,,nonfinal,8,7,taxes,4.754172801971436
critical,4,ambiguous,long,,nonfinal,8,8,passed,12.628952980041504
critical,4,ambiguous,long,,nonfinal,8,9,unanimously,7.020876407623291
critical,4,ambiguous,long,,nonfinal,8,10,without,10.22734832763672
critical,4,ambiguous,long,,nonfinal,8,11,amendments.,10.222241401672363
critical,4,ambiguous,short,,nonfinal,6,0,After,15.716473579406738
critical,4,ambiguous,short,,nonfinal,6,1,the,3.606374263763428
critical,4,ambiguous,short,,nonfinal,6,2,politician,16.224695205688477
critical,4,ambiguous,short,,nonfinal,6,3,signed,9.486419677734377
critical,4,ambiguous,short,,nonfinal,6,4,the,2.9137327671051025
critical,4,ambiguous,short,,nonfinal,6,5,bill,2.1621053218841557
critical,4,ambiguous,short,,nonfinal,6,6,passed,10.652523040771484
critical,4,ambiguous,short,,nonfinal,6,7,unanimously,5.927386283874512
critical,4,ambiguous,short,,nonfinal,6,8,without,10.282361030578612
critical,4,ambiguous,short,,nonfinal,6,9,amendments.,12.228874206542969
critical,4,unambiguous,long,comma,nonfinal,8,0,After,15.716473579406738
critical,4,unambiguous,long,comma,nonfinal,8,1,the,3.606374263763428
critical,4,unambiguous,long,comma,nonfinal,8,2,politician,16.224695205688477
critical,4,unambiguous,long,comma,nonfinal,8,3,"signed,",18.189688682556152
critical,4,unambiguous,long,comma,nonfinal,8,4,the,2.952278852462769
critical,4,unambiguous,long,comma,nonfinal,8,5,bill,6.930377960205078
critical,4,unambiguous,long,comma,nonfinal,8,6,increasing,16.18689727783203
critical,4,unambiguous,long,comma,nonfinal,8,7,taxes,5.158252239227295
critical,4,unambiguous,long,comma,nonfinal,8,8,passed,10.283109664916992
critical,4,unambiguous,long,comma,nonfinal,8,9,unanimously,6.4452714920043945
critical,4,unambiguous,long,comma,nonfinal,8,10,without,8.744720458984375
critical,4,unambiguous,long,comma,nonfinal,8,11,amendments.,8.599814772605896
critical,4,unambiguous,short,comma,nonfinal,6,0,After,15.716473579406738
critical,4,unambiguous,short,comma,nonfinal,6,1,the,3.606374263763428
critical,4,unambiguous,short,comma,nonfinal,6,2,politician,16.224695205688477
critical,4,unambiguous,short,comma,nonfinal,6,3,"signed,",18.189688682556152
critical,4,unambiguous,short,comma,nonfinal,6,4,the,2.952278852462769
critical,4,unambiguous,short,comma,nonfinal,6,5,bill,6.930377960205078
critical,4,unambiguous,short,comma,nonfinal,6,6,passed,3.816594839096069
critical,4,unambiguous,short,comma,nonfinal,6,7,unanimously,5.283538341522217
critical,4,unambiguous,short,comma,nonfinal,6,8,without,8.293251037597656
critical,4,unambiguous,short,comma,nonfinal,6,9,amendments.,8.228882670402527
critical,4,unambiguous,long,object,nonfinal,10,0,After,15.716473579406738
critical,4,unambiguous,long,object,nonfinal,10,1,the,3.606374263763428
critical,4,unambiguous,long,object,nonfinal,10,2,politician,16.224695205688477
critical,4,unambiguous,long,object,nonfinal,10,3,signed,9.486419677734377
critical,4,unambiguous,long,object,nonfinal,10,4,the,2.9137327671051025
critical,4,unambiguous,long,object,nonfinal,10,5,legislation,5.388951301574707
critical,4,unambiguous,long,object,nonfinal,10,6,the,8.44438648223877
critical,4,unambiguous,long,object,nonfinal,10,7,bill,5.543113708496094
critical,4,unambiguous,long,object,nonfinal,10,8,increasing,15.44886302947998
critical,4,unambiguous,long,object,nonfinal,10,9,taxes,4.7129411697387695
critical,4,unambiguous,long,object,nonfinal,10,10,passed,11.196758270263672
critical,4,unambiguous,long,object,nonfinal,10,11,unanimously,6.877490043640137
critical,4,unambiguous,long,object,nonfinal,10,12,without,8.958418846130371
critical,4,unambiguous,long,object,nonfinal,10,13,amendments.,8.756695985794067
critical,4,unambiguous,short,object,nonfinal,8,0,After,15.716473579406738
critical,4,unambiguous,short,object,nonfinal,8,1,the,3.606374263763428
critical,4,unambiguous,short,object,nonfinal,8,2,politician,16.224695205688477
critical,4,unambiguous,short,object,nonfinal,8,3,signed,9.486419677734377
critical,4,unambiguous,short,object,nonfinal,8,4,the,2.9137327671051025
critical,4,unambiguous,short,object,nonfinal,8,5,legislation,5.388951301574707
critical,4,unambiguous,short,object,nonfinal,8,6,the,8.44438648223877
critical,4,unambiguous,short,object,nonfinal,8,7,bill,5.543113708496094
critical,4,unambiguous,short,object,nonfinal,8,8,passed,4.125778198242188
critical,4,unambiguous,short,object,nonfinal,8,9,unanimously,5.649098873138428
critical,4,unambiguous,short,object,nonfinal,8,10,without,8.121752738952637
critical,4,unambiguous,short,object,nonfinal,8,11,amendments.,8.556888103485107
critical,5,ambiguous,long,,final,9,0,While,16.156902313232422
critical,5,ambiguous,long,,final,9,1,the,2.841593742370605
critical,5,ambiguous,long,,final,9,2,martial,15.346994400024414
critical,5,ambiguous,long,,final,9,3,artists,6.173720359802246
critical,5,ambiguous,long,,final,9,4,fought,7.426513671875
critical,5,ambiguous,long,,final,9,5,the,4.836724281311035
critical,5,ambiguous,long,,final,9,6,spectator,18.73489189147949
critical,5,ambiguous,long,,final,9,7,watching,10.446969032287598
critical,5,ambiguous,long,,final,9,8,attentively,15.870495785027742
critical,5,ambiguous,long,,final,9,9,cheered.,22.33908748626709
critical,5,ambiguous,short,,final,7,0,While,16.156902313232422
critical,5,ambiguous,short,,final,7,1,the,2.841593742370605
critical,5,ambiguous,short,,final,7,2,martial,15.346994400024414
critical,5,ambiguous,short,,final,7,3,artists,6.173720359802246
critical,5,ambiguous,short,,final,7,4,fought,7.426513671875
critical,5,ambiguous,short,,final,7,5,the,4.836724281311035
critical,5,ambiguous,short,,final,7,6,spectator,18.73489189147949
critical,5,ambiguous,short,,final,7,7,cheered.,19.91163921356201
critical,5,unambiguous,long,comma,final,9,0,While,16.156902313232422
critical,5,unambiguous,long,comma,final,9,1,the,2.841593742370605
critical,5,unambiguous,long,comma,final,9,2,martial,15.346994400024414
critical,5,unambiguous,long,comma,final,9,3,artists,6.173720359802246
critical,5,unambiguous,long,comma,final,9,4,"fought,",10.270594835281372
critical,5,unambiguous,long,comma,final,9,5,the,2.298128366470337
critical,5,unambiguous,long,comma,final,9,6,spectator,13.686912536621094
critical,5,unambiguous,long,comma,final,9,7,watching,7.824423313140869
critical,5,unambiguous,long,comma,final,9,8,attentively,13.110977489501238
critical,5,unambiguous,long,comma,final,9,9,cheered.,12.652694702148438
critical,5,unambiguous,short,comma,final,7,0,While,16.156902313232422
critical,5,unambiguous,short,comma,final,7,1,the,2.841593742370605
critical,5,unambiguous,short,comma,final,7,2,martial,15.346994400024414
critical,5,unambiguous,short,comma,final,7,3,artists,6.173720359802246
critical,5,unambiguous,short,comma,final,7,4,"fought,",10.270594835281372
critical,5,unambiguous,short,comma,final,7,5,the,2.298128366470337
critical,5,unambiguous,short,comma,final,7,6,spectator,13.686912536621094
critical,5,unambiguous,short,comma,final,7,7,cheered.,9.407247304916382
critical,5,unambiguous,long,object,final,11,0,While,16.156902313232422
critical,5,unambiguous,long,object,final,11,1,the,2.841593742370605
critical,5,unambiguous,long,object,final,11,2,martial,15.346994400024414
critical,5,unambiguous,long,object,final,11,3,artists,6.173720359802246
critical,5,unambiguous,long,object,final,11,4,fought,7.426513671875
critical,5,unambiguous,long,object,final,11,5,each,4.543951988220215
critical,5,unambiguous,long,object,final,11,6,other,0.021342359483242
critical,5,unambiguous,long,object,final,11,7,the,8.363045692443848
critical,5,unambiguous,long,object,final,11,8,spectator,13.180431365966797
critical,5,unambiguous,long,object,final,11,9,watching,8.13417911529541
critical,5,unambiguous,long,object,final,11,10,attentively,14.523425930179656
critical,5,unambiguous,long,object,final,11,11,cheered.,14.959441423416138
critical,5,unambiguous,short,object,final,9,0,While,16.156902313232422
critical,5,unambiguous,short,object,final,9,1,the,2.841593742370605
critical,5,unambiguous,short,object,final,9,2,martial,15.346994400024414
critical,5,unambiguous,short,object,final,9,3,artists,6.173720359802246
critical,5,unambiguous,short,object,final,9,4,fought,7.426513671875
critical,5,unambiguous,short,object,final,9,5,each,4.543951988220215
critical,5,unambiguous,short,object,final,9,6,other,0.021342359483242
critical,5,unambiguous,short,object,final,9,7,the,8.363045692443848
critical,5,unambiguous,short,object,final,9,8,spectator,13.180431365966797
critical,5,unambiguous,short,object,final,9,9,cheered.,11.732243537902832
critical,5,ambiguous,long,,nonfinal,9,0,While,16.156902313232422
critical,5,ambiguous,long,,nonfinal,9,1,the,2.841593742370605
critical,5,ambiguous,long,,nonfinal,9,2,martial,15.346994400024414
critical,5,ambiguous,long,,nonfinal,9,3,artists,6.173720359802246
critical,5,ambiguous,long,,nonfinal,9,4,fought,7.426513671875
critical,5,ambiguous,long,,nonfinal,9,5,the,4.836724281311035
critical,5,ambiguous,long,,nonfinal,9,6,spectator,18.73489189147949
critical,5,ambiguous,long,,nonfinal,9,7,watching,10.446969032287598
critical,5,ambiguous,long,,nonfinal,9,8,attentively,15.870495785027742
critical,5,ambiguous,long,,nonfinal,9,9,cheered,16.902366638183594
critical,5,ambiguous,long,,nonfinal,9,10,for,4.312950611114502
critical,5,ambiguous,long,,nonfinal,9,11,the,1.834386229515076
critical,5,ambiguous,long,,nonfinal,9,12,underdog.,11.475441455841064
critical,5,ambiguous,short,,nonfinal,7,0,While,16.156902313232422
critical,5,ambiguous,short,,nonfinal,7,1,the,2.841593742370605
critical,5,ambiguous,short,,nonfinal,7,2,martial,15.346994400024414
critical,5,ambiguous,short,,nonfinal,7,3,artists,6.173720359802246
critical,5,ambiguous,short,,nonfinal,7,4,fought,7.426513671875
critical,5,ambiguous,short,,nonfinal,7,5,the,4.836724281311035
critical,5,ambiguous,short,,nonfinal,7,6,spectator,18.73489189147949
critical,5,ambiguous,short,,nonfinal,7,7,cheered,15.528398513793944
critical,5,ambiguous,short,,nonfinal,7,8,for,4.065438747406006
critical,5,ambiguous,short,,nonfinal,7,9,the,2.052278518676758
critical,5,ambiguous,short,,nonfinal,7,10,underdog.,9.925209522247314
critical,5,unambiguous,long,comma,nonfinal,9,0,While,16.156902313232422
critical,5,unambiguous,long,comma,nonfinal,9,1,the,2.841593742370605
critical,5,unambiguous,long,comma,nonfinal,9,2,martial,15.346994400024414
critical,5,unambiguous,long,comma,nonfinal,9,3,artists,6.173720359802246
critical,5,unambiguous,long,comma,nonfinal,9,4,"fought,",10.270594835281372
critical,5,unambiguous,long,comma,nonfinal,9,5,the,2.298128366470337
critical,5,unambiguous,long,comma,nonfinal,9,6,spectator,13.686912536621094
critical,5,unambiguous,long,comma,nonfinal,9,7,watching,7.824423313140869
critical,5,unambiguous,long,comma,nonfinal,9,8,attentively,13.110977489501238
critical,5,unambiguous,long,comma,nonfinal,9,9,cheered,10.22226333618164
critical,5,unambiguous,long,comma,nonfinal,9,10,for,4.826565265655518
critical,5,unambiguous,long,comma,nonfinal,9,11,the,1.550991773605347
critical,5,unambiguous,long,comma,nonfinal,9,12,underdog.,10.37713074684143
critical,5,unambiguous,short,comma,nonfinal,7,0,While,16.156902313232422
critical,5,unambiguous,short,comma,nonfinal,7,1,the,2.841593742370605
critical,5,unambiguous,short,comma,nonfinal,7,2,martial,15.346994400024414
critical,5,unambiguous,short,comma,nonfinal,7,3,artists,6.173720359802246
critical,5,unambiguous,short,comma,nonfinal,7,4,"fought,",10.270594835281372
critical,5,unambiguous,short,comma,nonfinal,7,5,the,2.298128366470337
critical,5,unambiguous,short,comma,nonfinal,7,6,spectator,13.686912536621094
critical,5,unambiguous,short,comma,nonfinal,7,7,cheered,6.8505449295043945
critical,5,unambiguous,short,comma,nonfinal,7,8,for,4.2831549644470215
critical,5,unambiguous,short,comma,nonfinal,7,9,the,1.7616527080535889
critical,5,unambiguous,short,comma,nonfinal,7,10,underdog.,9.014345407485962
critical,5,unambiguous,long,object,nonfinal,11,0,While,16.156902313232422
critical,5,unambiguous,long,object,nonfinal,11,1,the,2.841593742370605
critical,5,unambiguous,long,object,nonfinal,11,2,martial,15.346994400024414
critical,5,unambiguous,long,object,nonfinal,11,3,artists,6.173720359802246
critical,5,unambiguous,long,object,nonfinal,11,4,fought,7.426513671875
critical,5,unambiguous,long,object,nonfinal,11,5,each,4.543951988220215
critical,5,unambiguous,long,object,nonfinal,11,6,other,0.021342359483242
critical,5,unambiguous,long,object,nonfinal,11,7,the,8.363045692443848
critical,5,unambiguous,long,object,nonfinal,11,8,spectator,13.180431365966797
critical,5,unambiguous,long,object,nonfinal,11,9,watching,8.13417911529541
critical,5,unambiguous,long,object,nonfinal,11,10,attentively,14.523425930179656
critical,5,unambiguous,long,object,nonfinal,11,11,cheered,11.71505069732666
critical,5,unambiguous,long,object,nonfinal,11,12,for,4.198335647583008
critical,5,unambiguous,long,object,nonfinal,11,13,the,1.5751519203186035
critical,5,unambiguous,long,object,nonfinal,11,14,underdog.,10.330185532569883
critical,5,unambiguous,short,object,nonfinal,9,0,While,16.156902313232422
critical,5,unambiguous,short,object,nonfinal,9,1,the,2.841593742370605
critical,5,unambiguous,short,object,nonfinal,9,2,martial,15.346994400024414
critical,5,unambiguous,short,object,nonfinal,9,3,artists,6.173720359802246
critical,5,unambiguous,short,object,nonfinal,9,4,fought,7.426513671875
critical,5,unambiguous,short,object,nonfinal,9,5,each,4.543951988220215
critical,5,unambiguous,short,object,nonfinal,9,6,other,0.021342359483242
critical,5,unambiguous,short,object,nonfinal,9,7,the,8.363045692443848
critical,5,unambiguous,short,object,nonfinal,9,8,spectator,13.180431365966797
critical,5,unambiguous,short,object,nonfinal,9,9,cheered,8.39773941040039
critical,5,unambiguous,short,object,nonfinal,9,10,for,4.000267028808594
critical,5,unambiguous,short,object,nonfinal,9,11,the,1.756094217300415
critical,5,unambiguous,short,object,nonfinal,9,12,underdog.,8.963603734970093
critical,6,ambiguous,long,,final,9,0,After,15.716473579406738
critical,6,ambiguous,long,,final,9,1,the,3.606374263763428
critical,6,ambiguous,long,,final,9,2,customer,15.130367279052734
critical,6,ambiguous,long,,final,9,3,emailed,11.73656940460205
critical,6,ambiguous,long,,final,9,4,the,3.7672290802001953
critical,6,ambiguous,long,,final,9,5,company,3.1881675720214844
critical,6,ambiguous,long,,final,9,6,providing,10.047859191894531
critical,6,ambiguous,long,,final,9,7,phone,10.550962448120115
critical,6,ambiguous,long,,final,9,8,service,3.538604974746704
critical,6,ambiguous,long,,final,9,9,replied.,22.688963413238525
critical,6,ambiguous,short,,final,6,0,After,15.716473579406738
critical,6,ambiguous,short,,final,6,1,the,3.606374263763428
critical,6,ambiguous,short,,final,6,2,customer,15.130367279052734
critical,6,ambiguous,short,,final,6,3,emailed,11.73656940460205
critical,6,ambiguous,short,,final,6,4,the,3.7672290802001953
critical,6,ambiguous,short,,final,6,5,company,3.1881675720214844
critical,6,ambiguous,short,,final,6,6,replied.,23.30021953582764
critical,6,unambiguous,long,comma,final,9,0,After,15.716473579406738
critical,6,unambiguous,long,comma,final,9,1,the,3.606374263763428
critical,6,unambiguous,long,comma,final,9,2,customer,15.130367279052734
critical,6,unambiguous,long,comma,final,9,3,"emailed,",18.182897567749023
critical,6,unambiguous,long,comma,final,9,4,the,4.130874633789063
critical,6,unambiguous,long,comma,final,9,5,company,3.207484722137451
critical,6,unambiguous,long,comma,final,9,6,providing,14.342890739440918
critical,6,unambiguous,long,comma,final,9,7,phone,10.257342338562012
critical,6,unambiguous,long,comma,final,9,8,service,2.0716285705566406
critical,6,unambiguous,long,comma,final,9,9,replied.,9.95242977142334
critical,6,unambiguous,short,comma,final,6,0,After,15.716473579406738
critical,6,unambiguous,short,comma,final,6,1,the,3.606374263763428
critical,6,unambiguous,short,comma,final,6,2,customer,15.130367279052734
critical,6,unambiguous,short,comma,final,6,3,"emailed,",18.182897567749023
critical,6,unambiguous,short,comma,final,6,4,the,4.130874633789063
critical,6,unambiguous,short,comma,final,6,5,company,3.207484722137451
critical,6,unambiguous,short,comma,final,6,6,replied.,11.00233268737793
critical,6,unambiguous,long,object,final,12,0,After,15.716473579406738
critical,6,unambiguous,long,object,final,12,1,the,3.606374263763428
critical,6,unambiguous,long,object,final,12,2,customer,15.130367279052734
critical,6,unambiguous,long,object,final,12,3,emailed,11.73656940460205
critical,6,unambiguous,long,object,final,12,4,the,3.7672290802001953
critical,6,unambiguous,long,object,final,12,5,help,12.06078815460205
critical,6,unambiguous,long,object,final,12,6,desk,1.3169082403182983
critical,6,unambiguous,long,object,final,12,7,the,6.791295051574707
critical,6,unambiguous,long,object,final,12,8,company,6.126566886901856
critical,6,unambiguous,long,object,final,12,9,providing,13.949074745178224
critical,6,unambiguous,long,object,final,12,10,phone,10.401026725769045
critical,6,unambiguous,long,object,final,12,11,service,3.305588960647583
critical,6,unambiguous,long,object,final,12,12,replied.,12.895517826080322
critical,6,unambiguous,short,object,final,9,0,After,15.716473579406738
critical,6,unambiguous,short,object,final,9,1,the,3.606374263763428
critical,6,unambiguous,short,object,final,9,2,customer,15.130367279052734
critical,6,unambiguous,short,object,final,9,3,emailed,11.73656940460205
critical,6,unambiguous,short,object,final,9,4,the,3.7672290802001953
critical,6,unambiguous,short,object,final,9,5,help,12.06078815460205
critical,6,unambiguous,short,object,final,9,6,desk,1.3169082403182983
critical,6,unambiguous,short,object,final,9,7,the,6.791295051574707
critical,6,unambiguous,short,object,final,9,8,company,6.126566886901856
critical,6,unambiguous,short,object,final,9,9,replied.,11.834673881530762
critical,6,ambiguous,long,,nonfinal,9,0,After,15.716473579406738
critical,6,ambiguous,long,,nonfinal,9,1,the,3.606374263763428
critical,6,ambiguous,long,,nonfinal,9,2,customer,15.130367279052734
critical,6,ambiguous,long,,nonfinal,9,3,emailed,11.73656940460205
critical,6,ambiguous,long,,nonfinal,9,4,the,3.7672290802001953
critical,6,ambiguous,long,,nonfinal,9,5,company,3.1881675720214844
critical,6,ambiguous,long,,nonfinal,9,6,providing,10.047859191894531
critical,6,ambiguous,long,,nonfinal,9,7,phone,10.550962448120115
critical,6,ambiguous,long,,nonfinal,9,8,service,3.538604974746704
critical,6,ambiguous,long,,nonfinal,9,9,replied,15.763935089111328
critical,6,ambiguous,long,,nonfinal,9,10,within,9.218314170837402
critical,6,ambiguous,long,,nonfinal,9,11,a,3.562379837036133
critical,6,ambiguous,long,,nonfinal,9,12,few,1.1368135213851929
critical,6,ambiguous,long,,nonfinal,9,13,hours.,5.057170391082764
critical,6,ambiguous,short,,nonfinal,6,0,After,15.716473579406738
critical,6,ambiguous,short,,nonfinal,6,1,the,3.606374263763428
critical,6,ambiguous,short,,nonfinal,6,2,customer,15.130367279052734
critical,6,ambiguous,short,,nonfinal,6,3,emailed,11.73656940460205
critical,6,ambiguous,short,,nonfinal,6,4,the,3.7672290802001953
critical,6,ambiguous,short,,nonfinal,6,5,company,3.1881675720214844
critical,6,ambiguous,short,,nonfinal,6,6,replied,16.293607711791992
critical,6,ambiguous,short,,nonfinal,6,7,within,8.344939231872559
critical,6,ambiguous,short,,nonfinal,6,8,a,3.373908758163452
critical,6,ambiguous,short,,nonfinal,6,9,few,1.129295825958252
critical,6,ambiguous,short,,nonfinal,6,10,hours.,7.431477785110474
critical,6,unambiguous,long,comma,nonfinal,9,0,After,15.716473579406738
critical,6,unambiguous,long,comma,nonfinal,9,1,the,3.606374263763428
critical,6,unambiguous,long,comma,nonfinal,9,2,customer,15.130367279052734
critical,6,unambiguous,long,comma,nonfinal,9,3,"emailed,",18.182897567749023
critical,6,unambiguous,long,comma,nonfinal,9,4,the,4.130874633789063
critical,6,unambiguous,long,comma,nonfinal,9,5,company,3.207484722137451
critical,6,unambiguous,long,comma,nonfinal,9,6,providing,14.342890739440918
critical,6,unambiguous,long,comma,nonfinal,9,7,phone,10.257342338562012
critical,6,unambiguous,long,comma,nonfinal,9,8,service,2.0716285705566406
critical,6,unambiguous,long,comma,nonfinal,9,9,replied,5.151917934417725
critical,6,unambiguous,long,comma,nonfinal,9,10,within,8.92100715637207
critical,6,unambiguous,long,comma,nonfinal,9,11,a,3.627232313156128
critical,6,unambiguous,long,comma,nonfinal,9,12,few,1.2887306213378906
critical,6,unambiguous,long,comma,nonfinal,9,13,hours.,2.9880402088165283
critical,6,unambiguous,short,comma,nonfinal,6,0,After,15.716473579406738
critical,6,unambiguous,short,comma,nonfinal,6,1,the,3.606374263763428
critical,6,unambiguous,short,comma,nonfinal,6,2,customer,15.130367279052734
critical,6,unambiguous,short,comma,nonfinal,6,3,"emailed,",18.182897567749023
critical,6,unambiguous,short,comma,nonfinal,6,4,the,4.130874633789063
critical,6,unambiguous,short,comma,nonfinal,6,5,company,3.207484722137451
critical,6,unambiguous,short,comma,nonfinal,6,6,replied,5.891327381134033
critical,6,unambiguous,short,comma,nonfinal,6,7,within,8.035348892211914
critical,6,unambiguous,short,comma,nonfinal,6,8,a,3.539595603942871
critical,6,unambiguous,short,comma,nonfinal,6,9,few,1.344524621963501
critical,6,unambiguous,short,comma,nonfinal,6,10,hours.,3.284389853477478
critical,6,unambiguous,long,object,nonfinal,12,0,After,15.716473579406738
critical,6,unambiguous,long,object,nonfinal,12,1,the,3.606374263763428
critical,6,unambiguous,long,object,nonfinal,12,2,customer,15.130367279052734
critical,6,unambiguous,long,object,nonfinal,12,3,emailed,11.73656940460205
critical,6,unambiguous,long,object,nonfinal,12,4,the,3.7672290802001953
critical,6,unambiguous,long,object,nonfinal,12,5,help,12.06078815460205
critical,6,unambiguous,long,object,nonfinal,12,6,desk,1.3169082403182983
critical,6,unambiguous,long,object,nonfinal,12,7,the,6.791295051574707
critical,6,unambiguous,long,object,nonfinal,12,8,company,6.126566886901856
critical,6,unambiguous,long,object,nonfinal,12,9,providing,13.949074745178224
critical,6,unambiguous,long,object,nonfinal,12,10,phone,10.401026725769045
critical,6,unambiguous,long,object,nonfinal,12,11,service,3.305588960647583
critical,6,unambiguous,long,object,nonfinal,12,12,replied,7.639463901519775
critical,6,unambiguous,long,object,nonfinal,12,13,within,8.62420654296875
critical,6,unambiguous,long,object,nonfinal,12,14,a,3.6112945079803462
critical,6,unambiguous,long,object,nonfinal,12,15,few,1.2787474393844604
critical,6,unambiguous,long,object,nonfinal,12,16,hours.,3.1392529010772705
critical,6,unambiguous,short,object,nonfinal,9,0,After,15.716473579406738
critical,6,unambiguous,short,object,nonfinal,9,1,the,3.606374263763428
critical,6,unambiguous,short,object,nonfinal,9,2,customer,15.130367279052734
critical,6,unambiguous,short,object,nonfinal,9,3,emailed,11.73656940460205
critical,6,unambiguous,short,object,nonfinal,9,4,the,3.7672290802001953
critical,6,unambiguous,short,object,nonfinal,9,5,help,12.06078815460205
critical,6,unambiguous,short,object,nonfinal,9,6,desk,1.3169082403182983
critical,6,unambiguous,short,object,nonfinal,9,7,the,6.791295051574707
critical,6,unambiguous,short,object,nonfinal,9,8,company,6.126566886901856
critical,6,unambiguous,short,object,nonfinal,9,9,replied,6.719827175140381
critical,6,unambiguous,short,object,nonfinal,9,10,within,7.175050258636475
critical,6,unambiguous,short,object,nonfinal,9,11,a,3.484142780303955
critical,6,unambiguous,short,object,nonfinal,9,12,few,1.280673623085022
critical,6,unambiguous,short,object,nonfinal,9,13,hours.,3.089986085891724
critical,7,ambiguous,long,,final,8,0,As,14.926304817199709
critical,7,ambiguous,long,,final,8,1,the,3.2082221508026123
critical,7,ambiguous,long,,final,8,2,child,10.894267082214355
critical,7,ambiguous,long,,final,8,3,showered,24.637392044067383
critical,7,ambiguous,long,,final,8,4,the,3.812071084976196
critical,7,ambiguous,long,,final,8,5,cat,10.844724655151367
critical,7,ambiguous,long,,final,8,6,complaining,16.874244689941406
critical,7,ambiguous,long,,final,8,7,loudly,8.001062393188477
critical,7,ambiguous,long,,final,8,8,ran.,22.23239755630493
critical,7,ambiguous,short,,final,6,0,As,14.926304817199709
critical,7,ambiguous,short,,final,6,1,the,3.2082221508026123
critical,7,ambiguous,short,,final,6,2,child,10.894267082214355
critical,7,ambiguous,short,,final,6,3,showered,24.637392044067383
critical,7,ambiguous,short,,final,6,4,the,3.812071084976196
critical,7,ambiguous,short,,final,6,5,cat,10.844724655151367
critical,7,ambiguous,short,,final,6,6,ran.,20.931030750274655
critical,7,unambiguous,long,comma,final,8,0,As,14.926304817199709
critical,7,unambiguous,long,comma,final,8,1,the,3.2082221508026123
critical,7,unambiguous,long,comma,final,8,2,child,10.894267082214355
critical,7,unambiguous,long,comma,final,8,3,"showered,",29.57244110107422
critical,7,unambiguous,long,comma,final,8,4,the,2.907216787338257
critical,7,unambiguous,long,comma,final,8,5,cat,9.887378692626951
critical,7,unambiguous,long,comma,final,8,6,complaining,18.23771095275879
critical,7,unambiguous,long,comma,final,8,7,loudly,6.868508338928223
critical,7,unambiguous,long,comma,final,8,8,ran.,13.126651287078856
critical,7,unambiguous,short,comma,final,6,0,As,14.926304817199709
critical,7,unambiguous,short,comma,final,6,1,the,3.2082221508026123
critical,7,unambiguous,short,comma,final,6,2,child,10.894267082214355
critical,7,unambiguous,short,comma,final,6,3,"showered,",29.57244110107422
critical,7,unambiguous,short,comma,final,6,4,the,2.907216787338257
critical,7,unambiguous,short,comma,final,6,5,cat,9.887378692626951
critical,7,unambiguous,short,comma,final,6,6,ran.,12.112828731536863
critical,7,unambiguous,long,object,final,9,0,As,14.926304817199709
critical,7,unambiguous,long,object,final,9,1,the,3.2082221508026123
critical,7,unambiguous,long,object,final,9,2,child,10.894267082214355
critical,7,unambiguous,long,object,final,9,3,showered,24.637392044067383
critical,7,unambiguous,long,object,final,9,4,herself,11.996089935302734
critical,7,unambiguous,long,object,final,9,5,the,10.43071746826172
critical,7,unambiguous,long,object,final,9,6,cat,11.165619850158691
critical,7,unambiguous,long,object,final,9,7,complaining,20.213438034057617
critical,7,unambiguous,long,object,final,9,8,loudly,7.924179077148437
critical,7,unambiguous,long,object,final,9,9,ran.,22.201842308044437
critical,7,unambiguous,short,object,final,7,0,As,14.926304817199709
critical,7,unambiguous,short,object,final,7,1,the,3.2082221508026123
critical,7,unambiguous,short,object,final,7,2,child,10.894267082214355
critical,7,unambiguous,short,object,final,7,3,showered,24.637392044067383
critical,7,unambiguous,short,object,final,7,4,herself,11.996089935302734
critical,7,unambiguous,short,object,final,7,5,the,10.43071746826172
critical,7,unambiguous,short,object,final,7,6,cat,11.165619850158691
critical,7,unambiguous,short,object,final,7,7,ran.,18.914326667785645
critical,7,ambiguous,long,,nonfinal,8,0,As,14.926304817199709
critical,7,ambiguous,long,,nonfinal,8,1,the,3.2082221508026123
critical,7,ambiguous,long,,nonfinal,8,2,child,10.894267082214355
critical,7,ambiguous,long,,nonfinal,8,3,showered,24.637392044067383
critical,7,ambiguous,long,,nonfinal,8,4,the,3.812071084976196
critical,7,ambiguous,long,,nonfinal,8,5,cat,10.844724655151367
critical,7,ambiguous,long,,nonfinal,8,6,complaining,16.874244689941406
critical,7,ambiguous,long,,nonfinal,8,7,loudly,8.001062393188477
critical,7,ambiguous,long,,nonfinal,8,8,ran,14.57703971862793
critical,7,ambiguous,long,,nonfinal,8,9,around,7.247387409210205
critical,7,ambiguous,long,,nonfinal,8,10,the,1.669381856918335
critical,7,ambiguous,long,,nonfinal,8,11,bathroom.,11.591190099716188
critical,7,ambiguous,short,,nonfinal,6,0,As,14.926304817199709
critical,7,ambiguous,short,,nonfinal,6,1,the,3.2082221508026123
critical,7,ambiguous,short,,nonfinal,6,2,child,10.894267082214355
critical,7,ambiguous,short,,nonfinal,6,3,showered,24.637392044067383
critical,7,ambiguous,short,,nonfinal,6,4,the,3.812071084976196
critical,7,ambiguous,short,,nonfinal,6,5,cat,10.844724655151367
critical,7,ambiguous,short,,nonfinal,6,6,ran,13.871883392333984
critical,7,ambiguous,short,,nonfinal,6,7,around,6.71387243270874
critical,7,ambiguous,short,,nonfinal,6,8,the,2.04264760017395
critical,7,ambiguous,short,,nonfinal,6,9,bathroom.,12.339988946914673
critical,7,unambiguous,long,comma,nonfinal,8,0,As,14.926304817199709
critical,7,unambiguous,long,comma,nonfinal,8,1,the,3.2082221508026123
critical,7,unambiguous,long,comma,nonfinal,8,2,child,10.894267082214355
critical,7,unambiguous,long,comma,nonfinal,8,3,"showered,",29.57244110107422
critical,7,unambiguous,long,comma,nonfinal,8,4,the,2.907216787338257
critical,7,unambiguous,long,comma,nonfinal,8,5,cat,9.887378692626951
critical,7,unambiguous,long,comma,nonfinal,8,6,complaining,18.23771095275879
critical,7,unambiguous,long,comma,nonfinal,8,7,loudly,6.868508338928223
critical,7,unambiguous,long,comma,nonfinal,8,8,ran,6.957884311676025
critical,7,unambiguous,long,comma,nonfinal,8,9,around,6.194875717163086
critical,7,unambiguous,long,comma,nonfinal,8,10,the,1.5740512609481812
critical,7,unambiguous,long,comma,nonfinal,8,11,bathroom.,11.008760929107666
critical,7,unambiguous,short,comma,nonfinal,6,0,As,14.926304817199709
critical,7,unambiguous,short,comma,nonfinal,6,1,the,3.2082221508026123
critical,7,unambiguous,short,comma,nonfinal,6,2,child,10.894267082214355
critical,7,unambiguous,short,comma,nonfinal,6,3,"showered,",29.57244110107422
critical,7,unambiguous,short,comma,nonfinal,6,4,the,2.907216787338257
critical,7,unambiguous,short,comma,nonfinal,6,5,cat,9.887378692626951
critical,7,unambiguous,short,comma,nonfinal,6,6,ran,6.512523174285889
critical,7,unambiguous,short,comma,nonfinal,6,7,around,5.68572998046875
critical,7,unambiguous,short,comma,nonfinal,6,8,the,2.0166382789611816
critical,7,unambiguous,short,comma,nonfinal,6,9,bathroom.,11.866153717041016
critical,7,unambiguous,long,object,nonfinal,9,0,As,14.926304817199709
critical,7,unambiguous,long,object,nonfinal,9,1,the,3.2082221508026123
critical,7,unambiguous,long,object,nonfinal,9,2,child,10.894267082214355
critical,7,unambiguous,long,object,nonfinal,9,3,showered,24.637392044067383
critical,7,unambiguous,long,object,nonfinal,9,4,herself,11.996089935302734
critical,7,unambiguous,long,object,nonfinal,9,5,the,10.43071746826172
critical,7,unambiguous,long,object,nonfinal,9,6,cat,11.165619850158691
critical,7,unambiguous,long,object,nonfinal,9,7,complaining,20.213438034057617
critical,7,unambiguous,long,object,nonfinal,9,8,loudly,7.924179077148437
critical,7,unambiguous,long,object,nonfinal,9,9,ran,14.51051425933838
critical,7,unambiguous,long,object,nonfinal,9,10,around,7.287364482879639
critical,7,unambiguous,long,object,nonfinal,9,11,the,1.7169426679611206
critical,7,unambiguous,long,object,nonfinal,9,12,bathroom.,11.774752140045166
critical,7,unambiguous,short,object,nonfinal,7,0,As,14.926304817199709
critical,7,unambiguous,short,object,nonfinal,7,1,the,3.2082221508026123
critical,7,unambiguous,short,object,nonfinal,7,2,child,10.894267082214355
critical,7,unambiguous,short,object,nonfinal,7,3,showered,24.637392044067383
critical,7,unambiguous,short,object,nonfinal,7,4,herself,11.996089935302734
critical,7,unambiguous,short,object,nonfinal,7,5,the,10.43071746826172
critical,7,unambiguous,short,object,nonfinal,7,6,cat,11.165619850158691
critical,7,unambiguous,short,object,nonfinal,7,7,ran,12.35163402557373
critical,7,unambiguous,short,object,nonfinal,7,8,around,6.680774688720703
critical,7,unambiguous,short,object,nonfinal,7,9,the,2.196765899658203
critical,7,unambiguous,short,object,nonfinal,7,10,bathroom.,12.387330055236816
critical,8,ambiguous,long,,final,9,0,Because,16.478105545043945
critical,8,ambiguous,long,,final,9,1,the,3.560662746429444
critical,8,ambiguous,long,,final,9,2,majorette,23.56664251163602
critical,8,ambiguous,long,,final,9,3,spun,15.447035789489746
critical,8,ambiguous,long,,final,9,4,the,4.559329032897949
critical,8,ambiguous,long,,final,9,5,baton,13.745932340621948
critical,8,ambiguous,long,,final,9,6,made,11.645828247070312
critical,8,ambiguous,long,,final,9,7,of,4.618897914886475
critical,8,ambiguous,long,,final,9,8,steel,5.618147373199463
critical,8,ambiguous,long,,final,9,9,flew.,20.760523319244385
critical,8,ambiguous,short,,final,6,0,Because,16.478105545043945
critical,8,ambiguous,short,,final,6,1,the,3.560662746429444
critical,8,ambiguous,short,,final,6,2,majorette,23.56664251163602
critical,8,ambiguous,short,,final,6,3,spun,15.447035789489746
critical,8,ambiguous,short,,final,6,4,the,4.559329032897949
critical,8,ambiguous,short,,final,6,5,baton,13.745932340621948
critical,8,ambiguous,short,,final,6,6,flew.,20.36489152908325
critical,8,unambiguous,long,comma,final,9,0,Because,16.478105545043945
critical,8,unambiguous,long,comma,final,9,1,the,3.560662746429444
critical,8,unambiguous,long,comma,final,9,2,majorette,23.56664251163602
critical,8,unambiguous,long,comma,final,9,3,"spun,",20.570324420928955
critical,8,unambiguous,long,comma,final,9,4,the,2.4258084297180176
critical,8,unambiguous,long,comma,final,9,5,baton,15.139007568359377
critical,8,unambiguous,long,comma,final,9,6,made,7.857818603515625
critical,8,unambiguous,long,comma,final,9,7,of,7.567709922790527
critical,8,unambiguous,long,comma,final,9,8,steel,5.213534355163574
critical,8,unambiguous,long,comma,final,9,9,flew.,11.62207555770874
critical,8,unambiguous,short,comma,final,6,0,Because,16.478105545043945
critical,8,unambiguous,short,comma,final,6,1,the,3.560662746429444
critical,8,unambiguous,short,comma,final,6,2,majorette,23.56664251163602
critical,8,unambiguous,short,comma,final,6,3,"spun,",20.570324420928955
critical,8,unambiguous,short,comma,final,6,4,the,2.4258084297180176
critical,8,unambiguous,short,comma,final,6,5,baton,15.139007568359377
critical,8,unambiguous,short,comma,final,6,6,flew.,8.835131406784058
critical,8,unambiguous,long,object,final,10,0,Because,16.478105545043945
critical,8,unambiguous,long,object,final,10,1,the,3.560662746429444
critical,8,unambiguous,long,object,final,10,2,majorette,23.56664251163602
critical,8,unambiguous,long,object,final,10,3,spun,15.447035789489746
critical,8,unambiguous,long,object,final,10,4,herself,10.919319152832031
critical,8,unambiguous,long,object,final,10,5,the,9.509193420410156
critical,8,unambiguous,long,object,final,10,6,baton,13.958122730255129
critical,8,unambiguous,long,object,final,10,7,made,10.056565284729004
critical,8,unambiguous,long,object,final,10,8,of,4.552515506744385
critical,8,unambiguous,long,object,final,10,9,steel,6.277229309082031
critical,8,unambiguous,long,object,final,10,10,flew.,19.49039459228516
critical,8,unambiguous,short,object,final,7,0,Because,16.478105545043945
critical,8,unambiguous,short,object,final,7,1,the,3.560662746429444
critical,8,unambiguous,short,object,final,7,2,majorette,23.56664251163602
critical,8,unambiguous,short,object,final,7,3,spun,15.447035789489746
critical,8,unambiguous,short,object,final,7,4,herself,10.919319152832031
critical,8,unambiguous,short,object,final,7,5,the,9.509193420410156
critical,8,unambiguous,short,object,final,7,6,baton,13.958122730255129
critical,8,unambiguous,short,object,final,7,7,flew.,17.2221941947937
critical,8,ambiguous,long,,nonfinal,9,0,Because,16.478105545043945
critical,8,ambiguous,long,,nonfinal,9,1,the,3.560662746429444
critical,8,ambiguous,long,,nonfinal,9,2,majorette,23.56664251163602
critical,8,ambiguous,long,,nonfinal,9,3,spun,15.447035789489746
critical,8,ambiguous,long,,nonfinal,9,4,the,4.559329032897949
critical,8,ambiguous,long,,nonfinal,9,5,baton,13.745932340621948
critical,8,ambiguous,long,,nonfinal,9,6,made,11.645828247070312
critical,8,ambiguous,long,,nonfinal,9,7,of,4.618897914886475
critical,8,ambiguous,long,,nonfinal,9,8,steel,5.618147373199463
critical,8,ambiguous,long,,nonfinal,9,9,flew,15.665654182434082
critical,8,ambiguous,long,,nonfinal,9,10,from,5.899230480194092
critical,8,ambiguous,long,,nonfinal,9,11,her,5.251210689544678
critical,8,ambiguous,long,,nonfinal,9,12,hands.,6.0201191902160645
critical,8,ambiguous,short,,nonfinal,6,0,Because,16.478105545043945
critical,8,ambiguous,short,,nonfinal,6,1,the,3.560662746429444
critical,8,ambiguous,short,,nonfinal,6,2,majorette,23.56664251163602
critical,8,ambiguous,short,,nonfinal,6,3,spun,15.447035789489746
critical,8,ambiguous,short,,nonfinal,6,4,the,4.559329032897949
critical,8,ambiguous,short,,nonfinal,6,5,baton,13.745932340621948
critical,8,ambiguous,short,,nonfinal,6,6,flew,15.433893203735352
critical,8,ambiguous,short,,nonfinal,6,7,from,6.397226333618164
critical,8,ambiguous,short,,nonfinal,6,8,her,5.096949100494385
critical,8,ambiguous,short,,nonfinal,6,9,hands.,6.584354400634766
critical,8,unambiguous,long,comma,nonfinal,9,0,Because,16.478105545043945
critical,8,unambiguous,long,comma,nonfinal,9,1,the,3.560662746429444
critical,8,unambiguous,long,comma,nonfinal,9,2,majorette,23.56664251163602
critical,8,unambiguous,long,comma,nonfinal,9,3,"spun,",20.570324420928955
critical,8,unambiguous,long,comma,nonfinal,9,4,the,2.4258084297180176
critical,8,unambiguous,long,comma,nonfinal,9,5,baton,15.139007568359377
critical,8,unambiguous,long,comma,nonfinal,9,6,made,7.857818603515625
critical,8,unambiguous,long,comma,nonfinal,9,7,of,7.567709922790527
critical,8,unambiguous,long,comma,nonfinal,9,8,steel,5.213534355163574
critical,8,unambiguous,long,comma,nonfinal,9,9,flew,7.926974773406982
critical,8,unambiguous,long,comma,nonfinal,9,10,from,6.102043628692627
critical,8,unambiguous,long,comma,nonfinal,9,11,her,5.917975425720215
critical,8,unambiguous,long,comma,nonfinal,9,12,hands.,5.4839736223220825
critical,8,unambiguous,short,comma,nonfinal,6,0,Because,16.478105545043945
critical,8,unambiguous,short,comma,nonfinal,6,1,the,3.560662746429444
critical,8,unambiguous,short,comma,nonfinal,6,2,majorette,23.56664251163602
critical,8,unambiguous,short,comma,nonfinal,6,3,"spun,",20.570324420928955
critical,8,unambiguous,short,comma,nonfinal,6,4,the,2.4258084297180176
critical,8,unambiguous,short,comma,nonfinal,6,5,baton,15.139007568359377
critical,8,unambiguous,short,comma,nonfinal,6,6,flew,5.270968437194824
critical,8,unambiguous,short,comma,nonfinal,6,7,from,6.762808799743652
critical,8,unambiguous,short,comma,nonfinal,6,8,her,5.26751184463501
critical,8,unambiguous,short,comma,nonfinal,6,9,hands.,5.719157695770264
critical,8,unambiguous,long,object,nonfinal,10,0,Because,16.478105545043945
critical,8,unambiguous,long,object,nonfinal,10,1,the,3.560662746429444
critical,8,unambiguous,long,object,nonfinal,10,2,majorette,23.56664251163602
critical,8,unambiguous,long,object,nonfinal,10,3,spun,15.447035789489746
critical,8,unambiguous,long,object,nonfinal,10,4,herself,10.919319152832031
critical,8,unambiguous,long,object,nonfinal,10,5,the,9.509193420410156
critical,8,unambiguous,long,object,nonfinal,10,6,baton,13.958122730255129
critical,8,unambiguous,long,object,nonfinal,10,7,made,10.056565284729004
critical,8,unambiguous,long,object,nonfinal,10,8,of,4.552515506744385
critical,8,unambiguous,long,object,nonfinal,10,9,steel,6.277229309082031
critical,8,unambiguous,long,object,nonfinal,10,10,flew,14.078064918518066
critical,8,unambiguous,long,object,nonfinal,10,11,from,5.218146324157715
critical,8,unambiguous,long,object,nonfinal,10,12,her,1.15002179145813
critical,8,unambiguous,long,object,nonfinal,10,13,hands.,6.348718881607056
critical,8,unambiguous,short,object,nonfinal,7,0,Because,16.478105545043945
critical,8,unambiguous,short,object,nonfinal,7,1,the,3.560662746429444
critical,8,unambiguous,short,object,nonfinal,7,2,majorette,23.56664251163602
critical,8,unambiguous,short,object,nonfinal,7,3,spun,15.447035789489746
critical,8,unambiguous,short,object,nonfinal,7,4,herself,10.919319152832031
critical,8,unambiguous,short,object,nonfinal,7,5,the,9.509193420410156
critical,8,unambiguous,short,object,nonfinal,7,6,baton,13.958122730255129
critical,8,unambiguous,short,object,nonfinal,7,7,flew,12.184659957885742
critical,8,unambiguous,short,object,nonfinal,7,8,from,5.902719497680664
critical,8,unambiguous,short,object,nonfinal,7,9,her,1.099236011505127
critical,8,unambiguous,short,object,nonfinal,7,10,hands.,6.529309034347534
critical,9,ambiguous,long,,final,9,0,After,15.716473579406738
critical,9,ambiguous,long,,final,9,1,the,3.606374263763428
critical,9,ambiguous,long,,final,9,2,teacher,14.513189315795898
critical,9,ambiguous,long,,final,9,3,finished,10.256351470947266
critical,9,ambiguous,long,,final,9,4,grading,7.815904140472412
critical,9,ambiguous,long,,final,9,5,the,2.188543796539306
critical,9,ambiguous,long,,final,9,6,students,3.2513251304626465
critical,9,ambiguous,long,,final,9,7,studying,13.008899688720703
critical,9,ambiguous,long,,final,9,8,engineering,12.861649513244627
critical,9,ambiguous,long,,final,9,9,passed.,21.0500922203064
critical,9,ambiguous,short,,final,7,0,After,15.716473579406738
critical,9,ambiguous,short,,final,7,1,the,3.606374263763428
critical,9,ambiguous,short,,final,7,2,teacher,14.513189315795898
critical,9,ambiguous,short,,final,7,3,finished,10.256351470947266
critical,9,ambiguous,short,,final,7,4,grading,7.815904140472412
critical,9,ambiguous,short,,final,7,5,the,2.188543796539306
critical,9,ambiguous,short,,final,7,6,students,3.2513251304626465
critical,9,ambiguous,short,,final,7,7,passed.,20.33784770965576
critical,9,unambiguous,long,comma,final,9,0,After,15.716473579406738
critical,9,unambiguous,long,comma,final,9,1,the,3.606374263763428
critical,9,unambiguous,long,comma,final,9,2,teacher,14.513189315795898
critical,9,unambiguous,long,comma,final,9,3,finished,10.256351470947266
critical,9,unambiguous,long,comma,final,9,4,"grading,",10.289977788925173
critical,9,unambiguous,long,comma,final,9,5,the,2.41492247581482
critical,9,unambiguous,long,comma,final,9,6,students,3.948666572570801
critical,9,unambiguous,long,comma,final,9,7,studying,15.583312034606934
critical,9,unambiguous,long,comma,final,9,8,engineering,13.826931953430176
critical,9,unambiguous,long,comma,final,9,9,passed.,12.429221868515016
critical,9,unambiguous,short,comma,final,7,0,After,15.716473579406738
critical,9,unambiguous,short,comma,final,7,1,the,3.606374263763428
critical,9,unambiguous,short,comma,final,7,2,teacher,14.513189315795898
critical,9,unambiguous,short,comma,final,7,3,finished,10.256351470947266
critical,9,unambiguous,short,comma,final,7,4,"grading,",10.289977788925173
critical,9,unambiguous,short,comma,final,7,5,the,2.41492247581482
critical,9,unambiguous,short,comma,final,7,6,students,3.948666572570801
critical,9,unambiguous,short,comma,final,7,7,passed.,14.49419116973877
critical,9,unambiguous,long,object,final,11,0,After,15.716473579406738
critical,9,unambiguous,long,object,final,11,1,the,3.606374263763428
critical,9,unambiguous,long,object,final,11,2,teacher,14.513189315795898
critical,9,unambiguous,long,object,final,11,3,finished,10.256351470947266
critical,9,unambiguous,long,object,final,11,4,grading,7.815904140472412
critical,9,unambiguous,long,object,final,11,5,the,2.188543796539306
critical,9,unambiguous,long,object,final,11,6,final,7.882198810577393
critical,9,unambiguous,long,object,final,11,7,the,12.589492797851562
critical,9,unambiguous,long,object,final,11,8,students,3.000929355621338
critical,9,unambiguous,long,object,final,11,9,studying,14.348426818847656
critical,9,unambiguous,long,object,final,11,10,engineering,12.790390968322754
critical,9,unambiguous,long,object,final,11,11,passed.,12.09402871131897
critical,9,unambiguous,short,object,final,9,0,After,15.716473579406738
critical,9,unambiguous,short,object,final,9,1,the,3.606374263763428
critical,9,unambiguous,short,object,final,9,2,teacher,14.513189315795898
critical,9,unambiguous,short,object,final,9,3,finished,10.256351470947266
critical,9,unambiguous,short,object,final,9,4,grading,7.815904140472412
critical,9,unambiguous,short,object,final,9,5,the,2.188543796539306
critical,9,unambiguous,short,object,final,9,6,final,7.882198810577393
critical,9,unambiguous,short,object,final,9,7,the,12.589492797851562
critical,9,unambiguous,short,object,final,9,8,students,3.000929355621338
critical,9,unambiguous,short,object,final,9,9,passed.,12.499699115753174
critical,9,ambiguous,long,,nonfinal,9,0,After,15.716473579406738
critical,9,ambiguous,long,,nonfinal,9,1,the,3.606374263763428
critical,9,ambiguous,long,,nonfinal,9,2,teacher,14.513189315795898
critical,9,ambiguous,long,,nonfinal,9,3,finished,10.256351470947266
critical,9,ambiguous,long,,nonfinal,9,4,grading,7.815904140472412
critical,9,ambiguous,long,,nonfinal,9,5,the,2.188543796539306
critical,9,ambiguous,long,,nonfinal,9,6,students,3.2513251304626465
critical,9,ambiguous,long,,nonfinal,9,7,studying,13.008899688720703
critical,9,ambiguous,long,,nonfinal,9,8,engineering,12.861649513244627
critical,9,ambiguous,long,,nonfinal,9,9,passed,15.92440414428711
critical,9,ambiguous,long,,nonfinal,9,10,the,1.8740659952163696
critical,9,ambiguous,long,,nonfinal,9,11,class.,4.680800914764404
critical,9,ambiguous,short,,nonfinal,7,0,After,15.716473579406738
critical,9,ambiguous,short,,nonfinal,7,1,the,3.606374263763428
critical,9,ambiguous,short,,nonfinal,7,2,teacher,14.513189315795898
critical,9,ambiguous,short,,nonfinal,7,3,finished,10.256351470947266
critical,9,ambiguous,short,,nonfinal,7,4,grading,7.815904140472412
critical,9,ambiguous,short,,nonfinal,7,5,the,2.188543796539306
critical,9,ambiguous,short,,nonfinal,7,6,students,3.2513251304626465
critical,9,ambiguous,short,,nonfinal,7,7,passed,13.951859474182127
critical,9,ambiguous,short,,nonfinal,7,8,the,2.1126184463500977
critical,9,ambiguous,short,,nonfinal,7,9,class.,4.847775459289551
critical,9,unambiguous,long,comma,nonfinal,9,0,After,15.716473579406738
critical,9,unambiguous,long,comma,nonfinal,9,1,the,3.606374263763428
critical,9,unambiguous,long,comma,nonfinal,9,2,teacher,14.513189315795898
critical,9,unambiguous,long,comma,nonfinal,9,3,finished,10.256351470947266
critical,9,unambiguous,long,comma,nonfinal,9,4,"grading,",10.289977788925173
critical,9,unambiguous,long,comma,nonfinal,9,5,the,2.41492247581482
critical,9,unambiguous,long,comma,nonfinal,9,6,students,3.948666572570801
critical,9,unambiguous,long,comma,nonfinal,9,7,studying,15.583312034606934
critical,9,unambiguous,long,comma,nonfinal,9,8,engineering,13.826931953430176
critical,9,unambiguous,long,comma,nonfinal,9,9,passed,8.78662395477295
critical,9,unambiguous,long,comma,nonfinal,9,10,the,1.4055137634277344
critical,9,unambiguous,long,comma,nonfinal,9,11,class.,4.000762343406677
critical,9,unambiguous,short,comma,nonfinal,7,0,After,15.716473579406738
critical,9,unambiguous,short,comma,nonfinal,7,1,the,3.606374263763428
critical,9,unambiguous,short,comma,nonfinal,7,2,teacher,14.513189315795898
critical,9,unambiguous,short,comma,nonfinal,7,3,finished,10.256351470947266
critical,9,unambiguous,short,comma,nonfinal,7,4,"grading,",10.289977788925173
critical,9,unambiguous,short,comma,nonfinal,7,5,the,2.41492247581482
critical,9,unambiguous,short,comma,nonfinal,7,6,students,3.948666572570801
critical,9,unambiguous,short,comma,nonfinal,7,7,passed,8.63204288482666
critical,9,unambiguous,short,comma,nonfinal,7,8,the,1.8195929527282717
critical,9,unambiguous,short,comma,nonfinal,7,9,class.,4.29500937461853
critical,9,unambiguous,long,object,nonfinal,11,0,After,15.716473579406738
critical,9,unambiguous,long,object,nonfinal,11,1,the,3.606374263763428
critical,9,unambiguous,long,object,nonfinal,11,2,teacher,14.513189315795898
critical,9,unambiguous,long,object,nonfinal,11,3,finished,10.256351470947266
critical,9,unambiguous,long,object,nonfinal,11,4,grading,7.815904140472412
critical,9,unambiguous,long,object,nonfinal,11,5,the,2.188543796539306
critical,9,unambiguous,long,object,nonfinal,11,6,final,7.882198810577393
critical,9,unambiguous,long,object,nonfinal,11,7,the,12.589492797851562
critical,9,unambiguous,long,object,nonfinal,11,8,students,3.000929355621338
critical,9,unambiguous,long,object,nonfinal,11,9,studying,14.348426818847656
critical,9,unambiguous,long,object,nonfinal,11,10,engineering,12.790390968322754
critical,9,unambiguous,long,object,nonfinal,11,11,passed,8.435591697692871
critical,9,unambiguous,long,object,nonfinal,11,12,the,1.6039129495620728
critical,9,unambiguous,long,object,nonfinal,11,13,class.,4.8885228633880615
critical,9,unambiguous,short,object,nonfinal,9,0,After,15.716473579406738
critical,9,unambiguous,short,object,nonfinal,9,1,the,3.606374263763428
critical,9,unambiguous,short,object,nonfinal,9,2,teacher,14.513189315795898
critical,9,unambiguous,short,object,nonfinal,9,3,finished,10.256351470947266
critical,9,unambiguous,short,object,nonfinal,9,4,grading,7.815904140472412
critical,9,unambiguous,short,object,nonfinal,9,5,the,2.188543796539306
critical,9,unambiguous,short,object,nonfinal,9,6,final,7.882198810577393
critical,9,unambiguous,short,object,nonfinal,9,7,the,12.589492797851562
critical,9,unambiguous,short,object,nonfinal,9,8,students,3.000929355621338
critical,9,unambiguous,short,object,nonfinal,9,9,passed,7.982020378112793
critical,9,unambiguous,short,object,nonfinal,9,10,the,1.783116102218628
critical,9,unambiguous,short,object,nonfinal,9,11,class.,5.005977392196655
critical,10,ambiguous,long,,final,10,0,Since,16.483989715576172
critical,10,ambiguous,long,,final,10,1,the,2.449825525283813
critical,10,ambiguous,long,,final,10,2,company,8.349485397338867
critical,10,ambiguous,long,,final,10,3,shut,8.296542167663574
critical,10,ambiguous,long,,final,10,4,down,0.4661802947521209
critical,10,ambiguous,long,,final,10,5,their,6.612443923950195
critical,10,ambiguous,long,,final,10,6,product,8.440258979797363
critical,10,ambiguous,long,,final,10,7,line,2.8403937816619877
critical,10,ambiguous,long,,final,10,8,of,5.81602954864502
critical,10,ambiguous,long,,final,10,9,streetwear,15.559305906295776
critical,10,ambiguous,long,,final,10,10,disappeared.,27.109199047088623
critical,10,ambiguous,short,,final,8,0,Since,16.483989715576172
critical,10,ambiguous,short,,final,8,1,the,2.449825525283813
critical,10,ambiguous,short,,final,8,2,company,8.349485397338867
critical,10,ambiguous,short,,final,8,3,shut,8.296542167663574
critical,10,ambiguous,short,,final,8,4,down,0.4661802947521209
critical,10,ambiguous,short,,final,8,5,their,6.612443923950195
critical,10,ambiguous,short,,final,8,6,product,8.440258979797363
critical,10,ambiguous,short,,final,8,7,line,2.8403937816619877
critical,10,ambiguous,short,,final,8,8,disappeared.,26.787797451019287
critical,10,unambiguous,long,comma,final,10,0,Since,16.483989715576172
critical,10,unambiguous,long,comma,final,10,1,the,2.449825525283813
critical,10,unambiguous,long,comma,final,10,2,company,8.349485397338867
critical,10,unambiguous,long,comma,final,10,3,shut,8.296542167663574
critical,10,unambiguous,long,comma,final,10,4,"down,",4.949924916028976
critical,10,unambiguous,long,comma,final,10,5,their,8.918673515319824
critical,10,unambiguous,long,comma,final,10,6,product,6.810821056365967
critical,10,unambiguous,long,comma,final,10,7,line,4.913904666900635
critical,10,unambiguous,long,comma,final,10,8,of,5.932845592498779
critical,10,unambiguous,long,comma,final,10,9,streetwear,14.147286891937256
critical,10,unambiguous,long,comma,final,10,10,disappeared.,14.905199766159058
critical,10,unambiguous,short,comma,final,8,0,Since,16.483989715576172
critical,10,unambiguous,short,comma,final,8,1,the,2.449825525283813
critical,10,unambiguous,short,comma,final,8,2,company,8.349485397338867
critical,10,unambiguous,short,comma,final,8,3,shut,8.296542167663574
critical,10,unambiguous,short,comma,final,8,4,"down,",4.949924916028976
critical,10,unambiguous,short,comma,final,8,5,their,8.918673515319824
critical,10,unambiguous,short,comma,final,8,6,product,6.810821056365967
critical,10,unambiguous,short,comma,final,8,7,line,4.913904666900635
critical,10,unambiguous,short,comma,final,8,8,disappeared.,15.445483684539797
critical,10,unambiguous,long,object,final,13,0,Since,16.483989715576172
critical,10,unambiguous,long,object,final,13,1,the,2.449825525283813
critical,10,unambiguous,long,object,final,13,2,company,8.349485397338867
critical,10,unambiguous,long,object,final,13,3,shut,8.296542167663574
critical,10,unambiguous,long,object,final,13,4,down,0.4661802947521209
critical,10,unambiguous,long,object,final,13,5,the,3.461765766143799
critical,10,unambiguous,long,object,final,13,6,clothing,14.144436836242676
critical,10,unambiguous,long,object,final,13,7,brand,5.337075710296631
critical,10,unambiguous,long,object,final,13,8,their,13.904254913330078
critical,10,unambiguous,long,object,final,13,9,product,6.5924882888793945
critical,10,unambiguous,long,object,final,13,10,line,2.673595428466797
critical,10,unambiguous,long,object,final,13,11,of,6.140281200408936
critical,10,unambiguous,long,object,final,13,12,streetwear,10.650970876216888
critical,10,unambiguous,long,object,final,13,13,disappeared.,12.6287659406662
critical,10,unambiguous,short,object,final,11,0,Since,16.483989715576172
critical,10,unambiguous,short,object,final,11,1,the,2.449825525283813
critical,10,unambiguous,short,object,final,11,2,company,8.349485397338867
critical,10,unambiguous,short,object,final,11,3,shut,8.296542167663574
critical,10,unambiguous,short,object,final,11,4,down,0.4661802947521209
critical,10,unambiguous,short,object,final,11,5,the,3.461765766143799
critical,10,unambiguous,short,object,final,11,6,clothing,14.144436836242676
critical,10,unambiguous,short,object,final,11,7,brand,5.337075710296631
critical,10,unambiguous,short,object,final,11,8,their,13.904254913330078
critical,10,unambiguous,short,object,final,11,9,product,6.5924882888793945
critical,10,unambiguous,short,object,final,11,10,line,2.673595428466797
critical,10,unambiguous,short,object,final,11,11,disappeared.,12.605958938598633
critical,10,ambiguous,long,,nonfinal,10,0,Since,16.483989715576172
critical,10,ambiguous,long,,nonfinal,10,1,the,2.449825525283813
critical,10,ambiguous,long,,nonfinal,10,2,company,8.349485397338867
critical,10,ambiguous,long,,nonfinal,10,3,shut,8.296542167663574
critical,10,ambiguous,long,,nonfinal,10,4,down,0.4661802947521209
critical,10,ambiguous,long,,nonfinal,10,5,their,6.612443923950195
critical,10,ambiguous,long,,nonfinal,10,6,product,8.440258979797363
critical,10,ambiguous,long,,nonfinal,10,7,line,2.8403937816619877
critical,10,ambiguous,long,,nonfinal,10,8,of,5.81602954864502
critical,10,ambiguous,long,,nonfinal,10,9,streetwear,15.559305906295776
critical,10,ambiguous,long,,nonfinal,10,10,disappeared,19.7052059173584
critical,10,ambiguous,long,,nonfinal,10,11,from,3.100123405456543
critical,10,ambiguous,long,,nonfinal,10,12,the,1.2536187171936035
critical,10,ambiguous,long,,nonfinal,10,13,market.,10.12347650527954
critical,10,ambiguous,short,,nonfinal,8,0,Since,16.483989715576172
critical,10,ambiguous,short,,nonfinal,8,1,the,2.449825525283813
critical,10,ambiguous,short,,nonfinal,8,2,company,8.349485397338867
critical,10,ambiguous,short,,nonfinal,8,3,shut,8.296542167663574
critical,10,ambiguous,short,,nonfinal,8,4,down,0.4661802947521209
critical,10,ambiguous,short,,nonfinal,8,5,their,6.612443923950195
critical,10,ambiguous,short,,nonfinal,8,6,product,8.440258979797363
critical,10,ambiguous,short,,nonfinal,8,7,line,2.8403937816619877
critical,10,ambiguous,short,,nonfinal,8,8,disappeared,20.601408004760746
critical,10,ambiguous,short,,nonfinal,8,9,from,2.500919342041016
critical,10,ambiguous,short,,nonfinal,8,10,the,1.225044846534729
critical,10,ambiguous,short,,nonfinal,8,11,market.,8.94054400920868
critical,10,unambiguous,long,comma,nonfinal,10,0,Since,16.483989715576172
critical,10,unambiguous,long,comma,nonfinal,10,1,the,2.449825525283813
critical,10,unambiguous,long,comma,nonfinal,10,2,company,8.349485397338867
critical,10,unambiguous,long,comma,nonfinal,10,3,shut,8.296542167663574
critical,10,unambiguous,long,comma,nonfinal,10,4,"down,",4.949924916028976
critical,10,unambiguous,long,comma,nonfinal,10,5,their,8.918673515319824
critical,10,unambiguous,long,comma,nonfinal,10,6,product,6.810821056365967
critical,10,unambiguous,long,comma,nonfinal,10,7,line,4.913904666900635
critical,10,unambiguous,long,comma,nonfinal,10,8,of,5.932845592498779
critical,10,unambiguous,long,comma,nonfinal,10,9,streetwear,14.147286891937256
critical,10,unambiguous,long,comma,nonfinal,10,10,disappeared,13.18563747406006
critical,10,unambiguous,long,comma,nonfinal,10,11,from,2.103372573852539
critical,10,unambiguous,long,comma,nonfinal,10,12,the,1.0655109882354736
critical,10,unambiguous,long,comma,nonfinal,10,13,market.,2.3371699452400208
critical,10,unambiguous,short,comma,nonfinal,8,0,Since,16.483989715576172
critical,10,unambiguous,short,comma,nonfinal,8,1,the,2.449825525283813
critical,10,unambiguous,short,comma,nonfinal,8,2,company,8.349485397338867
critical,10,unambiguous,short,comma,nonfinal,8,3,shut,8.296542167663574
critical,10,unambiguous,short,comma,nonfinal,8,4,"down,",4.949924916028976
critical,10,unambiguous,short,comma,nonfinal,8,5,their,8.918673515319824
critical,10,unambiguous,short,comma,nonfinal,8,6,product,6.810821056365967
critical,10,unambiguous,short,comma,nonfinal,8,7,line,4.913904666900635
critical,10,unambiguous,short,comma,nonfinal,8,8,disappeared,13.41240119934082
critical,10,unambiguous,short,comma,nonfinal,8,9,from,1.6794312000274658
critical,10,unambiguous,short,comma,nonfinal,8,10,the,0.9804607033729552
critical,10,unambiguous,short,comma,nonfinal,8,11,market.,2.406557261943817
critical,10,unambiguous,long,object,nonfinal,13,0,Since,16.483989715576172
critical,10,unambiguous,long,object,nonfinal,13,1,the,2.449825525283813
critical,10,unambiguous,long,object,nonfinal,13,2,company,8.349485397338867
critical,10,unambiguous,long,object,nonfinal,13,3,shut,8.296542167663574
critical,10,unambiguous,long,object,nonfinal,13,4,down,0.4661802947521209
critical,10,unambiguous,long,object,nonfinal,13,5,the,3.461765766143799
critical,10,unambiguous,long,object,nonfinal,13,6,clothing,14.144436836242676
critical,10,unambiguous,long,object,nonfinal,13,7,brand,5.337075710296631
critical,10,unambiguous,long,object,nonfinal,13,8,their,13.904254913330078
critical,10,unambiguous,long,object,nonfinal,13,9,product,6.5924882888793945
critical,10,unambiguous,long,object,nonfinal,13,10,line,2.673595428466797
critical,10,unambiguous,long,object,nonfinal,13,11,of,6.140281200408936
critical,10,unambiguous,long,object,nonfinal,13,12,streetwear,10.650970876216888
critical,10,unambiguous,long,object,nonfinal,13,13,disappeared,10.792112350463867
critical,10,unambiguous,long,object,nonfinal,13,14,from,2.223479747772217
critical,10,unambiguous,long,object,nonfinal,13,15,the,0.8892025947570801
critical,10,unambiguous,long,object,nonfinal,13,16,market.,2.23925256729126
critical,10,unambiguous,short,object,nonfinal,11,0,Since,16.483989715576172
critical,10,unambiguous,short,object,nonfinal,11,1,the,2.449825525283813
critical,10,unambiguous,short,object,nonfinal,11,2,company,8.349485397338867
critical,10,unambiguous,short,object,nonfinal,11,3,shut,8.296542167663574
critical,10,unambiguous,short,object,nonfinal,11,4,down,0.4661802947521209
critical,10,unambiguous,short,object,nonfinal,11,5,the,3.461765766143799
critical,10,unambiguous,short,object,nonfinal,11,6,clothing,14.144436836242676
critical,10,unambiguous,short,object,nonfinal,11,7,brand,5.337075710296631
critical,10,unambiguous,short,object,nonfinal,11,8,their,13.904254913330078
critical,10,unambiguous,short,object,nonfinal,11,9,product,6.5924882888793945
critical,10,unambiguous,short,object,nonfinal,11,10,line,2.673595428466797
critical,10,unambiguous,short,object,nonfinal,11,11,disappeared,10.513031959533691
critical,10,unambiguous,short,object,nonfinal,11,12,from,1.900152325630188
critical,10,unambiguous,short,object,nonfinal,11,13,the,0.9047883152961732
critical,10,unambiguous,short,object,nonfinal,11,14,market.,2.517627954483032
critical,11,ambiguous,long,,final,7,0,Because,16.478105545043945
critical,11,ambiguous,long,,final,7,1,the,3.560662746429444
critical,11,ambiguous,long,,final,7,2,employees,13.196919441223145
critical,11,ambiguous,long,,final,7,3,mopped,19.682888984680176
critical,11,ambiguous,long,,final,7,4,the,2.4872047901153564
critical,11,ambiguous,long,,final,7,5,bathroom,11.030179977416992
critical,11,ambiguous,long,,final,7,6,downstairs,12.329598426818848
critical,11,ambiguous,long,,final,7,7,sparkled.,28.5531542301178
critical,11,ambiguous,short,,final,6,0,Because,16.478105545043945
critical,11,ambiguous,short,,final,6,1,the,3.560662746429444
critical,11,ambiguous,short,,final,6,2,employees,13.196919441223145
critical,11,ambiguous,short,,final,6,3,mopped,19.682888984680176
critical,11,ambiguous,short,,final,6,4,the,2.4872047901153564
critical,11,ambiguous,short,,final,6,5,bathroom,11.030179977416992
critical,11,ambiguous,short,,final,6,6,sparkled.,33.31390333175659
critical,11,unambiguous,long,comma,final,7,0,Because,16.478105545043945
critical,11,unambiguous,long,comma,final,7,1,the,3.560662746429444
critical,11,unambiguous,long,comma,final,7,2,employees,13.196919441223145
critical,11,unambiguous,long,comma,final,7,3,"mopped,",27.605769157409668
critical,11,unambiguous,long,comma,final,7,4,the,3.171172857284546
critical,11,unambiguous,long,comma,final,7,5,bathroom,11.02474308013916
critical,11,unambiguous,long,comma,final,7,6,downstairs,12.375144958496094
critical,11,unambiguous,long,comma,final,7,7,sparkled.,18.98103888332844
critical,11,unambiguous,short,comma,final,6,0,Because,16.478105545043945
critical,11,unambiguous,short,comma,final,6,1,the,3.560662746429444
critical,11,unambiguous,short,comma,final,6,2,employees,13.196919441223145
critical,11,unambiguous,short,comma,final,6,3,"mopped,",27.605769157409668
critical,11,unambiguous,short,comma,final,6,4,the,3.171172857284546
critical,11,unambiguous,short,comma,final,6,5,bathroom,11.02474308013916
critical,11,unambiguous,short,comma,final,6,6,sparkled.,22.063936710357662
critical,11,unambiguous,long,object,final,9,0,Because,16.478105545043945
critical,11,unambiguous,long,object,final,9,1,the,3.560662746429444
critical,11,unambiguous,long,object,final,9,2,employees,13.196919441223145
critical,11,unambiguous,long,object,final,9,3,mopped,19.682888984680176
critical,11,unambiguous,long,object,final,9,4,the,2.4872047901153564
critical,11,unambiguous,long,object,final,9,5,floor,1.7373604774475098
critical,11,unambiguous,long,object,final,9,6,the,7.833537101745605
critical,11,unambiguous,long,object,final,9,7,bathroom,8.591702461242676
critical,11,unambiguous,long,object,final,9,8,downstairs,9.967706680297852
critical,11,unambiguous,long,object,final,9,9,sparkled.,21.95624655485153
critical,11,unambiguous,short,object,final,8,0,Because,16.478105545043945
critical,11,unambiguous,short,object,final,8,1,the,3.560662746429444
critical,11,unambiguous,short,object,final,8,2,employees,13.196919441223145
critical,11,unambiguous,short,object,final,8,3,mopped,19.682888984680176
critical,11,unambiguous,short,object,final,8,4,the,2.4872047901153564
critical,11,unambiguous,short,object,final,8,5,floor,1.7373604774475098
critical,11,unambiguous,short,object,final,8,6,the,7.833537101745605
critical,11,unambiguous,short,object,final,8,7,bathroom,8.591702461242676
critical,11,unambiguous,short,object,final,8,8,sparkled.,22.198320388793945
critical,11,ambiguous,long,,nonfinal,7,0,Because,16.478105545043945
critical,11,ambiguous,long,,nonfinal,7,1,the,3.560662746429444
critical,11,ambiguous,long,,nonfinal,7,2,employees,13.196919441223145
critical,11,ambiguous,long,,nonfinal,7,3,mopped,19.682888984680176
critical,11,ambiguous,long,,nonfinal,7,4,the,2.4872047901153564
critical,11,ambiguous,long,,nonfinal,7,5,bathroom,11.030179977416992
critical,11,ambiguous,long,,nonfinal,7,6,downstairs,12.329598426818848
critical,11,ambiguous,long,,nonfinal,7,7,sparkled,24.760576248168945
critical,11,ambiguous,long,,nonfinal,7,8,brilliantly,11.334443092346191
critical,11,ambiguous,long,,nonfinal,7,9,in,3.639273881912232
critical,11,ambiguous,long,,nonfinal,7,10,the,0.6520041227340698
critical,11,ambiguous,long,,nonfinal,7,11,light.,6.059358835220337
critical,11,ambiguous,short,,nonfinal,6,0,Because,16.478105545043945
critical,11,ambiguous,short,,nonfinal,6,1,the,3.560662746429444
critical,11,ambiguous,short,,nonfinal,6,2,employees,13.196919441223145
critical,11,ambiguous,short,,nonfinal,6,3,mopped,19.682888984680176
critical,11,ambiguous,short,,nonfinal,6,4,the,2.4872047901153564
critical,11,ambiguous,short,,nonfinal,6,5,bathroom,11.030179977416992
critical,11,ambiguous,short,,nonfinal,6,6,sparkled,29.58716869354248
critical,11,ambiguous,short,,nonfinal,6,7,brilliantly,11.800464630126951
critical,11,ambiguous,short,,nonfinal,6,8,in,3.668541193008423
critical,11,ambiguous,short,,nonfinal,6,9,the,0.7710986733436584
critical,11,ambiguous,short,,nonfinal,6,10,light.,6.8549147844314575
critical,11,unambiguous,long,comma,nonfinal,7,0,Because,16.478105545043945
critical,11,unambiguous,long,comma,nonfinal,7,1,the,3.560662746429444
critical,11,unambiguous,long,comma,nonfinal,7,2,employees,13.196919441223145
critical,11,unambiguous,long,comma,nonfinal,7,3,"mopped,",27.605769157409668
critical,11,unambiguous,long,comma,nonfinal,7,4,the,3.171172857284546
critical,11,unambiguous,long,comma,nonfinal,7,5,bathroom,11.02474308013916
critical,11,unambiguous,long,comma,nonfinal,7,6,downstairs,12.375144958496094
critical,11,unambiguous,long,comma,nonfinal,7,7,sparkled,16.650770261883736
critical,11,unambiguous,long,comma,nonfinal,7,8,brilliantly,10.127779960632324
critical,11,unambiguous,long,comma,nonfinal,7,9,in,5.5352654457092285
critical,11,unambiguous,long,comma,nonfinal,7,10,the,0.3824453949928283
critical,11,unambiguous,long,comma,nonfinal,7,11,light.,5.236483573913574
critical,11,unambiguous,short,comma,nonfinal,6,0,Because,16.478105545043945
critical,11,unambiguous,short,comma,nonfinal,6,1,the,3.560662746429444
critical,11,unambiguous,short,comma,nonfinal,6,2,employees,13.196919441223145
critical,11,unambiguous,short,comma,nonfinal,6,3,"mopped,",27.605769157409668
critical,11,unambiguous,short,comma,nonfinal,6,4,the,3.171172857284546
critical,11,unambiguous,short,comma,nonfinal,6,5,bathroom,11.02474308013916
critical,11,unambiguous,short,comma,nonfinal,6,6,sparkled,19.376153469085693
critical,11,unambiguous,short,comma,nonfinal,6,7,brilliantly,11.290757179260254
critical,11,unambiguous,short,comma,nonfinal,6,8,in,5.171906471252441
critical,11,unambiguous,short,comma,nonfinal,6,9,the,0.4003205597400665
critical,11,unambiguous,short,comma,nonfinal,6,10,light.,6.13569176197052
critical,11,unambiguous,long,object,nonfinal,9,0,Because,16.478105545043945
critical,11,unambiguous,long,object,nonfinal,9,1,the,3.560662746429444
critical,11,unambiguous,long,object,nonfinal,9,2,employees,13.196919441223145
critical,11,unambiguous,long,object,nonfinal,9,3,mopped,19.682888984680176
critical,11,unambiguous,long,object,nonfinal,9,4,the,2.4872047901153564
critical,11,unambiguous,long,object,nonfinal,9,5,floor,1.7373604774475098
critical,11,unambiguous,long,object,nonfinal,9,6,the,7.833537101745605
critical,11,unambiguous,long,object,nonfinal,9,7,bathroom,8.591702461242676
critical,11,unambiguous,long,object,nonfinal,9,8,downstairs,9.967706680297852
critical,11,unambiguous,long,object,nonfinal,9,9,sparkled,19.222894608974457
critical,11,unambiguous,long,object,nonfinal,9,10,brilliantly,9.902259826660156
critical,11,unambiguous,long,object,nonfinal,9,11,in,4.783010959625244
critical,11,unambiguous,long,object,nonfinal,9,12,the,0.4115090668201446
critical,11,unambiguous,long,object,nonfinal,9,13,light.,5.102518916130066
critical,11,unambiguous,short,object,nonfinal,8,0,Because,16.478105545043945
critical,11,unambiguous,short,object,nonfinal,8,1,the,3.560662746429444
critical,11,unambiguous,short,object,nonfinal,8,2,employees,13.196919441223145
critical,11,unambiguous,short,object,nonfinal,8,3,mopped,19.682888984680176
critical,11,unambiguous,short,object,nonfinal,8,4,the,2.4872047901153564
critical,11,unambiguous,short,object,nonfinal,8,5,floor,1.7373604774475098
critical,11,unambiguous,short,object,nonfinal,8,6,the,7.833537101745605
critical,11,unambiguous,short,object,nonfinal,8,7,bathroom,8.591702461242676
critical,11,unambiguous,short,object,nonfinal,8,8,sparkled,19.60785984992981
critical,11,unambiguous,short,object,nonfinal,8,9,brilliantly,9.918990135192873
critical,11,unambiguous,short,object,nonfinal,8,10,in,4.80062198638916
critical,11,unambiguous,short,object,nonfinal,8,11,the,0.4380301833152771
critical,11,unambiguous,short,object,nonfinal,8,12,light.,5.759035706520081
critical,12,ambiguous,long,,final,8,0,As,14.926304817199709
critical,12,ambiguous,long,,final,8,1,the,3.2082221508026123
critical,12,ambiguous,long,,final,8,2,journalist,12.753286361694336
critical,12,ambiguous,long,,final,8,3,recorded,14.687582015991213
critical,12,ambiguous,long,,final,8,4,the,3.4118165969848637
critical,12,ambiguous,long,,final,8,5,demonstrators,13.262432098388672
critical,12,ambiguous,long,,final,8,6,protesting,6.59803581237793
critical,12,ambiguous,long,,final,8,7,angrily,14.788339614868164
critical,12,ambiguous,long,,final,8,8,shouted.,19.757344245910645
critical,12,ambiguous,short,,final,6,0,As,14.926304817199709
critical,12,ambiguous,short,,final,6,1,the,3.2082221508026123
critical,12,ambiguous,short,,final,6,2,journalist,12.753286361694336
critical,12,ambiguous,short,,final,6,3,recorded,14.687582015991213
critical,12,ambiguous,short,,final,6,4,the,3.4118165969848637
critical,12,ambiguous,short,,final,6,5,demonstrators,13.262432098388672
critical,12,ambiguous,short,,final,6,6,shouted.,18.413305282592773
critical,12,unambiguous,long,comma,final,8,0,As,14.926304817199709
critical,12,unambiguous,long,comma,final,8,1,the,3.2082221508026123
critical,12,unambiguous,long,comma,final,8,2,journalist,12.753286361694336
critical,12,unambiguous,long,comma,final,8,3,"recorded,",16.520713448524475
critical,12,unambiguous,long,comma,final,8,4,the,2.966797113418579
critical,12,unambiguous,long,comma,final,8,5,demonstrators,9.468809127807615
critical,12,unambiguous,long,comma,final,8,6,protesting,9.71263313293457
critical,12,unambiguous,long,comma,final,8,7,angrily,14.910263061523438
critical,12,unambiguous,long,comma,final,8,8,shouted.,12.762466192245483
critical,12,unambiguous,short,comma,final,6,0,As,14.926304817199709
critical,12,unambiguous,short,comma,final,6,1,the,3.2082221508026123
critical,12,unambiguous,short,comma,final,6,2,journalist,12.753286361694336
critical,12,unambiguous,short,comma,final,6,3,"recorded,",16.520713448524475
critical,12,unambiguous,short,comma,final,6,4,the,2.966797113418579
critical,12,unambiguous,short,comma,final,6,5,demonstrators,9.468809127807615
critical,12,unambiguous,short,comma,final,6,6,shouted.,14.663840293884276
critical,12,unambiguous,long,object,final,10,0,As,14.926304817199709
critical,12,unambiguous,long,object,final,10,1,the,3.2082221508026123
critical,12,unambiguous,long,object,final,10,2,journalist,12.753286361694336
critical,12,unambiguous,long,object,final,10,3,recorded,14.687582015991213
critical,12,unambiguous,long,object,final,10,4,the,3.4118165969848637
critical,12,unambiguous,long,object,final,10,5,commotion,11.058957487344742
critical,12,unambiguous,long,object,final,10,6,the,7.605672359466553
critical,12,unambiguous,long,object,final,10,7,demonstrators,10.010601043701172
critical,12,unambiguous,long,object,final,10,8,protesting,12.011070251464844
critical,12,unambiguous,long,object,final,10,9,angrily,14.827524185180664
critical,12,unambiguous,long,object,final,10,10,shouted.,9.839223623275757
critical,12,unambiguous,short,object,final,8,0,As,14.926304817199709
critical,12,unambiguous,short,object,final,8,1,the,3.2082221508026123
critical,12,unambiguous,short,object,final,8,2,journalist,12.753286361694336
critical,12,unambiguous,short,object,final,8,3,recorded,14.687582015991213
critical,12,unambiguous,short,object,final,8,4,the,3.4118165969848637
critical,12,unambiguous,short,object,final,8,5,commotion,11.058957487344742
critical,12,unambiguous,short,object,final,8,6,the,7.605672359466553
critical,12,unambiguous,short,object,final,8,7,demonstrators,10.010601043701172
critical,12,unambiguous,short,object,final,8,8,shouted.,11.619478225708008
critical,12,ambiguous,long,,nonfinal,8,0,As,14.926304817199709
critical,12,ambiguous,long,,nonfinal,8,1,the,3.2082221508026123
critical,12,ambiguous,long,,nonfinal,8,2,journalist,12.753286361694336
critical,12,ambiguous,long,,nonfinal,8,3,recorded,14.687582015991213
critical,12,ambiguous,long,,nonfinal,8,4,the,3.4118165969848637
critical,12,ambiguous,long,,nonfinal,8,5,demonstrators,13.262432098388672
critical,12,ambiguous,long,,nonfinal,8,6,protesting,6.59803581237793
critical,12,ambiguous,long,,nonfinal,8,7,angrily,14.788339614868164
critical,12,ambiguous,long,,nonfinal,8,8,shouted,10.789932250976562
critical,12,ambiguous,long,,nonfinal,8,9,to,7.520126819610596
critical,12,ambiguous,long,,nonfinal,8,10,demand,12.567391395568848
critical,12,ambiguous,long,,nonfinal,8,11,immediate,8.257973670959473
critical,12,ambiguous,long,,nonfinal,8,12,change.,12.266870021820068
critical,12,ambiguous,short,,nonfinal,6,0,As,14.926304817199709
critical,12,ambiguous,short,,nonfinal,6,1,the,3.2082221508026123
critical,12,ambiguous,short,,nonfinal,6,2,journalist,12.753286361694336
critical,12,ambiguous,short,,nonfinal,6,3,recorded,14.687582015991213
critical,12,ambiguous,short,,nonfinal,6,4,the,3.4118165969848637
critical,12,ambiguous,short,,nonfinal,6,5,demonstrators,13.262432098388672
critical,12,ambiguous,short,,nonfinal,6,6,shouted,9.344706535339355
critical,12,ambiguous,short,,nonfinal,6,7,to,7.199507236480713
critical,12,ambiguous,short,,nonfinal,6,8,demand,10.745662689208984
critical,12,ambiguous,short,,nonfinal,6,9,immediate,8.564724922180176
critical,12,ambiguous,short,,nonfinal,6,10,change.,11.570024013519289
critical,12,unambiguous,long,comma,nonfinal,8,0,As,14.926304817199709
critical,12,unambiguous,long,comma,nonfinal,8,1,the,3.2082221508026123
critical,12,unambiguous,long,comma,nonfinal,8,2,journalist,12.753286361694336
critical,12,unambiguous,long,comma,nonfinal,8,3,"recorded,",16.520713448524475
critical,12,unambiguous,long,comma,nonfinal,8,4,the,2.966797113418579
critical,12,unambiguous,long,comma,nonfinal,8,5,demonstrators,9.468809127807615
critical,12,unambiguous,long,comma,nonfinal,8,6,protesting,9.71263313293457
critical,12,unambiguous,long,comma,nonfinal,8,7,angrily,14.910263061523438
critical,12,unambiguous,long,comma,nonfinal,8,8,shouted,3.5574376583099365
critical,12,unambiguous,long,comma,nonfinal,8,9,to,8.262762069702148
critical,12,unambiguous,long,comma,nonfinal,8,10,demand,13.378180503845217
critical,12,unambiguous,long,comma,nonfinal,8,11,immediate,8.673880577087402
critical,12,unambiguous,long,comma,nonfinal,8,12,change.,11.31656813621521
critical,12,unambiguous,short,comma,nonfinal,6,0,As,14.926304817199709
critical,12,unambiguous,short,comma,nonfinal,6,1,the,3.2082221508026123
critical,12,unambiguous,short,comma,nonfinal,6,2,journalist,12.753286361694336
critical,12,unambiguous,short,comma,nonfinal,6,3,"recorded,",16.520713448524475
critical,12,unambiguous,short,comma,nonfinal,6,4,the,2.966797113418579
critical,12,unambiguous,short,comma,nonfinal,6,5,demonstrators,9.468809127807615
critical,12,unambiguous,short,comma,nonfinal,6,6,shouted,5.10368537902832
critical,12,unambiguous,short,comma,nonfinal,6,7,to,7.858819961547852
critical,12,unambiguous,short,comma,nonfinal,6,8,demand,11.938072204589844
critical,12,unambiguous,short,comma,nonfinal,6,9,immediate,8.774603843688965
critical,12,unambiguous,short,comma,nonfinal,6,10,change.,11.039932012557983
critical,12,unambiguous,long,object,nonfinal,10,0,As,14.926304817199709
critical,12,unambiguous,long,object,nonfinal,10,1,the,3.2082221508026123
critical,12,unambiguous,long,object,nonfinal,10,2,journalist,12.753286361694336
critical,12,unambiguous,long,object,nonfinal,10,3,recorded,14.687582015991213
critical,12,unambiguous,long,object,nonfinal,10,4,the,3.4118165969848637
critical,12,unambiguous,long,object,nonfinal,10,5,commotion,11.058957487344742
critical,12,unambiguous,long,object,nonfinal,10,6,the,7.605672359466553
critical,12,unambiguous,long,object,nonfinal,10,7,demonstrators,10.010601043701172
critical,12,unambiguous,long,object,nonfinal,10,8,protesting,12.011070251464844
critical,12,unambiguous,long,object,nonfinal,10,9,angrily,14.827524185180664
critical,12,unambiguous,long,object,nonfinal,10,10,shouted,2.8035428524017334
critical,12,unambiguous,long,object,nonfinal,10,11,to,7.363322734832764
critical,12,unambiguous,long,object,nonfinal,10,12,demand,13.034358978271484
critical,12,unambiguous,long,object,nonfinal,10,13,immediate,8.04686164855957
critical,12,unambiguous,long,object,nonfinal,10,14,change.,10.29222297668457
critical,12,unambiguous,short,object,nonfinal,8,0,As,14.926304817199709
critical,12,unambiguous,short,object,nonfinal,8,1,the,3.2082221508026123
critical,12,unambiguous,short,object,nonfinal,8,2,journalist,12.753286361694336
critical,12,unambiguous,short,object,nonfinal,8,3,recorded,14.687582015991213
critical,12,unambiguous,short,object,nonfinal,8,4,the,3.4118165969848637
critical,12,unambiguous,short,object,nonfinal,8,5,commotion,11.058957487344742
critical,12,unambiguous,short,object,nonfinal,8,6,the,7.605672359466553
critical,12,unambiguous,short,object,nonfinal,8,7,demonstrators,10.010601043701172
critical,12,unambiguous,short,object,nonfinal,8,8,shouted,4.421346664428711
critical,12,unambiguous,short,object,nonfinal,8,9,to,6.794827938079834
critical,12,unambiguous,short,object,nonfinal,8,10,demand,12.136295318603516
critical,12,unambiguous,short,object,nonfinal,8,11,immediate,8.154563903808594
critical,12,unambiguous,short,object,nonfinal,8,12,change.,10.095408916473389
critical,13,ambiguous,long,,final,12,0,Whenever,20.25006866455078
critical,13,ambiguous,long,,final,12,1,the,4.59040117263794
critical,13,ambiguous,long,,final,12,2,wildlife,15.849689483642578
critical,13,ambiguous,long,,final,12,3,documentary,13.906312942504885
critical,13,ambiguous,long,,final,12,4,crew,7.009165287017822
critical,13,ambiguous,long,,final,12,5,tries,6.675337314605713
critical,13,ambiguous,long,,final,12,6,to,0.1528967022895813
critical,13,ambiguous,long,,final,12,7,film,6.285572528839111
critical,13,ambiguous,long,,final,12,8,the,2.7815401554107666
critical,13,ambiguous,long,,final,12,9,bear,9.065582275390623
critical,13,ambiguous,long,,final,12,10,hunting,8.115434646606445
critical,13,ambiguous,long,,final,12,11,cautiously,22.511598587036133
critical,13,ambiguous,long,,final,12,12,leaves.,26.43821811676025
critical,13,ambiguous,short,,final,10,0,Whenever,20.25006866455078
critical,13,ambiguous,short,,final,10,1,the,4.59040117263794
critical,13,ambiguous,short,,final,10,2,wildlife,15.849689483642578
critical,13,ambiguous,short,,final,10,3,documentary,13.906312942504885
critical,13,ambiguous,short,,final,10,4,crew,7.009165287017822
critical,13,ambiguous,short,,final,10,5,tries,6.675337314605713
critical,13,ambiguous,short,,final,10,6,to,0.1528967022895813
critical,13,ambiguous,short,,final,10,7,film,6.285572528839111
critical,13,ambiguous,short,,final,10,8,the,2.7815401554107666
critical,13,ambiguous,short,,final,10,9,bear,9.065582275390623
critical,13,ambiguous,short,,final,10,10,leaves.,22.93312931060791
critical,13,unambiguous,long,comma,final,12,0,Whenever,20.25006866455078
critical,13,unambiguous,long,comma,final,12,1,the,4.59040117263794
critical,13,unambiguous,long,comma,final,12,2,wildlife,15.849689483642578
critical,13,unambiguous,long,comma,final,12,3,documentary,13.906312942504885
critical,13,unambiguous,long,comma,final,12,4,crew,7.009165287017822
critical,13,unambiguous,long,comma,final,12,5,tries,6.675337314605713
critical,13,unambiguous,long,comma,final,12,6,to,0.1528967022895813
critical,13,unambiguous,long,comma,final,12,7,"film,",13.830993175506592
critical,13,unambiguous,long,comma,final,12,8,the,3.6655914783477774
critical,13,unambiguous,long,comma,final,12,9,bear,11.423456192016602
critical,13,unambiguous,long,comma,final,12,10,hunting,11.243097305297852
critical,13,unambiguous,long,comma,final,12,11,cautiously,19.683168411254883
critical,13,unambiguous,long,comma,final,12,12,leaves.,14.137358665466309
critical,13,unambiguous,short,comma,final,10,0,Whenever,20.25006866455078
critical,13,unambiguous,short,comma,final,10,1,the,4.59040117263794
critical,13,unambiguous,short,comma,final,10,2,wildlife,15.849689483642578
critical,13,unambiguous,short,comma,final,10,3,documentary,13.906312942504885
critical,13,unambiguous,short,comma,final,10,4,crew,7.009165287017822
critical,13,unambiguous,short,comma,final,10,5,tries,6.675337314605713
critical,13,unambiguous,short,comma,final,10,6,to,0.1528967022895813
critical,13,unambiguous,short,comma,final,10,7,"film,",13.830993175506592
critical,13,unambiguous,short,comma,final,10,8,the,3.6655914783477774
critical,13,unambiguous,short,comma,final,10,9,bear,11.423456192016602
critical,13,unambiguous,short,comma,final,10,10,leaves.,14.187825679779053
critical,13,unambiguous,long,object,final,14,0,Whenever,20.25006866455078
critical,13,unambiguous,long,object,final,14,1,the,4.59040117263794
critical,13,unambiguous,long,object,final,14,2,wildlife,15.849689483642578
critical,13,unambiguous,long,object,final,14,3,documentary,13.906312942504885
critical,13,unambiguous,long,object,final,14,4,crew,7.009165287017822
critical,13,unambiguous,long,object,final,14,5,tries,6.675337314605713
critical,13,unambiguous,long,object,final,14,6,to,0.1528967022895813
critical,13,unambiguous,long,object,final,14,7,film,6.285572528839111
critical,13,unambiguous,long,object,final,14,8,a,1.7472996711730957
critical,13,unambiguous,long,object,final,14,9,scene,6.1958770751953125
critical,13,unambiguous,long,object,final,14,10,the,8.626825332641602
critical,13,unambiguous,long,object,final,14,11,bear,12.5221529006958
critical,13,unambiguous,long,object,final,14,12,hunting,12.629855155944824
critical,13,unambiguous,long,object,final,14,13,cautiously,19.172008514404297
critical,13,unambiguous,long,object,final,14,14,leaves.,13.412103652954102
critical,13,unambiguous,short,object,final,12,0,Whenever,20.25006866455078
critical,13,unambiguous,short,object,final,12,1,the,4.59040117263794
critical,13,unambiguous,short,object,final,12,2,wildlife,15.849689483642578
critical,13,unambiguous,short,object,final,12,3,documentary,13.906312942504885
critical,13,unambiguous,short,object,final,12,4,crew,7.009165287017822
critical,13,unambiguous,short,object,final,12,5,tries,6.675337314605713
critical,13,unambiguous,short,object,final,12,6,to,0.1528967022895813
critical,13,unambiguous,short,object,final,12,7,film,6.285572528839111
critical,13,unambiguous,short,object,final,12,8,a,1.7472996711730957
critical,13,unambiguous,short,object,final,12,9,scene,6.1958770751953125
critical,13,unambiguous,short,object,final,12,10,the,8.626825332641602
critical,13,unambiguous,short,object,final,12,11,bear,12.5221529006958
critical,13,unambiguous,short,object,final,12,12,leaves.,17.776973724365234
critical,13,ambiguous,long,,nonfinal,12,0,Whenever,20.25006866455078
critical,13,ambiguous,long,,nonfinal,12,1,the,4.59040117263794
critical,13,ambiguous,long,,nonfinal,12,2,wildlife,15.849689483642578
critical,13,ambiguous,long,,nonfinal,12,3,documentary,13.906312942504885
critical,13,ambiguous,long,,nonfinal,12,4,crew,7.009165287017822
critical,13,ambiguous,long,,nonfinal,12,5,tries,6.675337314605713
critical,13,ambiguous,long,,nonfinal,12,6,to,0.1528967022895813
critical,13,ambiguous,long,,nonfinal,12,7,film,6.285572528839111
critical,13,ambiguous,long,,nonfinal,12,8,the,2.7815401554107666
critical,13,ambiguous,long,,nonfinal,12,9,bear,9.065582275390623
critical,13,ambiguous,long,,nonfinal,12,10,hunting,8.115434646606445
critical,13,ambiguous,long,,nonfinal,12,11,cautiously,22.511598587036133
critical,13,ambiguous,long,,nonfinal,12,12,leaves,17.76434898376465
critical,13,ambiguous,long,,nonfinal,12,13,the,2.0659492015838623
critical,13,ambiguous,long,,nonfinal,12,14,area,4.584270477294922
critical,13,ambiguous,long,,nonfinal,12,15,quickly.,14.522445678710938
critical,13,ambiguous,short,,nonfinal,10,0,Whenever,20.25006866455078
critical,13,ambiguous,short,,nonfinal,10,1,the,4.59040117263794
critical,13,ambiguous,short,,nonfinal,10,2,wildlife,15.849689483642578
critical,13,ambiguous,short,,nonfinal,10,3,documentary,13.906312942504885
critical,13,ambiguous,short,,nonfinal,10,4,crew,7.009165287017822
critical,13,ambiguous,short,,nonfinal,10,5,tries,6.675337314605713
critical,13,ambiguous,short,,nonfinal,10,6,to,0.1528967022895813
critical,13,ambiguous,short,,nonfinal,10,7,film,6.285572528839111
critical,13,ambiguous,short,,nonfinal,10,8,the,2.7815401554107666
critical,13,ambiguous,short,,nonfinal,10,9,bear,9.065582275390623
critical,13,ambiguous,short,,nonfinal,10,10,leaves,13.733846664428713
critical,13,ambiguous,short,,nonfinal,10,11,the,3.692591190338135
critical,13,ambiguous,short,,nonfinal,10,12,area,5.279927730560303
critical,13,ambiguous,short,,nonfinal,10,13,quickly.,16.10295867919922
critical,13,unambiguous,long,comma,nonfinal,12,0,Whenever,20.25006866455078
critical,13,unambiguous,long,comma,nonfinal,12,1,the,4.59040117263794
critical,13,unambiguous,long,comma,nonfinal,12,2,wildlife,15.849689483642578
critical,13,unambiguous,long,comma,nonfinal,12,3,documentary,13.906312942504885
critical,13,unambiguous,long,comma,nonfinal,12,4,crew,7.009165287017822
critical,13,unambiguous,long,comma,nonfinal,12,5,tries,6.675337314605713
critical,13,unambiguous,long,comma,nonfinal,12,6,to,0.1528967022895813
critical,13,unambiguous,long,comma,nonfinal,12,7,"film,",13.830993175506592
critical,13,unambiguous,long,comma,nonfinal,12,8,the,3.6655914783477774
critical,13,unambiguous,long,comma,nonfinal,12,9,bear,11.423456192016602
critical,13,unambiguous,long,comma,nonfinal,12,10,hunting,11.243097305297852
critical,13,unambiguous,long,comma,nonfinal,12,11,cautiously,19.683168411254883
critical,13,unambiguous,long,comma,nonfinal,12,12,leaves,8.714253425598145
critical,13,unambiguous,long,comma,nonfinal,12,13,the,1.7969517707824707
critical,13,unambiguous,long,comma,nonfinal,12,14,area,4.712280750274658
critical,13,unambiguous,long,comma,nonfinal,12,15,quickly.,10.611995697021484
critical,13,unambiguous,short,comma,nonfinal,10,0,Whenever,20.25006866455078
critical,13,unambiguous,short,comma,nonfinal,10,1,the,4.59040117263794
critical,13,unambiguous,short,comma,nonfinal,10,2,wildlife,15.849689483642578
critical,13,unambiguous,short,comma,nonfinal,10,3,documentary,13.906312942504885
critical,13,unambiguous,short,comma,nonfinal,10,4,crew,7.009165287017822
critical,13,unambiguous,short,comma,nonfinal,10,5,tries,6.675337314605713
critical,13,unambiguous,short,comma,nonfinal,10,6,to,0.1528967022895813
critical,13,unambiguous,short,comma,nonfinal,10,7,"film,",13.830993175506592
critical,13,unambiguous,short,comma,nonfinal,10,8,the,3.6655914783477774
critical,13,unambiguous,short,comma,nonfinal,10,9,bear,11.423456192016602
critical,13,unambiguous,short,comma,nonfinal,10,10,leaves,9.32962703704834
critical,13,unambiguous,short,comma,nonfinal,10,11,the,2.2820253372192383
critical,13,unambiguous,short,comma,nonfinal,10,12,area,5.487264633178711
critical,13,unambiguous,short,comma,nonfinal,10,13,quickly.,8.828615188598633
critical,13,unambiguous,long,object,nonfinal,14,0,Whenever,20.25006866455078
critical,13,unambiguous,long,object,nonfinal,14,1,the,4.59040117263794
critical,13,unambiguous,long,object,nonfinal,14,2,wildlife,15.849689483642578
critical,13,unambiguous,long,object,nonfinal,14,3,documentary,13.906312942504885
critical,13,unambiguous,long,object,nonfinal,14,4,crew,7.009165287017822
critical,13,unambiguous,long,object,nonfinal,14,5,tries,6.675337314605713
critical,13,unambiguous,long,object,nonfinal,14,6,to,0.1528967022895813
critical,13,unambiguous,long,object,nonfinal,14,7,film,6.285572528839111
critical,13,unambiguous,long,object,nonfinal,14,8,a,1.7472996711730957
critical,13,unambiguous,long,object,nonfinal,14,9,scene,6.1958770751953125
critical,13,unambiguous,long,object,nonfinal,14,10,the,8.626825332641602
critical,13,unambiguous,long,object,nonfinal,14,11,bear,12.5221529006958
critical,13,unambiguous,long,object,nonfinal,14,12,hunting,12.629855155944824
critical,13,unambiguous,long,object,nonfinal,14,13,cautiously,19.172008514404297
critical,13,unambiguous,long,object,nonfinal,14,14,leaves,7.827868461608887
critical,13,unambiguous,long,object,nonfinal,14,15,the,1.935484528541565
critical,13,unambiguous,long,object,nonfinal,14,16,area,4.569620132446289
critical,13,unambiguous,long,object,nonfinal,14,17,quickly.,10.93000602722168
critical,13,unambiguous,short,object,nonfinal,12,0,Whenever,20.25006866455078
critical,13,unambiguous,short,object,nonfinal,12,1,the,4.59040117263794
critical,13,unambiguous,short,object,nonfinal,12,2,wildlife,15.849689483642578
critical,13,unambiguous,short,object,nonfinal,12,3,documentary,13.906312942504885
critical,13,unambiguous,short,object,nonfinal,12,4,crew,7.009165287017822
critical,13,unambiguous,short,object,nonfinal,12,5,tries,6.675337314605713
critical,13,unambiguous,short,object,nonfinal,12,6,to,0.1528967022895813
critical,13,unambiguous,short,object,nonfinal,12,7,film,6.285572528839111
critical,13,unambiguous,short,object,nonfinal,12,8,a,1.7472996711730957
critical,13,unambiguous,short,object,nonfinal,12,9,scene,6.1958770751953125
critical,13,unambiguous,short,object,nonfinal,12,10,the,8.626825332641602
critical,13,unambiguous,short,object,nonfinal,12,11,bear,12.5221529006958
critical,13,unambiguous,short,object,nonfinal,12,12,leaves,8.223478317260742
critical,13,unambiguous,short,object,nonfinal,12,13,the,3.1274094581604004
critical,13,unambiguous,short,object,nonfinal,12,14,area,5.878790855407715
critical,13,unambiguous,short,object,nonfinal,12,15,quickly.,11.997476577758787
critical,14,ambiguous,long,,final,9,0,While,16.156902313232422
critical,14,ambiguous,long,,final,9,1,the,2.841593742370605
critical,14,ambiguous,long,,final,9,2,mechanic,16.76514434814453
critical,14,ambiguous,long,,final,9,3,inspected,20.07861328125
critical,14,ambiguous,long,,final,9,4,the,1.148888111114502
critical,14,ambiguous,long,,final,9,5,engine,6.069595336914063
critical,14,ambiguous,long,,final,9,6,running,11.141107559204102
critical,14,ambiguous,long,,final,9,7,on,3.417617082595825
critical,14,ambiguous,long,,final,9,8,diesel,10.690122604370115
critical,14,ambiguous,long,,final,9,9,hissed.,31.442666053771973
critical,14,ambiguous,short,,final,6,0,While,16.156902313232422
critical,14,ambiguous,short,,final,6,1,the,2.841593742370605
critical,14,ambiguous,short,,final,6,2,mechanic,16.76514434814453
critical,14,ambiguous,short,,final,6,3,inspected,20.07861328125
critical,14,ambiguous,short,,final,6,4,the,1.148888111114502
critical,14,ambiguous,short,,final,6,5,engine,6.069595336914063
critical,14,ambiguous,short,,final,6,6,hissed.,28.312031269073486
critical,14,unambiguous,long,comma,final,9,0,While,16.156902313232422
critical,14,unambiguous,long,comma,final,9,1,the,2.841593742370605
critical,14,unambiguous,long,comma,final,9,2,mechanic,16.76514434814453
critical,14,unambiguous,long,comma,final,9,3,"inspected,",24.9309344291687
critical,14,unambiguous,long,comma,final,9,4,the,1.830346703529358
critical,14,unambiguous,long,comma,final,9,5,engine,6.780783176422119
critical,14,unambiguous,long,comma,final,9,6,running,11.68583869934082
critical,14,unambiguous,long,comma,final,9,7,on,4.428566932678223
critical,14,unambiguous,long,comma,final,9,8,diesel,9.416074752807615
critical,14,unambiguous,long,comma,final,9,9,hissed.,20.44044363498688
critical,14,unambiguous,short,comma,final,6,0,While,16.156902313232422
critical,14,unambiguous,short,comma,final,6,1,the,2.841593742370605
critical,14,unambiguous,short,comma,final,6,2,mechanic,16.76514434814453
critical,14,unambiguous,short,comma,final,6,3,"inspected,",24.9309344291687
critical,14,unambiguous,short,comma,final,6,4,the,1.830346703529358
critical,14,unambiguous,short,comma,final,6,5,engine,6.780783176422119
critical,14,unambiguous,short,comma,final,6,6,hissed.,17.90804412961006
critical,14,unambiguous,long,object,final,11,0,While,16.156902313232422
critical,14,unambiguous,long,object,final,11,1,the,2.841593742370605
critical,14,unambiguous,long,object,final,11,2,mechanic,16.76514434814453
critical,14,unambiguous,long,object,final,11,3,inspected,20.07861328125
critical,14,unambiguous,long,object,final,11,4,the,1.148888111114502
critical,14,unambiguous,long,object,final,11,5,vehicle,5.70308780670166
critical,14,unambiguous,long,object,final,11,6,the,7.000073432922363
critical,14,unambiguous,long,object,final,11,7,engine,5.107812881469727
critical,14,unambiguous,long,object,final,11,8,running,11.622702598571776
critical,14,unambiguous,long,object,final,11,9,on,3.3168270587921143
critical,14,unambiguous,long,object,final,11,10,diesel,8.877232551574707
critical,14,unambiguous,long,object,final,11,11,hissed.,30.57688570022583
critical,14,unambiguous,short,object,final,8,0,While,16.156902313232422
critical,14,unambiguous,short,object,final,8,1,the,2.841593742370605
critical,14,unambiguous,short,object,final,8,2,mechanic,16.76514434814453
critical,14,unambiguous,short,object,final,8,3,inspected,20.07861328125
critical,14,unambiguous,short,object,final,8,4,the,1.148888111114502
critical,14,unambiguous,short,object,final,8,5,vehicle,5.70308780670166
critical,14,unambiguous,short,object,final,8,6,the,7.000073432922363
critical,14,unambiguous,short,object,final,8,7,engine,5.107812881469727
critical,14,unambiguous,short,object,final,8,8,hissed.,25.38838148117065
critical,14,ambiguous,long,,nonfinal,9,0,While,16.156902313232422
critical,14,ambiguous,long,,nonfinal,9,1,the,2.841593742370605
critical,14,ambiguous,long,,nonfinal,9,2,mechanic,16.76514434814453
critical,14,ambiguous,long,,nonfinal,9,3,inspected,20.07861328125
critical,14,ambiguous,long,,nonfinal,9,4,the,1.148888111114502
critical,14,ambiguous,long,,nonfinal,9,5,engine,6.069595336914063
critical,14,ambiguous,long,,nonfinal,9,6,running,11.141107559204102
critical,14,ambiguous,long,,nonfinal,9,7,on,3.417617082595825
critical,14,ambiguous,long,,nonfinal,9,8,diesel,10.690122604370115
critical,14,ambiguous,long,,nonfinal,9,9,hissed,23.23215389251709
critical,14,ambiguous,long,,nonfinal,9,10,as,6.593952178955078
critical,14,ambiguous,long,,nonfinal,9,11,steam,11.800002098083496
critical,14,ambiguous,long,,nonfinal,9,12,escaped.,13.12671709060669
critical,14,ambiguous,short,,nonfinal,6,0,While,16.156902313232422
critical,14,ambiguous,short,,nonfinal,6,1,the,2.841593742370605
critical,14,ambiguous,short,,nonfinal,6,2,mechanic,16.76514434814453
critical,14,ambiguous,short,,nonfinal,6,3,inspected,20.07861328125
critical,14,ambiguous,short,,nonfinal,6,4,the,1.148888111114502
critical,14,ambiguous,short,,nonfinal,6,5,engine,6.069595336914063
critical,14,ambiguous,short,,nonfinal,6,6,hissed,20.959935188293457
critical,14,ambiguous,short,,nonfinal,6,7,as,5.444855213165283
critical,14,ambiguous,short,,nonfinal,6,8,steam,12.69960594177246
critical,14,ambiguous,short,,nonfinal,6,9,escaped.,13.070263385772703
critical,14,unambiguous,long,comma,nonfinal,9,0,While,16.156902313232422
critical,14,unambiguous,long,comma,nonfinal,9,1,the,2.841593742370605
critical,14,unambiguous,long,comma,nonfinal,9,2,mechanic,16.76514434814453
critical,14,unambiguous,long,comma,nonfinal,9,3,"inspected,",24.9309344291687
critical,14,unambiguous,long,comma,nonfinal,9,4,the,1.830346703529358
critical,14,unambiguous,long,comma,nonfinal,9,5,engine,6.780783176422119
critical,14,unambiguous,long,comma,nonfinal,9,6,running,11.68583869934082
critical,14,unambiguous,long,comma,nonfinal,9,7,on,4.428566932678223
critical,14,unambiguous,long,comma,nonfinal,9,8,diesel,9.416074752807615
critical,14,unambiguous,long,comma,nonfinal,9,9,hissed,16.971347212791443
critical,14,unambiguous,long,comma,nonfinal,9,10,as,5.191300392150879
critical,14,unambiguous,long,comma,nonfinal,9,11,steam,10.858858108520508
critical,14,unambiguous,long,comma,nonfinal,9,12,escaped.,11.588878870010376
critical,14,unambiguous,short,comma,nonfinal,6,0,While,16.156902313232422
critical,14,unambiguous,short,comma,nonfinal,6,1,the,2.841593742370605
critical,14,unambiguous,short,comma,nonfinal,6,2,mechanic,16.76514434814453
critical,14,unambiguous,short,comma,nonfinal,6,3,"inspected,",24.9309344291687
critical,14,unambiguous,short,comma,nonfinal,6,4,the,1.830346703529358
critical,14,unambiguous,short,comma,nonfinal,6,5,engine,6.780783176422119
critical,14,unambiguous,short,comma,nonfinal,6,6,hissed,15.010139256715776
critical,14,unambiguous,short,comma,nonfinal,6,7,as,4.540881156921387
critical,14,unambiguous,short,comma,nonfinal,6,8,steam,11.389620780944824
critical,14,unambiguous,short,comma,nonfinal,6,9,escaped.,11.993338108062744
critical,14,unambiguous,long,object,nonfinal,11,0,While,16.156902313232422
critical,14,unambiguous,long,object,nonfinal,11,1,the,2.841593742370605
critical,14,unambiguous,long,object,nonfinal,11,2,mechanic,16.76514434814453
critical,14,unambiguous,long,object,nonfinal,11,3,inspected,20.07861328125
critical,14,unambiguous,long,object,nonfinal,11,4,the,1.148888111114502
critical,14,unambiguous,long,object,nonfinal,11,5,vehicle,5.70308780670166
critical,14,unambiguous,long,object,nonfinal,11,6,the,7.000073432922363
critical,14,unambiguous,long,object,nonfinal,11,7,engine,5.107812881469727
critical,14,unambiguous,long,object,nonfinal,11,8,running,11.622702598571776
critical,14,unambiguous,long,object,nonfinal,11,9,on,3.3168270587921143
critical,14,unambiguous,long,object,nonfinal,11,10,diesel,8.877232551574707
critical,14,unambiguous,long,object,nonfinal,11,11,hissed,25.01609516143799
critical,14,unambiguous,long,object,nonfinal,11,12,as,6.187665939331055
critical,14,unambiguous,long,object,nonfinal,11,13,steam,11.604222297668455
critical,14,unambiguous,long,object,nonfinal,11,14,escaped.,12.05728816986084
critical,14,unambiguous,short,object,nonfinal,8,0,While,16.156902313232422
critical,14,unambiguous,short,object,nonfinal,8,1,the,2.841593742370605
critical,14,unambiguous,short,object,nonfinal,8,2,mechanic,16.76514434814453
critical,14,unambiguous,short,object,nonfinal,8,3,inspected,20.07861328125
critical,14,unambiguous,short,object,nonfinal,8,4,the,1.148888111114502
critical,14,unambiguous,short,object,nonfinal,8,5,vehicle,5.70308780670166
critical,14,unambiguous,short,object,nonfinal,8,6,the,7.000073432922363
critical,14,unambiguous,short,object,nonfinal,8,7,engine,5.107812881469727
critical,14,unambiguous,short,object,nonfinal,8,8,hissed,20.481311798095703
critical,14,unambiguous,short,object,nonfinal,8,9,as,5.15583610534668
critical,14,unambiguous,short,object,nonfinal,8,10,steam,13.372533798217772
critical,14,unambiguous,short,object,nonfinal,8,11,escaped.,12.16718053817749
critical,15,ambiguous,long,,final,10,0,After,15.716473579406738
critical,15,ambiguous,long,,final,10,1,the,3.606374263763428
critical,15,ambiguous,long,,final,10,2,college,12.313627243041992
critical,15,ambiguous,long,,final,10,3,shut,9.322318077087402
critical,15,ambiguous,long,,final,10,4,down,0.6196438670158386
critical,15,ambiguous,long,,final,10,5,the,3.639307022094727
critical,15,ambiguous,long,,final,10,6,parties,12.530155181884766
critical,15,ambiguous,long,,final,10,7,in,3.6441168785095215
critical,15,ambiguous,long,,final,10,8,the,3.298412561416626
critical,15,ambiguous,long,,final,10,9,fraternity,13.58277702331543
critical,15,ambiguous,long,,final,10,10,stopped.,25.158721923828125
critical,15,ambiguous,short,,final,7,0,After,15.716473579406738
critical,15,ambiguous,short,,final,7,1,the,3.606374263763428
critical,15,ambiguous,short,,final,7,2,college,12.313627243041992
critical,15,ambiguous,short,,final,7,3,shut,9.322318077087402
critical,15,ambiguous,short,,final,7,4,down,0.6196438670158386
critical,15,ambiguous,short,,final,7,5,the,3.639307022094727
critical,15,ambiguous,short,,final,7,6,parties,12.530155181884766
critical,15,ambiguous,short,,final,7,7,stopped.,20.821601390838623
critical,15,unambiguous,long,comma,final,10,0,After,15.716473579406738
critical,15,unambiguous,long,comma,final,10,1,the,3.606374263763428
critical,15,unambiguous,long,comma,final,10,2,college,12.313627243041992
critical,15,unambiguous,long,comma,final,10,3,shut,9.322318077087402
critical,15,unambiguous,long,comma,final,10,4,"down,",3.4999486804008484
critical,15,unambiguous,long,comma,final,10,5,the,2.984705209732056
critical,15,unambiguous,long,comma,final,10,6,parties,13.192703247070312
critical,15,unambiguous,long,comma,final,10,7,in,6.437951564788818
critical,15,unambiguous,long,comma,final,10,8,the,2.706770181655884
critical,15,unambiguous,long,comma,final,10,9,fraternity,9.964988708496094
critical,15,unambiguous,long,comma,final,10,10,stopped.,17.052114963531494
critical,15,unambiguous,short,comma,final,7,0,After,15.716473579406738
critical,15,unambiguous,short,comma,final,7,1,the,3.606374263763428
critical,15,unambiguous,short,comma,final,7,2,college,12.313627243041992
critical,15,unambiguous,short,comma,final,7,3,shut,9.322318077087402
critical,15,unambiguous,short,comma,final,7,4,"down,",3.4999486804008484
critical,15,unambiguous,short,comma,final,7,5,the,2.984705209732056
critical,15,unambiguous,short,comma,final,7,6,parties,13.192703247070312
critical,15,unambiguous,short,comma,final,7,7,stopped.,10.267358779907228
critical,15,unambiguous,long,object,final,12,0,After,15.716473579406738
critical,15,unambiguous,long,object,final,12,1,the,3.606374263763428
critical,15,unambiguous,long,object,final,12,2,college,12.313627243041992
critical,15,unambiguous,long,object,final,12,3,shut,9.322318077087402
critical,15,unambiguous,long,object,final,12,4,down,0.6196438670158386
critical,15,unambiguous,long,object,final,12,5,the,3.639307022094727
critical,15,unambiguous,long,object,final,12,6,campus,5.3705363273620605
critical,15,unambiguous,long,object,final,12,7,the,7.466875553131103
critical,15,unambiguous,long,object,final,12,8,parties,13.894899368286133
critical,15,unambiguous,long,object,final,12,9,in,6.963530540466309
critical,15,unambiguous,long,object,final,12,10,the,2.3482208251953125
critical,15,unambiguous,long,object,final,12,11,fraternity,8.991461753845215
critical,15,unambiguous,long,object,final,12,12,stopped.,16.43269193172455
critical,15,unambiguous,short,object,final,9,0,After,15.716473579406738
critical,15,unambiguous,short,object,final,9,1,the,3.606374263763428
critical,15,unambiguous,short,object,final,9,2,college,12.313627243041992
critical,15,unambiguous,short,object,final,9,3,shut,9.322318077087402
critical,15,unambiguous,short,object,final,9,4,down,0.6196438670158386
critical,15,unambiguous,short,object,final,9,5,the,3.639307022094727
critical,15,unambiguous,short,object,final,9,6,campus,5.3705363273620605
critical,15,unambiguous,short,object,final,9,7,the,7.466875553131103
critical,15,unambiguous,short,object,final,9,8,parties,13.894899368286133
critical,15,unambiguous,short,object,final,9,9,stopped.,9.345366597175598
critical,15,ambiguous,long,,nonfinal,10,0,After,15.716473579406738
critical,15,ambiguous,long,,nonfinal,10,1,the,3.606374263763428
critical,15,ambiguous,long,,nonfinal,10,2,college,12.313627243041992
critical,15,ambiguous,long,,nonfinal,10,3,shut,9.322318077087402
critical,15,ambiguous,long,,nonfinal,10,4,down,0.6196438670158386
critical,15,ambiguous,long,,nonfinal,10,5,the,3.639307022094727
critical,15,ambiguous,long,,nonfinal,10,6,parties,12.530155181884766
critical,15,ambiguous,long,,nonfinal,10,7,in,3.6441168785095215
critical,15,ambiguous,long,,nonfinal,10,8,the,3.298412561416626
critical,15,ambiguous,long,,nonfinal,10,9,fraternity,13.58277702331543
critical,15,ambiguous,long,,nonfinal,10,10,stopped,19.750926971435547
critical,15,ambiguous,long,,nonfinal,10,11,for,5.984137535095215
critical,15,ambiguous,long,,nonfinal,10,12,the,3.3488900661468506
critical,15,ambiguous,long,,nonfinal,10,13,year.,11.443015575408936
critical,15,ambiguous,short,,nonfinal,7,0,After,15.716473579406738
critical,15,ambiguous,short,,nonfinal,7,1,the,3.606374263763428
critical,15,ambiguous,short,,nonfinal,7,2,college,12.313627243041992
critical,15,ambiguous,short,,nonfinal,7,3,shut,9.322318077087402
critical,15,ambiguous,short,,nonfinal,7,4,down,0.6196438670158386
critical,15,ambiguous,short,,nonfinal,7,5,the,3.639307022094727
critical,15,ambiguous,short,,nonfinal,7,6,parties,12.530155181884766
critical,15,ambiguous,short,,nonfinal,7,7,stopped,16.200777053833008
critical,15,ambiguous,short,,nonfinal,7,8,for,5.898801326751709
critical,15,ambiguous,short,,nonfinal,7,9,the,2.4426159858703613
critical,15,ambiguous,short,,nonfinal,7,10,year.,9.18235468864441
critical,15,unambiguous,long,comma,nonfinal,10,0,After,15.716473579406738
critical,15,unambiguous,long,comma,nonfinal,10,1,the,3.606374263763428
critical,15,unambiguous,long,comma,nonfinal,10,2,college,12.313627243041992
critical,15,unambiguous,long,comma,nonfinal,10,3,shut,9.322318077087402
critical,15,unambiguous,long,comma,nonfinal,10,4,"down,",3.4999486804008484
critical,15,unambiguous,long,comma,nonfinal,10,5,the,2.984705209732056
critical,15,unambiguous,long,comma,nonfinal,10,6,parties,13.192703247070312
critical,15,unambiguous,long,comma,nonfinal,10,7,in,6.437951564788818
critical,15,unambiguous,long,comma,nonfinal,10,8,the,2.706770181655884
critical,15,unambiguous,long,comma,nonfinal,10,9,fraternity,9.964988708496094
critical,15,unambiguous,long,comma,nonfinal,10,10,stopped,13.823673248291016
critical,15,unambiguous,long,comma,nonfinal,10,11,for,6.420032501220703
critical,15,unambiguous,long,comma,nonfinal,10,12,the,4.248989582061768
critical,15,unambiguous,long,comma,nonfinal,10,13,year.,8.760141134262085
critical,15,unambiguous,short,comma,nonfinal,7,0,After,15.716473579406738
critical,15,unambiguous,short,comma,nonfinal,7,1,the,3.606374263763428
critical,15,unambiguous,short,comma,nonfinal,7,2,college,12.313627243041992
critical,15,unambiguous,short,comma,nonfinal,7,3,shut,9.322318077087402
critical,15,unambiguous,short,comma,nonfinal,7,4,"down,",3.4999486804008484
critical,15,unambiguous,short,comma,nonfinal,7,5,the,2.984705209732056
critical,15,unambiguous,short,comma,nonfinal,7,6,parties,13.192703247070312
critical,15,unambiguous,short,comma,nonfinal,7,7,stopped,7.696402549743652
critical,15,unambiguous,short,comma,nonfinal,7,8,for,4.858628273010254
critical,15,unambiguous,short,comma,nonfinal,7,9,the,3.586529016494751
critical,15,unambiguous,short,comma,nonfinal,7,10,year.,8.05461061000824
critical,15,unambiguous,long,object,nonfinal,12,0,After,15.716473579406738
critical,15,unambiguous,long,object,nonfinal,12,1,the,3.606374263763428
critical,15,unambiguous,long,object,nonfinal,12,2,college,12.313627243041992
critical,15,unambiguous,long,object,nonfinal,12,3,shut,9.322318077087402
critical,15,unambiguous,long,object,nonfinal,12,4,down,0.6196438670158386
critical,15,unambiguous,long,object,nonfinal,12,5,the,3.639307022094727
critical,15,unambiguous,long,object,nonfinal,12,6,campus,5.3705363273620605
critical,15,unambiguous,long,object,nonfinal,12,7,the,7.466875553131103
critical,15,unambiguous,long,object,nonfinal,12,8,parties,13.894899368286133
critical,15,unambiguous,long,object,nonfinal,12,9,in,6.963530540466309
critical,15,unambiguous,long,object,nonfinal,12,10,the,2.3482208251953125
critical,15,unambiguous,long,object,nonfinal,12,11,fraternity,8.991461753845215
critical,15,unambiguous,long,object,nonfinal,12,12,stopped,14.914390563964844
critical,15,unambiguous,long,object,nonfinal,12,13,for,5.532183647155762
critical,15,unambiguous,long,object,nonfinal,12,14,the,3.375163555145264
critical,15,unambiguous,long,object,nonfinal,12,15,year.,8.470472931861877
critical,15,unambiguous,short,object,nonfinal,9,0,After,15.716473579406738
critical,15,unambiguous,short,object,nonfinal,9,1,the,3.606374263763428
critical,15,unambiguous,short,object,nonfinal,9,2,college,12.313627243041992
critical,15,unambiguous,short,object,nonfinal,9,3,shut,9.322318077087402
critical,15,unambiguous,short,object,nonfinal,9,4,down,0.6196438670158386
critical,15,unambiguous,short,object,nonfinal,9,5,the,3.639307022094727
critical,15,unambiguous,short,object,nonfinal,9,6,campus,5.3705363273620605
critical,15,unambiguous,short,object,nonfinal,9,7,the,7.466875553131103
critical,15,unambiguous,short,object,nonfinal,9,8,parties,13.894899368286133
critical,15,unambiguous,short,object,nonfinal,9,9,stopped,7.579377174377441
critical,15,unambiguous,short,object,nonfinal,9,10,for,4.865870475769043
critical,15,unambiguous,short,object,nonfinal,9,11,the,3.1971161365509038
critical,15,unambiguous,short,object,nonfinal,9,12,year.,7.908009886741638
critical,16,ambiguous,long,,final,8,0,Before,18.074676513671875
critical,16,ambiguous,long,,final,8,1,the,3.56732177734375
critical,16,ambiguous,long,,final,8,2,fans,13.666990280151367
critical,16,ambiguous,long,,final,8,3,notice,14.33491039276123
critical,16,ambiguous,long,,final,8,4,the,3.186901807785034
critical,16,ambiguous,long,,final,8,5,celebrity,13.633617401123049
critical,16,ambiguous,long,,final,8,6,shopping,12.312603950500488
critical,16,ambiguous,long,,final,8,7,discreetly,18.898047033697367
critical,16,ambiguous,long,,final,8,8,flees.,25.9575537443161
critical,16,ambiguous,short,,final,6,0,Before,18.074676513671875
critical,16,ambiguous,short,,final,6,1,the,3.56732177734375
critical,16,ambiguous,short,,final,6,2,fans,13.666990280151367
critical,16,ambiguous,short,,final,6,3,notice,14.33491039276123
critical,16,ambiguous,short,,final,6,4,the,3.186901807785034
critical,16,ambiguous,short,,final,6,5,celebrity,13.633617401123049
critical,16,ambiguous,short,,final,6,6,flees.,28.4090633392334
critical,16,unambiguous,long,comma,final,8,0,Before,18.074676513671875
critical,16,unambiguous,long,comma,final,8,1,the,3.56732177734375
critical,16,unambiguous,long,comma,final,8,2,fans,13.666990280151367
critical,16,unambiguous,long,comma,final,8,3,"notice,",15.992448925971985
critical,16,unambiguous,long,comma,final,8,4,the,2.9872918128967285
critical,16,unambiguous,long,comma,final,8,5,celebrity,14.929348945617676
critical,16,unambiguous,long,comma,final,8,6,shopping,13.088380813598633
critical,16,unambiguous,long,comma,final,8,7,discreetly,18.834196835756305
critical,16,unambiguous,long,comma,final,8,8,flees.,16.091136530041695
critical,16,unambiguous,short,comma,final,6,0,Before,18.074676513671875
critical,16,unambiguous,short,comma,final,6,1,the,3.56732177734375
critical,16,unambiguous,short,comma,final,6,2,fans,13.666990280151367
critical,16,unambiguous,short,comma,final,6,3,"notice,",15.992448925971985
critical,16,unambiguous,short,comma,final,6,4,the,2.9872918128967285
critical,16,unambiguous,short,comma,final,6,5,celebrity,14.929348945617676
critical,16,unambiguous,short,comma,final,6,6,flees.,23.784826040267944
critical,16,unambiguous,long,object,final,9,0,Before,18.074676513671875
critical,16,unambiguous,long,object,final,9,1,the,3.56732177734375
critical,16,unambiguous,long,object,final,9,2,fans,13.666990280151367
critical,16,unambiguous,long,object,final,9,3,notice,14.33491039276123
critical,16,unambiguous,long,object,final,9,4,him,5.529531002044678
critical,16,unambiguous,long,object,final,9,5,the,6.878689765930176
critical,16,unambiguous,long,object,final,9,6,celebrity,14.181023597717283
critical,16,unambiguous,long,object,final,9,7,shopping,14.45738410949707
critical,16,unambiguous,long,object,final,9,8,discreetly,18.85470251739025
critical,16,unambiguous,long,object,final,9,9,flees.,17.48771822452545
critical,16,unambiguous,short,object,final,7,0,Before,18.074676513671875
critical,16,unambiguous,short,object,final,7,1,the,3.56732177734375
critical,16,unambiguous,short,object,final,7,2,fans,13.666990280151367
critical,16,unambiguous,short,object,final,7,3,notice,14.33491039276123
critical,16,unambiguous,short,object,final,7,4,him,5.529531002044678
critical,16,unambiguous,short,object,final,7,5,the,6.878689765930176
critical,16,unambiguous,short,object,final,7,6,celebrity,14.181023597717283
critical,16,unambiguous,short,object,final,7,7,flees.,24.76682162284851
critical,16,ambiguous,long,,nonfinal,8,0,Before,18.074676513671875
critical,16,ambiguous,long,,nonfinal,8,1,the,3.56732177734375
critical,16,ambiguous,long,,nonfinal,8,2,fans,13.666990280151367
critical,16,ambiguous,long,,nonfinal,8,3,notice,14.33491039276123
critical,16,ambiguous,long,,nonfinal,8,4,the,3.186901807785034
critical,16,ambiguous,long,,nonfinal,8,5,celebrity,13.633617401123049
critical,16,ambiguous,long,,nonfinal,8,6,shopping,12.312603950500488
critical,16,ambiguous,long,,nonfinal,8,7,discreetly,18.898047033697367
critical,16,ambiguous,long,,nonfinal,8,8,flees,17.959441542625427
critical,16,ambiguous,long,,nonfinal,8,9,in,5.778694152832031
critical,16,ambiguous,long,,nonfinal,8,10,his,5.777328968048096
critical,16,ambiguous,long,,nonfinal,8,11,limousine.,15.436370469629765
critical,16,ambiguous,short,,nonfinal,6,0,Before,18.074676513671875
critical,16,ambiguous,short,,nonfinal,6,1,the,3.56732177734375
critical,16,ambiguous,short,,nonfinal,6,2,fans,13.666990280151367
critical,16,ambiguous,short,,nonfinal,6,3,notice,14.33491039276123
critical,16,ambiguous,short,,nonfinal,6,4,the,3.186901807785034
critical,16,ambiguous,short,,nonfinal,6,5,celebrity,13.633617401123049
critical,16,ambiguous,short,,nonfinal,6,6,flees,21.050715446472168
critical,16,ambiguous,short,,nonfinal,6,7,in,5.723120212554932
critical,16,ambiguous,short,,nonfinal,6,8,his,5.666302680969238
critical,16,ambiguous,short,,nonfinal,6,9,limousine.,16.256405365653336
critical,16,unambiguous,long,comma,nonfinal,8,0,Before,18.074676513671875
critical,16,unambiguous,long,comma,nonfinal,8,1,the,3.56732177734375
critical,16,unambiguous,long,comma,nonfinal,8,2,fans,13.666990280151367
critical,16,unambiguous,long,comma,nonfinal,8,3,"notice,",15.992448925971985
critical,16,unambiguous,long,comma,nonfinal,8,4,the,2.9872918128967285
critical,16,unambiguous,long,comma,nonfinal,8,5,celebrity,14.929348945617676
critical,16,unambiguous,long,comma,nonfinal,8,6,shopping,13.088380813598633
critical,16,unambiguous,long,comma,nonfinal,8,7,discreetly,18.834196835756305
critical,16,unambiguous,long,comma,nonfinal,8,8,flees,11.881805017590525
critical,16,unambiguous,long,comma,nonfinal,8,9,in,5.735172748565674
critical,16,unambiguous,long,comma,nonfinal,8,10,his,5.992800235748291
critical,16,unambiguous,long,comma,nonfinal,8,11,limousine.,11.333771772682669
critical,16,unambiguous,short,comma,nonfinal,6,0,Before,18.074676513671875
critical,16,unambiguous,short,comma,nonfinal,6,1,the,3.56732177734375
critical,16,unambiguous,short,comma,nonfinal,6,2,fans,13.666990280151367
critical,16,unambiguous,short,comma,nonfinal,6,3,"notice,",15.992448925971985
critical,16,unambiguous,short,comma,nonfinal,6,4,the,2.9872918128967285
critical,16,unambiguous,short,comma,nonfinal,6,5,celebrity,14.929348945617676
critical,16,unambiguous,short,comma,nonfinal,6,6,flees,20.499918937683105
critical,16,unambiguous,short,comma,nonfinal,6,7,in,6.123055458068848
critical,16,unambiguous,short,comma,nonfinal,6,8,his,6.205618381500244
critical,16,unambiguous,short,comma,nonfinal,6,9,limousine.,10.68273692484945
critical,16,unambiguous,long,object,nonfinal,9,0,Before,18.074676513671875
critical,16,unambiguous,long,object,nonfinal,9,1,the,3.56732177734375
critical,16,unambiguous,long,object,nonfinal,9,2,fans,13.666990280151367
critical,16,unambiguous,long,object,nonfinal,9,3,notice,14.33491039276123
critical,16,unambiguous,long,object,nonfinal,9,4,him,5.529531002044678
critical,16,unambiguous,long,object,nonfinal,9,5,the,6.878689765930176
critical,16,unambiguous,long,object,nonfinal,9,6,celebrity,14.181023597717283
critical,16,unambiguous,long,object,nonfinal,9,7,shopping,14.45738410949707
critical,16,unambiguous,long,object,nonfinal,9,8,discreetly,18.85470251739025
critical,16,unambiguous,long,object,nonfinal,9,9,flees,13.070180058479307
critical,16,unambiguous,long,object,nonfinal,9,10,in,5.709460735321045
critical,16,unambiguous,long,object,nonfinal,9,11,his,3.203004837036133
critical,16,unambiguous,long,object,nonfinal,9,12,limousine.,10.893221650272608
critical,16,unambiguous,short,object,nonfinal,7,0,Before,18.074676513671875
critical,16,unambiguous,short,object,nonfinal,7,1,the,3.56732177734375
critical,16,unambiguous,short,object,nonfinal,7,2,fans,13.666990280151367
critical,16,unambiguous,short,object,nonfinal,7,3,notice,14.33491039276123
critical,16,unambiguous,short,object,nonfinal,7,4,him,5.529531002044678
critical,16,unambiguous,short,object,nonfinal,7,5,the,6.878689765930176
critical,16,unambiguous,short,object,nonfinal,7,6,celebrity,14.181023597717283
critical,16,unambiguous,short,object,nonfinal,7,7,flees,20.530324697494507
critical,16,unambiguous,short,object,nonfinal,7,8,in,5.93298864364624
critical,16,unambiguous,short,object,nonfinal,7,9,his,4.097688674926758
critical,16,unambiguous,short,object,nonfinal,7,10,limousine.,11.5484177460894
critical,17,ambiguous,long,,final,8,0,While,16.156902313232422
critical,17,ambiguous,long,,final,8,1,the,2.841593742370605
critical,17,ambiguous,long,,final,8,2,chef,15.690650939941406
critical,17,ambiguous,long,,final,8,3,cooked,11.056795120239258
critical,17,ambiguous,long,,final,8,4,the,2.913259506225586
critical,17,ambiguous,long,,final,8,5,stew,6.870929718017578
critical,17,ambiguous,long,,final,8,6,with,5.916016101837158
critical,17,ambiguous,long,,final,8,7,vegetables,6.870720386505127
critical,17,ambiguous,long,,final,8,8,simmered.,24.59532972733723
critical,17,ambiguous,short,,final,6,0,While,16.156902313232422
critical,17,ambiguous,short,,final,6,1,the,2.841593742370605
critical,17,ambiguous,short,,final,6,2,chef,15.690650939941406
critical,17,ambiguous,short,,final,6,3,cooked,11.056795120239258
critical,17,ambiguous,short,,final,6,4,the,2.913259506225586
critical,17,ambiguous,short,,final,6,5,stew,6.870929718017578
critical,17,ambiguous,short,,final,6,6,simmered.,21.8243443290703
critical,17,unambiguous,long,comma,final,8,0,While,16.156902313232422
critical,17,unambiguous,long,comma,final,8,1,the,2.841593742370605
critical,17,unambiguous,long,comma,final,8,2,chef,15.690650939941406
critical,17,unambiguous,long,comma,final,8,3,"cooked,",14.442437171936035
critical,17,unambiguous,long,comma,final,8,4,the,2.173189163208008
critical,17,unambiguous,long,comma,final,8,5,stew,7.354682445526123
critical,17,unambiguous,long,comma,final,8,6,with,10.199214935302734
critical,17,unambiguous,long,comma,final,8,7,vegetables,6.381145000457764
critical,17,unambiguous,long,comma,final,8,8,simmered.,15.171219755393397
critical,17,unambiguous,short,comma,final,6,0,While,16.156902313232422
critical,17,unambiguous,short,comma,final,6,1,the,2.841593742370605
critical,17,unambiguous,short,comma,final,6,2,chef,15.690650939941406
critical,17,unambiguous,short,comma,final,6,3,"cooked,",14.442437171936035
critical,17,unambiguous,short,comma,final,6,4,the,2.173189163208008
critical,17,unambiguous,short,comma,final,6,5,stew,7.354682445526123
critical,17,unambiguous,short,comma,final,6,6,simmered.,15.40676712837012
critical,17,unambiguous,long,object,final,11,0,While,16.156902313232422
critical,17,unambiguous,long,object,final,11,1,the,2.841593742370605
critical,17,unambiguous,long,object,final,11,2,chef,15.690650939941406
critical,17,unambiguous,long,object,final,11,3,cooked,11.056795120239258
critical,17,unambiguous,long,object,final,11,4,the,2.913259506225586
critical,17,unambiguous,long,object,final,11,5,main,9.969644546508787
critical,17,unambiguous,long,object,final,11,6,course,2.082855701446533
critical,17,unambiguous,long,object,final,11,7,the,7.405677318572998
critical,17,unambiguous,long,object,final,11,8,stew,8.442559242248535
critical,17,unambiguous,long,object,final,11,9,with,8.157294273376465
critical,17,unambiguous,long,object,final,11,10,vegetables,6.58864688873291
critical,17,unambiguous,long,object,final,11,11,simmered.,19.52298583221273
critical,17,unambiguous,short,object,final,9,0,While,16.156902313232422
critical,17,unambiguous,short,object,final,9,1,the,2.841593742370605
critical,17,unambiguous,short,object,final,9,2,chef,15.690650939941406
critical,17,unambiguous,short,object,final,9,3,cooked,11.056795120239258
critical,17,unambiguous,short,object,final,9,4,the,2.913259506225586
critical,17,unambiguous,short,object,final,9,5,main,9.969644546508787
critical,17,unambiguous,short,object,final,9,6,course,2.082855701446533
critical,17,unambiguous,short,object,final,9,7,the,7.405677318572998
critical,17,unambiguous,short,object,final,9,8,stew,8.442559242248535
critical,17,unambiguous,short,object,final,9,9,simmered.,16.414387035940308
critical,17,ambiguous,long,,nonfinal,8,0,While,16.156902313232422
critical,17,ambiguous,long,,nonfinal,8,1,the,2.841593742370605
critical,17,ambiguous,long,,nonfinal,8,2,chef,15.690650939941406
critical,17,ambiguous,long,,nonfinal,8,3,cooked,11.056795120239258
critical,17,ambiguous,long,,nonfinal,8,4,the,2.913259506225586
critical,17,ambiguous,long,,nonfinal,8,5,stew,6.870929718017578
critical,17,ambiguous,long,,nonfinal,8,6,with,5.916016101837158
critical,17,ambiguous,long,,nonfinal,8,7,vegetables,6.870720386505127
critical,17,ambiguous,long,,nonfinal,8,8,simmered,15.95336958329426
critical,17,ambiguous,long,,nonfinal,8,9,on,4.037635326385498
critical,17,ambiguous,long,,nonfinal,8,10,the,1.8965531587600708
critical,17,ambiguous,long,,nonfinal,8,11,back,8.74959659576416
critical,17,ambiguous,long,,nonfinal,8,12,burner.,11.728820323944092
critical,17,ambiguous,short,,nonfinal,6,0,While,16.156902313232422
critical,17,ambiguous,short,,nonfinal,6,1,the,2.841593742370605
critical,17,ambiguous,short,,nonfinal,6,2,chef,15.690650939941406
critical,17,ambiguous,short,,nonfinal,6,3,cooked,11.056795120239258
critical,17,ambiguous,short,,nonfinal,6,4,the,2.913259506225586
critical,17,ambiguous,short,,nonfinal,6,5,stew,6.870929718017578
critical,17,ambiguous,short,,nonfinal,6,6,simmered,14.976925543975083
critical,17,ambiguous,short,,nonfinal,6,7,on,3.7822535037994394
critical,17,ambiguous,short,,nonfinal,6,8,the,1.2636569738388062
critical,17,ambiguous,short,,nonfinal,6,9,back,8.889615058898926
critical,17,ambiguous,short,,nonfinal,6,10,burner.,8.480423331260681
critical,17,unambiguous,long,comma,nonfinal,8,0,While,16.156902313232422
critical,17,unambiguous,long,comma,nonfinal,8,1,the,2.841593742370605
critical,17,unambiguous,long,comma,nonfinal,8,2,chef,15.690650939941406
critical,17,unambiguous,long,comma,nonfinal,8,3,"cooked,",14.442437171936035
critical,17,unambiguous,long,comma,nonfinal,8,4,the,2.173189163208008
critical,17,unambiguous,long,comma,nonfinal,8,5,stew,7.354682445526123
critical,17,unambiguous,long,comma,nonfinal,8,6,with,10.199214935302734
critical,17,unambiguous,long,comma,nonfinal,8,7,vegetables,6.381145000457764
critical,17,unambiguous,long,comma,nonfinal,8,8,simmered,10.505410124045738
critical,17,unambiguous,long,comma,nonfinal,8,9,on,2.886842966079712
critical,17,unambiguous,long,comma,nonfinal,8,10,the,1.8992222547531128
critical,17,unambiguous,long,comma,nonfinal,8,11,back,9.073551177978516
critical,17,unambiguous,long,comma,nonfinal,8,12,burner.,5.065761089324951
critical,17,unambiguous,short,comma,nonfinal,6,0,While,16.156902313232422
critical,17,unambiguous,short,comma,nonfinal,6,1,the,2.841593742370605
critical,17,unambiguous,short,comma,nonfinal,6,2,chef,15.690650939941406
critical,17,unambiguous,short,comma,nonfinal,6,3,"cooked,",14.442437171936035
critical,17,unambiguous,short,comma,nonfinal,6,4,the,2.173189163208008
critical,17,unambiguous,short,comma,nonfinal,6,5,stew,7.354682445526123
critical,17,unambiguous,short,comma,nonfinal,6,6,simmered,10.904310940168216
critical,17,unambiguous,short,comma,nonfinal,6,7,on,2.8051607608795166
critical,17,unambiguous,short,comma,nonfinal,6,8,the,1.7080271244049072
critical,17,unambiguous,short,comma,nonfinal,6,9,back,8.619759559631348
critical,17,unambiguous,short,comma,nonfinal,6,10,burner.,4.790831089019775
critical,17,unambiguous,long,object,nonfinal,11,0,While,16.156902313232422
critical,17,unambiguous,long,object,nonfinal,11,1,the,2.841593742370605
critical,17,unambiguous,long,object,nonfinal,11,2,chef,15.690650939941406
critical,17,unambiguous,long,object,nonfinal,11,3,cooked,11.056795120239258
critical,17,unambiguous,long,object,nonfinal,11,4,the,2.913259506225586
critical,17,unambiguous,long,object,nonfinal,11,5,main,9.969644546508787
critical,17,unambiguous,long,object,nonfinal,11,6,course,2.082855701446533
critical,17,unambiguous,long,object,nonfinal,11,7,the,7.405677318572998
critical,17,unambiguous,long,object,nonfinal,11,8,stew,8.442559242248535
critical,17,unambiguous,long,object,nonfinal,11,9,with,8.157294273376465
critical,17,unambiguous,long,object,nonfinal,11,10,vegetables,6.58864688873291
critical,17,unambiguous,long,object,nonfinal,11,11,simmered,13.86134995651082
critical,17,unambiguous,long,object,nonfinal,11,12,on,3.788087129592896
critical,17,unambiguous,long,object,nonfinal,11,13,the,2.114384889602661
critical,17,unambiguous,long,object,nonfinal,11,14,back,8.31878662109375
critical,17,unambiguous,long,object,nonfinal,11,15,burner.,7.599442720413208
critical,17,unambiguous,short,object,nonfinal,9,0,While,16.156902313232422
critical,17,unambiguous,short,object,nonfinal,9,1,the,2.841593742370605
critical,17,unambiguous,short,object,nonfinal,9,2,chef,15.690650939941406
critical,17,unambiguous,short,object,nonfinal,9,3,cooked,11.056795120239258
critical,17,unambiguous,short,object,nonfinal,9,4,the,2.913259506225586
critical,17,unambiguous,short,object,nonfinal,9,5,main,9.969644546508787
critical,17,unambiguous,short,object,nonfinal,9,6,course,2.082855701446533
critical,17,unambiguous,short,object,nonfinal,9,7,the,7.405677318572998
critical,17,unambiguous,short,object,nonfinal,9,8,stew,8.442559242248535
critical,17,unambiguous,short,object,nonfinal,9,9,simmered,10.782778072927613
critical,17,unambiguous,short,object,nonfinal,9,10,on,3.3882949352264404
critical,17,unambiguous,short,object,nonfinal,9,11,the,1.5396381616592407
critical,17,unambiguous,short,object,nonfinal,9,12,back,8.207111358642578
critical,17,unambiguous,short,object,nonfinal,9,13,burner.,5.50753378868103
critical,18,ambiguous,long,,final,9,0,Once,16.874446868896484
critical,18,ambiguous,long,,final,9,1,the,3.91961932182312
critical,18,ambiguous,long,,final,9,2,contractor,13.608687400817873
critical,18,ambiguous,long,,final,9,3,remodeled,15.963963389396667
critical,18,ambiguous,long,,final,9,4,the,0.7389750480651855
critical,18,ambiguous,long,,final,9,5,house,4.332069396972656
critical,18,ambiguous,long,,final,9,6,that,7.2832255363464355
critical,18,ambiguous,long,,final,9,7,was,3.2225420475006104
critical,18,ambiguous,long,,final,9,8,neglected,12.202733039855955
critical,18,ambiguous,long,,final,9,9,transformed.,28.317523956298828
critical,18,ambiguous,short,,final,6,0,Once,16.874446868896484
critical,18,ambiguous,short,,final,6,1,the,3.91961932182312
critical,18,ambiguous,short,,final,6,2,contractor,13.608687400817873
critical,18,ambiguous,short,,final,6,3,remodeled,15.963963389396667
critical,18,ambiguous,short,,final,6,4,the,0.7389750480651855
critical,18,ambiguous,short,,final,6,5,house,4.332069396972656
critical,18,ambiguous,short,,final,6,6,transformed.,29.34984970092773
critical,18,unambiguous,long,comma,final,9,0,Once,16.874446868896484
critical,18,unambiguous,long,comma,final,9,1,the,3.91961932182312
critical,18,unambiguous,long,comma,final,9,2,contractor,13.608687400817873
critical,18,unambiguous,long,comma,final,9,3,"remodeled,",20.472847819328308
critical,18,unambiguous,long,comma,final,9,4,the,1.7036573886871338
critical,18,unambiguous,long,comma,final,9,5,house,5.816348552703857
critical,18,unambiguous,long,comma,final,9,6,that,8.26819896697998
critical,18,unambiguous,long,comma,final,9,7,was,2.626585006713867
critical,18,unambiguous,long,comma,final,9,8,neglected,12.098464965820312
critical,18,unambiguous,long,comma,final,9,9,transformed.,17.456200122833252
critical,18,unambiguous,short,comma,final,6,0,Once,16.874446868896484
critical,18,unambiguous,short,comma,final,6,1,the,3.91961932182312
critical,18,unambiguous,short,comma,final,6,2,contractor,13.608687400817873
critical,18,unambiguous,short,comma,final,6,3,"remodeled,",20.472847819328308
critical,18,unambiguous,short,comma,final,6,4,the,1.7036573886871338
critical,18,unambiguous,short,comma,final,6,5,house,5.816348552703857
critical,18,unambiguous,short,comma,final,6,6,transformed.,17.065643310546875
critical,18,unambiguous,long,object,final,11,0,Once,16.874446868896484
critical,18,unambiguous,long,object,final,11,1,the,3.91961932182312
critical,18,unambiguous,long,object,final,11,2,contractor,13.608687400817873
critical,18,unambiguous,long,object,final,11,3,remodeled,15.963963389396667
critical,18,unambiguous,long,object,final,11,4,the,0.7389750480651855
critical,18,unambiguous,long,object,final,11,5,exterior,7.244393348693848
critical,18,unambiguous,long,object,final,11,6,the,9.06472396850586
critical,18,unambiguous,long,object,final,11,7,house,6.000758171081543
critical,18,unambiguous,long,object,final,11,8,that,7.378952503204346
critical,18,unambiguous,long,object,final,11,9,was,2.988777637481689
critical,18,unambiguous,long,object,final,11,10,neglected,12.189899444580078
critical,18,unambiguous,long,object,final,11,11,transformed.,20.40140151977539
critical,18,unambiguous,short,object,final,8,0,Once,16.874446868896484
critical,18,unambiguous,short,object,final,8,1,the,3.91961932182312
critical,18,unambiguous,short,object,final,8,2,contractor,13.608687400817873
critical,18,unambiguous,short,object,final,8,3,remodeled,15.963963389396667
critical,18,unambiguous,short,object,final,8,4,the,0.7389750480651855
critical,18,unambiguous,short,object,final,8,5,exterior,7.244393348693848
critical,18,unambiguous,short,object,final,8,6,the,9.06472396850586
critical,18,unambiguous,short,object,final,8,7,house,6.000758171081543
critical,18,unambiguous,short,object,final,8,8,transformed.,19.601322174072266
critical,18,ambiguous,long,,nonfinal,9,0,Once,16.874446868896484
critical,18,ambiguous,long,,nonfinal,9,1,the,3.91961932182312
critical,18,ambiguous,long,,nonfinal,9,2,contractor,13.608687400817873
critical,18,ambiguous,long,,nonfinal,9,3,remodeled,15.963963389396667
critical,18,ambiguous,long,,nonfinal,9,4,the,0.7389750480651855
critical,18,ambiguous,long,,nonfinal,9,5,house,4.332069396972656
critical,18,ambiguous,long,,nonfinal,9,6,that,7.2832255363464355
critical,18,ambiguous,long,,nonfinal,9,7,was,3.2225420475006104
critical,18,ambiguous,long,,nonfinal,9,8,neglected,12.202733039855955
critical,18,ambiguous,long,,nonfinal,9,9,transformed,18.745779037475582
critical,18,ambiguous,long,,nonfinal,9,10,into,1.0611631870269775
critical,18,ambiguous,long,,nonfinal,9,11,a,0.6043937802314758
critical,18,ambiguous,long,,nonfinal,9,12,modern,5.83636999130249
critical,18,ambiguous,long,,nonfinal,9,13,masterpiece.,9.39370882511139
critical,18,ambiguous,short,,nonfinal,6,0,Once,16.874446868896484
critical,18,ambiguous,short,,nonfinal,6,1,the,3.91961932182312
critical,18,ambiguous,short,,nonfinal,6,2,contractor,13.608687400817873
critical,18,ambiguous,short,,nonfinal,6,3,remodeled,15.963963389396667
critical,18,ambiguous,short,,nonfinal,6,4,the,0.7389750480651855
critical,18,ambiguous,short,,nonfinal,6,5,house,4.332069396972656
critical,18,ambiguous,short,,nonfinal,6,6,transformed,19.303091049194336
critical,18,ambiguous,short,,nonfinal,6,7,into,0.6052248477935791
critical,18,ambiguous,short,,nonfinal,6,8,a,0.5753961801528931
critical,18,ambiguous,short,,nonfinal,6,9,modern,5.455146312713623
critical,18,ambiguous,short,,nonfinal,6,10,masterpiece.,11.379450559616089
critical,18,unambiguous,long,comma,nonfinal,9,0,Once,16.874446868896484
critical,18,unambiguous,long,comma,nonfinal,9,1,the,3.91961932182312
critical,18,unambiguous,long,comma,nonfinal,9,2,contractor,13.608687400817873
critical,18,unambiguous,long,comma,nonfinal,9,3,"remodeled,",20.472847819328308
critical,18,unambiguous,long,comma,nonfinal,9,4,the,1.7036573886871338
critical,18,unambiguous,long,comma,nonfinal,9,5,house,5.816348552703857
critical,18,unambiguous,long,comma,nonfinal,9,6,that,8.26819896697998
critical,18,unambiguous,long,comma,nonfinal,9,7,was,2.626585006713867
critical,18,unambiguous,long,comma,nonfinal,9,8,neglected,12.098464965820312
critical,18,unambiguous,long,comma,nonfinal,9,9,transformed,11.170154571533203
critical,18,unambiguous,long,comma,nonfinal,9,10,into,0.1464576721191406
critical,18,unambiguous,long,comma,nonfinal,9,11,a,0.6036178469657898
critical,18,unambiguous,long,comma,nonfinal,9,12,modern,5.618807792663574
critical,18,unambiguous,long,comma,nonfinal,9,13,masterpiece.,9.011263132095335
critical,18,unambiguous,short,comma,nonfinal,6,0,Once,16.874446868896484
critical,18,unambiguous,short,comma,nonfinal,6,1,the,3.91961932182312
critical,18,unambiguous,short,comma,nonfinal,6,2,contractor,13.608687400817873
critical,18,unambiguous,short,comma,nonfinal,6,3,"remodeled,",20.472847819328308
critical,18,unambiguous,short,comma,nonfinal,6,4,the,1.7036573886871338
critical,18,unambiguous,short,comma,nonfinal,6,5,house,5.816348552703857
critical,18,unambiguous,short,comma,nonfinal,6,6,transformed,10.738696098327637
critical,18,unambiguous,short,comma,nonfinal,6,7,into,0.2149095237255096
critical,18,unambiguous,short,comma,nonfinal,6,8,a,0.5502343773841858
critical,18,unambiguous,short,comma,nonfinal,6,9,modern,5.701469898223877
critical,18,unambiguous,short,comma,nonfinal,6,10,masterpiece.,10.624169111251833
critical,18,unambiguous,long,object,nonfinal,11,0,Once,16.874446868896484
critical,18,unambiguous,long,object,nonfinal,11,1,the,3.91961932182312
critical,18,unambiguous,long,object,nonfinal,11,2,contractor,13.608687400817873
critical,18,unambiguous,long,object,nonfinal,11,3,remodeled,15.963963389396667
critical,18,unambiguous,long,object,nonfinal,11,4,the,0.7389750480651855
critical,18,unambiguous,long,object,nonfinal,11,5,exterior,7.244393348693848
critical,18,unambiguous,long,object,nonfinal,11,6,the,9.06472396850586
critical,18,unambiguous,long,object,nonfinal,11,7,house,6.000758171081543
critical,18,unambiguous,long,object,nonfinal,11,8,that,7.378952503204346
critical,18,unambiguous,long,object,nonfinal,11,9,was,2.988777637481689
critical,18,unambiguous,long,object,nonfinal,11,10,neglected,12.189899444580078
critical,18,unambiguous,long,object,nonfinal,11,11,transformed,12.24695873260498
critical,18,unambiguous,long,object,nonfinal,11,12,into,0.2628335058689117
critical,18,unambiguous,long,object,nonfinal,11,13,a,0.6204968690872192
critical,18,unambiguous,long,object,nonfinal,11,14,modern,5.583233833312988
critical,18,unambiguous,long,object,nonfinal,11,15,masterpiece.,8.867733657360077
critical,18,unambiguous,short,object,nonfinal,8,0,Once,16.874446868896484
critical,18,unambiguous,short,object,nonfinal,8,1,the,3.91961932182312
critical,18,unambiguous,short,object,nonfinal,8,2,contractor,13.608687400817873
critical,18,unambiguous,short,object,nonfinal,8,3,remodeled,15.963963389396667
critical,18,unambiguous,short,object,nonfinal,8,4,the,0.7389750480651855
critical,18,unambiguous,short,object,nonfinal,8,5,exterior,7.244393348693848
critical,18,unambiguous,short,object,nonfinal,8,6,the,9.06472396850586
critical,18,unambiguous,short,object,nonfinal,8,7,house,6.000758171081543
critical,18,unambiguous,short,object,nonfinal,8,8,transformed,11.530047416687012
critical,18,unambiguous,short,object,nonfinal,8,9,into,0.1986633539199829
critical,18,unambiguous,short,object,nonfinal,8,10,a,0.5887144804000854
critical,18,unambiguous,short,object,nonfinal,8,11,modern,5.518810272216797
critical,18,unambiguous,short,object,nonfinal,8,12,masterpiece.,9.758191227912905
critical,19,ambiguous,long,,final,8,0,When,14.687758445739746
critical,19,ambiguous,long,,final,8,1,the,3.6227636337280273
critical,19,ambiguous,long,,final,8,2,boy,10.557830810546877
critical,19,ambiguous,long,,final,8,3,hid,13.421019554138184
critical,19,ambiguous,long,,final,8,4,his,2.2977101802825928
critical,19,ambiguous,long,,final,8,5,toy,9.61286735534668
critical,19,ambiguous,long,,final,8,6,from,2.948932886123657
critical,19,ambiguous,long,,final,8,7,childhood,14.072545051574709
critical,19,ambiguous,long,,final,8,8,fell.,26.039064407348636
critical,19,ambiguous,short,,final,6,0,When,14.687758445739746
critical,19,ambiguous,short,,final,6,1,the,3.6227636337280273
critical,19,ambiguous,short,,final,6,2,boy,10.557830810546877
critical,19,ambiguous,short,,final,6,3,hid,13.421019554138184
critical,19,ambiguous,short,,final,6,4,his,2.2977101802825928
critical,19,ambiguous,short,,final,6,5,toy,9.61286735534668
critical,19,ambiguous,short,,final,6,6,fell.,25.868457794189453
critical,19,unambiguous,long,comma,final,8,0,When,14.687758445739746
critical,19,unambiguous,long,comma,final,8,1,the,3.6227636337280273
critical,19,unambiguous,long,comma,final,8,2,boy,10.557830810546877
critical,19,unambiguous,long,comma,final,8,3,"hid,",19.643038272857662
critical,19,unambiguous,long,comma,final,8,4,his,4.368337154388428
critical,19,unambiguous,long,comma,final,8,5,toy,11.903213500976562
critical,19,unambiguous,long,comma,final,8,6,from,10.61754322052002
critical,19,unambiguous,long,comma,final,8,7,childhood,12.92579746246338
critical,19,unambiguous,long,comma,final,8,8,fell.,12.510474681854248
critical,19,unambiguous,short,comma,final,6,0,When,14.687758445739746
critical,19,unambiguous,short,comma,final,6,1,the,3.6227636337280273
critical,19,unambiguous,short,comma,final,6,2,boy,10.557830810546877
critical,19,unambiguous,short,comma,final,6,3,"hid,",19.643038272857662
critical,19,unambiguous,short,comma,final,6,4,his,4.368337154388428
critical,19,unambiguous,short,comma,final,6,5,toy,11.903213500976562
critical,19,unambiguous,short,comma,final,6,6,fell.,11.923818588256836
critical,19,unambiguous,long,object,final,9,0,When,14.687758445739746
critical,19,unambiguous,long,object,final,9,1,the,3.6227636337280273
critical,19,unambiguous,long,object,final,9,2,boy,10.557830810546877
critical,19,unambiguous,long,object,final,9,3,hid,13.421019554138184
critical,19,unambiguous,long,object,final,9,4,himself,5.159380435943604
critical,19,unambiguous,long,object,final,9,5,his,12.516352653503418
critical,19,unambiguous,long,object,final,9,6,toy,10.690518379211426
critical,19,unambiguous,long,object,final,9,7,from,5.102474689483643
critical,19,unambiguous,long,object,final,9,8,childhood,13.701370239257812
critical,19,unambiguous,long,object,final,9,9,fell.,23.54819393157959
critical,19,unambiguous,short,object,final,7,0,When,14.687758445739746
critical,19,unambiguous,short,object,final,7,1,the,3.6227636337280273
critical,19,unambiguous,short,object,final,7,2,boy,10.557830810546877
critical,19,unambiguous,short,object,final,7,3,hid,13.421019554138184
critical,19,unambiguous,short,object,final,7,4,himself,5.159380435943604
critical,19,unambiguous,short,object,final,7,5,his,12.516352653503418
critical,19,unambiguous,short,object,final,7,6,toy,10.690518379211426
critical,19,unambiguous,short,object,final,7,7,fell.,18.765690326690677
critical,19,ambiguous,long,,nonfinal,8,0,When,14.687758445739746
critical,19,ambiguous,long,,nonfinal,8,1,the,3.6227636337280273
critical,19,ambiguous,long,,nonfinal,8,2,boy,10.557830810546877
critical,19,ambiguous,long,,nonfinal,8,3,hid,13.421019554138184
critical,19,ambiguous,long,,nonfinal,8,4,his,2.2977101802825928
critical,19,ambiguous,long,,nonfinal,8,5,toy,9.61286735534668
critical,19,ambiguous,long,,nonfinal,8,6,from,2.948932886123657
critical,19,ambiguous,long,,nonfinal,8,7,childhood,14.072545051574709
critical,19,ambiguous,long,,nonfinal,8,8,fell,16.387035369873047
critical,19,ambiguous,long,,nonfinal,8,9,off,8.068269729614258
critical,19,ambiguous,long,,nonfinal,8,10,the,2.3058884143829346
critical,19,ambiguous,long,,nonfinal,8,11,table.,11.18388032913208
critical,19,ambiguous,short,,nonfinal,6,0,When,14.687758445739746
critical,19,ambiguous,short,,nonfinal,6,1,the,3.6227636337280273
critical,19,ambiguous,short,,nonfinal,6,2,boy,10.557830810546877
critical,19,ambiguous,short,,nonfinal,6,3,hid,13.421019554138184
critical,19,ambiguous,short,,nonfinal,6,4,his,2.2977101802825928
critical,19,ambiguous,short,,nonfinal,6,5,toy,9.61286735534668
critical,19,ambiguous,short,,nonfinal,6,6,fell,17.26236915588379
critical,19,ambiguous,short,,nonfinal,6,7,off,3.506464719772339
critical,19,ambiguous,short,,nonfinal,6,8,the,2.1111433506011963
critical,19,ambiguous,short,,nonfinal,6,9,table.,8.840986728668213
critical,19,unambiguous,long,comma,nonfinal,8,0,When,14.687758445739746
critical,19,unambiguous,long,comma,nonfinal,8,1,the,3.6227636337280273
critical,19,unambiguous,long,comma,nonfinal,8,2,boy,10.557830810546877
critical,19,unambiguous,long,comma,nonfinal,8,3,"hid,",19.643038272857662
critical,19,unambiguous,long,comma,nonfinal,8,4,his,4.368337154388428
critical,19,unambiguous,long,comma,nonfinal,8,5,toy,11.903213500976562
critical,19,unambiguous,long,comma,nonfinal,8,6,from,10.61754322052002
critical,19,unambiguous,long,comma,nonfinal,8,7,childhood,12.92579746246338
critical,19,unambiguous,long,comma,nonfinal,8,8,fell,7.008416652679443
critical,19,unambiguous,long,comma,nonfinal,8,9,off,4.377528190612793
critical,19,unambiguous,long,comma,nonfinal,8,10,the,2.3363773822784424
critical,19,unambiguous,long,comma,nonfinal,8,11,table.,5.169627904891968
critical,19,unambiguous,short,comma,nonfinal,6,0,When,14.687758445739746
critical,19,unambiguous,short,comma,nonfinal,6,1,the,3.6227636337280273
critical,19,unambiguous,short,comma,nonfinal,6,2,boy,10.557830810546877
critical,19,unambiguous,short,comma,nonfinal,6,3,"hid,",19.643038272857662
critical,19,unambiguous,short,comma,nonfinal,6,4,his,4.368337154388428
critical,19,unambiguous,short,comma,nonfinal,6,5,toy,11.903213500976562
critical,19,unambiguous,short,comma,nonfinal,6,6,fell,6.869862079620361
critical,19,unambiguous,short,comma,nonfinal,6,7,off,3.900962829589844
critical,19,unambiguous,short,comma,nonfinal,6,8,the,2.2350258827209477
critical,19,unambiguous,short,comma,nonfinal,6,9,table.,4.883129477500916
critical,19,unambiguous,long,object,nonfinal,9,0,When,14.687758445739746
critical,19,unambiguous,long,object,nonfinal,9,1,the,3.6227636337280273
critical,19,unambiguous,long,object,nonfinal,9,2,boy,10.557830810546877
critical,19,unambiguous,long,object,nonfinal,9,3,hid,13.421019554138184
critical,19,unambiguous,long,object,nonfinal,9,4,himself,5.159380435943604
critical,19,unambiguous,long,object,nonfinal,9,5,his,12.516352653503418
critical,19,unambiguous,long,object,nonfinal,9,6,toy,10.690518379211426
critical,19,unambiguous,long,object,nonfinal,9,7,from,5.102474689483643
critical,19,unambiguous,long,object,nonfinal,9,8,childhood,13.701370239257812
critical,19,unambiguous,long,object,nonfinal,9,9,fell,15.661548614501951
critical,19,unambiguous,long,object,nonfinal,9,10,off,4.710541248321533
critical,19,unambiguous,long,object,nonfinal,9,11,the,2.353647232055664
critical,19,unambiguous,long,object,nonfinal,9,12,table.,7.824247598648071
critical,19,unambiguous,short,object,nonfinal,7,0,When,14.687758445739746
critical,19,unambiguous,short,object,nonfinal,7,1,the,3.6227636337280273
critical,19,unambiguous,short,object,nonfinal,7,2,boy,10.557830810546877
critical,19,unambiguous,short,object,nonfinal,7,3,hid,13.421019554138184
critical,19,unambiguous,short,object,nonfinal,7,4,himself,5.159380435943604
critical,19,unambiguous,short,object,nonfinal,7,5,his,12.516352653503418
critical,19,unambiguous,short,object,nonfinal,7,6,toy,10.690518379211426
critical,19,unambiguous,short,object,nonfinal,7,7,fell,11.347376823425291
critical,19,unambiguous,short,object,nonfinal,7,8,off,3.0743234157562256
critical,19,unambiguous,short,object,nonfinal,7,9,the,2.1155240535736084
critical,19,unambiguous,short,object,nonfinal,7,10,table.,6.112610220909119
critical,20,ambiguous,long,,final,8,0,As,14.926304817199709
critical,20,ambiguous,long,,final,8,1,the,3.2082221508026123
critical,20,ambiguous,long,,final,8,2,doctor,12.510111808776855
critical,20,ambiguous,long,,final,8,3,lectured,15.087710097432137
critical,20,ambiguous,long,,final,8,4,the,3.6101937294006343
critical,20,ambiguous,long,,final,8,5,student,5.507803440093994
critical,20,ambiguous,long,,final,8,6,watching,13.309123992919922
critical,20,ambiguous,long,,final,8,7,quietly,14.23410987854004
critical,20,ambiguous,long,,final,8,8,listened.,19.05827522277832
critical,20,ambiguous,short,,final,6,0,As,14.926304817199709
critical,20,ambiguous,short,,final,6,1,the,3.2082221508026123
critical,20,ambiguous,short,,final,6,2,doctor,12.510111808776855
critical,20,ambiguous,short,,final,6,3,lectured,15.087710097432137
critical,20,ambiguous,short,,final,6,4,the,3.6101937294006343
critical,20,ambiguous,short,,final,6,5,student,5.507803440093994
critical,20,ambiguous,short,,final,6,6,listened.,26.052393436431885
critical,20,unambiguous,long,comma,final,8,0,As,14.926304817199709
critical,20,unambiguous,long,comma,final,8,1,the,3.2082221508026123
critical,20,unambiguous,long,comma,final,8,2,doctor,12.510111808776855
critical,20,unambiguous,long,comma,final,8,3,"lectured,",18.66848249733448
critical,20,unambiguous,long,comma,final,8,4,the,2.904486894607544
critical,20,unambiguous,long,comma,final,8,5,student,6.099126815795898
critical,20,unambiguous,long,comma,final,8,6,watching,13.673110008239746
critical,20,unambiguous,long,comma,final,8,7,quietly,9.36859130859375
critical,20,unambiguous,long,comma,final,8,8,listened.,9.02605676651001
critical,20,unambiguous,short,comma,final,6,0,As,14.926304817199709
critical,20,unambiguous,short,comma,final,6,1,the,3.2082221508026123
critical,20,unambiguous,short,comma,final,6,2,doctor,12.510111808776855
critical,20,unambiguous,short,comma,final,6,3,"lectured,",18.66848249733448
critical,20,unambiguous,short,comma,final,6,4,the,2.904486894607544
critical,20,unambiguous,short,comma,final,6,5,student,6.099126815795898
critical,20,unambiguous,short,comma,final,6,6,listened.,12.677036762237549
critical,20,unambiguous,long,object,final,10,0,As,14.926304817199709
critical,20,unambiguous,long,object,final,10,1,the,3.2082221508026123
critical,20,unambiguous,long,object,final,10,2,doctor,12.510111808776855
critical,20,unambiguous,long,object,final,10,3,lectured,15.087710097432137
critical,20,unambiguous,long,object,final,10,4,the,3.6101937294006343
critical,20,unambiguous,long,object,final,10,5,nurse,8.654167175292969
critical,20,unambiguous,long,object,final,10,6,the,8.212845802307129
critical,20,unambiguous,long,object,final,10,7,student,10.301051139831545
critical,20,unambiguous,long,object,final,10,8,watching,15.350218772888184
critical,20,unambiguous,long,object,final,10,9,quietly,13.398642539978027
critical,20,unambiguous,long,object,final,10,10,listened.,12.60605812072754
critical,20,unambiguous,short,object,final,8,0,As,14.926304817199709
critical,20,unambiguous,short,object,final,8,1,the,3.2082221508026123
critical,20,unambiguous,short,object,final,8,2,doctor,12.510111808776855
critical,20,unambiguous,short,object,final,8,3,lectured,15.087710097432137
critical,20,unambiguous,short,object,final,8,4,the,3.6101937294006343
critical,20,unambiguous,short,object,final,8,5,nurse,8.654167175292969
critical,20,unambiguous,short,object,final,8,6,the,8.212845802307129
critical,20,unambiguous,short,object,final,8,7,student,10.301051139831545
critical,20,unambiguous,short,object,final,8,8,listened.,17.413912296295166
critical,20,ambiguous,long,,nonfinal,8,0,As,14.926304817199709
critical,20,ambiguous,long,,nonfinal,8,1,the,3.2082221508026123
critical,20,ambiguous,long,,nonfinal,8,2,doctor,12.510111808776855
critical,20,ambiguous,long,,nonfinal,8,3,lectured,15.087710097432137
critical,20,ambiguous,long,,nonfinal,8,4,the,3.6101937294006343
critical,20,ambiguous,long,,nonfinal,8,5,student,5.507803440093994
critical,20,ambiguous,long,,nonfinal,8,6,watching,13.309123992919922
critical,20,ambiguous,long,,nonfinal,8,7,quietly,14.23410987854004
critical,20,ambiguous,long,,nonfinal,8,8,listened,13.917606353759766
critical,20,ambiguous,long,,nonfinal,8,9,carefully,6.031301975250244
critical,20,ambiguous,long,,nonfinal,8,10,for,5.542332172393799
critical,20,ambiguous,long,,nonfinal,8,11,insightful,20.869678497314453
critical,20,ambiguous,long,,nonfinal,8,12,tips.,15.254239082336426
critical,20,ambiguous,short,,nonfinal,6,0,As,14.926304817199709
critical,20,ambiguous,short,,nonfinal,6,1,the,3.2082221508026123
critical,20,ambiguous,short,,nonfinal,6,2,doctor,12.510111808776855
critical,20,ambiguous,short,,nonfinal,6,3,lectured,15.087710097432137
critical,20,ambiguous,short,,nonfinal,6,4,the,3.6101937294006343
critical,20,ambiguous,short,,nonfinal,6,5,student,5.507803440093994
critical,20,ambiguous,short,,nonfinal,6,6,listened,19.103633880615234
critical,20,ambiguous,short,,nonfinal,6,7,carefully,5.6005473136901855
critical,20,ambiguous,short,,nonfinal,6,8,for,6.063519477844238
critical,20,ambiguous,short,,nonfinal,6,9,insightful,20.7088565826416
critical,20,ambiguous,short,,nonfinal,6,10,tips.,17.043970108032227
critical,20,unambiguous,long,comma,nonfinal,8,0,As,14.926304817199709
critical,20,unambiguous,long,comma,nonfinal,8,1,the,3.2082221508026123
critical,20,unambiguous,long,comma,nonfinal,8,2,doctor,12.510111808776855
critical,20,unambiguous,long,comma,nonfinal,8,3,"lectured,",18.66848249733448
critical,20,unambiguous,long,comma,nonfinal,8,4,the,2.904486894607544
critical,20,unambiguous,long,comma,nonfinal,8,5,student,6.099126815795898
critical,20,unambiguous,long,comma,nonfinal,8,6,watching,13.673110008239746
critical,20,unambiguous,long,comma,nonfinal,8,7,quietly,9.36859130859375
critical,20,unambiguous,long,comma,nonfinal,8,8,listened,7.048085689544678
critical,20,unambiguous,long,comma,nonfinal,8,9,carefully,6.853593826293945
critical,20,unambiguous,long,comma,nonfinal,8,10,for,5.983279228210449
critical,20,unambiguous,long,comma,nonfinal,8,11,insightful,20.2144832611084
critical,20,unambiguous,long,comma,nonfinal,8,12,tips.,12.969637989997864
critical,20,unambiguous,short,comma,nonfinal,6,0,As,14.926304817199709
critical,20,unambiguous,short,comma,nonfinal,6,1,the,3.2082221508026123
critical,20,unambiguous,short,comma,nonfinal,6,2,doctor,12.510111808776855
critical,20,unambiguous,short,comma,nonfinal,6,3,"lectured,",18.66848249733448
critical,20,unambiguous,short,comma,nonfinal,6,4,the,2.904486894607544
critical,20,unambiguous,short,comma,nonfinal,6,5,student,6.099126815795898
critical,20,unambiguous,short,comma,nonfinal,6,6,listened,9.525450706481934
critical,20,unambiguous,short,comma,nonfinal,6,7,carefully,6.084933280944824
critical,20,unambiguous,short,comma,nonfinal,6,8,for,6.458308696746826
critical,20,unambiguous,short,comma,nonfinal,6,9,insightful,19.686691284179688
critical,20,unambiguous,short,comma,nonfinal,6,10,tips.,13.980400800704956
critical,20,unambiguous,long,object,nonfinal,10,0,As,14.926304817199709
critical,20,unambiguous,long,object,nonfinal,10,1,the,3.2082221508026123
critical,20,unambiguous,long,object,nonfinal,10,2,doctor,12.510111808776855
critical,20,unambiguous,long,object,nonfinal,10,3,lectured,15.087710097432137
critical,20,unambiguous,long,object,nonfinal,10,4,the,3.6101937294006343
critical,20,unambiguous,long,object,nonfinal,10,5,nurse,8.654167175292969
critical,20,unambiguous,long,object,nonfinal,10,6,the,8.212845802307129
critical,20,unambiguous,long,object,nonfinal,10,7,student,10.301051139831545
critical,20,unambiguous,long,object,nonfinal,10,8,watching,15.350218772888184
critical,20,unambiguous,long,object,nonfinal,10,9,quietly,13.398642539978027
critical,20,unambiguous,long,object,nonfinal,10,10,listened,9.407665252685549
critical,20,unambiguous,long,object,nonfinal,10,11,carefully,5.5621442794799805
critical,20,unambiguous,long,object,nonfinal,10,12,for,5.5488481521606445
critical,20,unambiguous,long,object,nonfinal,10,13,insightful,21.41663360595703
critical,20,unambiguous,long,object,nonfinal,10,14,tips.,13.171647787094116
critical,20,unambiguous,short,object,nonfinal,8,0,As,14.926304817199709
critical,20,unambiguous,short,object,nonfinal,8,1,the,3.2082221508026123
critical,20,unambiguous,short,object,nonfinal,8,2,doctor,12.510111808776855
critical,20,unambiguous,short,object,nonfinal,8,3,lectured,15.087710097432137
critical,20,unambiguous,short,object,nonfinal,8,4,the,3.6101937294006343
critical,20,unambiguous,short,object,nonfinal,8,5,nurse,8.654167175292969
critical,20,unambiguous,short,object,nonfinal,8,6,the,8.212845802307129
critical,20,unambiguous,short,object,nonfinal,8,7,student,10.301051139831545
critical,20,unambiguous,short,object,nonfinal,8,8,listened,12.27325439453125
critical,20,unambiguous,short,object,nonfinal,8,9,carefully,5.328798294067383
critical,20,unambiguous,short,object,nonfinal,8,10,for,5.876589298248291
critical,20,unambiguous,short,object,nonfinal,8,11,insightful,21.21357727050781
critical,20,unambiguous,short,object,nonfinal,8,12,tips.,14.024813413619995
critical,21,ambiguous,long,,final,9,0,As,14.926304817199709
critical,21,ambiguous,long,,final,9,1,the,3.2082221508026123
critical,21,ambiguous,long,,final,9,2,teenager,14.408623695373535
critical,21,ambiguous,long,,final,9,3,drove,10.469709396362305
critical,21,ambiguous,long,,final,9,4,the,5.436633110046387
critical,21,ambiguous,long,,final,9,5,car,2.866326093673706
critical,21,ambiguous,long,,final,9,6,for,7.051860809326172
critical,21,ambiguous,long,,final,9,7,the,2.6104049682617188
critical,21,ambiguous,long,,final,9,8,family,7.777611255645752
critical,21,ambiguous,long,,final,9,9,sputtered.,33.34236717224121
critical,21,ambiguous,short,,final,6,0,As,14.926304817199709
critical,21,ambiguous,short,,final,6,1,the,3.2082221508026123
critical,21,ambiguous,short,,final,6,2,teenager,14.408623695373535
critical,21,ambiguous,short,,final,6,3,drove,10.469709396362305
critical,21,ambiguous,short,,final,6,4,the,5.436633110046387
critical,21,ambiguous,short,,final,6,5,car,2.866326093673706
critical,21,ambiguous,short,,final,6,6,sputtered.,31.545447826385494
critical,21,unambiguous,long,comma,final,9,0,As,14.926304817199709
critical,21,unambiguous,long,comma,final,9,1,the,3.2082221508026123
critical,21,unambiguous,long,comma,final,9,2,teenager,14.408623695373535
critical,21,unambiguous,long,comma,final,9,3,"drove,",17.940988063812256
critical,21,unambiguous,long,comma,final,9,4,the,4.198555946350098
critical,21,unambiguous,long,comma,final,9,5,car,3.9777467250823975
critical,21,unambiguous,long,comma,final,9,6,for,12.399184226989746
critical,21,unambiguous,long,comma,final,9,7,the,3.305809259414673
critical,21,unambiguous,long,comma,final,9,8,family,7.29189920425415
critical,21,unambiguous,long,comma,final,9,9,sputtered.,17.66146755218506
critical,21,unambiguous,short,comma,final,6,0,As,14.926304817199709
critical,21,unambiguous,short,comma,final,6,1,the,3.2082221508026123
critical,21,unambiguous,short,comma,final,6,2,teenager,14.408623695373535
critical,21,unambiguous,short,comma,final,6,3,"drove,",17.940988063812256
critical,21,unambiguous,short,comma,final,6,4,the,4.198555946350098
critical,21,unambiguous,short,comma,final,6,5,car,3.9777467250823975
critical,21,unambiguous,short,comma,final,6,6,sputtered.,16.483818531036377
critical,21,unambiguous,long,object,final,11,0,As,14.926304817199709
critical,21,unambiguous,long,object,final,11,1,the,3.2082221508026123
critical,21,unambiguous,long,object,final,11,2,teenager,14.408623695373535
critical,21,unambiguous,long,object,final,11,3,drove,10.469709396362305
critical,21,unambiguous,long,object,final,11,4,his,3.4090096950531006
critical,21,unambiguous,long,object,final,11,5,friends,5.843711853027344
critical,21,unambiguous,long,object,final,11,6,the,10.19261074066162
critical,21,unambiguous,long,object,final,11,7,car,6.688875675201416
critical,21,unambiguous,long,object,final,11,8,for,7.270721912384033
critical,21,unambiguous,long,object,final,11,9,the,3.5010273456573486
critical,21,unambiguous,long,object,final,11,10,family,8.018233299255371
critical,21,unambiguous,long,object,final,11,11,sputtered.,31.08952045440674
critical,21,unambiguous,short,object,final,8,0,As,14.926304817199709
critical,21,unambiguous,short,object,final,8,1,the,3.2082221508026123
critical,21,unambiguous,short,object,final,8,2,teenager,14.408623695373535
critical,21,unambiguous,short,object,final,8,3,drove,10.469709396362305
critical,21,unambiguous,short,object,final,8,4,his,3.4090096950531006
critical,21,unambiguous,short,object,final,8,5,friends,5.843711853027344
critical,21,unambiguous,short,object,final,8,6,the,10.19261074066162
critical,21,unambiguous,short,object,final,8,7,car,6.688875675201416
critical,21,unambiguous,short,object,final,8,8,sputtered.,23.85077381134033
critical,21,ambiguous,long,,nonfinal,9,0,As,14.926304817199709
critical,21,ambiguous,long,,nonfinal,9,1,the,3.2082221508026123
critical,21,ambiguous,long,,nonfinal,9,2,teenager,14.408623695373535
critical,21,ambiguous,long,,nonfinal,9,3,drove,10.469709396362305
critical,21,ambiguous,long,,nonfinal,9,4,the,5.436633110046387
critical,21,ambiguous,long,,nonfinal,9,5,car,2.866326093673706
critical,21,ambiguous,long,,nonfinal,9,6,for,7.051860809326172
critical,21,ambiguous,long,,nonfinal,9,7,the,2.6104049682617188
critical,21,ambiguous,long,,nonfinal,9,8,family,7.777611255645752
critical,21,ambiguous,long,,nonfinal,9,9,sputtered,27.56291389465332
critical,21,ambiguous,long,,nonfinal,9,10,to,4.16426944732666
critical,21,ambiguous,long,,nonfinal,9,11,a,0.3187705278396606
critical,21,ambiguous,long,,nonfinal,9,12,halt.,5.729239940643311
critical,21,ambiguous,short,,nonfinal,6,0,As,14.926304817199709
critical,21,ambiguous,short,,nonfinal,6,1,the,3.2082221508026123
critical,21,ambiguous,short,,nonfinal,6,2,teenager,14.408623695373535
critical,21,ambiguous,short,,nonfinal,6,3,drove,10.469709396362305
critical,21,ambiguous,short,,nonfinal,6,4,the,5.436633110046387
critical,21,ambiguous,short,,nonfinal,6,5,car,2.866326093673706
critical,21,ambiguous,short,,nonfinal,6,6,sputtered,24.84264850616455
critical,21,ambiguous,short,,nonfinal,6,7,to,4.223970890045166
critical,21,ambiguous,short,,nonfinal,6,8,a,0.5770912170410156
critical,21,ambiguous,short,,nonfinal,6,9,halt.,6.900109171867371
critical,21,unambiguous,long,comma,nonfinal,9,0,As,14.926304817199709
critical,21,unambiguous,long,comma,nonfinal,9,1,the,3.2082221508026123
critical,21,unambiguous,long,comma,nonfinal,9,2,teenager,14.408623695373535
critical,21,unambiguous,long,comma,nonfinal,9,3,"drove,",17.940988063812256
critical,21,unambiguous,long,comma,nonfinal,9,4,the,4.198555946350098
critical,21,unambiguous,long,comma,nonfinal,9,5,car,3.9777467250823975
critical,21,unambiguous,long,comma,nonfinal,9,6,for,12.399184226989746
critical,21,unambiguous,long,comma,nonfinal,9,7,the,3.305809259414673
critical,21,unambiguous,long,comma,nonfinal,9,8,family,7.29189920425415
critical,21,unambiguous,long,comma,nonfinal,9,9,sputtered,14.983425378799438
critical,21,unambiguous,long,comma,nonfinal,9,10,to,4.786147594451904
critical,21,unambiguous,long,comma,nonfinal,9,11,a,0.1934901177883148
critical,21,unambiguous,long,comma,nonfinal,9,12,halt.,2.8302454948425293
critical,21,unambiguous,short,comma,nonfinal,6,0,As,14.926304817199709
critical,21,unambiguous,short,comma,nonfinal,6,1,the,3.2082221508026123
critical,21,unambiguous,short,comma,nonfinal,6,2,teenager,14.408623695373535
critical,21,unambiguous,short,comma,nonfinal,6,3,"drove,",17.940988063812256
critical,21,unambiguous,short,comma,nonfinal,6,4,the,4.198555946350098
critical,21,unambiguous,short,comma,nonfinal,6,5,car,3.9777467250823975
critical,21,unambiguous,short,comma,nonfinal,6,6,sputtered,13.242597818374634
critical,21,unambiguous,short,comma,nonfinal,6,7,to,4.666932106018066
critical,21,unambiguous,short,comma,nonfinal,6,8,a,0.2421790808439254
critical,21,unambiguous,short,comma,nonfinal,6,9,halt.,3.83536159992218
critical,21,unambiguous,long,object,nonfinal,11,0,As,14.926304817199709
critical,21,unambiguous,long,object,nonfinal,11,1,the,3.2082221508026123
critical,21,unambiguous,long,object,nonfinal,11,2,teenager,14.408623695373535
critical,21,unambiguous,long,object,nonfinal,11,3,drove,10.469709396362305
critical,21,unambiguous,long,object,nonfinal,11,4,his,3.4090096950531006
critical,21,unambiguous,long,object,nonfinal,11,5,friends,5.843711853027344
critical,21,unambiguous,long,object,nonfinal,11,6,the,10.19261074066162
critical,21,unambiguous,long,object,nonfinal,11,7,car,6.688875675201416
critical,21,unambiguous,long,object,nonfinal,11,8,for,7.270721912384033
critical,21,unambiguous,long,object,nonfinal,11,9,the,3.5010273456573486
critical,21,unambiguous,long,object,nonfinal,11,10,family,8.018233299255371
critical,21,unambiguous,long,object,nonfinal,11,11,sputtered,26.93287849426269
critical,21,unambiguous,long,object,nonfinal,11,12,to,4.357264518737793
critical,21,unambiguous,long,object,nonfinal,11,13,a,0.2502471506595611
critical,21,unambiguous,long,object,nonfinal,11,14,halt.,3.0997161269187927
critical,21,unambiguous,short,object,nonfinal,8,0,As,14.926304817199709
critical,21,unambiguous,short,object,nonfinal,8,1,the,3.2082221508026123
critical,21,unambiguous,short,object,nonfinal,8,2,teenager,14.408623695373535
critical,21,unambiguous,short,object,nonfinal,8,3,drove,10.469709396362305
critical,21,unambiguous,short,object,nonfinal,8,4,his,3.4090096950531006
critical,21,unambiguous,short,object,nonfinal,8,5,friends,5.843711853027344
critical,21,unambiguous,short,object,nonfinal,8,6,the,10.19261074066162
critical,21,unambiguous,short,object,nonfinal,8,7,car,6.688875675201416
critical,21,unambiguous,short,object,nonfinal,8,8,sputtered,19.186252117156982
critical,21,unambiguous,short,object,nonfinal,8,9,to,4.238808155059815
critical,21,unambiguous,short,object,nonfinal,8,10,a,0.3591878116130829
critical,21,unambiguous,short,object,nonfinal,8,11,halt.,3.778467178344727
critical,22,ambiguous,long,,final,11,0,When,14.687758445739746
critical,22,ambiguous,long,,final,11,1,the,3.6227636337280273
critical,22,ambiguous,long,,final,11,2,original,9.046595573425291
critical,22,ambiguous,long,,final,11,3,members,11.783238410949709
critical,22,ambiguous,long,,final,11,4,left,6.435717105865479
critical,22,ambiguous,long,,final,11,5,the,1.9998637437820437
critical,22,ambiguous,long,,final,11,6,company,5.360872745513916
critical,22,ambiguous,long,,final,11,7,that,8.323465347290039
critical,22,ambiguous,long,,final,11,8,was,3.970768451690674
critical,22,ambiguous,long,,final,11,9,recently,10.5503568649292
critical,22,ambiguous,long,,final,11,10,acquired,2.414438247680664
critical,22,ambiguous,long,,final,11,11,failed.,22.83177280426025
critical,22,ambiguous,short,,final,7,0,When,14.687758445739746
critical,22,ambiguous,short,,final,7,1,the,3.6227636337280273
critical,22,ambiguous,short,,final,7,2,original,9.046595573425291
critical,22,ambiguous,short,,final,7,3,members,11.783238410949709
critical,22,ambiguous,short,,final,7,4,left,6.435717105865479
critical,22,ambiguous,short,,final,7,5,the,1.9998637437820437
critical,22,ambiguous,short,,final,7,6,company,5.360872745513916
critical,22,ambiguous,short,,final,7,7,failed.,21.49917936325073
critical,22,unambiguous,long,comma,final,11,0,When,14.687758445739746
critical,22,unambiguous,long,comma,final,11,1,the,3.6227636337280273
critical,22,unambiguous,long,comma,final,11,2,original,9.046595573425291
critical,22,unambiguous,long,comma,final,11,3,members,11.783238410949709
critical,22,unambiguous,long,comma,final,11,4,"left,",8.937748193740845
critical,22,unambiguous,long,comma,final,11,5,the,2.987908124923706
critical,22,unambiguous,long,comma,final,11,6,company,7.426601409912109
critical,22,unambiguous,long,comma,final,11,7,that,7.297523498535156
critical,22,unambiguous,long,comma,final,11,8,was,3.871321201324463
critical,22,unambiguous,long,comma,final,11,9,recently,11.627920150756836
critical,22,unambiguous,long,comma,final,11,10,acquired,2.715498685836792
critical,22,unambiguous,long,comma,final,11,11,failed.,12.784512996673584
critical,22,unambiguous,short,comma,final,7,0,When,14.687758445739746
critical,22,unambiguous,short,comma,final,7,1,the,3.6227636337280273
critical,22,unambiguous,short,comma,final,7,2,original,9.046595573425291
critical,22,unambiguous,short,comma,final,7,3,members,11.783238410949709
critical,22,unambiguous,short,comma,final,7,4,"left,",8.937748193740845
critical,22,unambiguous,short,comma,final,7,5,the,2.987908124923706
critical,22,unambiguous,short,comma,final,7,6,company,7.426601409912109
critical,22,unambiguous,short,comma,final,7,7,failed.,13.555991411209106
critical,22,unambiguous,long,object,final,14,0,When,14.687758445739746
critical,22,unambiguous,long,object,final,14,1,the,3.6227636337280273
critical,22,unambiguous,long,object,final,14,2,original,9.046595573425291
critical,22,unambiguous,long,object,final,14,3,members,11.783238410949709
critical,22,unambiguous,long,object,final,14,4,left,6.435717105865479
critical,22,unambiguous,long,object,final,14,5,the,1.9998637437820437
critical,22,unambiguous,long,object,final,14,6,engineering,14.813611030578612
critical,22,unambiguous,long,object,final,14,7,team,3.2828047275543213
critical,22,unambiguous,long,object,final,14,8,the,6.836995601654053
critical,22,unambiguous,long,object,final,14,9,company,5.1978607177734375
critical,22,unambiguous,long,object,final,14,10,that,9.729496002197266
critical,22,unambiguous,long,object,final,14,11,was,4.423283576965332
critical,22,unambiguous,long,object,final,14,12,recently,11.73845100402832
critical,22,unambiguous,long,object,final,14,13,acquired,3.401646137237549
critical,22,unambiguous,long,object,final,14,14,failed.,14.457224369049072
critical,22,unambiguous,short,object,final,10,0,When,14.687758445739746
critical,22,unambiguous,short,object,final,10,1,the,3.6227636337280273
critical,22,unambiguous,short,object,final,10,2,original,9.046595573425291
critical,22,unambiguous,short,object,final,10,3,members,11.783238410949709
critical,22,unambiguous,short,object,final,10,4,left,6.435717105865479
critical,22,unambiguous,short,object,final,10,5,the,1.9998637437820437
critical,22,unambiguous,short,object,final,10,6,engineering,14.813611030578612
critical,22,unambiguous,short,object,final,10,7,team,3.2828047275543213
critical,22,unambiguous,short,object,final,10,8,the,6.836995601654053
critical,22,unambiguous,short,object,final,10,9,company,5.1978607177734375
critical,22,unambiguous,short,object,final,10,10,failed.,13.526723861694336
critical,22,ambiguous,long,,nonfinal,11,0,When,14.687758445739746
critical,22,ambiguous,long,,nonfinal,11,1,the,3.6227636337280273
critical,22,ambiguous,long,,nonfinal,11,2,original,9.046595573425291
critical,22,ambiguous,long,,nonfinal,11,3,members,11.783238410949709
critical,22,ambiguous,long,,nonfinal,11,4,left,6.435717105865479
critical,22,ambiguous,long,,nonfinal,11,5,the,1.9998637437820437
critical,22,ambiguous,long,,nonfinal,11,6,company,5.360872745513916
critical,22,ambiguous,long,,nonfinal,11,7,that,8.323465347290039
critical,22,ambiguous,long,,nonfinal,11,8,was,3.970768451690674
critical,22,ambiguous,long,,nonfinal,11,9,recently,10.5503568649292
critical,22,ambiguous,long,,nonfinal,11,10,acquired,2.414438247680664
critical,22,ambiguous,long,,nonfinal,11,11,failed,15.246347427368164
critical,22,ambiguous,long,,nonfinal,11,12,to,0.5211542248725891
critical,22,ambiguous,long,,nonfinal,11,13,create,8.673571586608887
critical,22,ambiguous,long,,nonfinal,11,14,a,1.582284450531006
critical,22,ambiguous,long,,nonfinal,11,15,successful,6.037708282470703
critical,22,ambiguous,long,,nonfinal,11,16,product.,8.064043283462524
critical,22,ambiguous,short,,nonfinal,7,0,When,14.687758445739746
critical,22,ambiguous,short,,nonfinal,7,1,the,3.6227636337280273
critical,22,ambiguous,short,,nonfinal,7,2,original,9.046595573425291
critical,22,ambiguous,short,,nonfinal,7,3,members,11.783238410949709
critical,22,ambiguous,short,,nonfinal,7,4,left,6.435717105865479
critical,22,ambiguous,short,,nonfinal,7,5,the,1.9998637437820437
critical,22,ambiguous,short,,nonfinal,7,6,company,5.360872745513916
critical,22,ambiguous,short,,nonfinal,7,7,failed,15.81920051574707
critical,22,ambiguous,short,,nonfinal,7,8,to,0.4966583847999573
critical,22,ambiguous,short,,nonfinal,7,9,create,8.008282661437988
critical,22,ambiguous,short,,nonfinal,7,10,a,1.368805766105652
critical,22,ambiguous,short,,nonfinal,7,11,successful,6.525500297546387
critical,22,ambiguous,short,,nonfinal,7,12,product.,6.61397385597229
critical,22,unambiguous,long,comma,nonfinal,11,0,When,14.687758445739746
critical,22,unambiguous,long,comma,nonfinal,11,1,the,3.6227636337280273
critical,22,unambiguous,long,comma,nonfinal,11,2,original,9.046595573425291
critical,22,unambiguous,long,comma,nonfinal,11,3,members,11.783238410949709
critical,22,unambiguous,long,comma,nonfinal,11,4,"left,",8.937748193740845
critical,22,unambiguous,long,comma,nonfinal,11,5,the,2.987908124923706
critical,22,unambiguous,long,comma,nonfinal,11,6,company,7.426601409912109
critical,22,unambiguous,long,comma,nonfinal,11,7,that,7.297523498535156
critical,22,unambiguous,long,comma,nonfinal,11,8,was,3.871321201324463
critical,22,unambiguous,long,comma,nonfinal,11,9,recently,11.627920150756836
critical,22,unambiguous,long,comma,nonfinal,11,10,acquired,2.715498685836792
critical,22,unambiguous,long,comma,nonfinal,11,11,failed,9.626273155212402
critical,22,unambiguous,long,comma,nonfinal,11,12,to,0.608064591884613
critical,22,unambiguous,long,comma,nonfinal,11,13,create,7.854692459106445
critical,22,unambiguous,long,comma,nonfinal,11,14,a,1.5054012537002563
critical,22,unambiguous,long,comma,nonfinal,11,15,successful,7.308453559875488
critical,22,unambiguous,long,comma,nonfinal,11,16,product.,4.512208342552185
critical,22,unambiguous,short,comma,nonfinal,7,0,When,14.687758445739746
critical,22,unambiguous,short,comma,nonfinal,7,1,the,3.6227636337280273
critical,22,unambiguous,short,comma,nonfinal,7,2,original,9.046595573425291
critical,22,unambiguous,short,comma,nonfinal,7,3,members,11.783238410949709
critical,22,unambiguous,short,comma,nonfinal,7,4,"left,",8.937748193740845
critical,22,unambiguous,short,comma,nonfinal,7,5,the,2.987908124923706
critical,22,unambiguous,short,comma,nonfinal,7,6,company,7.426601409912109
critical,22,unambiguous,short,comma,nonfinal,7,7,failed,9.876911163330078
critical,22,unambiguous,short,comma,nonfinal,7,8,to,0.4842150807380676
critical,22,unambiguous,short,comma,nonfinal,7,9,create,7.336686134338379
critical,22,unambiguous,short,comma,nonfinal,7,10,a,1.346858024597168
critical,22,unambiguous,short,comma,nonfinal,7,11,successful,7.992597579956055
critical,22,unambiguous,short,comma,nonfinal,7,12,product.,5.350019693374634
critical,22,unambiguous,long,object,nonfinal,14,0,When,14.687758445739746
critical,22,unambiguous,long,object,nonfinal,14,1,the,3.6227636337280273
critical,22,unambiguous,long,object,nonfinal,14,2,original,9.046595573425291
critical,22,unambiguous,long,object,nonfinal,14,3,members,11.783238410949709
critical,22,unambiguous,long,object,nonfinal,14,4,left,6.435717105865479
critical,22,unambiguous,long,object,nonfinal,14,5,the,1.9998637437820437
critical,22,unambiguous,long,object,nonfinal,14,6,engineering,14.813611030578612
critical,22,unambiguous,long,object,nonfinal,14,7,team,3.2828047275543213
critical,22,unambiguous,long,object,nonfinal,14,8,the,6.836995601654053
critical,22,unambiguous,long,object,nonfinal,14,9,company,5.1978607177734375
critical,22,unambiguous,long,object,nonfinal,14,10,that,9.729496002197266
critical,22,unambiguous,long,object,nonfinal,14,11,was,4.423283576965332
critical,22,unambiguous,long,object,nonfinal,14,12,recently,11.73845100402832
critical,22,unambiguous,long,object,nonfinal,14,13,acquired,3.401646137237549
critical,22,unambiguous,long,object,nonfinal,14,14,failed,8.809154510498047
critical,22,unambiguous,long,object,nonfinal,14,15,to,0.9298675060272216
critical,22,unambiguous,long,object,nonfinal,14,16,create,8.224435806274414
critical,22,unambiguous,long,object,nonfinal,14,17,a,1.6685783863067627
critical,22,unambiguous,long,object,nonfinal,14,18,successful,6.47003698348999
critical,22,unambiguous,long,object,nonfinal,14,19,product.,4.546670913696289
critical,22,unambiguous,short,object,nonfinal,10,0,When,14.687758445739746
critical,22,unambiguous,short,object,nonfinal,10,1,the,3.6227636337280273
critical,22,unambiguous,short,object,nonfinal,10,2,original,9.046595573425291
critical,22,unambiguous,short,object,nonfinal,10,3,members,11.783238410949709
critical,22,unambiguous,short,object,nonfinal,10,4,left,6.435717105865479
critical,22,unambiguous,short,object,nonfinal,10,5,the,1.9998637437820437
critical,22,unambiguous,short,object,nonfinal,10,6,engineering,14.813611030578612
critical,22,unambiguous,short,object,nonfinal,10,7,team,3.2828047275543213
critical,22,unambiguous,short,object,nonfinal,10,8,the,6.836995601654053
critical,22,unambiguous,short,object,nonfinal,10,9,company,5.1978607177734375
critical,22,unambiguous,short,object,nonfinal,10,10,failed,9.426586151123049
critical,22,unambiguous,short,object,nonfinal,10,11,to,0.5368059873580933
critical,22,unambiguous,short,object,nonfinal,10,12,create,7.454173564910889
critical,22,unambiguous,short,object,nonfinal,10,13,a,1.4418364763259888
critical,22,unambiguous,short,object,nonfinal,10,14,successful,7.152309894561768
critical,22,unambiguous,short,object,nonfinal,10,15,product.,4.243816256523132
critical,23,ambiguous,long,,final,12,0,After,15.716473579406738
critical,23,ambiguous,long,,final,12,1,the,3.606374263763428
critical,23,ambiguous,long,,final,12,2,director,13.09019660949707
critical,23,ambiguous,long,,final,12,3,finished,10.796889305114746
critical,23,ambiguous,long,,final,12,4,filming,2.8761332035064697
critical,23,ambiguous,long,,final,12,5,the,2.632231473922729
critical,23,ambiguous,long,,final,12,6,actors,11.035012245178224
critical,23,ambiguous,long,,final,12,7,exhausted,21.03332901000977
critical,23,ambiguous,long,,final,12,8,from,3.261671543121338
critical,23,ambiguous,long,,final,12,9,the,2.206815242767334
critical,23,ambiguous,long,,final,12,10,long,7.727794170379639
critical,23,ambiguous,long,,final,12,11,day,3.806215524673462
critical,23,ambiguous,long,,final,12,12,left.,21.141658782958984
critical,23,ambiguous,short,,final,7,0,After,15.716473579406738
critical,23,ambiguous,short,,final,7,1,the,3.606374263763428
critical,23,ambiguous,short,,final,7,2,director,13.09019660949707
critical,23,ambiguous,short,,final,7,3,finished,10.796889305114746
critical,23,ambiguous,short,,final,7,4,filming,2.8761332035064697
critical,23,ambiguous,short,,final,7,5,the,2.632231473922729
critical,23,ambiguous,short,,final,7,6,actors,11.035012245178224
critical,23,ambiguous,short,,final,7,7,left.,18.82616186141968
critical,23,unambiguous,long,comma,final,12,0,After,15.716473579406738
critical,23,unambiguous,long,comma,final,12,1,the,3.606374263763428
critical,23,unambiguous,long,comma,final,12,2,director,13.09019660949707
critical,23,unambiguous,long,comma,final,12,3,finished,10.796889305114746
critical,23,unambiguous,long,comma,final,12,4,"filming,",5.675779581069946
critical,23,unambiguous,long,comma,final,12,5,the,3.067322969436645
critical,23,unambiguous,long,comma,final,12,6,actors,4.806543350219727
critical,23,unambiguous,long,comma,final,12,7,exhausted,16.688007354736328
critical,23,unambiguous,long,comma,final,12,8,from,8.606606483459473
critical,23,unambiguous,long,comma,final,12,9,the,2.4830002784729004
critical,23,unambiguous,long,comma,final,12,10,long,7.779064178466797
critical,23,unambiguous,long,comma,final,12,11,day,3.528500556945801
critical,23,unambiguous,long,comma,final,12,12,left.,15.339311122894289
critical,23,unambiguous,short,comma,final,7,0,After,15.716473579406738
critical,23,unambiguous,short,comma,final,7,1,the,3.606374263763428
critical,23,unambiguous,short,comma,final,7,2,director,13.09019660949707
critical,23,unambiguous,short,comma,final,7,3,finished,10.796889305114746
critical,23,unambiguous,short,comma,final,7,4,"filming,",5.675779581069946
critical,23,unambiguous,short,comma,final,7,5,the,3.067322969436645
critical,23,unambiguous,short,comma,final,7,6,actors,4.806543350219727
critical,23,unambiguous,short,comma,final,7,7,left.,11.585400581359863
critical,23,unambiguous,long,object,final,15,0,After,15.716473579406738
critical,23,unambiguous,long,object,final,15,1,the,3.606374263763428
critical,23,unambiguous,long,object,final,15,2,director,13.09019660949707
critical,23,unambiguous,long,object,final,15,3,finished,10.796889305114746
critical,23,unambiguous,long,object,final,15,4,filming,2.8761332035064697
critical,23,unambiguous,long,object,final,15,5,the,2.632231473922729
critical,23,unambiguous,long,object,final,15,6,final,5.2306718826293945
critical,23,unambiguous,long,object,final,15,7,scene,2.941514253616333
critical,23,unambiguous,long,object,final,15,8,the,8.94426441192627
critical,23,unambiguous,long,object,final,15,9,actors,4.677994251251221
critical,23,unambiguous,long,object,final,15,10,exhausted,15.667932510375977
critical,23,unambiguous,long,object,final,15,11,from,7.674498558044434
critical,23,unambiguous,long,object,final,15,12,the,2.1577136516571045
critical,23,unambiguous,long,object,final,15,13,long,8.003142356872559
critical,23,unambiguous,long,object,final,15,14,day,3.6177995204925537
critical,23,unambiguous,long,object,final,15,15,left.,14.915182828903198
critical,23,unambiguous,short,object,final,10,0,After,15.716473579406738
critical,23,unambiguous,short,object,final,10,1,the,3.606374263763428
critical,23,unambiguous,short,object,final,10,2,director,13.09019660949707
critical,23,unambiguous,short,object,final,10,3,finished,10.796889305114746
critical,23,unambiguous,short,object,final,10,4,filming,2.8761332035064697
critical,23,unambiguous,short,object,final,10,5,the,2.632231473922729
critical,23,unambiguous,short,object,final,10,6,final,5.2306718826293945
critical,23,unambiguous,short,object,final,10,7,scene,2.941514253616333
critical,23,unambiguous,short,object,final,10,8,the,8.94426441192627
critical,23,unambiguous,short,object,final,10,9,actors,4.677994251251221
critical,23,unambiguous,short,object,final,10,10,left.,11.592698097229004
critical,23,ambiguous,long,,nonfinal,12,0,After,15.716473579406738
critical,23,ambiguous,long,,nonfinal,12,1,the,3.606374263763428
critical,23,ambiguous,long,,nonfinal,12,2,director,13.09019660949707
critical,23,ambiguous,long,,nonfinal,12,3,finished,10.796889305114746
critical,23,ambiguous,long,,nonfinal,12,4,filming,2.8761332035064697
critical,23,ambiguous,long,,nonfinal,12,5,the,2.632231473922729
critical,23,ambiguous,long,,nonfinal,12,6,actors,11.035012245178224
critical,23,ambiguous,long,,nonfinal,12,7,exhausted,21.03332901000977
critical,23,ambiguous,long,,nonfinal,12,8,from,3.261671543121338
critical,23,ambiguous,long,,nonfinal,12,9,the,2.206815242767334
critical,23,ambiguous,long,,nonfinal,12,10,long,7.727794170379639
critical,23,ambiguous,long,,nonfinal,12,11,day,3.806215524673462
critical,23,ambiguous,long,,nonfinal,12,12,left,13.997097969055176
critical,23,ambiguous,long,,nonfinal,12,13,to,3.927731513977051
critical,23,ambiguous,long,,nonfinal,12,14,go,3.252084493637085
critical,23,ambiguous,long,,nonfinal,12,15,home.,8.312887191772461
critical,23,ambiguous,short,,nonfinal,7,0,After,15.716473579406738
critical,23,ambiguous,short,,nonfinal,7,1,the,3.606374263763428
critical,23,ambiguous,short,,nonfinal,7,2,director,13.09019660949707
critical,23,ambiguous,short,,nonfinal,7,3,finished,10.796889305114746
critical,23,ambiguous,short,,nonfinal,7,4,filming,2.8761332035064697
critical,23,ambiguous,short,,nonfinal,7,5,the,2.632231473922729
critical,23,ambiguous,short,,nonfinal,7,6,actors,11.035012245178224
critical,23,ambiguous,short,,nonfinal,7,7,left,12.426040649414062
critical,23,ambiguous,short,,nonfinal,7,8,to,3.8805007934570312
critical,23,ambiguous,short,,nonfinal,7,9,go,2.199286699295044
critical,23,ambiguous,short,,nonfinal,7,10,home.,5.740797519683838
critical,23,unambiguous,long,comma,nonfinal,12,0,After,15.716473579406738
critical,23,unambiguous,long,comma,nonfinal,12,1,the,3.606374263763428
critical,23,unambiguous,long,comma,nonfinal,12,2,director,13.09019660949707
critical,23,unambiguous,long,comma,nonfinal,12,3,finished,10.796889305114746
critical,23,unambiguous,long,comma,nonfinal,12,4,"filming,",5.675779581069946
critical,23,unambiguous,long,comma,nonfinal,12,5,the,3.067322969436645
critical,23,unambiguous,long,comma,nonfinal,12,6,actors,4.806543350219727
critical,23,unambiguous,long,comma,nonfinal,12,7,exhausted,16.688007354736328
critical,23,unambiguous,long,comma,nonfinal,12,8,from,8.606606483459473
critical,23,unambiguous,long,comma,nonfinal,12,9,the,2.4830002784729004
critical,23,unambiguous,long,comma,nonfinal,12,10,long,7.779064178466797
critical,23,unambiguous,long,comma,nonfinal,12,11,day,3.528500556945801
critical,23,unambiguous,long,comma,nonfinal,12,12,left,10.722779273986816
critical,23,unambiguous,long,comma,nonfinal,12,13,to,3.2635207176208496
critical,23,unambiguous,long,comma,nonfinal,12,14,go,2.4747891426086426
critical,23,unambiguous,long,comma,nonfinal,12,15,home.,3.827865958213806
critical,23,unambiguous,short,comma,nonfinal,7,0,After,15.716473579406738
critical,23,unambiguous,short,comma,nonfinal,7,1,the,3.606374263763428
critical,23,unambiguous,short,comma,nonfinal,7,2,director,13.09019660949707
critical,23,unambiguous,short,comma,nonfinal,7,3,finished,10.796889305114746
critical,23,unambiguous,short,comma,nonfinal,7,4,"filming,",5.675779581069946
critical,23,unambiguous,short,comma,nonfinal,7,5,the,3.067322969436645
critical,23,unambiguous,short,comma,nonfinal,7,6,actors,4.806543350219727
critical,23,unambiguous,short,comma,nonfinal,7,7,left,6.353220462799072
critical,23,unambiguous,short,comma,nonfinal,7,8,to,3.617667436599731
critical,23,unambiguous,short,comma,nonfinal,7,9,go,2.676215171813965
critical,23,unambiguous,short,comma,nonfinal,7,10,home.,4.972021222114563
critical,23,unambiguous,long,object,nonfinal,15,0,After,15.716473579406738
critical,23,unambiguous,long,object,nonfinal,15,1,the,3.606374263763428
critical,23,unambiguous,long,object,nonfinal,15,2,director,13.09019660949707
critical,23,unambiguous,long,object,nonfinal,15,3,finished,10.796889305114746
critical,23,unambiguous,long,object,nonfinal,15,4,filming,2.8761332035064697
critical,23,unambiguous,long,object,nonfinal,15,5,the,2.632231473922729
critical,23,unambiguous,long,object,nonfinal,15,6,final,5.2306718826293945
critical,23,unambiguous,long,object,nonfinal,15,7,scene,2.941514253616333
critical,23,unambiguous,long,object,nonfinal,15,8,the,8.94426441192627
critical,23,unambiguous,long,object,nonfinal,15,9,actors,4.677994251251221
critical,23,unambiguous,long,object,nonfinal,15,10,exhausted,15.667932510375977
critical,23,unambiguous,long,object,nonfinal,15,11,from,7.674498558044434
critical,23,unambiguous,long,object,nonfinal,15,12,the,2.1577136516571045
critical,23,unambiguous,long,object,nonfinal,15,13,long,8.003142356872559
critical,23,unambiguous,long,object,nonfinal,15,14,day,3.6177995204925537
critical,23,unambiguous,long,object,nonfinal,15,15,left,11.430060386657717
critical,23,unambiguous,long,object,nonfinal,15,16,to,3.0113418102264404
critical,23,unambiguous,long,object,nonfinal,15,17,go,2.371995687484741
critical,23,unambiguous,long,object,nonfinal,15,18,home.,3.764466404914856
critical,23,unambiguous,short,object,nonfinal,10,0,After,15.716473579406738
critical,23,unambiguous,short,object,nonfinal,10,1,the,3.606374263763428
critical,23,unambiguous,short,object,nonfinal,10,2,director,13.09019660949707
critical,23,unambiguous,short,object,nonfinal,10,3,finished,10.796889305114746
critical,23,unambiguous,short,object,nonfinal,10,4,filming,2.8761332035064697
critical,23,unambiguous,short,object,nonfinal,10,5,the,2.632231473922729
critical,23,unambiguous,short,object,nonfinal,10,6,final,5.2306718826293945
critical,23,unambiguous,short,object,nonfinal,10,7,scene,2.941514253616333
critical,23,unambiguous,short,object,nonfinal,10,8,the,8.94426441192627
critical,23,unambiguous,short,object,nonfinal,10,9,actors,4.677994251251221
critical,23,unambiguous,short,object,nonfinal,10,10,left,6.190649032592773
critical,23,unambiguous,short,object,nonfinal,10,11,to,3.895338296890259
critical,23,unambiguous,short,object,nonfinal,10,12,go,2.133806705474853
critical,23,unambiguous,short,object,nonfinal,10,13,home.,4.961102366447449
critical,24,ambiguous,long,,final,8,0,After,15.716473579406738
critical,24,ambiguous,long,,final,8,1,our,9.273777961730955
critical,24,ambiguous,long,,final,8,2,team,7.704437255859375
critical,24,ambiguous,long,,final,8,3,won,7.174730777740479
critical,24,ambiguous,long,,final,8,4,the,1.3967633247375488
critical,24,ambiguous,long,,final,8,5,tournament,6.638288021087647
critical,24,ambiguous,long,,final,8,6,in,3.939266681671143
critical,24,ambiguous,long,,final,8,7,basketball,15.056841850280762
critical,24,ambiguous,long,,final,8,8,advanced.,28.264689445495605
critical,24,ambiguous,short,,final,6,0,After,15.716473579406738
critical,24,ambiguous,short,,final,6,1,our,9.273777961730955
critical,24,ambiguous,short,,final,6,2,team,7.704437255859375
critical,24,ambiguous,short,,final,6,3,won,7.174730777740479
critical,24,ambiguous,short,,final,6,4,the,1.3967633247375488
critical,24,ambiguous,short,,final,6,5,tournament,6.638288021087647
critical,24,ambiguous,short,,final,6,6,advanced.,26.121924877166748
critical,24,unambiguous,long,comma,final,8,0,After,15.716473579406738
critical,24,unambiguous,long,comma,final,8,1,our,9.273777961730955
critical,24,unambiguous,long,comma,final,8,2,team,7.704437255859375
critical,24,unambiguous,long,comma,final,8,3,"won,",13.33687162399292
critical,24,unambiguous,long,comma,final,8,4,the,4.271663665771484
critical,24,unambiguous,long,comma,final,8,5,tournament,9.084030151367188
critical,24,unambiguous,long,comma,final,8,6,in,8.777642250061035
critical,24,unambiguous,long,comma,final,8,7,basketball,14.561531066894531
critical,24,unambiguous,long,comma,final,8,8,advanced.,19.22572326660156
critical,24,unambiguous,short,comma,final,6,0,After,15.716473579406738
critical,24,unambiguous,short,comma,final,6,1,our,9.273777961730955
critical,24,unambiguous,short,comma,final,6,2,team,7.704437255859375
critical,24,unambiguous,short,comma,final,6,3,"won,",13.33687162399292
critical,24,unambiguous,short,comma,final,6,4,the,4.271663665771484
critical,24,unambiguous,short,comma,final,6,5,tournament,9.084030151367188
critical,24,unambiguous,short,comma,final,6,6,advanced.,17.629470348358154
critical,24,unambiguous,long,object,final,10,0,After,15.716473579406738
critical,24,unambiguous,long,object,final,10,1,our,9.273777961730955
critical,24,unambiguous,long,object,final,10,2,team,7.704437255859375
critical,24,unambiguous,long,object,final,10,3,won,7.174730777740479
critical,24,unambiguous,long,object,final,10,4,the,1.3967633247375488
critical,24,unambiguous,long,object,final,10,5,semifinals,9.459112167358398
critical,24,unambiguous,long,object,final,10,6,the,8.27869987487793
critical,24,unambiguous,long,object,final,10,7,tournament,6.771625518798828
critical,24,unambiguous,long,object,final,10,8,in,5.98745059967041
critical,24,unambiguous,long,object,final,10,9,basketball,15.426309585571287
critical,24,unambiguous,long,object,final,10,10,advanced.,25.18188190460205
critical,24,unambiguous,short,object,final,8,0,After,15.716473579406738
critical,24,unambiguous,short,object,final,8,1,our,9.273777961730955
critical,24,unambiguous,short,object,final,8,2,team,7.704437255859375
critical,24,unambiguous,short,object,final,8,3,won,7.174730777740479
critical,24,unambiguous,short,object,final,8,4,the,1.3967633247375488
critical,24,unambiguous,short,object,final,8,5,semifinals,9.459112167358398
critical,24,unambiguous,short,object,final,8,6,the,8.27869987487793
critical,24,unambiguous,short,object,final,8,7,tournament,6.771625518798828
critical,24,unambiguous,short,object,final,8,8,advanced.,20.407389163970947
critical,24,ambiguous,long,,nonfinal,8,0,After,15.716473579406738
critical,24,ambiguous,long,,nonfinal,8,1,our,9.273777961730955
critical,24,ambiguous,long,,nonfinal,8,2,team,7.704437255859375
critical,24,ambiguous,long,,nonfinal,8,3,won,7.174730777740479
critical,24,ambiguous,long,,nonfinal,8,4,the,1.3967633247375488
critical,24,ambiguous,long,,nonfinal,8,5,tournament,6.638288021087647
critical,24,ambiguous,long,,nonfinal,8,6,in,3.939266681671143
critical,24,ambiguous,long,,nonfinal,8,7,basketball,15.056841850280762
critical,24,ambiguous,long,,nonfinal,8,8,advanced,19.234769821166992
critical,24,ambiguous,long,,nonfinal,8,9,to,1.103055477142334
critical,24,ambiguous,long,,nonfinal,8,10,the,0.4321194887161255
critical,24,ambiguous,long,,nonfinal,8,11,final,4.494663238525391
critical,24,ambiguous,long,,nonfinal,8,12,round.,5.627052068710327
critical,24,ambiguous,short,,nonfinal,6,0,After,15.716473579406738
critical,24,ambiguous,short,,nonfinal,6,1,our,9.273777961730955
critical,24,ambiguous,short,,nonfinal,6,2,team,7.704437255859375
critical,24,ambiguous,short,,nonfinal,6,3,won,7.174730777740479
critical,24,ambiguous,short,,nonfinal,6,4,the,1.3967633247375488
critical,24,ambiguous,short,,nonfinal,6,5,tournament,6.638288021087647
critical,24,ambiguous,short,,nonfinal,6,6,advanced,18.87652969360352
critical,24,ambiguous,short,,nonfinal,6,7,to,0.6541284322738647
critical,24,ambiguous,short,,nonfinal,6,8,the,0.5366519093513489
critical,24,ambiguous,short,,nonfinal,6,9,final,3.5978660583496094
critical,24,ambiguous,short,,nonfinal,6,10,round.,5.374422073364258
critical,24,unambiguous,long,comma,nonfinal,8,0,After,15.716473579406738
critical,24,unambiguous,long,comma,nonfinal,8,1,our,9.273777961730955
critical,24,unambiguous,long,comma,nonfinal,8,2,team,7.704437255859375
critical,24,unambiguous,long,comma,nonfinal,8,3,"won,",13.33687162399292
critical,24,unambiguous,long,comma,nonfinal,8,4,the,4.271663665771484
critical,24,unambiguous,long,comma,nonfinal,8,5,tournament,9.084030151367188
critical,24,unambiguous,long,comma,nonfinal,8,6,in,8.777642250061035
critical,24,unambiguous,long,comma,nonfinal,8,7,basketball,14.561531066894531
critical,24,unambiguous,long,comma,nonfinal,8,8,advanced,15.312300682067873
critical,24,unambiguous,long,comma,nonfinal,8,9,to,0.7951707243919373
critical,24,unambiguous,long,comma,nonfinal,8,10,the,0.6966480612754822
critical,24,unambiguous,long,comma,nonfinal,8,11,final,4.798959732055664
critical,24,unambiguous,long,comma,nonfinal,8,12,round.,3.0324530601501465
critical,24,unambiguous,short,comma,nonfinal,6,0,After,15.716473579406738
critical,24,unambiguous,short,comma,nonfinal,6,1,our,9.273777961730955
critical,24,unambiguous,short,comma,nonfinal,6,2,team,7.704437255859375
critical,24,unambiguous,short,comma,nonfinal,6,3,"won,",13.33687162399292
critical,24,unambiguous,short,comma,nonfinal,6,4,the,4.271663665771484
critical,24,unambiguous,short,comma,nonfinal,6,5,tournament,9.084030151367188
critical,24,unambiguous,short,comma,nonfinal,6,6,advanced,13.291093826293944
critical,24,unambiguous,short,comma,nonfinal,6,7,to,0.4741988182067871
critical,24,unambiguous,short,comma,nonfinal,6,8,the,0.8015437126159668
critical,24,unambiguous,short,comma,nonfinal,6,9,final,3.905266523361206
critical,24,unambiguous,short,comma,nonfinal,6,10,round.,3.9491177797317514
critical,24,unambiguous,long,object,nonfinal,10,0,After,15.716473579406738
critical,24,unambiguous,long,object,nonfinal,10,1,our,9.273777961730955
critical,24,unambiguous,long,object,nonfinal,10,2,team,7.704437255859375
critical,24,unambiguous,long,object,nonfinal,10,3,won,7.174730777740479
critical,24,unambiguous,long,object,nonfinal,10,4,the,1.3967633247375488
critical,24,unambiguous,long,object,nonfinal,10,5,semifinals,9.459112167358398
critical,24,unambiguous,long,object,nonfinal,10,6,the,8.27869987487793
critical,24,unambiguous,long,object,nonfinal,10,7,tournament,6.771625518798828
critical,24,unambiguous,long,object,nonfinal,10,8,in,5.98745059967041
critical,24,unambiguous,long,object,nonfinal,10,9,basketball,15.426309585571287
critical,24,unambiguous,long,object,nonfinal,10,10,advanced,17.747520446777344
critical,24,unambiguous,long,object,nonfinal,10,11,to,0.5802502036094666
critical,24,unambiguous,long,object,nonfinal,10,12,the,0.3749937117099762
critical,24,unambiguous,long,object,nonfinal,10,13,final,4.202210426330566
critical,24,unambiguous,long,object,nonfinal,10,14,round.,5.120514988899231
critical,24,unambiguous,short,object,nonfinal,8,0,After,15.716473579406738
critical,24,unambiguous,short,object,nonfinal,8,1,our,9.273777961730955
critical,24,unambiguous,short,object,nonfinal,8,2,team,7.704437255859375
critical,24,unambiguous,short,object,nonfinal,8,3,won,7.174730777740479
critical,24,unambiguous,short,object,nonfinal,8,4,the,1.3967633247375488
critical,24,unambiguous,short,object,nonfinal,8,5,semifinals,9.459112167358398
critical,24,unambiguous,short,object,nonfinal,8,6,the,8.27869987487793
critical,24,unambiguous,short,object,nonfinal,8,7,tournament,6.771625518798828
critical,24,unambiguous,short,object,nonfinal,8,8,advanced,14.427467346191406
critical,24,unambiguous,short,object,nonfinal,8,9,to,0.3684556186199188
critical,24,unambiguous,short,object,nonfinal,8,10,the,0.3398487269878387
critical,24,unambiguous,short,object,nonfinal,8,11,final,3.569061040878296
critical,24,unambiguous,short,object,nonfinal,8,12,round.,6.07483434677124
critical,25,ambiguous,long,,final,13,0,When,14.687758445739746
critical,25,ambiguous,long,,final,13,1,the,3.6227636337280273
critical,25,ambiguous,long,,final,13,2,clumsy,18.45941162109375
critical,25,ambiguous,long,,final,13,3,librarian,13.052255392074583
critical,25,ambiguous,long,,final,13,4,tried,7.218582153320312
critical,25,ambiguous,long,,final,13,5,to,0.2393888384103775
critical,25,ambiguous,long,,final,13,6,organize,10.276098251342772
critical,25,ambiguous,long,,final,13,7,the,2.841967821121216
critical,25,ambiguous,long,,final,13,8,stack,10.696264266967772
critical,25,ambiguous,long,,final,13,9,of,0.5729085803031921
critical,25,ambiguous,long,,final,13,10,books,1.4694087505340576
critical,25,ambiguous,long,,final,13,11,leaning,18.25970268249512
critical,25,ambiguous,long,,final,13,12,precariously,13.073620216920972
critical,25,ambiguous,long,,final,13,13,toppled.,35.483405113220215
critical,25,ambiguous,short,,final,11,0,When,14.687758445739746
critical,25,ambiguous,short,,final,11,1,the,3.6227636337280273
critical,25,ambiguous,short,,final,11,2,clumsy,18.45941162109375
critical,25,ambiguous,short,,final,11,3,librarian,13.052255392074583
critical,25,ambiguous,short,,final,11,4,tried,7.218582153320312
critical,25,ambiguous,short,,final,11,5,to,0.2393888384103775
critical,25,ambiguous,short,,final,11,6,organize,10.276098251342772
critical,25,ambiguous,short,,final,11,7,the,2.841967821121216
critical,25,ambiguous,short,,final,11,8,stack,10.696264266967772
critical,25,ambiguous,short,,final,11,9,of,0.5729085803031921
critical,25,ambiguous,short,,final,11,10,books,1.4694087505340576
critical,25,ambiguous,short,,final,11,11,toppled.,30.806654930114743
critical,25,unambiguous,long,comma,final,13,0,When,14.687758445739746
critical,25,unambiguous,long,comma,final,13,1,the,3.6227636337280273
critical,25,unambiguous,long,comma,final,13,2,clumsy,18.45941162109375
critical,25,unambiguous,long,comma,final,13,3,librarian,13.052255392074583
critical,25,unambiguous,long,comma,final,13,4,tried,7.218582153320312
critical,25,unambiguous,long,comma,final,13,5,to,0.2393888384103775
critical,25,unambiguous,long,comma,final,13,6,"organize,",17.754619121551514
critical,25,unambiguous,long,comma,final,13,7,the,3.4716060161590576
critical,25,unambiguous,long,comma,final,13,8,stack,10.57538604736328
critical,25,unambiguous,long,comma,final,13,9,of,1.1006559133529663
critical,25,unambiguous,long,comma,final,13,10,books,1.432700753211975
critical,25,unambiguous,long,comma,final,13,11,leaning,15.613129615783691
critical,25,unambiguous,long,comma,final,13,12,precariously,11.937555014912505
critical,25,unambiguous,long,comma,final,13,13,toppled.,24.53356385231018
critical,25,unambiguous,short,comma,final,11,0,When,14.687758445739746
critical,25,unambiguous,short,comma,final,11,1,the,3.6227636337280273
critical,25,unambiguous,short,comma,final,11,2,clumsy,18.45941162109375
critical,25,unambiguous,short,comma,final,11,3,librarian,13.052255392074583
critical,25,unambiguous,short,comma,final,11,4,tried,7.218582153320312
critical,25,unambiguous,short,comma,final,11,5,to,0.2393888384103775
critical,25,unambiguous,short,comma,final,11,6,"organize,",17.754619121551514
critical,25,unambiguous,short,comma,final,11,7,the,3.4716060161590576
critical,25,unambiguous,short,comma,final,11,8,stack,10.57538604736328
critical,25,unambiguous,short,comma,final,11,9,of,1.1006559133529663
critical,25,unambiguous,short,comma,final,11,10,books,1.432700753211975
critical,25,unambiguous,short,comma,final,11,11,toppled.,13.99512767791748
critical,25,unambiguous,long,object,final,16,0,When,14.687758445739746
critical,25,unambiguous,long,object,final,16,1,the,3.6227636337280273
critical,25,unambiguous,long,object,final,16,2,clumsy,18.45941162109375
critical,25,unambiguous,long,object,final,16,3,librarian,13.052255392074583
critical,25,unambiguous,long,object,final,16,4,tried,7.218582153320312
critical,25,unambiguous,long,object,final,16,5,to,0.2393888384103775
critical,25,unambiguous,long,object,final,16,6,organize,10.276098251342772
critical,25,unambiguous,long,object,final,16,7,the,2.841967821121216
critical,25,unambiguous,long,object,final,16,8,reading,9.865023612976074
critical,25,unambiguous,long,object,final,16,9,room,4.099560260772705
critical,25,unambiguous,long,object,final,16,10,the,8.68352222442627
critical,25,unambiguous,long,object,final,16,11,stack,12.228049278259276
critical,25,unambiguous,long,object,final,16,12,of,1.0145875215530396
critical,25,unambiguous,long,object,final,16,13,books,0.8130348920822144
critical,25,unambiguous,long,object,final,16,14,leaning,15.920783042907717
critical,25,unambiguous,long,object,final,16,15,precariously,12.631435220857384
critical,25,unambiguous,long,object,final,16,16,toppled.,24.872686624526978
critical,25,unambiguous,short,object,final,14,0,When,14.687758445739746
critical,25,unambiguous,short,object,final,14,1,the,3.6227636337280273
critical,25,unambiguous,short,object,final,14,2,clumsy,18.45941162109375
critical,25,unambiguous,short,object,final,14,3,librarian,13.052255392074583
critical,25,unambiguous,short,object,final,14,4,tried,7.218582153320312
critical,25,unambiguous,short,object,final,14,5,to,0.2393888384103775
critical,25,unambiguous,short,object,final,14,6,organize,10.276098251342772
critical,25,unambiguous,short,object,final,14,7,the,2.841967821121216
critical,25,unambiguous,short,object,final,14,8,reading,9.865023612976074
critical,25,unambiguous,short,object,final,14,9,room,4.099560260772705
critical,25,unambiguous,short,object,final,14,10,the,8.68352222442627
critical,25,unambiguous,short,object,final,14,11,stack,12.228049278259276
critical,25,unambiguous,short,object,final,14,12,of,1.0145875215530396
critical,25,unambiguous,short,object,final,14,13,books,0.8130348920822144
critical,25,unambiguous,short,object,final,14,14,toppled.,15.31811237335205
critical,25,ambiguous,long,,nonfinal,13,0,When,14.687758445739746
critical,25,ambiguous,long,,nonfinal,13,1,the,3.6227636337280273
critical,25,ambiguous,long,,nonfinal,13,2,clumsy,18.45941162109375
critical,25,ambiguous,long,,nonfinal,13,3,librarian,13.052255392074583
critical,25,ambiguous,long,,nonfinal,13,4,tried,7.218582153320312
critical,25,ambiguous,long,,nonfinal,13,5,to,0.2393888384103775
critical,25,ambiguous,long,,nonfinal,13,6,organize,10.276098251342772
critical,25,ambiguous,long,,nonfinal,13,7,the,2.841967821121216
critical,25,ambiguous,long,,nonfinal,13,8,stack,10.696264266967772
critical,25,ambiguous,long,,nonfinal,13,9,of,0.5729085803031921
critical,25,ambiguous,long,,nonfinal,13,10,books,1.4694087505340576
critical,25,ambiguous,long,,nonfinal,13,11,leaning,18.25970268249512
critical,25,ambiguous,long,,nonfinal,13,12,precariously,13.073620216920972
critical,25,ambiguous,long,,nonfinal,13,13,toppled,25.853477478027344
critical,25,ambiguous,long,,nonfinal,13,14,over,3.1881675720214844
critical,25,ambiguous,long,,nonfinal,13,15,onto,5.49680757522583
critical,25,ambiguous,long,,nonfinal,13,16,the,0.8141410946846008
critical,25,ambiguous,long,,nonfinal,13,17,floor.,9.130600094795229
critical,25,ambiguous,short,,nonfinal,11,0,When,14.687758445739746
critical,25,ambiguous,short,,nonfinal,11,1,the,3.6227636337280273
critical,25,ambiguous,short,,nonfinal,11,2,clumsy,18.45941162109375
critical,25,ambiguous,short,,nonfinal,11,3,librarian,13.052255392074583
critical,25,ambiguous,short,,nonfinal,11,4,tried,7.218582153320312
critical,25,ambiguous,short,,nonfinal,11,5,to,0.2393888384103775
critical,25,ambiguous,short,,nonfinal,11,6,organize,10.276098251342772
critical,25,ambiguous,short,,nonfinal,11,7,the,2.841967821121216
critical,25,ambiguous,short,,nonfinal,11,8,stack,10.696264266967772
critical,25,ambiguous,short,,nonfinal,11,9,of,0.5729085803031921
critical,25,ambiguous,short,,nonfinal,11,10,books,1.4694087505340576
critical,25,ambiguous,short,,nonfinal,11,11,toppled,21.030181884765625
critical,25,ambiguous,short,,nonfinal,11,12,over,3.403154134750366
critical,25,ambiguous,short,,nonfinal,11,13,onto,4.833972930908203
critical,25,ambiguous,short,,nonfinal,11,14,the,1.056265115737915
critical,25,ambiguous,short,,nonfinal,11,15,floor.,9.27531886100769
critical,25,unambiguous,long,comma,nonfinal,13,0,When,14.687758445739746
critical,25,unambiguous,long,comma,nonfinal,13,1,the,3.6227636337280273
critical,25,unambiguous,long,comma,nonfinal,13,2,clumsy,18.45941162109375
critical,25,unambiguous,long,comma,nonfinal,13,3,librarian,13.052255392074583
critical,25,unambiguous,long,comma,nonfinal,13,4,tried,7.218582153320312
critical,25,unambiguous,long,comma,nonfinal,13,5,to,0.2393888384103775
critical,25,unambiguous,long,comma,nonfinal,13,6,"organize,",17.754619121551514
critical,25,unambiguous,long,comma,nonfinal,13,7,the,3.4716060161590576
critical,25,unambiguous,long,comma,nonfinal,13,8,stack,10.57538604736328
critical,25,unambiguous,long,comma,nonfinal,13,9,of,1.1006559133529663
critical,25,unambiguous,long,comma,nonfinal,13,10,books,1.432700753211975
critical,25,unambiguous,long,comma,nonfinal,13,11,leaning,15.613129615783691
critical,25,unambiguous,long,comma,nonfinal,13,12,precariously,11.937555014912505
critical,25,unambiguous,long,comma,nonfinal,13,13,toppled,21.158466339111328
critical,25,unambiguous,long,comma,nonfinal,13,14,over,2.8419458866119385
critical,25,unambiguous,long,comma,nonfinal,13,15,onto,5.279025077819824
critical,25,unambiguous,long,comma,nonfinal,13,16,the,0.959597110748291
critical,25,unambiguous,long,comma,nonfinal,13,17,floor.,2.5100001096725464
critical,25,unambiguous,short,comma,nonfinal,11,0,When,14.687758445739746
critical,25,unambiguous,short,comma,nonfinal,11,1,the,3.6227636337280273
critical,25,unambiguous,short,comma,nonfinal,11,2,clumsy,18.45941162109375
critical,25,unambiguous,short,comma,nonfinal,11,3,librarian,13.052255392074583
critical,25,unambiguous,short,comma,nonfinal,11,4,tried,7.218582153320312
critical,25,unambiguous,short,comma,nonfinal,11,5,to,0.2393888384103775
critical,25,unambiguous,short,comma,nonfinal,11,6,"organize,",17.754619121551514
critical,25,unambiguous,short,comma,nonfinal,11,7,the,3.4716060161590576
critical,25,unambiguous,short,comma,nonfinal,11,8,stack,10.57538604736328
critical,25,unambiguous,short,comma,nonfinal,11,9,of,1.1006559133529663
critical,25,unambiguous,short,comma,nonfinal,11,10,books,1.432700753211975
critical,25,unambiguous,short,comma,nonfinal,11,11,toppled,10.967198371887209
critical,25,unambiguous,short,comma,nonfinal,11,12,over,3.486872434616089
critical,25,unambiguous,short,comma,nonfinal,11,13,onto,4.910327434539795
critical,25,unambiguous,short,comma,nonfinal,11,14,the,1.288631558418274
critical,25,unambiguous,short,comma,nonfinal,11,15,floor.,1.9545594453811648
critical,25,unambiguous,long,object,nonfinal,16,0,When,14.687758445739746
critical,25,unambiguous,long,object,nonfinal,16,1,the,3.6227636337280273
critical,25,unambiguous,long,object,nonfinal,16,2,clumsy,18.45941162109375
critical,25,unambiguous,long,object,nonfinal,16,3,librarian,13.052255392074583
critical,25,unambiguous,long,object,nonfinal,16,4,tried,7.218582153320312
critical,25,unambiguous,long,object,nonfinal,16,5,to,0.2393888384103775
critical,25,unambiguous,long,object,nonfinal,16,6,organize,10.276098251342772
critical,25,unambiguous,long,object,nonfinal,16,7,the,2.841967821121216
critical,25,unambiguous,long,object,nonfinal,16,8,reading,9.865023612976074
critical,25,unambiguous,long,object,nonfinal,16,9,room,4.099560260772705
critical,25,unambiguous,long,object,nonfinal,16,10,the,8.68352222442627
critical,25,unambiguous,long,object,nonfinal,16,11,stack,12.228049278259276
critical,25,unambiguous,long,object,nonfinal,16,12,of,1.0145875215530396
critical,25,unambiguous,long,object,nonfinal,16,13,books,0.8130348920822144
critical,25,unambiguous,long,object,nonfinal,16,14,leaning,15.920783042907717
critical,25,unambiguous,long,object,nonfinal,16,15,precariously,12.631435220857384
critical,25,unambiguous,long,object,nonfinal,16,16,toppled,21.01346206665039
critical,25,unambiguous,long,object,nonfinal,16,17,over,2.198923349380493
critical,25,unambiguous,long,object,nonfinal,16,18,onto,4.484955310821533
critical,25,unambiguous,long,object,nonfinal,16,19,the,0.836749255657196
critical,25,unambiguous,long,object,nonfinal,16,20,floor.,2.508194923400879
critical,25,unambiguous,short,object,nonfinal,14,0,When,14.687758445739746
critical,25,unambiguous,short,object,nonfinal,14,1,the,3.6227636337280273
critical,25,unambiguous,short,object,nonfinal,14,2,clumsy,18.45941162109375
critical,25,unambiguous,short,object,nonfinal,14,3,librarian,13.052255392074583
critical,25,unambiguous,short,object,nonfinal,14,4,tried,7.218582153320312
critical,25,unambiguous,short,object,nonfinal,14,5,to,0.2393888384103775
critical,25,unambiguous,short,object,nonfinal,14,6,organize,10.276098251342772
critical,25,unambiguous,short,object,nonfinal,14,7,the,2.841967821121216
critical,25,unambiguous,short,object,nonfinal,14,8,reading,9.865023612976074
critical,25,unambiguous,short,object,nonfinal,14,9,room,4.099560260772705
critical,25,unambiguous,short,object,nonfinal,14,10,the,8.68352222442627
critical,25,unambiguous,short,object,nonfinal,14,11,stack,12.228049278259276
critical,25,unambiguous,short,object,nonfinal,14,12,of,1.0145875215530396
critical,25,unambiguous,short,object,nonfinal,14,13,books,0.8130348920822144
critical,25,unambiguous,short,object,nonfinal,14,14,toppled,11.658376693725586
critical,25,unambiguous,short,object,nonfinal,14,15,over,2.657514333724976
critical,25,unambiguous,short,object,nonfinal,14,16,onto,4.199832916259766
critical,25,unambiguous,short,object,nonfinal,14,17,the,1.1865592002868652
critical,25,unambiguous,short,object,nonfinal,14,18,floor.,1.808630049228668
critical,26,ambiguous,long,,final,8,0,Once,16.874446868896484
critical,26,ambiguous,long,,final,8,1,the,3.91961932182312
critical,26,ambiguous,long,,final,8,2,detective,14.648651123046877
critical,26,ambiguous,long,,final,8,3,investigated,10.01031494140625
critical,26,ambiguous,long,,final,8,4,the,1.3306448459625244
critical,26,ambiguous,long,,final,8,5,politician,15.77695655822754
critical,26,ambiguous,long,,final,8,6,accepting,16.1653995513916
critical,26,ambiguous,long,,final,8,7,bribes,3.3122482299804688
critical,26,ambiguous,long,,final,8,8,resigned.,22.30983161926269
critical,26,ambiguous,short,,final,6,0,Once,16.874446868896484
critical,26,ambiguous,short,,final,6,1,the,3.91961932182312
critical,26,ambiguous,short,,final,6,2,detective,14.648651123046877
critical,26,ambiguous,short,,final,6,3,investigated,10.01031494140625
critical,26,ambiguous,short,,final,6,4,the,1.3306448459625244
critical,26,ambiguous,short,,final,6,5,politician,15.77695655822754
critical,26,ambiguous,short,,final,6,6,resigned.,18.910276174545288
critical,26,unambiguous,long,comma,final,8,0,Once,16.874446868896484
critical,26,unambiguous,long,comma,final,8,1,the,3.91961932182312
critical,26,unambiguous,long,comma,final,8,2,detective,14.648651123046877
critical,26,unambiguous,long,comma,final,8,3,"investigated,",12.530749559402466
critical,26,unambiguous,long,comma,final,8,4,the,2.864906311035156
critical,26,unambiguous,long,comma,final,8,5,politician,13.1033935546875
critical,26,unambiguous,long,comma,final,8,6,accepting,16.851625442504883
critical,26,unambiguous,long,comma,final,8,7,bribes,4.980650424957275
critical,26,unambiguous,long,comma,final,8,8,resigned.,15.49535632133484
critical,26,unambiguous,short,comma,final,6,0,Once,16.874446868896484
critical,26,unambiguous,short,comma,final,6,1,the,3.91961932182312
critical,26,unambiguous,short,comma,final,6,2,detective,14.648651123046877
critical,26,unambiguous,short,comma,final,6,3,"investigated,",12.530749559402466
critical,26,unambiguous,short,comma,final,6,4,the,2.864906311035156
critical,26,unambiguous,short,comma,final,6,5,politician,13.1033935546875
critical,26,unambiguous,short,comma,final,6,6,resigned.,11.584025144577026
critical,26,unambiguous,long,object,final,9,0,Once,16.874446868896484
critical,26,unambiguous,long,object,final,9,1,the,3.91961932182312
critical,26,unambiguous,long,object,final,9,2,detective,14.648651123046877
critical,26,unambiguous,long,object,final,9,3,investigated,10.01031494140625
critical,26,unambiguous,long,object,final,9,4,him,7.940975666046143
critical,26,unambiguous,long,object,final,9,5,the,6.6388936042785645
critical,26,unambiguous,long,object,final,9,6,politician,13.663192749023438
critical,26,unambiguous,long,object,final,9,7,accepting,17.7974910736084
critical,26,unambiguous,long,object,final,9,8,bribes,4.419596195220947
critical,26,unambiguous,long,object,final,9,9,resigned.,16.75817596912384
critical,26,unambiguous,short,object,final,7,0,Once,16.874446868896484
critical,26,unambiguous,short,object,final,7,1,the,3.91961932182312
critical,26,unambiguous,short,object,final,7,2,detective,14.648651123046877
critical,26,unambiguous,short,object,final,7,3,investigated,10.01031494140625
critical,26,unambiguous,short,object,final,7,4,him,7.940975666046143
critical,26,unambiguous,short,object,final,7,5,the,6.6388936042785645
critical,26,unambiguous,short,object,final,7,6,politician,13.663192749023438
critical,26,unambiguous,short,object,final,7,7,resigned.,12.227553606033323
critical,26,ambiguous,long,,nonfinal,8,0,Once,16.874446868896484
critical,26,ambiguous,long,,nonfinal,8,1,the,3.91961932182312
critical,26,ambiguous,long,,nonfinal,8,2,detective,14.648651123046877
critical,26,ambiguous,long,,nonfinal,8,3,investigated,10.01031494140625
critical,26,ambiguous,long,,nonfinal,8,4,the,1.3306448459625244
critical,26,ambiguous,long,,nonfinal,8,5,politician,15.77695655822754
critical,26,ambiguous,long,,nonfinal,8,6,accepting,16.1653995513916
critical,26,ambiguous,long,,nonfinal,8,7,bribes,3.3122482299804688
critical,26,ambiguous,long,,nonfinal,8,8,resigned,19.543272018432617
critical,26,ambiguous,long,,nonfinal,8,9,from,2.552772760391236
critical,26,ambiguous,long,,nonfinal,8,10,office.,9.576709270477297
critical,26,ambiguous,short,,nonfinal,6,0,Once,16.874446868896484
critical,26,ambiguous,short,,nonfinal,6,1,the,3.91961932182312
critical,26,ambiguous,short,,nonfinal,6,2,detective,14.648651123046877
critical,26,ambiguous,short,,nonfinal,6,3,investigated,10.01031494140625
critical,26,ambiguous,short,,nonfinal,6,4,the,1.3306448459625244
critical,26,ambiguous,short,,nonfinal,6,5,politician,15.77695655822754
critical,26,ambiguous,short,,nonfinal,6,6,resigned,15.899242401123049
critical,26,ambiguous,short,,nonfinal,6,7,from,2.528557777404785
critical,26,ambiguous,short,,nonfinal,6,8,office.,6.794728994369507
critical,26,unambiguous,long,comma,nonfinal,8,0,Once,16.874446868896484
critical,26,unambiguous,long,comma,nonfinal,8,1,the,3.91961932182312
critical,26,unambiguous,long,comma,nonfinal,8,2,detective,14.648651123046877
critical,26,unambiguous,long,comma,nonfinal,8,3,"investigated,",12.530749559402466
critical,26,unambiguous,long,comma,nonfinal,8,4,the,2.864906311035156
critical,26,unambiguous,long,comma,nonfinal,8,5,politician,13.1033935546875
critical,26,unambiguous,long,comma,nonfinal,8,6,accepting,16.851625442504883
critical,26,unambiguous,long,comma,nonfinal,8,7,bribes,4.980650424957275
critical,26,unambiguous,long,comma,nonfinal,8,8,resigned,13.7962007522583
critical,26,unambiguous,long,comma,nonfinal,8,9,from,2.387075185775757
critical,26,unambiguous,long,comma,nonfinal,8,10,office.,6.912756085395813
critical,26,unambiguous,short,comma,nonfinal,6,0,Once,16.874446868896484
critical,26,unambiguous,short,comma,nonfinal,6,1,the,3.91961932182312
critical,26,unambiguous,short,comma,nonfinal,6,2,detective,14.648651123046877
critical,26,unambiguous,short,comma,nonfinal,6,3,"investigated,",12.530749559402466
critical,26,unambiguous,short,comma,nonfinal,6,4,the,2.864906311035156
critical,26,unambiguous,short,comma,nonfinal,6,5,politician,13.1033935546875
critical,26,unambiguous,short,comma,nonfinal,6,6,resigned,9.82422161102295
critical,26,unambiguous,short,comma,nonfinal,6,7,from,2.7156307697296143
critical,26,unambiguous,short,comma,nonfinal,6,8,office.,4.37807822227478
critical,26,unambiguous,long,object,nonfinal,9,0,Once,16.874446868896484
critical,26,unambiguous,long,object,nonfinal,9,1,the,3.91961932182312
critical,26,unambiguous,long,object,nonfinal,9,2,detective,14.648651123046877
critical,26,unambiguous,long,object,nonfinal,9,3,investigated,10.01031494140625
critical,26,unambiguous,long,object,nonfinal,9,4,him,7.940975666046143
critical,26,unambiguous,long,object,nonfinal,9,5,the,6.6388936042785645
critical,26,unambiguous,long,object,nonfinal,9,6,politician,13.663192749023438
critical,26,unambiguous,long,object,nonfinal,9,7,accepting,17.7974910736084
critical,26,unambiguous,long,object,nonfinal,9,8,bribes,4.419596195220947
critical,26,unambiguous,long,object,nonfinal,9,9,resigned,14.811299324035645
critical,26,unambiguous,long,object,nonfinal,9,10,from,2.659980058670044
critical,26,unambiguous,long,object,nonfinal,9,11,office.,9.173615217208862
critical,26,unambiguous,short,object,nonfinal,7,0,Once,16.874446868896484
critical,26,unambiguous,short,object,nonfinal,7,1,the,3.91961932182312
critical,26,unambiguous,short,object,nonfinal,7,2,detective,14.648651123046877
critical,26,unambiguous,short,object,nonfinal,7,3,investigated,10.01031494140625
critical,26,unambiguous,short,object,nonfinal,7,4,him,7.940975666046143
critical,26,unambiguous,short,object,nonfinal,7,5,the,6.6388936042785645
critical,26,unambiguous,short,object,nonfinal,7,6,politician,13.663192749023438
critical,26,unambiguous,short,object,nonfinal,7,7,resigned,10.167548179626465
critical,26,unambiguous,short,object,nonfinal,7,8,from,3.0136094093322754
critical,26,unambiguous,short,object,nonfinal,7,9,office.,4.748129963874817
critical,27,ambiguous,long,,final,9,0,When,14.687758445739746
critical,27,ambiguous,long,,final,9,1,the,3.6227636337280273
critical,27,ambiguous,long,,final,9,2,supervisor,15.01411247253418
critical,27,ambiguous,long,,final,9,3,called,6.5906500816345215
critical,27,ambiguous,long,,final,9,4,the,3.1872870922088623
critical,27,ambiguous,long,,final,9,5,employees,9.643499374389648
critical,27,ambiguous,long,,final,9,6,who,5.381466388702393
critical,27,ambiguous,long,,final,9,7,were,1.436806321144104
critical,27,ambiguous,long,,final,9,8,available,11.13336944580078
critical,27,ambiguous,long,,final,9,9,gathered.,23.38539218902588
critical,27,ambiguous,short,,final,6,0,When,14.687758445739746
critical,27,ambiguous,short,,final,6,1,the,3.6227636337280273
critical,27,ambiguous,short,,final,6,2,supervisor,15.01411247253418
critical,27,ambiguous,short,,final,6,3,called,6.5906500816345215
critical,27,ambiguous,short,,final,6,4,the,3.1872870922088623
critical,27,ambiguous,short,,final,6,5,employees,9.643499374389648
critical,27,ambiguous,short,,final,6,6,gathered.,20.65044403076172
critical,27,unambiguous,long,comma,final,9,0,When,14.687758445739746
critical,27,unambiguous,long,comma,final,9,1,the,3.6227636337280273
critical,27,unambiguous,long,comma,final,9,2,supervisor,15.01411247253418
critical,27,unambiguous,long,comma,final,9,3,"called,",10.576993227005005
critical,27,unambiguous,long,comma,final,9,4,the,3.286811351776123
critical,27,unambiguous,long,comma,final,9,5,employees,7.776906967163086
critical,27,unambiguous,long,comma,final,9,6,who,6.555042743682861
critical,27,unambiguous,long,comma,final,9,7,were,1.7089847326278689
critical,27,unambiguous,long,comma,final,9,8,available,10.822953224182127
critical,27,unambiguous,long,comma,final,9,9,gathered.,15.47456407546997
critical,27,unambiguous,short,comma,final,6,0,When,14.687758445739746
critical,27,unambiguous,short,comma,final,6,1,the,3.6227636337280273
critical,27,unambiguous,short,comma,final,6,2,supervisor,15.01411247253418
critical,27,unambiguous,short,comma,final,6,3,"called,",10.576993227005005
critical,27,unambiguous,short,comma,final,6,4,the,3.286811351776123
critical,27,unambiguous,short,comma,final,6,5,employees,7.776906967163086
critical,27,unambiguous,short,comma,final,6,6,gathered.,13.297610759735107
critical,27,unambiguous,long,object,final,11,0,When,14.687758445739746
critical,27,unambiguous,long,object,final,11,1,the,3.6227636337280273
critical,27,unambiguous,long,object,final,11,2,supervisor,15.01411247253418
critical,27,unambiguous,long,object,final,11,3,called,6.5906500816345215
critical,27,unambiguous,long,object,final,11,4,the,3.1872870922088623
critical,27,unambiguous,long,object,final,11,5,team,8.18511962890625
critical,27,unambiguous,long,object,final,11,6,the,7.914085865020752
critical,27,unambiguous,long,object,final,11,7,employees,12.363521575927734
critical,27,unambiguous,long,object,final,11,8,who,6.443565368652344
critical,27,unambiguous,long,object,final,11,9,were,1.7032721042633057
critical,27,unambiguous,long,object,final,11,10,available,11.363248825073242
critical,27,unambiguous,long,object,final,11,11,gathered.,17.772505283355713
critical,27,unambiguous,short,object,final,8,0,When,14.687758445739746
critical,27,unambiguous,short,object,final,8,1,the,3.6227636337280273
critical,27,unambiguous,short,object,final,8,2,supervisor,15.01411247253418
critical,27,unambiguous,short,object,final,8,3,called,6.5906500816345215
critical,27,unambiguous,short,object,final,8,4,the,3.1872870922088623
critical,27,unambiguous,short,object,final,8,5,team,8.18511962890625
critical,27,unambiguous,short,object,final,8,6,the,7.914085865020752
critical,27,unambiguous,short,object,final,8,7,employees,12.363521575927734
critical,27,unambiguous,short,object,final,8,8,gathered.,14.994509220123293
critical,27,ambiguous,long,,nonfinal,9,0,When,14.687758445739746
critical,27,ambiguous,long,,nonfinal,9,1,the,3.6227636337280273
critical,27,ambiguous,long,,nonfinal,9,2,supervisor,15.01411247253418
critical,27,ambiguous,long,,nonfinal,9,3,called,6.5906500816345215
critical,27,ambiguous,long,,nonfinal,9,4,the,3.1872870922088623
critical,27,ambiguous,long,,nonfinal,9,5,employees,9.643499374389648
critical,27,ambiguous,long,,nonfinal,9,6,who,5.381466388702393
critical,27,ambiguous,long,,nonfinal,9,7,were,1.436806321144104
critical,27,ambiguous,long,,nonfinal,9,8,available,11.13336944580078
critical,27,ambiguous,long,,nonfinal,9,9,gathered,16.463390350341797
critical,27,ambiguous,long,,nonfinal,9,10,in,3.06885290145874
critical,27,ambiguous,long,,nonfinal,9,11,the,1.2627488374710083
critical,27,ambiguous,long,,nonfinal,9,12,meeting,7.363465785980225
critical,27,ambiguous,long,,nonfinal,9,13,room.,6.058841586112976
critical,27,ambiguous,short,,nonfinal,6,0,When,14.687758445739746
critical,27,ambiguous,short,,nonfinal,6,1,the,3.6227636337280273
critical,27,ambiguous,short,,nonfinal,6,2,supervisor,15.01411247253418
critical,27,ambiguous,short,,nonfinal,6,3,called,6.5906500816345215
critical,27,ambiguous,short,,nonfinal,6,4,the,3.1872870922088623
critical,27,ambiguous,short,,nonfinal,6,5,employees,9.643499374389648
critical,27,ambiguous,short,,nonfinal,6,6,gathered,13.374592781066896
critical,27,ambiguous,short,,nonfinal,6,7,in,2.791809558868408
critical,27,ambiguous,short,,nonfinal,6,8,the,1.5525052547454834
critical,27,ambiguous,short,,nonfinal,6,9,meeting,7.928460597991943
critical,27,ambiguous,short,,nonfinal,6,10,room.,6.826495110988617
critical,27,unambiguous,long,comma,nonfinal,9,0,When,14.687758445739746
critical,27,unambiguous,long,comma,nonfinal,9,1,the,3.6227636337280273
critical,27,unambiguous,long,comma,nonfinal,9,2,supervisor,15.01411247253418
critical,27,unambiguous,long,comma,nonfinal,9,3,"called,",10.576993227005005
critical,27,unambiguous,long,comma,nonfinal,9,4,the,3.286811351776123
critical,27,unambiguous,long,comma,nonfinal,9,5,employees,7.776906967163086
critical,27,unambiguous,long,comma,nonfinal,9,6,who,6.555042743682861
critical,27,unambiguous,long,comma,nonfinal,9,7,were,1.7089847326278689
critical,27,unambiguous,long,comma,nonfinal,9,8,available,10.822953224182127
critical,27,unambiguous,long,comma,nonfinal,9,9,gathered,10.832562446594238
critical,27,unambiguous,long,comma,nonfinal,9,10,in,3.253713607788086
critical,27,unambiguous,long,comma,nonfinal,9,11,the,1.6690406799316406
critical,27,unambiguous,long,comma,nonfinal,9,12,meeting,6.843588352203369
critical,27,unambiguous,long,comma,nonfinal,9,13,room.,2.331952661275864
critical,27,unambiguous,short,comma,nonfinal,6,0,When,14.687758445739746
critical,27,unambiguous,short,comma,nonfinal,6,1,the,3.6227636337280273
critical,27,unambiguous,short,comma,nonfinal,6,2,supervisor,15.01411247253418
critical,27,unambiguous,short,comma,nonfinal,6,3,"called,",10.576993227005005
critical,27,unambiguous,short,comma,nonfinal,6,4,the,3.286811351776123
critical,27,unambiguous,short,comma,nonfinal,6,5,employees,7.776906967163086
critical,27,unambiguous,short,comma,nonfinal,6,6,gathered,8.598901748657227
critical,27,unambiguous,short,comma,nonfinal,6,7,in,3.398850440979004
critical,27,unambiguous,short,comma,nonfinal,6,8,the,1.6758484840393066
critical,27,unambiguous,short,comma,nonfinal,6,9,meeting,7.215071201324463
critical,27,unambiguous,short,comma,nonfinal,6,10,room.,2.583603054285049
critical,27,unambiguous,long,object,nonfinal,11,0,When,14.687758445739746
critical,27,unambiguous,long,object,nonfinal,11,1,the,3.6227636337280273
critical,27,unambiguous,long,object,nonfinal,11,2,supervisor,15.01411247253418
critical,27,unambiguous,long,object,nonfinal,11,3,called,6.5906500816345215
critical,27,unambiguous,long,object,nonfinal,11,4,the,3.1872870922088623
critical,27,unambiguous,long,object,nonfinal,11,5,team,8.18511962890625
critical,27,unambiguous,long,object,nonfinal,11,6,the,7.914085865020752
critical,27,unambiguous,long,object,nonfinal,11,7,employees,12.363521575927734
critical,27,unambiguous,long,object,nonfinal,11,8,who,6.443565368652344
critical,27,unambiguous,long,object,nonfinal,11,9,were,1.7032721042633057
critical,27,unambiguous,long,object,nonfinal,11,10,available,11.363248825073242
critical,27,unambiguous,long,object,nonfinal,11,11,gathered,12.367241859436035
critical,27,unambiguous,long,object,nonfinal,11,12,in,3.121553897857666
critical,27,unambiguous,long,object,nonfinal,11,13,the,1.52690327167511
critical,27,unambiguous,long,object,nonfinal,11,14,meeting,6.965324878692627
critical,27,unambiguous,long,object,nonfinal,11,15,room.,2.69098624587059
critical,27,unambiguous,short,object,nonfinal,8,0,When,14.687758445739746
critical,27,unambiguous,short,object,nonfinal,8,1,the,3.6227636337280273
critical,27,unambiguous,short,object,nonfinal,8,2,supervisor,15.01411247253418
critical,27,unambiguous,short,object,nonfinal,8,3,called,6.5906500816345215
critical,27,unambiguous,short,object,nonfinal,8,4,the,3.1872870922088623
critical,27,unambiguous,short,object,nonfinal,8,5,team,8.18511962890625
critical,27,unambiguous,short,object,nonfinal,8,6,the,7.914085865020752
critical,27,unambiguous,short,object,nonfinal,8,7,employees,12.363521575927734
critical,27,unambiguous,short,object,nonfinal,8,8,gathered,9.796637535095217
critical,27,unambiguous,short,object,nonfinal,8,9,in,3.127277374267578
critical,27,unambiguous,short,object,nonfinal,8,10,the,1.667769432067871
critical,27,unambiguous,short,object,nonfinal,8,11,meeting,7.488658428192139
critical,27,unambiguous,short,object,nonfinal,8,12,room.,3.3095844984054565
critical,28,ambiguous,long,,final,8,0,As,14.926304817199709
critical,28,ambiguous,long,,final,8,1,the,3.2082221508026123
critical,28,ambiguous,long,,final,8,2,guest,14.275418281555176
critical,28,ambiguous,long,,final,8,3,photographed,17.75693130493164
critical,28,ambiguous,long,,final,8,4,the,3.7035322189331055
critical,28,ambiguous,long,,final,8,5,couple,8.997152328491211
critical,28,ambiguous,long,,final,8,6,of,7.752713680267334
critical,28,ambiguous,long,,final,8,7,newlyweds,15.473364326404408
critical,28,ambiguous,long,,final,8,8,smiled.,22.283018589019772
critical,28,ambiguous,short,,final,6,0,As,14.926304817199709
critical,28,ambiguous,short,,final,6,1,the,3.2082221508026123
critical,28,ambiguous,short,,final,6,2,guest,14.275418281555176
critical,28,ambiguous,short,,final,6,3,photographed,17.75693130493164
critical,28,ambiguous,short,,final,6,4,the,3.7035322189331055
critical,28,ambiguous,short,,final,6,5,couple,8.997152328491211
critical,28,ambiguous,short,,final,6,6,smiled.,20.131435871124268
critical,28,unambiguous,long,comma,final,8,0,As,14.926304817199709
critical,28,unambiguous,long,comma,final,8,1,the,3.2082221508026123
critical,28,unambiguous,long,comma,final,8,2,guest,14.275418281555176
critical,28,unambiguous,long,comma,final,8,3,"photographed,",21.32689476013184
critical,28,unambiguous,long,comma,final,8,4,the,2.6923842430114746
critical,28,unambiguous,long,comma,final,8,5,couple,7.636436939239502
critical,28,unambiguous,long,comma,final,8,6,of,8.064759254455566
critical,28,unambiguous,long,comma,final,8,7,newlyweds,13.676247663213871
critical,28,unambiguous,long,comma,final,8,8,smiled.,14.526375770568848
critical,28,unambiguous,short,comma,final,6,0,As,14.926304817199709
critical,28,unambiguous,short,comma,final,6,1,the,3.2082221508026123
critical,28,unambiguous,short,comma,final,6,2,guest,14.275418281555176
critical,28,unambiguous,short,comma,final,6,3,"photographed,",21.32689476013184
critical,28,unambiguous,short,comma,final,6,4,the,2.6923842430114746
critical,28,unambiguous,short,comma,final,6,5,couple,7.636436939239502
critical,28,unambiguous,short,comma,final,6,6,smiled.,14.073012828826904
critical,28,unambiguous,long,object,final,10,0,As,14.926304817199709
critical,28,unambiguous,long,object,final,10,1,the,3.2082221508026123
critical,28,unambiguous,long,object,final,10,2,guest,14.275418281555176
critical,28,unambiguous,long,object,final,10,3,photographed,17.75693130493164
critical,28,unambiguous,long,object,final,10,4,the,3.7035322189331055
critical,28,unambiguous,long,object,final,10,5,ceremony,9.776396751403809
critical,28,unambiguous,long,object,final,10,6,the,7.09366512298584
critical,28,unambiguous,long,object,final,10,7,couple,7.076406478881836
critical,28,unambiguous,long,object,final,10,8,of,7.694376945495605
critical,28,unambiguous,long,object,final,10,9,newlyweds,15.443579855840651
critical,28,unambiguous,long,object,final,10,10,smiled.,12.905457019805908
critical,28,unambiguous,short,object,final,8,0,As,14.926304817199709
critical,28,unambiguous,short,object,final,8,1,the,3.2082221508026123
critical,28,unambiguous,short,object,final,8,2,guest,14.275418281555176
critical,28,unambiguous,short,object,final,8,3,photographed,17.75693130493164
critical,28,unambiguous,short,object,final,8,4,the,3.7035322189331055
critical,28,unambiguous,short,object,final,8,5,ceremony,9.776396751403809
critical,28,unambiguous,short,object,final,8,6,the,7.09366512298584
critical,28,unambiguous,short,object,final,8,7,couple,7.076406478881836
critical,28,unambiguous,short,object,final,8,8,smiled.,13.62127923965454
critical,28,ambiguous,long,,nonfinal,8,0,As,14.926304817199709
critical,28,ambiguous,long,,nonfinal,8,1,the,3.2082221508026123
critical,28,ambiguous,long,,nonfinal,8,2,guest,14.275418281555176
critical,28,ambiguous,long,,nonfinal,8,3,photographed,17.75693130493164
critical,28,ambiguous,long,,nonfinal,8,4,the,3.7035322189331055
critical,28,ambiguous,long,,nonfinal,8,5,couple,8.997152328491211
critical,28,ambiguous,long,,nonfinal,8,6,of,7.752713680267334
critical,28,ambiguous,long,,nonfinal,8,7,newlyweds,15.473364326404408
critical,28,ambiguous,long,,nonfinal,8,8,smiled,16.63739776611328
critical,28,ambiguous,long,,nonfinal,8,9,for,7.565420627593994
critical,28,ambiguous,long,,nonfinal,8,10,the,0.6645299196243286
critical,28,ambiguous,long,,nonfinal,8,11,camera.,6.257549047470093
critical,28,ambiguous,short,,nonfinal,6,0,As,14.926304817199709
critical,28,ambiguous,short,,nonfinal,6,1,the,3.2082221508026123
critical,28,ambiguous,short,,nonfinal,6,2,guest,14.275418281555176
critical,28,ambiguous,short,,nonfinal,6,3,photographed,17.75693130493164
critical,28,ambiguous,short,,nonfinal,6,4,the,3.7035322189331055
critical,28,ambiguous,short,,nonfinal,6,5,couple,8.997152328491211
critical,28,ambiguous,short,,nonfinal,6,6,smiled,14.89297103881836
critical,28,ambiguous,short,,nonfinal,6,7,for,7.160609245300293
critical,28,ambiguous,short,,nonfinal,6,8,the,0.9558603167533876
critical,28,ambiguous,short,,nonfinal,6,9,camera.,4.986143112182617
critical,28,unambiguous,long,comma,nonfinal,8,0,As,14.926304817199709
critical,28,unambiguous,long,comma,nonfinal,8,1,the,3.2082221508026123
critical,28,unambiguous,long,comma,nonfinal,8,2,guest,14.275418281555176
critical,28,unambiguous,long,comma,nonfinal,8,3,"photographed,",21.32689476013184
critical,28,unambiguous,long,comma,nonfinal,8,4,the,2.6923842430114746
critical,28,unambiguous,long,comma,nonfinal,8,5,couple,7.636436939239502
critical,28,unambiguous,long,comma,nonfinal,8,6,of,8.064759254455566
critical,28,unambiguous,long,comma,nonfinal,8,7,newlyweds,13.676247663213871
critical,28,unambiguous,long,comma,nonfinal,8,8,smiled,10.305728912353516
critical,28,unambiguous,long,comma,nonfinal,8,9,for,7.92968225479126
critical,28,unambiguous,long,comma,nonfinal,8,10,the,1.092686891555786
critical,28,unambiguous,long,comma,nonfinal,8,11,camera.,3.27945876121521
critical,28,unambiguous,short,comma,nonfinal,6,0,As,14.926304817199709
critical,28,unambiguous,short,comma,nonfinal,6,1,the,3.2082221508026123
critical,28,unambiguous,short,comma,nonfinal,6,2,guest,14.275418281555176
critical,28,unambiguous,short,comma,nonfinal,6,3,"photographed,",21.32689476013184
critical,28,unambiguous,short,comma,nonfinal,6,4,the,2.6923842430114746
critical,28,unambiguous,short,comma,nonfinal,6,5,couple,7.636436939239502
critical,28,unambiguous,short,comma,nonfinal,6,6,smiled,9.99600601196289
critical,28,unambiguous,short,comma,nonfinal,6,7,for,7.462891101837158
critical,28,unambiguous,short,comma,nonfinal,6,8,the,1.6365923881530762
critical,28,unambiguous,short,comma,nonfinal,6,9,camera.,2.986246109008789
critical,28,unambiguous,long,object,nonfinal,10,0,As,14.926304817199709
critical,28,unambiguous,long,object,nonfinal,10,1,the,3.2082221508026123
critical,28,unambiguous,long,object,nonfinal,10,2,guest,14.275418281555176
critical,28,unambiguous,long,object,nonfinal,10,3,photographed,17.75693130493164
critical,28,unambiguous,long,object,nonfinal,10,4,the,3.7035322189331055
critical,28,unambiguous,long,object,nonfinal,10,5,ceremony,9.776396751403809
critical,28,unambiguous,long,object,nonfinal,10,6,the,7.09366512298584
critical,28,unambiguous,long,object,nonfinal,10,7,couple,7.076406478881836
critical,28,unambiguous,long,object,nonfinal,10,8,of,7.694376945495605
critical,28,unambiguous,long,object,nonfinal,10,9,newlyweds,15.443579855840651
critical,28,unambiguous,long,object,nonfinal,10,10,smiled,8.654662132263184
critical,28,unambiguous,long,object,nonfinal,10,11,for,7.892248153686523
critical,28,unambiguous,long,object,nonfinal,10,12,the,1.22653067111969
critical,28,unambiguous,long,object,nonfinal,10,13,camera.,4.050216197967529
critical,28,unambiguous,short,object,nonfinal,8,0,As,14.926304817199709
critical,28,unambiguous,short,object,nonfinal,8,1,the,3.2082221508026123
critical,28,unambiguous,short,object,nonfinal,8,2,guest,14.275418281555176
critical,28,unambiguous,short,object,nonfinal,8,3,photographed,17.75693130493164
critical,28,unambiguous,short,object,nonfinal,8,4,the,3.7035322189331055
critical,28,unambiguous,short,object,nonfinal,8,5,ceremony,9.776396751403809
critical,28,unambiguous,short,object,nonfinal,8,6,the,7.09366512298584
critical,28,unambiguous,short,object,nonfinal,8,7,couple,7.076406478881836
critical,28,unambiguous,short,object,nonfinal,8,8,smiled,9.092175483703612
critical,28,unambiguous,short,object,nonfinal,8,9,for,7.611583232879639
critical,28,unambiguous,short,object,nonfinal,8,10,the,1.5082190036773682
critical,28,unambiguous,short,object,nonfinal,8,11,camera.,4.164368629455566
critical,29,ambiguous,long,,final,9,0,When,14.687758445739746
critical,29,ambiguous,long,,final,9,1,the,3.6227636337280273
critical,29,ambiguous,long,,final,9,2,family,9.560385704040527
critical,29,ambiguous,long,,final,9,3,packed,12.596185684204102
critical,29,ambiguous,long,,final,9,4,the,3.7187986373901367
critical,29,ambiguous,long,,final,9,5,vases,16.00358247756958
critical,29,ambiguous,long,,final,9,6,made,11.63243293762207
critical,29,ambiguous,long,,final,9,7,of,1.2154138088226318
critical,29,ambiguous,long,,final,9,8,porcelain,10.484420150052756
critical,29,ambiguous,long,,final,9,9,shattered.,24.63405752182007
critical,29,ambiguous,short,,final,6,0,When,14.687758445739746
critical,29,ambiguous,short,,final,6,1,the,3.6227636337280273
critical,29,ambiguous,short,,final,6,2,family,9.560385704040527
critical,29,ambiguous,short,,final,6,3,packed,12.596185684204102
critical,29,ambiguous,short,,final,6,4,the,3.7187986373901367
critical,29,ambiguous,short,,final,6,5,vases,16.00358247756958
critical,29,ambiguous,short,,final,6,6,shattered.,25.84432077407837
critical,29,unambiguous,long,comma,final,9,0,When,14.687758445739746
critical,29,unambiguous,long,comma,final,9,1,the,3.6227636337280273
critical,29,unambiguous,long,comma,final,9,2,family,9.560385704040527
critical,29,unambiguous,long,comma,final,9,3,"packed,",21.054946899414062
critical,29,unambiguous,long,comma,final,9,4,the,3.278060913085937
critical,29,unambiguous,long,comma,final,9,5,vases,19.3929181098938
critical,29,unambiguous,long,comma,final,9,6,made,8.02927303314209
critical,29,unambiguous,long,comma,final,9,7,of,3.35776162147522
critical,29,unambiguous,long,comma,final,9,8,porcelain,10.04675806267187
critical,29,unambiguous,long,comma,final,9,9,shattered.,14.304069519042969
critical,29,unambiguous,short,comma,final,6,0,When,14.687758445739746
critical,29,unambiguous,short,comma,final,6,1,the,3.6227636337280273
critical,29,unambiguous,short,comma,final,6,2,family,9.560385704040527
critical,29,unambiguous,short,comma,final,6,3,"packed,",21.054946899414062
critical,29,unambiguous,short,comma,final,6,4,the,3.278060913085937
critical,29,unambiguous,short,comma,final,6,5,vases,19.3929181098938
critical,29,unambiguous,short,comma,final,6,6,shattered.,13.413931369781494
critical,29,unambiguous,long,object,final,11,0,When,14.687758445739746
critical,29,unambiguous,long,object,final,11,1,the,3.6227636337280273
critical,29,unambiguous,long,object,final,11,2,family,9.560385704040527
critical,29,unambiguous,long,object,final,11,3,packed,12.596185684204102
critical,29,unambiguous,long,object,final,11,4,their,2.822628736495972
critical,29,unambiguous,long,object,final,11,5,belongings,2.7130112648010254
critical,29,unambiguous,long,object,final,11,6,the,9.183961868286133
critical,29,unambiguous,long,object,final,11,7,vases,19.695793628692627
critical,29,unambiguous,long,object,final,11,8,made,8.582974433898926
critical,29,unambiguous,long,object,final,11,9,of,2.577075958251953
critical,29,unambiguous,long,object,final,11,10,porcelain,10.194840018171815
critical,29,unambiguous,long,object,final,11,11,shattered.,14.714659452438354
critical,29,unambiguous,short,object,final,8,0,When,14.687758445739746
critical,29,unambiguous,short,object,final,8,1,the,3.6227636337280273
critical,29,unambiguous,short,object,final,8,2,family,9.560385704040527
critical,29,unambiguous,short,object,final,8,3,packed,12.596185684204102
critical,29,unambiguous,short,object,final,8,4,their,2.822628736495972
critical,29,unambiguous,short,object,final,8,5,belongings,2.7130112648010254
critical,29,unambiguous,short,object,final,8,6,the,9.183961868286133
critical,29,unambiguous,short,object,final,8,7,vases,19.695793628692627
critical,29,unambiguous,short,object,final,8,8,shattered.,14.029227256774902
critical,29,ambiguous,long,,nonfinal,9,0,When,14.687758445739746
critical,29,ambiguous,long,,nonfinal,9,1,the,3.6227636337280273
critical,29,ambiguous,long,,nonfinal,9,2,family,9.560385704040527
critical,29,ambiguous,long,,nonfinal,9,3,packed,12.596185684204102
critical,29,ambiguous,long,,nonfinal,9,4,the,3.7187986373901367
critical,29,ambiguous,long,,nonfinal,9,5,vases,16.00358247756958
critical,29,ambiguous,long,,nonfinal,9,6,made,11.63243293762207
critical,29,ambiguous,long,,nonfinal,9,7,of,1.2154138088226318
critical,29,ambiguous,long,,nonfinal,9,8,porcelain,10.484420150052756
critical,29,ambiguous,long,,nonfinal,9,9,shattered,17.536705017089844
critical,29,ambiguous,long,,nonfinal,9,10,into,2.5214693546295166
critical,29,ambiguous,long,,nonfinal,9,11,many,7.44172477722168
critical,29,ambiguous,long,,nonfinal,9,12,pieces.,6.735456794500351
critical,29,ambiguous,short,,nonfinal,6,0,When,14.687758445739746
critical,29,ambiguous,short,,nonfinal,6,1,the,3.6227636337280273
critical,29,ambiguous,short,,nonfinal,6,2,family,9.560385704040527
critical,29,ambiguous,short,,nonfinal,6,3,packed,12.596185684204102
critical,29,ambiguous,short,,nonfinal,6,4,the,3.7187986373901367
critical,29,ambiguous,short,,nonfinal,6,5,vases,16.00358247756958
critical,29,ambiguous,short,,nonfinal,6,6,shattered,18.351985931396484
critical,29,ambiguous,short,,nonfinal,6,7,into,2.337203025817871
critical,29,ambiguous,short,,nonfinal,6,8,many,7.476969242095947
critical,29,ambiguous,short,,nonfinal,6,9,pieces.,7.84839653968811
critical,29,unambiguous,long,comma,nonfinal,9,0,When,14.687758445739746
critical,29,unambiguous,long,comma,nonfinal,9,1,the,3.6227636337280273
critical,29,unambiguous,long,comma,nonfinal,9,2,family,9.560385704040527
critical,29,unambiguous,long,comma,nonfinal,9,3,"packed,",21.054946899414062
critical,29,unambiguous,long,comma,nonfinal,9,4,the,3.278060913085937
critical,29,unambiguous,long,comma,nonfinal,9,5,vases,19.3929181098938
critical,29,unambiguous,long,comma,nonfinal,9,6,made,8.02927303314209
critical,29,unambiguous,long,comma,nonfinal,9,7,of,3.35776162147522
critical,29,unambiguous,long,comma,nonfinal,9,8,porcelain,10.04675806267187
critical,29,unambiguous,long,comma,nonfinal,9,9,shattered,11.869510650634766
critical,29,unambiguous,long,comma,nonfinal,9,10,into,2.229808807373047
critical,29,unambiguous,long,comma,nonfinal,9,11,many,6.9786763191223145
critical,29,unambiguous,long,comma,nonfinal,9,12,pieces.,1.2930673658847809
critical,29,unambiguous,short,comma,nonfinal,6,0,When,14.687758445739746
critical,29,unambiguous,short,comma,nonfinal,6,1,the,3.6227636337280273
critical,29,unambiguous,short,comma,nonfinal,6,2,family,9.560385704040527
critical,29,unambiguous,short,comma,nonfinal,6,3,"packed,",21.054946899414062
critical,29,unambiguous,short,comma,nonfinal,6,4,the,3.278060913085937
critical,29,unambiguous,short,comma,nonfinal,6,5,vases,19.3929181098938
critical,29,unambiguous,short,comma,nonfinal,6,6,shattered,10.998425483703612
critical,29,unambiguous,short,comma,nonfinal,6,7,into,2.3593928813934326
critical,29,unambiguous,short,comma,nonfinal,6,8,many,6.887054920196533
critical,29,unambiguous,short,comma,nonfinal,6,9,pieces.,1.487889289855957
critical,29,unambiguous,long,object,nonfinal,11,0,When,14.687758445739746
critical,29,unambiguous,long,object,nonfinal,11,1,the,3.6227636337280273
critical,29,unambiguous,long,object,nonfinal,11,2,family,9.560385704040527
critical,29,unambiguous,long,object,nonfinal,11,3,packed,12.596185684204102
critical,29,unambiguous,long,object,nonfinal,11,4,their,2.822628736495972
critical,29,unambiguous,long,object,nonfinal,11,5,belongings,2.7130112648010254
critical,29,unambiguous,long,object,nonfinal,11,6,the,9.183961868286133
critical,29,unambiguous,long,object,nonfinal,11,7,vases,19.695793628692627
critical,29,unambiguous,long,object,nonfinal,11,8,made,8.582974433898926
critical,29,unambiguous,long,object,nonfinal,11,9,of,2.577075958251953
critical,29,unambiguous,long,object,nonfinal,11,10,porcelain,10.194840018171815
critical,29,unambiguous,long,object,nonfinal,11,11,shattered,12.196613311767578
critical,29,unambiguous,long,object,nonfinal,11,12,into,2.367295742034912
critical,29,unambiguous,long,object,nonfinal,11,13,many,7.252538681030273
critical,29,unambiguous,long,object,nonfinal,11,14,pieces.,1.2596174478530884
critical,29,unambiguous,short,object,nonfinal,8,0,When,14.687758445739746
critical,29,unambiguous,short,object,nonfinal,8,1,the,3.6227636337280273
critical,29,unambiguous,short,object,nonfinal,8,2,family,9.560385704040527
critical,29,unambiguous,short,object,nonfinal,8,3,packed,12.596185684204102
critical,29,unambiguous,short,object,nonfinal,8,4,their,2.822628736495972
critical,29,unambiguous,short,object,nonfinal,8,5,belongings,2.7130112648010254
critical,29,unambiguous,short,object,nonfinal,8,6,the,9.183961868286133
critical,29,unambiguous,short,object,nonfinal,8,7,vases,19.695793628692627
critical,29,unambiguous,short,object,nonfinal,8,8,shattered,11.266916275024414
critical,29,unambiguous,short,object,nonfinal,8,9,into,2.356905221939087
critical,29,unambiguous,short,object,nonfinal,8,10,many,7.245395183563232
critical,29,unambiguous,short,object,nonfinal,8,11,pieces.,1.5301007330417633
critical,30,ambiguous,long,,final,9,0,After,15.716473579406738
critical,30,ambiguous,long,,final,9,1,the,3.606374263763428
critical,30,ambiguous,long,,final,9,2,gardener,24.616302967071533
critical,30,ambiguous,long,,final,9,3,watered,17.23866081237793
critical,30,ambiguous,long,,final,9,4,the,2.685361862182617
critical,30,ambiguous,long,,final,9,5,plants,5.971303462982178
critical,30,ambiguous,long,,final,9,6,that,7.593983173370361
critical,30,ambiguous,long,,final,9,7,were,2.209533929824829
critical,30,ambiguous,long,,final,9,8,wilting,11.52100509405136
critical,30,ambiguous,long,,final,9,9,revived.,29.896803855896
critical,30,ambiguous,short,,final,6,0,After,15.716473579406738
critical,30,ambiguous,short,,final,6,1,the,3.606374263763428
critical,30,ambiguous,short,,final,6,2,gardener,24.616302967071533
critical,30,ambiguous,short,,final,6,3,watered,17.23866081237793
critical,30,ambiguous,short,,final,6,4,the,2.685361862182617
critical,30,ambiguous,short,,final,6,5,plants,5.971303462982178
critical,30,ambiguous,short,,final,6,6,revived.,28.539411067962646
critical,30,unambiguous,long,comma,final,9,0,After,15.716473579406738
critical,30,unambiguous,long,comma,final,9,1,the,3.606374263763428
critical,30,unambiguous,long,comma,final,9,2,gardener,24.616302967071533
critical,30,unambiguous,long,comma,final,9,3,"watered,",25.817606925964355
critical,30,unambiguous,long,comma,final,9,4,the,3.168795347213745
critical,30,unambiguous,long,comma,final,9,5,plants,8.038056373596191
critical,30,unambiguous,long,comma,final,9,6,that,7.76287317276001
critical,30,unambiguous,long,comma,final,9,7,were,2.54521107673645
critical,30,unambiguous,long,comma,final,9,8,wilting,10.951926827430723
critical,30,unambiguous,long,comma,final,9,9,revived.,15.378496170043944
critical,30,unambiguous,short,comma,final,6,0,After,15.716473579406738
critical,30,unambiguous,short,comma,final,6,1,the,3.606374263763428
critical,30,unambiguous,short,comma,final,6,2,gardener,24.616302967071533
critical,30,unambiguous,short,comma,final,6,3,"watered,",25.817606925964355
critical,30,unambiguous,short,comma,final,6,4,the,3.168795347213745
critical,30,unambiguous,short,comma,final,6,5,plants,8.038056373596191
critical,30,unambiguous,short,comma,final,6,6,revived.,13.346436977386476
critical,30,unambiguous,long,object,final,12,0,After,15.716473579406738
critical,30,unambiguous,long,object,final,12,1,the,3.606374263763428
critical,30,unambiguous,long,object,final,12,2,gardener,24.616302967071533
critical,30,unambiguous,long,object,final,12,3,watered,17.23866081237793
critical,30,unambiguous,long,object,final,12,4,the,2.685361862182617
critical,30,unambiguous,long,object,final,12,5,flower,7.156679630279541
critical,30,unambiguous,long,object,final,12,6,bed,7.775079727172852
critical,30,unambiguous,long,object,final,12,7,the,7.569129943847656
critical,30,unambiguous,long,object,final,12,8,plants,7.984067440032959
critical,30,unambiguous,long,object,final,12,9,that,8.428844451904297
critical,30,unambiguous,long,object,final,12,10,were,2.4948434829711914
critical,30,unambiguous,long,object,final,12,11,wilting,10.61333817243576
critical,30,unambiguous,long,object,final,12,12,revived.,16.233082056045532
critical,30,unambiguous,short,object,final,9,0,After,15.716473579406738
critical,30,unambiguous,short,object,final,9,1,the,3.606374263763428
critical,30,unambiguous,short,object,final,9,2,gardener,24.616302967071533
critical,30,unambiguous,short,object,final,9,3,watered,17.23866081237793
critical,30,unambiguous,short,object,final,9,4,the,2.685361862182617
critical,30,unambiguous,short,object,final,9,5,flower,7.156679630279541
critical,30,unambiguous,short,object,final,9,6,bed,7.775079727172852
critical,30,unambiguous,short,object,final,9,7,the,7.569129943847656
critical,30,unambiguous,short,object,final,9,8,plants,7.984067440032959
critical,30,unambiguous,short,object,final,9,9,revived.,14.609565496444702
critical,30,ambiguous,long,,nonfinal,9,0,After,15.716473579406738
critical,30,ambiguous,long,,nonfinal,9,1,the,3.606374263763428
critical,30,ambiguous,long,,nonfinal,9,2,gardener,24.616302967071533
critical,30,ambiguous,long,,nonfinal,9,3,watered,17.23866081237793
critical,30,ambiguous,long,,nonfinal,9,4,the,2.685361862182617
critical,30,ambiguous,long,,nonfinal,9,5,plants,5.971303462982178
critical,30,ambiguous,long,,nonfinal,9,6,that,7.593983173370361
critical,30,ambiguous,long,,nonfinal,9,7,were,2.209533929824829
critical,30,ambiguous,long,,nonfinal,9,8,wilting,11.52100509405136
critical,30,ambiguous,long,,nonfinal,9,9,revived,23.94848251342773
critical,30,ambiguous,long,,nonfinal,9,10,in,6.2742791175842285
critical,30,ambiguous,long,,nonfinal,9,11,the,1.2257051467895508
critical,30,ambiguous,long,,nonfinal,9,12,afternoon,7.486985206604004
critical,30,ambiguous,long,,nonfinal,9,13,sun.,11.977642059326172
critical,30,ambiguous,short,,nonfinal,6,0,After,15.716473579406738
critical,30,ambiguous,short,,nonfinal,6,1,the,3.606374263763428
critical,30,ambiguous,short,,nonfinal,6,2,gardener,24.616302967071533
critical,30,ambiguous,short,,nonfinal,6,3,watered,17.23866081237793
critical,30,ambiguous,short,,nonfinal,6,4,the,2.685361862182617
critical,30,ambiguous,short,,nonfinal,6,5,plants,5.971303462982178
critical,30,ambiguous,short,,nonfinal,6,6,revived,21.84114646911621
critical,30,ambiguous,short,,nonfinal,6,7,in,5.610167503356934
critical,30,ambiguous,short,,nonfinal,6,8,the,1.4264929294586182
critical,30,ambiguous,short,,nonfinal,6,9,afternoon,7.426953792572021
critical,30,ambiguous,short,,nonfinal,6,10,sun.,14.194363117218018
critical,30,unambiguous,long,comma,nonfinal,9,0,After,15.716473579406738
critical,30,unambiguous,long,comma,nonfinal,9,1,the,3.606374263763428
critical,30,unambiguous,long,comma,nonfinal,9,2,gardener,24.616302967071533
critical,30,unambiguous,long,comma,nonfinal,9,3,"watered,",25.817606925964355
critical,30,unambiguous,long,comma,nonfinal,9,4,the,3.168795347213745
critical,30,unambiguous,long,comma,nonfinal,9,5,plants,8.038056373596191
critical,30,unambiguous,long,comma,nonfinal,9,6,that,7.76287317276001
critical,30,unambiguous,long,comma,nonfinal,9,7,were,2.54521107673645
critical,30,unambiguous,long,comma,nonfinal,9,8,wilting,10.951926827430723
critical,30,unambiguous,long,comma,nonfinal,9,9,revived,13.404630661010742
critical,30,unambiguous,long,comma,nonfinal,9,10,in,4.813422679901123
critical,30,unambiguous,long,comma,nonfinal,9,11,the,1.3005189895629885
critical,30,unambiguous,long,comma,nonfinal,9,12,afternoon,7.269907474517822
critical,30,unambiguous,long,comma,nonfinal,9,13,sun.,8.552385985851288
critical,30,unambiguous,short,comma,nonfinal,6,0,After,15.716473579406738
critical,30,unambiguous,short,comma,nonfinal,6,1,the,3.606374263763428
critical,30,unambiguous,short,comma,nonfinal,6,2,gardener,24.616302967071533
critical,30,unambiguous,short,comma,nonfinal,6,3,"watered,",25.817606925964355
critical,30,unambiguous,short,comma,nonfinal,6,4,the,3.168795347213745
critical,30,unambiguous,short,comma,nonfinal,6,5,plants,8.038056373596191
critical,30,unambiguous,short,comma,nonfinal,6,6,revived,11.28235912322998
critical,30,unambiguous,short,comma,nonfinal,6,7,in,5.647866249084473
critical,30,unambiguous,short,comma,nonfinal,6,8,the,1.9820215702056885
critical,30,unambiguous,short,comma,nonfinal,6,9,afternoon,6.832625865936279
critical,30,unambiguous,short,comma,nonfinal,6,10,sun.,8.964506268501282
critical,30,unambiguous,long,object,nonfinal,12,0,After,15.716473579406738
critical,30,unambiguous,long,object,nonfinal,12,1,the,3.606374263763428
critical,30,unambiguous,long,object,nonfinal,12,2,gardener,24.616302967071533
critical,30,unambiguous,long,object,nonfinal,12,3,watered,17.23866081237793
critical,30,unambiguous,long,object,nonfinal,12,4,the,2.685361862182617
critical,30,unambiguous,long,object,nonfinal,12,5,flower,7.156679630279541
critical,30,unambiguous,long,object,nonfinal,12,6,bed,7.775079727172852
critical,30,unambiguous,long,object,nonfinal,12,7,the,7.569129943847656
critical,30,unambiguous,long,object,nonfinal,12,8,plants,7.984067440032959
critical,30,unambiguous,long,object,nonfinal,12,9,that,8.428844451904297
critical,30,unambiguous,long,object,nonfinal,12,10,were,2.4948434829711914
critical,30,unambiguous,long,object,nonfinal,12,11,wilting,10.61333817243576
critical,30,unambiguous,long,object,nonfinal,12,12,revived,13.891542434692385
critical,30,unambiguous,long,object,nonfinal,12,13,in,5.078171730041504
critical,30,unambiguous,long,object,nonfinal,12,14,the,1.0962752103805542
critical,30,unambiguous,long,object,nonfinal,12,15,afternoon,7.224647045135498
critical,30,unambiguous,long,object,nonfinal,12,16,sun.,10.02688056230545
critical,30,unambiguous,short,object,nonfinal,9,0,After,15.716473579406738
critical,30,unambiguous,short,object,nonfinal,9,1,the,3.606374263763428
critical,30,unambiguous,short,object,nonfinal,9,2,gardener,24.616302967071533
critical,30,unambiguous,short,object,nonfinal,9,3,watered,17.23866081237793
critical,30,unambiguous,short,object,nonfinal,9,4,the,2.685361862182617
critical,30,unambiguous,short,object,nonfinal,9,5,flower,7.156679630279541
critical,30,unambiguous,short,object,nonfinal,9,6,bed,7.775079727172852
critical,30,unambiguous,short,object,nonfinal,9,7,the,7.569129943847656
critical,30,unambiguous,short,object,nonfinal,9,8,plants,7.984067440032959
critical,30,unambiguous,short,object,nonfinal,9,9,revived,12.018048286437988
critical,30,unambiguous,short,object,nonfinal,9,10,in,5.694766521453857
critical,30,unambiguous,short,object,nonfinal,9,11,the,1.7516473531723022
critical,30,unambiguous,short,object,nonfinal,9,12,afternoon,6.676790237426758
critical,30,unambiguous,short,object,nonfinal,9,13,sun.,10.459704160690308
critical,31,ambiguous,long,,final,8,0,Because,16.478105545043945
critical,31,ambiguous,long,,final,8,1,the,3.560662746429444
critical,31,ambiguous,long,,final,8,2,bear,14.12354564666748
critical,31,ambiguous,long,,final,8,3,attacked,10.255141258239746
critical,31,ambiguous,long,,final,8,4,the,2.864763021469116
critical,31,ambiguous,long,,final,8,5,campers,15.700921058654783
critical,31,ambiguous,long,,final,8,6,barbecuing,20.158969163894653
critical,31,ambiguous,long,,final,8,7,cheerfully,17.383885711431503
critical,31,ambiguous,long,,final,8,8,fled.,21.088088035583496
critical,31,ambiguous,short,,final,6,0,Because,16.478105545043945
critical,31,ambiguous,short,,final,6,1,the,3.560662746429444
critical,31,ambiguous,short,,final,6,2,bear,14.12354564666748
critical,31,ambiguous,short,,final,6,3,attacked,10.255141258239746
critical,31,ambiguous,short,,final,6,4,the,2.864763021469116
critical,31,ambiguous,short,,final,6,5,campers,15.700921058654783
critical,31,ambiguous,short,,final,6,6,fled.,20.93624901771545
critical,31,unambiguous,long,comma,final,8,0,Because,16.478105545043945
critical,31,unambiguous,long,comma,final,8,1,the,3.560662746429444
critical,31,unambiguous,long,comma,final,8,2,bear,14.12354564666748
critical,31,unambiguous,long,comma,final,8,3,"attacked,",14.302814960479736
critical,31,unambiguous,long,comma,final,8,4,the,2.3179187774658203
critical,31,unambiguous,long,comma,final,8,5,campers,16.083234310150146
critical,31,unambiguous,long,comma,final,8,6,barbecuing,30.461588144302368
critical,31,unambiguous,long,comma,final,8,7,cheerfully,18.58725713193417
critical,31,unambiguous,long,comma,final,8,8,fled.,10.208670258522034
critical,31,unambiguous,short,comma,final,6,0,Because,16.478105545043945
critical,31,unambiguous,short,comma,final,6,1,the,3.560662746429444
critical,31,unambiguous,short,comma,final,6,2,bear,14.12354564666748
critical,31,unambiguous,short,comma,final,6,3,"attacked,",14.302814960479736
critical,31,unambiguous,short,comma,final,6,4,the,2.3179187774658203
critical,31,unambiguous,short,comma,final,6,5,campers,16.083234310150146
critical,31,unambiguous,short,comma,final,6,6,fled.,7.359459400177002
critical,31,unambiguous,long,object,final,10,0,Because,16.478105545043945
critical,31,unambiguous,long,object,final,10,1,the,3.560662746429444
critical,31,unambiguous,long,object,final,10,2,bear,14.12354564666748
critical,31,unambiguous,long,object,final,10,3,attacked,10.255141258239746
critical,31,unambiguous,long,object,final,10,4,the,2.864763021469116
critical,31,unambiguous,long,object,final,10,5,campground,14.653967380523682
critical,31,unambiguous,long,object,final,10,6,the,7.037045478820801
critical,31,unambiguous,long,object,final,10,7,campers,10.45328140258789
critical,31,unambiguous,long,object,final,10,8,barbecuing,29.6854989528656
critical,31,unambiguous,long,object,final,10,9,cheerfully,19.10149820148945
critical,31,unambiguous,long,object,final,10,10,fled.,11.232849597930908
critical,31,unambiguous,short,object,final,8,0,Because,16.478105545043945
critical,31,unambiguous,short,object,final,8,1,the,3.560662746429444
critical,31,unambiguous,short,object,final,8,2,bear,14.12354564666748
critical,31,unambiguous,short,object,final,8,3,attacked,10.255141258239746
critical,31,unambiguous,short,object,final,8,4,the,2.864763021469116
critical,31,unambiguous,short,object,final,8,5,campground,14.653967380523682
critical,31,unambiguous,short,object,final,8,6,the,7.037045478820801
critical,31,unambiguous,short,object,final,8,7,campers,10.45328140258789
critical,31,unambiguous,short,object,final,8,8,fled.,8.874645709991455
critical,31,ambiguous,long,,nonfinal,8,0,Because,16.478105545043945
critical,31,ambiguous,long,,nonfinal,8,1,the,3.560662746429444
critical,31,ambiguous,long,,nonfinal,8,2,bear,14.12354564666748
critical,31,ambiguous,long,,nonfinal,8,3,attacked,10.255141258239746
critical,31,ambiguous,long,,nonfinal,8,4,the,2.864763021469116
critical,31,ambiguous,long,,nonfinal,8,5,campers,15.700921058654783
critical,31,ambiguous,long,,nonfinal,8,6,barbecuing,20.158969163894653
critical,31,ambiguous,long,,nonfinal,8,7,cheerfully,17.383885711431503
critical,31,ambiguous,long,,nonfinal,8,8,fled,16.74791717529297
critical,31,ambiguous,long,,nonfinal,8,9,in,4.732753276824951
critical,31,ambiguous,long,,nonfinal,8,10,a,2.5240228176116943
critical,31,ambiguous,long,,nonfinal,8,11,panic.,8.484297513961792
critical,31,ambiguous,short,,nonfinal,6,0,Because,16.478105545043945
critical,31,ambiguous,short,,nonfinal,6,1,the,3.560662746429444
critical,31,ambiguous,short,,nonfinal,6,2,bear,14.12354564666748
critical,31,ambiguous,short,,nonfinal,6,3,attacked,10.255141258239746
critical,31,ambiguous,short,,nonfinal,6,4,the,2.864763021469116
critical,31,ambiguous,short,,nonfinal,6,5,campers,15.700921058654783
critical,31,ambiguous,short,,nonfinal,6,6,fled,17.04192352294922
critical,31,ambiguous,short,,nonfinal,6,7,in,4.570544719696045
critical,31,ambiguous,short,,nonfinal,6,8,a,2.376794815063477
critical,31,ambiguous,short,,nonfinal,6,9,panic.,8.693164348602295
critical,31,unambiguous,long,comma,nonfinal,8,0,Because,16.478105545043945
critical,31,unambiguous,long,comma,nonfinal,8,1,the,3.560662746429444
critical,31,unambiguous,long,comma,nonfinal,8,2,bear,14.12354564666748
critical,31,unambiguous,long,comma,nonfinal,8,3,"attacked,",14.302814960479736
critical,31,unambiguous,long,comma,nonfinal,8,4,the,2.3179187774658203
critical,31,unambiguous,long,comma,nonfinal,8,5,campers,16.083234310150146
critical,31,unambiguous,long,comma,nonfinal,8,6,barbecuing,30.461588144302368
critical,31,unambiguous,long,comma,nonfinal,8,7,cheerfully,18.58725713193417
critical,31,unambiguous,long,comma,nonfinal,8,8,fled,8.29462718963623
critical,31,unambiguous,long,comma,nonfinal,8,9,in,5.06315803527832
critical,31,unambiguous,long,comma,nonfinal,8,10,a,2.697293281555176
critical,31,unambiguous,long,comma,nonfinal,8,11,panic.,6.006503701210022
critical,31,unambiguous,short,comma,nonfinal,6,0,Because,16.478105545043945
critical,31,unambiguous,short,comma,nonfinal,6,1,the,3.560662746429444
critical,31,unambiguous,short,comma,nonfinal,6,2,bear,14.12354564666748
critical,31,unambiguous,short,comma,nonfinal,6,3,"attacked,",14.302814960479736
critical,31,unambiguous,short,comma,nonfinal,6,4,the,2.3179187774658203
critical,31,unambiguous,short,comma,nonfinal,6,5,campers,16.083234310150146
critical,31,unambiguous,short,comma,nonfinal,6,6,fled,5.203936100006104
critical,31,unambiguous,short,comma,nonfinal,6,7,in,5.018106937408447
critical,31,unambiguous,short,comma,nonfinal,6,8,a,2.311325788497925
critical,31,unambiguous,short,comma,nonfinal,6,9,panic.,6.5728302001953125
critical,31,unambiguous,long,object,nonfinal,10,0,Because,16.478105545043945
critical,31,unambiguous,long,object,nonfinal,10,1,the,3.560662746429444
critical,31,unambiguous,long,object,nonfinal,10,2,bear,14.12354564666748
critical,31,unambiguous,long,object,nonfinal,10,3,attacked,10.255141258239746
critical,31,unambiguous,long,object,nonfinal,10,4,the,2.864763021469116
critical,31,unambiguous,long,object,nonfinal,10,5,campground,14.653967380523682
critical,31,unambiguous,long,object,nonfinal,10,6,the,7.037045478820801
critical,31,unambiguous,long,object,nonfinal,10,7,campers,10.45328140258789
critical,31,unambiguous,long,object,nonfinal,10,8,barbecuing,29.6854989528656
critical,31,unambiguous,long,object,nonfinal,10,9,cheerfully,19.10149820148945
critical,31,unambiguous,long,object,nonfinal,10,10,fled,9.254867553710938
critical,31,unambiguous,long,object,nonfinal,10,11,in,4.596091747283936
critical,31,unambiguous,long,object,nonfinal,10,12,a,3.003549098968506
critical,31,unambiguous,long,object,nonfinal,10,13,panic.,5.870007395744324
critical,31,unambiguous,short,object,nonfinal,8,0,Because,16.478105545043945
critical,31,unambiguous,short,object,nonfinal,8,1,the,3.560662746429444
critical,31,unambiguous,short,object,nonfinal,8,2,bear,14.12354564666748
critical,31,unambiguous,short,object,nonfinal,8,3,attacked,10.255141258239746
critical,31,unambiguous,short,object,nonfinal,8,4,the,2.864763021469116
critical,31,unambiguous,short,object,nonfinal,8,5,campground,14.653967380523682
critical,31,unambiguous,short,object,nonfinal,8,6,the,7.037045478820801
critical,31,unambiguous,short,object,nonfinal,8,7,campers,10.45328140258789
critical,31,unambiguous,short,object,nonfinal,8,8,fled,6.278109550476074
critical,31,unambiguous,short,object,nonfinal,8,9,in,4.675033092498779
critical,31,unambiguous,short,object,nonfinal,8,10,a,2.486368179321289
critical,31,unambiguous,short,object,nonfinal,8,11,panic.,6.80401873588562
critical,32,ambiguous,long,,final,10,0,As,14.926304817199709
critical,32,ambiguous,long,,final,10,1,the,3.2082221508026123
critical,32,ambiguous,long,,final,10,2,news,8.079882621765137
critical,32,ambiguous,long,,final,10,3,channel,11.18833827972412
critical,32,ambiguous,long,,final,10,4,broadcasted,11.324284315109251
critical,32,ambiguous,long,,final,10,5,the,1.9997206926345823
critical,32,ambiguous,long,,final,10,6,message,8.46277904510498
critical,32,ambiguous,long,,final,10,7,from,4.462776184082031
critical,32,ambiguous,long,,final,10,8,the,1.974768042564392
critical,32,ambiguous,long,,final,10,9,president,8.17529010772705
critical,32,ambiguous,long,,final,10,10,spread.,25.483325958251957
critical,32,ambiguous,short,,final,7,0,As,14.926304817199709
critical,32,ambiguous,short,,final,7,1,the,3.2082221508026123
critical,32,ambiguous,short,,final,7,2,news,8.079882621765137
critical,32,ambiguous,short,,final,7,3,channel,11.18833827972412
critical,32,ambiguous,short,,final,7,4,broadcasted,11.324284315109251
critical,32,ambiguous,short,,final,7,5,the,1.9997206926345823
critical,32,ambiguous,short,,final,7,6,message,8.46277904510498
critical,32,ambiguous,short,,final,7,7,spread.,22.5826153755188
critical,32,unambiguous,long,comma,final,10,0,As,14.926304817199709
critical,32,unambiguous,long,comma,final,10,1,the,3.2082221508026123
critical,32,unambiguous,long,comma,final,10,2,news,8.079882621765137
critical,32,unambiguous,long,comma,final,10,3,channel,11.18833827972412
critical,32,unambiguous,long,comma,final,10,4,"broadcasted,",17.561800718307495
critical,32,unambiguous,long,comma,final,10,5,the,2.874559164047241
critical,32,unambiguous,long,comma,final,10,6,message,10.130685806274414
critical,32,unambiguous,long,comma,final,10,7,from,4.5673418045043945
critical,32,unambiguous,long,comma,final,10,8,the,1.933602333068848
critical,32,unambiguous,long,comma,final,10,9,president,5.551247596740723
critical,32,unambiguous,long,comma,final,10,10,spread.,15.49265956878662
critical,32,unambiguous,short,comma,final,7,0,As,14.926304817199709
critical,32,unambiguous,short,comma,final,7,1,the,3.2082221508026123
critical,32,unambiguous,short,comma,final,7,2,news,8.079882621765137
critical,32,unambiguous,short,comma,final,7,3,channel,11.18833827972412
critical,32,unambiguous,short,comma,final,7,4,"broadcasted,",17.561800718307495
critical,32,unambiguous,short,comma,final,7,5,the,2.874559164047241
critical,32,unambiguous,short,comma,final,7,6,message,10.130685806274414
critical,32,unambiguous,short,comma,final,7,7,spread.,12.66264533996582
critical,32,unambiguous,long,object,final,12,0,As,14.926304817199709
critical,32,unambiguous,long,object,final,12,1,the,3.2082221508026123
critical,32,unambiguous,long,object,final,12,2,news,8.079882621765137
critical,32,unambiguous,long,object,final,12,3,channel,11.18833827972412
critical,32,unambiguous,long,object,final,12,4,broadcasted,11.324284315109251
critical,32,unambiguous,long,object,final,12,5,the,1.9997206926345823
critical,32,unambiguous,long,object,final,12,6,speech,7.818645000457764
critical,32,unambiguous,long,object,final,12,7,the,7.7046356201171875
critical,32,unambiguous,long,object,final,12,8,message,10.205114364624023
critical,32,unambiguous,long,object,final,12,9,from,6.297701835632324
critical,32,unambiguous,long,object,final,12,10,the,2.029351234436035
critical,32,unambiguous,long,object,final,12,11,president,4.148298740386963
critical,32,unambiguous,long,object,final,12,12,spread.,16.9774227142334
critical,32,unambiguous,short,object,final,9,0,As,14.926304817199709
critical,32,unambiguous,short,object,final,9,1,the,3.2082221508026123
critical,32,unambiguous,short,object,final,9,2,news,8.079882621765137
critical,32,unambiguous,short,object,final,9,3,channel,11.18833827972412
critical,32,unambiguous,short,object,final,9,4,broadcasted,11.324284315109251
critical,32,unambiguous,short,object,final,9,5,the,1.9997206926345823
critical,32,unambiguous,short,object,final,9,6,speech,7.818645000457764
critical,32,unambiguous,short,object,final,9,7,the,7.7046356201171875
critical,32,unambiguous,short,object,final,9,8,message,10.205114364624023
critical,32,unambiguous,short,object,final,9,9,spread.,13.264028072357178
critical,32,ambiguous,long,,nonfinal,10,0,As,14.926304817199709
critical,32,ambiguous,long,,nonfinal,10,1,the,3.2082221508026123
critical,32,ambiguous,long,,nonfinal,10,2,news,8.079882621765137
critical,32,ambiguous,long,,nonfinal,10,3,channel,11.18833827972412
critical,32,ambiguous,long,,nonfinal,10,4,broadcasted,11.324284315109251
critical,32,ambiguous,long,,nonfinal,10,5,the,1.9997206926345823
critical,32,ambiguous,long,,nonfinal,10,6,message,8.46277904510498
critical,32,ambiguous,long,,nonfinal,10,7,from,4.462776184082031
critical,32,ambiguous,long,,nonfinal,10,8,the,1.974768042564392
critical,32,ambiguous,long,,nonfinal,10,9,president,8.17529010772705
critical,32,ambiguous,long,,nonfinal,10,10,spread,16.72809410095215
critical,32,ambiguous,long,,nonfinal,10,11,across,2.919016122817993
critical,32,ambiguous,long,,nonfinal,10,12,the,0.8846347332000732
critical,32,ambiguous,long,,nonfinal,10,13,country.,10.31412672996521
critical,32,ambiguous,short,,nonfinal,7,0,As,14.926304817199709
critical,32,ambiguous,short,,nonfinal,7,1,the,3.2082221508026123
critical,32,ambiguous,short,,nonfinal,7,2,news,8.079882621765137
critical,32,ambiguous,short,,nonfinal,7,3,channel,11.18833827972412
critical,32,ambiguous,short,,nonfinal,7,4,broadcasted,11.324284315109251
critical,32,ambiguous,short,,nonfinal,7,5,the,1.9997206926345823
critical,32,ambiguous,short,,nonfinal,7,6,message,8.46277904510498
critical,32,ambiguous,short,,nonfinal,7,7,spread,14.78351879119873
critical,32,ambiguous,short,,nonfinal,7,8,across,2.9732470512390137
critical,32,ambiguous,short,,nonfinal,7,9,the,1.0127989053726196
critical,32,ambiguous,short,,nonfinal,7,10,country.,9.97016143798828
critical,32,unambiguous,long,comma,nonfinal,10,0,As,14.926304817199709
critical,32,unambiguous,long,comma,nonfinal,10,1,the,3.2082221508026123
critical,32,unambiguous,long,comma,nonfinal,10,2,news,8.079882621765137
critical,32,unambiguous,long,comma,nonfinal,10,3,channel,11.18833827972412
critical,32,unambiguous,long,comma,nonfinal,10,4,"broadcasted,",17.561800718307495
critical,32,unambiguous,long,comma,nonfinal,10,5,the,2.874559164047241
critical,32,unambiguous,long,comma,nonfinal,10,6,message,10.130685806274414
critical,32,unambiguous,long,comma,nonfinal,10,7,from,4.5673418045043945
critical,32,unambiguous,long,comma,nonfinal,10,8,the,1.933602333068848
critical,32,unambiguous,long,comma,nonfinal,10,9,president,5.551247596740723
critical,32,unambiguous,long,comma,nonfinal,10,10,spread,11.084763526916504
critical,32,unambiguous,long,comma,nonfinal,10,11,across,3.549633741378784
critical,32,unambiguous,long,comma,nonfinal,10,12,the,1.1192466020584106
critical,32,unambiguous,long,comma,nonfinal,10,13,country.,4.3784085512161255
critical,32,unambiguous,short,comma,nonfinal,7,0,As,14.926304817199709
critical,32,unambiguous,short,comma,nonfinal,7,1,the,3.2082221508026123
critical,32,unambiguous,short,comma,nonfinal,7,2,news,8.079882621765137
critical,32,unambiguous,short,comma,nonfinal,7,3,channel,11.18833827972412
critical,32,unambiguous,short,comma,nonfinal,7,4,"broadcasted,",17.561800718307495
critical,32,unambiguous,short,comma,nonfinal,7,5,the,2.874559164047241
critical,32,unambiguous,short,comma,nonfinal,7,6,message,10.130685806274414
critical,32,unambiguous,short,comma,nonfinal,7,7,spread,8.34968376159668
critical,32,unambiguous,short,comma,nonfinal,7,8,across,3.8386197090148926
critical,32,unambiguous,short,comma,nonfinal,7,9,the,1.2294915914535522
critical,32,unambiguous,short,comma,nonfinal,7,10,country.,5.384350299835205
critical,32,unambiguous,long,object,nonfinal,12,0,As,14.926304817199709
critical,32,unambiguous,long,object,nonfinal,12,1,the,3.2082221508026123
critical,32,unambiguous,long,object,nonfinal,12,2,news,8.079882621765137
critical,32,unambiguous,long,object,nonfinal,12,3,channel,11.18833827972412
critical,32,unambiguous,long,object,nonfinal,12,4,broadcasted,11.324284315109251
critical,32,unambiguous,long,object,nonfinal,12,5,the,1.9997206926345823
critical,32,unambiguous,long,object,nonfinal,12,6,speech,7.818645000457764
critical,32,unambiguous,long,object,nonfinal,12,7,the,7.7046356201171875
critical,32,unambiguous,long,object,nonfinal,12,8,message,10.205114364624023
critical,32,unambiguous,long,object,nonfinal,12,9,from,6.297701835632324
critical,32,unambiguous,long,object,nonfinal,12,10,the,2.029351234436035
critical,32,unambiguous,long,object,nonfinal,12,11,president,4.148298740386963
critical,32,unambiguous,long,object,nonfinal,12,12,spread,12.636613845825195
critical,32,unambiguous,long,object,nonfinal,12,13,across,3.754075765609741
critical,32,unambiguous,long,object,nonfinal,12,14,the,1.1293509006500244
critical,32,unambiguous,long,object,nonfinal,12,15,country.,4.75563657283783
critical,32,unambiguous,short,object,nonfinal,9,0,As,14.926304817199709
critical,32,unambiguous,short,object,nonfinal,9,1,the,3.2082221508026123
critical,32,unambiguous,short,object,nonfinal,9,2,news,8.079882621765137
critical,32,unambiguous,short,object,nonfinal,9,3,channel,11.18833827972412
critical,32,unambiguous,short,object,nonfinal,9,4,broadcasted,11.324284315109251
critical,32,unambiguous,short,object,nonfinal,9,5,the,1.9997206926345823
critical,32,unambiguous,short,object,nonfinal,9,6,speech,7.818645000457764
critical,32,unambiguous,short,object,nonfinal,9,7,the,7.7046356201171875
critical,32,unambiguous,short,object,nonfinal,9,8,message,10.205114364624023
critical,32,unambiguous,short,object,nonfinal,9,9,spread,8.441183090209961
critical,32,unambiguous,short,object,nonfinal,9,10,across,4.100892066955566
critical,32,unambiguous,short,object,nonfinal,9,11,the,1.138948917388916
critical,32,unambiguous,short,object,nonfinal,9,12,country.,5.272145986557007
critical,33,ambiguous,long,,final,9,0,Before,18.074676513671875
critical,33,ambiguous,long,,final,9,1,the,3.56732177734375
critical,33,ambiguous,long,,final,9,2,recruiters,20.359344482421875
critical,33,ambiguous,long,,final,9,3,could,4.677906036376953
critical,33,ambiguous,long,,final,9,4,adapt,14.078450202941896
critical,33,ambiguous,long,,final,9,5,the,3.302953004837036
critical,33,ambiguous,long,,final,9,6,policy,8.461843490600586
critical,33,ambiguous,long,,final,9,7,for,5.127383232116699
critical,33,ambiguous,long,,final,9,8,hiring,9.11098575592041
critical,33,ambiguous,long,,final,9,9,changed.,18.258151054382324
critical,33,ambiguous,short,,final,7,0,Before,18.074676513671875
critical,33,ambiguous,short,,final,7,1,the,3.56732177734375
critical,33,ambiguous,short,,final,7,2,recruiters,20.359344482421875
critical,33,ambiguous,short,,final,7,3,could,4.677906036376953
critical,33,ambiguous,short,,final,7,4,adapt,14.078450202941896
critical,33,ambiguous,short,,final,7,5,the,3.302953004837036
critical,33,ambiguous,short,,final,7,6,policy,8.461843490600586
critical,33,ambiguous,short,,final,7,7,changed.,18.884421348571777
critical,33,unambiguous,long,comma,final,9,0,Before,18.074676513671875
critical,33,unambiguous,long,comma,final,9,1,the,3.56732177734375
critical,33,unambiguous,long,comma,final,9,2,recruiters,20.359344482421875
critical,33,unambiguous,long,comma,final,9,3,could,4.677906036376953
critical,33,unambiguous,long,comma,final,9,4,"adapt,",16.047274589538574
critical,33,unambiguous,long,comma,final,9,5,the,2.445642709732056
critical,33,unambiguous,long,comma,final,9,6,policy,12.995768547058104
critical,33,unambiguous,long,comma,final,9,7,for,7.266176223754883
critical,33,unambiguous,long,comma,final,9,8,hiring,7.074832439422607
critical,33,unambiguous,long,comma,final,9,9,changed.,11.8580961227417
critical,33,unambiguous,short,comma,final,7,0,Before,18.074676513671875
critical,33,unambiguous,short,comma,final,7,1,the,3.56732177734375
critical,33,unambiguous,short,comma,final,7,2,recruiters,20.359344482421875
critical,33,unambiguous,short,comma,final,7,3,could,4.677906036376953
critical,33,unambiguous,short,comma,final,7,4,"adapt,",16.047274589538574
critical,33,unambiguous,short,comma,final,7,5,the,2.445642709732056
critical,33,unambiguous,short,comma,final,7,6,policy,12.995768547058104
critical,33,unambiguous,short,comma,final,7,7,changed.,6.758120059967041
critical,33,unambiguous,long,object,final,11,0,Before,18.074676513671875
critical,33,unambiguous,long,object,final,11,1,the,3.56732177734375
critical,33,unambiguous,long,object,final,11,2,recruiters,20.359344482421875
critical,33,unambiguous,long,object,final,11,3,could,4.677906036376953
critical,33,unambiguous,long,object,final,11,4,adapt,14.078450202941896
critical,33,unambiguous,long,object,final,11,5,their,2.6764461994171143
critical,33,unambiguous,long,object,final,11,6,strategies,5.213303089141846
critical,33,unambiguous,long,object,final,11,7,the,8.882394790649414
critical,33,unambiguous,long,object,final,11,8,policy,11.88936710357666
critical,33,unambiguous,long,object,final,11,9,for,7.64039945602417
critical,33,unambiguous,long,object,final,11,10,hiring,7.938355922698975
critical,33,unambiguous,long,object,final,11,11,changed.,10.373850226402284
critical,33,unambiguous,short,object,final,9,0,Before,18.074676513671875
critical,33,unambiguous,short,object,final,9,1,the,3.56732177734375
critical,33,unambiguous,short,object,final,9,2,recruiters,20.359344482421875
critical,33,unambiguous,short,object,final,9,3,could,4.677906036376953
critical,33,unambiguous,short,object,final,9,4,adapt,14.078450202941896
critical,33,unambiguous,short,object,final,9,5,their,2.6764461994171143
critical,33,unambiguous,short,object,final,9,6,strategies,5.213303089141846
critical,33,unambiguous,short,object,final,9,7,the,8.882394790649414
critical,33,unambiguous,short,object,final,9,8,policy,11.88936710357666
critical,33,unambiguous,short,object,final,9,9,changed.,6.340881824493408
critical,33,ambiguous,long,,nonfinal,9,0,Before,18.074676513671875
critical,33,ambiguous,long,,nonfinal,9,1,the,3.56732177734375
critical,33,ambiguous,long,,nonfinal,9,2,recruiters,20.359344482421875
critical,33,ambiguous,long,,nonfinal,9,3,could,4.677906036376953
critical,33,ambiguous,long,,nonfinal,9,4,adapt,14.078450202941896
critical,33,ambiguous,long,,nonfinal,9,5,the,3.302953004837036
critical,33,ambiguous,long,,nonfinal,9,6,policy,8.461843490600586
critical,33,ambiguous,long,,nonfinal,9,7,for,5.127383232116699
critical,33,ambiguous,long,,nonfinal,9,8,hiring,9.11098575592041
critical,33,ambiguous,long,,nonfinal,9,9,changed,15.432165145874023
critical,33,ambiguous,long,,nonfinal,9,10,for,7.302663803100586
critical,33,ambiguous,long,,nonfinal,9,11,a,4.100110530853272
critical,33,ambiguous,long,,nonfinal,9,12,second,4.47007417678833
critical,33,ambiguous,long,,nonfinal,9,13,time.,2.4970120191574097
critical,33,ambiguous,short,,nonfinal,7,0,Before,18.074676513671875
critical,33,ambiguous,short,,nonfinal,7,1,the,3.56732177734375
critical,33,ambiguous,short,,nonfinal,7,2,recruiters,20.359344482421875
critical,33,ambiguous,short,,nonfinal,7,3,could,4.677906036376953
critical,33,ambiguous,short,,nonfinal,7,4,adapt,14.078450202941896
critical,33,ambiguous,short,,nonfinal,7,5,the,3.302953004837036
critical,33,ambiguous,short,,nonfinal,7,6,policy,8.461843490600586
critical,33,ambiguous,short,,nonfinal,7,7,changed,14.119549751281738
critical,33,ambiguous,short,,nonfinal,7,8,for,7.056528091430664
critical,33,ambiguous,short,,nonfinal,7,9,a,5.249295711517334
critical,33,ambiguous,short,,nonfinal,7,10,second,5.779849529266357
critical,33,ambiguous,short,,nonfinal,7,11,time.,6.462695240974426
critical,33,unambiguous,long,comma,nonfinal,9,0,Before,18.074676513671875
critical,33,unambiguous,long,comma,nonfinal,9,1,the,3.56732177734375
critical,33,unambiguous,long,comma,nonfinal,9,2,recruiters,20.359344482421875
critical,33,unambiguous,long,comma,nonfinal,9,3,could,4.677906036376953
critical,33,unambiguous,long,comma,nonfinal,9,4,"adapt,",16.047274589538574
critical,33,unambiguous,long,comma,nonfinal,9,5,the,2.445642709732056
critical,33,unambiguous,long,comma,nonfinal,9,6,policy,12.995768547058104
critical,33,unambiguous,long,comma,nonfinal,9,7,for,7.266176223754883
critical,33,unambiguous,long,comma,nonfinal,9,8,hiring,7.074832439422607
critical,33,unambiguous,long,comma,nonfinal,9,9,changed,10.777527809143066
critical,33,unambiguous,long,comma,nonfinal,9,10,for,6.537222862243652
critical,33,unambiguous,long,comma,nonfinal,9,11,a,4.263904094696045
critical,33,unambiguous,long,comma,nonfinal,9,12,second,3.656235456466675
critical,33,unambiguous,long,comma,nonfinal,9,13,time.,1.3942867517471311
critical,33,unambiguous,short,comma,nonfinal,7,0,Before,18.074676513671875
critical,33,unambiguous,short,comma,nonfinal,7,1,the,3.56732177734375
critical,33,unambiguous,short,comma,nonfinal,7,2,recruiters,20.359344482421875
critical,33,unambiguous,short,comma,nonfinal,7,3,could,4.677906036376953
critical,33,unambiguous,short,comma,nonfinal,7,4,"adapt,",16.047274589538574
critical,33,unambiguous,short,comma,nonfinal,7,5,the,2.445642709732056
critical,33,unambiguous,short,comma,nonfinal,7,6,policy,12.995768547058104
critical,33,unambiguous,short,comma,nonfinal,7,7,changed,5.585005760192871
critical,33,unambiguous,short,comma,nonfinal,7,8,for,6.600028038024902
critical,33,unambiguous,short,comma,nonfinal,7,9,a,4.363339900970459
critical,33,unambiguous,short,comma,nonfinal,7,10,second,3.504835844039917
critical,33,unambiguous,short,comma,nonfinal,7,11,time.,1.1247610300779345
critical,33,unambiguous,long,object,nonfinal,11,0,Before,18.074676513671875
critical,33,unambiguous,long,object,nonfinal,11,1,the,3.56732177734375
critical,33,unambiguous,long,object,nonfinal,11,2,recruiters,20.359344482421875
critical,33,unambiguous,long,object,nonfinal,11,3,could,4.677906036376953
critical,33,unambiguous,long,object,nonfinal,11,4,adapt,14.078450202941896
critical,33,unambiguous,long,object,nonfinal,11,5,their,2.6764461994171143
critical,33,unambiguous,long,object,nonfinal,11,6,strategies,5.213303089141846
critical,33,unambiguous,long,object,nonfinal,11,7,the,8.882394790649414
critical,33,unambiguous,long,object,nonfinal,11,8,policy,11.88936710357666
critical,33,unambiguous,long,object,nonfinal,11,9,for,7.64039945602417
critical,33,unambiguous,long,object,nonfinal,11,10,hiring,7.938355922698975
critical,33,unambiguous,long,object,nonfinal,11,11,changed,9.030723571777344
critical,33,unambiguous,long,object,nonfinal,11,12,for,7.0150980949401855
critical,33,unambiguous,long,object,nonfinal,11,13,a,3.918606758117676
critical,33,unambiguous,long,object,nonfinal,11,14,second,3.663852214813232
critical,33,unambiguous,long,object,nonfinal,11,15,time.,1.1297801733016968
critical,33,unambiguous,short,object,nonfinal,9,0,Before,18.074676513671875
critical,33,unambiguous,short,object,nonfinal,9,1,the,3.56732177734375
critical,33,unambiguous,short,object,nonfinal,9,2,recruiters,20.359344482421875
critical,33,unambiguous,short,object,nonfinal,9,3,could,4.677906036376953
critical,33,unambiguous,short,object,nonfinal,9,4,adapt,14.078450202941896
critical,33,unambiguous,short,object,nonfinal,9,5,their,2.6764461994171143
critical,33,unambiguous,short,object,nonfinal,9,6,strategies,5.213303089141846
critical,33,unambiguous,short,object,nonfinal,9,7,the,8.882394790649414
critical,33,unambiguous,short,object,nonfinal,9,8,policy,11.88936710357666
critical,33,unambiguous,short,object,nonfinal,9,9,changed,4.814864635467529
critical,33,unambiguous,short,object,nonfinal,9,10,for,6.948307991027832
critical,33,unambiguous,short,object,nonfinal,9,11,a,4.624313354492188
critical,33,unambiguous,short,object,nonfinal,9,12,second,3.947973251342773
critical,33,unambiguous,short,object,nonfinal,9,13,time.,1.0975740104913712
critical,34,ambiguous,long,,final,9,0,After,15.716473579406738
critical,34,ambiguous,long,,final,9,1,the,3.606374263763428
critical,34,ambiguous,long,,final,9,2,doctor,13.542953491210938
critical,34,ambiguous,long,,final,9,3,left,5.501100063323975
critical,34,ambiguous,long,,final,9,4,the,2.321771144866944
critical,34,ambiguous,long,,final,9,5,patient,7.263886451721191
critical,34,ambiguous,long,,final,9,6,with,2.9046850204467773
critical,34,ambiguous,long,,final,9,7,cardiac,10.112128257751465
critical,34,ambiguous,long,,final,9,8,issues,6.796666145324707
critical,34,ambiguous,long,,final,9,9,recovered.,22.897445678710938
critical,34,ambiguous,short,,final,6,0,After,15.716473579406738
critical,34,ambiguous,short,,final,6,1,the,3.606374263763428
critical,34,ambiguous,short,,final,6,2,doctor,13.542953491210938
critical,34,ambiguous,short,,final,6,3,left,5.501100063323975
critical,34,ambiguous,short,,final,6,4,the,2.321771144866944
critical,34,ambiguous,short,,final,6,5,patient,7.263886451721191
critical,34,ambiguous,short,,final,6,6,recovered.,22.440075874328613
critical,34,unambiguous,long,comma,final,9,0,After,15.716473579406738
critical,34,unambiguous,long,comma,final,9,1,the,3.606374263763428
critical,34,unambiguous,long,comma,final,9,2,doctor,13.542953491210938
critical,34,unambiguous,long,comma,final,9,3,"left,",7.460458517074585
critical,34,unambiguous,long,comma,final,9,4,the,3.094862222671509
critical,34,unambiguous,long,comma,final,9,5,patient,4.368392467498779
critical,34,unambiguous,long,comma,final,9,6,with,10.17197322845459
critical,34,unambiguous,long,comma,final,9,7,cardiac,9.782483100891112
critical,34,unambiguous,long,comma,final,9,8,issues,5.357977867126465
critical,34,unambiguous,long,comma,final,9,9,recovered.,10.647305488586426
critical,34,unambiguous,short,comma,final,6,0,After,15.716473579406738
critical,34,unambiguous,short,comma,final,6,1,the,3.606374263763428
critical,34,unambiguous,short,comma,final,6,2,doctor,13.542953491210938
critical,34,unambiguous,short,comma,final,6,3,"left,",7.460458517074585
critical,34,unambiguous,short,comma,final,6,4,the,3.094862222671509
critical,34,unambiguous,short,comma,final,6,5,patient,4.368392467498779
critical,34,unambiguous,short,comma,final,6,6,recovered.,12.718262910842896
critical,34,unambiguous,long,object,final,12,0,After,15.716473579406738
critical,34,unambiguous,long,object,final,12,1,the,3.606374263763428
critical,34,unambiguous,long,object,final,12,2,doctor,13.542953491210938
critical,34,unambiguous,long,object,final,12,3,left,5.501100063323975
critical,34,unambiguous,long,object,final,12,4,the,2.321771144866944
critical,34,unambiguous,long,object,final,12,5,operating,10.161956787109377
critical,34,unambiguous,long,object,final,12,6,room,0.1566390395164489
critical,34,unambiguous,long,object,final,12,7,the,6.630858421325684
critical,34,unambiguous,long,object,final,12,8,patient,5.0063958168029785
critical,34,unambiguous,long,object,final,12,9,with,10.02343463897705
critical,34,unambiguous,long,object,final,12,10,cardiac,10.043753623962402
critical,34,unambiguous,long,object,final,12,11,issues,6.838404178619385
critical,34,unambiguous,long,object,final,12,12,recovered.,14.274977684020996
critical,34,unambiguous,short,object,final,9,0,After,15.716473579406738
critical,34,unambiguous,short,object,final,9,1,the,3.606374263763428
critical,34,unambiguous,short,object,final,9,2,doctor,13.542953491210938
critical,34,unambiguous,short,object,final,9,3,left,5.501100063323975
critical,34,unambiguous,short,object,final,9,4,the,2.321771144866944
critical,34,unambiguous,short,object,final,9,5,operating,10.161956787109377
critical,34,unambiguous,short,object,final,9,6,room,0.1566390395164489
critical,34,unambiguous,short,object,final,9,7,the,6.630858421325684
critical,34,unambiguous,short,object,final,9,8,patient,5.0063958168029785
critical,34,unambiguous,short,object,final,9,9,recovered.,12.659210920333862
critical,34,ambiguous,long,,nonfinal,9,0,After,15.716473579406738
critical,34,ambiguous,long,,nonfinal,9,1,the,3.606374263763428
critical,34,ambiguous,long,,nonfinal,9,2,doctor,13.542953491210938
critical,34,ambiguous,long,,nonfinal,9,3,left,5.501100063323975
critical,34,ambiguous,long,,nonfinal,9,4,the,2.321771144866944
critical,34,ambiguous,long,,nonfinal,9,5,patient,7.263886451721191
critical,34,ambiguous,long,,nonfinal,9,6,with,2.9046850204467773
critical,34,ambiguous,long,,nonfinal,9,7,cardiac,10.112128257751465
critical,34,ambiguous,long,,nonfinal,9,8,issues,6.796666145324707
critical,34,ambiguous,long,,nonfinal,9,9,recovered,17.757976531982422
critical,34,ambiguous,long,,nonfinal,9,10,from,3.1555652618408203
critical,34,ambiguous,long,,nonfinal,9,11,the,1.9197885990142824
critical,34,ambiguous,long,,nonfinal,9,12,surgery.,9.69549560546875
critical,34,ambiguous,short,,nonfinal,6,0,After,15.716473579406738
critical,34,ambiguous,short,,nonfinal,6,1,the,3.606374263763428
critical,34,ambiguous,short,,nonfinal,6,2,doctor,13.542953491210938
critical,34,ambiguous,short,,nonfinal,6,3,left,5.501100063323975
critical,34,ambiguous,short,,nonfinal,6,4,the,2.321771144866944
critical,34,ambiguous,short,,nonfinal,6,5,patient,7.263886451721191
critical,34,ambiguous,short,,nonfinal,6,6,recovered,18.19561004638672
critical,34,ambiguous,short,,nonfinal,6,7,from,4.063347339630127
critical,34,ambiguous,short,,nonfinal,6,8,the,1.5039594173431396
critical,34,ambiguous,short,,nonfinal,6,9,surgery.,12.135029315948486
critical,34,unambiguous,long,comma,nonfinal,9,0,After,15.716473579406738
critical,34,unambiguous,long,comma,nonfinal,9,1,the,3.606374263763428
critical,34,unambiguous,long,comma,nonfinal,9,2,doctor,13.542953491210938
critical,34,unambiguous,long,comma,nonfinal,9,3,"left,",7.460458517074585
critical,34,unambiguous,long,comma,nonfinal,9,4,the,3.094862222671509
critical,34,unambiguous,long,comma,nonfinal,9,5,patient,4.368392467498779
critical,34,unambiguous,long,comma,nonfinal,9,6,with,10.17197322845459
critical,34,unambiguous,long,comma,nonfinal,9,7,cardiac,9.782483100891112
critical,34,unambiguous,long,comma,nonfinal,9,8,issues,5.357977867126465
critical,34,unambiguous,long,comma,nonfinal,9,9,recovered,8.872983932495117
critical,34,unambiguous,long,comma,nonfinal,9,10,from,5.14458703994751
critical,34,unambiguous,long,comma,nonfinal,9,11,the,1.4764751195907593
critical,34,unambiguous,long,comma,nonfinal,9,12,surgery.,5.269482135772705
critical,34,unambiguous,short,comma,nonfinal,6,0,After,15.716473579406738
critical,34,unambiguous,short,comma,nonfinal,6,1,the,3.606374263763428
critical,34,unambiguous,short,comma,nonfinal,6,2,doctor,13.542953491210938
critical,34,unambiguous,short,comma,nonfinal,6,3,"left,",7.460458517074585
critical,34,unambiguous,short,comma,nonfinal,6,4,the,3.094862222671509
critical,34,unambiguous,short,comma,nonfinal,6,5,patient,4.368392467498779
critical,34,unambiguous,short,comma,nonfinal,6,6,recovered,10.377251625061035
critical,34,unambiguous,short,comma,nonfinal,6,7,from,4.845497131347656
critical,34,unambiguous,short,comma,nonfinal,6,8,the,1.6149638891220093
critical,34,unambiguous,short,comma,nonfinal,6,9,surgery.,8.858421683311462
critical,34,unambiguous,long,object,nonfinal,12,0,After,15.716473579406738
critical,34,unambiguous,long,object,nonfinal,12,1,the,3.606374263763428
critical,34,unambiguous,long,object,nonfinal,12,2,doctor,13.542953491210938
critical,34,unambiguous,long,object,nonfinal,12,3,left,5.501100063323975
critical,34,unambiguous,long,object,nonfinal,12,4,the,2.321771144866944
critical,34,unambiguous,long,object,nonfinal,12,5,operating,10.161956787109377
critical,34,unambiguous,long,object,nonfinal,12,6,room,0.1566390395164489
critical,34,unambiguous,long,object,nonfinal,12,7,the,6.630858421325684
critical,34,unambiguous,long,object,nonfinal,12,8,patient,5.0063958168029785
critical,34,unambiguous,long,object,nonfinal,12,9,with,10.02343463897705
critical,34,unambiguous,long,object,nonfinal,12,10,cardiac,10.043753623962402
critical,34,unambiguous,long,object,nonfinal,12,11,issues,6.838404178619385
critical,34,unambiguous,long,object,nonfinal,12,12,recovered,12.202985763549805
critical,34,unambiguous,long,object,nonfinal,12,13,from,4.719071865081787
critical,34,unambiguous,long,object,nonfinal,12,14,the,1.7874418497085571
critical,34,unambiguous,long,object,nonfinal,12,15,surgery.,4.983545303344727
critical,34,unambiguous,short,object,nonfinal,9,0,After,15.716473579406738
critical,34,unambiguous,short,object,nonfinal,9,1,the,3.606374263763428
critical,34,unambiguous,short,object,nonfinal,9,2,doctor,13.542953491210938
critical,34,unambiguous,short,object,nonfinal,9,3,left,5.501100063323975
critical,34,unambiguous,short,object,nonfinal,9,4,the,2.321771144866944
critical,34,unambiguous,short,object,nonfinal,9,5,operating,10.161956787109377
critical,34,unambiguous,short,object,nonfinal,9,6,room,0.1566390395164489
critical,34,unambiguous,short,object,nonfinal,9,7,the,6.630858421325684
critical,34,unambiguous,short,object,nonfinal,9,8,patient,5.0063958168029785
critical,34,unambiguous,short,object,nonfinal,9,9,recovered,9.761096954345703
critical,34,unambiguous,short,object,nonfinal,9,10,from,4.574474334716797
critical,34,unambiguous,short,object,nonfinal,9,11,the,1.6344130039215088
critical,34,unambiguous,short,object,nonfinal,9,12,surgery.,8.709696531295776
critical,35,ambiguous,long,,final,11,0,While,16.156902313232422
critical,35,ambiguous,long,,final,11,1,the,2.841593742370605
critical,35,ambiguous,long,,final,11,2,tailor,19.76173591613769
critical,35,ambiguous,long,,final,11,3,was,4.232248306274414
critical,35,ambiguous,long,,final,11,4,measuring,13.452312469482422
critical,35,ambiguous,long,,final,11,5,the,1.7570297718048096
critical,35,ambiguous,long,,final,11,6,suit,7.778832912445068
critical,35,ambiguous,long,,final,11,7,made,10.496764183044434
critical,35,ambiguous,long,,final,11,8,of,1.2923299074172974
critical,35,ambiguous,long,,final,11,9,vintage,11.068395614624023
critical,35,ambiguous,long,,final,11,10,tweed,9.646371960639954
critical,35,ambiguous,long,,final,11,11,ripped.,22.61141967773437
critical,35,ambiguous,short,,final,7,0,While,16.156902313232422
critical,35,ambiguous,short,,final,7,1,the,2.841593742370605
critical,35,ambiguous,short,,final,7,2,tailor,19.76173591613769
critical,35,ambiguous,short,,final,7,3,was,4.232248306274414
critical,35,ambiguous,short,,final,7,4,measuring,13.452312469482422
critical,35,ambiguous,short,,final,7,5,the,1.7570297718048096
critical,35,ambiguous,short,,final,7,6,suit,7.778832912445068
critical,35,ambiguous,short,,final,7,7,ripped.,26.951326370239254
critical,35,unambiguous,long,comma,final,11,0,While,16.156902313232422
critical,35,unambiguous,long,comma,final,11,1,the,2.841593742370605
critical,35,unambiguous,long,comma,final,11,2,tailor,19.76173591613769
critical,35,unambiguous,long,comma,final,11,3,was,4.232248306274414
critical,35,unambiguous,long,comma,final,11,4,"measuring,",17.651572704315186
critical,35,unambiguous,long,comma,final,11,5,the,2.404289960861206
critical,35,unambiguous,long,comma,final,11,6,suit,9.129840850830078
critical,35,unambiguous,long,comma,final,11,7,made,6.846615314483643
critical,35,unambiguous,long,comma,final,11,8,of,7.11616325378418
critical,35,unambiguous,long,comma,final,11,9,vintage,11.726993560791016
critical,35,unambiguous,long,comma,final,11,10,tweed,10.332706928253174
critical,35,unambiguous,long,comma,final,11,11,ripped.,16.321104049682617
critical,35,unambiguous,short,comma,final,7,0,While,16.156902313232422
critical,35,unambiguous,short,comma,final,7,1,the,2.841593742370605
critical,35,unambiguous,short,comma,final,7,2,tailor,19.76173591613769
critical,35,unambiguous,short,comma,final,7,3,was,4.232248306274414
critical,35,unambiguous,short,comma,final,7,4,"measuring,",17.651572704315186
critical,35,unambiguous,short,comma,final,7,5,the,2.404289960861206
critical,35,unambiguous,short,comma,final,7,6,suit,9.129840850830078
critical,35,unambiguous,short,comma,final,7,7,ripped.,16.238486289978027
critical,35,unambiguous,long,object,final,14,0,While,16.156902313232422
critical,35,unambiguous,long,object,final,14,1,the,2.841593742370605
critical,35,unambiguous,long,object,final,14,2,tailor,19.76173591613769
critical,35,unambiguous,long,object,final,14,3,was,4.232248306274414
critical,35,unambiguous,long,object,final,14,4,measuring,13.452312469482422
critical,35,unambiguous,long,object,final,14,5,the,1.7570297718048096
critical,35,unambiguous,long,object,final,14,6,client's,12.814452230930328
critical,35,unambiguous,long,object,final,14,7,inseam,17.543540000915527
critical,35,unambiguous,long,object,final,14,8,the,8.019498825073242
critical,35,unambiguous,long,object,final,14,9,suit,7.922175884246826
critical,35,unambiguous,long,object,final,14,10,made,6.166665077209473
critical,35,unambiguous,long,object,final,14,11,of,6.492600917816162
critical,35,unambiguous,long,object,final,14,12,vintage,11.882905960083008
critical,35,unambiguous,long,object,final,14,13,tweed,9.889272153377531
critical,35,unambiguous,long,object,final,14,14,ripped.,18.01093626022339
critical,35,unambiguous,short,object,final,10,0,While,16.156902313232422
critical,35,unambiguous,short,object,final,10,1,the,2.841593742370605
critical,35,unambiguous,short,object,final,10,2,tailor,19.76173591613769
critical,35,unambiguous,short,object,final,10,3,was,4.232248306274414
critical,35,unambiguous,short,object,final,10,4,measuring,13.452312469482422
critical,35,unambiguous,short,object,final,10,5,the,1.7570297718048096
critical,35,unambiguous,short,object,final,10,6,client's,12.814452230930328
critical,35,unambiguous,short,object,final,10,7,inseam,17.543540000915527
critical,35,unambiguous,short,object,final,10,8,the,8.019498825073242
critical,35,unambiguous,short,object,final,10,9,suit,7.922175884246826
critical,35,unambiguous,short,object,final,10,10,ripped.,18.0677547454834
critical,35,ambiguous,long,,nonfinal,11,0,While,16.156902313232422
critical,35,ambiguous,long,,nonfinal,11,1,the,2.841593742370605
critical,35,ambiguous,long,,nonfinal,11,2,tailor,19.76173591613769
critical,35,ambiguous,long,,nonfinal,11,3,was,4.232248306274414
critical,35,ambiguous,long,,nonfinal,11,4,measuring,13.452312469482422
critical,35,ambiguous,long,,nonfinal,11,5,the,1.7570297718048096
critical,35,ambiguous,long,,nonfinal,11,6,suit,7.778832912445068
critical,35,ambiguous,long,,nonfinal,11,7,made,10.496764183044434
critical,35,ambiguous,long,,nonfinal,11,8,of,1.2923299074172974
critical,35,ambiguous,long,,nonfinal,11,9,vintage,11.068395614624023
critical,35,ambiguous,long,,nonfinal,11,10,tweed,9.646371960639954
critical,35,ambiguous,long,,nonfinal,11,11,ripped,13.455151557922363
critical,35,ambiguous,long,,nonfinal,11,12,along,9.538031578063965
critical,35,ambiguous,long,,nonfinal,11,13,a,3.3322973251342773
critical,35,ambiguous,long,,nonfinal,11,14,weak,14.506144523620604
critical,35,ambiguous,long,,nonfinal,11,15,seam.,11.80757474899292
critical,35,ambiguous,short,,nonfinal,7,0,While,16.156902313232422
critical,35,ambiguous,short,,nonfinal,7,1,the,2.841593742370605
critical,35,ambiguous,short,,nonfinal,7,2,tailor,19.76173591613769
critical,35,ambiguous,short,,nonfinal,7,3,was,4.232248306274414
critical,35,ambiguous,short,,nonfinal,7,4,measuring,13.452312469482422
critical,35,ambiguous,short,,nonfinal,7,5,the,1.7570297718048096
critical,35,ambiguous,short,,nonfinal,7,6,suit,7.778832912445068
critical,35,ambiguous,short,,nonfinal,7,7,ripped,18.578903198242188
critical,35,ambiguous,short,,nonfinal,7,8,along,9.592536926269531
critical,35,ambiguous,short,,nonfinal,7,9,a,4.058724403381348
critical,35,ambiguous,short,,nonfinal,7,10,weak,13.206748008728027
critical,35,ambiguous,short,,nonfinal,7,11,seam.,10.869975090026855
critical,35,unambiguous,long,comma,nonfinal,11,0,While,16.156902313232422
critical,35,unambiguous,long,comma,nonfinal,11,1,the,2.841593742370605
critical,35,unambiguous,long,comma,nonfinal,11,2,tailor,19.76173591613769
critical,35,unambiguous,long,comma,nonfinal,11,3,was,4.232248306274414
critical,35,unambiguous,long,comma,nonfinal,11,4,"measuring,",17.651572704315186
critical,35,unambiguous,long,comma,nonfinal,11,5,the,2.404289960861206
critical,35,unambiguous,long,comma,nonfinal,11,6,suit,9.129840850830078
critical,35,unambiguous,long,comma,nonfinal,11,7,made,6.846615314483643
critical,35,unambiguous,long,comma,nonfinal,11,8,of,7.11616325378418
critical,35,unambiguous,long,comma,nonfinal,11,9,vintage,11.726993560791016
critical,35,unambiguous,long,comma,nonfinal,11,10,tweed,10.332706928253174
critical,35,unambiguous,long,comma,nonfinal,11,11,ripped,9.73735523223877
critical,35,unambiguous,long,comma,nonfinal,11,12,along,8.176005363464355
critical,35,unambiguous,long,comma,nonfinal,11,13,a,3.966784000396729
critical,35,unambiguous,long,comma,nonfinal,11,14,weak,13.831212997436523
critical,35,unambiguous,long,comma,nonfinal,11,15,seam.,7.111001133918762
critical,35,unambiguous,short,comma,nonfinal,7,0,While,16.156902313232422
critical,35,unambiguous,short,comma,nonfinal,7,1,the,2.841593742370605
critical,35,unambiguous,short,comma,nonfinal,7,2,tailor,19.76173591613769
critical,35,unambiguous,short,comma,nonfinal,7,3,was,4.232248306274414
critical,35,unambiguous,short,comma,nonfinal,7,4,"measuring,",17.651572704315186
critical,35,unambiguous,short,comma,nonfinal,7,5,the,2.404289960861206
critical,35,unambiguous,short,comma,nonfinal,7,6,suit,9.129840850830078
critical,35,unambiguous,short,comma,nonfinal,7,7,ripped,10.643706321716309
critical,35,unambiguous,short,comma,nonfinal,7,8,along,9.060133934020996
critical,35,unambiguous,short,comma,nonfinal,7,9,a,4.239809989929199
critical,35,unambiguous,short,comma,nonfinal,7,10,weak,12.630383491516112
critical,35,unambiguous,short,comma,nonfinal,7,11,seam.,8.177986860275269
critical,35,unambiguous,long,object,nonfinal,14,0,While,16.156902313232422
critical,35,unambiguous,long,object,nonfinal,14,1,the,2.841593742370605
critical,35,unambiguous,long,object,nonfinal,14,2,tailor,19.76173591613769
critical,35,unambiguous,long,object,nonfinal,14,3,was,4.232248306274414
critical,35,unambiguous,long,object,nonfinal,14,4,measuring,13.452312469482422
critical,35,unambiguous,long,object,nonfinal,14,5,the,1.7570297718048096
critical,35,unambiguous,long,object,nonfinal,14,6,client's,12.814452230930328
critical,35,unambiguous,long,object,nonfinal,14,7,inseam,17.543540000915527
critical,35,unambiguous,long,object,nonfinal,14,8,the,8.019498825073242
critical,35,unambiguous,long,object,nonfinal,14,9,suit,7.922175884246826
critical,35,unambiguous,long,object,nonfinal,14,10,made,6.166665077209473
critical,35,unambiguous,long,object,nonfinal,14,11,of,6.492600917816162
critical,35,unambiguous,long,object,nonfinal,14,12,vintage,11.882905960083008
critical,35,unambiguous,long,object,nonfinal,14,13,tweed,9.889272153377531
critical,35,unambiguous,long,object,nonfinal,14,14,ripped,10.640602111816406
critical,35,unambiguous,long,object,nonfinal,14,15,along,8.282386779785156
critical,35,unambiguous,long,object,nonfinal,14,16,a,3.797123670578003
critical,35,unambiguous,long,object,nonfinal,14,17,weak,13.82155990600586
critical,35,unambiguous,long,object,nonfinal,14,18,seam.,6.610374450683594
critical,35,unambiguous,short,object,nonfinal,10,0,While,16.156902313232422
critical,35,unambiguous,short,object,nonfinal,10,1,the,2.841593742370605
critical,35,unambiguous,short,object,nonfinal,10,2,tailor,19.76173591613769
critical,35,unambiguous,short,object,nonfinal,10,3,was,4.232248306274414
critical,35,unambiguous,short,object,nonfinal,10,4,measuring,13.452312469482422
critical,35,unambiguous,short,object,nonfinal,10,5,the,1.7570297718048096
critical,35,unambiguous,short,object,nonfinal,10,6,client's,12.814452230930328
critical,35,unambiguous,short,object,nonfinal,10,7,inseam,17.543540000915527
critical,35,unambiguous,short,object,nonfinal,10,8,the,8.019498825073242
critical,35,unambiguous,short,object,nonfinal,10,9,suit,7.922175884246826
critical,35,unambiguous,short,object,nonfinal,10,10,ripped,11.386374473571776
critical,35,unambiguous,short,object,nonfinal,10,11,along,9.430526733398438
critical,35,unambiguous,short,object,nonfinal,10,12,a,4.277970790863037
critical,35,unambiguous,short,object,nonfinal,10,13,weak,12.73969268798828
critical,35,unambiguous,short,object,nonfinal,10,14,seam.,6.7043516635894775
critical,36,ambiguous,long,,final,8,0,As,14.926304817199709
critical,36,ambiguous,long,,final,8,1,the,3.2082221508026123
critical,36,ambiguous,long,,final,8,2,musician,14.28402614593506
critical,36,ambiguous,long,,final,8,3,played,7.58795166015625
critical,36,ambiguous,long,,final,8,4,the,3.120133876800537
critical,36,ambiguous,long,,final,8,5,song,4.927432060241699
critical,36,ambiguous,long,,final,8,6,of,6.611277103424072
critical,36,ambiguous,long,,final,8,7,mourning,11.436702728271484
critical,36,ambiguous,long,,final,8,8,crescendoed.,33.076203636825085
critical,36,ambiguous,short,,final,6,0,As,14.926304817199709
critical,36,ambiguous,short,,final,6,1,the,3.2082221508026123
critical,36,ambiguous,short,,final,6,2,musician,14.28402614593506
critical,36,ambiguous,short,,final,6,3,played,7.58795166015625
critical,36,ambiguous,short,,final,6,4,the,3.120133876800537
critical,36,ambiguous,short,,final,6,5,song,4.927432060241699
critical,36,ambiguous,short,,final,6,6,crescendoed.,32.425646752119064
critical,36,unambiguous,long,comma,final,8,0,As,14.926304817199709
critical,36,unambiguous,long,comma,final,8,1,the,3.2082221508026123
critical,36,unambiguous,long,comma,final,8,2,musician,14.28402614593506
critical,36,unambiguous,long,comma,final,8,3,"played,",12.130538940429688
critical,36,unambiguous,long,comma,final,8,4,the,3.1364681720733643
critical,36,unambiguous,long,comma,final,8,5,song,5.759024620056152
critical,36,unambiguous,long,comma,final,8,6,of,7.96871280670166
critical,36,unambiguous,long,comma,final,8,7,mourning,10.416656494140623
critical,36,unambiguous,long,comma,final,8,8,crescendoed.,17.70196226425469
critical,36,unambiguous,short,comma,final,6,0,As,14.926304817199709
critical,36,unambiguous,short,comma,final,6,1,the,3.2082221508026123
critical,36,unambiguous,short,comma,final,6,2,musician,14.28402614593506
critical,36,unambiguous,short,comma,final,6,3,"played,",12.130538940429688
critical,36,unambiguous,short,comma,final,6,4,the,3.1364681720733643
critical,36,unambiguous,short,comma,final,6,5,song,5.759024620056152
critical,36,unambiguous,short,comma,final,6,6,crescendoed.,16.676956553943455
critical,36,unambiguous,long,object,final,10,0,As,14.926304817199709
critical,36,unambiguous,long,object,final,10,1,the,3.2082221508026123
critical,36,unambiguous,long,object,final,10,2,musician,14.28402614593506
critical,36,unambiguous,long,object,final,10,3,played,7.58795166015625
critical,36,unambiguous,long,object,final,10,4,the,3.120133876800537
critical,36,unambiguous,long,object,final,10,5,piano,4.259071826934815
critical,36,unambiguous,long,object,final,10,6,the,7.802310466766357
critical,36,unambiguous,long,object,final,10,7,song,5.707798480987549
critical,36,unambiguous,long,object,final,10,8,of,7.190261363983154
critical,36,unambiguous,long,object,final,10,9,mourning,10.678383827209473
critical,36,unambiguous,long,object,final,10,10,crescendoed.,19.054505178704854
critical,36,unambiguous,short,object,final,8,0,As,14.926304817199709
critical,36,unambiguous,short,object,final,8,1,the,3.2082221508026123
critical,36,unambiguous,short,object,final,8,2,musician,14.28402614593506
critical,36,unambiguous,short,object,final,8,3,played,7.58795166015625
critical,36,unambiguous,short,object,final,8,4,the,3.120133876800537
critical,36,unambiguous,short,object,final,8,5,piano,4.259071826934815
critical,36,unambiguous,short,object,final,8,6,the,7.802310466766357
critical,36,unambiguous,short,object,final,8,7,song,5.707798480987549
critical,36,unambiguous,short,object,final,8,8,crescendoed.,19.259293402545158
critical,36,ambiguous,long,,nonfinal,8,0,As,14.926304817199709
critical,36,ambiguous,long,,nonfinal,8,1,the,3.2082221508026123
critical,36,ambiguous,long,,nonfinal,8,2,musician,14.28402614593506
critical,36,ambiguous,long,,nonfinal,8,3,played,7.58795166015625
critical,36,ambiguous,long,,nonfinal,8,4,the,3.120133876800537
critical,36,ambiguous,long,,nonfinal,8,5,song,4.927432060241699
critical,36,ambiguous,long,,nonfinal,8,6,of,6.611277103424072
critical,36,ambiguous,long,,nonfinal,8,7,mourning,11.436702728271484
critical,36,ambiguous,long,,nonfinal,8,8,crescendoed,25.70811491459608
critical,36,ambiguous,long,,nonfinal,8,9,to,5.563024997711182
critical,36,ambiguous,long,,nonfinal,8,10,a,1.990964651107788
critical,36,ambiguous,long,,nonfinal,8,11,dramatic,10.336129188537598
critical,36,ambiguous,long,,nonfinal,8,12,climax.,8.187111377716064
critical,36,ambiguous,short,,nonfinal,6,0,As,14.926304817199709
critical,36,ambiguous,short,,nonfinal,6,1,the,3.2082221508026123
critical,36,ambiguous,short,,nonfinal,6,2,musician,14.28402614593506
critical,36,ambiguous,short,,nonfinal,6,3,played,7.58795166015625
critical,36,ambiguous,short,,nonfinal,6,4,the,3.120133876800537
critical,36,ambiguous,short,,nonfinal,6,5,song,4.927432060241699
critical,36,ambiguous,short,,nonfinal,6,6,crescendoed,24.899179905653
critical,36,ambiguous,short,,nonfinal,6,7,to,5.322964668273926
critical,36,ambiguous,short,,nonfinal,6,8,a,2.4462592601776123
critical,36,ambiguous,short,,nonfinal,6,9,dramatic,10.121649742126465
critical,36,ambiguous,short,,nonfinal,6,10,climax.,8.220858812332153
critical,36,unambiguous,long,comma,nonfinal,8,0,As,14.926304817199709
critical,36,unambiguous,long,comma,nonfinal,8,1,the,3.2082221508026123
critical,36,unambiguous,long,comma,nonfinal,8,2,musician,14.28402614593506
critical,36,unambiguous,long,comma,nonfinal,8,3,"played,",12.130538940429688
critical,36,unambiguous,long,comma,nonfinal,8,4,the,3.1364681720733643
critical,36,unambiguous,long,comma,nonfinal,8,5,song,5.759024620056152
critical,36,unambiguous,long,comma,nonfinal,8,6,of,7.96871280670166
critical,36,unambiguous,long,comma,nonfinal,8,7,mourning,10.416656494140623
critical,36,unambiguous,long,comma,nonfinal,8,8,crescendoed,15.79615238495171
critical,36,unambiguous,long,comma,nonfinal,8,9,to,5.333531379699707
critical,36,unambiguous,long,comma,nonfinal,8,10,a,1.2180334329605105
critical,36,unambiguous,long,comma,nonfinal,8,11,dramatic,9.669255256652832
critical,36,unambiguous,long,comma,nonfinal,8,12,climax.,2.967578411102295
critical,36,unambiguous,short,comma,nonfinal,6,0,As,14.926304817199709
critical,36,unambiguous,short,comma,nonfinal,6,1,the,3.2082221508026123
critical,36,unambiguous,short,comma,nonfinal,6,2,musician,14.28402614593506
critical,36,unambiguous,short,comma,nonfinal,6,3,"played,",12.130538940429688
critical,36,unambiguous,short,comma,nonfinal,6,4,the,3.1364681720733643
critical,36,unambiguous,short,comma,nonfinal,6,5,song,5.759024620056152
critical,36,unambiguous,short,comma,nonfinal,6,6,crescendoed,14.686228533275424
critical,36,unambiguous,short,comma,nonfinal,6,7,to,4.970149993896484
critical,36,unambiguous,short,comma,nonfinal,6,8,a,1.0983774662017822
critical,36,unambiguous,short,comma,nonfinal,6,9,dramatic,9.188562393188477
critical,36,unambiguous,short,comma,nonfinal,6,10,climax.,2.6853838562965398
critical,36,unambiguous,long,object,nonfinal,10,0,As,14.926304817199709
critical,36,unambiguous,long,object,nonfinal,10,1,the,3.2082221508026123
critical,36,unambiguous,long,object,nonfinal,10,2,musician,14.28402614593506
critical,36,unambiguous,long,object,nonfinal,10,3,played,7.58795166015625
critical,36,unambiguous,long,object,nonfinal,10,4,the,3.120133876800537
critical,36,unambiguous,long,object,nonfinal,10,5,piano,4.259071826934815
critical,36,unambiguous,long,object,nonfinal,10,6,the,7.802310466766357
critical,36,unambiguous,long,object,nonfinal,10,7,song,5.707798480987549
critical,36,unambiguous,long,object,nonfinal,10,8,of,7.190261363983154
critical,36,unambiguous,long,object,nonfinal,10,9,mourning,10.678383827209473
critical,36,unambiguous,long,object,nonfinal,10,10,crescendoed,16.58132321573794
critical,36,unambiguous,long,object,nonfinal,10,11,to,5.407024383544922
critical,36,unambiguous,long,object,nonfinal,10,12,a,1.226365566253662
critical,36,unambiguous,long,object,nonfinal,10,13,dramatic,10.100472450256348
critical,36,unambiguous,long,object,nonfinal,10,14,climax.,3.299370050430298
critical,36,unambiguous,short,object,nonfinal,8,0,As,14.926304817199709
critical,36,unambiguous,short,object,nonfinal,8,1,the,3.2082221508026123
critical,36,unambiguous,short,object,nonfinal,8,2,musician,14.28402614593506
critical,36,unambiguous,short,object,nonfinal,8,3,played,7.58795166015625
critical,36,unambiguous,short,object,nonfinal,8,4,the,3.120133876800537
critical,36,unambiguous,short,object,nonfinal,8,5,piano,4.259071826934815
critical,36,unambiguous,short,object,nonfinal,8,6,the,7.802310466766357
critical,36,unambiguous,short,object,nonfinal,8,7,song,5.707798480987549
critical,36,unambiguous,short,object,nonfinal,8,8,crescendoed,16.804790104739368
critical,36,unambiguous,short,object,nonfinal,8,9,to,5.299905300140381
critical,36,unambiguous,short,object,nonfinal,8,10,a,1.084343671798706
critical,36,unambiguous,short,object,nonfinal,8,11,dramatic,9.64177131652832
critical,36,unambiguous,short,object,nonfinal,8,12,climax.,2.762982487678528
filler,1,,,,,-1,0,The,11.09418487548828
filler,1,,,,,-1,1,little,12.463282585144045
filler,1,,,,,-1,2,blonde,11.05655288696289
filler,1,,,,,-1,3,girls,8.889394760131836
filler,1,,,,,-1,4,turned,9.41136360168457
filler,1,,,,,-1,5,out,5.1658854484558105
filler,1,,,,,-1,6,to,0.2064177095890045
filler,1,,,,,-1,7,be,0.1026392430067062
filler,1,,,,,-1,8,daughters,13.767560958862305
filler,1,,,,,-1,9,of,0.8384168148040771
filler,1,,,,,-1,10,one,4.940706729888916
filler,1,,,,,-1,11,of,0.7275003790855408
filler,1,,,,,-1,12,the,0.870832085609436
filler,1,,,,,-1,13,neighbors.,13.284754753112791
filler,2,,,,,-1,0,After,15.716473579406738
filler,2,,,,,-1,1,the,3.606374263763428
filler,2,,,,,-1,2,show,9.633824348449709
filler,2,,,,,-1,3,the,8.005420684814453
filler,2,,,,,-1,4,famous,12.648402214050291
filler,2,,,,,-1,5,violinist,12.783754169940948
filler,2,,,,,-1,6,met,10.15430736541748
filler,2,,,,,-1,7,with,3.141718626022339
filler,2,,,,,-1,8,some,5.056334018707275
filler,2,,,,,-1,9,of,2.4026498794555664
filler,2,,,,,-1,10,his,1.3396871089935305
filler,2,,,,,-1,11,devoted,11.587106704711914
filler,2,,,,,-1,12,fans.,2.695917427539825
filler,3,,,,,-1,0,The,11.09418487548828
filler,3,,,,,-1,1,pharmacologist,21.46476125717163
filler,3,,,,,-1,2,made,10.372661590576172
filler,3,,,,,-1,3,sure,5.612963199615479
filler,3,,,,,-1,4,that,2.291419744491577
filler,3,,,,,-1,5,the,2.0715627670288086
filler,3,,,,,-1,6,new,7.617427825927734
filler,3,,,,,-1,7,shipment,11.520273208618164
filler,3,,,,,-1,8,of,2.113399744033813
filler,3,,,,,-1,9,patches,11.406428337097168
filler,3,,,,,-1,10,didn't,5.741380523191765
filler,3,,,,,-1,11,have,4.376053333282471
filler,3,,,,,-1,12,any,1.5750969648361206
filler,3,,,,,-1,13,tears.,18.47483253479004
filler,4,,,,,-1,0,On,15.525691032409668
filler,4,,,,,-1,1,returning,15.788546562194824
filler,4,,,,,-1,2,from,1.352757692337036
filler,4,,,,,-1,3,abroad,8.577492713928223
filler,4,,,,,-1,4,the,6.682519435882568
filler,4,,,,,-1,5,accountant,15.75908088684082
filler,4,,,,,-1,6,discovered,9.37672519683838
filler,4,,,,,-1,7,he,4.246127605438232
filler,4,,,,,-1,8,had,1.305130958557129
filler,4,,,,,-1,9,a,3.5657589435577397
filler,4,,,,,-1,10,serious,6.882421016693115
filler,4,,,,,-1,11,case,4.208000183105469
filler,4,,,,,-1,12,of,0.1589615046977996
filler,4,,,,,-1,13,malaria.,9.085229635238647
filler,5,,,,,-1,0,The,11.09418487548828
filler,5,,,,,-1,1,coach,13.218201637268066
filler,5,,,,,-1,2,encouraged,13.836650848388672
filler,5,,,,,-1,3,his,2.0517282485961914
filler,5,,,,,-1,4,team,3.4587278366088867
filler,5,,,,,-1,5,as,9.822257041931152
filler,5,,,,,-1,6,the,4.312257289886475
filler,5,,,,,-1,7,game,3.812148094177246
filler,5,,,,,-1,8,turned,7.002737045288086
filler,5,,,,,-1,9,increasingly,10.6442232131958
filler,5,,,,,-1,10,discouraging.,13.251876950263975
filler,6,,,,,-1,0,The,11.09418487548828
filler,6,,,,,-1,1,photographer,14.556924819946287
filler,6,,,,,-1,2,posed,11.784207344055176
filler,6,,,,,-1,3,the,4.683145523071289
filler,6,,,,,-1,4,newlyweds,22.08660098910332
filler,6,,,,,-1,5,in,2.3277149200439453
filler,6,,,,,-1,6,front,3.48298716545105
filler,6,,,,,-1,7,of,0.003015887690708
filler,6,,,,,-1,8,an,4.8582868576049805
filler,6,,,,,-1,9,old,4.608265399932861
filler,6,,,,,-1,10,oak,9.597248077392578
filler,6,,,,,-1,11,tree,0.9369174242019652
filler,6,,,,,-1,12,that,5.484523773193359
filler,6,,,,,-1,13,stood,6.353737831115723
filler,6,,,,,-1,14,by,6.588316917419434
filler,6,,,,,-1,15,the,1.887560486793518
filler,6,,,,,-1,16,pond.,10.561396479606628
filler,7,,,,,-1,0,The,11.09418487548828
filler,7,,,,,-1,1,horse,13.056718826293944
filler,7,,,,,-1,2,galloped,15.149178504943848
filler,7,,,,,-1,3,furiously,11.59047508239746
filler,7,,,,,-1,4,around,5.744616985321045
filler,7,,,,,-1,5,the,0.9723486304283142
filler,7,,,,,-1,6,field,5.519504070281982
filler,7,,,,,-1,7,before,5.487077713012695
filler,7,,,,,-1,8,jumping,8.386127471923828
filler,7,,,,,-1,9,over,3.406588315963745
filler,7,,,,,-1,10,the,1.408265471458435
filler,7,,,,,-1,11,fence.,4.953056335449219
filler,8,,,,,-1,0,The,11.09418487548828
filler,8,,,,,-1,1,talented,15.348100662231444
filler,8,,,,,-1,2,cartoonists,14.08332586288452
filler,8,,,,,-1,3,drew,11.64427661895752
filler,8,,,,,-1,4,a,3.2610442638397217
filler,8,,,,,-1,5,huge,6.830875873565674
filler,8,,,,,-1,6,illustration,10.171422958374023
filler,8,,,,,-1,7,of,0.607349157333374
filler,8,,,,,-1,8,the,1.8798116445541384
filler,8,,,,,-1,9,upcoming,8.8126220703125
filler,8,,,,,-1,10,mall,14.289749145507812
filler,8,,,,,-1,11,to,7.531299114227295
filler,8,,,,,-1,12,be,5.257792949676514
filler,8,,,,,-1,13,opened,3.3842554092407227
filler,8,,,,,-1,14,in,1.6720235347747805
filler,8,,,,,-1,15,May.,10.481618762016296
filler,9,,,,,-1,0,The,11.09418487548828
filler,9,,,,,-1,1,protesters,14.644914627075195
filler,9,,,,,-1,2,rallied,9.05882453918457
filler,9,,,,,-1,3,outside,2.8290457725524902
filler,9,,,,,-1,4,the,0.9089214205741882
filler,9,,,,,-1,5,state,6.159972667694092
filler,9,,,,,-1,6,capital,4.805971145629883
filler,9,,,,,-1,7,to,5.256361961364746
filler,9,,,,,-1,8,petition,12.727784156799316
filler,9,,,,,-1,9,the,1.81446373462677
filler,9,,,,,-1,10,widely,16.042057037353516
filler,9,,,,,-1,11,controversial,8.548336029052734
filler,9,,,,,-1,12,bill.,10.278772830963137
filler,10,,,,,-1,0,The,11.09418487548828
filler,10,,,,,-1,1,small,11.558043479919434
filler,10,,,,,-1,2,orange,11.887869834899902
filler,10,,,,,-1,3,kitten,11.626423835754396
filler,10,,,,,-1,4,climbed,11.043135643005373
filler,10,,,,,-1,5,up,2.6865835189819336
filler,10,,,,,-1,6,the,2.37825870513916
filler,10,,,,,-1,7,curtains,13.681618690490724
filler,10,,,,,-1,8,behind,6.472326278686523
filler,10,,,,,-1,9,the,1.7614325284957886
filler,10,,,,,-1,10,couch,8.096348762512207
filler,10,,,,,-1,11,when,7.892181873321533
filler,10,,,,,-1,12,the,3.3248071670532227
filler,10,,,,,-1,13,vacuum,12.549846649169922
filler,10,,,,,-1,14,turned,7.774804592132568
filler,10,,,,,-1,15,on.,2.2782610654830933
filler,11,,,,,-1,0,The,11.09418487548828
filler,11,,,,,-1,1,captain,13.131478309631348
filler,11,,,,,-1,2,made,8.752238273620605
filler,11,,,,,-1,3,sure,5.982872009277344
filler,11,,,,,-1,4,the,3.488374948501587
filler,11,,,,,-1,5,sailors,10.423436164855955
filler,11,,,,,-1,6,fixed,15.711102485656738
filler,11,,,,,-1,7,the,1.5878978967666626
filler,11,,,,,-1,8,rudder,6.730492854723707
filler,11,,,,,-1,9,before,6.698473930358887
filler,11,,,,,-1,10,setting,6.768213272094727
filler,11,,,,,-1,11,sail.,3.553001880645752
filler,12,,,,,-1,0,The,11.09418487548828
filler,12,,,,,-1,1,student,12.457823753356934
filler,12,,,,,-1,2,felt,11.620600700378418
filler,12,,,,,-1,3,that,3.2127130031585693
filler,12,,,,,-1,4,he,2.4041907787323
filler,12,,,,,-1,5,hadn't,7.977276310673915
filler,12,,,,,-1,6,prepared,7.707464218139648
filler,12,,,,,-1,7,sufficiently,8.489922523498535
filler,12,,,,,-1,8,after,9.522940635681152
filler,12,,,,,-1,9,he,4.458957195281982
filler,12,,,,,-1,10,finished,6.281103610992432
filler,12,,,,,-1,11,the,2.8877015113830566
filler,12,,,,,-1,12,midterm.,11.539930820465088
filler,13,,,,,-1,0,The,11.09418487548828
filler,13,,,,,-1,1,boys,13.601824760437012
filler,13,,,,,-1,2,rode,11.508957862854004
filler,13,,,,,-1,3,their,3.571185350418091
filler,13,,,,,-1,4,bikes,1.0651696920394895
filler,13,,,,,-1,5,past,5.636881351470947
filler,13,,,,,-1,6,the,1.423119306564331
filler,13,,,,,-1,7,yellow,10.810361862182615
filler,13,,,,,-1,8,wall,6.654490470886231
filler,13,,,,,-1,9,that,4.95163631439209
filler,13,,,,,-1,10,stood,6.076716423034668
filler,13,,,,,-1,11,in,3.293899774551392
filler,13,,,,,-1,12,front,0.7138793468475342
filler,13,,,,,-1,13,of,0.0204645600169897
filler,13,,,,,-1,14,the,1.4122610092163086
filler,13,,,,,-1,15,old,7.929044246673584
filler,13,,,,,-1,16,factory.,9.020135164260864
filler,14,,,,,-1,0,The,11.09418487548828
filler,14,,,,,-1,1,desert,14.810029029846191
filler,14,,,,,-1,2,bandits,14.171964645385742
filler,14,,,,,-1,3,joked,19.326414108276367
filler,14,,,,,-1,4,that,2.4826478958129883
filler,14,,,,,-1,5,the,2.930232048034668
filler,14,,,,,-1,6,oasis,13.892406225204468
filler,14,,,,,-1,7,in,4.699380397796631
filler,14,,,,,-1,8,the,1.2811909914016724
filler,14,,,,,-1,9,horizon,12.31274700164795
filler,14,,,,,-1,10,was,1.1796964406967163
filler,14,,,,,-1,11,all,8.397574424743652
filler,14,,,,,-1,12,but,5.212653636932373
filler,14,,,,,-1,13,a,5.232565402984619
filler,14,,,,,-1,14,wild,9.051603317260742
filler,14,,,,,-1,15,fantasy.,7.097913861274719
filler,15,,,,,-1,0,The,11.09418487548828
filler,15,,,,,-1,1,carpenter,18.279234886169437
filler,15,,,,,-1,2,told,8.719162940979004
filler,15,,,,,-1,3,all,11.888354301452637
filler,15,,,,,-1,4,the,2.3832778930664062
filler,15,,,,,-1,5,disappointed,18.25569725036621
filler,15,,,,,-1,6,applicants,12.331910133361816
filler,15,,,,,-1,7,that,1.4949887990951538
filler,15,,,,,-1,8,he,1.8935482501983645
filler,15,,,,,-1,9,was,2.680860042572021
filler,15,,,,,-1,10,not,4.031790733337402
filler,15,,,,,-1,11,taking,7.958674430847168
filler,15,,,,,-1,12,any,3.0986156463623047
filler,15,,,,,-1,13,new,7.037067890167236
filler,15,,,,,-1,14,apprentices.,11.975473880767822
filler,16,,,,,-1,0,The,11.09418487548828
filler,16,,,,,-1,1,California,10.627850532531738
filler,16,,,,,-1,2,judges,14.385168075561523
filler,16,,,,,-1,3,requested,12.63724136352539
filler,16,,,,,-1,4,the,2.794153928756714
filler,16,,,,,-1,5,opinions,12.921923637390137
filler,16,,,,,-1,6,of,0.0871360450983047
filler,16,,,,,-1,7,various,9.004934310913086
filler,16,,,,,-1,8,industry,8.947346687316895
filler,16,,,,,-1,9,leaders.,7.417322874069214
filler,17,,,,,-1,0,The,11.09418487548828
filler,17,,,,,-1,1,dance,14.634050369262695
filler,17,,,,,-1,2,troupe,9.48896261677146
filler,17,,,,,-1,3,forgot,18.02219581604004
filler,17,,,,,-1,4,most,9.884682655334473
filler,17,,,,,-1,5,of,0.230847492814064
filler,17,,,,,-1,6,the,1.7677395343780518
filler,17,,,,,-1,7,steps,9.178689002990724
filler,17,,,,,-1,8,when,6.978962421417236
filler,17,,,,,-1,9,they,1.1254324913024902
filler,17,,,,,-1,10,performed,5.043202877044678
filler,17,,,,,-1,11,for,6.066502094268799
filler,17,,,,,-1,12,the,1.3900381326675415
filler,17,,,,,-1,13,prime,14.13258171081543
filler,17,,,,,-1,14,minister.,5.180469632148743
filler,18,,,,,-1,0,There,14.205613136291504
filler,18,,,,,-1,1,were,4.291388034820557
filler,18,,,,,-1,2,several,5.502068996429443
filler,18,,,,,-1,3,noblemen,18.793911695480347
filler,18,,,,,-1,4,who,2.119717836380005
filler,18,,,,,-1,5,kept,8.675333023071289
filler,18,,,,,-1,6,insisting,9.999241828918455
filler,18,,,,,-1,7,that,0.8653506636619568
filler,18,,,,,-1,8,the,1.9150227308273315
filler,18,,,,,-1,9,croutons,24.096260726451877
filler,18,,,,,-1,10,were,2.367967128753662
filler,18,,,,,-1,11,too,5.081264495849609
filler,18,,,,,-1,12,soft.,7.793505072593689
filler,19,,,,,-1,0,The,11.09418487548828
filler,19,,,,,-1,1,priest,14.940251350402832
filler,19,,,,,-1,2,checked,16.369226455688477
filler,19,,,,,-1,3,twice,13.395538330078123
filler,19,,,,,-1,4,that,5.61160945892334
filler,19,,,,,-1,5,he,2.300054788589477
filler,19,,,,,-1,6,had,2.4243996143341064
filler,19,,,,,-1,7,all,7.654950618743896
filler,19,,,,,-1,8,the,1.1146897077560425
filler,19,,,,,-1,9,supplies,9.141343116760254
filler,19,,,,,-1,10,ready,5.4083452224731445
filler,19,,,,,-1,11,for,2.770015954971313
filler,19,,,,,-1,12,the,2.0645182132720947
filler,19,,,,,-1,13,event,7.912247657775879
filler,19,,,,,-1,14,on,7.264062881469727
filler,19,,,,,-1,15,Sunday.,5.349777698516846
filler,20,,,,,-1,0,The,11.09418487548828
filler,20,,,,,-1,1,jeweler,20.399619579315186
filler,20,,,,,-1,2,showed,11.630859375
filler,20,,,,,-1,3,off,2.9690425395965576
filler,20,,,,,-1,4,his,2.291161060333252
filler,20,,,,,-1,5,collection,5.363194942474365
filler,20,,,,,-1,6,of,0.3909206986427307
filler,20,,,,,-1,7,rare,6.731241226196289
filler,20,,,,,-1,8,and,3.380722045898437
filler,20,,,,,-1,9,precious,5.916357040405273
filler,20,,,,,-1,10,stones,3.3221545219421387
filler,20,,,,,-1,11,at,3.40946102142334
filler,20,,,,,-1,12,the,1.215479850769043
filler,20,,,,,-1,13,convention.,13.587146520614624
filler,21,,,,,-1,0,The,11.09418487548828
filler,21,,,,,-1,1,serious,14.560050964355469
filler,21,,,,,-1,2,man,7.813295841217041
filler,21,,,,,-1,3,shifted,15.664257049560549
filler,21,,,,,-1,4,his,1.768399953842163
filler,21,,,,,-1,5,glasses,10.398681640625
filler,21,,,,,-1,6,to,2.6317362785339355
filler,21,,,,,-1,7,indicate,8.58220386505127
filler,21,,,,,-1,8,the,3.113882064819336
filler,21,,,,,-1,9,prisoners,14.57470703125
filler,21,,,,,-1,10,would,5.275855541229248
filler,21,,,,,-1,11,be,1.242633819580078
filler,21,,,,,-1,12,set,10.030094146728516
filler,21,,,,,-1,13,free.,1.6051567494869232
filler,22,,,,,-1,0,The,11.09418487548828
filler,22,,,,,-1,1,doctor,12.91012954711914
filler,22,,,,,-1,2,made,9.48385524749756
filler,22,,,,,-1,3,the,3.0531129837036133
filler,22,,,,,-1,4,nurse,13.560070037841797
filler,22,,,,,-1,5,administer,15.006143569946287
filler,22,,,,,-1,6,the,2.0473365783691406
filler,22,,,,,-1,7,shot,7.277909278869629
filler,22,,,,,-1,8,because,7.780142784118652
filler,22,,,,,-1,9,he,2.2863070964813232
filler,22,,,,,-1,10,didn't,4.8745992897311226
filler,22,,,,,-1,11,like,3.912971258163452
filler,22,,,,,-1,12,to,6.667984962463379
filler,22,,,,,-1,13,give,4.940001964569092
filler,22,,,,,-1,14,shots,9.343374252319336
filler,22,,,,,-1,15,to,1.2452313899993896
filler,22,,,,,-1,16,children.,6.197396159172058
filler,23,,,,,-1,0,The,11.09418487548828
filler,23,,,,,-1,1,football,13.120768547058104
filler,23,,,,,-1,2,player,7.503055572509766
filler,23,,,,,-1,3,performed,14.224038124084473
filler,23,,,,,-1,4,a,1.9934138059616089
filler,23,,,,,-1,5,humorous,13.1641845703125
filler,23,,,,,-1,6,victory,11.480669975280762
filler,23,,,,,-1,7,dance,2.801275491714477
filler,23,,,,,-1,8,at,3.2513911724090576
filler,23,,,,,-1,9,the,1.7307673692703247
filler,23,,,,,-1,10,end,4.026309013366699
filler,23,,,,,-1,11,zone.,19.47073602676392
filler,24,,,,,-1,0,The,11.09418487548828
filler,24,,,,,-1,1,journalists,15.755630493164062
filler,24,,,,,-1,2,were,4.531250476837158
filler,24,,,,,-1,3,riled,16.145741939544678
filler,24,,,,,-1,4,up,0.3379005193710327
filler,24,,,,,-1,5,to,6.175492286682129
filler,24,,,,,-1,6,hear,5.172940731048584
filler,24,,,,,-1,7,that,2.3411433696746826
filler,24,,,,,-1,8,the,2.4830331802368164
filler,24,,,,,-1,9,famous,13.07969570159912
filler,24,,,,,-1,10,British,6.716701030731201
filler,24,,,,,-1,11,actor,4.963655948638916
filler,24,,,,,-1,12,threw,13.336101531982422
filler,24,,,,,-1,13,a,1.6654634475708008
filler,24,,,,,-1,14,fit,6.032524108886719
filler,24,,,,,-1,15,on,4.62533712387085
filler,24,,,,,-1,16,the,2.091815233230591
filler,24,,,,,-1,17,set.,9.596731185913086
filler,25,,,,,-1,0,The,11.09418487548828
filler,25,,,,,-1,1,salesman,18.234315872192383
filler,25,,,,,-1,2,made,8.58792781829834
filler,25,,,,,-1,3,sure,5.70525598526001
filler,25,,,,,-1,4,that,2.533444881439209
filler,25,,,,,-1,5,there,5.341335296630859
filler,25,,,,,-1,6,were,1.8875164985656736
filler,25,,,,,-1,7,people,8.07606315612793
filler,25,,,,,-1,8,all,8.452223777770996
filler,25,,,,,-1,9,around,1.798822999000549
filler,25,,,,,-1,10,to,6.173367977142334
filler,25,,,,,-1,11,witness,8.238260269165039
filler,25,,,,,-1,12,his,3.3108174800872803
filler,25,,,,,-1,13,biggest,13.264678001403809
filler,25,,,,,-1,14,sale.,7.325238943099976
filler,26,,,,,-1,0,The,11.09418487548828
filler,26,,,,,-1,1,guides,18.058910369873047
filler,26,,,,,-1,2,were,5.427541255950928
filler,26,,,,,-1,3,in,8.328043937683105
filler,26,,,,,-1,4,the,3.230896234512329
filler,26,,,,,-1,5,process,5.502784252166748
filler,26,,,,,-1,6,of,0.0233070887625217
filler,26,,,,,-1,7,explaining,13.235895156860352
filler,26,,,,,-1,8,the,1.997596383094788
filler,26,,,,,-1,9,delay,15.169694900512695
filler,26,,,,,-1,10,when,7.369222640991211
filler,26,,,,,-1,11,the,3.07049298286438
filler,26,,,,,-1,12,boat,9.851540565490724
filler,26,,,,,-1,13,started,5.439725875854492
filler,26,,,,,-1,14,to,2.918608903884888
filler,26,,,,,-1,15,move,5.745453357696533
filler,26,,,,,-1,16,again.,7.572497844696045
filler,27,,,,,-1,0,The,11.09418487548828
filler,27,,,,,-1,1,detective's,19.46786880493164
filler,27,,,,,-1,2,computer,9.97434425354004
filler,27,,,,,-1,3,crashed,6.744471549987793
filler,27,,,,,-1,4,and,3.335010528564453
filler,27,,,,,-1,5,all,7.749279499053955
filler,27,,,,,-1,6,the,1.951499462127685
filler,27,,,,,-1,7,important,9.574376106262209
filler,27,,,,,-1,8,documents,3.5103392601013184
filler,27,,,,,-1,9,were,1.4593154191970823
filler,27,,,,,-1,10,lost.,2.462054133415222
filler,28,,,,,-1,0,The,11.09418487548828
filler,28,,,,,-1,1,chiefs,17.05585289001465
filler,28,,,,,-1,2,perform,16.188613891601562
filler,28,,,,,-1,3,a,2.4961533546447754
filler,28,,,,,-1,4,ceremony,4.014983177185059
filler,28,,,,,-1,5,for,3.254990339279175
filler,28,,,,,-1,6,each,9.121288299560549
filler,28,,,,,-1,7,family's,14.84646701812744
filler,28,,,,,-1,8,oldest,9.64191436767578
filler,28,,,,,-1,9,child,1.602283954620361
filler,28,,,,,-1,10,every,11.363006591796877
filler,28,,,,,-1,11,time,8.520642280578613
filler,28,,,,,-1,12,there,6.115218639373779
filler,28,,,,,-1,13,is,0.8982227444648743
filler,28,,,,,-1,14,a,0.6026822328567505
filler,28,,,,,-1,15,full,10.88111400604248
filler,28,,,,,-1,16,moon.,3.2750120162963867
filler,29,,,,,-1,0,The,11.09418487548828
filler,29,,,,,-1,1,saleslady,33.75496053695679
filler,29,,,,,-1,2,found,9.172558784484863
filler,29,,,,,-1,3,herself,3.066453456878662
filler,29,,,,,-1,4,surrounded,8.249696731567383
filler,29,,,,,-1,5,by,0.079255111515522
filler,29,,,,,-1,6,angry,6.719606876373291
filler,29,,,,,-1,7,shoppers,5.982607841491699
filler,29,,,,,-1,8,who,2.9759438037872314
filler,29,,,,,-1,9,wanted,5.101021766662598
filler,29,,,,,-1,10,their,6.625619411468506
filler,29,,,,,-1,11,money,1.7683448791503906
filler,29,,,,,-1,12,back.,0.8696653284132481
filler,30,,,,,-1,0,The,11.09418487548828
filler,30,,,,,-1,1,scientist,14.96828556060791
filler,30,,,,,-1,2,forgot,15.867664337158203
filler,30,,,,,-1,3,to,1.1469398736953735
filler,30,,,,,-1,4,make,6.5592474937438965
filler,30,,,,,-1,5,sure,1.8359382152557373
filler,30,,,,,-1,6,that,2.5350186824798584
filler,30,,,,,-1,7,the,1.932083368301392
filler,30,,,,,-1,8,temperature,7.729621410369873
filler,30,,,,,-1,9,was,2.060280561447144
filler,30,,,,,-1,10,set,5.911304950714111
filler,30,,,,,-1,11,to,1.6925294399261477
filler,30,,,,,-1,12,zero,2.728905200958252
filler,30,,,,,-1,13,degrees.,11.82636332511902
filler,31,,,,,-1,0,The,11.09418487548828
filler,31,,,,,-1,1,candy,16.889680862426758
filler,31,,,,,-1,2,shop,6.322863578796387
filler,31,,,,,-1,3,was,4.837737083435059
filler,31,,,,,-1,4,small,11.669944763183594
filler,31,,,,,-1,5,but,3.33764123916626
filler,31,,,,,-1,6,tidy,11.14923095703125
filler,31,,,,,-1,7,and,2.9822397232055664
filler,31,,,,,-1,8,smelled,7.325679302215576
filler,31,,,,,-1,9,deliciously,10.342029679566622
filler,31,,,,,-1,10,of,0.9858100414276124
filler,31,,,,,-1,11,chocolate.,5.670914649963379
filler,32,,,,,-1,0,The,11.09418487548828
filler,32,,,,,-1,1,virus,13.485767364501951
filler,32,,,,,-1,2,caused,7.635754585266113
filler,32,,,,,-1,3,an,4.983655452728272
filler,32,,,,,-1,4,unusual,7.157537937164307
filler,32,,,,,-1,5,amount,6.673598289489746
filler,32,,,,,-1,6,of,0.0053493482992053
filler,32,,,,,-1,7,workers,15.17612361907959
filler,32,,,,,-1,8,at,6.247246265411377
filler,32,,,,,-1,9,the,2.0138261318206787
filler,32,,,,,-1,10,city,9.13668727874756
filler,32,,,,,-1,11,hall,8.034225463867188
filler,32,,,,,-1,12,to,1.996671795845032
filler,32,,,,,-1,13,call,10.31332302093506
filler,32,,,,,-1,14,in,2.770015954971313
filler,32,,,,,-1,15,sick.,2.420954406261444
filler,33,,,,,-1,0,The,11.09418487548828
filler,33,,,,,-1,1,furious,16.844772338867188
filler,33,,,,,-1,2,man,7.404268741607666
filler,33,,,,,-1,3,standing,7.437344551086426
filler,33,,,,,-1,4,at,4.068234443664551
filler,33,,,,,-1,5,the,0.3492375910282135
filler,33,,,,,-1,6,mayor's,13.894674077630045
filler,33,,,,,-1,7,door,2.658252000808716
filler,33,,,,,-1,8,was,3.5760834217071533
filler,33,,,,,-1,9,angry,7.653156280517578
filler,33,,,,,-1,10,about,3.77360200881958
filler,33,,,,,-1,11,the,1.8199671506881716
filler,33,,,,,-1,12,high,9.953508377075195
filler,33,,,,,-1,13,cost,3.022656917572021
filler,33,,,,,-1,14,of,0.1026062220335006
filler,33,,,,,-1,15,electricity.,11.759947776794434
filler,34,,,,,-1,0,The,11.09418487548828
filler,34,,,,,-1,1,bartender,16.73126983642578
filler,34,,,,,-1,2,tried,9.043469429016112
filler,34,,,,,-1,3,several,9.026975631713867
filler,34,,,,,-1,4,times,2.527787208557129
filler,34,,,,,-1,5,to,0.465624451637268
filler,34,,,,,-1,6,get,3.1725378036499023
filler,34,,,,,-1,7,the,2.8205044269561768
filler,34,,,,,-1,8,woman,6.644914150238037
filler,34,,,,,-1,9,to,0.9039298295974731
filler,34,,,,,-1,10,order,8.988577842712402
filler,34,,,,,-1,11,from,6.226377487182617
filler,34,,,,,-1,12,the,2.266483783721924
filler,34,,,,,-1,13,secret,12.42144012451172
filler,34,,,,,-1,14,menu.,5.844988584518433
filler,35,,,,,-1,0,The,11.09418487548828
filler,35,,,,,-1,1,seamstress,22.1632091999054
filler,35,,,,,-1,2,fretted,19.02086329460144
filler,35,,,,,-1,3,over,1.560358643531799
filler,35,,,,,-1,4,whether,5.79404878616333
filler,35,,,,,-1,5,the,3.2516443729400635
filler,35,,,,,-1,6,dress,6.828421115875244
filler,35,,,,,-1,7,would,2.491387367248535
filler,35,,,,,-1,8,be,2.1005547046661377
filler,35,,,,,-1,9,finished,9.700371742248535
filler,35,,,,,-1,10,in,2.381516695022583
filler,35,,,,,-1,11,time.,5.313697099685669
