item_category,item,ambiguity,length,resolution,finality,critical_word_index,word_index,word,surprisal
critical,1,ambiguous,short,,final,6,0,As,18.901031494140625
critical,1,ambiguous,short,,final,6,1,the,2.5676872730255127
critical,1,ambiguous,short,,final,6,2,professor,12.772218704223633
critical,1,ambiguous,short,,final,6,3,wrote,7.167334079742432
critical,1,ambiguous,short,,final,6,4,the,6.36708927154541
critical,1,ambiguous,short,,final,6,5,textbook,9.06897258758545
critical,1,ambiguous,short,,final,6,6,grew.,21.516796112060547
critical,1,ambiguous,short,,nonfinal,6,0,As,18.901031494140625
critical,1,ambiguous,short,,nonfinal,6,1,the,2.5676872730255127
critical,1,ambiguous,short,,nonfinal,6,2,professor,12.772218704223633
critical,1,ambiguous,short,,nonfinal,6,3,wrote,7.167334079742432
critical,1,ambiguous,short,,nonfinal,6,4,the,6.36708927154541
critical,1,ambiguous,short,,nonfinal,6,5,textbook,9.06897258758545
critical,1,ambiguous,short,,nonfinal,6,6,grew,19.321229934692383
critical,1,ambiguous,short,,nonfinal,6,7,much,12.356597900390623
critical,1,ambiguous,short,,nonfinal,6,8,longer,4.153383731842041
critical,1,ambiguous,short,,nonfinal,6,9,than,5.69205904006958
critical,1,ambiguous,short,,nonfinal,6,10,expected.,6.118069529533386
critical,1,ambiguous,long,,final,8,0,As,18.901031494140625
critical,1,ambiguous,long,,final,8,1,the,2.5676872730255127
critical,1,ambiguous,long,,final,8,2,professor,12.772218704223633
critical,1,ambiguous,long,,final,8,3,wrote,7.167334079742432
critical,1,ambiguous,long,,final,8,4,the,6.36708927154541
critical,1,ambiguous,long,,final,8,5,textbook,9.06897258758545
critical,1,ambiguous,long,,final,8,6,on,5.33649206161499
critical,1,ambiguous,long,,final,8,7,biology,8.844079971313477
critical,1,ambiguous,long,,final,8,8,grew.,19.760448455810547
critical,1,ambiguous,long,,nonfinal,8,0,As,18.901031494140625
critical,1,ambiguous,long,,nonfinal,8,1,the,2.5676872730255127
critical,1,ambiguous,long,,nonfinal,8,2,professor,12.772218704223633
critical,1,ambiguous,long,,nonfinal,8,3,wrote,7.167334079742432
critical,1,ambiguous,long,,nonfinal,8,4,the,6.36708927154541
critical,1,ambiguous,long,,nonfinal,8,5,textbook,9.06897258758545
critical,1,ambiguous,long,,nonfinal,8,6,on,5.33649206161499
critical,1,ambiguous,long,,nonfinal,8,7,biology,8.844079971313477
critical,1,ambiguous,long,,nonfinal,8,8,grew,17.29155921936035
critical,1,ambiguous,long,,nonfinal,8,9,much,11.69724178314209
critical,1,ambiguous,long,,nonfinal,8,10,longer,3.027334928512573
critical,1,ambiguous,long,,nonfinal,8,11,than,4.389547348022461
critical,1,ambiguous,long,,nonfinal,8,12,expected.,7.31738018989563
critical,1,unambiguous,short,comma,final,6,0,As,18.901031494140625
critical,1,unambiguous,short,comma,final,6,1,the,2.5676872730255127
critical,1,unambiguous,short,comma,final,6,2,professor,12.772218704223633
critical,1,unambiguous,short,comma,final,6,3,"wrote,",8.275595784187317
critical,1,unambiguous,short,comma,final,6,4,the,4.353973388671875
critical,1,unambiguous,short,comma,final,6,5,textbook,10.99755573272705
critical,1,unambiguous,short,comma,final,6,6,grew.,20.890195846557617
critical,1,unambiguous,short,comma,nonfinal,6,0,As,18.901031494140625
critical,1,unambiguous,short,comma,nonfinal,6,1,the,2.5676872730255127
critical,1,unambiguous,short,comma,nonfinal,6,2,professor,12.772218704223633
critical,1,unambiguous,short,comma,nonfinal,6,3,"wrote,",8.275595784187317
critical,1,unambiguous,short,comma,nonfinal,6,4,the,4.353973388671875
critical,1,unambiguous,short,comma,nonfinal,6,5,textbook,10.99755573272705
critical,1,unambiguous,short,comma,nonfinal,6,6,grew,14.996138572692873
critical,1,unambiguous,short,comma,nonfinal,6,7,much,8.370695114135742
critical,1,unambiguous,short,comma,nonfinal,6,8,longer,4.25887393951416
critical,1,unambiguous,short,comma,nonfinal,6,9,than,4.162541389465332
critical,1,unambiguous,short,comma,nonfinal,6,10,expected.,7.834968090057373
critical,1,unambiguous,long,comma,final,8,0,As,18.901031494140625
critical,1,unambiguous,long,comma,final,8,1,the,2.5676872730255127
critical,1,unambiguous,long,comma,final,8,2,professor,12.772218704223633
critical,1,unambiguous,long,comma,final,8,3,"wrote,",8.275595784187317
critical,1,unambiguous,long,comma,final,8,4,the,4.353973388671875
critical,1,unambiguous,long,comma,final,8,5,textbook,10.99755573272705
critical,1,unambiguous,long,comma,final,8,6,on,6.093413829803467
critical,1,unambiguous,long,comma,final,8,7,biology,8.636093139648438
critical,1,unambiguous,long,comma,final,8,8,grew.,17.71263837814331
critical,1,unambiguous,long,comma,nonfinal,8,0,As,18.901031494140625
critical,1,unambiguous,long,comma,nonfinal,8,1,the,2.5676872730255127
critical,1,unambiguous,long,comma,nonfinal,8,2,professor,12.772218704223633
critical,1,unambiguous,long,comma,nonfinal,8,3,"wrote,",8.275595784187317
critical,1,unambiguous,long,comma,nonfinal,8,4,the,4.353973388671875
critical,1,unambiguous,long,comma,nonfinal,8,5,textbook,10.99755573272705
critical,1,unambiguous,long,comma,nonfinal,8,6,on,6.093413829803467
critical,1,unambiguous,long,comma,nonfinal,8,7,biology,8.636093139648438
critical,1,unambiguous,long,comma,nonfinal,8,8,grew,13.574048042297363
critical,1,unambiguous,long,comma,nonfinal,8,9,much,7.763819694519043
critical,1,unambiguous,long,comma,nonfinal,8,10,longer,3.5880699157714844
critical,1,unambiguous,long,comma,nonfinal,8,11,than,3.810673236846924
critical,1,unambiguous,long,comma,nonfinal,8,12,expected.,8.400634050369263
critical,1,unambiguous,short,object,final,9,0,As,18.901031494140625
critical,1,unambiguous,short,object,final,9,1,the,2.5676872730255127
critical,1,unambiguous,short,object,final,9,2,professor,12.772218704223633
critical,1,unambiguous,short,object,final,9,3,wrote,7.167334079742432
critical,1,unambiguous,short,object,final,9,4,the,6.36708927154541
critical,1,unambiguous,short,object,final,9,5,new,7.998926639556885
critical,1,unambiguous,short,object,final,9,6,chapter,5.881377220153809
critical,1,unambiguous,short,object,final,9,7,the,10.309669494628906
critical,1,unambiguous,short,object,final,9,8,textbook,9.862701416015623
critical,1,unambiguous,short,object,final,9,9,grew.,14.60517418384552
critical,1,unambiguous,short,object,nonfinal,9,0,As,18.901031494140625
critical,1,unambiguous,short,object,nonfinal,9,1,the,2.5676872730255127
critical,1,unambiguous,short,object,nonfinal,9,2,professor,12.772218704223633
critical,1,unambiguous,short,object,nonfinal,9,3,wrote,7.167334079742432
critical,1,unambiguous,short,object,nonfinal,9,4,the,6.36708927154541
critical,1,unambiguous,short,object,nonfinal,9,5,new,7.998926639556885
critical,1,unambiguous,short,object,nonfinal,9,6,chapter,5.881377220153809
critical,1,unambiguous,short,object,nonfinal,9,7,the,10.309669494628906
critical,1,unambiguous,short,object,nonfinal,9,8,textbook,9.862701416015623
critical,1,unambiguous,short,object,nonfinal,9,9,grew,13.372050285339355
critical,1,unambiguous,short,object,nonfinal,9,10,much,12.520029067993164
critical,1,unambiguous,short,object,nonfinal,9,11,longer,3.68264102935791
critical,1,unambiguous,short,object,nonfinal,9,12,than,5.1987738609313965
critical,1,unambiguous,short,object,nonfinal,9,13,expected.,5.711959362030029
critical,1,unambiguous,long,object,final,11,0,As,18.901031494140625
critical,1,unambiguous,long,object,final,11,1,the,2.5676872730255127
critical,1,unambiguous,long,object,final,11,2,professor,12.772218704223633
critical,1,unambiguous,long,object,final,11,3,wrote,7.167334079742432
critical,1,unambiguous,long,object,final,11,4,the,6.36708927154541
critical,1,unambiguous,long,object,final,11,5,new,7.998926639556885
critical,1,unambiguous,long,object,final,11,6,chapter,5.881377220153809
critical,1,unambiguous,long,object,final,11,7,the,10.309669494628906
critical,1,unambiguous,long,object,final,11,8,textbook,9.862701416015623
critical,1,unambiguous,long,object,final,11,9,on,6.62156867980957
critical,1,unambiguous,long,object,final,11,10,biology,8.50383472442627
critical,1,unambiguous,long,object,final,11,11,grew.,14.892585754394531
critical,1,unambiguous,long,object,nonfinal,11,0,As,18.901031494140625
critical,1,unambiguous,long,object,nonfinal,11,1,the,2.5676872730255127
critical,1,unambiguous,long,object,nonfinal,11,2,professor,12.772218704223633
critical,1,unambiguous,long,object,nonfinal,11,3,wrote,7.167334079742432
critical,1,unambiguous,long,object,nonfinal,11,4,the,6.36708927154541
critical,1,unambiguous,long,object,nonfinal,11,5,new,7.998926639556885
critical,1,unambiguous,long,object,nonfinal,11,6,chapter,5.881377220153809
critical,1,unambiguous,long,object,nonfinal,11,7,the,10.309669494628906
critical,1,unambiguous,long,object,nonfinal,11,8,textbook,9.862701416015623
critical,1,unambiguous,long,object,nonfinal,11,9,on,6.62156867980957
critical,1,unambiguous,long,object,nonfinal,11,10,biology,8.50383472442627
critical,1,unambiguous,long,object,nonfinal,11,11,grew,13.751919746398926
critical,1,unambiguous,long,object,nonfinal,11,12,much,11.31103229522705
critical,1,unambiguous,long,object,nonfinal,11,13,longer,3.0736517906188965
critical,1,unambiguous,long,object,nonfinal,11,14,than,4.078888893127441
critical,1,unambiguous,long,object,nonfinal,11,15,expected.,6.839769124984741
critical,2,ambiguous,short,,final,6,0,While,20.36468315124512
critical,2,ambiguous,short,,final,6,1,the,2.3838281631469727
critical,2,ambiguous,short,,final,6,2,mom,14.977823257446287
critical,2,ambiguous,short,,final,6,3,dressed,13.547632217407228
critical,2,ambiguous,short,,final,6,4,the,3.854348659515381
critical,2,ambiguous,short,,final,6,5,baby,4.525152206420898
critical,2,ambiguous,short,,final,6,6,cried.,16.6167049407959
critical,2,ambiguous,short,,nonfinal,6,0,While,20.36468315124512
critical,2,ambiguous,short,,nonfinal,6,1,the,2.3838281631469727
critical,2,ambiguous,short,,nonfinal,6,2,mom,14.977823257446287
critical,2,ambiguous,short,,nonfinal,6,3,dressed,13.547632217407228
critical,2,ambiguous,short,,nonfinal,6,4,the,3.854348659515381
critical,2,ambiguous,short,,nonfinal,6,5,baby,4.525152206420898
critical,2,ambiguous,short,,nonfinal,6,6,cried,13.266736030578612
critical,2,ambiguous,short,,nonfinal,6,7,loudly,7.56270170211792
critical,2,ambiguous,short,,nonfinal,6,8,in,4.618667125701904
critical,2,ambiguous,short,,nonfinal,6,9,her,2.9711556434631348
critical,2,ambiguous,short,,nonfinal,6,10,crib.,12.360472679138184
critical,2,ambiguous,long,,final,8,0,While,20.36468315124512
critical,2,ambiguous,long,,final,8,1,the,2.3838281631469727
critical,2,ambiguous,long,,final,8,2,mom,14.977823257446287
critical,2,ambiguous,long,,final,8,3,dressed,13.547632217407228
critical,2,ambiguous,long,,final,8,4,the,3.854348659515381
critical,2,ambiguous,long,,final,8,5,baby,4.525152206420898
critical,2,ambiguous,long,,final,8,6,fidgeting,21.43384790420532
critical,2,ambiguous,long,,final,8,7,restlessly,16.829446226358414
critical,2,ambiguous,long,,final,8,8,cried.,18.560609579086304
critical,2,ambiguous,long,,nonfinal,8,0,While,20.36468315124512
critical,2,ambiguous,long,,nonfinal,8,1,the,2.3838281631469727
critical,2,ambiguous,long,,nonfinal,8,2,mom,14.977823257446287
critical,2,ambiguous,long,,nonfinal,8,3,dressed,13.547632217407228
critical,2,ambiguous,long,,nonfinal,8,4,the,3.854348659515381
critical,2,ambiguous,long,,nonfinal,8,5,baby,4.525152206420898
critical,2,ambiguous,long,,nonfinal,8,6,fidgeting,21.43384790420532
critical,2,ambiguous,long,,nonfinal,8,7,restlessly,16.829446226358414
critical,2,ambiguous,long,,nonfinal,8,8,cried,15.377769470214844
critical,2,ambiguous,long,,nonfinal,8,9,loudly,8.972816467285156
critical,2,ambiguous,long,,nonfinal,8,10,in,4.237212181091309
critical,2,ambiguous,long,,nonfinal,8,11,her,3.253988742828369
critical,2,ambiguous,long,,nonfinal,8,12,crib.,13.386138677597046
critical,2,unambiguous,short,comma,final,6,0,While,20.36468315124512
critical,2,unambiguous,short,comma,final,6,1,the,2.3838281631469727
critical,2,unambiguous,short,comma,final,6,2,mom,14.977823257446287
critical,2,unambiguous,short,comma,final,6,3,"dressed,",21.456214427948
critical,2,unambiguous,short,comma,final,6,4,the,2.493720769882202
critical,2,unambiguous,short,comma,final,6,5,baby,5.708965301513672
critical,2,unambiguous,short,comma,final,6,6,cried.,12.453810930252075
critical,2,unambiguous,short,comma,nonfinal,6,0,While,20.36468315124512
critical,2,unambiguous,short,comma,nonfinal,6,1,the,2.3838281631469727
critical,2,unambiguous,short,comma,nonfinal,6,2,mom,14.977823257446287
critical,2,unambiguous,short,comma,nonfinal,6,3,"dressed,",21.456214427948
critical,2,unambiguous,short,comma,nonfinal,6,4,the,2.493720769882202
critical,2,unambiguous,short,comma,nonfinal,6,5,baby,5.708965301513672
critical,2,unambiguous,short,comma,nonfinal,6,6,cried,9.782042503356934
critical,2,unambiguous,short,comma,nonfinal,6,7,loudly,7.068360328674316
critical,2,unambiguous,short,comma,nonfinal,6,8,in,4.465274810791016
critical,2,unambiguous,short,comma,nonfinal,6,9,her,3.1948156356811523
critical,2,unambiguous,short,comma,nonfinal,6,10,crib.,11.50422489643097
critical,2,unambiguous,long,comma,final,8,0,While,20.36468315124512
critical,2,unambiguous,long,comma,final,8,1,the,2.3838281631469727
critical,2,unambiguous,long,comma,final,8,2,mom,14.977823257446287
critical,2,unambiguous,long,comma,final,8,3,"dressed,",21.456214427948
critical,2,unambiguous,long,comma,final,8,4,the,2.493720769882202
critical,2,unambiguous,long,comma,final,8,5,baby,5.708965301513672
critical,2,unambiguous,long,comma,final,8,6,fidgeting,20.905869483947757
critical,2,unambiguous,long,comma,final,8,7,restlessly,16.346551924943924
critical,2,unambiguous,long,comma,final,8,8,cried.,18.009384632110596
critical,2,unambiguous,long,comma,nonfinal,8,0,While,20.36468315124512
critical,2,unambiguous,long,comma,nonfinal,8,1,the,2.3838281631469727
critical,2,unambiguous,long,comma,nonfinal,8,2,mom,14.977823257446287
critical,2,unambiguous,long,comma,nonfinal,8,3,"dressed,",21.456214427948
critical,2,unambiguous,long,comma,nonfinal,8,4,the,2.493720769882202
critical,2,unambiguous,long,comma,nonfinal,8,5,baby,5.708965301513672
critical,2,unambiguous,long,comma,nonfinal,8,6,fidgeting,20.905869483947757
critical,2,unambiguous,long,comma,nonfinal,8,7,restlessly,16.346551924943924
critical,2,unambiguous,long,comma,nonfinal,8,8,cried,14.621904373168944
critical,2,unambiguous,long,comma,nonfinal,8,9,loudly,8.81396484375
critical,2,unambiguous,long,comma,nonfinal,8,10,in,3.959310293197632
critical,2,unambiguous,long,comma,nonfinal,8,11,her,3.412311792373657
critical,2,unambiguous,long,comma,nonfinal,8,12,crib.,11.979722499847412
critical,2,unambiguous,short,object,final,7,0,While,20.36468315124512
critical,2,unambiguous,short,object,final,7,1,the,2.3838281631469727
critical,2,unambiguous,short,object,final,7,2,mom,14.977823257446287
critical,2,unambiguous,short,object,final,7,3,dressed,13.547632217407228
critical,2,unambiguous,short,object,final,7,4,herself,8.099485397338867
critical,2,unambiguous,short,object,final,7,5,the,7.601269721984863
critical,2,unambiguous,short,object,final,7,6,baby,6.052380561828613
critical,2,unambiguous,short,object,final,7,7,cried.,14.780579328536987
critical,2,unambiguous,short,object,nonfinal,7,0,While,20.36468315124512
critical,2,unambiguous,short,object,nonfinal,7,1,the,2.3838281631469727
critical,2,unambiguous,short,object,nonfinal,7,2,mom,14.977823257446287
critical,2,unambiguous,short,object,nonfinal,7,3,dressed,13.547632217407228
critical,2,unambiguous,short,object,nonfinal,7,4,herself,8.099485397338867
critical,2,unambiguous,short,object,nonfinal,7,5,the,7.601269721984863
critical,2,unambiguous,short,object,nonfinal,7,6,baby,6.052380561828613
critical,2,unambiguous,short,object,nonfinal,7,7,cried,11.206598281860352
critical,2,unambiguous,short,object,nonfinal,7,8,loudly,7.853811740875244
critical,2,unambiguous,short,object,nonfinal,7,9,in,4.581507682800293
critical,2,unambiguous,short,object,nonfinal,7,10,her,2.989647388458252
critical,2,unambiguous,short,object,nonfinal,7,11,crib.,11.769623041152954
critical,2,unambiguous,long,object,final,9,0,While,20.36468315124512
critical,2,unambiguous,long,object,final,9,1,the,2.3838281631469727
critical,2,unambiguous,long,object,final,9,2,mom,14.977823257446287
critical,2,unambiguous,long,object,final,9,3,dressed,13.547632217407228
critical,2,unambiguous,long,object,final,9,4,herself,8.099485397338867
critical,2,unambiguous,long,object,final,9,5,the,7.601269721984863
critical,2,unambiguous,long,object,final,9,6,baby,6.052380561828613
critical,2,unambiguous,long,object,final,9,7,fidgeting,19.569721460342407
critical,2,unambiguous,long,object,final,9,8,restlessly,16.661260783672333
critical,2,unambiguous,long,object,final,9,9,cried.,18.433634042739868
critical,2,unambiguous,long,object,nonfinal,9,0,While,20.36468315124512
critical,2,unambiguous,long,object,nonfinal,9,1,the,2.3838281631469727
critical,2,unambiguous,long,object,nonfinal,9,2,mom,14.977823257446287
critical,2,unambiguous,long,object,nonfinal,9,3,dressed,13.547632217407228
critical,2,unambiguous,long,object,nonfinal,9,4,herself,8.099485397338867
critical,2,unambiguous,long,object,nonfinal,9,5,the,7.601269721984863
critical,2,unambiguous,long,object,nonfinal,9,6,baby,6.052380561828613
critical,2,unambiguous,long,object,nonfinal,9,7,fidgeting,19.569721460342407
critical,2,unambiguous,long,object,nonfinal,9,8,restlessly,16.661260783672333
critical,2,unambiguous,long,object,nonfinal,9,9,cried,15.07697296142578
critical,2,unambiguous,long,object,nonfinal,9,10,loudly,8.987433433532715
critical,2,unambiguous,long,object,nonfinal,9,11,in,4.113406658172607
critical,2,unambiguous,long,object,nonfinal,9,12,her,3.069777488708496
critical,2,unambiguous,long,object,nonfinal,9,13,crib.,12.788244247436523
critical,3,ambiguous,short,,final,7,0,When,18.16841125488281
critical,3,ambiguous,short,,final,7,1,the,2.4512782096862797
critical,3,ambiguous,short,,final,7,2,stern,15.176651000976562
critical,3,ambiguous,short,,final,7,3,boss,13.406919479370115
critical,3,ambiguous,short,,final,7,4,entered,8.65810775756836
critical,3,ambiguous,short,,final,7,5,the,1.4324805736541748
critical,3,ambiguous,short,,final,7,6,office,5.186094284057617
critical,3,ambiguous,short,,final,7,7,quieted.,28.64433002471924
critical,3,ambiguous,short,,nonfinal,7,0,When,18.16841125488281
critical,3,ambiguous,short,,nonfinal,7,1,the,2.4512782096862797
critical,3,ambiguous,short,,nonfinal,7,2,stern,15.176651000976562
critical,3,ambiguous,short,,nonfinal,7,3,boss,13.406919479370115
critical,3,ambiguous,short,,nonfinal,7,4,entered,8.65810775756836
critical,3,ambiguous,short,,nonfinal,7,5,the,1.4324805736541748
critical,3,ambiguous,short,,nonfinal,7,6,office,5.186094284057617
critical,3,ambiguous,short,,nonfinal,7,7,quieted,24.351819038391117
critical,3,ambiguous,short,,nonfinal,7,8,down,3.8240575790405273
critical,3,ambiguous,short,,nonfinal,7,9,quickly.,15.579768180847168
critical,3,ambiguous,long,,final,10,0,When,18.16841125488281
critical,3,ambiguous,long,,final,10,1,the,2.4512782096862797
critical,3,ambiguous,long,,final,10,2,stern,15.176651000976562
critical,3,ambiguous,long,,final,10,3,boss,13.406919479370115
critical,3,ambiguous,long,,final,10,4,entered,8.65810775756836
critical,3,ambiguous,long,,final,10,5,the,1.4324805736541748
critical,3,ambiguous,long,,final,10,6,office,5.186094284057617
critical,3,ambiguous,long,,final,10,7,bustling,27.2393217086792
critical,3,ambiguous,long,,final,10,8,with,0.5094869136810303
critical,3,ambiguous,long,,final,10,9,activity,8.650006294250488
critical,3,ambiguous,long,,final,10,10,quieted.,29.49846363067627
critical,3,ambiguous,long,,nonfinal,10,0,When,18.16841125488281
critical,3,ambiguous,long,,nonfinal,10,1,the,2.4512782096862797
critical,3,ambiguous,long,,nonfinal,10,2,stern,15.176651000976562
critical,3,ambiguous,long,,nonfinal,10,3,boss,13.406919479370115
critical,3,ambiguous,long,,nonfinal,10,4,entered,8.65810775756836
critical,3,ambiguous,long,,nonfinal,10,5,the,1.4324805736541748
critical,3,ambiguous,long,,nonfinal,10,6,office,5.186094284057617
critical,3,ambiguous,long,,nonfinal,10,7,bustling,27.2393217086792
critical,3,ambiguous,long,,nonfinal,10,8,with,0.5094869136810303
critical,3,ambiguous,long,,nonfinal,10,9,activity,8.650006294250488
critical,3,ambiguous,long,,nonfinal,10,10,quieted,23.85060834884644
critical,3,ambiguous,long,,nonfinal,10,11,down,3.577503204345703
critical,3,ambiguous,long,,nonfinal,10,12,quickly.,14.998956203460692
critical,3,unambiguous,short,comma,final,7,0,When,18.16841125488281
critical,3,unambiguous,short,comma,final,7,1,the,2.4512782096862797
critical,3,unambiguous,short,comma,final,7,2,stern,15.176651000976562
critical,3,unambiguous,short,comma,final,7,3,boss,13.406919479370115
critical,3,unambiguous,short,comma,final,7,4,"entered,",10.777065992355348
critical,3,unambiguous,short,comma,final,7,5,the,2.1399154663085938
critical,3,unambiguous,short,comma,final,7,6,office,11.17172908782959
critical,3,unambiguous,short,comma,final,7,7,quieted.,19.791796803474423
critical,3,unambiguous,short,comma,nonfinal,7,0,When,18.16841125488281
critical,3,unambiguous,short,comma,nonfinal,7,1,the,2.4512782096862797
critical,3,unambiguous,short,comma,nonfinal,7,2,stern,15.176651000976562
critical,3,unambiguous,short,comma,nonfinal,7,3,boss,13.406919479370115
critical,3,unambiguous,short,comma,nonfinal,7,4,"entered,",10.777065992355348
critical,3,unambiguous,short,comma,nonfinal,7,5,the,2.1399154663085938
critical,3,unambiguous,short,comma,nonfinal,7,6,office,11.17172908782959
critical,3,unambiguous,short,comma,nonfinal,7,7,quieted,17.56435453891754
critical,3,unambiguous,short,comma,nonfinal,7,8,down,3.150259733200073
critical,3,unambiguous,short,comma,nonfinal,7,9,quickly.,11.004599809646606
critical,3,unambiguous,long,comma,final,10,0,When,18.16841125488281
critical,3,unambiguous,long,comma,final,10,1,the,2.4512782096862797
critical,3,unambiguous,long,comma,final,10,2,stern,15.176651000976562
critical,3,unambiguous,long,comma,final,10,3,boss,13.406919479370115
critical,3,unambiguous,long,comma,final,10,4,"entered,",10.777065992355348
critical,3,unambiguous,long,comma,final,10,5,the,2.1399154663085938
critical,3,unambiguous,long,comma,final,10,6,office,11.17172908782959
critical,3,unambiguous,long,comma,final,10,7,bustling,18.72175073623657
critical,3,unambiguous,long,comma,final,10,8,with,0.2808958292007446
critical,3,unambiguous,long,comma,final,10,9,activity,8.51492977142334
critical,3,unambiguous,long,comma,final,10,10,quieted.,25.09306645393372
critical,3,unambiguous,long,comma,nonfinal,10,0,When,18.16841125488281
critical,3,unambiguous,long,comma,nonfinal,10,1,the,2.4512782096862797
critical,3,unambiguous,long,comma,nonfinal,10,2,stern,15.176651000976562
critical,3,unambiguous,long,comma,nonfinal,10,3,boss,13.406919479370115
critical,3,unambiguous,long,comma,nonfinal,10,4,"entered,",10.777065992355348
critical,3,unambiguous,long,comma,nonfinal,10,5,the,2.1399154663085938
critical,3,unambiguous,long,comma,nonfinal,10,6,office,11.17172908782959
critical,3,unambiguous,long,comma,nonfinal,10,7,bustling,18.72175073623657
critical,3,unambiguous,long,comma,nonfinal,10,8,with,0.2808958292007446
critical,3,unambiguous,long,comma,nonfinal,10,9,activity,8.51492977142334
critical,3,unambiguous,long,comma,nonfinal,10,10,quieted,22.098135948181152
critical,3,unambiguous,long,comma,nonfinal,10,11,down,2.814065456390381
critical,3,unambiguous,long,comma,nonfinal,10,12,quickly.,10.554110288619995
critical,3,unambiguous,short,object,final,9,0,When,18.16841125488281
critical,3,unambiguous,short,object,final,9,1,the,2.4512782096862797
critical,3,unambiguous,short,object,final,9,2,stern,15.176651000976562
critical,3,unambiguous,short,object,final,9,3,boss,13.406919479370115
critical,3,unambiguous,short,object,final,9,4,entered,8.65810775756836
critical,3,unambiguous,short,object,final,9,5,the,1.4324805736541748
critical,3,unambiguous,short,object,final,9,6,room,3.34926438331604
critical,3,unambiguous,short,object,final,9,7,the,6.58722734451294
critical,3,unambiguous,short,object,final,9,8,office,10.257892608642578
critical,3,unambiguous,short,object,final,9,9,quieted.,20.798089265823364
critical,3,unambiguous,short,object,nonfinal,9,0,When,18.16841125488281
critical,3,unambiguous,short,object,nonfinal,9,1,the,2.4512782096862797
critical,3,unambiguous,short,object,nonfinal,9,2,stern,15.176651000976562
critical,3,unambiguous,short,object,nonfinal,9,3,boss,13.406919479370115
critical,3,unambiguous,short,object,nonfinal,9,4,entered,8.65810775756836
critical,3,unambiguous,short,object,nonfinal,9,5,the,1.4324805736541748
critical,3,unambiguous,short,object,nonfinal,9,6,room,3.34926438331604
critical,3,unambiguous,short,object,nonfinal,9,7,the,6.58722734451294
critical,3,unambiguous,short,object,nonfinal,9,8,office,10.257892608642578
critical,3,unambiguous,short,object,nonfinal,9,9,quieted,17.391765117645264
critical,3,unambiguous,short,object,nonfinal,9,10,down,3.120497226715088
critical,3,unambiguous,short,object,nonfinal,9,11,quickly.,12.719209671020508
critical,3,unambiguous,long,object,final,12,0,When,18.16841125488281
critical,3,unambiguous,long,object,final,12,1,the,2.4512782096862797
critical,3,unambiguous,long,object,final,12,2,stern,15.176651000976562
critical,3,unambiguous,long,object,final,12,3,boss,13.406919479370115
critical,3,unambiguous,long,object,final,12,4,entered,8.65810775756836
critical,3,unambiguous,long,object,final,12,5,the,1.4324805736541748
critical,3,unambiguous,long,object,final,12,6,room,3.34926438331604
critical,3,unambiguous,long,object,final,12,7,the,6.58722734451294
critical,3,unambiguous,long,object,final,12,8,office,10.257892608642578
critical,3,unambiguous,long,object,final,12,9,bustling,19.92581605911255
critical,3,unambiguous,long,object,final,12,10,with,0.2616997957229614
critical,3,unambiguous,long,object,final,12,11,activity,8.640144348144531
critical,3,unambiguous,long,object,final,12,12,quieted.,25.24469828605652
critical,3,unambiguous,long,object,nonfinal,12,0,When,18.16841125488281
critical,3,unambiguous,long,object,nonfinal,12,1,the,2.4512782096862797
critical,3,unambiguous,long,object,nonfinal,12,2,stern,15.176651000976562
critical,3,unambiguous,long,object,nonfinal,12,3,boss,13.406919479370115
critical,3,unambiguous,long,object,nonfinal,12,4,entered,8.65810775756836
critical,3,unambiguous,long,object,nonfinal,12,5,the,1.4324805736541748
critical,3,unambiguous,long,object,nonfinal,12,6,room,3.34926438331604
critical,3,unambiguous,long,object,nonfinal,12,7,the,6.58722734451294
critical,3,unambiguous,long,object,nonfinal,12,8,office,10.257892608642578
critical,3,unambiguous,long,object,nonfinal,12,9,bustling,19.92581605911255
critical,3,unambiguous,long,object,nonfinal,12,10,with,0.2616997957229614
critical,3,unambiguous,long,object,nonfinal,12,11,activity,8.640144348144531
critical,3,unambiguous,long,object,nonfinal,12,12,quieted,21.83344316482544
critical,3,unambiguous,long,object,nonfinal,12,13,down,2.904409885406494
critical,3,unambiguous,long,object,nonfinal,12,14,quickly.,12.77327561378479
critical,4,ambiguous,short,,final,6,0,After,18.362133026123047
critical,4,ambiguous,short,,final,6,1,the,3.560596704483032
critical,4,ambiguous,short,,final,6,2,politician,17.111927032470703
critical,4,ambiguous,short,,final,6,3,signed,9.102081298828123
critical,4,ambiguous,short,,final,6,4,the,2.1365692615509038
critical,4,ambiguous,short,,final,6,5,bill,5.384570121765137
critical,4,ambiguous,short,,final,6,6,passed.,14.962677478790283
critical,4,ambiguous,short,,nonfinal,6,0,After,18.362133026123047
critical,4,ambiguous,short,,nonfinal,6,1,the,3.560596704483032
critical,4,ambiguous,short,,nonfinal,6,2,politician,17.111927032470703
critical,4,ambiguous,short,,nonfinal,6,3,signed,9.102081298828123
critical,4,ambiguous,short,,nonfinal,6,4,the,2.1365692615509038
critical,4,ambiguous,short,,nonfinal,6,5,bill,5.384570121765137
critical,4,ambiguous,short,,nonfinal,6,6,passed,10.52012062072754
critical,4,ambiguous,short,,nonfinal,6,7,unanimously,7.67734956741333
critical,4,ambiguous,short,,nonfinal,6,8,without,8.669730186462402
critical,4,ambiguous,short,,nonfinal,6,9,amendments.,14.481896877288818
critical,4,ambiguous,long,,final,8,0,After,18.362133026123047
critical,4,ambiguous,long,,final,8,1,the,3.560596704483032
critical,4,ambiguous,long,,final,8,2,politician,17.111927032470703
critical,4,ambiguous,long,,final,8,3,signed,9.102081298828123
critical,4,ambiguous,long,,final,8,4,the,2.1365692615509038
critical,4,ambiguous,long,,final,8,5,bill,5.384570121765137
critical,4,ambiguous,long,,final,8,6,increasing,16.909223556518555
critical,4,ambiguous,long,,final,8,7,taxes,7.42674446105957
critical,4,ambiguous,long,,final,8,8,passed.,15.996092796325684
critical,4,ambiguous,long,,nonfinal,8,0,After,18.362133026123047
critical,4,ambiguous,long,,nonfinal,8,1,the,3.560596704483032
critical,4,ambiguous,long,,nonfinal,8,2,politician,17.111927032470703
critical,4,ambiguous,long,,nonfinal,8,3,signed,9.102081298828123
critical,4,ambiguous,long,,nonfinal,8,4,the,2.1365692615509038
critical,4,ambiguous,long,,nonfinal,8,5,bill,5.384570121765137
critical,4,ambiguous,long,,nonfinal,8,6,increasing,16.909223556518555
critical,4,ambiguous,long,,nonfinal,8,7,taxes,7.42674446105957
critical,4,ambiguous,long,,nonfinal,8,8,passed,12.584661483764648
critical,4,ambiguous,long,,nonfinal,8,9,unanimously,11.417226791381836
critical,4,ambiguous,long,,nonfinal,8,10,without,9.306193351745604
critical,4,ambiguous,long,,nonfinal,8,11,amendments.,14.087233901023865
critical,4,unambiguous,short,comma,final,6,0,After,18.362133026123047
critical,4,unambiguous,short,comma,final,6,1,the,3.560596704483032
critical,4,unambiguous,short,comma,final,6,2,politician,17.111927032470703
critical,4,unambiguous,short,comma,final,6,3,"signed,",15.33338975906372
critical,4,unambiguous,short,comma,final,6,4,the,1.6189813613891602
critical,4,unambiguous,short,comma,final,6,5,bill,9.646790504455566
critical,4,unambiguous,short,comma,final,6,6,passed.,9.59536600112915
critical,4,unambiguous,short,comma,nonfinal,6,0,After,18.362133026123047
critical,4,unambiguous,short,comma,nonfinal,6,1,the,3.560596704483032
critical,4,unambiguous,short,comma,nonfinal,6,2,politician,17.111927032470703
critical,4,unambiguous,short,comma,nonfinal,6,3,"signed,",15.33338975906372
critical,4,unambiguous,short,comma,nonfinal,6,4,the,1.6189813613891602
critical,4,unambiguous,short,comma,nonfinal,6,5,bill,9.646790504455566
critical,4,unambiguous,short,comma,nonfinal,6,6,passed,4.317870616912842
critical,4,unambiguous,short,comma,nonfinal,6,7,unanimously,7.0518059730529785
critical,4,unambiguous,short,comma,nonfinal,6,8,without,7.627334117889404
critical,4,unambiguous,short,comma,nonfinal,6,9,amendments.,12.416475653648376
critical,4,unambiguous,long,comma,final,8,0,After,18.362133026123047
critical,4,unambiguous,long,comma,final,8,1,the,3.560596704483032
critical,4,unambiguous,long,comma,final,8,2,politician,17.111927032470703
critical,4,unambiguous,long,comma,final,8,3,"signed,",15.33338975906372
critical,4,unambiguous,long,comma,final,8,4,the,1.6189813613891602
critical,4,unambiguous,long,comma,final,8,5,bill,9.646790504455566
critical,4,unambiguous,long,comma,final,8,6,increasing,17.34192657470703
critical,4,unambiguous,long,comma,final,8,7,taxes,6.9464921951293945
critical,4,unambiguous,long,comma,final,8,8,passed.,15.324231624603271
critical,4,unambiguous,long,comma,nonfinal,8,0,After,18.362133026123047
critical,4,unambiguous,long,comma,nonfinal,8,1,the,3.560596704483032
critical,4,unambiguous,long,comma,nonfinal,8,2,politician,17.111927032470703
critical,4,unambiguous,long,comma,nonfinal,8,3,"signed,",15.33338975906372
critical,4,unambiguous,long,comma,nonfinal,8,4,the,1.6189813613891602
critical,4,unambiguous,long,comma,nonfinal,8,5,bill,9.646790504455566
critical,4,unambiguous,long,comma,nonfinal,8,6,increasing,17.34192657470703
critical,4,unambiguous,long,comma,nonfinal,8,7,taxes,6.9464921951293945
critical,4,unambiguous,long,comma,nonfinal,8,8,passed,11.209239959716797
critical,4,unambiguous,long,comma,nonfinal,8,9,unanimously,9.941070556640623
critical,4,unambiguous,long,comma,nonfinal,8,10,without,8.843903541564941
critical,4,unambiguous,long,comma,nonfinal,8,11,amendments.,11.869653701782228
critical,4,unambiguous,short,object,final,8,0,After,18.362133026123047
critical,4,unambiguous,short,object,final,8,1,the,3.560596704483032
critical,4,unambiguous,short,object,final,8,2,politician,17.111927032470703
critical,4,unambiguous,short,object,final,8,3,signed,9.102081298828123
critical,4,unambiguous,short,object,final,8,4,the,2.1365692615509038
critical,4,unambiguous,short,object,final,8,5,legislation,7.880404472351074
critical,4,unambiguous,short,object,final,8,6,the,7.796751976013184
critical,4,unambiguous,short,object,final,8,7,bill,7.242709636688232
critical,4,unambiguous,short,object,final,8,8,passed.,8.391828775405884
critical,4,unambiguous,short,object,nonfinal,8,0,After,18.362133026123047
critical,4,unambiguous,short,object,nonfinal,8,1,the,3.560596704483032
critical,4,unambiguous,short,object,nonfinal,8,2,politician,17.111927032470703
critical,4,unambiguous,short,object,nonfinal,8,3,signed,9.102081298828123
critical,4,unambiguous,short,object,nonfinal,8,4,the,2.1365692615509038
critical,4,unambiguous,short,object,nonfinal,8,5,legislation,7.880404472351074
critical,4,unambiguous,short,object,nonfinal,8,6,the,7.796751976013184
critical,4,unambiguous,short,object,nonfinal,8,7,bill,7.242709636688232
critical,4,unambiguous,short,object,nonfinal,8,8,passed,4.766599655151367
critical,4,unambiguous,short,object,nonfinal,8,9,unanimously,8.083106994628906
critical,4,unambiguous,short,object,nonfinal,8,10,without,8.264500617980957
critical,4,unambiguous,short,object,nonfinal,8,11,amendments.,13.073543310165403
critical,4,unambiguous,long,object,final,10,0,After,18.362133026123047
critical,4,unambiguous,long,object,final,10,1,the,3.560596704483032
critical,4,unambiguous,long,object,final,10,2,politician,17.111927032470703
critical,4,unambiguous,long,object,final,10,3,signed,9.102081298828123
critical,4,unambiguous,long,object,final,10,4,the,2.1365692615509038
critical,4,unambiguous,long,object,final,10,5,legislation,7.880404472351074
critical,4,unambiguous,long,object,final,10,6,the,7.796751976013184
critical,4,unambiguous,long,object,final,10,7,bill,7.242709636688232
critical,4,unambiguous,long,object,final,10,8,increasing,17.383136749267578
critical,4,unambiguous,long,object,final,10,9,taxes,7.576790332794189
critical,4,unambiguous,long,object,final,10,10,passed.,14.064339399337769
critical,4,unambiguous,long,object,nonfinal,10,0,After,18.362133026123047
critical,4,unambiguous,long,object,nonfinal,10,1,the,3.560596704483032
critical,4,unambiguous,long,object,nonfinal,10,2,politician,17.111927032470703
critical,4,unambiguous,long,object,nonfinal,10,3,signed,9.102081298828123
critical,4,unambiguous,long,object,nonfinal,10,4,the,2.1365692615509038
critical,4,unambiguous,long,object,nonfinal,10,5,legislation,7.880404472351074
critical,4,unambiguous,long,object,nonfinal,10,6,the,7.796751976013184
critical,4,unambiguous,long,object,nonfinal,10,7,bill,7.242709636688232
critical,4,unambiguous,long,object,nonfinal,10,8,increasing,17.383136749267578
critical,4,unambiguous,long,object,nonfinal,10,9,taxes,7.576790332794189
critical,4,unambiguous,long,object,nonfinal,10,10,passed,11.006009101867676
critical,4,unambiguous,long,object,nonfinal,10,11,unanimously,11.944676399230955
critical,4,unambiguous,long,object,nonfinal,10,12,without,8.893918991088867
critical,4,unambiguous,long,object,nonfinal,10,13,amendments.,13.581268548965454
critical,5,ambiguous,short,,final,7,0,While,20.36468315124512
critical,5,ambiguous,short,,final,7,1,the,2.3838281631469727
critical,5,ambiguous,short,,final,7,2,martial,14.827073097229004
critical,5,ambiguous,short,,final,7,3,artists,6.06224250793457
critical,5,ambiguous,short,,final,7,4,fought,9.291751861572266
critical,5,ambiguous,short,,final,7,5,the,3.9151065349578857
critical,5,ambiguous,short,,final,7,6,spectator,15.722593069076538
critical,5,ambiguous,short,,final,7,7,cheered.,24.7126681804657
critical,5,ambiguous,short,,nonfinal,7,0,While,20.36468315124512
critical,5,ambiguous,short,,nonfinal,7,1,the,2.3838281631469727
critical,5,ambiguous,short,,nonfinal,7,2,martial,14.827073097229004
critical,5,ambiguous,short,,nonfinal,7,3,artists,6.06224250793457
critical,5,ambiguous,short,,nonfinal,7,4,fought,9.291751861572266
critical,5,ambiguous,short,,nonfinal,7,5,the,3.9151065349578857
critical,5,ambiguous,short,,nonfinal,7,6,spectator,15.722593069076538
critical,5,ambiguous,short,,nonfinal,7,7,cheered,18.88747000694275
critical,5,ambiguous,short,,nonfinal,7,8,for,6.817050933837891
critical,5,ambiguous,short,,nonfinal,7,9,the,2.1732003688812256
critical,5,ambiguous,short,,nonfinal,7,10,underdog.,20.590808391571045
critical,5,ambiguous,long,,final,9,0,While,20.36468315124512
critical,5,ambiguous,long,,final,9,1,the,2.3838281631469727
critical,5,ambiguous,long,,final,9,2,martial,14.827073097229004
critical,5,ambiguous,long,,final,9,3,artists,6.06224250793457
critical,5,ambiguous,long,,final,9,4,fought,9.291751861572266
critical,5,ambiguous,long,,final,9,5,the,3.9151065349578857
critical,5,ambiguous,long,,final,9,6,spectator,15.722593069076538
critical,5,ambiguous,long,,final,9,7,watching,14.23270034790039
critical,5,ambiguous,long,,final,9,8,attentively,17.994415044784546
critical,5,ambiguous,long,,final,9,9,cheered.,23.789146423339844
critical,5,ambiguous,long,,nonfinal,9,0,While,20.36468315124512
critical,5,ambiguous,long,,nonfinal,9,1,the,2.3838281631469727
critical,5,ambiguous,long,,nonfinal,9,2,martial,14.827073097229004
critical,5,ambiguous,long,,nonfinal,9,3,artists,6.06224250793457
critical,5,ambiguous,long,,nonfinal,9,4,fought,9.291751861572266
critical,5,ambiguous,long,,nonfinal,9,5,the,3.9151065349578857
critical,5,ambiguous,long,,nonfinal,9,6,spectator,15.722593069076538
critical,5,ambiguous,long,,nonfinal,9,7,watching,14.23270034790039
critical,5,ambiguous,long,,nonfinal,9,8,attentively,17.994415044784546
critical,5,ambiguous,long,,nonfinal,9,9,cheered,19.189499378204346
critical,5,ambiguous,long,,nonfinal,9,10,for,6.181117057800293
critical,5,ambiguous,long,,nonfinal,9,11,the,2.0867302417755127
critical,5,ambiguous,long,,nonfinal,9,12,underdog.,20.18522679805756
critical,5,unambiguous,short,comma,final,7,0,While,20.36468315124512
critical,5,unambiguous,short,comma,final,7,1,the,2.3838281631469727
critical,5,unambiguous,short,comma,final,7,2,martial,14.827073097229004
critical,5,unambiguous,short,comma,final,7,3,artists,6.06224250793457
critical,5,unambiguous,short,comma,final,7,4,"fought,",14.95369577407837
critical,5,unambiguous,short,comma,final,7,5,the,1.8119981288909912
critical,5,unambiguous,short,comma,final,7,6,spectator,14.645150661468506
critical,5,unambiguous,short,comma,final,7,7,cheered.,15.058305621147156
critical,5,unambiguous,short,comma,nonfinal,7,0,While,20.36468315124512
critical,5,unambiguous,short,comma,nonfinal,7,1,the,2.3838281631469727
critical,5,unambiguous,short,comma,nonfinal,7,2,martial,14.827073097229004
critical,5,unambiguous,short,comma,nonfinal,7,3,artists,6.06224250793457
critical,5,unambiguous,short,comma,nonfinal,7,4,"fought,",14.95369577407837
critical,5,unambiguous,short,comma,nonfinal,7,5,the,1.8119981288909912
critical,5,unambiguous,short,comma,nonfinal,7,6,spectator,14.645150661468506
critical,5,unambiguous,short,comma,nonfinal,7,7,cheered,11.085082650184631
critical,5,unambiguous,short,comma,nonfinal,7,8,for,5.673391342163086
critical,5,unambiguous,short,comma,nonfinal,7,9,the,1.964861869812012
critical,5,unambiguous,short,comma,nonfinal,7,10,underdog.,20.84405529499054
critical,5,unambiguous,long,comma,final,9,0,While,20.36468315124512
critical,5,unambiguous,long,comma,final,9,1,the,2.3838281631469727
critical,5,unambiguous,long,comma,final,9,2,martial,14.827073097229004
critical,5,unambiguous,long,comma,final,9,3,artists,6.06224250793457
critical,5,unambiguous,long,comma,final,9,4,"fought,",14.95369577407837
critical,5,unambiguous,long,comma,final,9,5,the,1.8119981288909912
critical,5,unambiguous,long,comma,final,9,6,spectator,14.645150661468506
critical,5,unambiguous,long,comma,final,9,7,watching,14.53032684326172
critical,5,unambiguous,long,comma,final,9,8,attentively,17.367286920547485
critical,5,unambiguous,long,comma,final,9,9,cheered.,18.414438009262085
critical,5,unambiguous,long,comma,nonfinal,9,0,While,20.36468315124512
critical,5,unambiguous,long,comma,nonfinal,9,1,the,2.3838281631469727
critical,5,unambiguous,long,comma,nonfinal,9,2,martial,14.827073097229004
critical,5,unambiguous,long,comma,nonfinal,9,3,artists,6.06224250793457
critical,5,unambiguous,long,comma,nonfinal,9,4,"fought,",14.95369577407837
critical,5,unambiguous,long,comma,nonfinal,9,5,the,1.8119981288909912
critical,5,unambiguous,long,comma,nonfinal,9,6,spectator,14.645150661468506
critical,5,unambiguous,long,comma,nonfinal,9,7,watching,14.53032684326172
critical,5,unambiguous,long,comma,nonfinal,9,8,attentively,17.367286920547485
critical,5,unambiguous,long,comma,nonfinal,9,9,cheered,15.085954666137695
critical,5,unambiguous,long,comma,nonfinal,9,10,for,5.36748743057251
critical,5,unambiguous,long,comma,nonfinal,9,11,the,1.4891880750656128
critical,5,unambiguous,long,comma,nonfinal,9,12,underdog.,19.966497898101807
critical,5,unambiguous,short,object,final,9,0,While,20.36468315124512
critical,5,unambiguous,short,object,final,9,1,the,2.3838281631469727
critical,5,unambiguous,short,object,final,9,2,martial,14.827073097229004
critical,5,unambiguous,short,object,final,9,3,artists,6.06224250793457
critical,5,unambiguous,short,object,final,9,4,fought,9.291751861572266
critical,5,unambiguous,short,object,final,9,5,each,7.874064445495605
critical,5,unambiguous,short,object,final,9,6,other,0.1378943175077438
critical,5,unambiguous,short,object,final,9,7,the,7.370037078857422
critical,5,unambiguous,short,object,final,9,8,spectator,16.407485723495483
critical,5,unambiguous,short,object,final,9,9,cheered.,16.778021454811096
critical,5,unambiguous,short,object,nonfinal,9,0,While,20.36468315124512
critical,5,unambiguous,short,object,nonfinal,9,1,the,2.3838281631469727
critical,5,unambiguous,short,object,nonfinal,9,2,martial,14.827073097229004
critical,5,unambiguous,short,object,nonfinal,9,3,artists,6.06224250793457
critical,5,unambiguous,short,object,nonfinal,9,4,fought,9.291751861572266
critical,5,unambiguous,short,object,nonfinal,9,5,each,7.874064445495605
critical,5,unambiguous,short,object,nonfinal,9,6,other,0.1378943175077438
critical,5,unambiguous,short,object,nonfinal,9,7,the,7.370037078857422
critical,5,unambiguous,short,object,nonfinal,9,8,spectator,16.407485723495483
critical,5,unambiguous,short,object,nonfinal,9,9,cheered,12.65387213230133
critical,5,unambiguous,short,object,nonfinal,9,10,for,6.0027174949646
critical,5,unambiguous,short,object,nonfinal,9,11,the,2.6208724975585938
critical,5,unambiguous,short,object,nonfinal,9,12,underdog.,20.46594619750977
critical,5,unambiguous,long,object,final,11,0,While,20.36468315124512
critical,5,unambiguous,long,object,final,11,1,the,2.3838281631469727
critical,5,unambiguous,long,object,final,11,2,martial,14.827073097229004
critical,5,unambiguous,long,object,final,11,3,artists,6.06224250793457
critical,5,unambiguous,long,object,final,11,4,fought,9.291751861572266
critical,5,unambiguous,long,object,final,11,5,each,7.874064445495605
critical,5,unambiguous,long,object,final,11,6,other,0.1378943175077438
critical,5,unambiguous,long,object,final,11,7,the,7.370037078857422
critical,5,unambiguous,long,object,final,11,8,spectator,16.407485723495483
critical,5,unambiguous,long,object,final,11,9,watching,14.023481369018556
critical,5,unambiguous,long,object,final,11,10,attentively,17.349323511123657
critical,5,unambiguous,long,object,final,11,11,cheered.,20.85726308822632
critical,5,unambiguous,long,object,nonfinal,11,0,While,20.36468315124512
critical,5,unambiguous,long,object,nonfinal,11,1,the,2.3838281631469727
critical,5,unambiguous,long,object,nonfinal,11,2,martial,14.827073097229004
critical,5,unambiguous,long,object,nonfinal,11,3,artists,6.06224250793457
critical,5,unambiguous,long,object,nonfinal,11,4,fought,9.291751861572266
critical,5,unambiguous,long,object,nonfinal,11,5,each,7.874064445495605
critical,5,unambiguous,long,object,nonfinal,11,6,other,0.1378943175077438
critical,5,unambiguous,long,object,nonfinal,11,7,the,7.370037078857422
critical,5,unambiguous,long,object,nonfinal,11,8,spectator,16.407485723495483
critical,5,unambiguous,long,object,nonfinal,11,9,watching,14.023481369018556
critical,5,unambiguous,long,object,nonfinal,11,10,attentively,17.349323511123657
critical,5,unambiguous,long,object,nonfinal,11,11,cheered,17.233795166015625
critical,5,unambiguous,long,object,nonfinal,11,12,for,6.088659286499023
critical,5,unambiguous,long,object,nonfinal,11,13,the,1.9831773042678835
critical,5,unambiguous,long,object,nonfinal,11,14,underdog.,20.20248568058014
critical,6,ambiguous,short,,final,6,0,After,18.362133026123047
critical,6,ambiguous,short,,final,6,1,the,3.560596704483032
critical,6,ambiguous,short,,final,6,2,customer,13.637800216674805
critical,6,ambiguous,short,,final,6,3,emailed,15.039813995361328
critical,6,ambiguous,short,,final,6,4,the,1.86236572265625
critical,6,ambiguous,short,,final,6,5,company,5.309547424316406
critical,6,ambiguous,short,,final,6,6,replied.,18.12491273880005
critical,6,ambiguous,short,,nonfinal,6,0,After,18.362133026123047
critical,6,ambiguous,short,,nonfinal,6,1,the,3.560596704483032
critical,6,ambiguous,short,,nonfinal,6,2,customer,13.637800216674805
critical,6,ambiguous,short,,nonfinal,6,3,emailed,15.039813995361328
critical,6,ambiguous,short,,nonfinal,6,4,the,1.86236572265625
critical,6,ambiguous,short,,nonfinal,6,5,company,5.309547424316406
critical,6,ambiguous,short,,nonfinal,6,6,replied,12.573213577270508
critical,6,ambiguous,short,,nonfinal,6,7,within,10.512020111083984
critical,6,ambiguous,short,,nonfinal,6,8,a,2.7740883827209477
critical,6,ambiguous,short,,nonfinal,6,9,few,1.236646056175232
critical,6,ambiguous,short,,nonfinal,6,10,hours.,4.063215255737305
critical,6,ambiguous,long,,final,9,0,After,18.362133026123047
critical,6,ambiguous,long,,final,9,1,the,3.560596704483032
critical,6,ambiguous,long,,final,9,2,customer,13.637800216674805
critical,6,ambiguous,long,,final,9,3,emailed,15.039813995361328
critical,6,ambiguous,long,,final,9,4,the,1.86236572265625
critical,6,ambiguous,long,,final,9,5,company,5.309547424316406
critical,6,ambiguous,long,,final,9,6,providing,11.735809326171877
critical,6,ambiguous,long,,final,9,7,phone,11.32512092590332
critical,6,ambiguous,long,,final,9,8,service,4.558437347412109
critical,6,ambiguous,long,,final,9,9,replied.,21.372032642364506
critical,6,ambiguous,long,,nonfinal,9,0,After,18.362133026123047
critical,6,ambiguous,long,,nonfinal,9,1,the,3.560596704483032
critical,6,ambiguous,long,,nonfinal,9,2,customer,13.637800216674805
critical,6,ambiguous,long,,nonfinal,9,3,emailed,15.039813995361328
critical,6,ambiguous,long,,nonfinal,9,4,the,1.86236572265625
critical,6,ambiguous,long,,nonfinal,9,5,company,5.309547424316406
critical,6,ambiguous,long,,nonfinal,9,6,providing,11.735809326171877
critical,6,ambiguous,long,,nonfinal,9,7,phone,11.32512092590332
critical,6,ambiguous,long,,nonfinal,9,8,service,4.558437347412109
critical,6,ambiguous,long,,nonfinal,9,9,replied,17.30335807800293
critical,6,ambiguous,long,,nonfinal,9,10,within,9.514707565307615
critical,6,ambiguous,long,,nonfinal,9,11,a,3.00039005279541
critical,6,ambiguous,long,,nonfinal,9,12,few,1.175535798072815
critical,6,ambiguous,long,,nonfinal,9,13,hours.,3.3751524686813354
critical,6,unambiguous,short,comma,final,6,0,After,18.362133026123047
critical,6,unambiguous,short,comma,final,6,1,the,3.560596704483032
critical,6,unambiguous,short,comma,final,6,2,customer,13.637800216674805
critical,6,unambiguous,short,comma,final,6,3,"emailed,",18.97781491279602
critical,6,unambiguous,short,comma,final,6,4,the,2.027909278869629
critical,6,unambiguous,short,comma,final,6,5,company,4.896921157836914
critical,6,unambiguous,short,comma,final,6,6,replied.,12.045059204101562
critical,6,unambiguous,short,comma,nonfinal,6,0,After,18.362133026123047
critical,6,unambiguous,short,comma,nonfinal,6,1,the,3.560596704483032
critical,6,unambiguous,short,comma,nonfinal,6,2,customer,13.637800216674805
critical,6,unambiguous,short,comma,nonfinal,6,3,"emailed,",18.97781491279602
critical,6,unambiguous,short,comma,nonfinal,6,4,the,2.027909278869629
critical,6,unambiguous,short,comma,nonfinal,6,5,company,4.896921157836914
critical,6,unambiguous,short,comma,nonfinal,6,6,replied,5.457655906677246
critical,6,unambiguous,short,comma,nonfinal,6,7,within,10.931690216064451
critical,6,unambiguous,short,comma,nonfinal,6,8,a,2.6097774505615234
critical,6,unambiguous,short,comma,nonfinal,6,9,few,1.2826107740402222
critical,6,unambiguous,short,comma,nonfinal,6,10,hours.,4.176806330680847
critical,6,unambiguous,long,comma,final,9,0,After,18.362133026123047
critical,6,unambiguous,long,comma,final,9,1,the,3.560596704483032
critical,6,unambiguous,long,comma,final,9,2,customer,13.637800216674805
critical,6,unambiguous,long,comma,final,9,3,"emailed,",18.97781491279602
critical,6,unambiguous,long,comma,final,9,4,the,2.027909278869629
critical,6,unambiguous,long,comma,final,9,5,company,4.896921157836914
critical,6,unambiguous,long,comma,final,9,6,providing,14.506551742553713
critical,6,unambiguous,long,comma,final,9,7,phone,9.797540664672852
critical,6,unambiguous,long,comma,final,9,8,service,3.8864006996154794
critical,6,unambiguous,long,comma,final,9,9,replied.,17.985785961151123
critical,6,unambiguous,long,comma,nonfinal,9,0,After,18.362133026123047
critical,6,unambiguous,long,comma,nonfinal,9,1,the,3.560596704483032
critical,6,unambiguous,long,comma,nonfinal,9,2,customer,13.637800216674805
critical,6,unambiguous,long,comma,nonfinal,9,3,"emailed,",18.97781491279602
critical,6,unambiguous,long,comma,nonfinal,9,4,the,2.027909278869629
critical,6,unambiguous,long,comma,nonfinal,9,5,company,4.896921157836914
critical,6,unambiguous,long,comma,nonfinal,9,6,providing,14.506551742553713
critical,6,unambiguous,long,comma,nonfinal,9,7,phone,9.797540664672852
critical,6,unambiguous,long,comma,nonfinal,9,8,service,3.8864006996154794
critical,6,unambiguous,long,comma,nonfinal,9,9,replied,12.892149925231934
critical,6,unambiguous,long,comma,nonfinal,9,10,within,9.847556114196776
critical,6,unambiguous,long,comma,nonfinal,9,11,a,2.69607162475586
critical,6,unambiguous,long,comma,nonfinal,9,12,few,1.3844025135040283
critical,6,unambiguous,long,comma,nonfinal,9,13,hours.,3.435206174850464
critical,6,unambiguous,short,object,final,9,0,After,18.362133026123047
critical,6,unambiguous,short,object,final,9,1,the,3.560596704483032
critical,6,unambiguous,short,object,final,9,2,customer,13.637800216674805
critical,6,unambiguous,short,object,final,9,3,emailed,15.039813995361328
critical,6,unambiguous,short,object,final,9,4,the,1.86236572265625
critical,6,unambiguous,short,object,final,9,5,help,11.1741943359375
critical,6,unambiguous,short,object,final,9,6,desk,3.5528478622436523
critical,6,unambiguous,short,object,final,9,7,the,7.750435352325439
critical,6,unambiguous,short,object,final,9,8,company,5.121813774108887
critical,6,unambiguous,short,object,final,9,9,replied.,10.57418656349182
critical,6,unambiguous,short,object,nonfinal,9,0,After,18.362133026123047
critical,6,unambiguous,short,object,nonfinal,9,1,the,3.560596704483032
critical,6,unambiguous,short,object,nonfinal,9,2,customer,13.637800216674805
critical,6,unambiguous,short,object,nonfinal,9,3,emailed,15.039813995361328
critical,6,unambiguous,short,object,nonfinal,9,4,the,1.86236572265625
critical,6,unambiguous,short,object,nonfinal,9,5,help,11.1741943359375
critical,6,unambiguous,short,object,nonfinal,9,6,desk,3.5528478622436523
critical,6,unambiguous,short,object,nonfinal,9,7,the,7.750435352325439
critical,6,unambiguous,short,object,nonfinal,9,8,company,5.121813774108887
critical,6,unambiguous,short,object,nonfinal,9,9,replied,7.165220737457275
critical,6,unambiguous,short,object,nonfinal,9,10,within,10.115595817565918
critical,6,unambiguous,short,object,nonfinal,9,11,a,2.6383073329925537
critical,6,unambiguous,short,object,nonfinal,9,12,few,0.9127793312072754
critical,6,unambiguous,short,object,nonfinal,9,13,hours.,3.676653265953064
critical,6,unambiguous,long,object,final,12,0,After,18.362133026123047
critical,6,unambiguous,long,object,final,12,1,the,3.560596704483032
critical,6,unambiguous,long,object,final,12,2,customer,13.637800216674805
critical,6,unambiguous,long,object,final,12,3,emailed,15.039813995361328
critical,6,unambiguous,long,object,final,12,4,the,1.86236572265625
critical,6,unambiguous,long,object,final,12,5,help,11.1741943359375
critical,6,unambiguous,long,object,final,12,6,desk,3.5528478622436523
critical,6,unambiguous,long,object,final,12,7,the,7.750435352325439
critical,6,unambiguous,long,object,final,12,8,company,5.121813774108887
critical,6,unambiguous,long,object,final,12,9,providing,11.906460762023926
critical,6,unambiguous,long,object,final,12,10,phone,10.438581466674805
critical,6,unambiguous,long,object,final,12,11,service,3.519739151000977
critical,6,unambiguous,long,object,final,12,12,replied.,19.562501192092896
critical,6,unambiguous,long,object,nonfinal,12,0,After,18.362133026123047
critical,6,unambiguous,long,object,nonfinal,12,1,the,3.560596704483032
critical,6,unambiguous,long,object,nonfinal,12,2,customer,13.637800216674805
critical,6,unambiguous,long,object,nonfinal,12,3,emailed,15.039813995361328
critical,6,unambiguous,long,object,nonfinal,12,4,the,1.86236572265625
critical,6,unambiguous,long,object,nonfinal,12,5,help,11.1741943359375
critical,6,unambiguous,long,object,nonfinal,12,6,desk,3.5528478622436523
critical,6,unambiguous,long,object,nonfinal,12,7,the,7.750435352325439
critical,6,unambiguous,long,object,nonfinal,12,8,company,5.121813774108887
critical,6,unambiguous,long,object,nonfinal,12,9,providing,11.906460762023926
critical,6,unambiguous,long,object,nonfinal,12,10,phone,10.438581466674805
critical,6,unambiguous,long,object,nonfinal,12,11,service,3.519739151000977
critical,6,unambiguous,long,object,nonfinal,12,12,replied,16.444469451904297
critical,6,unambiguous,long,object,nonfinal,12,13,within,9.84262466430664
critical,6,unambiguous,long,object,nonfinal,12,14,a,2.762465000152588
critical,6,unambiguous,long,object,nonfinal,12,15,few,1.0286598205566406
critical,6,unambiguous,long,object,nonfinal,12,16,hours.,3.281461834907532
critical,7,ambiguous,short,,final,6,0,As,18.901031494140625
critical,7,ambiguous,short,,final,6,1,the,2.5676872730255127
critical,7,ambiguous,short,,final,6,2,child,11.1035737991333
critical,7,ambiguous,short,,final,6,3,showered,15.54384160041809
critical,7,ambiguous,short,,final,6,4,the,6.026139736175537
critical,7,ambiguous,short,,final,6,5,cat,10.89206600189209
critical,7,ambiguous,short,,final,6,6,ran.,18.700969219207764
critical,7,ambiguous,short,,nonfinal,6,0,As,18.901031494140625
critical,7,ambiguous,short,,nonfinal,6,1,the,2.5676872730255127
critical,7,ambiguous,short,,nonfinal,6,2,child,11.1035737991333
critical,7,ambiguous,short,,nonfinal,6,3,showered,15.54384160041809
critical,7,ambiguous,short,,nonfinal,6,4,the,6.026139736175537
critical,7,ambiguous,short,,nonfinal,6,5,cat,10.89206600189209
critical,7,ambiguous,short,,nonfinal,6,6,ran,15.5105562210083
critical,7,ambiguous,short,,nonfinal,6,7,around,7.578727722167969
critical,7,ambiguous,short,,nonfinal,6,8,the,1.2472126483917236
critical,7,ambiguous,short,,nonfinal,6,9,bathroom.,12.5367591381073
critical,7,ambiguous,long,,final,8,0,As,18.901031494140625
critical,7,ambiguous,long,,final,8,1,the,2.5676872730255127
critical,7,ambiguous,long,,final,8,2,child,11.1035737991333
critical,7,ambiguous,long,,final,8,3,showered,15.54384160041809
critical,7,ambiguous,long,,final,8,4,the,6.026139736175537
critical,7,ambiguous,long,,final,8,5,cat,10.89206600189209
critical,7,ambiguous,long,,final,8,6,complaining,18.038970947265625
critical,7,ambiguous,long,,final,8,7,loudly,6.763513565063477
critical,7,ambiguous,long,,final,8,8,ran.,18.855594158172607
critical,7,ambiguous,long,,nonfinal,8,0,As,18.901031494140625
critical,7,ambiguous,long,,nonfinal,8,1,the,2.5676872730255127
critical,7,ambiguous,long,,nonfinal,8,2,child,11.1035737991333
critical,7,ambiguous,long,,nonfinal,8,3,showered,15.54384160041809
critical,7,ambiguous,long,,nonfinal,8,4,the,6.026139736175537
critical,7,ambiguous,long,,nonfinal,8,5,cat,10.89206600189209
critical,7,ambiguous,long,,nonfinal,8,6,complaining,18.038970947265625
critical,7,ambiguous,long,,nonfinal,8,7,loudly,6.763513565063477
critical,7,ambiguous,long,,nonfinal,8,8,ran,16.879989624023438
critical,7,ambiguous,long,,nonfinal,8,9,around,6.263360500335693
critical,7,ambiguous,long,,nonfinal,8,10,the,1.0249615907669067
critical,7,ambiguous,long,,nonfinal,8,11,bathroom.,10.077203154563904
critical,7,unambiguous,short,comma,final,6,0,As,18.901031494140625
critical,7,unambiguous,short,comma,final,6,1,the,2.5676872730255127
critical,7,unambiguous,short,comma,final,6,2,child,11.1035737991333
critical,7,unambiguous,short,comma,final,6,3,"showered,",17.15613079071045
critical,7,unambiguous,short,comma,final,6,4,the,2.1469597816467285
critical,7,unambiguous,short,comma,final,6,5,cat,11.373198509216309
critical,7,unambiguous,short,comma,final,6,6,ran.,15.515663146972656
critical,7,unambiguous,short,comma,nonfinal,6,0,As,18.901031494140625
critical,7,unambiguous,short,comma,nonfinal,6,1,the,2.5676872730255127
critical,7,unambiguous,short,comma,nonfinal,6,2,child,11.1035737991333
critical,7,unambiguous,short,comma,nonfinal,6,3,"showered,",17.15613079071045
critical,7,unambiguous,short,comma,nonfinal,6,4,the,2.1469597816467285
critical,7,unambiguous,short,comma,nonfinal,6,5,cat,11.373198509216309
critical,7,unambiguous,short,comma,nonfinal,6,6,ran,9.636927604675291
critical,7,unambiguous,short,comma,nonfinal,6,7,around,7.488735198974609
critical,7,unambiguous,short,comma,nonfinal,6,8,the,1.5879859924316406
critical,7,unambiguous,short,comma,nonfinal,6,9,bathroom.,12.035549879074097
critical,7,unambiguous,long,comma,final,8,0,As,18.901031494140625
critical,7,unambiguous,long,comma,final,8,1,the,2.5676872730255127
critical,7,unambiguous,long,comma,final,8,2,child,11.1035737991333
critical,7,unambiguous,long,comma,final,8,3,"showered,",17.15613079071045
critical,7,unambiguous,long,comma,final,8,4,the,2.1469597816467285
critical,7,unambiguous,long,comma,final,8,5,cat,11.373198509216309
critical,7,unambiguous,long,comma,final,8,6,complaining,18.335716247558597
critical,7,unambiguous,long,comma,final,8,7,loudly,6.230956077575684
critical,7,unambiguous,long,comma,final,8,8,ran.,16.005602836608887
critical,7,unambiguous,long,comma,nonfinal,8,0,As,18.901031494140625
critical,7,unambiguous,long,comma,nonfinal,8,1,the,2.5676872730255127
critical,7,unambiguous,long,comma,nonfinal,8,2,child,11.1035737991333
critical,7,unambiguous,long,comma,nonfinal,8,3,"showered,",17.15613079071045
critical,7,unambiguous,long,comma,nonfinal,8,4,the,2.1469597816467285
critical,7,unambiguous,long,comma,nonfinal,8,5,cat,11.373198509216309
critical,7,unambiguous,long,comma,nonfinal,8,6,complaining,18.335716247558597
critical,7,unambiguous,long,comma,nonfinal,8,7,loudly,6.230956077575684
critical,7,unambiguous,long,comma,nonfinal,8,8,ran,12.213068962097168
critical,7,unambiguous,long,comma,nonfinal,8,9,around,5.870282173156738
critical,7,unambiguous,long,comma,nonfinal,8,10,the,1.2163933515548706
critical,7,unambiguous,long,comma,nonfinal,8,11,bathroom.,10.451437950134276
critical,7,unambiguous,short,object,final,7,0,As,18.901031494140625
critical,7,unambiguous,short,object,final,7,1,the,2.5676872730255127
critical,7,unambiguous,short,object,final,7,2,child,11.1035737991333
critical,7,unambiguous,short,object,final,7,3,showered,15.54384160041809
critical,7,unambiguous,short,object,final,7,4,herself,10.643750190734863
critical,7,unambiguous,short,object,final,7,5,the,8.2914457321167
critical,7,unambiguous,short,object,final,7,6,cat,11.712915420532228
critical,7,unambiguous,short,object,final,7,7,ran.,14.265809059143066
critical,7,unambiguous,short,object,nonfinal,7,0,As,18.901031494140625
critical,7,unambiguous,short,object,nonfinal,7,1,the,2.5676872730255127
critical,7,unambiguous,short,object,nonfinal,7,2,child,11.1035737991333
critical,7,unambiguous,short,object,nonfinal,7,3,showered,15.54384160041809
critical,7,unambiguous,short,object,nonfinal,7,4,herself,10.643750190734863
critical,7,unambiguous,short,object,nonfinal,7,5,the,8.2914457321167
critical,7,unambiguous,short,object,nonfinal,7,6,cat,11.712915420532228
critical,7,unambiguous,short,object,nonfinal,7,7,ran,10.330801963806152
critical,7,unambiguous,short,object,nonfinal,7,8,around,6.770733833312988
critical,7,unambiguous,short,object,nonfinal,7,9,the,1.2438665628433228
critical,7,unambiguous,short,object,nonfinal,7,10,bathroom.,11.228964924812315
critical,7,unambiguous,long,object,final,9,0,As,18.901031494140625
critical,7,unambiguous,long,object,final,9,1,the,2.5676872730255127
critical,7,unambiguous,long,object,final,9,2,child,11.1035737991333
critical,7,unambiguous,long,object,final,9,3,showered,15.54384160041809
critical,7,unambiguous,long,object,final,9,4,herself,10.643750190734863
critical,7,unambiguous,long,object,final,9,5,the,8.2914457321167
critical,7,unambiguous,long,object,final,9,6,cat,11.712915420532228
critical,7,unambiguous,long,object,final,9,7,complaining,18.123680114746094
critical,7,unambiguous,long,object,final,9,8,loudly,6.608360290527344
critical,7,unambiguous,long,object,final,9,9,ran.,18.022944688797
critical,7,unambiguous,long,object,nonfinal,9,0,As,18.901031494140625
critical,7,unambiguous,long,object,nonfinal,9,1,the,2.5676872730255127
critical,7,unambiguous,long,object,nonfinal,9,2,child,11.1035737991333
critical,7,unambiguous,long,object,nonfinal,9,3,showered,15.54384160041809
critical,7,unambiguous,long,object,nonfinal,9,4,herself,10.643750190734863
critical,7,unambiguous,long,object,nonfinal,9,5,the,8.2914457321167
critical,7,unambiguous,long,object,nonfinal,9,6,cat,11.712915420532228
critical,7,unambiguous,long,object,nonfinal,9,7,complaining,18.123680114746094
critical,7,unambiguous,long,object,nonfinal,9,8,loudly,6.608360290527344
critical,7,unambiguous,long,object,nonfinal,9,9,ran,15.010579109191896
critical,7,unambiguous,long,object,nonfinal,9,10,around,5.64996862411499
critical,7,unambiguous,long,object,nonfinal,9,11,the,1.0682846307754517
critical,7,unambiguous,long,object,nonfinal,9,12,bathroom.,9.751223921775818
critical,8,ambiguous,short,,final,6,0,Because,19.343420028686523
critical,8,ambiguous,short,,final,6,1,the,2.936638116836548
critical,8,ambiguous,short,,final,6,2,majorette,23.890409231185917
critical,8,ambiguous,short,,final,6,3,spun,14.477669715881348
critical,8,ambiguous,short,,final,6,4,the,5.683077335357666
critical,8,ambiguous,short,,final,6,5,baton,14.299094200134276
critical,8,ambiguous,short,,final,6,6,flew.,17.25580906867981
critical,8,ambiguous,short,,nonfinal,6,0,Because,19.343420028686523
critical,8,ambiguous,short,,nonfinal,6,1,the,2.936638116836548
critical,8,ambiguous,short,,nonfinal,6,2,majorette,23.890409231185917
critical,8,ambiguous,short,,nonfinal,6,3,spun,14.477669715881348
critical,8,ambiguous,short,,nonfinal,6,4,the,5.683077335357666
critical,8,ambiguous,short,,nonfinal,6,5,baton,14.299094200134276
critical,8,ambiguous,short,,nonfinal,6,6,flew,13.66791534423828
critical,8,ambiguous,short,,nonfinal,6,7,from,5.532326698303223
critical,8,ambiguous,short,,nonfinal,6,8,her,4.12872838973999
critical,8,ambiguous,short,,nonfinal,6,9,hands.,10.018030405044556
critical,8,ambiguous,long,,final,9,0,Because,19.343420028686523
critical,8,ambiguous,long,,final,9,1,the,2.936638116836548
critical,8,ambiguous,long,,final,9,2,majorette,23.890409231185917
critical,8,ambiguous,long,,final,9,3,spun,14.477669715881348
critical,8,ambiguous,long,,final,9,4,the,5.683077335357666
critical,8,ambiguous,long,,final,9,5,baton,14.299094200134276
critical,8,ambiguous,long,,final,9,6,made,11.106215476989746
critical,8,ambiguous,long,,final,9,7,of,6.339263916015625
critical,8,ambiguous,long,,final,9,8,steel,5.229769229888916
critical,8,ambiguous,long,,final,9,9,flew.,17.518741607666016
critical,8,ambiguous,long,,nonfinal,9,0,Because,19.343420028686523
critical,8,ambiguous,long,,nonfinal,9,1,the,2.936638116836548
critical,8,ambiguous,long,,nonfinal,9,2,majorette,23.890409231185917
critical,8,ambiguous,long,,nonfinal,9,3,spun,14.477669715881348
critical,8,ambiguous,long,,nonfinal,9,4,the,5.683077335357666
critical,8,ambiguous,long,,nonfinal,9,5,baton,14.299094200134276
critical,8,ambiguous,long,,nonfinal,9,6,made,11.106215476989746
critical,8,ambiguous,long,,nonfinal,9,7,of,6.339263916015625
critical,8,ambiguous,long,,nonfinal,9,8,steel,5.229769229888916
critical,8,ambiguous,long,,nonfinal,9,9,flew,12.159707069396973
critical,8,ambiguous,long,,nonfinal,9,10,from,5.106844425201416
critical,8,ambiguous,long,,nonfinal,9,11,her,4.22946310043335
critical,8,ambiguous,long,,nonfinal,9,12,hands.,9.843328952789308
critical,8,unambiguous,short,comma,final,6,0,Because,19.343420028686523
critical,8,unambiguous,short,comma,final,6,1,the,2.936638116836548
critical,8,unambiguous,short,comma,final,6,2,majorette,23.890409231185917
critical,8,unambiguous,short,comma,final,6,3,"spun,",17.813549757003784
critical,8,unambiguous,short,comma,final,6,4,the,2.062427043914795
critical,8,unambiguous,short,comma,final,6,5,baton,17.207202196121216
critical,8,unambiguous,short,comma,final,6,6,flew.,11.13985276222229
critical,8,unambiguous,short,comma,nonfinal,6,0,Because,19.343420028686523
critical,8,unambiguous,short,comma,nonfinal,6,1,the,2.936638116836548
critical,8,unambiguous,short,comma,nonfinal,6,2,majorette,23.890409231185917
critical,8,unambiguous,short,comma,nonfinal,6,3,"spun,",17.813549757003784
critical,8,unambiguous,short,comma,nonfinal,6,4,the,2.062427043914795
critical,8,unambiguous,short,comma,nonfinal,6,5,baton,17.207202196121216
critical,8,unambiguous,short,comma,nonfinal,6,6,flew,8.248475074768066
critical,8,unambiguous,short,comma,nonfinal,6,7,from,5.455190658569336
critical,8,unambiguous,short,comma,nonfinal,6,8,her,3.9586057662963863
critical,8,unambiguous,short,comma,nonfinal,6,9,hands.,9.848788738250732
critical,8,unambiguous,long,comma,final,9,0,Because,19.343420028686523
critical,8,unambiguous,long,comma,final,9,1,the,2.936638116836548
critical,8,unambiguous,long,comma,final,9,2,majorette,23.890409231185917
critical,8,unambiguous,long,comma,final,9,3,"spun,",17.813549757003784
critical,8,unambiguous,long,comma,final,9,4,the,2.062427043914795
critical,8,unambiguous,long,comma,final,9,5,baton,17.207202196121216
critical,8,unambiguous,long,comma,final,9,6,made,8.733658790588379
critical,8,unambiguous,long,comma,final,9,7,of,9.04871940612793
critical,8,unambiguous,long,comma,final,9,8,steel,5.18697452545166
critical,8,unambiguous,long,comma,final,9,9,flew.,13.192241668701172
critical,8,unambiguous,long,comma,nonfinal,9,0,Because,19.343420028686523
critical,8,unambiguous,long,comma,nonfinal,9,1,the,2.936638116836548
critical,8,unambiguous,long,comma,nonfinal,9,2,majorette,23.890409231185917
critical,8,unambiguous,long,comma,nonfinal,9,3,"spun,",17.813549757003784
critical,8,unambiguous,long,comma,nonfinal,9,4,the,2.062427043914795
critical,8,unambiguous,long,comma,nonfinal,9,5,baton,17.207202196121216
critical,8,unambiguous,long,comma,nonfinal,9,6,made,8.733658790588379
critical,8,unambiguous,long,comma,nonfinal,9,7,of,9.04871940612793
critical,8,unambiguous,long,comma,nonfinal,9,8,steel,5.18697452545166
critical,8,unambiguous,long,comma,nonfinal,9,9,flew,8.917165756225586
critical,8,unambiguous,long,comma,nonfinal,9,10,from,4.975466251373291
critical,8,unambiguous,long,comma,nonfinal,9,11,her,4.359080314636231
critical,8,unambiguous,long,comma,nonfinal,9,12,hands.,9.32398009300232
critical,8,unambiguous,short,object,final,7,0,Because,19.343420028686523
critical,8,unambiguous,short,object,final,7,1,the,2.936638116836548
critical,8,unambiguous,short,object,final,7,2,majorette,23.890409231185917
critical,8,unambiguous,short,object,final,7,3,spun,14.477669715881348
critical,8,unambiguous,short,object,final,7,4,herself,11.449278831481934
critical,8,unambiguous,short,object,final,7,5,the,9.056292533874512
critical,8,unambiguous,short,object,final,7,6,baton,14.961268901824951
critical,8,unambiguous,short,object,final,7,7,flew.,16.541329860687256
critical,8,unambiguous,short,object,nonfinal,7,0,Because,19.343420028686523
critical,8,unambiguous,short,object,nonfinal,7,1,the,2.936638116836548
critical,8,unambiguous,short,object,nonfinal,7,2,majorette,23.890409231185917
critical,8,unambiguous,short,object,nonfinal,7,3,spun,14.477669715881348
critical,8,unambiguous,short,object,nonfinal,7,4,herself,11.449278831481934
critical,8,unambiguous,short,object,nonfinal,7,5,the,9.056292533874512
critical,8,unambiguous,short,object,nonfinal,7,6,baton,14.961268901824951
critical,8,unambiguous,short,object,nonfinal,7,7,flew,13.792425155639648
critical,8,unambiguous,short,object,nonfinal,7,8,from,5.352342128753662
critical,8,unambiguous,short,object,nonfinal,7,9,her,2.711921453475952
critical,8,unambiguous,short,object,nonfinal,7,10,hands.,9.711246490478516
critical,8,unambiguous,long,object,final,10,0,Because,19.343420028686523
critical,8,unambiguous,long,object,final,10,1,the,2.936638116836548
critical,8,unambiguous,long,object,final,10,2,majorette,23.890409231185917
critical,8,unambiguous,long,object,final,10,3,spun,14.477669715881348
critical,8,unambiguous,long,object,final,10,4,herself,11.449278831481934
critical,8,unambiguous,long,object,final,10,5,the,9.056292533874512
critical,8,unambiguous,long,object,final,10,6,baton,14.961268901824951
critical,8,unambiguous,long,object,final,10,7,made,10.96761703491211
critical,8,unambiguous,long,object,final,10,8,of,5.655075550079346
critical,8,unambiguous,long,object,final,10,9,steel,5.263054370880127
critical,8,unambiguous,long,object,final,10,10,flew.,17.711406230926514
critical,8,unambiguous,long,object,nonfinal,10,0,Because,19.343420028686523
critical,8,unambiguous,long,object,nonfinal,10,1,the,2.936638116836548
critical,8,unambiguous,long,object,nonfinal,10,2,majorette,23.890409231185917
critical,8,unambiguous,long,object,nonfinal,10,3,spun,14.477669715881348
critical,8,unambiguous,long,object,nonfinal,10,4,herself,11.449278831481934
critical,8,unambiguous,long,object,nonfinal,10,5,the,9.056292533874512
critical,8,unambiguous,long,object,nonfinal,10,6,baton,14.961268901824951
critical,8,unambiguous,long,object,nonfinal,10,7,made,10.96761703491211
critical,8,unambiguous,long,object,nonfinal,10,8,of,5.655075550079346
critical,8,unambiguous,long,object,nonfinal,10,9,steel,5.263054370880127
critical,8,unambiguous,long,object,nonfinal,10,10,flew,13.07336711883545
critical,8,unambiguous,long,object,nonfinal,10,11,from,4.922104835510254
critical,8,unambiguous,long,object,nonfinal,10,12,her,2.4542722702026367
critical,8,unambiguous,long,object,nonfinal,10,13,hands.,9.216552734375
critical,9,ambiguous,short,,final,7,0,After,18.362133026123047
critical,9,ambiguous,short,,final,7,1,the,3.560596704483032
critical,9,ambiguous,short,,final,7,2,teacher,13.572639465332031
critical,9,ambiguous,short,,final,7,3,finished,8.605626106262207
critical,9,ambiguous,short,,final,7,4,grading,12.853757858276367
critical,9,ambiguous,short,,final,7,5,the,2.238361120223999
critical,9,ambiguous,short,,final,7,6,students,5.482311725616455
critical,9,ambiguous,short,,final,7,7,passed.,19.09158182144165
critical,9,ambiguous,short,,nonfinal,7,0,After,18.362133026123047
critical,9,ambiguous,short,,nonfinal,7,1,the,3.560596704483032
critical,9,ambiguous,short,,nonfinal,7,2,teacher,13.572639465332031
critical,9,ambiguous,short,,nonfinal,7,3,finished,8.605626106262207
critical,9,ambiguous,short,,nonfinal,7,4,grading,12.853757858276367
critical,9,ambiguous,short,,nonfinal,7,5,the,2.238361120223999
critical,9,ambiguous,short,,nonfinal,7,6,students,5.482311725616455
critical,9,ambiguous,short,,nonfinal,7,7,passed,13.629875183105469
critical,9,ambiguous,short,,nonfinal,7,8,the,1.210757851600647
critical,9,ambiguous,short,,nonfinal,7,9,class.,7.949263691902161
critical,9,ambiguous,long,,final,9,0,After,18.362133026123047
critical,9,ambiguous,long,,final,9,1,the,3.560596704483032
critical,9,ambiguous,long,,final,9,2,teacher,13.572639465332031
critical,9,ambiguous,long,,final,9,3,finished,8.605626106262207
critical,9,ambiguous,long,,final,9,4,grading,12.853757858276367
critical,9,ambiguous,long,,final,9,5,the,2.238361120223999
critical,9,ambiguous,long,,final,9,6,students,5.482311725616455
critical,9,ambiguous,long,,final,9,7,studying,13.857585906982422
critical,9,ambiguous,long,,final,9,8,engineering,11.648634910583496
critical,9,ambiguous,long,,final,9,9,passed.,21.05080819129944
critical,9,ambiguous,long,,nonfinal,9,0,After,18.362133026123047
critical,9,ambiguous,long,,nonfinal,9,1,the,3.560596704483032
critical,9,ambiguous,long,,nonfinal,9,2,teacher,13.572639465332031
critical,9,ambiguous,long,,nonfinal,9,3,finished,8.605626106262207
critical,9,ambiguous,long,,nonfinal,9,4,grading,12.853757858276367
critical,9,ambiguous,long,,nonfinal,9,5,the,2.238361120223999
critical,9,ambiguous,long,,nonfinal,9,6,students,5.482311725616455
critical,9,ambiguous,long,,nonfinal,9,7,studying,13.857585906982422
critical,9,ambiguous,long,,nonfinal,9,8,engineering,11.648634910583496
critical,9,ambiguous,long,,nonfinal,9,9,passed,17.484928131103516
critical,9,ambiguous,long,,nonfinal,9,10,the,2.2100071907043457
critical,9,ambiguous,long,,nonfinal,9,11,class.,7.97585654258728
critical,9,unambiguous,short,comma,final,7,0,After,18.362133026123047
critical,9,unambiguous,short,comma,final,7,1,the,3.560596704483032
critical,9,unambiguous,short,comma,final,7,2,teacher,13.572639465332031
critical,9,unambiguous,short,comma,final,7,3,finished,8.605626106262207
critical,9,unambiguous,short,comma,final,7,4,"grading,",14.807700872421265
critical,9,unambiguous,short,comma,final,7,5,the,1.6992876529693604
critical,9,unambiguous,short,comma,final,7,6,students,3.734945774078369
critical,9,unambiguous,short,comma,final,7,7,passed.,15.803603649139404
critical,9,unambiguous,short,comma,nonfinal,7,0,After,18.362133026123047
critical,9,unambiguous,short,comma,nonfinal,7,1,the,3.560596704483032
critical,9,unambiguous,short,comma,nonfinal,7,2,teacher,13.572639465332031
critical,9,unambiguous,short,comma,nonfinal,7,3,finished,8.605626106262207
critical,9,unambiguous,short,comma,nonfinal,7,4,"grading,",14.807700872421265
critical,9,unambiguous,short,comma,nonfinal,7,5,the,1.6992876529693604
critical,9,unambiguous,short,comma,nonfinal,7,6,students,3.734945774078369
critical,9,unambiguous,short,comma,nonfinal,7,7,passed,9.098206520080566
critical,9,unambiguous,short,comma,nonfinal,7,8,the,1.5860487222671509
critical,9,unambiguous,short,comma,nonfinal,7,9,class.,9.0925714969635
critical,9,unambiguous,long,comma,final,9,0,After,18.362133026123047
critical,9,unambiguous,long,comma,final,9,1,the,3.560596704483032
critical,9,unambiguous,long,comma,final,9,2,teacher,13.572639465332031
critical,9,unambiguous,long,comma,final,9,3,finished,8.605626106262207
critical,9,unambiguous,long,comma,final,9,4,"grading,",14.807700872421265
critical,9,unambiguous,long,comma,final,9,5,the,1.6992876529693604
critical,9,unambiguous,long,comma,final,9,6,students,3.734945774078369
critical,9,unambiguous,long,comma,final,9,7,studying,14.213504791259766
critical,9,unambiguous,long,comma,final,9,8,engineering,10.529102325439451
critical,9,unambiguous,long,comma,final,9,9,passed.,18.027875900268555
critical,9,unambiguous,long,comma,nonfinal,9,0,After,18.362133026123047
critical,9,unambiguous,long,comma,nonfinal,9,1,the,3.560596704483032
critical,9,unambiguous,long,comma,nonfinal,9,2,teacher,13.572639465332031
critical,9,unambiguous,long,comma,nonfinal,9,3,finished,8.605626106262207
critical,9,unambiguous,long,comma,nonfinal,9,4,"grading,",14.807700872421265
critical,9,unambiguous,long,comma,nonfinal,9,5,the,1.6992876529693604
critical,9,unambiguous,long,comma,nonfinal,9,6,students,3.734945774078369
critical,9,unambiguous,long,comma,nonfinal,9,7,studying,14.213504791259766
critical,9,unambiguous,long,comma,nonfinal,9,8,engineering,10.529102325439451
critical,9,unambiguous,long,comma,nonfinal,9,9,passed,14.313711166381836
critical,9,unambiguous,long,comma,nonfinal,9,10,the,1.7345097064971924
critical,9,unambiguous,long,comma,nonfinal,9,11,class.,8.865036964416504
critical,9,unambiguous,short,object,final,9,0,After,18.362133026123047
critical,9,unambiguous,short,object,final,9,1,the,3.560596704483032
critical,9,unambiguous,short,object,final,9,2,teacher,13.572639465332031
critical,9,unambiguous,short,object,final,9,3,finished,8.605626106262207
critical,9,unambiguous,short,object,final,9,4,grading,12.853757858276367
critical,9,unambiguous,short,object,final,9,5,the,2.238361120223999
critical,9,unambiguous,short,object,final,9,6,final,6.51995325088501
critical,9,unambiguous,short,object,final,9,7,the,10.970610618591309
critical,9,unambiguous,short,object,final,9,8,students,6.011698722839356
critical,9,unambiguous,short,object,final,9,9,passed.,12.761123895645142
critical,9,unambiguous,short,object,nonfinal,9,0,After,18.362133026123047
critical,9,unambiguous,short,object,nonfinal,9,1,the,3.560596704483032
critical,9,unambiguous,short,object,nonfinal,9,2,teacher,13.572639465332031
critical,9,unambiguous,short,object,nonfinal,9,3,finished,8.605626106262207
critical,9,unambiguous,short,object,nonfinal,9,4,grading,12.853757858276367
critical,9,unambiguous,short,object,nonfinal,9,5,the,2.238361120223999
critical,9,unambiguous,short,object,nonfinal,9,6,final,6.51995325088501
critical,9,unambiguous,short,object,nonfinal,9,7,the,10.970610618591309
critical,9,unambiguous,short,object,nonfinal,9,8,students,6.011698722839356
critical,9,unambiguous,short,object,nonfinal,9,9,passed,9.099616050720217
critical,9,unambiguous,short,object,nonfinal,9,10,the,1.2954668998718262
critical,9,unambiguous,short,object,nonfinal,9,11,class.,7.829860806465149
critical,9,unambiguous,long,object,final,11,0,After,18.362133026123047
critical,9,unambiguous,long,object,final,11,1,the,3.560596704483032
critical,9,unambiguous,long,object,final,11,2,teacher,13.572639465332031
critical,9,unambiguous,long,object,final,11,3,finished,8.605626106262207
critical,9,unambiguous,long,object,final,11,4,grading,12.853757858276367
critical,9,unambiguous,long,object,final,11,5,the,2.238361120223999
critical,9,unambiguous,long,object,final,11,6,final,6.51995325088501
critical,9,unambiguous,long,object,final,11,7,the,10.970610618591309
critical,9,unambiguous,long,object,final,11,8,students,6.011698722839356
critical,9,unambiguous,long,object,final,11,9,studying,13.540939331054688
critical,9,unambiguous,long,object,final,11,10,engineering,11.493834495544434
critical,9,unambiguous,long,object,final,11,11,passed.,17.941053867340088
critical,9,unambiguous,long,object,nonfinal,11,0,After,18.362133026123047
critical,9,unambiguous,long,object,nonfinal,11,1,the,3.560596704483032
critical,9,unambiguous,long,object,nonfinal,11,2,teacher,13.572639465332031
critical,9,unambiguous,long,object,nonfinal,11,3,finished,8.605626106262207
critical,9,unambiguous,long,object,nonfinal,11,4,grading,12.853757858276367
critical,9,unambiguous,long,object,nonfinal,11,5,the,2.238361120223999
critical,9,unambiguous,long,object,nonfinal,11,6,final,6.51995325088501
critical,9,unambiguous,long,object,nonfinal,11,7,the,10.970610618591309
critical,9,unambiguous,long,object,nonfinal,11,8,students,6.011698722839356
critical,9,unambiguous,long,object,nonfinal,11,9,studying,13.540939331054688
critical,9,unambiguous,long,object,nonfinal,11,10,engineering,11.493834495544434
critical,9,unambiguous,long,object,nonfinal,11,11,passed,15.753060340881348
critical,9,unambiguous,long,object,nonfinal,11,12,the,2.4285600185394287
critical,9,unambiguous,long,object,nonfinal,11,13,class.,7.890442609786987
critical,10,ambiguous,short,,final,8,0,Since,19.24391746520996
critical,10,ambiguous,short,,final,8,1,the,2.386645793914795
critical,10,ambiguous,short,,final,8,2,company,12.362762451171877
critical,10,ambiguous,short,,final,8,3,shut,11.871590614318848
critical,10,ambiguous,short,,final,8,4,down,1.5996092557907104
critical,10,ambiguous,short,,final,8,5,their,5.058413982391357
critical,10,ambiguous,short,,final,8,6,product,7.041943550109863
critical,10,ambiguous,short,,final,8,7,line,4.754623889923096
critical,10,ambiguous,short,,final,8,8,disappeared.,23.33971333503723
critical,10,ambiguous,short,,nonfinal,8,0,Since,19.24391746520996
critical,10,ambiguous,short,,nonfinal,8,1,the,2.386645793914795
critical,10,ambiguous,short,,nonfinal,8,2,company,12.362762451171877
critical,10,ambiguous,short,,nonfinal,8,3,shut,11.871590614318848
critical,10,ambiguous,short,,nonfinal,8,4,down,1.5996092557907104
critical,10,ambiguous,short,,nonfinal,8,5,their,5.058413982391357
critical,10,ambiguous,short,,nonfinal,8,6,product,7.041943550109863
critical,10,ambiguous,short,,nonfinal,8,7,line,4.754623889923096
critical,10,ambiguous,short,,nonfinal,8,8,disappeared,20.014047622680664
critical,10,ambiguous,short,,nonfinal,8,9,from,4.031691551208496
critical,10,ambiguous,short,,nonfinal,8,10,the,1.1161866188049316
critical,10,ambiguous,short,,nonfinal,8,11,market.,6.118069648742676
critical,10,ambiguous,long,,final,10,0,Since,19.24391746520996
critical,10,ambiguous,long,,final,10,1,the,2.386645793914795
critical,10,ambiguous,long,,final,10,2,company,12.362762451171877
critical,10,ambiguous,long,,final,10,3,shut,11.871590614318848
critical,10,ambiguous,long,,final,10,4,down,1.5996092557907104
critical,10,ambiguous,long,,final,10,5,their,5.058413982391357
critical,10,ambiguous,long,,final,10,6,product,7.041943550109863
critical,10,ambiguous,long,,final,10,7,line,4.754623889923096
critical,10,ambiguous,long,,final,10,8,of,5.904799938201904
critical,10,ambiguous,long,,final,10,9,streetwear,20.7942156791687
critical,10,ambiguous,long,,final,10,10,disappeared.,22.70166563987732
critical,10,ambiguous,long,,nonfinal,10,0,Since,19.24391746520996
critical,10,ambiguous,long,,nonfinal,10,1,the,2.386645793914795
critical,10,ambiguous,long,,nonfinal,10,2,company,12.362762451171877
critical,10,ambiguous,long,,nonfinal,10,3,shut,11.871590614318848
critical,10,ambiguous,long,,nonfinal,10,4,down,1.5996092557907104
critical,10,ambiguous,long,,nonfinal,10,5,their,5.058413982391357
critical,10,ambiguous,long,,nonfinal,10,6,product,7.041943550109863
critical,10,ambiguous,long,,nonfinal,10,7,line,4.754623889923096
critical,10,ambiguous,long,,nonfinal,10,8,of,5.904799938201904
critical,10,ambiguous,long,,nonfinal,10,9,streetwear,20.7942156791687
critical,10,ambiguous,long,,nonfinal,10,10,disappeared,19.789506912231445
critical,10,ambiguous,long,,nonfinal,10,11,from,3.639141798019409
critical,10,ambiguous,long,,nonfinal,10,12,the,1.276270866394043
critical,10,ambiguous,long,,nonfinal,10,13,market.,6.659784317016602
critical,10,unambiguous,short,comma,final,8,0,Since,19.24391746520996
critical,10,unambiguous,short,comma,final,8,1,the,2.386645793914795
critical,10,unambiguous,short,comma,final,8,2,company,12.362762451171877
critical,10,unambiguous,short,comma,final,8,3,shut,11.871590614318848
critical,10,unambiguous,short,comma,final,8,4,"down,",7.058145880699158
critical,10,unambiguous,short,comma,final,8,5,their,7.190228462219238
critical,10,unambiguous,short,comma,final,8,6,product,7.6889729499816895
critical,10,unambiguous,short,comma,final,8,7,line,4.135068416595459
critical,10,unambiguous,short,comma,final,8,8,disappeared.,12.79898715019226
critical,10,unambiguous,short,comma,nonfinal,8,0,Since,19.24391746520996
critical,10,unambiguous,short,comma,nonfinal,8,1,the,2.386645793914795
critical,10,unambiguous,short,comma,nonfinal,8,2,company,12.362762451171877
critical,10,unambiguous,short,comma,nonfinal,8,3,shut,11.871590614318848
critical,10,unambiguous,short,comma,nonfinal,8,4,"down,",7.058145880699158
critical,10,unambiguous,short,comma,nonfinal,8,5,their,7.190228462219238
critical,10,unambiguous,short,comma,nonfinal,8,6,product,7.6889729499816895
critical,10,unambiguous,short,comma,nonfinal,8,7,line,4.135068416595459
critical,10,unambiguous,short,comma,nonfinal,8,8,disappeared,11.673995018005373
critical,10,unambiguous,short,comma,nonfinal,8,9,from,4.586086750030518
critical,10,unambiguous,short,comma,nonfinal,8,10,the,1.008759379386902
critical,10,unambiguous,short,comma,nonfinal,8,11,market.,4.096323907375336
critical,10,unambiguous,long,comma,final,10,0,Since,19.24391746520996
critical,10,unambiguous,long,comma,final,10,1,the,2.386645793914795
critical,10,unambiguous,long,comma,final,10,2,company,12.362762451171877
critical,10,unambiguous,long,comma,final,10,3,shut,11.871590614318848
critical,10,unambiguous,long,comma,final,10,4,"down,",7.058145880699158
critical,10,unambiguous,long,comma,final,10,5,their,7.190228462219238
critical,10,unambiguous,long,comma,final,10,6,product,7.6889729499816895
critical,10,unambiguous,long,comma,final,10,7,line,4.135068416595459
critical,10,unambiguous,long,comma,final,10,8,of,7.587005138397217
critical,10,unambiguous,long,comma,final,10,9,streetwear,20.78893184661865
critical,10,unambiguous,long,comma,final,10,10,disappeared.,13.56260097026825
critical,10,unambiguous,long,comma,nonfinal,10,0,Since,19.24391746520996
critical,10,unambiguous,long,comma,nonfinal,10,1,the,2.386645793914795
critical,10,unambiguous,long,comma,nonfinal,10,2,company,12.362762451171877
critical,10,unambiguous,long,comma,nonfinal,10,3,shut,11.871590614318848
critical,10,unambiguous,long,comma,nonfinal,10,4,"down,",7.058145880699158
critical,10,unambiguous,long,comma,nonfinal,10,5,their,7.190228462219238
critical,10,unambiguous,long,comma,nonfinal,10,6,product,7.6889729499816895
critical,10,unambiguous,long,comma,nonfinal,10,7,line,4.135068416595459
critical,10,unambiguous,long,comma,nonfinal,10,8,of,7.587005138397217
critical,10,unambiguous,long,comma,nonfinal,10,9,streetwear,20.78893184661865
critical,10,unambiguous,long,comma,nonfinal,10,10,disappeared,12.407670021057127
critical,10,unambiguous,long,comma,nonfinal,10,11,from,4.348514080047607
critical,10,unambiguous,long,comma,nonfinal,10,12,the,1.197021245956421
critical,10,unambiguous,long,comma,nonfinal,10,13,market.,5.23100209236145
critical,10,unambiguous,short,object,final,11,0,Since,19.24391746520996
critical,10,unambiguous,short,object,final,11,1,the,2.386645793914795
critical,10,unambiguous,short,object,final,11,2,company,12.362762451171877
critical,10,unambiguous,short,object,final,11,3,shut,11.871590614318848
critical,10,unambiguous,short,object,final,11,4,down,1.5996092557907104
critical,10,unambiguous,short,object,final,11,5,the,1.6246168613433838
critical,10,unambiguous,short,object,final,11,6,clothing,16.751253128051758
critical,10,unambiguous,short,object,final,11,7,brand,6.607479572296143
critical,10,unambiguous,short,object,final,11,8,their,11.690373420715332
critical,10,unambiguous,short,object,final,11,9,product,6.727234840393066
critical,10,unambiguous,short,object,final,11,10,line,6.721951484680176
critical,10,unambiguous,short,object,final,11,11,disappeared.,17.10241723060608
critical,10,unambiguous,short,object,nonfinal,11,0,Since,19.24391746520996
critical,10,unambiguous,short,object,nonfinal,11,1,the,2.386645793914795
critical,10,unambiguous,short,object,nonfinal,11,2,company,12.362762451171877
critical,10,unambiguous,short,object,nonfinal,11,3,shut,11.871590614318848
critical,10,unambiguous,short,object,nonfinal,11,4,down,1.5996092557907104
critical,10,unambiguous,short,object,nonfinal,11,5,the,1.6246168613433838
critical,10,unambiguous,short,object,nonfinal,11,6,clothing,16.751253128051758
critical,10,unambiguous,short,object,nonfinal,11,7,brand,6.607479572296143
critical,10,unambiguous,short,object,nonfinal,11,8,their,11.690373420715332
critical,10,unambiguous,short,object,nonfinal,11,9,product,6.727234840393066
critical,10,unambiguous,short,object,nonfinal,11,10,line,6.721951484680176
critical,10,unambiguous,short,object,nonfinal,11,11,disappeared,14.64198112487793
critical,10,unambiguous,short,object,nonfinal,11,12,from,3.9677634239196777
critical,10,unambiguous,short,object,nonfinal,11,13,the,1.1040350198745728
critical,10,unambiguous,short,object,nonfinal,11,14,market.,6.6231536865234375
critical,10,unambiguous,long,object,final,13,0,Since,19.24391746520996
critical,10,unambiguous,long,object,final,13,1,the,2.386645793914795
critical,10,unambiguous,long,object,final,13,2,company,12.362762451171877
critical,10,unambiguous,long,object,final,13,3,shut,11.871590614318848
critical,10,unambiguous,long,object,final,13,4,down,1.5996092557907104
critical,10,unambiguous,long,object,final,13,5,the,1.6246168613433838
critical,10,unambiguous,long,object,final,13,6,clothing,16.751253128051758
critical,10,unambiguous,long,object,final,13,7,brand,6.607479572296143
critical,10,unambiguous,long,object,final,13,8,their,11.690373420715332
critical,10,unambiguous,long,object,final,13,9,product,6.727234840393066
critical,10,unambiguous,long,object,final,13,10,line,6.721951484680176
critical,10,unambiguous,long,object,final,13,11,of,7.351193428039551
critical,10,unambiguous,long,object,final,13,12,streetwear,14.182156682014464
critical,10,unambiguous,long,object,final,13,13,disappeared.,18.63422417640686
critical,10,unambiguous,long,object,nonfinal,13,0,Since,19.24391746520996
critical,10,unambiguous,long,object,nonfinal,13,1,the,2.386645793914795
critical,10,unambiguous,long,object,nonfinal,13,2,company,12.362762451171877
critical,10,unambiguous,long,object,nonfinal,13,3,shut,11.871590614318848
critical,10,unambiguous,long,object,nonfinal,13,4,down,1.5996092557907104
critical,10,unambiguous,long,object,nonfinal,13,5,the,1.6246168613433838
critical,10,unambiguous,long,object,nonfinal,13,6,clothing,16.751253128051758
critical,10,unambiguous,long,object,nonfinal,13,7,brand,6.607479572296143
critical,10,unambiguous,long,object,nonfinal,13,8,their,11.690373420715332
critical,10,unambiguous,long,object,nonfinal,13,9,product,6.727234840393066
critical,10,unambiguous,long,object,nonfinal,13,10,line,6.721951484680176
critical,10,unambiguous,long,object,nonfinal,13,11,of,7.351193428039551
critical,10,unambiguous,long,object,nonfinal,13,12,streetwear,14.182156682014464
critical,10,unambiguous,long,object,nonfinal,13,13,disappeared,16.519140243530273
critical,10,unambiguous,long,object,nonfinal,13,14,from,3.784608840942383
critical,10,unambiguous,long,object,nonfinal,13,15,the,1.1797624826431274
critical,10,unambiguous,long,object,nonfinal,13,16,market.,6.71208930015564
critical,11,ambiguous,short,,final,6,0,Because,19.343420028686523
critical,11,ambiguous,short,,final,6,1,the,2.936638116836548
critical,11,ambiguous,short,,final,6,2,employees,13.658228874206545
critical,11,ambiguous,short,,final,6,3,mopped,21.9227294921875
critical,11,ambiguous,short,,final,6,4,the,1.8639507293701167
critical,11,ambiguous,short,,final,6,5,bathroom,9.855304718017578
critical,11,ambiguous,short,,final,6,6,sparkled.,26.784077644348145
critical,11,ambiguous,short,,nonfinal,6,0,Because,19.343420028686523
critical,11,ambiguous,short,,nonfinal,6,1,the,2.936638116836548
critical,11,ambiguous,short,,nonfinal,6,2,employees,13.658228874206545
critical,11,ambiguous,short,,nonfinal,6,3,mopped,21.9227294921875
critical,11,ambiguous,short,,nonfinal,6,4,the,1.8639507293701167
critical,11,ambiguous,short,,nonfinal,6,5,bathroom,9.855304718017578
critical,11,ambiguous,short,,nonfinal,6,6,sparkled,24.305150032043457
critical,11,ambiguous,short,,nonfinal,6,7,brilliantly,10.291882172226906
critical,11,ambiguous,short,,nonfinal,6,8,in,3.230918407440185
critical,11,ambiguous,short,,nonfinal,6,9,the,1.0321820974349976
critical,11,ambiguous,short,,nonfinal,6,10,light.,10.054309129714966
critical,11,ambiguous,long,,final,7,0,Because,19.343420028686523
critical,11,ambiguous,long,,final,7,1,the,2.936638116836548
critical,11,ambiguous,long,,final,7,2,employees,13.658228874206545
critical,11,ambiguous,long,,final,7,3,mopped,21.9227294921875
critical,11,ambiguous,long,,final,7,4,the,1.8639507293701167
critical,11,ambiguous,long,,final,7,5,bathroom,9.855304718017578
critical,11,ambiguous,long,,final,7,6,downstairs,14.481192588806152
critical,11,ambiguous,long,,final,7,7,sparkled.,28.07355546951294
critical,11,ambiguous,long,,nonfinal,7,0,Because,19.343420028686523
critical,11,ambiguous,long,,nonfinal,7,1,the,2.936638116836548
critical,11,ambiguous,long,,nonfinal,7,2,employees,13.658228874206545
critical,11,ambiguous,long,,nonfinal,7,3,mopped,21.9227294921875
critical,11,ambiguous,long,,nonfinal,7,4,the,1.8639507293701167
critical,11,ambiguous,long,,nonfinal,7,5,bathroom,9.855304718017578
critical,11,ambiguous,long,,nonfinal,7,6,downstairs,14.481192588806152
critical,11,ambiguous,long,,nonfinal,7,7,sparkled,25.34789729118347
critical,11,ambiguous,long,,nonfinal,7,8,brilliantly,9.838926509022713
critical,11,ambiguous,long,,nonfinal,7,9,in,3.3258416652679443
critical,11,ambiguous,long,,nonfinal,7,10,the,0.8698084354400635
critical,11,ambiguous,long,,nonfinal,7,11,light.,10.305794477462769
critical,11,unambiguous,short,comma,final,6,0,Because,19.343420028686523
critical,11,unambiguous,short,comma,final,6,1,the,2.936638116836548
critical,11,unambiguous,short,comma,final,6,2,employees,13.658228874206545
critical,11,unambiguous,short,comma,final,6,3,"mopped,",28.951993465423584
critical,11,unambiguous,short,comma,final,6,4,the,2.2529780864715576
critical,11,unambiguous,short,comma,final,6,5,bathroom,14.884132385253906
critical,11,unambiguous,short,comma,final,6,6,sparkled.,20.92488956451416
critical,11,unambiguous,short,comma,nonfinal,6,0,Because,19.343420028686523
critical,11,unambiguous,short,comma,nonfinal,6,1,the,2.936638116836548
critical,11,unambiguous,short,comma,nonfinal,6,2,employees,13.658228874206545
critical,11,unambiguous,short,comma,nonfinal,6,3,"mopped,",28.951993465423584
critical,11,unambiguous,short,comma,nonfinal,6,4,the,2.2529780864715576
critical,11,unambiguous,short,comma,nonfinal,6,5,bathroom,14.884132385253906
critical,11,unambiguous,short,comma,nonfinal,6,6,sparkled,18.503373861312863
critical,11,unambiguous,short,comma,nonfinal,6,7,brilliantly,8.57022811844945
critical,11,unambiguous,short,comma,nonfinal,6,8,in,3.6764771938323975
critical,11,unambiguous,short,comma,nonfinal,6,9,the,0.9763551354408264
critical,11,unambiguous,short,comma,nonfinal,6,10,light.,8.373513460159302
critical,11,unambiguous,long,comma,final,7,0,Because,19.343420028686523
critical,11,unambiguous,long,comma,final,7,1,the,2.936638116836548
critical,11,unambiguous,long,comma,final,7,2,employees,13.658228874206545
critical,11,unambiguous,long,comma,final,7,3,"mopped,",28.951993465423584
critical,11,unambiguous,long,comma,final,7,4,the,2.2529780864715576
critical,11,unambiguous,long,comma,final,7,5,bathroom,14.884132385253906
critical,11,unambiguous,long,comma,final,7,6,downstairs,14.808756828308104
critical,11,unambiguous,long,comma,final,7,7,sparkled.,20.63078534603119
critical,11,unambiguous,long,comma,nonfinal,7,0,Because,19.343420028686523
critical,11,unambiguous,long,comma,nonfinal,7,1,the,2.936638116836548
critical,11,unambiguous,long,comma,nonfinal,7,2,employees,13.658228874206545
critical,11,unambiguous,long,comma,nonfinal,7,3,"mopped,",28.951993465423584
critical,11,unambiguous,long,comma,nonfinal,7,4,the,2.2529780864715576
critical,11,unambiguous,long,comma,nonfinal,7,5,bathroom,14.884132385253906
critical,11,unambiguous,long,comma,nonfinal,7,6,downstairs,14.808756828308104
critical,11,unambiguous,long,comma,nonfinal,7,7,sparkled,17.89121448993683
critical,11,unambiguous,long,comma,nonfinal,7,8,brilliantly,8.17098630219698
critical,11,unambiguous,long,comma,nonfinal,7,9,in,4.048069953918457
critical,11,unambiguous,long,comma,nonfinal,7,10,the,0.714655339717865
critical,11,unambiguous,long,comma,nonfinal,7,11,light.,8.794945001602173
critical,11,unambiguous,short,object,final,8,0,Because,19.343420028686523
critical,11,unambiguous,short,object,final,8,1,the,2.936638116836548
critical,11,unambiguous,short,object,final,8,2,employees,13.658228874206545
critical,11,unambiguous,short,object,final,8,3,mopped,21.9227294921875
critical,11,unambiguous,short,object,final,8,4,the,1.8639507293701167
critical,11,unambiguous,short,object,final,8,5,floor,5.866231918334961
critical,11,unambiguous,short,object,final,8,6,the,8.80040454864502
critical,11,unambiguous,short,object,final,8,7,bathroom,11.118895530700684
critical,11,unambiguous,short,object,final,8,8,sparkled.,21.83203339576721
critical,11,unambiguous,short,object,nonfinal,8,0,Because,19.343420028686523
critical,11,unambiguous,short,object,nonfinal,8,1,the,2.936638116836548
critical,11,unambiguous,short,object,nonfinal,8,2,employees,13.658228874206545
critical,11,unambiguous,short,object,nonfinal,8,3,mopped,21.9227294921875
critical,11,unambiguous,short,object,nonfinal,8,4,the,1.8639507293701167
critical,11,unambiguous,short,object,nonfinal,8,5,floor,5.866231918334961
critical,11,unambiguous,short,object,nonfinal,8,6,the,8.80040454864502
critical,11,unambiguous,short,object,nonfinal,8,7,bathroom,11.118895530700684
critical,11,unambiguous,short,object,nonfinal,8,8,sparkled,19.79496645927429
critical,11,unambiguous,short,object,nonfinal,8,9,brilliantly,9.836636662483215
critical,11,unambiguous,short,object,nonfinal,8,10,in,4.109355926513672
critical,11,unambiguous,short,object,nonfinal,8,11,the,1.0055893659591677
critical,11,unambiguous,short,object,nonfinal,8,12,light.,8.592242002487183
critical,11,unambiguous,long,object,final,9,0,Because,19.343420028686523
critical,11,unambiguous,long,object,final,9,1,the,2.936638116836548
critical,11,unambiguous,long,object,final,9,2,employees,13.658228874206545
critical,11,unambiguous,long,object,final,9,3,mopped,21.9227294921875
critical,11,unambiguous,long,object,final,9,4,the,1.8639507293701167
critical,11,unambiguous,long,object,final,9,5,floor,5.866231918334961
critical,11,unambiguous,long,object,final,9,6,the,8.80040454864502
critical,11,unambiguous,long,object,final,9,7,bathroom,11.118895530700684
critical,11,unambiguous,long,object,final,9,8,downstairs,12.984783172607422
critical,11,unambiguous,long,object,final,9,9,sparkled.,23.6165589094162
critical,11,unambiguous,long,object,nonfinal,9,0,Because,19.343420028686523
critical,11,unambiguous,long,object,nonfinal,9,1,the,2.936638116836548
critical,11,unambiguous,long,object,nonfinal,9,2,employees,13.658228874206545
critical,11,unambiguous,long,object,nonfinal,9,3,mopped,21.9227294921875
critical,11,unambiguous,long,object,nonfinal,9,4,the,1.8639507293701167
critical,11,unambiguous,long,object,nonfinal,9,5,floor,5.866231918334961
critical,11,unambiguous,long,object,nonfinal,9,6,the,8.80040454864502
critical,11,unambiguous,long,object,nonfinal,9,7,bathroom,11.118895530700684
critical,11,unambiguous,long,object,nonfinal,9,8,downstairs,12.984783172607422
critical,11,unambiguous,long,object,nonfinal,9,9,sparkled,21.45075523853302
critical,11,unambiguous,long,object,nonfinal,9,10,brilliantly,9.512066200375555
critical,11,unambiguous,long,object,nonfinal,9,11,in,4.244080543518066
critical,11,unambiguous,long,object,nonfinal,9,12,the,0.7320902347564697
critical,11,unambiguous,long,object,nonfinal,9,13,light.,9.248252391815186
critical,12,ambiguous,short,,final,6,0,As,18.901031494140625
critical,12,ambiguous,short,,final,6,1,the,2.5676872730255127
critical,12,ambiguous,short,,final,6,2,journalist,15.2201509475708
critical,12,ambiguous,short,,final,6,3,recorded,13.432279586791992
critical,12,ambiguous,short,,final,6,4,the,2.6967759132385254
critical,12,ambiguous,short,,final,6,5,demonstrators,18.02347242832184
critical,12,ambiguous,short,,final,6,6,shouted.,11.354002952575684
critical,12,ambiguous,short,,nonfinal,6,0,As,18.901031494140625
critical,12,ambiguous,short,,nonfinal,6,1,the,2.5676872730255127
critical,12,ambiguous,short,,nonfinal,6,2,journalist,15.2201509475708
critical,12,ambiguous,short,,nonfinal,6,3,recorded,13.432279586791992
critical,12,ambiguous,short,,nonfinal,6,4,the,2.6967759132385254
critical,12,ambiguous,short,,nonfinal,6,5,demonstrators,18.02347242832184
critical,12,ambiguous,short,,nonfinal,6,6,shouted,8.185956001281738
critical,12,ambiguous,short,,nonfinal,6,7,to,5.909202575683594
critical,12,ambiguous,short,,nonfinal,6,8,demand,11.41476058959961
critical,12,ambiguous,short,,nonfinal,6,9,immediate,7.056384563446045
critical,12,ambiguous,short,,nonfinal,6,10,change.,10.5761239528656
critical,12,ambiguous,long,,final,8,0,As,18.901031494140625
critical,12,ambiguous,long,,final,8,1,the,2.5676872730255127
critical,12,ambiguous,long,,final,8,2,journalist,15.2201509475708
critical,12,ambiguous,long,,final,8,3,recorded,13.432279586791992
critical,12,ambiguous,long,,final,8,4,the,2.6967759132385254
critical,12,ambiguous,long,,final,8,5,demonstrators,18.02347242832184
critical,12,ambiguous,long,,final,8,6,protesting,11.22403335571289
critical,12,ambiguous,long,,final,8,7,angrily,12.849706649780272
critical,12,ambiguous,long,,final,8,8,shouted.,13.342639207839966
critical,12,ambiguous,long,,nonfinal,8,0,As,18.901031494140625
critical,12,ambiguous,long,,nonfinal,8,1,the,2.5676872730255127
critical,12,ambiguous,long,,nonfinal,8,2,journalist,15.2201509475708
critical,12,ambiguous,long,,nonfinal,8,3,recorded,13.432279586791992
critical,12,ambiguous,long,,nonfinal,8,4,the,2.6967759132385254
critical,12,ambiguous,long,,nonfinal,8,5,demonstrators,18.02347242832184
critical,12,ambiguous,long,,nonfinal,8,6,protesting,11.22403335571289
critical,12,ambiguous,long,,nonfinal,8,7,angrily,12.849706649780272
critical,12,ambiguous,long,,nonfinal,8,8,shouted,9.610687255859377
critical,12,ambiguous,long,,nonfinal,8,9,to,4.239325523376465
critical,12,ambiguous,long,,nonfinal,8,10,demand,12.589591979980469
critical,12,ambiguous,long,,nonfinal,8,11,immediate,8.34991455078125
critical,12,ambiguous,long,,nonfinal,8,12,change.,10.431184887886047
critical,12,unambiguous,short,comma,final,6,0,As,18.901031494140625
critical,12,unambiguous,short,comma,final,6,1,the,2.5676872730255127
critical,12,unambiguous,short,comma,final,6,2,journalist,15.2201509475708
critical,12,unambiguous,short,comma,final,6,3,"recorded,",15.33585512638092
critical,12,unambiguous,short,comma,final,6,4,the,1.9704973697662356
critical,12,unambiguous,short,comma,final,6,5,demonstrators,15.721008062362673
critical,12,unambiguous,short,comma,final,6,6,shouted.,13.336827754974363
critical,12,unambiguous,short,comma,nonfinal,6,0,As,18.901031494140625
critical,12,unambiguous,short,comma,nonfinal,6,1,the,2.5676872730255127
critical,12,unambiguous,short,comma,nonfinal,6,2,journalist,15.2201509475708
critical,12,unambiguous,short,comma,nonfinal,6,3,"recorded,",15.33585512638092
critical,12,unambiguous,short,comma,nonfinal,6,4,the,1.9704973697662356
critical,12,unambiguous,short,comma,nonfinal,6,5,demonstrators,15.721008062362673
critical,12,unambiguous,short,comma,nonfinal,6,6,shouted,7.057793617248535
critical,12,unambiguous,short,comma,nonfinal,6,7,to,4.85553503036499
critical,12,unambiguous,short,comma,nonfinal,6,8,demand,11.91262435913086
critical,12,unambiguous,short,comma,nonfinal,6,9,immediate,7.317203998565674
critical,12,unambiguous,short,comma,nonfinal,6,10,change.,10.903512358665466
critical,12,unambiguous,long,comma,final,8,0,As,18.901031494140625
critical,12,unambiguous,long,comma,final,8,1,the,2.5676872730255127
critical,12,unambiguous,long,comma,final,8,2,journalist,15.2201509475708
critical,12,unambiguous,long,comma,final,8,3,"recorded,",15.33585512638092
critical,12,unambiguous,long,comma,final,8,4,the,1.9704973697662356
critical,12,unambiguous,long,comma,final,8,5,demonstrators,15.721008062362673
critical,12,unambiguous,long,comma,final,8,6,protesting,13.097142219543455
critical,12,unambiguous,long,comma,final,8,7,angrily,13.008734703063965
critical,12,unambiguous,long,comma,final,8,8,shouted.,10.589860439300535
critical,12,unambiguous,long,comma,nonfinal,8,0,As,18.901031494140625
critical,12,unambiguous,long,comma,nonfinal,8,1,the,2.5676872730255127
critical,12,unambiguous,long,comma,nonfinal,8,2,journalist,15.2201509475708
critical,12,unambiguous,long,comma,nonfinal,8,3,"recorded,",15.33585512638092
critical,12,unambiguous,long,comma,nonfinal,8,4,the,1.9704973697662356
critical,12,unambiguous,long,comma,nonfinal,8,5,demonstrators,15.721008062362673
critical,12,unambiguous,long,comma,nonfinal,8,6,protesting,13.097142219543455
critical,12,unambiguous,long,comma,nonfinal,8,7,angrily,13.008734703063965
critical,12,unambiguous,long,comma,nonfinal,8,8,shouted,4.85553503036499
critical,12,unambiguous,long,comma,nonfinal,8,9,to,4.462457180023193
critical,12,unambiguous,long,comma,nonfinal,8,10,demand,12.519852638244627
critical,12,unambiguous,long,comma,nonfinal,8,11,immediate,8.443428993225098
critical,12,unambiguous,long,comma,nonfinal,8,12,change.,10.742372274398804
critical,12,unambiguous,short,object,final,8,0,As,18.901031494140625
critical,12,unambiguous,short,object,final,8,1,the,2.5676872730255127
critical,12,unambiguous,short,object,final,8,2,journalist,15.2201509475708
critical,12,unambiguous,short,object,final,8,3,recorded,13.432279586791992
critical,12,unambiguous,short,object,final,8,4,the,2.6967759132385254
critical,12,unambiguous,short,object,final,8,5,commotion,14.459001779556274
critical,12,unambiguous,short,object,final,8,6,the,8.906599044799805
critical,12,unambiguous,short,object,final,8,7,demonstrators,13.326085388660433
critical,12,unambiguous,short,object,final,8,8,shouted.,6.988758563995361
critical,12,unambiguous,short,object,nonfinal,8,0,As,18.901031494140625
critical,12,unambiguous,short,object,nonfinal,8,1,the,2.5676872730255127
critical,12,unambiguous,short,object,nonfinal,8,2,journalist,15.2201509475708
critical,12,unambiguous,short,object,nonfinal,8,3,recorded,13.432279586791992
critical,12,unambiguous,short,object,nonfinal,8,4,the,2.6967759132385254
critical,12,unambiguous,short,object,nonfinal,8,5,commotion,14.459001779556274
critical,12,unambiguous,short,object,nonfinal,8,6,the,8.906599044799805
critical,12,unambiguous,short,object,nonfinal,8,7,demonstrators,13.326085388660433
critical,12,unambiguous,short,object,nonfinal,8,8,shouted,4.792311668395996
critical,12,unambiguous,short,object,nonfinal,8,9,to,5.21796989440918
critical,12,unambiguous,short,object,nonfinal,8,10,demand,12.056682586669922
critical,12,unambiguous,short,object,nonfinal,8,11,immediate,7.644240856170654
critical,12,unambiguous,short,object,nonfinal,8,12,change.,10.107142806053162
critical,12,unambiguous,long,object,final,10,0,As,18.901031494140625
critical,12,unambiguous,long,object,final,10,1,the,2.5676872730255127
critical,12,unambiguous,long,object,final,10,2,journalist,15.2201509475708
critical,12,unambiguous,long,object,final,10,3,recorded,13.432279586791992
critical,12,unambiguous,long,object,final,10,4,the,2.6967759132385254
critical,12,unambiguous,long,object,final,10,5,commotion,14.459001779556274
critical,12,unambiguous,long,object,final,10,6,the,8.906599044799805
critical,12,unambiguous,long,object,final,10,7,demonstrators,13.326085388660433
critical,12,unambiguous,long,object,final,10,8,protesting,12.30640697479248
critical,12,unambiguous,long,object,final,10,9,angrily,11.51760959625244
critical,12,unambiguous,long,object,final,10,10,shouted.,10.286422491073608
critical,12,unambiguous,long,object,nonfinal,10,0,As,18.901031494140625
critical,12,unambiguous,long,object,nonfinal,10,1,the,2.5676872730255127
critical,12,unambiguous,long,object,nonfinal,10,2,journalist,15.2201509475708
critical,12,unambiguous,long,object,nonfinal,10,3,recorded,13.432279586791992
critical,12,unambiguous,long,object,nonfinal,10,4,the,2.6967759132385254
critical,12,unambiguous,long,object,nonfinal,10,5,commotion,14.459001779556274
critical,12,unambiguous,long,object,nonfinal,10,6,the,8.906599044799805
critical,12,unambiguous,long,object,nonfinal,10,7,demonstrators,13.326085388660433
critical,12,unambiguous,long,object,nonfinal,10,8,protesting,12.30640697479248
critical,12,unambiguous,long,object,nonfinal,10,9,angrily,11.51760959625244
critical,12,unambiguous,long,object,nonfinal,10,10,shouted,6.739034175872803
critical,12,unambiguous,long,object,nonfinal,10,11,to,4.311882972717285
critical,12,unambiguous,long,object,nonfinal,10,12,demand,12.529362678527832
critical,12,unambiguous,long,object,nonfinal,10,13,immediate,8.619539260864258
critical,12,unambiguous,long,object,nonfinal,10,14,change.,10.610641658306122
critical,13,ambiguous,short,,final,10,0,Whenever,23.76713180541992
critical,13,ambiguous,short,,final,10,1,the,2.706638097763061
critical,13,ambiguous,short,,final,10,2,wildlife,17.960601806640625
critical,13,ambiguous,short,,final,10,3,documentary,15.61745548248291
critical,13,ambiguous,short,,final,10,4,crew,7.999454975128174
critical,13,ambiguous,short,,final,10,5,tries,10.054133415222168
critical,13,ambiguous,short,,final,10,6,to,0.0438514463603496
critical,13,ambiguous,short,,final,10,7,film,8.93143081665039
critical,13,ambiguous,short,,final,10,8,the,1.7456046342849731
critical,13,ambiguous,short,,final,10,9,bear,12.757248878479004
critical,13,ambiguous,short,,final,10,10,leaves.,17.081988096237183
critical,13,ambiguous,short,,nonfinal,10,0,Whenever,23.76713180541992
critical,13,ambiguous,short,,nonfinal,10,1,the,2.706638097763061
critical,13,ambiguous,short,,nonfinal,10,2,wildlife,17.960601806640625
critical,13,ambiguous,short,,nonfinal,10,3,documentary,15.61745548248291
critical,13,ambiguous,short,,nonfinal,10,4,crew,7.999454975128174
critical,13,ambiguous,short,,nonfinal,10,5,tries,10.054133415222168
critical,13,ambiguous,short,,nonfinal,10,6,to,0.0438514463603496
critical,13,ambiguous,short,,nonfinal,10,7,film,8.93143081665039
critical,13,ambiguous,short,,nonfinal,10,8,the,1.7456046342849731
critical,13,ambiguous,short,,nonfinal,10,9,bear,12.757248878479004
critical,13,ambiguous,short,,nonfinal,10,10,leaves,13.617371559143066
critical,13,ambiguous,short,,nonfinal,10,11,the,8.247241973876953
critical,13,ambiguous,short,,nonfinal,10,12,area,5.894057273864746
critical,13,ambiguous,short,,nonfinal,10,13,quickly.,13.717930316925049
critical,13,ambiguous,long,,final,12,0,Whenever,23.76713180541992
critical,13,ambiguous,long,,final,12,1,the,2.706638097763061
critical,13,ambiguous,long,,final,12,2,wildlife,17.960601806640625
critical,13,ambiguous,long,,final,12,3,documentary,15.61745548248291
critical,13,ambiguous,long,,final,12,4,crew,7.999454975128174
critical,13,ambiguous,long,,final,12,5,tries,10.054133415222168
critical,13,ambiguous,long,,final,12,6,to,0.0438514463603496
critical,13,ambiguous,long,,final,12,7,film,8.93143081665039
critical,13,ambiguous,long,,final,12,8,the,1.7456046342849731
critical,13,ambiguous,long,,final,12,9,bear,12.757248878479004
critical,13,ambiguous,long,,final,12,10,hunting,11.340794563293455
critical,13,ambiguous,long,,final,12,11,cautiously,21.260555267333984
critical,13,ambiguous,long,,final,12,12,leaves.,18.99084711074829
critical,13,ambiguous,long,,nonfinal,12,0,Whenever,23.76713180541992
critical,13,ambiguous,long,,nonfinal,12,1,the,2.706638097763061
critical,13,ambiguous,long,,nonfinal,12,2,wildlife,17.960601806640625
critical,13,ambiguous,long,,nonfinal,12,3,documentary,15.61745548248291
critical,13,ambiguous,long,,nonfinal,12,4,crew,7.999454975128174
critical,13,ambiguous,long,,nonfinal,12,5,tries,10.054133415222168
critical,13,ambiguous,long,,nonfinal,12,6,to,0.0438514463603496
critical,13,ambiguous,long,,nonfinal,12,7,film,8.93143081665039
critical,13,ambiguous,long,,nonfinal,12,8,the,1.7456046342849731
critical,13,ambiguous,long,,nonfinal,12,9,bear,12.757248878479004
critical,13,ambiguous,long,,nonfinal,12,10,hunting,11.340794563293455
critical,13,ambiguous,long,,nonfinal,12,11,cautiously,21.260555267333984
critical,13,ambiguous,long,,nonfinal,12,12,leaves,14.298565864562988
critical,13,ambiguous,long,,nonfinal,12,13,the,1.408353567123413
critical,13,ambiguous,long,,nonfinal,12,14,area,4.365596771240234
critical,13,ambiguous,long,,nonfinal,12,15,quickly.,12.883519768714905
critical,13,unambiguous,short,comma,final,10,0,Whenever,23.76713180541992
critical,13,unambiguous,short,comma,final,10,1,the,2.706638097763061
critical,13,unambiguous,short,comma,final,10,2,wildlife,17.960601806640625
critical,13,unambiguous,short,comma,final,10,3,documentary,15.61745548248291
critical,13,unambiguous,short,comma,final,10,4,crew,7.999454975128174
critical,13,unambiguous,short,comma,final,10,5,tries,10.054133415222168
critical,13,unambiguous,short,comma,final,10,6,to,0.0438514463603496
critical,13,unambiguous,short,comma,final,10,7,"film,",15.429722309112549
critical,13,unambiguous,short,comma,final,10,8,the,3.06960129737854
critical,13,unambiguous,short,comma,final,10,9,bear,13.3408784866333
critical,13,unambiguous,short,comma,final,10,10,leaves.,18.23656702041626
critical,13,unambiguous,short,comma,nonfinal,10,0,Whenever,23.76713180541992
critical,13,unambiguous,short,comma,nonfinal,10,1,the,2.706638097763061
critical,13,unambiguous,short,comma,nonfinal,10,2,wildlife,17.960601806640625
critical,13,unambiguous,short,comma,nonfinal,10,3,documentary,15.61745548248291
critical,13,unambiguous,short,comma,nonfinal,10,4,crew,7.999454975128174
critical,13,unambiguous,short,comma,nonfinal,10,5,tries,10.054133415222168
critical,13,unambiguous,short,comma,nonfinal,10,6,to,0.0438514463603496
critical,13,unambiguous,short,comma,nonfinal,10,7,"film,",15.429722309112549
critical,13,unambiguous,short,comma,nonfinal,10,8,the,3.06960129737854
critical,13,unambiguous,short,comma,nonfinal,10,9,bear,13.3408784866333
critical,13,unambiguous,short,comma,nonfinal,10,10,leaves,10.31283950805664
critical,13,unambiguous,short,comma,nonfinal,10,11,the,2.6347851753234863
critical,13,unambiguous,short,comma,nonfinal,10,12,area,6.06417989730835
critical,13,unambiguous,short,comma,nonfinal,10,13,quickly.,12.885633945465088
critical,13,unambiguous,long,comma,final,12,0,Whenever,23.76713180541992
critical,13,unambiguous,long,comma,final,12,1,the,2.706638097763061
critical,13,unambiguous,long,comma,final,12,2,wildlife,17.960601806640625
critical,13,unambiguous,long,comma,final,12,3,documentary,15.61745548248291
critical,13,unambiguous,long,comma,final,12,4,crew,7.999454975128174
critical,13,unambiguous,long,comma,final,12,5,tries,10.054133415222168
critical,13,unambiguous,long,comma,final,12,6,to,0.0438514463603496
critical,13,unambiguous,long,comma,final,12,7,"film,",15.429722309112549
critical,13,unambiguous,long,comma,final,12,8,the,3.06960129737854
critical,13,unambiguous,long,comma,final,12,9,bear,13.3408784866333
critical,13,unambiguous,long,comma,final,12,10,hunting,13.465564727783203
critical,13,unambiguous,long,comma,final,12,11,cautiously,18.75697326660156
critical,13,unambiguous,long,comma,final,12,12,leaves.,15.71819019317627
critical,13,unambiguous,long,comma,nonfinal,12,0,Whenever,23.76713180541992
critical,13,unambiguous,long,comma,nonfinal,12,1,the,2.706638097763061
critical,13,unambiguous,long,comma,nonfinal,12,2,wildlife,17.960601806640625
critical,13,unambiguous,long,comma,nonfinal,12,3,documentary,15.61745548248291
critical,13,unambiguous,long,comma,nonfinal,12,4,crew,7.999454975128174
critical,13,unambiguous,long,comma,nonfinal,12,5,tries,10.054133415222168
critical,13,unambiguous,long,comma,nonfinal,12,6,to,0.0438514463603496
critical,13,unambiguous,long,comma,nonfinal,12,7,"film,",15.429722309112549
critical,13,unambiguous,long,comma,nonfinal,12,8,the,3.06960129737854
critical,13,unambiguous,long,comma,nonfinal,12,9,bear,13.3408784866333
critical,13,unambiguous,long,comma,nonfinal,12,10,hunting,13.465564727783203
critical,13,unambiguous,long,comma,nonfinal,12,11,cautiously,18.75697326660156
critical,13,unambiguous,long,comma,nonfinal,12,12,leaves,8.907302856445312
critical,13,unambiguous,long,comma,nonfinal,12,13,the,0.988330602645874
critical,13,unambiguous,long,comma,nonfinal,12,14,area,4.450657844543457
critical,13,unambiguous,long,comma,nonfinal,12,15,quickly.,12.358535885810852
critical,13,unambiguous,short,object,final,12,0,Whenever,23.76713180541992
critical,13,unambiguous,short,object,final,12,1,the,2.706638097763061
critical,13,unambiguous,short,object,final,12,2,wildlife,17.960601806640625
critical,13,unambiguous,short,object,final,12,3,documentary,15.61745548248291
critical,13,unambiguous,short,object,final,12,4,crew,7.999454975128174
critical,13,unambiguous,short,object,final,12,5,tries,10.054133415222168
critical,13,unambiguous,short,object,final,12,6,to,0.0438514463603496
critical,13,unambiguous,short,object,final,12,7,film,8.93143081665039
critical,13,unambiguous,short,object,final,12,8,a,3.8170132637023926
critical,13,unambiguous,short,object,final,12,9,scene,5.510665416717529
critical,13,unambiguous,short,object,final,12,10,the,9.315703392028809
critical,13,unambiguous,short,object,final,12,11,bear,14.416207313537598
critical,13,unambiguous,short,object,final,12,12,leaves.,16.285794258117676
critical,13,unambiguous,short,object,nonfinal,12,0,Whenever,23.76713180541992
critical,13,unambiguous,short,object,nonfinal,12,1,the,2.706638097763061
critical,13,unambiguous,short,object,nonfinal,12,2,wildlife,17.960601806640625
critical,13,unambiguous,short,object,nonfinal,12,3,documentary,15.61745548248291
critical,13,unambiguous,short,object,nonfinal,12,4,crew,7.999454975128174
critical,13,unambiguous,short,object,nonfinal,12,5,tries,10.054133415222168
critical,13,unambiguous,short,object,nonfinal,12,6,to,0.0438514463603496
critical,13,unambiguous,short,object,nonfinal,12,7,film,8.93143081665039
critical,13,unambiguous,short,object,nonfinal,12,8,a,3.8170132637023926
critical,13,unambiguous,short,object,nonfinal,12,9,scene,5.510665416717529
critical,13,unambiguous,short,object,nonfinal,12,10,the,9.315703392028809
critical,13,unambiguous,short,object,nonfinal,12,11,bear,14.416207313537598
critical,13,unambiguous,short,object,nonfinal,12,12,leaves,11.13492202758789
critical,13,unambiguous,short,object,nonfinal,12,13,the,3.3987512588500977
critical,13,unambiguous,short,object,nonfinal,12,14,area,6.718429088592529
critical,13,unambiguous,short,object,nonfinal,12,15,quickly.,12.98143720626831
critical,13,unambiguous,long,object,final,14,0,Whenever,23.76713180541992
critical,13,unambiguous,long,object,final,14,1,the,2.706638097763061
critical,13,unambiguous,long,object,final,14,2,wildlife,17.960601806640625
critical,13,unambiguous,long,object,final,14,3,documentary,15.61745548248291
critical,13,unambiguous,long,object,final,14,4,crew,7.999454975128174
critical,13,unambiguous,long,object,final,14,5,tries,10.054133415222168
critical,13,unambiguous,long,object,final,14,6,to,0.0438514463603496
critical,13,unambiguous,long,object,final,14,7,film,8.93143081665039
critical,13,unambiguous,long,object,final,14,8,a,3.8170132637023926
critical,13,unambiguous,long,object,final,14,9,scene,5.510665416717529
critical,13,unambiguous,long,object,final,14,10,the,9.315703392028809
critical,13,unambiguous,long,object,final,14,11,bear,14.416207313537598
critical,13,unambiguous,long,object,final,14,12,hunting,12.520380973815918
critical,13,unambiguous,long,object,final,14,13,cautiously,20.893190383911133
critical,13,unambiguous,long,object,final,14,14,leaves.,14.824606657028198
critical,13,unambiguous,long,object,nonfinal,14,0,Whenever,23.76713180541992
critical,13,unambiguous,long,object,nonfinal,14,1,the,2.706638097763061
critical,13,unambiguous,long,object,nonfinal,14,2,wildlife,17.960601806640625
critical,13,unambiguous,long,object,nonfinal,14,3,documentary,15.61745548248291
critical,13,unambiguous,long,object,nonfinal,14,4,crew,7.999454975128174
critical,13,unambiguous,long,object,nonfinal,14,5,tries,10.054133415222168
critical,13,unambiguous,long,object,nonfinal,14,6,to,0.0438514463603496
critical,13,unambiguous,long,object,nonfinal,14,7,film,8.93143081665039
critical,13,unambiguous,long,object,nonfinal,14,8,a,3.8170132637023926
critical,13,unambiguous,long,object,nonfinal,14,9,scene,5.510665416717529
critical,13,unambiguous,long,object,nonfinal,14,10,the,9.315703392028809
critical,13,unambiguous,long,object,nonfinal,14,11,bear,14.416207313537598
critical,13,unambiguous,long,object,nonfinal,14,12,hunting,12.520380973815918
critical,13,unambiguous,long,object,nonfinal,14,13,cautiously,20.893190383911133
critical,13,unambiguous,long,object,nonfinal,14,14,leaves,11.36157512664795
critical,13,unambiguous,long,object,nonfinal,14,15,the,2.185528039932251
critical,13,unambiguous,long,object,nonfinal,14,16,area,5.410282611846924
critical,13,unambiguous,long,object,nonfinal,14,17,quickly.,12.461032152175903
critical,14,ambiguous,short,,final,6,0,While,20.36468315124512
critical,14,ambiguous,short,,final,6,1,the,2.3838281631469727
critical,14,ambiguous,short,,final,6,2,mechanic,15.686842918395996
critical,14,ambiguous,short,,final,6,3,inspected,15.537677764892578
critical,14,ambiguous,short,,final,6,4,the,1.085543513298035
critical,14,ambiguous,short,,final,6,5,engine,5.8801445960998535
critical,14,ambiguous,short,,final,6,6,hissed.,22.014307498931885
critical,14,ambiguous,short,,nonfinal,6,0,While,20.36468315124512
critical,14,ambiguous,short,,nonfinal,6,1,the,2.3838281631469727
critical,14,ambiguous,short,,nonfinal,6,2,mechanic,15.686842918395996
critical,14,ambiguous,short,,nonfinal,6,3,inspected,15.537677764892578
critical,14,ambiguous,short,,nonfinal,6,4,the,1.085543513298035
critical,14,ambiguous,short,,nonfinal,6,5,engine,5.8801445960998535
critical,14,ambiguous,short,,nonfinal,6,6,hissed,18.62805986404419
critical,14,ambiguous,short,,nonfinal,6,7,as,5.480021953582764
critical,14,ambiguous,short,,nonfinal,6,8,steam,16.59821319580078
critical,14,ambiguous,short,,nonfinal,6,9,escaped.,12.545212268829346
critical,14,ambiguous,long,,final,9,0,While,20.36468315124512
critical,14,ambiguous,long,,final,9,1,the,2.3838281631469727
critical,14,ambiguous,long,,final,9,2,mechanic,15.686842918395996
critical,14,ambiguous,long,,final,9,3,inspected,15.537677764892578
critical,14,ambiguous,long,,final,9,4,the,1.085543513298035
critical,14,ambiguous,long,,final,9,5,engine,5.8801445960998535
critical,14,ambiguous,long,,final,9,6,running,11.966338157653809
critical,14,ambiguous,long,,final,9,7,on,4.609861373901367
critical,14,ambiguous,long,,final,9,8,diesel,10.48666000366211
critical,14,ambiguous,long,,final,9,9,hissed.,22.67894697189331
critical,14,ambiguous,long,,nonfinal,9,0,While,20.36468315124512
critical,14,ambiguous,long,,nonfinal,9,1,the,2.3838281631469727
critical,14,ambiguous,long,,nonfinal,9,2,mechanic,15.686842918395996
critical,14,ambiguous,long,,nonfinal,9,3,inspected,15.537677764892578
critical,14,ambiguous,long,,nonfinal,9,4,the,1.085543513298035
critical,14,ambiguous,long,,nonfinal,9,5,engine,5.8801445960998535
critical,14,ambiguous,long,,nonfinal,9,6,running,11.966338157653809
critical,14,ambiguous,long,,nonfinal,9,7,on,4.609861373901367
critical,14,ambiguous,long,,nonfinal,9,8,diesel,10.48666000366211
critical,14,ambiguous,long,,nonfinal,9,9,hissed,18.47325849533081
critical,14,ambiguous,long,,nonfinal,9,10,as,5.955872058868408
critical,14,ambiguous,long,,nonfinal,9,11,steam,16.63308334350586
critical,14,ambiguous,long,,nonfinal,9,12,escaped.,12.241421699523926
critical,14,unambiguous,short,comma,final,6,0,While,20.36468315124512
critical,14,unambiguous,short,comma,final,6,1,the,2.3838281631469727
critical,14,unambiguous,short,comma,final,6,2,mechanic,15.686842918395996
critical,14,unambiguous,short,comma,final,6,3,"inspected,",19.120640516281128
critical,14,unambiguous,short,comma,final,6,4,the,1.6149308681488037
critical,14,unambiguous,short,comma,final,6,5,engine,8.0455961227417
critical,14,unambiguous,short,comma,final,6,6,hissed.,18.36142897605896
critical,14,unambiguous,short,comma,nonfinal,6,0,While,20.36468315124512
critical,14,unambiguous,short,comma,nonfinal,6,1,the,2.3838281631469727
critical,14,unambiguous,short,comma,nonfinal,6,2,mechanic,15.686842918395996
critical,14,unambiguous,short,comma,nonfinal,6,3,"inspected,",19.120640516281128
critical,14,unambiguous,short,comma,nonfinal,6,4,the,1.6149308681488037
critical,14,unambiguous,short,comma,nonfinal,6,5,engine,8.0455961227417
critical,14,unambiguous,short,comma,nonfinal,6,6,hissed,14.86317539215088
critical,14,unambiguous,short,comma,nonfinal,6,7,as,4.87966251373291
critical,14,unambiguous,short,comma,nonfinal,6,8,steam,16.275754928588867
critical,14,unambiguous,short,comma,nonfinal,6,9,escaped.,11.225794553756714
critical,14,unambiguous,long,comma,final,9,0,While,20.36468315124512
critical,14,unambiguous,long,comma,final,9,1,the,2.3838281631469727
critical,14,unambiguous,long,comma,final,9,2,mechanic,15.686842918395996
critical,14,unambiguous,long,comma,final,9,3,"inspected,",19.120640516281128
critical,14,unambiguous,long,comma,final,9,4,the,1.6149308681488037
critical,14,unambiguous,long,comma,final,9,5,engine,8.0455961227417
critical,14,unambiguous,long,comma,final,9,6,running,10.577356338500977
critical,14,unambiguous,long,comma,final,9,7,on,4.791783332824707
critical,14,unambiguous,long,comma,final,9,8,diesel,11.600909233093262
critical,14,unambiguous,long,comma,final,9,9,hissed.,18.49597692489624
critical,14,unambiguous,long,comma,nonfinal,9,0,While,20.36468315124512
critical,14,unambiguous,long,comma,nonfinal,9,1,the,2.3838281631469727
critical,14,unambiguous,long,comma,nonfinal,9,2,mechanic,15.686842918395996
critical,14,unambiguous,long,comma,nonfinal,9,3,"inspected,",19.120640516281128
critical,14,unambiguous,long,comma,nonfinal,9,4,the,1.6149308681488037
critical,14,unambiguous,long,comma,nonfinal,9,5,engine,8.0455961227417
critical,14,unambiguous,long,comma,nonfinal,9,6,running,10.577356338500977
critical,14,unambiguous,long,comma,nonfinal,9,7,on,4.791783332824707
critical,14,unambiguous,long,comma,nonfinal,9,8,diesel,11.600909233093262
critical,14,unambiguous,long,comma,nonfinal,9,9,hissed,14.494224071502686
critical,14,unambiguous,long,comma,nonfinal,9,10,as,5.632005214691162
critical,14,unambiguous,long,comma,nonfinal,9,11,steam,16.25796890258789
critical,14,unambiguous,long,comma,nonfinal,9,12,escaped.,11.85979151725769
critical,14,unambiguous,short,object,final,8,0,While,20.36468315124512
critical,14,unambiguous,short,object,final,8,1,the,2.3838281631469727
critical,14,unambiguous,short,object,final,8,2,mechanic,15.686842918395996
critical,14,unambiguous,short,object,final,8,3,inspected,15.537677764892578
critical,14,unambiguous,short,object,final,8,4,the,1.085543513298035
critical,14,unambiguous,short,object,final,8,5,vehicle,5.419968605041504
critical,14,unambiguous,short,object,final,8,6,the,7.012533187866211
critical,14,unambiguous,short,object,final,8,7,engine,6.039172172546387
critical,14,unambiguous,short,object,final,8,8,hissed.,19.79760789871216
critical,14,unambiguous,short,object,nonfinal,8,0,While,20.36468315124512
critical,14,unambiguous,short,object,nonfinal,8,1,the,2.3838281631469727
critical,14,unambiguous,short,object,nonfinal,8,2,mechanic,15.686842918395996
critical,14,unambiguous,short,object,nonfinal,8,3,inspected,15.537677764892578
critical,14,unambiguous,short,object,nonfinal,8,4,the,1.085543513298035
critical,14,unambiguous,short,object,nonfinal,8,5,vehicle,5.419968605041504
critical,14,unambiguous,short,object,nonfinal,8,6,the,7.012533187866211
critical,14,unambiguous,short,object,nonfinal,8,7,engine,6.039172172546387
critical,14,unambiguous,short,object,nonfinal,8,8,hissed,16.85815191268921
critical,14,unambiguous,short,object,nonfinal,8,9,as,5.421905517578125
critical,14,unambiguous,short,object,nonfinal,8,10,steam,16.987768173217773
critical,14,unambiguous,short,object,nonfinal,8,11,escaped.,12.168336868286133
critical,14,unambiguous,long,object,final,11,0,While,20.36468315124512
critical,14,unambiguous,long,object,final,11,1,the,2.3838281631469727
critical,14,unambiguous,long,object,final,11,2,mechanic,15.686842918395996
critical,14,unambiguous,long,object,final,11,3,inspected,15.537677764892578
critical,14,unambiguous,long,object,final,11,4,the,1.085543513298035
critical,14,unambiguous,long,object,final,11,5,vehicle,5.419968605041504
critical,14,unambiguous,long,object,final,11,6,the,7.012533187866211
critical,14,unambiguous,long,object,final,11,7,engine,6.039172172546387
critical,14,unambiguous,long,object,final,11,8,running,11.650044441223145
critical,14,unambiguous,long,object,final,11,9,on,4.7248616218566895
critical,14,unambiguous,long,object,final,11,10,diesel,11.052678108215332
critical,14,unambiguous,long,object,final,11,11,hissed.,21.25104570388794
critical,14,unambiguous,long,object,nonfinal,11,0,While,20.36468315124512
critical,14,unambiguous,long,object,nonfinal,11,1,the,2.3838281631469727
critical,14,unambiguous,long,object,nonfinal,11,2,mechanic,15.686842918395996
critical,14,unambiguous,long,object,nonfinal,11,3,inspected,15.537677764892578
critical,14,unambiguous,long,object,nonfinal,11,4,the,1.085543513298035
critical,14,unambiguous,long,object,nonfinal,11,5,vehicle,5.419968605041504
critical,14,unambiguous,long,object,nonfinal,11,6,the,7.012533187866211
critical,14,unambiguous,long,object,nonfinal,11,7,engine,6.039172172546387
critical,14,unambiguous,long,object,nonfinal,11,8,running,11.650044441223145
critical,14,unambiguous,long,object,nonfinal,11,9,on,4.7248616218566895
critical,14,unambiguous,long,object,nonfinal,11,10,diesel,11.052678108215332
critical,14,unambiguous,long,object,nonfinal,11,11,hissed,17.69132947921753
critical,14,unambiguous,long,object,nonfinal,11,12,as,6.013283729553223
critical,14,unambiguous,long,object,nonfinal,11,13,steam,16.5032901763916
critical,14,unambiguous,long,object,nonfinal,11,14,escaped.,11.669064283370972
critical,15,ambiguous,short,,final,7,0,After,18.362133026123047
critical,15,ambiguous,short,,final,7,1,the,3.560596704483032
critical,15,ambiguous,short,,final,7,2,college,15.375832557678224
critical,15,ambiguous,short,,final,7,3,shut,13.712822914123535
critical,15,ambiguous,short,,final,7,4,down,3.934126377105713
critical,15,ambiguous,short,,final,7,5,the,3.8414924144744873
critical,15,ambiguous,short,,final,7,6,parties,12.063199043273926
critical,15,ambiguous,short,,final,7,7,stopped.,19.591734886169437
critical,15,ambiguous,short,,nonfinal,7,0,After,18.362133026123047
critical,15,ambiguous,short,,nonfinal,7,1,the,3.560596704483032
critical,15,ambiguous,short,,nonfinal,7,2,college,15.375832557678224
critical,15,ambiguous,short,,nonfinal,7,3,shut,13.712822914123535
critical,15,ambiguous,short,,nonfinal,7,4,down,3.934126377105713
critical,15,ambiguous,short,,nonfinal,7,5,the,3.8414924144744873
critical,15,ambiguous,short,,nonfinal,7,6,parties,12.063199043273926
critical,15,ambiguous,short,,nonfinal,7,7,stopped,14.881314277648926
critical,15,ambiguous,short,,nonfinal,7,8,for,6.2298994064331055
critical,15,ambiguous,short,,nonfinal,7,9,the,3.681584358215332
critical,15,ambiguous,short,,nonfinal,7,10,year.,11.944324016571043
critical,15,ambiguous,long,,final,10,0,After,18.362133026123047
critical,15,ambiguous,long,,final,10,1,the,3.560596704483032
critical,15,ambiguous,long,,final,10,2,college,15.375832557678224
critical,15,ambiguous,long,,final,10,3,shut,13.712822914123535
critical,15,ambiguous,long,,final,10,4,down,3.934126377105713
critical,15,ambiguous,long,,final,10,5,the,3.8414924144744873
critical,15,ambiguous,long,,final,10,6,parties,12.063199043273926
critical,15,ambiguous,long,,final,10,7,in,4.769769668579102
critical,15,ambiguous,long,,final,10,8,the,1.9352753162384035
critical,15,ambiguous,long,,final,10,9,fraternity,13.856001138687134
critical,15,ambiguous,long,,final,10,10,stopped.,19.64104533195496
critical,15,ambiguous,long,,nonfinal,10,0,After,18.362133026123047
critical,15,ambiguous,long,,nonfinal,10,1,the,3.560596704483032
critical,15,ambiguous,long,,nonfinal,10,2,college,15.375832557678224
critical,15,ambiguous,long,,nonfinal,10,3,shut,13.712822914123535
critical,15,ambiguous,long,,nonfinal,10,4,down,3.934126377105713
critical,15,ambiguous,long,,nonfinal,10,5,the,3.8414924144744873
critical,15,ambiguous,long,,nonfinal,10,6,parties,12.063199043273926
critical,15,ambiguous,long,,nonfinal,10,7,in,4.769769668579102
critical,15,ambiguous,long,,nonfinal,10,8,the,1.9352753162384035
critical,15,ambiguous,long,,nonfinal,10,9,fraternity,13.856001138687134
critical,15,ambiguous,long,,nonfinal,10,10,stopped,16.60948371887207
critical,15,ambiguous,long,,nonfinal,10,11,for,4.951339244842529
critical,15,ambiguous,long,,nonfinal,10,12,the,3.455458879470825
critical,15,ambiguous,long,,nonfinal,10,13,year.,11.882861971855164
critical,15,unambiguous,short,comma,final,7,0,After,18.362133026123047
critical,15,unambiguous,short,comma,final,7,1,the,3.560596704483032
critical,15,unambiguous,short,comma,final,7,2,college,15.375832557678224
critical,15,unambiguous,short,comma,final,7,3,shut,13.712822914123535
critical,15,unambiguous,short,comma,final,7,4,"down,",4.830527484416962
critical,15,unambiguous,short,comma,final,7,5,the,2.3829474449157715
critical,15,unambiguous,short,comma,final,7,6,parties,11.664308547973633
critical,15,unambiguous,short,comma,final,7,7,stopped.,11.955066919326782
critical,15,unambiguous,short,comma,nonfinal,7,0,After,18.362133026123047
critical,15,unambiguous,short,comma,nonfinal,7,1,the,3.560596704483032
critical,15,unambiguous,short,comma,nonfinal,7,2,college,15.375832557678224
critical,15,unambiguous,short,comma,nonfinal,7,3,shut,13.712822914123535
critical,15,unambiguous,short,comma,nonfinal,7,4,"down,",4.830527484416962
critical,15,unambiguous,short,comma,nonfinal,7,5,the,2.3829474449157715
critical,15,unambiguous,short,comma,nonfinal,7,6,parties,11.664308547973633
critical,15,unambiguous,short,comma,nonfinal,7,7,stopped,8.488512992858887
critical,15,unambiguous,short,comma,nonfinal,7,8,for,5.975419998168945
critical,15,unambiguous,short,comma,nonfinal,7,9,the,4.020244598388672
critical,15,unambiguous,short,comma,nonfinal,7,10,year.,12.298834085464478
critical,15,unambiguous,long,comma,final,10,0,After,18.362133026123047
critical,15,unambiguous,long,comma,final,10,1,the,3.560596704483032
critical,15,unambiguous,long,comma,final,10,2,college,15.375832557678224
critical,15,unambiguous,long,comma,final,10,3,shut,13.712822914123535
critical,15,unambiguous,long,comma,final,10,4,"down,",4.830527484416962
critical,15,unambiguous,long,comma,final,10,5,the,2.3829474449157715
critical,15,unambiguous,long,comma,final,10,6,parties,11.664308547973633
critical,15,unambiguous,long,comma,final,10,7,in,7.179838180541992
critical,15,unambiguous,long,comma,final,10,8,the,1.3794714212417605
critical,15,unambiguous,long,comma,final,10,9,fraternity,13.939301252365112
critical,15,unambiguous,long,comma,final,10,10,stopped.,13.750686645507812
critical,15,unambiguous,long,comma,nonfinal,10,0,After,18.362133026123047
critical,15,unambiguous,long,comma,nonfinal,10,1,the,3.560596704483032
critical,15,unambiguous,long,comma,nonfinal,10,2,college,15.375832557678224
critical,15,unambiguous,long,comma,nonfinal,10,3,shut,13.712822914123535
critical,15,unambiguous,long,comma,nonfinal,10,4,"down,",4.830527484416962
critical,15,unambiguous,long,comma,nonfinal,10,5,the,2.3829474449157715
critical,15,unambiguous,long,comma,nonfinal,10,6,parties,11.664308547973633
critical,15,unambiguous,long,comma,nonfinal,10,7,in,7.179838180541992
critical,15,unambiguous,long,comma,nonfinal,10,8,the,1.3794714212417605
critical,15,unambiguous,long,comma,nonfinal,10,9,fraternity,13.939301252365112
critical,15,unambiguous,long,comma,nonfinal,10,10,stopped,10.822854042053224
critical,15,unambiguous,long,comma,nonfinal,10,11,for,4.906783103942871
critical,15,unambiguous,long,comma,nonfinal,10,12,the,3.646714687347412
critical,15,unambiguous,long,comma,nonfinal,10,13,year.,12.394638061523438
critical,15,unambiguous,short,object,final,9,0,After,18.362133026123047
critical,15,unambiguous,short,object,final,9,1,the,3.560596704483032
critical,15,unambiguous,short,object,final,9,2,college,15.375832557678224
critical,15,unambiguous,short,object,final,9,3,shut,13.712822914123535
critical,15,unambiguous,short,object,final,9,4,down,3.934126377105713
critical,15,unambiguous,short,object,final,9,5,the,3.8414924144744873
critical,15,unambiguous,short,object,final,9,6,campus,5.066163063049316
critical,15,unambiguous,short,object,final,9,7,the,8.422295570373535
critical,15,unambiguous,short,object,final,9,8,parties,11.714676856994627
critical,15,unambiguous,short,object,final,9,9,stopped.,12.95924711227417
critical,15,unambiguous,short,object,nonfinal,9,0,After,18.362133026123047
critical,15,unambiguous,short,object,nonfinal,9,1,the,3.560596704483032
critical,15,unambiguous,short,object,nonfinal,9,2,college,15.375832557678224
critical,15,unambiguous,short,object,nonfinal,9,3,shut,13.712822914123535
critical,15,unambiguous,short,object,nonfinal,9,4,down,3.934126377105713
critical,15,unambiguous,short,object,nonfinal,9,5,the,3.8414924144744873
critical,15,unambiguous,short,object,nonfinal,9,6,campus,5.066163063049316
critical,15,unambiguous,short,object,nonfinal,9,7,the,8.422295570373535
critical,15,unambiguous,short,object,nonfinal,9,8,parties,11.714676856994627
critical,15,unambiguous,short,object,nonfinal,9,9,stopped,9.300028800964355
critical,15,unambiguous,short,object,nonfinal,9,10,for,5.578643798828125
critical,15,unambiguous,short,object,nonfinal,9,11,the,3.776859998703003
critical,15,unambiguous,short,object,nonfinal,9,12,year.,11.926537275314333
critical,15,unambiguous,long,object,final,12,0,After,18.362133026123047
critical,15,unambiguous,long,object,final,12,1,the,3.560596704483032
critical,15,unambiguous,long,object,final,12,2,college,15.375832557678224
critical,15,unambiguous,long,object,final,12,3,shut,13.712822914123535
critical,15,unambiguous,long,object,final,12,4,down,3.934126377105713
critical,15,unambiguous,long,object,final,12,5,the,3.8414924144744873
critical,15,unambiguous,long,object,final,12,6,campus,5.066163063049316
critical,15,unambiguous,long,object,final,12,7,the,8.422295570373535
critical,15,unambiguous,long,object,final,12,8,parties,11.714676856994627
critical,15,unambiguous,long,object,final,12,9,in,6.916377067565918
critical,15,unambiguous,long,object,final,12,10,the,2.1399154663085938
critical,15,unambiguous,long,object,final,12,11,fraternity,12.940403938293455
critical,15,unambiguous,long,object,final,12,12,stopped.,15.144775867462158
critical,15,unambiguous,long,object,nonfinal,12,0,After,18.362133026123047
critical,15,unambiguous,long,object,nonfinal,12,1,the,3.560596704483032
critical,15,unambiguous,long,object,nonfinal,12,2,college,15.375832557678224
critical,15,unambiguous,long,object,nonfinal,12,3,shut,13.712822914123535
critical,15,unambiguous,long,object,nonfinal,12,4,down,3.934126377105713
critical,15,unambiguous,long,object,nonfinal,12,5,the,3.8414924144744873
critical,15,unambiguous,long,object,nonfinal,12,6,campus,5.066163063049316
critical,15,unambiguous,long,object,nonfinal,12,7,the,8.422295570373535
critical,15,unambiguous,long,object,nonfinal,12,8,parties,11.714676856994627
critical,15,unambiguous,long,object,nonfinal,12,9,in,6.916377067565918
critical,15,unambiguous,long,object,nonfinal,12,10,the,2.1399154663085938
critical,15,unambiguous,long,object,nonfinal,12,11,fraternity,12.940403938293455
critical,15,unambiguous,long,object,nonfinal,12,12,stopped,12.330710411071776
critical,15,unambiguous,long,object,nonfinal,12,13,for,5.045382022857666
critical,15,unambiguous,long,object,nonfinal,12,14,the,3.643720626831055
critical,15,unambiguous,long,object,nonfinal,12,15,year.,12.037134766578674
critical,16,ambiguous,short,,final,6,0,Before,19.05935287475586
critical,16,ambiguous,short,,final,6,1,the,2.378368616104126
critical,16,ambiguous,short,,final,6,2,fans,14.380105018615724
critical,16,ambiguous,short,,final,6,3,notice,15.647394180297852
critical,16,ambiguous,short,,final,6,4,the,5.346002101898193
critical,16,ambiguous,short,,final,6,5,celebrity,13.946521759033203
critical,16,ambiguous,short,,final,6,6,flees.,27.80727815628052
critical,16,ambiguous,short,,nonfinal,6,0,Before,19.05935287475586
critical,16,ambiguous,short,,nonfinal,6,1,the,2.378368616104126
critical,16,ambiguous,short,,nonfinal,6,2,fans,14.380105018615724
critical,16,ambiguous,short,,nonfinal,6,3,notice,15.647394180297852
critical,16,ambiguous,short,,nonfinal,6,4,the,5.346002101898193
critical,16,ambiguous,short,,nonfinal,6,5,celebrity,13.946521759033203
critical,16,ambiguous,short,,nonfinal,6,6,flees,25.114728927612305
critical,16,ambiguous,short,,nonfinal,6,7,in,4.729616165161133
critical,16,ambiguous,short,,nonfinal,6,8,his,5.170420169830322
critical,16,ambiguous,short,,nonfinal,6,9,limousine.,10.154515685513616
critical,16,ambiguous,long,,final,8,0,Before,19.05935287475586
critical,16,ambiguous,long,,final,8,1,the,2.378368616104126
critical,16,ambiguous,long,,final,8,2,fans,14.380105018615724
critical,16,ambiguous,long,,final,8,3,notice,15.647394180297852
critical,16,ambiguous,long,,final,8,4,the,5.346002101898193
critical,16,ambiguous,long,,final,8,5,celebrity,13.946521759033203
critical,16,ambiguous,long,,final,8,6,shopping,12.95871925354004
critical,16,ambiguous,long,,final,8,7,discreetly,19.64985156059265
critical,16,ambiguous,long,,final,8,8,flees.,18.112408459186558
critical,16,ambiguous,long,,nonfinal,8,0,Before,19.05935287475586
critical,16,ambiguous,long,,nonfinal,8,1,the,2.378368616104126
critical,16,ambiguous,long,,nonfinal,8,2,fans,14.380105018615724
critical,16,ambiguous,long,,nonfinal,8,3,notice,15.647394180297852
critical,16,ambiguous,long,,nonfinal,8,4,the,5.346002101898193
critical,16,ambiguous,long,,nonfinal,8,5,celebrity,13.946521759033203
critical,16,ambiguous,long,,nonfinal,8,6,shopping,12.95871925354004
critical,16,ambiguous,long,,nonfinal,8,7,discreetly,19.64985156059265
critical,16,ambiguous,long,,nonfinal,8,8,flees,15.515134871006012
critical,16,ambiguous,long,,nonfinal,8,9,in,4.116752624511719
critical,16,ambiguous,long,,nonfinal,8,10,his,6.459899425506592
critical,16,ambiguous,long,,nonfinal,8,11,limousine.,11.140380839817226
critical,16,unambiguous,short,comma,final,6,0,Before,19.05935287475586
critical,16,unambiguous,short,comma,final,6,1,the,2.378368616104126
critical,16,unambiguous,short,comma,final,6,2,fans,14.380105018615724
critical,16,unambiguous,short,comma,final,6,3,"notice,",18.17422389984131
critical,16,unambiguous,short,comma,final,6,4,the,1.842113018035889
critical,16,unambiguous,short,comma,final,6,5,celebrity,13.950748443603516
critical,16,unambiguous,short,comma,final,6,6,flees.,24.65596079826355
critical,16,unambiguous,short,comma,nonfinal,6,0,Before,19.05935287475586
critical,16,unambiguous,short,comma,nonfinal,6,1,the,2.378368616104126
critical,16,unambiguous,short,comma,nonfinal,6,2,fans,14.380105018615724
critical,16,unambiguous,short,comma,nonfinal,6,3,"notice,",18.17422389984131
critical,16,unambiguous,short,comma,nonfinal,6,4,the,1.842113018035889
critical,16,unambiguous,short,comma,nonfinal,6,5,celebrity,13.950748443603516
critical,16,unambiguous,short,comma,nonfinal,6,6,flees,21.75472092628479
critical,16,unambiguous,short,comma,nonfinal,6,7,in,4.642617702484131
critical,16,unambiguous,short,comma,nonfinal,6,8,his,5.367311477661133
critical,16,unambiguous,short,comma,nonfinal,6,9,limousine.,10.182693673297765
critical,16,unambiguous,long,comma,final,8,0,Before,19.05935287475586
critical,16,unambiguous,long,comma,final,8,1,the,2.378368616104126
critical,16,unambiguous,long,comma,final,8,2,fans,14.380105018615724
critical,16,unambiguous,long,comma,final,8,3,"notice,",18.17422389984131
critical,16,unambiguous,long,comma,final,8,4,the,1.842113018035889
critical,16,unambiguous,long,comma,final,8,5,celebrity,13.950748443603516
critical,16,unambiguous,long,comma,final,8,6,shopping,13.71634578704834
critical,16,unambiguous,long,comma,final,8,7,discreetly,18.677547119557858
critical,16,unambiguous,long,comma,final,8,8,flees.,18.76207948476076
critical,16,unambiguous,long,comma,nonfinal,8,0,Before,19.05935287475586
critical,16,unambiguous,long,comma,nonfinal,8,1,the,2.378368616104126
critical,16,unambiguous,long,comma,nonfinal,8,2,fans,14.380105018615724
critical,16,unambiguous,long,comma,nonfinal,8,3,"notice,",18.17422389984131
critical,16,unambiguous,long,comma,nonfinal,8,4,the,1.842113018035889
critical,16,unambiguous,long,comma,nonfinal,8,5,celebrity,13.950748443603516
critical,16,unambiguous,long,comma,nonfinal,8,6,shopping,13.71634578704834
critical,16,unambiguous,long,comma,nonfinal,8,7,discreetly,18.677547119557858
critical,16,unambiguous,long,comma,nonfinal,8,8,flees,15.479208715260029
critical,16,unambiguous,long,comma,nonfinal,8,9,in,4.2433762550354
critical,16,unambiguous,long,comma,nonfinal,8,10,his,6.755060195922852
critical,16,unambiguous,long,comma,nonfinal,8,11,limousine.,10.307027142029256
critical,16,unambiguous,short,object,final,7,0,Before,19.05935287475586
critical,16,unambiguous,short,object,final,7,1,the,2.378368616104126
critical,16,unambiguous,short,object,final,7,2,fans,14.380105018615724
critical,16,unambiguous,short,object,final,7,3,notice,15.647394180297852
critical,16,unambiguous,short,object,final,7,4,him,11.812769889831545
critical,16,unambiguous,short,object,final,7,5,the,7.284271240234375
critical,16,unambiguous,short,object,final,7,6,celebrity,14.384860038757324
critical,16,unambiguous,short,object,final,7,7,flees.,25.87305784225464
critical,16,unambiguous,short,object,nonfinal,7,0,Before,19.05935287475586
critical,16,unambiguous,short,object,nonfinal,7,1,the,2.378368616104126
critical,16,unambiguous,short,object,nonfinal,7,2,fans,14.380105018615724
critical,16,unambiguous,short,object,nonfinal,7,3,notice,15.647394180297852
critical,16,unambiguous,short,object,nonfinal,7,4,him,11.812769889831545
critical,16,unambiguous,short,object,nonfinal,7,5,the,7.284271240234375
critical,16,unambiguous,short,object,nonfinal,7,6,celebrity,14.384860038757324
critical,16,unambiguous,short,object,nonfinal,7,7,flees,23.05846405029297
critical,16,unambiguous,short,object,nonfinal,7,8,in,4.706545829772949
critical,16,unambiguous,short,object,nonfinal,7,9,his,4.373697757720947
critical,16,unambiguous,short,object,nonfinal,7,10,limousine.,9.925396427512169
critical,16,unambiguous,long,object,final,9,0,Before,19.05935287475586
critical,16,unambiguous,long,object,final,9,1,the,2.378368616104126
critical,16,unambiguous,long,object,final,9,2,fans,14.380105018615724
critical,16,unambiguous,long,object,final,9,3,notice,15.647394180297852
critical,16,unambiguous,long,object,final,9,4,him,11.812769889831545
critical,16,unambiguous,long,object,final,9,5,the,7.284271240234375
critical,16,unambiguous,long,object,final,9,6,celebrity,14.384860038757324
critical,16,unambiguous,long,object,final,9,7,shopping,12.413129806518556
critical,16,unambiguous,long,object,final,9,8,discreetly,18.921634912490845
critical,16,unambiguous,long,object,final,9,9,flees.,18.783740997314453
critical,16,unambiguous,long,object,nonfinal,9,0,Before,19.05935287475586
critical,16,unambiguous,long,object,nonfinal,9,1,the,2.378368616104126
critical,16,unambiguous,long,object,nonfinal,9,2,fans,14.380105018615724
critical,16,unambiguous,long,object,nonfinal,9,3,notice,15.647394180297852
critical,16,unambiguous,long,object,nonfinal,9,4,him,11.812769889831545
critical,16,unambiguous,long,object,nonfinal,9,5,the,7.284271240234375
critical,16,unambiguous,long,object,nonfinal,9,6,celebrity,14.384860038757324
critical,16,unambiguous,long,object,nonfinal,9,7,shopping,12.413129806518556
critical,16,unambiguous,long,object,nonfinal,9,8,discreetly,18.921634912490845
critical,16,unambiguous,long,object,nonfinal,9,9,flees,15.939032316207886
critical,16,unambiguous,long,object,nonfinal,9,10,in,4.0086212158203125
critical,16,unambiguous,long,object,nonfinal,9,11,his,4.221890449523926
critical,16,unambiguous,long,object,nonfinal,9,12,limousine.,10.685664178803563
critical,17,ambiguous,short,,final,6,0,While,20.36468315124512
critical,17,ambiguous,short,,final,6,1,the,2.3838281631469727
critical,17,ambiguous,short,,final,6,2,chef,14.336429595947266
critical,17,ambiguous,short,,final,6,3,cooked,11.748489379882812
critical,17,ambiguous,short,,final,6,4,the,1.7487746477127075
critical,17,ambiguous,short,,final,6,5,stew,10.746774673461914
critical,17,ambiguous,short,,final,6,6,simmered.,22.54387092590332
critical,17,ambiguous,short,,nonfinal,6,0,While,20.36468315124512
critical,17,ambiguous,short,,nonfinal,6,1,the,2.3838281631469727
critical,17,ambiguous,short,,nonfinal,6,2,chef,14.336429595947266
critical,17,ambiguous,short,,nonfinal,6,3,cooked,11.748489379882812
critical,17,ambiguous,short,,nonfinal,6,4,the,1.7487746477127075
critical,17,ambiguous,short,,nonfinal,6,5,stew,10.746774673461914
critical,17,ambiguous,short,,nonfinal,6,6,simmered,17.651000499725342
critical,17,ambiguous,short,,nonfinal,6,7,on,4.651599407196045
critical,17,ambiguous,short,,nonfinal,6,8,the,1.4129323959350586
critical,17,ambiguous,short,,nonfinal,6,9,back,7.120665073394775
critical,17,ambiguous,short,,nonfinal,6,10,burner.,4.380037784576416
critical,17,ambiguous,long,,final,8,0,While,20.36468315124512
critical,17,ambiguous,long,,final,8,1,the,2.3838281631469727
critical,17,ambiguous,long,,final,8,2,chef,14.336429595947266
critical,17,ambiguous,long,,final,8,3,cooked,11.748489379882812
critical,17,ambiguous,long,,final,8,4,the,1.7487746477127075
critical,17,ambiguous,long,,final,8,5,stew,10.746774673461914
critical,17,ambiguous,long,,final,8,6,with,4.022885799407959
critical,17,ambiguous,long,,final,8,7,vegetables,8.332127571105957
critical,17,ambiguous,long,,final,8,8,simmered.,20.837362229824063
critical,17,ambiguous,long,,nonfinal,8,0,While,20.36468315124512
critical,17,ambiguous,long,,nonfinal,8,1,the,2.3838281631469727
critical,17,ambiguous,long,,nonfinal,8,2,chef,14.336429595947266
critical,17,ambiguous,long,,nonfinal,8,3,cooked,11.748489379882812
critical,17,ambiguous,long,,nonfinal,8,4,the,1.7487746477127075
critical,17,ambiguous,long,,nonfinal,8,5,stew,10.746774673461914
critical,17,ambiguous,long,,nonfinal,8,6,with,4.022885799407959
critical,17,ambiguous,long,,nonfinal,8,7,vegetables,8.332127571105957
critical,17,ambiguous,long,,nonfinal,8,8,simmered,16.69542545080185
critical,17,ambiguous,long,,nonfinal,8,9,on,4.930205821990967
critical,17,ambiguous,long,,nonfinal,8,10,the,1.272396445274353
critical,17,ambiguous,long,,nonfinal,8,11,back,7.65216588973999
critical,17,ambiguous,long,,nonfinal,8,12,burner.,5.059470891952515
critical,17,unambiguous,short,comma,final,6,0,While,20.36468315124512
critical,17,unambiguous,short,comma,final,6,1,the,2.3838281631469727
critical,17,unambiguous,short,comma,final,6,2,chef,14.336429595947266
critical,17,unambiguous,short,comma,final,6,3,"cooked,",16.570035457611084
critical,17,unambiguous,short,comma,final,6,4,the,1.7156659364700315
critical,17,unambiguous,short,comma,final,6,5,stew,11.907692909240724
critical,17,unambiguous,short,comma,final,6,6,simmered.,18.037210077047348
critical,17,unambiguous,short,comma,nonfinal,6,0,While,20.36468315124512
critical,17,unambiguous,short,comma,nonfinal,6,1,the,2.3838281631469727
critical,17,unambiguous,short,comma,nonfinal,6,2,chef,14.336429595947266
critical,17,unambiguous,short,comma,nonfinal,6,3,"cooked,",16.570035457611084
critical,17,unambiguous,short,comma,nonfinal,6,4,the,1.7156659364700315
critical,17,unambiguous,short,comma,nonfinal,6,5,stew,11.907692909240724
critical,17,unambiguous,short,comma,nonfinal,6,6,simmered,12.987425416707993
critical,17,unambiguous,short,comma,nonfinal,6,7,on,4.757441997528076
critical,17,unambiguous,short,comma,nonfinal,6,8,the,1.648743987083435
critical,17,unambiguous,short,comma,nonfinal,6,9,back,7.739164352416992
critical,17,unambiguous,short,comma,nonfinal,6,10,burner.,4.920167684555054
critical,17,unambiguous,long,comma,final,8,0,While,20.36468315124512
critical,17,unambiguous,long,comma,final,8,1,the,2.3838281631469727
critical,17,unambiguous,long,comma,final,8,2,chef,14.336429595947266
critical,17,unambiguous,long,comma,final,8,3,"cooked,",16.570035457611084
critical,17,unambiguous,long,comma,final,8,4,the,1.7156659364700315
critical,17,unambiguous,long,comma,final,8,5,stew,11.907692909240724
critical,17,unambiguous,long,comma,final,8,6,with,7.958245277404785
critical,17,unambiguous,long,comma,final,8,7,vegetables,7.224570274353027
critical,17,unambiguous,long,comma,final,8,8,simmered.,17.931719347834587
critical,17,unambiguous,long,comma,nonfinal,8,0,While,20.36468315124512
critical,17,unambiguous,long,comma,nonfinal,8,1,the,2.3838281631469727
critical,17,unambiguous,long,comma,nonfinal,8,2,chef,14.336429595947266
critical,17,unambiguous,long,comma,nonfinal,8,3,"cooked,",16.570035457611084
critical,17,unambiguous,long,comma,nonfinal,8,4,the,1.7156659364700315
critical,17,unambiguous,long,comma,nonfinal,8,5,stew,11.907692909240724
critical,17,unambiguous,long,comma,nonfinal,8,6,with,7.958245277404785
critical,17,unambiguous,long,comma,nonfinal,8,7,vegetables,7.224570274353027
critical,17,unambiguous,long,comma,nonfinal,8,8,simmered,13.682003542780876
critical,17,unambiguous,long,comma,nonfinal,8,9,on,4.845144748687744
critical,17,unambiguous,long,comma,nonfinal,8,10,the,1.4460411071777344
critical,17,unambiguous,long,comma,nonfinal,8,11,back,8.254286766052246
critical,17,unambiguous,long,comma,nonfinal,8,12,burner.,4.663046717643738
critical,17,unambiguous,short,object,final,9,0,While,20.36468315124512
critical,17,unambiguous,short,object,final,9,1,the,2.3838281631469727
critical,17,unambiguous,short,object,final,9,2,chef,14.336429595947266
critical,17,unambiguous,short,object,final,9,3,cooked,11.748489379882812
critical,17,unambiguous,short,object,final,9,4,the,1.7487746477127075
critical,17,unambiguous,short,object,final,9,5,main,10.902104377746582
critical,17,unambiguous,short,object,final,9,6,course,1.194731831550598
critical,17,unambiguous,short,object,final,9,7,the,7.289906978607178
critical,17,unambiguous,short,object,final,9,8,stew,12.788597106933594
critical,17,unambiguous,short,object,final,9,9,simmered.,19.060410737991333
critical,17,unambiguous,short,object,nonfinal,9,0,While,20.36468315124512
critical,17,unambiguous,short,object,nonfinal,9,1,the,2.3838281631469727
critical,17,unambiguous,short,object,nonfinal,9,2,chef,14.336429595947266
critical,17,unambiguous,short,object,nonfinal,9,3,cooked,11.748489379882812
critical,17,unambiguous,short,object,nonfinal,9,4,the,1.7487746477127075
critical,17,unambiguous,short,object,nonfinal,9,5,main,10.902104377746582
critical,17,unambiguous,short,object,nonfinal,9,6,course,1.194731831550598
critical,17,unambiguous,short,object,nonfinal,9,7,the,7.289906978607178
critical,17,unambiguous,short,object,nonfinal,9,8,stew,12.788597106933594
critical,17,unambiguous,short,object,nonfinal,9,9,simmered,15.530281066894531
critical,17,unambiguous,short,object,nonfinal,9,10,on,4.878077507019043
critical,17,unambiguous,short,object,nonfinal,9,11,the,1.1174194812774658
critical,17,unambiguous,short,object,nonfinal,9,12,back,7.216292858123779
critical,17,unambiguous,short,object,nonfinal,9,13,burner.,3.65358293056488
critical,17,unambiguous,long,object,final,11,0,While,20.36468315124512
critical,17,unambiguous,long,object,final,11,1,the,2.3838281631469727
critical,17,unambiguous,long,object,final,11,2,chef,14.336429595947266
critical,17,unambiguous,long,object,final,11,3,cooked,11.748489379882812
critical,17,unambiguous,long,object,final,11,4,the,1.7487746477127075
critical,17,unambiguous,long,object,final,11,5,main,10.902104377746582
critical,17,unambiguous,long,object,final,11,6,course,1.194731831550598
critical,17,unambiguous,long,object,final,11,7,the,7.289906978607178
critical,17,unambiguous,long,object,final,11,8,stew,12.788597106933594
critical,17,unambiguous,long,object,final,11,9,with,6.46817684173584
critical,17,unambiguous,long,object,final,11,10,vegetables,7.450519561767578
critical,17,unambiguous,long,object,final,11,11,simmered.,19.22454510629177
critical,17,unambiguous,long,object,nonfinal,11,0,While,20.36468315124512
critical,17,unambiguous,long,object,nonfinal,11,1,the,2.3838281631469727
critical,17,unambiguous,long,object,nonfinal,11,2,chef,14.336429595947266
critical,17,unambiguous,long,object,nonfinal,11,3,cooked,11.748489379882812
critical,17,unambiguous,long,object,nonfinal,11,4,the,1.7487746477127075
critical,17,unambiguous,long,object,nonfinal,11,5,main,10.902104377746582
critical,17,unambiguous,long,object,nonfinal,11,6,course,1.194731831550598
critical,17,unambiguous,long,object,nonfinal,11,7,the,7.289906978607178
critical,17,unambiguous,long,object,nonfinal,11,8,stew,12.788597106933594
critical,17,unambiguous,long,object,nonfinal,11,9,with,6.46817684173584
critical,17,unambiguous,long,object,nonfinal,11,10,vegetables,7.450519561767578
critical,17,unambiguous,long,object,nonfinal,11,11,simmered,15.581000432372091
critical,17,unambiguous,long,object,nonfinal,11,12,on,4.858000755310059
critical,17,unambiguous,long,object,nonfinal,11,13,the,1.2824347019195557
critical,17,unambiguous,long,object,nonfinal,11,14,back,7.174906730651856
critical,17,unambiguous,long,object,nonfinal,11,15,burner.,4.088575124740601
critical,18,ambiguous,short,,final,6,0,Once,18.264039993286133
critical,18,ambiguous,short,,final,6,1,the,3.359654903411865
critical,18,ambiguous,short,,final,6,2,contractor,14.487004280090332
critical,18,ambiguous,short,,final,6,3,remodeled,14.68230962753296
critical,18,ambiguous,short,,final,6,4,the,1.1642647981643677
critical,18,ambiguous,short,,final,6,5,house,5.971369743347168
critical,18,ambiguous,short,,final,6,6,transformed.,21.500064611434937
critical,18,ambiguous,short,,nonfinal,6,0,Once,18.264039993286133
critical,18,ambiguous,short,,nonfinal,6,1,the,3.359654903411865
critical,18,ambiguous,short,,nonfinal,6,2,contractor,14.487004280090332
critical,18,ambiguous,short,,nonfinal,6,3,remodeled,14.68230962753296
critical,18,ambiguous,short,,nonfinal,6,4,the,1.1642647981643677
critical,18,ambiguous,short,,nonfinal,6,5,house,5.971369743347168
critical,18,ambiguous,short,,nonfinal,6,6,transformed,17.970287322998047
critical,18,ambiguous,short,,nonfinal,6,7,into,1.3282233476638794
critical,18,ambiguous,short,,nonfinal,6,8,a,0.8726261854171753
critical,18,ambiguous,short,,nonfinal,6,9,modern,6.172487735748291
critical,18,ambiguous,short,,nonfinal,6,10,masterpiece.,7.924960255622864
critical,18,ambiguous,long,,final,9,0,Once,18.264039993286133
critical,18,ambiguous,long,,final,9,1,the,3.359654903411865
critical,18,ambiguous,long,,final,9,2,contractor,14.487004280090332
critical,18,ambiguous,long,,final,9,3,remodeled,14.68230962753296
critical,18,ambiguous,long,,final,9,4,the,1.1642647981643677
critical,18,ambiguous,long,,final,9,5,house,5.971369743347168
critical,18,ambiguous,long,,final,9,6,that,7.461790561676025
critical,18,ambiguous,long,,final,9,7,was,2.5653977394104004
critical,18,ambiguous,long,,final,9,8,neglected,15.76609230041504
critical,18,ambiguous,long,,final,9,9,transformed.,22.46690988540649
critical,18,ambiguous,long,,nonfinal,9,0,Once,18.264039993286133
critical,18,ambiguous,long,,nonfinal,9,1,the,3.359654903411865
critical,18,ambiguous,long,,nonfinal,9,2,contractor,14.487004280090332
critical,18,ambiguous,long,,nonfinal,9,3,remodeled,14.68230962753296
critical,18,ambiguous,long,,nonfinal,9,4,the,1.1642647981643677
critical,18,ambiguous,long,,nonfinal,9,5,house,5.971369743347168
critical,18,ambiguous,long,,nonfinal,9,6,that,7.461790561676025
critical,18,ambiguous,long,,nonfinal,9,7,was,2.5653977394104004
critical,18,ambiguous,long,,nonfinal,9,8,neglected,15.76609230041504
critical,18,ambiguous,long,,nonfinal,9,9,transformed,18.194299697875977
critical,18,ambiguous,long,,nonfinal,9,10,into,0.8416308164596558
critical,18,ambiguous,long,,nonfinal,9,11,a,1.461538791656494
critical,18,ambiguous,long,,nonfinal,9,12,modern,7.396982192993164
critical,18,ambiguous,long,,nonfinal,9,13,masterpiece.,8.88317620754242
critical,18,unambiguous,short,comma,final,6,0,Once,18.264039993286133
critical,18,unambiguous,short,comma,final,6,1,the,3.359654903411865
critical,18,unambiguous,short,comma,final,6,2,contractor,14.487004280090332
critical,18,unambiguous,short,comma,final,6,3,"remodeled,",19.02871036529541
critical,18,unambiguous,short,comma,final,6,4,the,1.612993597984314
critical,18,unambiguous,short,comma,final,6,5,house,8.878597259521484
critical,18,unambiguous,short,comma,final,6,6,transformed.,17.69027280807495
critical,18,unambiguous,short,comma,nonfinal,6,0,Once,18.264039993286133
critical,18,unambiguous,short,comma,nonfinal,6,1,the,3.359654903411865
critical,18,unambiguous,short,comma,nonfinal,6,2,contractor,14.487004280090332
critical,18,unambiguous,short,comma,nonfinal,6,3,"remodeled,",19.02871036529541
critical,18,unambiguous,short,comma,nonfinal,6,4,the,1.612993597984314
critical,18,unambiguous,short,comma,nonfinal,6,5,house,8.878597259521484
critical,18,unambiguous,short,comma,nonfinal,6,6,transformed,13.004508018493652
critical,18,unambiguous,short,comma,nonfinal,6,7,into,1.079731822013855
critical,18,unambiguous,short,comma,nonfinal,6,8,a,0.7768222093582153
critical,18,unambiguous,short,comma,nonfinal,6,9,modern,6.248919486999512
critical,18,unambiguous,short,comma,nonfinal,6,10,masterpiece.,8.352908253669739
critical,18,unambiguous,long,comma,final,9,0,Once,18.264039993286133
critical,18,unambiguous,long,comma,final,9,1,the,3.359654903411865
critical,18,unambiguous,long,comma,final,9,2,contractor,14.487004280090332
critical,18,unambiguous,long,comma,final,9,3,"remodeled,",19.02871036529541
critical,18,unambiguous,long,comma,final,9,4,the,1.612993597984314
critical,18,unambiguous,long,comma,final,9,5,house,8.878597259521484
critical,18,unambiguous,long,comma,final,9,6,that,8.74387264251709
critical,18,unambiguous,long,comma,final,9,7,was,2.7062859535217285
critical,18,unambiguous,long,comma,final,9,8,neglected,14.341184616088867
critical,18,unambiguous,long,comma,final,9,9,transformed.,20.97331953048706
critical,18,unambiguous,long,comma,nonfinal,9,0,Once,18.264039993286133
critical,18,unambiguous,long,comma,nonfinal,9,1,the,3.359654903411865
critical,18,unambiguous,long,comma,nonfinal,9,2,contractor,14.487004280090332
critical,18,unambiguous,long,comma,nonfinal,9,3,"remodeled,",19.02871036529541
critical,18,unambiguous,long,comma,nonfinal,9,4,the,1.612993597984314
critical,18,unambiguous,long,comma,nonfinal,9,5,house,8.878597259521484
critical,18,unambiguous,long,comma,nonfinal,9,6,that,8.74387264251709
critical,18,unambiguous,long,comma,nonfinal,9,7,was,2.7062859535217285
critical,18,unambiguous,long,comma,nonfinal,9,8,neglected,14.341184616088867
critical,18,unambiguous,long,comma,nonfinal,9,9,transformed,15.350296020507812
critical,18,unambiguous,long,comma,nonfinal,9,10,into,0.8129248023033142
critical,18,unambiguous,long,comma,nonfinal,9,11,a,1.5200073719024658
critical,18,unambiguous,long,comma,nonfinal,9,12,modern,7.186178207397461
critical,18,unambiguous,long,comma,nonfinal,9,13,masterpiece.,8.988842487335205
critical,18,unambiguous,short,object,final,8,0,Once,18.264039993286133
critical,18,unambiguous,short,object,final,8,1,the,3.359654903411865
critical,18,unambiguous,short,object,final,8,2,contractor,14.487004280090332
critical,18,unambiguous,short,object,final,8,3,remodeled,14.68230962753296
critical,18,unambiguous,short,object,final,8,4,the,1.1642647981643677
critical,18,unambiguous,short,object,final,8,5,exterior,6.884149074554443
critical,18,unambiguous,short,object,final,8,6,the,10.739201545715332
critical,18,unambiguous,short,object,final,8,7,house,6.705397129058838
critical,18,unambiguous,short,object,final,8,8,transformed.,18.21842741966248
critical,18,unambiguous,short,object,nonfinal,8,0,Once,18.264039993286133
critical,18,unambiguous,short,object,nonfinal,8,1,the,3.359654903411865
critical,18,unambiguous,short,object,nonfinal,8,2,contractor,14.487004280090332
critical,18,unambiguous,short,object,nonfinal,8,3,remodeled,14.68230962753296
critical,18,unambiguous,short,object,nonfinal,8,4,the,1.1642647981643677
critical,18,unambiguous,short,object,nonfinal,8,5,exterior,6.884149074554443
critical,18,unambiguous,short,object,nonfinal,8,6,the,10.739201545715332
critical,18,unambiguous,short,object,nonfinal,8,7,house,6.705397129058838
critical,18,unambiguous,short,object,nonfinal,8,8,transformed,15.103389739990234
critical,18,unambiguous,short,object,nonfinal,8,9,into,1.5786521434783936
critical,18,unambiguous,short,object,nonfinal,8,10,a,0.9129554629325868
critical,18,unambiguous,short,object,nonfinal,8,11,modern,5.8972272872924805
critical,18,unambiguous,short,object,nonfinal,8,12,masterpiece.,7.235136687755585
critical,18,unambiguous,long,object,final,11,0,Once,18.264039993286133
critical,18,unambiguous,long,object,final,11,1,the,3.359654903411865
critical,18,unambiguous,long,object,final,11,2,contractor,14.487004280090332
critical,18,unambiguous,long,object,final,11,3,remodeled,14.68230962753296
critical,18,unambiguous,long,object,final,11,4,the,1.1642647981643677
critical,18,unambiguous,long,object,final,11,5,exterior,6.884149074554443
critical,18,unambiguous,long,object,final,11,6,the,10.739201545715332
critical,18,unambiguous,long,object,final,11,7,house,6.705397129058838
critical,18,unambiguous,long,object,final,11,8,that,8.15161418914795
critical,18,unambiguous,long,object,final,11,9,was,2.5375723838806152
critical,18,unambiguous,long,object,final,11,10,neglected,15.328810691833496
critical,18,unambiguous,long,object,final,11,11,transformed.,21.651520013809204
critical,18,unambiguous,long,object,nonfinal,11,0,Once,18.264039993286133
critical,18,unambiguous,long,object,nonfinal,11,1,the,3.359654903411865
critical,18,unambiguous,long,object,nonfinal,11,2,contractor,14.487004280090332
critical,18,unambiguous,long,object,nonfinal,11,3,remodeled,14.68230962753296
critical,18,unambiguous,long,object,nonfinal,11,4,the,1.1642647981643677
critical,18,unambiguous,long,object,nonfinal,11,5,exterior,6.884149074554443
critical,18,unambiguous,long,object,nonfinal,11,6,the,10.739201545715332
critical,18,unambiguous,long,object,nonfinal,11,7,house,6.705397129058838
critical,18,unambiguous,long,object,nonfinal,11,8,that,8.15161418914795
critical,18,unambiguous,long,object,nonfinal,11,9,was,2.5375723838806152
critical,18,unambiguous,long,object,nonfinal,11,10,neglected,15.328810691833496
critical,18,unambiguous,long,object,nonfinal,11,11,transformed,17.670900344848633
critical,18,unambiguous,long,object,nonfinal,11,12,into,0.7842188477516174
critical,18,unambiguous,long,object,nonfinal,11,13,a,1.4583687782287598
critical,18,unambiguous,long,object,nonfinal,11,14,modern,6.840297698974609
critical,18,unambiguous,long,object,nonfinal,11,15,masterpiece.,7.933237671852112
critical,19,ambiguous,short,,final,6,0,When,18.16841125488281
critical,19,ambiguous,short,,final,6,1,the,2.4512782096862797
critical,19,ambiguous,short,,final,6,2,boy,12.120434761047363
critical,19,ambiguous,short,,final,6,3,hid,14.825663566589355
critical,19,ambiguous,short,,final,6,4,his,3.1175034046173096
critical,19,ambiguous,short,,final,6,5,toy,10.827609062194824
critical,19,ambiguous,short,,final,6,6,fell.,20.940034866333008
critical,19,ambiguous,short,,nonfinal,6,0,When,18.16841125488281
critical,19,ambiguous,short,,nonfinal,6,1,the,2.4512782096862797
critical,19,ambiguous,short,,nonfinal,6,2,boy,12.120434761047363
critical,19,ambiguous,short,,nonfinal,6,3,hid,14.825663566589355
critical,19,ambiguous,short,,nonfinal,6,4,his,3.1175034046173096
critical,19,ambiguous,short,,nonfinal,6,5,toy,10.827609062194824
critical,19,ambiguous,short,,nonfinal,6,6,fell,15.380939483642578
critical,19,ambiguous,short,,nonfinal,6,7,off,5.197188854217529
critical,19,ambiguous,short,,nonfinal,6,8,the,1.5346245765686035
critical,19,ambiguous,short,,nonfinal,6,9,table.,8.232800960540771
critical,19,ambiguous,long,,final,8,0,When,18.16841125488281
critical,19,ambiguous,long,,final,8,1,the,2.4512782096862797
critical,19,ambiguous,long,,final,8,2,boy,12.120434761047363
critical,19,ambiguous,long,,final,8,3,hid,14.825663566589355
critical,19,ambiguous,long,,final,8,4,his,3.1175034046173096
critical,19,ambiguous,long,,final,8,5,toy,10.827609062194824
critical,19,ambiguous,long,,final,8,6,from,3.1881234645843506
critical,19,ambiguous,long,,final,8,7,childhood,12.677823066711426
critical,19,ambiguous,long,,final,8,8,fell.,24.84862518310547
critical,19,ambiguous,long,,nonfinal,8,0,When,18.16841125488281
critical,19,ambiguous,long,,nonfinal,8,1,the,2.4512782096862797
critical,19,ambiguous,long,,nonfinal,8,2,boy,12.120434761047363
critical,19,ambiguous,long,,nonfinal,8,3,hid,14.825663566589355
critical,19,ambiguous,long,,nonfinal,8,4,his,3.1175034046173096
critical,19,ambiguous,long,,nonfinal,8,5,toy,10.827609062194824
critical,19,ambiguous,long,,nonfinal,8,6,from,3.1881234645843506
critical,19,ambiguous,long,,nonfinal,8,7,childhood,12.677823066711426
critical,19,ambiguous,long,,nonfinal,8,8,fell,16.81711769104004
critical,19,ambiguous,long,,nonfinal,8,9,off,4.903789520263672
critical,19,ambiguous,long,,nonfinal,8,10,the,1.82221257686615
critical,19,ambiguous,long,,nonfinal,8,11,table.,8.86433219909668
critical,19,unambiguous,short,comma,final,6,0,When,18.16841125488281
critical,19,unambiguous,short,comma,final,6,1,the,2.4512782096862797
critical,19,unambiguous,short,comma,final,6,2,boy,12.120434761047363
critical,19,unambiguous,short,comma,final,6,3,"hid,",18.190425634384155
critical,19,unambiguous,short,comma,final,6,4,his,4.698620796203613
critical,19,unambiguous,short,comma,final,6,5,toy,11.423565864562988
critical,19,unambiguous,short,comma,final,6,6,fell.,14.447027206420898
critical,19,unambiguous,short,comma,nonfinal,6,0,When,18.16841125488281
critical,19,unambiguous,short,comma,nonfinal,6,1,the,2.4512782096862797
critical,19,unambiguous,short,comma,nonfinal,6,2,boy,12.120434761047363
critical,19,unambiguous,short,comma,nonfinal,6,3,"hid,",18.190425634384155
critical,19,unambiguous,short,comma,nonfinal,6,4,his,4.698620796203613
critical,19,unambiguous,short,comma,nonfinal,6,5,toy,11.423565864562988
critical,19,unambiguous,short,comma,nonfinal,6,6,fell,9.611040115356444
critical,19,unambiguous,short,comma,nonfinal,6,7,off,4.852717399597168
critical,19,unambiguous,short,comma,nonfinal,6,8,the,1.8824422359466555
critical,19,unambiguous,short,comma,nonfinal,6,9,table.,5.5397233963012695
critical,19,unambiguous,long,comma,final,8,0,When,18.16841125488281
critical,19,unambiguous,long,comma,final,8,1,the,2.4512782096862797
critical,19,unambiguous,long,comma,final,8,2,boy,12.120434761047363
critical,19,unambiguous,long,comma,final,8,3,"hid,",18.190425634384155
critical,19,unambiguous,long,comma,final,8,4,his,4.698620796203613
critical,19,unambiguous,long,comma,final,8,5,toy,11.423565864562988
critical,19,unambiguous,long,comma,final,8,6,from,9.682012557983398
critical,19,unambiguous,long,comma,final,8,7,childhood,12.221521377563477
critical,19,unambiguous,long,comma,final,8,8,fell.,18.40862607955933
critical,19,unambiguous,long,comma,nonfinal,8,0,When,18.16841125488281
critical,19,unambiguous,long,comma,nonfinal,8,1,the,2.4512782096862797
critical,19,unambiguous,long,comma,nonfinal,8,2,boy,12.120434761047363
critical,19,unambiguous,long,comma,nonfinal,8,3,"hid,",18.190425634384155
critical,19,unambiguous,long,comma,nonfinal,8,4,his,4.698620796203613
critical,19,unambiguous,long,comma,nonfinal,8,5,toy,11.423565864562988
critical,19,unambiguous,long,comma,nonfinal,8,6,from,9.682012557983398
critical,19,unambiguous,long,comma,nonfinal,8,7,childhood,12.221521377563477
critical,19,unambiguous,long,comma,nonfinal,8,8,fell,12.20056438446045
critical,19,unambiguous,long,comma,nonfinal,8,9,off,4.442204475402832
critical,19,unambiguous,long,comma,nonfinal,8,10,the,2.070704221725464
critical,19,unambiguous,long,comma,nonfinal,8,11,table.,5.279608607292175
critical,19,unambiguous,short,object,final,7,0,When,18.16841125488281
critical,19,unambiguous,short,object,final,7,1,the,2.4512782096862797
critical,19,unambiguous,short,object,final,7,2,boy,12.120434761047363
critical,19,unambiguous,short,object,final,7,3,hid,14.825663566589355
critical,19,unambiguous,short,object,final,7,4,himself,5.38580322265625
critical,19,unambiguous,short,object,final,7,5,his,11.628911018371582
critical,19,unambiguous,short,object,final,7,6,toy,12.227157592773438
critical,19,unambiguous,short,object,final,7,7,fell.,17.133764266967773
critical,19,unambiguous,short,object,nonfinal,7,0,When,18.16841125488281
critical,19,unambiguous,short,object,nonfinal,7,1,the,2.4512782096862797
critical,19,unambiguous,short,object,nonfinal,7,2,boy,12.120434761047363
critical,19,unambiguous,short,object,nonfinal,7,3,hid,14.825663566589355
critical,19,unambiguous,short,object,nonfinal,7,4,himself,5.38580322265625
critical,19,unambiguous,short,object,nonfinal,7,5,his,11.628911018371582
critical,19,unambiguous,short,object,nonfinal,7,6,toy,12.227157592773438
critical,19,unambiguous,short,object,nonfinal,7,7,fell,11.809951782226562
critical,19,unambiguous,short,object,nonfinal,7,8,off,5.079019069671631
critical,19,unambiguous,short,object,nonfinal,7,9,the,1.7272891998291016
critical,19,unambiguous,short,object,nonfinal,7,10,table.,7.488031148910522
critical,19,unambiguous,long,object,final,9,0,When,18.16841125488281
critical,19,unambiguous,long,object,final,9,1,the,2.4512782096862797
critical,19,unambiguous,long,object,final,9,2,boy,12.120434761047363
critical,19,unambiguous,long,object,final,9,3,hid,14.825663566589355
critical,19,unambiguous,long,object,final,9,4,himself,5.38580322265625
critical,19,unambiguous,long,object,final,9,5,his,11.628911018371582
critical,19,unambiguous,long,object,final,9,6,toy,12.227157592773438
critical,19,unambiguous,long,object,final,9,7,from,6.985588550567627
critical,19,unambiguous,long,object,final,9,8,childhood,12.399041175842283
critical,19,unambiguous,long,object,final,9,9,fell.,23.31717157363892
critical,19,unambiguous,long,object,nonfinal,9,0,When,18.16841125488281
critical,19,unambiguous,long,object,nonfinal,9,1,the,2.4512782096862797
critical,19,unambiguous,long,object,nonfinal,9,2,boy,12.120434761047363
critical,19,unambiguous,long,object,nonfinal,9,3,hid,14.825663566589355
critical,19,unambiguous,long,object,nonfinal,9,4,himself,5.38580322265625
critical,19,unambiguous,long,object,nonfinal,9,5,his,11.628911018371582
critical,19,unambiguous,long,object,nonfinal,9,6,toy,12.227157592773438
critical,19,unambiguous,long,object,nonfinal,9,7,from,6.985588550567627
critical,19,unambiguous,long,object,nonfinal,9,8,childhood,12.399041175842283
critical,19,unambiguous,long,object,nonfinal,9,9,fell,16.010534286499023
critical,19,unambiguous,long,object,nonfinal,9,10,off,4.721867561340332
critical,19,unambiguous,long,object,nonfinal,9,11,the,1.7082692384719849
critical,19,unambiguous,long,object,nonfinal,9,12,table.,8.02094030380249
critical,20,ambiguous,short,,final,6,0,As,18.901031494140625
critical,20,ambiguous,short,,final,6,1,the,2.5676872730255127
critical,20,ambiguous,short,,final,6,2,doctor,12.13417148590088
critical,20,ambiguous,short,,final,6,3,lectured,15.585755944252014
critical,20,ambiguous,short,,final,6,4,the,3.925144910812378
critical,20,ambiguous,short,,final,6,5,student,6.158222675323486
critical,20,ambiguous,short,,final,6,6,listened.,21.87975835800171
critical,20,ambiguous,short,,nonfinal,6,0,As,18.901031494140625
critical,20,ambiguous,short,,nonfinal,6,1,the,2.5676872730255127
critical,20,ambiguous,short,,nonfinal,6,2,doctor,12.13417148590088
critical,20,ambiguous,short,,nonfinal,6,3,lectured,15.585755944252014
critical,20,ambiguous,short,,nonfinal,6,4,the,3.925144910812378
critical,20,ambiguous,short,,nonfinal,6,5,student,6.158222675323486
critical,20,ambiguous,short,,nonfinal,6,6,listened,18.93537139892578
critical,20,ambiguous,short,,nonfinal,6,7,carefully,8.406445503234863
critical,20,ambiguous,short,,nonfinal,6,8,for,6.234126091003418
critical,20,ambiguous,short,,nonfinal,6,9,insightful,18.787792205810547
critical,20,ambiguous,short,,nonfinal,6,10,tips.,14.473443388938904
critical,20,ambiguous,long,,final,8,0,As,18.901031494140625
critical,20,ambiguous,long,,final,8,1,the,2.5676872730255127
critical,20,ambiguous,long,,final,8,2,doctor,12.13417148590088
critical,20,ambiguous,long,,final,8,3,lectured,15.585755944252014
critical,20,ambiguous,long,,final,8,4,the,3.925144910812378
critical,20,ambiguous,long,,final,8,5,student,6.158222675323486
critical,20,ambiguous,long,,final,8,6,watching,17.032148361206055
critical,20,ambiguous,long,,final,8,7,quietly,14.094806671142578
critical,20,ambiguous,long,,final,8,8,listened.,19.380754232406616
critical,20,ambiguous,long,,nonfinal,8,0,As,18.901031494140625
critical,20,ambiguous,long,,nonfinal,8,1,the,2.5676872730255127
critical,20,ambiguous,long,,nonfinal,8,2,doctor,12.13417148590088
critical,20,ambiguous,long,,nonfinal,8,3,lectured,15.585755944252014
critical,20,ambiguous,long,,nonfinal,8,4,the,3.925144910812378
critical,20,ambiguous,long,,nonfinal,8,5,student,6.158222675323486
critical,20,ambiguous,long,,nonfinal,8,6,watching,17.032148361206055
critical,20,ambiguous,long,,nonfinal,8,7,quietly,14.094806671142578
critical,20,ambiguous,long,,nonfinal,8,8,listened,16.65932273864746
critical,20,ambiguous,long,,nonfinal,8,9,carefully,9.563666343688965
critical,20,ambiguous,long,,nonfinal,8,10,for,5.6175642013549805
critical,20,ambiguous,long,,nonfinal,8,11,insightful,19.185096740722656
critical,20,ambiguous,long,,nonfinal,8,12,tips.,13.66316044330597
critical,20,unambiguous,short,comma,final,6,0,As,18.901031494140625
critical,20,unambiguous,short,comma,final,6,1,the,2.5676872730255127
critical,20,unambiguous,short,comma,final,6,2,doctor,12.13417148590088
critical,20,unambiguous,short,comma,final,6,3,"lectured,",17.121965527534485
critical,20,unambiguous,short,comma,final,6,4,the,2.2436444759368896
critical,20,unambiguous,short,comma,final,6,5,student,7.205726146697998
critical,20,unambiguous,short,comma,final,6,6,listened.,13.58144497871399
critical,20,unambiguous,short,comma,nonfinal,6,0,As,18.901031494140625
critical,20,unambiguous,short,comma,nonfinal,6,1,the,2.5676872730255127
critical,20,unambiguous,short,comma,nonfinal,6,2,doctor,12.13417148590088
critical,20,unambiguous,short,comma,nonfinal,6,3,"lectured,",17.121965527534485
critical,20,unambiguous,short,comma,nonfinal,6,4,the,2.2436444759368896
critical,20,unambiguous,short,comma,nonfinal,6,5,student,7.205726146697998
critical,20,unambiguous,short,comma,nonfinal,6,6,listened,10.825672149658203
critical,20,unambiguous,short,comma,nonfinal,6,7,carefully,5.598544120788574
critical,20,unambiguous,short,comma,nonfinal,6,8,for,6.493712425231934
critical,20,unambiguous,short,comma,nonfinal,6,9,insightful,17.478059768676758
critical,20,unambiguous,short,comma,nonfinal,6,10,tips.,13.970648288726808
critical,20,unambiguous,long,comma,final,8,0,As,18.901031494140625
critical,20,unambiguous,long,comma,final,8,1,the,2.5676872730255127
critical,20,unambiguous,long,comma,final,8,2,doctor,12.13417148590088
critical,20,unambiguous,long,comma,final,8,3,"lectured,",17.121965527534485
critical,20,unambiguous,long,comma,final,8,4,the,2.2436444759368896
critical,20,unambiguous,long,comma,final,8,5,student,7.205726146697998
critical,20,unambiguous,long,comma,final,8,6,watching,16.668128967285156
critical,20,unambiguous,long,comma,final,8,7,quietly,12.992179870605469
critical,20,unambiguous,long,comma,final,8,8,listened.,12.458565950393677
critical,20,unambiguous,long,comma,nonfinal,8,0,As,18.901031494140625
critical,20,unambiguous,long,comma,nonfinal,8,1,the,2.5676872730255127
critical,20,unambiguous,long,comma,nonfinal,8,2,doctor,12.13417148590088
critical,20,unambiguous,long,comma,nonfinal,8,3,"lectured,",17.121965527534485
critical,20,unambiguous,long,comma,nonfinal,8,4,the,2.2436444759368896
critical,20,unambiguous,long,comma,nonfinal,8,5,student,7.205726146697998
critical,20,unambiguous,long,comma,nonfinal,8,6,watching,16.668128967285156
critical,20,unambiguous,long,comma,nonfinal,8,7,quietly,12.992179870605469
critical,20,unambiguous,long,comma,nonfinal,8,8,listened,10.060120582580566
critical,20,unambiguous,long,comma,nonfinal,8,9,carefully,8.12590217590332
critical,20,unambiguous,long,comma,nonfinal,8,10,for,5.547824382781982
critical,20,unambiguous,long,comma,nonfinal,8,11,insightful,18.42817497253418
critical,20,unambiguous,long,comma,nonfinal,8,12,tips.,13.357256770133972
critical,20,unambiguous,short,object,final,8,0,As,18.901031494140625
critical,20,unambiguous,short,object,final,8,1,the,2.5676872730255127
critical,20,unambiguous,short,object,final,8,2,doctor,12.13417148590088
critical,20,unambiguous,short,object,final,8,3,lectured,15.585755944252014
critical,20,unambiguous,short,object,final,8,4,the,3.925144910812378
critical,20,unambiguous,short,object,final,8,5,nurse,6.2390570640563965
critical,20,unambiguous,short,object,final,8,6,the,9.606988906860352
critical,20,unambiguous,short,object,final,8,7,student,8.244600296020508
critical,20,unambiguous,short,object,final,8,8,listened.,13.989139795303345
critical,20,unambiguous,short,object,nonfinal,8,0,As,18.901031494140625
critical,20,unambiguous,short,object,nonfinal,8,1,the,2.5676872730255127
critical,20,unambiguous,short,object,nonfinal,8,2,doctor,12.13417148590088
critical,20,unambiguous,short,object,nonfinal,8,3,lectured,15.585755944252014
critical,20,unambiguous,short,object,nonfinal,8,4,the,3.925144910812378
critical,20,unambiguous,short,object,nonfinal,8,5,nurse,6.2390570640563965
critical,20,unambiguous,short,object,nonfinal,8,6,the,9.606988906860352
critical,20,unambiguous,short,object,nonfinal,8,7,student,8.244600296020508
critical,20,unambiguous,short,object,nonfinal,8,8,listened,11.271230697631836
critical,20,unambiguous,short,object,nonfinal,8,9,carefully,7.925488948822021
critical,20,unambiguous,short,object,nonfinal,8,10,for,6.528758525848389
critical,20,unambiguous,short,object,nonfinal,8,11,insightful,19.60441398620605
critical,20,unambiguous,short,object,nonfinal,8,12,tips.,13.474018216133118
critical,20,unambiguous,long,object,final,10,0,As,18.901031494140625
critical,20,unambiguous,long,object,final,10,1,the,2.5676872730255127
critical,20,unambiguous,long,object,final,10,2,doctor,12.13417148590088
critical,20,unambiguous,long,object,final,10,3,lectured,15.585755944252014
critical,20,unambiguous,long,object,final,10,4,the,3.925144910812378
critical,20,unambiguous,long,object,final,10,5,nurse,6.2390570640563965
critical,20,unambiguous,long,object,final,10,6,the,9.606988906860352
critical,20,unambiguous,long,object,final,10,7,student,8.244600296020508
critical,20,unambiguous,long,object,final,10,8,watching,16.06847381591797
critical,20,unambiguous,long,object,final,10,9,quietly,12.639959335327148
critical,20,unambiguous,long,object,final,10,10,listened.,17.608205795288086
critical,20,unambiguous,long,object,nonfinal,10,0,As,18.901031494140625
critical,20,unambiguous,long,object,nonfinal,10,1,the,2.5676872730255127
critical,20,unambiguous,long,object,nonfinal,10,2,doctor,12.13417148590088
critical,20,unambiguous,long,object,nonfinal,10,3,lectured,15.585755944252014
critical,20,unambiguous,long,object,nonfinal,10,4,the,3.925144910812378
critical,20,unambiguous,long,object,nonfinal,10,5,nurse,6.2390570640563965
critical,20,unambiguous,long,object,nonfinal,10,6,the,9.606988906860352
critical,20,unambiguous,long,object,nonfinal,10,7,student,8.244600296020508
critical,20,unambiguous,long,object,nonfinal,10,8,watching,16.06847381591797
critical,20,unambiguous,long,object,nonfinal,10,9,quietly,12.639959335327148
critical,20,unambiguous,long,object,nonfinal,10,10,listened,15.166613578796388
critical,20,unambiguous,long,object,nonfinal,10,11,carefully,8.96207332611084
critical,20,unambiguous,long,object,nonfinal,10,12,for,6.008176803588867
critical,20,unambiguous,long,object,nonfinal,10,13,insightful,19.84234046936035
critical,20,unambiguous,long,object,nonfinal,10,14,tips.,12.482693314552307
critical,21,ambiguous,short,,final,6,0,As,18.901031494140625
critical,21,ambiguous,short,,final,6,1,the,2.5676872730255127
critical,21,ambiguous,short,,final,6,2,teenager,16.96240997314453
critical,21,ambiguous,short,,final,6,3,drove,10.207877159118652
critical,21,ambiguous,short,,final,6,4,the,3.252227544784546
critical,21,ambiguous,short,,final,6,5,car,2.877465009689331
critical,21,ambiguous,short,,final,6,6,sputtered.,16.770273208618164
critical,21,ambiguous,short,,nonfinal,6,0,As,18.901031494140625
critical,21,ambiguous,short,,nonfinal,6,1,the,2.5676872730255127
critical,21,ambiguous,short,,nonfinal,6,2,teenager,16.96240997314453
critical,21,ambiguous,short,,nonfinal,6,3,drove,10.207877159118652
critical,21,ambiguous,short,,nonfinal,6,4,the,3.252227544784546
critical,21,ambiguous,short,,nonfinal,6,5,car,2.877465009689331
critical,21,ambiguous,short,,nonfinal,6,6,sputtered,14.185151100158691
critical,21,ambiguous,short,,nonfinal,6,7,to,5.943896293640137
critical,21,ambiguous,short,,nonfinal,6,8,a,2.350895404815674
critical,21,ambiguous,short,,nonfinal,6,9,halt.,4.208330154418945
critical,21,ambiguous,long,,final,9,0,As,18.901031494140625
critical,21,ambiguous,long,,final,9,1,the,2.5676872730255127
critical,21,ambiguous,long,,final,9,2,teenager,16.96240997314453
critical,21,ambiguous,long,,final,9,3,drove,10.207877159118652
critical,21,ambiguous,long,,final,9,4,the,3.252227544784546
critical,21,ambiguous,long,,final,9,5,car,2.877465009689331
critical,21,ambiguous,long,,final,9,6,for,10.060473442077637
critical,21,ambiguous,long,,final,9,7,the,2.4613165855407715
critical,21,ambiguous,long,,final,9,8,family,12.025158882141112
critical,21,ambiguous,long,,final,9,9,sputtered.,24.15070080757141
critical,21,ambiguous,long,,nonfinal,9,0,As,18.901031494140625
critical,21,ambiguous,long,,nonfinal,9,1,the,2.5676872730255127
critical,21,ambiguous,long,,nonfinal,9,2,teenager,16.96240997314453
critical,21,ambiguous,long,,nonfinal,9,3,drove,10.207877159118652
critical,21,ambiguous,long,,nonfinal,9,4,the,3.252227544784546
critical,21,ambiguous,long,,nonfinal,9,5,car,2.877465009689331
critical,21,ambiguous,long,,nonfinal,9,6,for,10.060473442077637
critical,21,ambiguous,long,,nonfinal,9,7,the,2.4613165855407715
critical,21,ambiguous,long,,nonfinal,9,8,family,12.025158882141112
critical,21,ambiguous,long,,nonfinal,9,9,sputtered,21.73182678222656
critical,21,ambiguous,long,,nonfinal,9,10,to,5.08095645904541
critical,21,ambiguous,long,,nonfinal,9,11,a,2.341913938522339
critical,21,ambiguous,long,,nonfinal,9,12,halt.,3.6780622005462646
critical,21,unambiguous,short,comma,final,6,0,As,18.901031494140625
critical,21,unambiguous,short,comma,final,6,1,the,2.5676872730255127
critical,21,unambiguous,short,comma,final,6,2,teenager,16.96240997314453
critical,21,unambiguous,short,comma,final,6,3,"drove,",12.592761993408203
critical,21,unambiguous,short,comma,final,6,4,the,2.474524974822998
critical,21,unambiguous,short,comma,final,6,5,car,5.367663860321045
critical,21,unambiguous,short,comma,final,6,6,sputtered.,13.431223154067991
critical,21,unambiguous,short,comma,nonfinal,6,0,As,18.901031494140625
critical,21,unambiguous,short,comma,nonfinal,6,1,the,2.5676872730255127
critical,21,unambiguous,short,comma,nonfinal,6,2,teenager,16.96240997314453
critical,21,unambiguous,short,comma,nonfinal,6,3,"drove,",12.592761993408203
critical,21,unambiguous,short,comma,nonfinal,6,4,the,2.474524974822998
critical,21,unambiguous,short,comma,nonfinal,6,5,car,5.367663860321045
critical,21,unambiguous,short,comma,nonfinal,6,6,sputtered,11.021859169006348
critical,21,unambiguous,short,comma,nonfinal,6,7,to,4.820312976837158
critical,21,unambiguous,short,comma,nonfinal,6,8,a,2.1804208755493164
critical,21,unambiguous,short,comma,nonfinal,6,9,halt.,3.922150850296021
critical,21,unambiguous,long,comma,final,9,0,As,18.901031494140625
critical,21,unambiguous,long,comma,final,9,1,the,2.5676872730255127
critical,21,unambiguous,long,comma,final,9,2,teenager,16.96240997314453
critical,21,unambiguous,long,comma,final,9,3,"drove,",12.592761993408203
critical,21,unambiguous,long,comma,final,9,4,the,2.474524974822998
critical,21,unambiguous,long,comma,final,9,5,car,5.367663860321045
critical,21,unambiguous,long,comma,final,9,6,for,11.385350227355955
critical,21,unambiguous,long,comma,final,9,7,the,2.0504515171051025
critical,21,unambiguous,long,comma,final,9,8,family,10.458834648132324
critical,21,unambiguous,long,comma,final,9,9,sputtered.,20.28930759429932
critical,21,unambiguous,long,comma,nonfinal,9,0,As,18.901031494140625
critical,21,unambiguous,long,comma,nonfinal,9,1,the,2.5676872730255127
critical,21,unambiguous,long,comma,nonfinal,9,2,teenager,16.96240997314453
critical,21,unambiguous,long,comma,nonfinal,9,3,"drove,",12.592761993408203
critical,21,unambiguous,long,comma,nonfinal,9,4,the,2.474524974822998
critical,21,unambiguous,long,comma,nonfinal,9,5,car,5.367663860321045
critical,21,unambiguous,long,comma,nonfinal,9,6,for,11.385350227355955
critical,21,unambiguous,long,comma,nonfinal,9,7,the,2.0504515171051025
critical,21,unambiguous,long,comma,nonfinal,9,8,family,10.458834648132324
critical,21,unambiguous,long,comma,nonfinal,9,9,sputtered,17.938412189483643
critical,21,unambiguous,long,comma,nonfinal,9,10,to,5.190496921539307
critical,21,unambiguous,long,comma,nonfinal,9,11,a,1.6630089282989502
critical,21,unambiguous,long,comma,nonfinal,9,12,halt.,3.01588773727417
critical,21,unambiguous,short,object,final,8,0,As,18.901031494140625
critical,21,unambiguous,short,object,final,8,1,the,2.5676872730255127
critical,21,unambiguous,short,object,final,8,2,teenager,16.96240997314453
critical,21,unambiguous,short,object,final,8,3,drove,10.207877159118652
critical,21,unambiguous,short,object,final,8,4,his,5.457479953765869
critical,21,unambiguous,short,object,final,8,5,friends,9.220602989196776
critical,21,unambiguous,short,object,final,8,6,the,9.272908210754396
critical,21,unambiguous,short,object,final,8,7,car,7.058674335479736
critical,21,unambiguous,short,object,final,8,8,sputtered.,16.18118453025818
critical,21,unambiguous,short,object,nonfinal,8,0,As,18.901031494140625
critical,21,unambiguous,short,object,nonfinal,8,1,the,2.5676872730255127
critical,21,unambiguous,short,object,nonfinal,8,2,teenager,16.96240997314453
critical,21,unambiguous,short,object,nonfinal,8,3,drove,10.207877159118652
critical,21,unambiguous,short,object,nonfinal,8,4,his,5.457479953765869
critical,21,unambiguous,short,object,nonfinal,8,5,friends,9.220602989196776
critical,21,unambiguous,short,object,nonfinal,8,6,the,9.272908210754396
critical,21,unambiguous,short,object,nonfinal,8,7,car,7.058674335479736
critical,21,unambiguous,short,object,nonfinal,8,8,sputtered,13.828880071640016
critical,21,unambiguous,short,object,nonfinal,8,9,to,6.101691246032715
critical,21,unambiguous,short,object,nonfinal,8,10,a,2.6990654468536377
critical,21,unambiguous,short,object,nonfinal,8,11,halt.,3.4387283325195312
critical,21,unambiguous,long,object,final,11,0,As,18.901031494140625
critical,21,unambiguous,long,object,final,11,1,the,2.5676872730255127
critical,21,unambiguous,long,object,final,11,2,teenager,16.96240997314453
critical,21,unambiguous,long,object,final,11,3,drove,10.207877159118652
critical,21,unambiguous,long,object,final,11,4,his,5.457479953765869
critical,21,unambiguous,long,object,final,11,5,friends,9.220602989196776
critical,21,unambiguous,long,object,final,11,6,the,9.272908210754396
critical,21,unambiguous,long,object,final,11,7,car,7.058674335479736
critical,21,unambiguous,long,object,final,11,8,for,10.851384162902832
critical,21,unambiguous,long,object,final,11,9,the,2.2075417041778564
critical,21,unambiguous,long,object,final,11,10,family,11.259783744812012
critical,21,unambiguous,long,object,final,11,11,sputtered.,24.568962574005127
critical,21,unambiguous,long,object,nonfinal,11,0,As,18.901031494140625
critical,21,unambiguous,long,object,nonfinal,11,1,the,2.5676872730255127
critical,21,unambiguous,long,object,nonfinal,11,2,teenager,16.96240997314453
critical,21,unambiguous,long,object,nonfinal,11,3,drove,10.207877159118652
critical,21,unambiguous,long,object,nonfinal,11,4,his,5.457479953765869
critical,21,unambiguous,long,object,nonfinal,11,5,friends,9.220602989196776
critical,21,unambiguous,long,object,nonfinal,11,6,the,9.272908210754396
critical,21,unambiguous,long,object,nonfinal,11,7,car,7.058674335479736
critical,21,unambiguous,long,object,nonfinal,11,8,for,10.851384162902832
critical,21,unambiguous,long,object,nonfinal,11,9,the,2.2075417041778564
critical,21,unambiguous,long,object,nonfinal,11,10,family,11.259783744812012
critical,21,unambiguous,long,object,nonfinal,11,11,sputtered,22.34204864501953
critical,21,unambiguous,long,object,nonfinal,11,12,to,5.427188873291016
critical,21,unambiguous,long,object,nonfinal,11,13,a,2.790994882583618
critical,21,unambiguous,long,object,nonfinal,11,14,halt.,3.005673408508301
critical,22,ambiguous,short,,final,7,0,When,18.16841125488281
critical,22,ambiguous,short,,final,7,1,the,2.4512782096862797
critical,22,ambiguous,short,,final,7,2,original,9.469975471496582
critical,22,ambiguous,short,,final,7,3,members,13.741353034973145
critical,22,ambiguous,short,,final,7,4,left,7.988359928131103
critical,22,ambiguous,short,,final,7,5,the,1.7065081596374512
critical,22,ambiguous,short,,final,7,6,company,8.717456817626953
critical,22,ambiguous,short,,final,7,7,failed.,16.93229389190674
critical,22,ambiguous,short,,nonfinal,7,0,When,18.16841125488281
critical,22,ambiguous,short,,nonfinal,7,1,the,2.4512782096862797
critical,22,ambiguous,short,,nonfinal,7,2,original,9.469975471496582
critical,22,ambiguous,short,,nonfinal,7,3,members,13.741353034973145
critical,22,ambiguous,short,,nonfinal,7,4,left,7.988359928131103
critical,22,ambiguous,short,,nonfinal,7,5,the,1.7065081596374512
critical,22,ambiguous,short,,nonfinal,7,6,company,8.717456817626953
critical,22,ambiguous,short,,nonfinal,7,7,failed,11.874584197998049
critical,22,ambiguous,short,,nonfinal,7,8,to,1.2218527793884275
critical,22,ambiguous,short,,nonfinal,7,9,create,7.856277465820312
critical,22,ambiguous,short,,nonfinal,7,10,a,1.8533841371536253
critical,22,ambiguous,short,,nonfinal,7,11,successful,7.951376914978027
critical,22,ambiguous,short,,nonfinal,7,12,product.,8.911353826522827
critical,22,ambiguous,long,,final,11,0,When,18.16841125488281
critical,22,ambiguous,long,,final,11,1,the,2.4512782096862797
critical,22,ambiguous,long,,final,11,2,original,9.469975471496582
critical,22,ambiguous,long,,final,11,3,members,13.741353034973145
critical,22,ambiguous,long,,final,11,4,left,7.988359928131103
critical,22,ambiguous,long,,final,11,5,the,1.7065081596374512
critical,22,ambiguous,long,,final,11,6,company,8.717456817626953
critical,22,ambiguous,long,,final,11,7,that,7.696897506713867
critical,22,ambiguous,long,,final,11,8,was,2.9081082344055176
critical,22,ambiguous,long,,final,11,9,recently,10.899286270141602
critical,22,ambiguous,long,,final,11,10,acquired,5.418207168579102
critical,22,ambiguous,long,,final,11,11,failed.,19.273327827453613
critical,22,ambiguous,long,,nonfinal,11,0,When,18.16841125488281
critical,22,ambiguous,long,,nonfinal,11,1,the,2.4512782096862797
critical,22,ambiguous,long,,nonfinal,11,2,original,9.469975471496582
critical,22,ambiguous,long,,nonfinal,11,3,members,13.741353034973145
critical,22,ambiguous,long,,nonfinal,11,4,left,7.988359928131103
critical,22,ambiguous,long,,nonfinal,11,5,the,1.7065081596374512
critical,22,ambiguous,long,,nonfinal,11,6,company,8.717456817626953
critical,22,ambiguous,long,,nonfinal,11,7,that,7.696897506713867
critical,22,ambiguous,long,,nonfinal,11,8,was,2.9081082344055176
critical,22,ambiguous,long,,nonfinal,11,9,recently,10.899286270141602
critical,22,ambiguous,long,,nonfinal,11,10,acquired,5.418207168579102
critical,22,ambiguous,long,,nonfinal,11,11,failed,13.199990272521973
critical,22,ambiguous,long,,nonfinal,11,12,to,0.7261024713516235
critical,22,ambiguous,long,,nonfinal,11,13,create,7.742334365844727
critical,22,ambiguous,long,,nonfinal,11,14,a,1.7959721088409424
critical,22,ambiguous,long,,nonfinal,11,15,successful,7.771392345428467
critical,22,ambiguous,long,,nonfinal,11,16,product.,8.969822645187378
critical,22,unambiguous,short,comma,final,7,0,When,18.16841125488281
critical,22,unambiguous,short,comma,final,7,1,the,2.4512782096862797
critical,22,unambiguous,short,comma,final,7,2,original,9.469975471496582
critical,22,unambiguous,short,comma,final,7,3,members,13.741353034973145
critical,22,unambiguous,short,comma,final,7,4,"left,",9.897042632102966
critical,22,unambiguous,short,comma,final,7,5,the,2.046400785446167
critical,22,unambiguous,short,comma,final,7,6,company,10.119646072387695
critical,22,unambiguous,short,comma,final,7,7,failed.,11.030312061309814
critical,22,unambiguous,short,comma,nonfinal,7,0,When,18.16841125488281
critical,22,unambiguous,short,comma,nonfinal,7,1,the,2.4512782096862797
critical,22,unambiguous,short,comma,nonfinal,7,2,original,9.469975471496582
critical,22,unambiguous,short,comma,nonfinal,7,3,members,13.741353034973145
critical,22,unambiguous,short,comma,nonfinal,7,4,"left,",9.897042632102966
critical,22,unambiguous,short,comma,nonfinal,7,5,the,2.046400785446167
critical,22,unambiguous,short,comma,nonfinal,7,6,company,10.119646072387695
critical,22,unambiguous,short,comma,nonfinal,7,7,failed,8.421767234802246
critical,22,unambiguous,short,comma,nonfinal,7,8,to,0.9310948252677916
critical,22,unambiguous,short,comma,nonfinal,7,9,create,7.474294185638428
critical,22,unambiguous,short,comma,nonfinal,7,10,a,1.5987286567687988
critical,22,unambiguous,short,comma,nonfinal,7,11,successful,8.037671089172363
critical,22,unambiguous,short,comma,nonfinal,7,12,product.,5.8674644231796265
critical,22,unambiguous,long,comma,final,11,0,When,18.16841125488281
critical,22,unambiguous,long,comma,final,11,1,the,2.4512782096862797
critical,22,unambiguous,long,comma,final,11,2,original,9.469975471496582
critical,22,unambiguous,long,comma,final,11,3,members,13.741353034973145
critical,22,unambiguous,long,comma,final,11,4,"left,",9.897042632102966
critical,22,unambiguous,long,comma,final,11,5,the,2.046400785446167
critical,22,unambiguous,long,comma,final,11,6,company,10.119646072387695
critical,22,unambiguous,long,comma,final,11,7,that,9.06897258758545
critical,22,unambiguous,long,comma,final,11,8,was,3.629984140396118
critical,22,unambiguous,long,comma,final,11,9,recently,10.504798889160156
critical,22,unambiguous,long,comma,final,11,10,acquired,4.473023891448975
critical,22,unambiguous,long,comma,final,11,11,failed.,14.162609100341797
critical,22,unambiguous,long,comma,nonfinal,11,0,When,18.16841125488281
critical,22,unambiguous,long,comma,nonfinal,11,1,the,2.4512782096862797
critical,22,unambiguous,long,comma,nonfinal,11,2,original,9.469975471496582
critical,22,unambiguous,long,comma,nonfinal,11,3,members,13.741353034973145
critical,22,unambiguous,long,comma,nonfinal,11,4,"left,",9.897042632102966
critical,22,unambiguous,long,comma,nonfinal,11,5,the,2.046400785446167
critical,22,unambiguous,long,comma,nonfinal,11,6,company,10.119646072387695
critical,22,unambiguous,long,comma,nonfinal,11,7,that,9.06897258758545
critical,22,unambiguous,long,comma,nonfinal,11,8,was,3.629984140396118
critical,22,unambiguous,long,comma,nonfinal,11,9,recently,10.504798889160156
critical,22,unambiguous,long,comma,nonfinal,11,10,acquired,4.473023891448975
critical,22,unambiguous,long,comma,nonfinal,11,11,failed,10.008344650268556
critical,22,unambiguous,long,comma,nonfinal,11,12,to,0.4246017634868622
critical,22,unambiguous,long,comma,nonfinal,11,13,create,7.87142276763916
critical,22,unambiguous,long,comma,nonfinal,11,14,a,1.6837899684906006
critical,22,unambiguous,long,comma,nonfinal,11,15,successful,7.949440002441406
critical,22,unambiguous,long,comma,nonfinal,11,16,product.,6.534746170043945
critical,22,unambiguous,short,object,final,10,0,When,18.16841125488281
critical,22,unambiguous,short,object,final,10,1,the,2.4512782096862797
critical,22,unambiguous,short,object,final,10,2,original,9.469975471496582
critical,22,unambiguous,short,object,final,10,3,members,13.741353034973145
critical,22,unambiguous,short,object,final,10,4,left,7.988359928131103
critical,22,unambiguous,short,object,final,10,5,the,1.7065081596374512
critical,22,unambiguous,short,object,final,10,6,engineering,13.60715675354004
critical,22,unambiguous,short,object,final,10,7,team,4.576048374176025
critical,22,unambiguous,short,object,final,10,8,the,6.572257518768311
critical,22,unambiguous,short,object,final,10,9,company,7.101293087005615
critical,22,unambiguous,short,object,final,10,10,failed.,12.75689697265625
critical,22,unambiguous,short,object,nonfinal,10,0,When,18.16841125488281
critical,22,unambiguous,short,object,nonfinal,10,1,the,2.4512782096862797
critical,22,unambiguous,short,object,nonfinal,10,2,original,9.469975471496582
critical,22,unambiguous,short,object,nonfinal,10,3,members,13.741353034973145
critical,22,unambiguous,short,object,nonfinal,10,4,left,7.988359928131103
critical,22,unambiguous,short,object,nonfinal,10,5,the,1.7065081596374512
critical,22,unambiguous,short,object,nonfinal,10,6,engineering,13.60715675354004
critical,22,unambiguous,short,object,nonfinal,10,7,team,4.576048374176025
critical,22,unambiguous,short,object,nonfinal,10,8,the,6.572257518768311
critical,22,unambiguous,short,object,nonfinal,10,9,company,7.101293087005615
critical,22,unambiguous,short,object,nonfinal,10,10,failed,8.4974946975708
critical,22,unambiguous,short,object,nonfinal,10,11,to,0.9892112016677856
critical,22,unambiguous,short,object,nonfinal,10,12,create,6.976430892944336
critical,22,unambiguous,short,object,nonfinal,10,13,a,1.7205969095230105
critical,22,unambiguous,short,object,nonfinal,10,14,successful,7.578727722167969
critical,22,unambiguous,short,object,nonfinal,10,15,product.,8.103712558746338
critical,22,unambiguous,long,object,final,14,0,When,18.16841125488281
critical,22,unambiguous,long,object,final,14,1,the,2.4512782096862797
critical,22,unambiguous,long,object,final,14,2,original,9.469975471496582
critical,22,unambiguous,long,object,final,14,3,members,13.741353034973145
critical,22,unambiguous,long,object,final,14,4,left,7.988359928131103
critical,22,unambiguous,long,object,final,14,5,the,1.7065081596374512
critical,22,unambiguous,long,object,final,14,6,engineering,13.60715675354004
critical,22,unambiguous,long,object,final,14,7,team,4.576048374176025
critical,22,unambiguous,long,object,final,14,8,the,6.572257518768311
critical,22,unambiguous,long,object,final,14,9,company,7.101293087005615
critical,22,unambiguous,long,object,final,14,10,that,8.033267974853516
critical,22,unambiguous,long,object,final,14,11,was,3.2578632831573486
critical,22,unambiguous,long,object,final,14,12,recently,11.699883460998535
critical,22,unambiguous,long,object,final,14,13,acquired,5.877326965332031
critical,22,unambiguous,long,object,final,14,14,failed.,14.861062049865724
critical,22,unambiguous,long,object,nonfinal,14,0,When,18.16841125488281
critical,22,unambiguous,long,object,nonfinal,14,1,the,2.4512782096862797
critical,22,unambiguous,long,object,nonfinal,14,2,original,9.469975471496582
critical,22,unambiguous,long,object,nonfinal,14,3,members,13.741353034973145
critical,22,unambiguous,long,object,nonfinal,14,4,left,7.988359928131103
critical,22,unambiguous,long,object,nonfinal,14,5,the,1.7065081596374512
critical,22,unambiguous,long,object,nonfinal,14,6,engineering,13.60715675354004
critical,22,unambiguous,long,object,nonfinal,14,7,team,4.576048374176025
critical,22,unambiguous,long,object,nonfinal,14,8,the,6.572257518768311
critical,22,unambiguous,long,object,nonfinal,14,9,company,7.101293087005615
critical,22,unambiguous,long,object,nonfinal,14,10,that,8.033267974853516
critical,22,unambiguous,long,object,nonfinal,14,11,was,3.2578632831573486
critical,22,unambiguous,long,object,nonfinal,14,12,recently,11.699883460998535
critical,22,unambiguous,long,object,nonfinal,14,13,acquired,5.877326965332031
critical,22,unambiguous,long,object,nonfinal,14,14,failed,10.131797790527344
critical,22,unambiguous,long,object,nonfinal,14,15,to,0.9430702924728394
critical,22,unambiguous,long,object,nonfinal,14,16,create,7.27722692489624
critical,22,unambiguous,long,object,nonfinal,14,17,a,1.814992070198059
critical,22,unambiguous,long,object,nonfinal,14,18,successful,7.2448225021362305
critical,22,unambiguous,long,object,nonfinal,14,19,product.,7.780197858810425
critical,23,ambiguous,short,,final,7,0,After,18.362133026123047
critical,23,ambiguous,short,,final,7,1,the,3.560596704483032
critical,23,ambiguous,short,,final,7,2,director,14.844860076904297
critical,23,ambiguous,short,,final,7,3,finished,9.49093246459961
critical,23,ambiguous,short,,final,7,4,filming,10.328336715698242
critical,23,ambiguous,short,,final,7,5,the,3.1101067066192627
critical,23,ambiguous,short,,final,7,6,actors,10.605181694030762
critical,23,ambiguous,short,,final,7,7,left.,15.991337299346924
critical,23,ambiguous,short,,nonfinal,7,0,After,18.362133026123047
critical,23,ambiguous,short,,nonfinal,7,1,the,3.560596704483032
critical,23,ambiguous,short,,nonfinal,7,2,director,14.844860076904297
critical,23,ambiguous,short,,nonfinal,7,3,finished,9.49093246459961
critical,23,ambiguous,short,,nonfinal,7,4,filming,10.328336715698242
critical,23,ambiguous,short,,nonfinal,7,5,the,3.1101067066192627
critical,23,ambiguous,short,,nonfinal,7,6,actors,10.605181694030762
critical,23,ambiguous,short,,nonfinal,7,7,left,11.791108131408691
critical,23,ambiguous,short,,nonfinal,7,8,to,3.735474109649658
critical,23,ambiguous,short,,nonfinal,7,9,go,5.098391056060791
critical,23,ambiguous,short,,nonfinal,7,10,home.,5.982464671134949
critical,23,ambiguous,long,,final,12,0,After,18.362133026123047
critical,23,ambiguous,long,,final,12,1,the,3.560596704483032
critical,23,ambiguous,long,,final,12,2,director,14.844860076904297
critical,23,ambiguous,long,,final,12,3,finished,9.49093246459961
critical,23,ambiguous,long,,final,12,4,filming,10.328336715698242
critical,23,ambiguous,long,,final,12,5,the,3.1101067066192627
critical,23,ambiguous,long,,final,12,6,actors,10.605181694030762
critical,23,ambiguous,long,,final,12,7,exhausted,18.42201042175293
critical,23,ambiguous,long,,final,12,8,from,5.374179840087891
critical,23,ambiguous,long,,final,12,9,the,1.7493029832839966
critical,23,ambiguous,long,,final,12,10,long,8.768000602722168
critical,23,ambiguous,long,,final,12,11,day,5.322403430938721
critical,23,ambiguous,long,,final,12,12,left.,13.929086446762083
critical,23,ambiguous,long,,nonfinal,12,0,After,18.362133026123047
critical,23,ambiguous,long,,nonfinal,12,1,the,3.560596704483032
critical,23,ambiguous,long,,nonfinal,12,2,director,14.844860076904297
critical,23,ambiguous,long,,nonfinal,12,3,finished,9.49093246459961
critical,23,ambiguous,long,,nonfinal,12,4,filming,10.328336715698242
critical,23,ambiguous,long,,nonfinal,12,5,the,3.1101067066192627
critical,23,ambiguous,long,,nonfinal,12,6,actors,10.605181694030762
critical,23,ambiguous,long,,nonfinal,12,7,exhausted,18.42201042175293
critical,23,ambiguous,long,,nonfinal,12,8,from,5.374179840087891
critical,23,ambiguous,long,,nonfinal,12,9,the,1.7493029832839966
critical,23,ambiguous,long,,nonfinal,12,10,long,8.768000602722168
critical,23,ambiguous,long,,nonfinal,12,11,day,5.322403430938721
critical,23,ambiguous,long,,nonfinal,12,12,left,11.119952201843262
critical,23,ambiguous,long,,nonfinal,12,13,to,3.75766396522522
critical,23,ambiguous,long,,nonfinal,12,14,go,5.537258148193359
critical,23,ambiguous,long,,nonfinal,12,15,home.,4.734723687171936
critical,23,unambiguous,short,comma,final,7,0,After,18.362133026123047
critical,23,unambiguous,short,comma,final,7,1,the,3.560596704483032
critical,23,unambiguous,short,comma,final,7,2,director,14.844860076904297
critical,23,unambiguous,short,comma,final,7,3,finished,9.49093246459961
critical,23,unambiguous,short,comma,final,7,4,"filming,",11.601085305213928
critical,23,unambiguous,short,comma,final,7,5,the,1.8606046438217163
critical,23,unambiguous,short,comma,final,7,6,actors,7.661323547363281
critical,23,unambiguous,short,comma,final,7,7,left.,13.128841400146484
critical,23,unambiguous,short,comma,nonfinal,7,0,After,18.362133026123047
critical,23,unambiguous,short,comma,nonfinal,7,1,the,3.560596704483032
critical,23,unambiguous,short,comma,nonfinal,7,2,director,14.844860076904297
critical,23,unambiguous,short,comma,nonfinal,7,3,finished,9.49093246459961
critical,23,unambiguous,short,comma,nonfinal,7,4,"filming,",11.601085305213928
critical,23,unambiguous,short,comma,nonfinal,7,5,the,1.8606046438217163
critical,23,unambiguous,short,comma,nonfinal,7,6,actors,7.661323547363281
critical,23,unambiguous,short,comma,nonfinal,7,7,left,7.783895969390869
critical,23,unambiguous,short,comma,nonfinal,7,8,to,4.147572040557861
critical,23,unambiguous,short,comma,nonfinal,7,9,go,5.1117753982543945
critical,23,unambiguous,short,comma,nonfinal,7,10,home.,6.5134371519088745
critical,23,unambiguous,long,comma,final,12,0,After,18.362133026123047
critical,23,unambiguous,long,comma,final,12,1,the,3.560596704483032
critical,23,unambiguous,long,comma,final,12,2,director,14.844860076904297
critical,23,unambiguous,long,comma,final,12,3,finished,9.49093246459961
critical,23,unambiguous,long,comma,final,12,4,"filming,",11.601085305213928
critical,23,unambiguous,long,comma,final,12,5,the,1.8606046438217163
critical,23,unambiguous,long,comma,final,12,6,actors,7.661323547363281
critical,23,unambiguous,long,comma,final,12,7,exhausted,16.175548553466797
critical,23,unambiguous,long,comma,final,12,8,from,6.367441654205322
critical,23,unambiguous,long,comma,final,12,9,the,1.927878737449646
critical,23,unambiguous,long,comma,final,12,10,long,8.488689422607422
critical,23,unambiguous,long,comma,final,12,11,day,6.220917701721191
critical,23,unambiguous,long,comma,final,12,12,left.,12.644890546798706
critical,23,unambiguous,long,comma,nonfinal,12,0,After,18.362133026123047
critical,23,unambiguous,long,comma,nonfinal,12,1,the,3.560596704483032
critical,23,unambiguous,long,comma,nonfinal,12,2,director,14.844860076904297
critical,23,unambiguous,long,comma,nonfinal,12,3,finished,9.49093246459961
critical,23,unambiguous,long,comma,nonfinal,12,4,"filming,",11.601085305213928
critical,23,unambiguous,long,comma,nonfinal,12,5,the,1.8606046438217163
critical,23,unambiguous,long,comma,nonfinal,12,6,actors,7.661323547363281
critical,23,unambiguous,long,comma,nonfinal,12,7,exhausted,16.175548553466797
critical,23,unambiguous,long,comma,nonfinal,12,8,from,6.367441654205322
critical,23,unambiguous,long,comma,nonfinal,12,9,the,1.927878737449646
critical,23,unambiguous,long,comma,nonfinal,12,10,long,8.488689422607422
critical,23,unambiguous,long,comma,nonfinal,12,11,day,6.220917701721191
critical,23,unambiguous,long,comma,nonfinal,12,12,left,8.793359756469727
critical,23,unambiguous,long,comma,nonfinal,12,13,to,3.0558648109436035
critical,23,unambiguous,long,comma,nonfinal,12,14,go,5.711078643798828
critical,23,unambiguous,long,comma,nonfinal,12,15,home.,4.906078815460205
critical,23,unambiguous,short,object,final,10,0,After,18.362133026123047
critical,23,unambiguous,short,object,final,10,1,the,3.560596704483032
critical,23,unambiguous,short,object,final,10,2,director,14.844860076904297
critical,23,unambiguous,short,object,final,10,3,finished,9.49093246459961
critical,23,unambiguous,short,object,final,10,4,filming,10.328336715698242
critical,23,unambiguous,short,object,final,10,5,the,3.1101067066192627
critical,23,unambiguous,short,object,final,10,6,final,6.233245372772217
critical,23,unambiguous,short,object,final,10,7,scene,2.754187822341919
critical,23,unambiguous,short,object,final,10,8,the,8.558428764343262
critical,23,unambiguous,short,object,final,10,9,actors,8.583436965942383
critical,23,unambiguous,short,object,final,10,10,left.,13.533895492553713
critical,23,unambiguous,short,object,nonfinal,10,0,After,18.362133026123047
critical,23,unambiguous,short,object,nonfinal,10,1,the,3.560596704483032
critical,23,unambiguous,short,object,nonfinal,10,2,director,14.844860076904297
critical,23,unambiguous,short,object,nonfinal,10,3,finished,9.49093246459961
critical,23,unambiguous,short,object,nonfinal,10,4,filming,10.328336715698242
critical,23,unambiguous,short,object,nonfinal,10,5,the,3.1101067066192627
critical,23,unambiguous,short,object,nonfinal,10,6,final,6.233245372772217
critical,23,unambiguous,short,object,nonfinal,10,7,scene,2.754187822341919
critical,23,unambiguous,short,object,nonfinal,10,8,the,8.558428764343262
critical,23,unambiguous,short,object,nonfinal,10,9,actors,8.583436965942383
critical,23,unambiguous,short,object,nonfinal,10,10,left,8.606507301330566
critical,23,unambiguous,short,object,nonfinal,10,11,to,4.109708309173584
critical,23,unambiguous,short,object,nonfinal,10,12,go,5.7234063148498535
critical,23,unambiguous,short,object,nonfinal,10,13,home.,5.856721758842468
critical,23,unambiguous,long,object,final,15,0,After,18.362133026123047
critical,23,unambiguous,long,object,final,15,1,the,3.560596704483032
critical,23,unambiguous,long,object,final,15,2,director,14.844860076904297
critical,23,unambiguous,long,object,final,15,3,finished,9.49093246459961
critical,23,unambiguous,long,object,final,15,4,filming,10.328336715698242
critical,23,unambiguous,long,object,final,15,5,the,3.1101067066192627
critical,23,unambiguous,long,object,final,15,6,final,6.233245372772217
critical,23,unambiguous,long,object,final,15,7,scene,2.754187822341919
critical,23,unambiguous,long,object,final,15,8,the,8.558428764343262
critical,23,unambiguous,long,object,final,15,9,actors,8.583436965942383
critical,23,unambiguous,long,object,final,15,10,exhausted,16.775732040405273
critical,23,unambiguous,long,object,final,15,11,from,5.323636054992676
critical,23,unambiguous,long,object,final,15,12,the,1.6959415674209597
critical,23,unambiguous,long,object,final,15,13,long,8.60351276397705
critical,23,unambiguous,long,object,final,15,14,day,5.946186065673828
critical,23,unambiguous,long,object,final,15,15,left.,12.704591751098633
critical,23,unambiguous,long,object,nonfinal,15,0,After,18.362133026123047
critical,23,unambiguous,long,object,nonfinal,15,1,the,3.560596704483032
critical,23,unambiguous,long,object,nonfinal,15,2,director,14.844860076904297
critical,23,unambiguous,long,object,nonfinal,15,3,finished,9.49093246459961
critical,23,unambiguous,long,object,nonfinal,15,4,filming,10.328336715698242
critical,23,unambiguous,long,object,nonfinal,15,5,the,3.1101067066192627
critical,23,unambiguous,long,object,nonfinal,15,6,final,6.233245372772217
critical,23,unambiguous,long,object,nonfinal,15,7,scene,2.754187822341919
critical,23,unambiguous,long,object,nonfinal,15,8,the,8.558428764343262
critical,23,unambiguous,long,object,nonfinal,15,9,actors,8.583436965942383
critical,23,unambiguous,long,object,nonfinal,15,10,exhausted,16.775732040405273
critical,23,unambiguous,long,object,nonfinal,15,11,from,5.323636054992676
critical,23,unambiguous,long,object,nonfinal,15,12,the,1.6959415674209597
critical,23,unambiguous,long,object,nonfinal,15,13,long,8.60351276397705
critical,23,unambiguous,long,object,nonfinal,15,14,day,5.946186065673828
critical,23,unambiguous,long,object,nonfinal,15,15,left,10.017501831054688
critical,23,unambiguous,long,object,nonfinal,15,16,to,3.076117515563965
critical,23,unambiguous,long,object,nonfinal,15,17,go,5.814807415008545
critical,23,unambiguous,long,object,nonfinal,15,18,home.,4.738597989082336
critical,24,ambiguous,short,,final,6,0,After,18.362133026123047
critical,24,ambiguous,short,,final,6,1,our,9.532318115234377
critical,24,ambiguous,short,,final,6,2,team,8.706713676452637
critical,24,ambiguous,short,,final,6,3,won,7.724018573760986
critical,24,ambiguous,short,,final,6,4,the,1.2362937927246094
critical,24,ambiguous,short,,final,6,5,tournament,6.122472286224365
critical,24,ambiguous,short,,final,6,6,advanced.,21.33469820022583
critical,24,ambiguous,short,,nonfinal,6,0,After,18.362133026123047
critical,24,ambiguous,short,,nonfinal,6,1,our,9.532318115234377
critical,24,ambiguous,short,,nonfinal,6,2,team,8.706713676452637
critical,24,ambiguous,short,,nonfinal,6,3,won,7.724018573760986
critical,24,ambiguous,short,,nonfinal,6,4,the,1.2362937927246094
critical,24,ambiguous,short,,nonfinal,6,5,tournament,6.122472286224365
critical,24,ambiguous,short,,nonfinal,6,6,advanced,15.161858558654783
critical,24,ambiguous,short,,nonfinal,6,7,to,0.5570366382598877
critical,24,ambiguous,short,,nonfinal,6,8,the,1.0617685317993164
critical,24,ambiguous,short,,nonfinal,6,9,final,5.1549224853515625
critical,24,ambiguous,short,,nonfinal,6,10,round.,7.426920413970947
critical,24,ambiguous,long,,final,8,0,After,18.362133026123047
critical,24,ambiguous,long,,final,8,1,our,9.532318115234377
critical,24,ambiguous,long,,final,8,2,team,8.706713676452637
critical,24,ambiguous,long,,final,8,3,won,7.724018573760986
critical,24,ambiguous,long,,final,8,4,the,1.2362937927246094
critical,24,ambiguous,long,,final,8,5,tournament,6.122472286224365
critical,24,ambiguous,long,,final,8,6,in,4.586262702941895
critical,24,ambiguous,long,,final,8,7,basketball,12.660036087036133
critical,24,ambiguous,long,,final,8,8,advanced.,23.533082008361816
critical,24,ambiguous,long,,nonfinal,8,0,After,18.362133026123047
critical,24,ambiguous,long,,nonfinal,8,1,our,9.532318115234377
critical,24,ambiguous,long,,nonfinal,8,2,team,8.706713676452637
critical,24,ambiguous,long,,nonfinal,8,3,won,7.724018573760986
critical,24,ambiguous,long,,nonfinal,8,4,the,1.2362937927246094
critical,24,ambiguous,long,,nonfinal,8,5,tournament,6.122472286224365
critical,24,ambiguous,long,,nonfinal,8,6,in,4.586262702941895
critical,24,ambiguous,long,,nonfinal,8,7,basketball,12.660036087036133
critical,24,ambiguous,long,,nonfinal,8,8,advanced,16.690847396850586
critical,24,ambiguous,long,,nonfinal,8,9,to,0.3631393015384674
critical,24,ambiguous,long,,nonfinal,8,10,the,1.0547242164611816
critical,24,ambiguous,long,,nonfinal,8,11,final,5.596254825592041
critical,24,ambiguous,long,,nonfinal,8,12,round.,7.504057168960571
critical,24,unambiguous,short,comma,final,6,0,After,18.362133026123047
critical,24,unambiguous,short,comma,final,6,1,our,9.532318115234377
critical,24,unambiguous,short,comma,final,6,2,team,8.706713676452637
critical,24,unambiguous,short,comma,final,6,3,"won,",13.59253978729248
critical,24,unambiguous,short,comma,final,6,4,the,2.841186285018921
critical,24,unambiguous,short,comma,final,6,5,tournament,10.909324645996094
critical,24,unambiguous,short,comma,final,6,6,advanced.,18.97446870803833
critical,24,unambiguous,short,comma,nonfinal,6,0,After,18.362133026123047
critical,24,unambiguous,short,comma,nonfinal,6,1,our,9.532318115234377
critical,24,unambiguous,short,comma,nonfinal,6,2,team,8.706713676452637
critical,24,unambiguous,short,comma,nonfinal,6,3,"won,",13.59253978729248
critical,24,unambiguous,short,comma,nonfinal,6,4,the,2.841186285018921
critical,24,unambiguous,short,comma,nonfinal,6,5,tournament,10.909324645996094
critical,24,unambiguous,short,comma,nonfinal,6,6,advanced,11.776667594909668
critical,24,unambiguous,short,comma,nonfinal,6,7,to,0.3659570515155792
critical,24,unambiguous,short,comma,nonfinal,6,8,the,1.0726873874664309
critical,24,unambiguous,short,comma,nonfinal,6,9,final,5.028299331665039
critical,24,unambiguous,short,comma,nonfinal,6,10,round.,7.23513650894165
critical,24,unambiguous,long,comma,final,8,0,After,18.362133026123047
critical,24,unambiguous,long,comma,final,8,1,our,9.532318115234377
critical,24,unambiguous,long,comma,final,8,2,team,8.706713676452637
critical,24,unambiguous,long,comma,final,8,3,"won,",13.59253978729248
critical,24,unambiguous,long,comma,final,8,4,the,2.841186285018921
critical,24,unambiguous,long,comma,final,8,5,tournament,10.909324645996094
critical,24,unambiguous,long,comma,final,8,6,in,7.997518062591553
critical,24,unambiguous,long,comma,final,8,7,basketball,13.433688163757324
critical,24,unambiguous,long,comma,final,8,8,advanced.,22.105884552001957
critical,24,unambiguous,long,comma,nonfinal,8,0,After,18.362133026123047
critical,24,unambiguous,long,comma,nonfinal,8,1,our,9.532318115234377
critical,24,unambiguous,long,comma,nonfinal,8,2,team,8.706713676452637
critical,24,unambiguous,long,comma,nonfinal,8,3,"won,",13.59253978729248
critical,24,unambiguous,long,comma,nonfinal,8,4,the,2.841186285018921
critical,24,unambiguous,long,comma,nonfinal,8,5,tournament,10.909324645996094
critical,24,unambiguous,long,comma,nonfinal,8,6,in,7.997518062591553
critical,24,unambiguous,long,comma,nonfinal,8,7,basketball,13.433688163757324
critical,24,unambiguous,long,comma,nonfinal,8,8,advanced,14.40106201171875
critical,24,unambiguous,long,comma,nonfinal,8,9,to,0.2312327325344085
critical,24,unambiguous,long,comma,nonfinal,8,10,the,0.936025857925415
critical,24,unambiguous,long,comma,nonfinal,8,11,final,5.4516682624816895
critical,24,unambiguous,long,comma,nonfinal,8,12,round.,7.307165861129761
critical,24,unambiguous,short,object,final,8,0,After,18.362133026123047
critical,24,unambiguous,short,object,final,8,1,our,9.532318115234377
critical,24,unambiguous,short,object,final,8,2,team,8.706713676452637
critical,24,unambiguous,short,object,final,8,3,won,7.724018573760986
critical,24,unambiguous,short,object,final,8,4,the,1.2362937927246094
critical,24,unambiguous,short,object,final,8,5,semifinals,10.823382914066316
critical,24,unambiguous,short,object,final,8,6,the,7.994348049163818
critical,24,unambiguous,short,object,final,8,7,tournament,7.780725955963135
critical,24,unambiguous,short,object,final,8,8,advanced.,17.746803760528564
critical,24,unambiguous,short,object,nonfinal,8,0,After,18.362133026123047
critical,24,unambiguous,short,object,nonfinal,8,1,our,9.532318115234377
critical,24,unambiguous,short,object,nonfinal,8,2,team,8.706713676452637
critical,24,unambiguous,short,object,nonfinal,8,3,won,7.724018573760986
critical,24,unambiguous,short,object,nonfinal,8,4,the,1.2362937927246094
critical,24,unambiguous,short,object,nonfinal,8,5,semifinals,10.823382914066316
critical,24,unambiguous,short,object,nonfinal,8,6,the,7.994348049163818
critical,24,unambiguous,short,object,nonfinal,8,7,tournament,7.780725955963135
critical,24,unambiguous,short,object,nonfinal,8,8,advanced,12.268366813659668
critical,24,unambiguous,short,object,nonfinal,8,9,to,0.4272434115409851
critical,24,unambiguous,short,object,nonfinal,8,10,the,0.9671974182128906
critical,24,unambiguous,short,object,nonfinal,8,11,final,4.188958168029785
critical,24,unambiguous,short,object,nonfinal,8,12,round.,6.951246738433838
critical,24,unambiguous,long,object,final,10,0,After,18.362133026123047
critical,24,unambiguous,long,object,final,10,1,our,9.532318115234377
critical,24,unambiguous,long,object,final,10,2,team,8.706713676452637
critical,24,unambiguous,long,object,final,10,3,won,7.724018573760986
critical,24,unambiguous,long,object,final,10,4,the,1.2362937927246094
critical,24,unambiguous,long,object,final,10,5,semifinals,10.823382914066316
critical,24,unambiguous,long,object,final,10,6,the,7.994348049163818
critical,24,unambiguous,long,object,final,10,7,tournament,7.780725955963135
critical,24,unambiguous,long,object,final,10,8,in,5.462059020996094
critical,24,unambiguous,long,object,final,10,9,basketball,12.584485054016112
critical,24,unambiguous,long,object,final,10,10,advanced.,21.8327374458313
critical,24,unambiguous,long,object,nonfinal,10,0,After,18.362133026123047
critical,24,unambiguous,long,object,nonfinal,10,1,our,9.532318115234377
critical,24,unambiguous,long,object,nonfinal,10,2,team,8.706713676452637
critical,24,unambiguous,long,object,nonfinal,10,3,won,7.724018573760986
critical,24,unambiguous,long,object,nonfinal,10,4,the,1.2362937927246094
critical,24,unambiguous,long,object,nonfinal,10,5,semifinals,10.823382914066316
critical,24,unambiguous,long,object,nonfinal,10,6,the,7.994348049163818
critical,24,unambiguous,long,object,nonfinal,10,7,tournament,7.780725955963135
critical,24,unambiguous,long,object,nonfinal,10,8,in,5.462059020996094
critical,24,unambiguous,long,object,nonfinal,10,9,basketball,12.584485054016112
critical,24,unambiguous,long,object,nonfinal,10,10,advanced,15.398198127746582
critical,24,unambiguous,long,object,nonfinal,10,11,to,0.2321132868528366
critical,24,unambiguous,long,object,nonfinal,10,12,the,0.936025857925415
critical,24,unambiguous,long,object,nonfinal,10,13,final,4.521982192993164
critical,24,unambiguous,long,object,nonfinal,10,14,round.,7.574853181838989
critical,25,ambiguous,short,,final,11,0,When,18.16841125488281
critical,25,ambiguous,short,,final,11,1,the,2.4512782096862797
critical,25,ambiguous,short,,final,11,2,clumsy,18.20028786361217
critical,25,ambiguous,short,,final,11,3,librarian,15.04210329055786
critical,25,ambiguous,short,,final,11,4,tried,8.563712120056152
critical,25,ambiguous,short,,final,11,5,to,0.3432388305664062
critical,25,ambiguous,short,,final,11,6,organize,10.003413200378418
critical,25,ambiguous,short,,final,11,7,the,1.9176642894744875
critical,25,ambiguous,short,,final,11,8,stack,11.0928316116333
critical,25,ambiguous,short,,final,11,9,of,1.18980073928833
critical,25,ambiguous,short,,final,11,10,books,2.883452892303467
critical,25,ambiguous,short,,final,11,11,toppled.,28.61597490310669
critical,25,ambiguous,short,,nonfinal,11,0,When,18.16841125488281
critical,25,ambiguous,short,,nonfinal,11,1,the,2.4512782096862797
critical,25,ambiguous,short,,nonfinal,11,2,clumsy,18.20028786361217
critical,25,ambiguous,short,,nonfinal,11,3,librarian,15.04210329055786
critical,25,ambiguous,short,,nonfinal,11,4,tried,8.563712120056152
critical,25,ambiguous,short,,nonfinal,11,5,to,0.3432388305664062
critical,25,ambiguous,short,,nonfinal,11,6,organize,10.003413200378418
critical,25,ambiguous,short,,nonfinal,11,7,the,1.9176642894744875
critical,25,ambiguous,short,,nonfinal,11,8,stack,11.0928316116333
critical,25,ambiguous,short,,nonfinal,11,9,of,1.18980073928833
critical,25,ambiguous,short,,nonfinal,11,10,books,2.883452892303467
critical,25,ambiguous,short,,nonfinal,11,11,toppled,19.989567279815677
critical,25,ambiguous,short,,nonfinal,11,12,over,2.281155824661255
critical,25,ambiguous,short,,nonfinal,11,13,onto,8.363122940063477
critical,25,ambiguous,short,,nonfinal,11,14,the,0.9573352336883544
critical,25,ambiguous,short,,nonfinal,11,15,floor.,7.251162528991699
critical,25,ambiguous,long,,final,13,0,When,18.16841125488281
critical,25,ambiguous,long,,final,13,1,the,2.4512782096862797
critical,25,ambiguous,long,,final,13,2,clumsy,18.20028786361217
critical,25,ambiguous,long,,final,13,3,librarian,15.04210329055786
critical,25,ambiguous,long,,final,13,4,tried,8.563712120056152
critical,25,ambiguous,long,,final,13,5,to,0.3432388305664062
critical,25,ambiguous,long,,final,13,6,organize,10.003413200378418
critical,25,ambiguous,long,,final,13,7,the,1.9176642894744875
critical,25,ambiguous,long,,final,13,8,stack,11.0928316116333
critical,25,ambiguous,long,,final,13,9,of,1.18980073928833
critical,25,ambiguous,long,,final,13,10,books,2.883452892303467
critical,25,ambiguous,long,,final,13,11,leaning,17.210548400878906
critical,25,ambiguous,long,,final,13,12,precariously,13.934722064062951
critical,25,ambiguous,long,,final,13,13,toppled.,26.7606543302536
critical,25,ambiguous,long,,nonfinal,13,0,When,18.16841125488281
critical,25,ambiguous,long,,nonfinal,13,1,the,2.4512782096862797
critical,25,ambiguous,long,,nonfinal,13,2,clumsy,18.20028786361217
critical,25,ambiguous,long,,nonfinal,13,3,librarian,15.04210329055786
critical,25,ambiguous,long,,nonfinal,13,4,tried,8.563712120056152
critical,25,ambiguous,long,,nonfinal,13,5,to,0.3432388305664062
critical,25,ambiguous,long,,nonfinal,13,6,organize,10.003413200378418
critical,25,ambiguous,long,,nonfinal,13,7,the,1.9176642894744875
critical,25,ambiguous,long,,nonfinal,13,8,stack,11.0928316116333
critical,25,ambiguous,long,,nonfinal,13,9,of,1.18980073928833
critical,25,ambiguous,long,,nonfinal,13,10,books,2.883452892303467
critical,25,ambiguous,long,,nonfinal,13,11,leaning,17.210548400878906
critical,25,ambiguous,long,,nonfinal,13,12,precariously,13.934722064062951
critical,25,ambiguous,long,,nonfinal,13,13,toppled,18.607455134391785
critical,25,ambiguous,long,,nonfinal,13,14,over,1.7056275606155396
critical,25,ambiguous,long,,nonfinal,13,15,onto,7.8837504386901855
critical,25,ambiguous,long,,nonfinal,13,16,the,1.0416920185089111
critical,25,ambiguous,long,,nonfinal,13,17,floor.,6.909156799316406
critical,25,unambiguous,short,comma,final,11,0,When,18.16841125488281
critical,25,unambiguous,short,comma,final,11,1,the,2.4512782096862797
critical,25,unambiguous,short,comma,final,11,2,clumsy,18.20028786361217
critical,25,unambiguous,short,comma,final,11,3,librarian,15.04210329055786
critical,25,unambiguous,short,comma,final,11,4,tried,8.563712120056152
critical,25,unambiguous,short,comma,final,11,5,to,0.3432388305664062
critical,25,unambiguous,short,comma,final,11,6,"organize,",16.180127143859863
critical,25,unambiguous,short,comma,final,11,7,the,3.041599750518799
critical,25,unambiguous,short,comma,final,11,8,stack,12.299186706542969
critical,25,unambiguous,short,comma,final,11,9,of,1.180466890335083
critical,25,unambiguous,short,comma,final,11,10,books,2.9257192611694336
critical,25,unambiguous,short,comma,final,11,11,toppled.,23.729972764849663
critical,25,unambiguous,short,comma,nonfinal,11,0,When,18.16841125488281
critical,25,unambiguous,short,comma,nonfinal,11,1,the,2.4512782096862797
critical,25,unambiguous,short,comma,nonfinal,11,2,clumsy,18.20028786361217
critical,25,unambiguous,short,comma,nonfinal,11,3,librarian,15.04210329055786
critical,25,unambiguous,short,comma,nonfinal,11,4,tried,8.563712120056152
critical,25,unambiguous,short,comma,nonfinal,11,5,to,0.3432388305664062
critical,25,unambiguous,short,comma,nonfinal,11,6,"organize,",16.180127143859863
critical,25,unambiguous,short,comma,nonfinal,11,7,the,3.041599750518799
critical,25,unambiguous,short,comma,nonfinal,11,8,stack,12.299186706542969
critical,25,unambiguous,short,comma,nonfinal,11,9,of,1.180466890335083
critical,25,unambiguous,short,comma,nonfinal,11,10,books,2.9257192611694336
critical,25,unambiguous,short,comma,nonfinal,11,11,toppled,16.339858934283257
critical,25,unambiguous,short,comma,nonfinal,11,12,over,1.6202141046524048
critical,25,unambiguous,short,comma,nonfinal,11,13,onto,7.503000259399414
critical,25,unambiguous,short,comma,nonfinal,11,14,the,0.983927845954895
critical,25,unambiguous,short,comma,nonfinal,11,15,floor.,5.435818433761597
critical,25,unambiguous,long,comma,final,13,0,When,18.16841125488281
critical,25,unambiguous,long,comma,final,13,1,the,2.4512782096862797
critical,25,unambiguous,long,comma,final,13,2,clumsy,18.20028786361217
critical,25,unambiguous,long,comma,final,13,3,librarian,15.04210329055786
critical,25,unambiguous,long,comma,final,13,4,tried,8.563712120056152
critical,25,unambiguous,long,comma,final,13,5,to,0.3432388305664062
critical,25,unambiguous,long,comma,final,13,6,"organize,",16.180127143859863
critical,25,unambiguous,long,comma,final,13,7,the,3.041599750518799
critical,25,unambiguous,long,comma,final,13,8,stack,12.299186706542969
critical,25,unambiguous,long,comma,final,13,9,of,1.180466890335083
critical,25,unambiguous,long,comma,final,13,10,books,2.9257192611694336
critical,25,unambiguous,long,comma,final,13,11,leaning,14.680901527404783
critical,25,unambiguous,long,comma,final,13,12,precariously,13.035855669528246
critical,25,unambiguous,long,comma,final,13,13,toppled.,23.955041736364365
critical,25,unambiguous,long,comma,nonfinal,13,0,When,18.16841125488281
critical,25,unambiguous,long,comma,nonfinal,13,1,the,2.4512782096862797
critical,25,unambiguous,long,comma,nonfinal,13,2,clumsy,18.20028786361217
critical,25,unambiguous,long,comma,nonfinal,13,3,librarian,15.04210329055786
critical,25,unambiguous,long,comma,nonfinal,13,4,tried,8.563712120056152
critical,25,unambiguous,long,comma,nonfinal,13,5,to,0.3432388305664062
critical,25,unambiguous,long,comma,nonfinal,13,6,"organize,",16.180127143859863
critical,25,unambiguous,long,comma,nonfinal,13,7,the,3.041599750518799
critical,25,unambiguous,long,comma,nonfinal,13,8,stack,12.299186706542969
critical,25,unambiguous,long,comma,nonfinal,13,9,of,1.180466890335083
critical,25,unambiguous,long,comma,nonfinal,13,10,books,2.9257192611694336
critical,25,unambiguous,long,comma,nonfinal,13,11,leaning,14.680901527404783
critical,25,unambiguous,long,comma,nonfinal,13,12,precariously,13.035855669528246
critical,25,unambiguous,long,comma,nonfinal,13,13,toppled,17.19522652029991
critical,25,unambiguous,long,comma,nonfinal,13,14,over,1.3090273141860962
critical,25,unambiguous,long,comma,nonfinal,13,15,onto,6.939975738525391
critical,25,unambiguous,long,comma,nonfinal,13,16,the,1.0522586107254028
critical,25,unambiguous,long,comma,nonfinal,13,17,floor.,6.038819789886475
critical,25,unambiguous,short,object,final,14,0,When,18.16841125488281
critical,25,unambiguous,short,object,final,14,1,the,2.4512782096862797
critical,25,unambiguous,short,object,final,14,2,clumsy,18.20028786361217
critical,25,unambiguous,short,object,final,14,3,librarian,15.04210329055786
critical,25,unambiguous,short,object,final,14,4,tried,8.563712120056152
critical,25,unambiguous,short,object,final,14,5,to,0.3432388305664062
critical,25,unambiguous,short,object,final,14,6,organize,10.003413200378418
critical,25,unambiguous,short,object,final,14,7,the,1.9176642894744875
critical,25,unambiguous,short,object,final,14,8,reading,9.570358276367188
critical,25,unambiguous,short,object,final,14,9,room,3.908238172531128
critical,25,unambiguous,short,object,final,14,10,the,6.948429107666016
critical,25,unambiguous,short,object,final,14,11,stack,12.406261444091797
critical,25,unambiguous,short,object,final,14,12,of,1.2984607219696045
critical,25,unambiguous,short,object,final,14,13,books,2.4637820720672607
critical,25,unambiguous,short,object,final,14,14,toppled.,25.83537082374096
critical,25,unambiguous,short,object,nonfinal,14,0,When,18.16841125488281
critical,25,unambiguous,short,object,nonfinal,14,1,the,2.4512782096862797
critical,25,unambiguous,short,object,nonfinal,14,2,clumsy,18.20028786361217
critical,25,unambiguous,short,object,nonfinal,14,3,librarian,15.04210329055786
critical,25,unambiguous,short,object,nonfinal,14,4,tried,8.563712120056152
critical,25,unambiguous,short,object,nonfinal,14,5,to,0.3432388305664062
critical,25,unambiguous,short,object,nonfinal,14,6,organize,10.003413200378418
critical,25,unambiguous,short,object,nonfinal,14,7,the,1.9176642894744875
critical,25,unambiguous,short,object,nonfinal,14,8,reading,9.570358276367188
critical,25,unambiguous,short,object,nonfinal,14,9,room,3.908238172531128
critical,25,unambiguous,short,object,nonfinal,14,10,the,6.948429107666016
critical,25,unambiguous,short,object,nonfinal,14,11,stack,12.406261444091797
critical,25,unambiguous,short,object,nonfinal,14,12,of,1.2984607219696045
critical,25,unambiguous,short,object,nonfinal,14,13,books,2.4637820720672607
critical,25,unambiguous,short,object,nonfinal,14,14,toppled,18.312646195292476
critical,25,unambiguous,short,object,nonfinal,14,15,over,1.726936936378479
critical,25,unambiguous,short,object,nonfinal,14,16,onto,6.8950676918029785
critical,25,unambiguous,short,object,nonfinal,14,17,the,0.8854822516441345
critical,25,unambiguous,short,object,nonfinal,14,18,floor.,5.353222846984863
critical,25,unambiguous,long,object,final,16,0,When,18.16841125488281
critical,25,unambiguous,long,object,final,16,1,the,2.4512782096862797
critical,25,unambiguous,long,object,final,16,2,clumsy,18.20028786361217
critical,25,unambiguous,long,object,final,16,3,librarian,15.04210329055786
critical,25,unambiguous,long,object,final,16,4,tried,8.563712120056152
critical,25,unambiguous,long,object,final,16,5,to,0.3432388305664062
critical,25,unambiguous,long,object,final,16,6,organize,10.003413200378418
critical,25,unambiguous,long,object,final,16,7,the,1.9176642894744875
critical,25,unambiguous,long,object,final,16,8,reading,9.570358276367188
critical,25,unambiguous,long,object,final,16,9,room,3.908238172531128
critical,25,unambiguous,long,object,final,16,10,the,6.948429107666016
critical,25,unambiguous,long,object,final,16,11,stack,12.406261444091797
critical,25,unambiguous,long,object,final,16,12,of,1.2984607219696045
critical,25,unambiguous,long,object,final,16,13,books,2.4637820720672607
critical,25,unambiguous,long,object,final,16,14,leaning,16.282094955444336
critical,25,unambiguous,long,object,final,16,15,precariously,13.693451257888228
critical,25,unambiguous,long,object,final,16,16,toppled.,24.67339625954628
critical,25,unambiguous,long,object,nonfinal,16,0,When,18.16841125488281
critical,25,unambiguous,long,object,nonfinal,16,1,the,2.4512782096862797
critical,25,unambiguous,long,object,nonfinal,16,2,clumsy,18.20028786361217
critical,25,unambiguous,long,object,nonfinal,16,3,librarian,15.04210329055786
critical,25,unambiguous,long,object,nonfinal,16,4,tried,8.563712120056152
critical,25,unambiguous,long,object,nonfinal,16,5,to,0.3432388305664062
critical,25,unambiguous,long,object,nonfinal,16,6,organize,10.003413200378418
critical,25,unambiguous,long,object,nonfinal,16,7,the,1.9176642894744875
critical,25,unambiguous,long,object,nonfinal,16,8,reading,9.570358276367188
critical,25,unambiguous,long,object,nonfinal,16,9,room,3.908238172531128
critical,25,unambiguous,long,object,nonfinal,16,10,the,6.948429107666016
critical,25,unambiguous,long,object,nonfinal,16,11,stack,12.406261444091797
critical,25,unambiguous,long,object,nonfinal,16,12,of,1.2984607219696045
critical,25,unambiguous,long,object,nonfinal,16,13,books,2.4637820720672607
critical,25,unambiguous,long,object,nonfinal,16,14,leaning,16.282094955444336
critical,25,unambiguous,long,object,nonfinal,16,15,precariously,13.693451257888228
critical,25,unambiguous,long,object,nonfinal,16,16,toppled,17.744163185358047
critical,25,unambiguous,long,object,nonfinal,16,17,over,1.4617149829864502
critical,25,unambiguous,long,object,nonfinal,16,18,onto,6.909861087799072
critical,25,unambiguous,long,object,nonfinal,16,19,the,0.8500840663909912
critical,25,unambiguous,long,object,nonfinal,16,20,floor.,5.7313313484191895
critical,26,ambiguous,short,,final,6,0,Once,18.264039993286133
critical,26,ambiguous,short,,final,6,1,the,3.359654903411865
critical,26,ambiguous,short,,final,6,2,detective,14.87092399597168
critical,26,ambiguous,short,,final,6,3,investigated,13.14451503753662
critical,26,ambiguous,short,,final,6,4,the,1.2926491498947144
critical,26,ambiguous,short,,final,6,5,politician,16.175901412963867
critical,26,ambiguous,short,,final,6,6,resigned.,18.28746223449707
critical,26,ambiguous,short,,nonfinal,6,0,Once,18.264039993286133
critical,26,ambiguous,short,,nonfinal,6,1,the,3.359654903411865
critical,26,ambiguous,short,,nonfinal,6,2,detective,14.87092399597168
critical,26,ambiguous,short,,nonfinal,6,3,investigated,13.14451503753662
critical,26,ambiguous,short,,nonfinal,6,4,the,1.2926491498947144
critical,26,ambiguous,short,,nonfinal,6,5,politician,16.175901412963867
critical,26,ambiguous,short,,nonfinal,6,6,resigned,15.453144073486328
critical,26,ambiguous,short,,nonfinal,6,7,from,2.199792861938477
critical,26,ambiguous,short,,nonfinal,6,8,office.,6.497939348220825
critical,26,ambiguous,long,,final,8,0,Once,18.264039993286133
critical,26,ambiguous,long,,final,8,1,the,3.359654903411865
critical,26,ambiguous,long,,final,8,2,detective,14.87092399597168
critical,26,ambiguous,long,,final,8,3,investigated,13.14451503753662
critical,26,ambiguous,long,,final,8,4,the,1.2926491498947144
critical,26,ambiguous,long,,final,8,5,politician,16.175901412963867
critical,26,ambiguous,long,,final,8,6,accepting,16.590816497802734
critical,26,ambiguous,long,,final,8,7,bribes,6.348949793726206
critical,26,ambiguous,long,,final,8,8,resigned.,21.769338369369507
critical,26,ambiguous,long,,nonfinal,8,0,Once,18.264039993286133
critical,26,ambiguous,long,,nonfinal,8,1,the,3.359654903411865
critical,26,ambiguous,long,,nonfinal,8,2,detective,14.87092399597168
critical,26,ambiguous,long,,nonfinal,8,3,investigated,13.14451503753662
critical,26,ambiguous,long,,nonfinal,8,4,the,1.2926491498947144
critical,26,ambiguous,long,,nonfinal,8,5,politician,16.175901412963867
critical,26,ambiguous,long,,nonfinal,8,6,accepting,16.590816497802734
critical,26,ambiguous,long,,nonfinal,8,7,bribes,6.348949793726206
critical,26,ambiguous,long,,nonfinal,8,8,resigned,19.05319023132324
critical,26,ambiguous,long,,nonfinal,8,9,from,2.289433002471924
critical,26,ambiguous,long,,nonfinal,8,10,office.,9.63692820072174
critical,26,unambiguous,short,comma,final,6,0,Once,18.264039993286133
critical,26,unambiguous,short,comma,final,6,1,the,3.359654903411865
critical,26,unambiguous,short,comma,final,6,2,detective,14.87092399597168
critical,26,unambiguous,short,comma,final,6,3,"investigated,",17.620356559753418
critical,26,unambiguous,short,comma,final,6,4,the,2.173024177551269
critical,26,unambiguous,short,comma,final,6,5,politician,15.151643753051758
critical,26,unambiguous,short,comma,final,6,6,resigned.,14.167540073394775
critical,26,unambiguous,short,comma,nonfinal,6,0,Once,18.264039993286133
critical,26,unambiguous,short,comma,nonfinal,6,1,the,3.359654903411865
critical,26,unambiguous,short,comma,nonfinal,6,2,detective,14.87092399597168
critical,26,unambiguous,short,comma,nonfinal,6,3,"investigated,",17.620356559753418
critical,26,unambiguous,short,comma,nonfinal,6,4,the,2.173024177551269
critical,26,unambiguous,short,comma,nonfinal,6,5,politician,15.151643753051758
critical,26,unambiguous,short,comma,nonfinal,6,6,resigned,11.335159301757812
critical,26,unambiguous,short,comma,nonfinal,6,7,from,2.6696550846099854
critical,26,unambiguous,short,comma,nonfinal,6,8,office.,6.868299245834351
critical,26,unambiguous,long,comma,final,8,0,Once,18.264039993286133
critical,26,unambiguous,long,comma,final,8,1,the,3.359654903411865
critical,26,unambiguous,long,comma,final,8,2,detective,14.87092399597168
critical,26,unambiguous,long,comma,final,8,3,"investigated,",17.620356559753418
critical,26,unambiguous,long,comma,final,8,4,the,2.173024177551269
critical,26,unambiguous,long,comma,final,8,5,politician,15.151643753051758
critical,26,unambiguous,long,comma,final,8,6,accepting,16.399032592773438
critical,26,unambiguous,long,comma,final,8,7,bribes,7.381307989358902
critical,26,unambiguous,long,comma,final,8,8,resigned.,18.53295993804932
critical,26,unambiguous,long,comma,nonfinal,8,0,Once,18.264039993286133
critical,26,unambiguous,long,comma,nonfinal,8,1,the,3.359654903411865
critical,26,unambiguous,long,comma,nonfinal,8,2,detective,14.87092399597168
critical,26,unambiguous,long,comma,nonfinal,8,3,"investigated,",17.620356559753418
critical,26,unambiguous,long,comma,nonfinal,8,4,the,2.173024177551269
critical,26,unambiguous,long,comma,nonfinal,8,5,politician,15.151643753051758
critical,26,unambiguous,long,comma,nonfinal,8,6,accepting,16.399032592773438
critical,26,unambiguous,long,comma,nonfinal,8,7,bribes,7.381307989358902
critical,26,unambiguous,long,comma,nonfinal,8,8,resigned,16.07868766784668
critical,26,unambiguous,long,comma,nonfinal,8,9,from,2.757710218429565
critical,26,unambiguous,long,comma,nonfinal,8,10,office.,8.57058072090149
critical,26,unambiguous,short,object,final,7,0,Once,18.264039993286133
critical,26,unambiguous,short,object,final,7,1,the,3.359654903411865
critical,26,unambiguous,short,object,final,7,2,detective,14.87092399597168
critical,26,unambiguous,short,object,final,7,3,investigated,13.14451503753662
critical,26,unambiguous,short,object,final,7,4,him,5.632533550262451
critical,26,unambiguous,short,object,final,7,5,the,7.758008003234863
critical,26,unambiguous,short,object,final,7,6,politician,16.067241668701172
critical,26,unambiguous,short,object,final,7,7,resigned.,15.908917903900146
critical,26,unambiguous,short,object,nonfinal,7,0,Once,18.264039993286133
critical,26,unambiguous,short,object,nonfinal,7,1,the,3.359654903411865
critical,26,unambiguous,short,object,nonfinal,7,2,detective,14.87092399597168
critical,26,unambiguous,short,object,nonfinal,7,3,investigated,13.14451503753662
critical,26,unambiguous,short,object,nonfinal,7,4,him,5.632533550262451
critical,26,unambiguous,short,object,nonfinal,7,5,the,7.758008003234863
critical,26,unambiguous,short,object,nonfinal,7,6,politician,16.067241668701172
critical,26,unambiguous,short,object,nonfinal,7,7,resigned,13.307241439819336
critical,26,unambiguous,short,object,nonfinal,7,8,from,2.6624345779418945
critical,26,unambiguous,short,object,nonfinal,7,9,office.,6.7908103466033936
critical,26,unambiguous,long,object,final,9,0,Once,18.264039993286133
critical,26,unambiguous,long,object,final,9,1,the,3.359654903411865
critical,26,unambiguous,long,object,final,9,2,detective,14.87092399597168
critical,26,unambiguous,long,object,final,9,3,investigated,13.14451503753662
critical,26,unambiguous,long,object,final,9,4,him,5.632533550262451
critical,26,unambiguous,long,object,final,9,5,the,7.758008003234863
critical,26,unambiguous,long,object,final,9,6,politician,16.067241668701172
critical,26,unambiguous,long,object,final,9,7,accepting,16.178190231323242
critical,26,unambiguous,long,object,final,9,8,bribes,6.611354306340218
critical,26,unambiguous,long,object,final,9,9,resigned.,21.130234003067017
critical,26,unambiguous,long,object,nonfinal,9,0,Once,18.264039993286133
critical,26,unambiguous,long,object,nonfinal,9,1,the,3.359654903411865
critical,26,unambiguous,long,object,nonfinal,9,2,detective,14.87092399597168
critical,26,unambiguous,long,object,nonfinal,9,3,investigated,13.14451503753662
critical,26,unambiguous,long,object,nonfinal,9,4,him,5.632533550262451
critical,26,unambiguous,long,object,nonfinal,9,5,the,7.758008003234863
critical,26,unambiguous,long,object,nonfinal,9,6,politician,16.067241668701172
critical,26,unambiguous,long,object,nonfinal,9,7,accepting,16.178190231323242
critical,26,unambiguous,long,object,nonfinal,9,8,bribes,6.611354306340218
critical,26,unambiguous,long,object,nonfinal,9,9,resigned,18.607807159423828
critical,26,unambiguous,long,object,nonfinal,9,10,from,2.1813013553619385
critical,26,unambiguous,long,object,nonfinal,9,11,office.,9.190136313438416
critical,27,ambiguous,short,,final,6,0,When,18.16841125488281
critical,27,ambiguous,short,,final,6,1,the,2.4512782096862797
critical,27,ambiguous,short,,final,6,2,supervisor,14.204523086547852
critical,27,ambiguous,short,,final,6,3,called,7.459324836730957
critical,27,ambiguous,short,,final,6,4,the,2.517848014831543
critical,27,ambiguous,short,,final,6,5,employees,10.347004890441896
critical,27,ambiguous,short,,final,6,6,gathered.,22.943289756774902
critical,27,ambiguous,short,,nonfinal,6,0,When,18.16841125488281
critical,27,ambiguous,short,,nonfinal,6,1,the,2.4512782096862797
critical,27,ambiguous,short,,nonfinal,6,2,supervisor,14.204523086547852
critical,27,ambiguous,short,,nonfinal,6,3,called,7.459324836730957
critical,27,ambiguous,short,,nonfinal,6,4,the,2.517848014831543
critical,27,ambiguous,short,,nonfinal,6,5,employees,10.347004890441896
critical,27,ambiguous,short,,nonfinal,6,6,gathered,16.836843490600586
critical,27,ambiguous,short,,nonfinal,6,7,in,3.479585886001587
critical,27,ambiguous,short,,nonfinal,6,8,the,1.219563364982605
critical,27,ambiguous,short,,nonfinal,6,9,meeting,6.505335807800293
critical,27,ambiguous,short,,nonfinal,6,10,room.,6.065764844417572
critical,27,ambiguous,long,,final,9,0,When,18.16841125488281
critical,27,ambiguous,long,,final,9,1,the,2.4512782096862797
critical,27,ambiguous,long,,final,9,2,supervisor,14.204523086547852
critical,27,ambiguous,long,,final,9,3,called,7.459324836730957
critical,27,ambiguous,long,,final,9,4,the,2.517848014831543
critical,27,ambiguous,long,,final,9,5,employees,10.347004890441896
critical,27,ambiguous,long,,final,9,6,who,7.446821212768555
critical,27,ambiguous,long,,final,9,7,were,1.6469829082489014
critical,27,ambiguous,long,,final,9,8,available,10.092525482177734
critical,27,ambiguous,long,,final,9,9,gathered.,26.294490814208984
critical,27,ambiguous,long,,nonfinal,9,0,When,18.16841125488281
critical,27,ambiguous,long,,nonfinal,9,1,the,2.4512782096862797
critical,27,ambiguous,long,,nonfinal,9,2,supervisor,14.204523086547852
critical,27,ambiguous,long,,nonfinal,9,3,called,7.459324836730957
critical,27,ambiguous,long,,nonfinal,9,4,the,2.517848014831543
critical,27,ambiguous,long,,nonfinal,9,5,employees,10.347004890441896
critical,27,ambiguous,long,,nonfinal,9,6,who,7.446821212768555
critical,27,ambiguous,long,,nonfinal,9,7,were,1.6469829082489014
critical,27,ambiguous,long,,nonfinal,9,8,available,10.092525482177734
critical,27,ambiguous,long,,nonfinal,9,9,gathered,19.052661895751957
critical,27,ambiguous,long,,nonfinal,9,10,in,3.690213918685913
critical,27,ambiguous,long,,nonfinal,9,11,the,0.8053520917892456
critical,27,ambiguous,long,,nonfinal,9,12,meeting,6.299462795257568
critical,27,ambiguous,long,,nonfinal,9,13,room.,6.821277618408203
critical,27,unambiguous,short,comma,final,6,0,When,18.16841125488281
critical,27,unambiguous,short,comma,final,6,1,the,2.4512782096862797
critical,27,unambiguous,short,comma,final,6,2,supervisor,14.204523086547852
critical,27,unambiguous,short,comma,final,6,3,"called,",11.020802021026611
critical,27,unambiguous,short,comma,final,6,4,the,2.038299798965454
critical,27,unambiguous,short,comma,final,6,5,employees,9.865166664123535
critical,27,unambiguous,short,comma,final,6,6,gathered.,15.374247074127195
critical,27,unambiguous,short,comma,nonfinal,6,0,When,18.16841125488281
critical,27,unambiguous,short,comma,nonfinal,6,1,the,2.4512782096862797
critical,27,unambiguous,short,comma,nonfinal,6,2,supervisor,14.204523086547852
critical,27,unambiguous,short,comma,nonfinal,6,3,"called,",11.020802021026611
critical,27,unambiguous,short,comma,nonfinal,6,4,the,2.038299798965454
critical,27,unambiguous,short,comma,nonfinal,6,5,employees,9.865166664123535
critical,27,unambiguous,short,comma,nonfinal,6,6,gathered,10.339960098266602
critical,27,unambiguous,short,comma,nonfinal,6,7,in,3.2236979007720947
critical,27,unambiguous,short,comma,nonfinal,6,8,the,1.627258539199829
critical,27,unambiguous,short,comma,nonfinal,6,9,meeting,6.603429317474365
critical,27,unambiguous,short,comma,nonfinal,6,10,room.,2.7953977286815643
critical,27,unambiguous,long,comma,final,9,0,When,18.16841125488281
critical,27,unambiguous,long,comma,final,9,1,the,2.4512782096862797
critical,27,unambiguous,long,comma,final,9,2,supervisor,14.204523086547852
critical,27,unambiguous,long,comma,final,9,3,"called,",11.020802021026611
critical,27,unambiguous,long,comma,final,9,4,the,2.038299798965454
critical,27,unambiguous,long,comma,final,9,5,employees,9.865166664123535
critical,27,unambiguous,long,comma,final,9,6,who,8.167287826538086
critical,27,unambiguous,long,comma,final,9,7,were,2.3982691764831543
critical,27,unambiguous,long,comma,final,9,8,available,10.750473022460938
critical,27,unambiguous,long,comma,final,9,9,gathered.,22.08616065979004
critical,27,unambiguous,long,comma,nonfinal,9,0,When,18.16841125488281
critical,27,unambiguous,long,comma,nonfinal,9,1,the,2.4512782096862797
critical,27,unambiguous,long,comma,nonfinal,9,2,supervisor,14.204523086547852
critical,27,unambiguous,long,comma,nonfinal,9,3,"called,",11.020802021026611
critical,27,unambiguous,long,comma,nonfinal,9,4,the,2.038299798965454
critical,27,unambiguous,long,comma,nonfinal,9,5,employees,9.865166664123535
critical,27,unambiguous,long,comma,nonfinal,9,6,who,8.167287826538086
critical,27,unambiguous,long,comma,nonfinal,9,7,were,2.3982691764831543
critical,27,unambiguous,long,comma,nonfinal,9,8,available,10.750473022460938
critical,27,unambiguous,long,comma,nonfinal,9,9,gathered,14.64145278930664
critical,27,unambiguous,long,comma,nonfinal,9,10,in,3.365114212036133
critical,27,unambiguous,long,comma,nonfinal,9,11,the,0.7556890249252319
critical,27,unambiguous,long,comma,nonfinal,9,12,meeting,6.392625331878662
critical,27,unambiguous,long,comma,nonfinal,9,13,room.,5.011040300130844
critical,27,unambiguous,short,object,final,8,0,When,18.16841125488281
critical,27,unambiguous,short,object,final,8,1,the,2.4512782096862797
critical,27,unambiguous,short,object,final,8,2,supervisor,14.204523086547852
critical,27,unambiguous,short,object,final,8,3,called,7.459324836730957
critical,27,unambiguous,short,object,final,8,4,the,2.517848014831543
critical,27,unambiguous,short,object,final,8,5,team,9.269561767578123
critical,27,unambiguous,short,object,final,8,6,the,6.755764484405518
critical,27,unambiguous,short,object,final,8,7,employees,10.705917358398438
critical,27,unambiguous,short,object,final,8,8,gathered.,16.375609874725342
critical,27,unambiguous,short,object,nonfinal,8,0,When,18.16841125488281
critical,27,unambiguous,short,object,nonfinal,8,1,the,2.4512782096862797
critical,27,unambiguous,short,object,nonfinal,8,2,supervisor,14.204523086547852
critical,27,unambiguous,short,object,nonfinal,8,3,called,7.459324836730957
critical,27,unambiguous,short,object,nonfinal,8,4,the,2.517848014831543
critical,27,unambiguous,short,object,nonfinal,8,5,team,9.269561767578123
critical,27,unambiguous,short,object,nonfinal,8,6,the,6.755764484405518
critical,27,unambiguous,short,object,nonfinal,8,7,employees,10.705917358398438
critical,27,unambiguous,short,object,nonfinal,8,8,gathered,11.374959945678713
critical,27,unambiguous,short,object,nonfinal,8,9,in,3.208376169204712
critical,27,unambiguous,short,object,nonfinal,8,10,the,1.2456276416778564
critical,27,unambiguous,short,object,nonfinal,8,11,meeting,6.0206804275512695
critical,27,unambiguous,short,object,nonfinal,8,12,room.,4.450129508972168
critical,27,unambiguous,long,object,final,11,0,When,18.16841125488281
critical,27,unambiguous,long,object,final,11,1,the,2.4512782096862797
critical,27,unambiguous,long,object,final,11,2,supervisor,14.204523086547852
critical,27,unambiguous,long,object,final,11,3,called,7.459324836730957
critical,27,unambiguous,long,object,final,11,4,the,2.517848014831543
critical,27,unambiguous,long,object,final,11,5,team,9.269561767578123
critical,27,unambiguous,long,object,final,11,6,the,6.755764484405518
critical,27,unambiguous,long,object,final,11,7,employees,10.705917358398438
critical,27,unambiguous,long,object,final,11,8,who,6.628084659576416
critical,27,unambiguous,long,object,final,11,9,were,1.8174575567245483
critical,27,unambiguous,long,object,final,11,10,available,10.152578353881836
critical,27,unambiguous,long,object,final,11,11,gathered.,24.07497262954712
critical,27,unambiguous,long,object,nonfinal,11,0,When,18.16841125488281
critical,27,unambiguous,long,object,nonfinal,11,1,the,2.4512782096862797
critical,27,unambiguous,long,object,nonfinal,11,2,supervisor,14.204523086547852
critical,27,unambiguous,long,object,nonfinal,11,3,called,7.459324836730957
critical,27,unambiguous,long,object,nonfinal,11,4,the,2.517848014831543
critical,27,unambiguous,long,object,nonfinal,11,5,team,9.269561767578123
critical,27,unambiguous,long,object,nonfinal,11,6,the,6.755764484405518
critical,27,unambiguous,long,object,nonfinal,11,7,employees,10.705917358398438
critical,27,unambiguous,long,object,nonfinal,11,8,who,6.628084659576416
critical,27,unambiguous,long,object,nonfinal,11,9,were,1.8174575567245483
critical,27,unambiguous,long,object,nonfinal,11,10,available,10.152578353881836
critical,27,unambiguous,long,object,nonfinal,11,11,gathered,18.053939819335938
critical,27,unambiguous,long,object,nonfinal,11,12,in,3.541576862335205
critical,27,unambiguous,long,object,nonfinal,11,13,the,0.8530779480934143
critical,27,unambiguous,long,object,nonfinal,11,14,meeting,5.883842945098877
critical,27,unambiguous,long,object,nonfinal,11,15,room.,5.264287084341049
critical,28,ambiguous,short,,final,6,0,As,18.901031494140625
critical,28,ambiguous,short,,final,6,1,the,2.5676872730255127
critical,28,ambiguous,short,,final,6,2,guest,13.533014297485352
critical,28,ambiguous,short,,final,6,3,photographed,17.156482696533203
critical,28,ambiguous,short,,final,6,4,the,1.7850533723831177
critical,28,ambiguous,short,,final,6,5,couple,12.186123847961426
critical,28,ambiguous,short,,final,6,6,smiled.,14.858772993087769
critical,28,ambiguous,short,,nonfinal,6,0,As,18.901031494140625
critical,28,ambiguous,short,,nonfinal,6,1,the,2.5676872730255127
critical,28,ambiguous,short,,nonfinal,6,2,guest,13.533014297485352
critical,28,ambiguous,short,,nonfinal,6,3,photographed,17.156482696533203
critical,28,ambiguous,short,,nonfinal,6,4,the,1.7850533723831177
critical,28,ambiguous,short,,nonfinal,6,5,couple,12.186123847961426
critical,28,ambiguous,short,,nonfinal,6,6,smiled,12.793880462646484
critical,28,ambiguous,short,,nonfinal,6,7,for,8.753735542297363
critical,28,ambiguous,short,,nonfinal,6,8,the,1.9833533763885496
critical,28,ambiguous,short,,nonfinal,6,9,camera.,8.73700475692749
critical,28,ambiguous,long,,final,8,0,As,18.901031494140625
critical,28,ambiguous,long,,final,8,1,the,2.5676872730255127
critical,28,ambiguous,long,,final,8,2,guest,13.533014297485352
critical,28,ambiguous,long,,final,8,3,photographed,17.156482696533203
critical,28,ambiguous,long,,final,8,4,the,1.7850533723831177
critical,28,ambiguous,long,,final,8,5,couple,12.186123847961426
critical,28,ambiguous,long,,final,8,6,of,5.330856800079346
critical,28,ambiguous,long,,final,8,7,newlyweds,19.20763800665736
critical,28,ambiguous,long,,final,8,8,smiled.,16.343381524086
critical,28,ambiguous,long,,nonfinal,8,0,As,18.901031494140625
critical,28,ambiguous,long,,nonfinal,8,1,the,2.5676872730255127
critical,28,ambiguous,long,,nonfinal,8,2,guest,13.533014297485352
critical,28,ambiguous,long,,nonfinal,8,3,photographed,17.156482696533203
critical,28,ambiguous,long,,nonfinal,8,4,the,1.7850533723831177
critical,28,ambiguous,long,,nonfinal,8,5,couple,12.186123847961426
critical,28,ambiguous,long,,nonfinal,8,6,of,5.330856800079346
critical,28,ambiguous,long,,nonfinal,8,7,newlyweds,19.20763800665736
critical,28,ambiguous,long,,nonfinal,8,8,smiled,14.411452293395996
critical,28,ambiguous,long,,nonfinal,8,9,for,9.233283042907717
critical,28,ambiguous,long,,nonfinal,8,10,the,1.822740912437439
critical,28,ambiguous,long,,nonfinal,8,11,camera.,9.11828351020813
critical,28,unambiguous,short,comma,final,6,0,As,18.901031494140625
critical,28,unambiguous,short,comma,final,6,1,the,2.5676872730255127
critical,28,unambiguous,short,comma,final,6,2,guest,13.533014297485352
critical,28,unambiguous,short,comma,final,6,3,"photographed,",20.015456199646
critical,28,unambiguous,short,comma,final,6,4,the,1.7626873254776
critical,28,unambiguous,short,comma,final,6,5,couple,12.562646865844728
critical,28,unambiguous,short,comma,final,6,6,smiled.,13.88188910484314
critical,28,unambiguous,short,comma,nonfinal,6,0,As,18.901031494140625
critical,28,unambiguous,short,comma,nonfinal,6,1,the,2.5676872730255127
critical,28,unambiguous,short,comma,nonfinal,6,2,guest,13.533014297485352
critical,28,unambiguous,short,comma,nonfinal,6,3,"photographed,",20.015456199646
critical,28,unambiguous,short,comma,nonfinal,6,4,the,1.7626873254776
critical,28,unambiguous,short,comma,nonfinal,6,5,couple,12.562646865844728
critical,28,unambiguous,short,comma,nonfinal,6,6,smiled,11.261897087097168
critical,28,unambiguous,short,comma,nonfinal,6,7,for,8.407502174377441
critical,28,unambiguous,short,comma,nonfinal,6,8,the,1.9886367321014404
critical,28,unambiguous,short,comma,nonfinal,6,9,camera.,8.000335574150085
critical,28,unambiguous,long,comma,final,8,0,As,18.901031494140625
critical,28,unambiguous,long,comma,final,8,1,the,2.5676872730255127
critical,28,unambiguous,long,comma,final,8,2,guest,13.533014297485352
critical,28,unambiguous,long,comma,final,8,3,"photographed,",20.015456199646
critical,28,unambiguous,long,comma,final,8,4,the,1.7626873254776
critical,28,unambiguous,long,comma,final,8,5,couple,12.562646865844728
critical,28,unambiguous,long,comma,final,8,6,of,6.269700527191162
critical,28,unambiguous,long,comma,final,8,7,newlyweds,17.274300668388605
critical,28,unambiguous,long,comma,final,8,8,smiled.,15.580824136734009
critical,28,unambiguous,long,comma,nonfinal,8,0,As,18.901031494140625
critical,28,unambiguous,long,comma,nonfinal,8,1,the,2.5676872730255127
critical,28,unambiguous,long,comma,nonfinal,8,2,guest,13.533014297485352
critical,28,unambiguous,long,comma,nonfinal,8,3,"photographed,",20.015456199646
critical,28,unambiguous,long,comma,nonfinal,8,4,the,1.7626873254776
critical,28,unambiguous,long,comma,nonfinal,8,5,couple,12.562646865844728
critical,28,unambiguous,long,comma,nonfinal,8,6,of,6.269700527191162
critical,28,unambiguous,long,comma,nonfinal,8,7,newlyweds,17.274300668388605
critical,28,unambiguous,long,comma,nonfinal,8,8,smiled,13.120916366577148
critical,28,unambiguous,long,comma,nonfinal,8,9,for,9.119868278503418
critical,28,unambiguous,long,comma,nonfinal,8,10,the,1.72640860080719
critical,28,unambiguous,long,comma,nonfinal,8,11,camera.,8.264325022697449
critical,28,unambiguous,short,object,final,8,0,As,18.901031494140625
critical,28,unambiguous,short,object,final,8,1,the,2.5676872730255127
critical,28,unambiguous,short,object,final,8,2,guest,13.533014297485352
critical,28,unambiguous,short,object,final,8,3,photographed,17.156482696533203
critical,28,unambiguous,short,object,final,8,4,the,1.7850533723831177
critical,28,unambiguous,short,object,final,8,5,ceremony,12.406437873840332
critical,28,unambiguous,short,object,final,8,6,the,8.259393692016602
critical,28,unambiguous,short,object,final,8,7,couple,10.598313331604004
critical,28,unambiguous,short,object,final,8,8,smiled.,11.946789503097534
critical,28,unambiguous,short,object,nonfinal,8,0,As,18.901031494140625
critical,28,unambiguous,short,object,nonfinal,8,1,the,2.5676872730255127
critical,28,unambiguous,short,object,nonfinal,8,2,guest,13.533014297485352
critical,28,unambiguous,short,object,nonfinal,8,3,photographed,17.156482696533203
critical,28,unambiguous,short,object,nonfinal,8,4,the,1.7850533723831177
critical,28,unambiguous,short,object,nonfinal,8,5,ceremony,12.406437873840332
critical,28,unambiguous,short,object,nonfinal,8,6,the,8.259393692016602
critical,28,unambiguous,short,object,nonfinal,8,7,couple,10.598313331604004
critical,28,unambiguous,short,object,nonfinal,8,8,smiled,9.889293670654297
critical,28,unambiguous,short,object,nonfinal,8,9,for,8.510351181030273
critical,28,unambiguous,short,object,nonfinal,8,10,the,1.980183482170105
critical,28,unambiguous,short,object,nonfinal,8,11,camera.,8.664975643157959
critical,28,unambiguous,long,object,final,10,0,As,18.901031494140625
critical,28,unambiguous,long,object,final,10,1,the,2.5676872730255127
critical,28,unambiguous,long,object,final,10,2,guest,13.533014297485352
critical,28,unambiguous,long,object,final,10,3,photographed,17.156482696533203
critical,28,unambiguous,long,object,final,10,4,the,1.7850533723831177
critical,28,unambiguous,long,object,final,10,5,ceremony,12.406437873840332
critical,28,unambiguous,long,object,final,10,6,the,8.259393692016602
critical,28,unambiguous,long,object,final,10,7,couple,10.598313331604004
critical,28,unambiguous,long,object,final,10,8,of,5.888949871063232
critical,28,unambiguous,long,object,final,10,9,newlyweds,19.136314257979397
critical,28,unambiguous,long,object,final,10,10,smiled.,13.797884941101074
critical,28,unambiguous,long,object,nonfinal,10,0,As,18.901031494140625
critical,28,unambiguous,long,object,nonfinal,10,1,the,2.5676872730255127
critical,28,unambiguous,long,object,nonfinal,10,2,guest,13.533014297485352
critical,28,unambiguous,long,object,nonfinal,10,3,photographed,17.156482696533203
critical,28,unambiguous,long,object,nonfinal,10,4,the,1.7850533723831177
critical,28,unambiguous,long,object,nonfinal,10,5,ceremony,12.406437873840332
critical,28,unambiguous,long,object,nonfinal,10,6,the,8.259393692016602
critical,28,unambiguous,long,object,nonfinal,10,7,couple,10.598313331604004
critical,28,unambiguous,long,object,nonfinal,10,8,of,5.888949871063232
critical,28,unambiguous,long,object,nonfinal,10,9,newlyweds,19.136314257979397
critical,28,unambiguous,long,object,nonfinal,10,10,smiled,11.656384468078612
critical,28,unambiguous,long,object,nonfinal,10,11,for,8.7385892868042
critical,28,unambiguous,long,object,nonfinal,10,12,the,1.7804744243621826
critical,28,unambiguous,long,object,nonfinal,10,13,camera.,8.843903541564941
critical,29,ambiguous,short,,final,6,0,When,18.16841125488281
critical,29,ambiguous,short,,final,6,1,the,2.4512782096862797
critical,29,ambiguous,short,,final,6,2,family,11.5061616897583
critical,29,ambiguous,short,,final,6,3,packed,14.052363395690918
critical,29,ambiguous,short,,final,6,4,the,2.9183225631713867
critical,29,ambiguous,short,,final,6,5,vases,14.648672580718994
critical,29,ambiguous,short,,final,6,6,shattered.,22.68634366989136
critical,29,ambiguous,short,,nonfinal,6,0,When,18.16841125488281
critical,29,ambiguous,short,,nonfinal,6,1,the,2.4512782096862797
critical,29,ambiguous,short,,nonfinal,6,2,family,11.5061616897583
critical,29,ambiguous,short,,nonfinal,6,3,packed,14.052363395690918
critical,29,ambiguous,short,,nonfinal,6,4,the,2.9183225631713867
critical,29,ambiguous,short,,nonfinal,6,5,vases,14.648672580718994
critical,29,ambiguous,short,,nonfinal,6,6,shattered,17.133764266967773
critical,29,ambiguous,short,,nonfinal,6,7,into,5.70421028137207
critical,29,ambiguous,short,,nonfinal,6,8,many,6.821101665496826
critical,29,ambiguous,short,,nonfinal,6,9,pieces.,6.68109405040741
critical,29,ambiguous,long,,final,9,0,When,18.16841125488281
critical,29,ambiguous,long,,final,9,1,the,2.4512782096862797
critical,29,ambiguous,long,,final,9,2,family,11.5061616897583
critical,29,ambiguous,long,,final,9,3,packed,14.052363395690918
critical,29,ambiguous,long,,final,9,4,the,2.9183225631713867
critical,29,ambiguous,long,,final,9,5,vases,14.648672580718994
critical,29,ambiguous,long,,final,9,6,made,11.027670860290527
critical,29,ambiguous,long,,final,9,7,of,4.680481433868408
critical,29,ambiguous,long,,final,9,8,porcelain,9.071966413408518
critical,29,ambiguous,long,,final,9,9,shattered.,25.502874851226807
critical,29,ambiguous,long,,nonfinal,9,0,When,18.16841125488281
critical,29,ambiguous,long,,nonfinal,9,1,the,2.4512782096862797
critical,29,ambiguous,long,,nonfinal,9,2,family,11.5061616897583
critical,29,ambiguous,long,,nonfinal,9,3,packed,14.052363395690918
critical,29,ambiguous,long,,nonfinal,9,4,the,2.9183225631713867
critical,29,ambiguous,long,,nonfinal,9,5,vases,14.648672580718994
critical,29,ambiguous,long,,nonfinal,9,6,made,11.027670860290527
critical,29,ambiguous,long,,nonfinal,9,7,of,4.680481433868408
critical,29,ambiguous,long,,nonfinal,9,8,porcelain,9.071966413408518
critical,29,ambiguous,long,,nonfinal,9,9,shattered,19.122224807739254
critical,29,ambiguous,long,,nonfinal,9,10,into,6.546193599700928
critical,29,ambiguous,long,,nonfinal,9,11,many,5.4083452224731445
critical,29,ambiguous,long,,nonfinal,9,12,pieces.,6.03564989566803
critical,29,unambiguous,short,comma,final,6,0,When,18.16841125488281
critical,29,unambiguous,short,comma,final,6,1,the,2.4512782096862797
critical,29,unambiguous,short,comma,final,6,2,family,11.5061616897583
critical,29,unambiguous,short,comma,final,6,3,"packed,",19.03733968734741
critical,29,unambiguous,short,comma,final,6,4,the,2.6886749267578125
critical,29,unambiguous,short,comma,final,6,5,vases,18.79888677597046
critical,29,unambiguous,short,comma,final,6,6,shattered.,18.42341947555542
critical,29,unambiguous,short,comma,nonfinal,6,0,When,18.16841125488281
critical,29,unambiguous,short,comma,nonfinal,6,1,the,2.4512782096862797
critical,29,unambiguous,short,comma,nonfinal,6,2,family,11.5061616897583
critical,29,unambiguous,short,comma,nonfinal,6,3,"packed,",19.03733968734741
critical,29,unambiguous,short,comma,nonfinal,6,4,the,2.6886749267578125
critical,29,unambiguous,short,comma,nonfinal,6,5,vases,18.79888677597046
critical,29,unambiguous,short,comma,nonfinal,6,6,shattered,15.300808906555176
critical,29,unambiguous,short,comma,nonfinal,6,7,into,4.16218900680542
critical,29,unambiguous,short,comma,nonfinal,6,8,many,5.951292991638184
critical,29,unambiguous,short,comma,nonfinal,6,9,pieces.,4.876139998435974
critical,29,unambiguous,long,comma,final,9,0,When,18.16841125488281
critical,29,unambiguous,long,comma,final,9,1,the,2.4512782096862797
critical,29,unambiguous,long,comma,final,9,2,family,11.5061616897583
critical,29,unambiguous,long,comma,final,9,3,"packed,",19.03733968734741
critical,29,unambiguous,long,comma,final,9,4,the,2.6886749267578125
critical,29,unambiguous,long,comma,final,9,5,vases,18.79888677597046
critical,29,unambiguous,long,comma,final,9,6,made,8.479531288146973
critical,29,unambiguous,long,comma,final,9,7,of,4.541354656219482
critical,29,unambiguous,long,comma,final,9,8,porcelain,9.457647879142314
critical,29,unambiguous,long,comma,final,9,9,shattered.,22.91299867630005
critical,29,unambiguous,long,comma,nonfinal,9,0,When,18.16841125488281
critical,29,unambiguous,long,comma,nonfinal,9,1,the,2.4512782096862797
critical,29,unambiguous,long,comma,nonfinal,9,2,family,11.5061616897583
critical,29,unambiguous,long,comma,nonfinal,9,3,"packed,",19.03733968734741
critical,29,unambiguous,long,comma,nonfinal,9,4,the,2.6886749267578125
critical,29,unambiguous,long,comma,nonfinal,9,5,vases,18.79888677597046
critical,29,unambiguous,long,comma,nonfinal,9,6,made,8.479531288146973
critical,29,unambiguous,long,comma,nonfinal,9,7,of,4.541354656219482
critical,29,unambiguous,long,comma,nonfinal,9,8,porcelain,9.457647879142314
critical,29,unambiguous,long,comma,nonfinal,9,9,shattered,18.748519897460938
critical,29,unambiguous,long,comma,nonfinal,9,10,into,6.129868984222412
critical,29,unambiguous,long,comma,nonfinal,9,11,many,4.699677467346191
critical,29,unambiguous,long,comma,nonfinal,9,12,pieces.,4.305014491081238
critical,29,unambiguous,short,object,final,8,0,When,18.16841125488281
critical,29,unambiguous,short,object,final,8,1,the,2.4512782096862797
critical,29,unambiguous,short,object,final,8,2,family,11.5061616897583
critical,29,unambiguous,short,object,final,8,3,packed,14.052363395690918
critical,29,unambiguous,short,object,final,8,4,their,5.330328464508057
critical,29,unambiguous,short,object,final,8,5,belongings,5.123398780822754
critical,29,unambiguous,short,object,final,8,6,the,6.55341386795044
critical,29,unambiguous,short,object,final,8,7,vases,16.920142650604248
critical,29,unambiguous,short,object,final,8,8,shattered.,19.40065574645996
critical,29,unambiguous,short,object,nonfinal,8,0,When,18.16841125488281
critical,29,unambiguous,short,object,nonfinal,8,1,the,2.4512782096862797
critical,29,unambiguous,short,object,nonfinal,8,2,family,11.5061616897583
critical,29,unambiguous,short,object,nonfinal,8,3,packed,14.052363395690918
critical,29,unambiguous,short,object,nonfinal,8,4,their,5.330328464508057
critical,29,unambiguous,short,object,nonfinal,8,5,belongings,5.123398780822754
critical,29,unambiguous,short,object,nonfinal,8,6,the,6.55341386795044
critical,29,unambiguous,short,object,nonfinal,8,7,vases,16.920142650604248
critical,29,unambiguous,short,object,nonfinal,8,8,shattered,15.316307067871094
critical,29,unambiguous,short,object,nonfinal,8,9,into,5.509080410003662
critical,29,unambiguous,short,object,nonfinal,8,10,many,6.875519752502441
critical,29,unambiguous,short,object,nonfinal,8,11,pieces.,4.667449474334717
critical,29,unambiguous,long,object,final,11,0,When,18.16841125488281
critical,29,unambiguous,long,object,final,11,1,the,2.4512782096862797
critical,29,unambiguous,long,object,final,11,2,family,11.5061616897583
critical,29,unambiguous,long,object,final,11,3,packed,14.052363395690918
critical,29,unambiguous,long,object,final,11,4,their,5.330328464508057
critical,29,unambiguous,long,object,final,11,5,belongings,5.123398780822754
critical,29,unambiguous,long,object,final,11,6,the,6.55341386795044
critical,29,unambiguous,long,object,final,11,7,vases,16.920142650604248
critical,29,unambiguous,long,object,final,11,8,made,8.861690521240234
critical,29,unambiguous,long,object,final,11,9,of,3.5297772884368896
critical,29,unambiguous,long,object,final,11,10,porcelain,9.09908722154796
critical,29,unambiguous,long,object,final,11,11,shattered.,23.891642093658447
critical,29,unambiguous,long,object,nonfinal,11,0,When,18.16841125488281
critical,29,unambiguous,long,object,nonfinal,11,1,the,2.4512782096862797
critical,29,unambiguous,long,object,nonfinal,11,2,family,11.5061616897583
critical,29,unambiguous,long,object,nonfinal,11,3,packed,14.052363395690918
critical,29,unambiguous,long,object,nonfinal,11,4,their,5.330328464508057
critical,29,unambiguous,long,object,nonfinal,11,5,belongings,5.123398780822754
critical,29,unambiguous,long,object,nonfinal,11,6,the,6.55341386795044
critical,29,unambiguous,long,object,nonfinal,11,7,vases,16.920142650604248
critical,29,unambiguous,long,object,nonfinal,11,8,made,8.861690521240234
critical,29,unambiguous,long,object,nonfinal,11,9,of,3.5297772884368896
critical,29,unambiguous,long,object,nonfinal,11,10,porcelain,9.09908722154796
critical,29,unambiguous,long,object,nonfinal,11,11,shattered,18.86897850036621
critical,29,unambiguous,long,object,nonfinal,11,12,into,7.34450101852417
critical,29,unambiguous,long,object,nonfinal,11,13,many,5.450083255767822
critical,29,unambiguous,long,object,nonfinal,11,14,pieces.,4.523567318916321
critical,30,ambiguous,short,,final,6,0,After,18.362133026123047
critical,30,ambiguous,short,,final,6,1,the,3.560596704483032
critical,30,ambiguous,short,,final,6,2,gardener,19.167486310005188
critical,30,ambiguous,short,,final,6,3,watered,18.76401734352112
critical,30,ambiguous,short,,final,6,4,the,1.451852798461914
critical,30,ambiguous,short,,final,6,5,plants,8.090503692626953
critical,30,ambiguous,short,,final,6,6,revived.,21.3785502910614
critical,30,ambiguous,short,,nonfinal,6,0,After,18.362133026123047
critical,30,ambiguous,short,,nonfinal,6,1,the,3.560596704483032
critical,30,ambiguous,short,,nonfinal,6,2,gardener,19.167486310005188
critical,30,ambiguous,short,,nonfinal,6,3,watered,18.76401734352112
critical,30,ambiguous,short,,nonfinal,6,4,the,1.451852798461914
critical,30,ambiguous,short,,nonfinal,6,5,plants,8.090503692626953
critical,30,ambiguous,short,,nonfinal,6,6,revived,18.22300720214844
critical,30,ambiguous,short,,nonfinal,6,7,in,4.942357540130615
critical,30,ambiguous,short,,nonfinal,6,8,the,1.6402907371520996
critical,30,ambiguous,short,,nonfinal,6,9,afternoon,6.654501438140869
critical,30,ambiguous,short,,nonfinal,6,10,sun.,6.818988084793091
critical,30,ambiguous,long,,final,9,0,After,18.362133026123047
critical,30,ambiguous,long,,final,9,1,the,3.560596704483032
critical,30,ambiguous,long,,final,9,2,gardener,19.167486310005188
critical,30,ambiguous,long,,final,9,3,watered,18.76401734352112
critical,30,ambiguous,long,,final,9,4,the,1.451852798461914
critical,30,ambiguous,long,,final,9,5,plants,8.090503692626953
critical,30,ambiguous,long,,final,9,6,that,7.295718669891357
critical,30,ambiguous,long,,final,9,7,were,3.142863273620605
critical,30,ambiguous,long,,final,9,8,wilting,15.555817112326622
critical,30,ambiguous,long,,final,9,9,revived.,22.264559984207157
critical,30,ambiguous,long,,nonfinal,9,0,After,18.362133026123047
critical,30,ambiguous,long,,nonfinal,9,1,the,3.560596704483032
critical,30,ambiguous,long,,nonfinal,9,2,gardener,19.167486310005188
critical,30,ambiguous,long,,nonfinal,9,3,watered,18.76401734352112
critical,30,ambiguous,long,,nonfinal,9,4,the,1.451852798461914
critical,30,ambiguous,long,,nonfinal,9,5,plants,8.090503692626953
critical,30,ambiguous,long,,nonfinal,9,6,that,7.295718669891357
critical,30,ambiguous,long,,nonfinal,9,7,were,3.142863273620605
critical,30,ambiguous,long,,nonfinal,9,8,wilting,15.555817112326622
critical,30,ambiguous,long,,nonfinal,9,9,revived,19.49188041687012
critical,30,ambiguous,long,,nonfinal,9,10,in,4.255703926086426
critical,30,ambiguous,long,,nonfinal,9,11,the,1.1214699745178225
critical,30,ambiguous,long,,nonfinal,9,12,afternoon,8.176094055175781
critical,30,ambiguous,long,,nonfinal,9,13,sun.,7.653046131134033
critical,30,unambiguous,short,comma,final,6,0,After,18.362133026123047
critical,30,unambiguous,short,comma,final,6,1,the,3.560596704483032
critical,30,unambiguous,short,comma,final,6,2,gardener,19.167486310005188
critical,30,unambiguous,short,comma,final,6,3,"watered,",23.114644289016724
critical,30,unambiguous,short,comma,final,6,4,the,1.8678251504898071
critical,30,unambiguous,short,comma,final,6,5,plants,7.551430702209473
critical,30,unambiguous,short,comma,final,6,6,revived.,16.854981899261475
critical,30,unambiguous,short,comma,nonfinal,6,0,After,18.362133026123047
critical,30,unambiguous,short,comma,nonfinal,6,1,the,3.560596704483032
critical,30,unambiguous,short,comma,nonfinal,6,2,gardener,19.167486310005188
critical,30,unambiguous,short,comma,nonfinal,6,3,"watered,",23.114644289016724
critical,30,unambiguous,short,comma,nonfinal,6,4,the,1.8678251504898071
critical,30,unambiguous,short,comma,nonfinal,6,5,plants,7.551430702209473
critical,30,unambiguous,short,comma,nonfinal,6,6,revived,13.300901412963867
critical,30,unambiguous,short,comma,nonfinal,6,7,in,4.209739208221436
critical,30,unambiguous,short,comma,nonfinal,6,8,the,1.4002524614334106
critical,30,unambiguous,short,comma,nonfinal,6,9,afternoon,7.669952869415283
critical,30,unambiguous,short,comma,nonfinal,6,10,sun.,5.532679200172424
critical,30,unambiguous,long,comma,final,9,0,After,18.362133026123047
critical,30,unambiguous,long,comma,final,9,1,the,3.560596704483032
critical,30,unambiguous,long,comma,final,9,2,gardener,19.167486310005188
critical,30,unambiguous,long,comma,final,9,3,"watered,",23.114644289016724
critical,30,unambiguous,long,comma,final,9,4,the,1.8678251504898071
critical,30,unambiguous,long,comma,final,9,5,plants,7.551430702209473
critical,30,unambiguous,long,comma,final,9,6,that,7.453161239624023
critical,30,unambiguous,long,comma,final,9,7,were,2.563284397125244
critical,30,unambiguous,long,comma,final,9,8,wilting,16.20090837776661
critical,30,unambiguous,long,comma,final,9,9,revived.,21.910754680633545
critical,30,unambiguous,long,comma,nonfinal,9,0,After,18.362133026123047
critical,30,unambiguous,long,comma,nonfinal,9,1,the,3.560596704483032
critical,30,unambiguous,long,comma,nonfinal,9,2,gardener,19.167486310005188
critical,30,unambiguous,long,comma,nonfinal,9,3,"watered,",23.114644289016724
critical,30,unambiguous,long,comma,nonfinal,9,4,the,1.8678251504898071
critical,30,unambiguous,long,comma,nonfinal,9,5,plants,7.551430702209473
critical,30,unambiguous,long,comma,nonfinal,9,6,that,7.453161239624023
critical,30,unambiguous,long,comma,nonfinal,9,7,were,2.563284397125244
critical,30,unambiguous,long,comma,nonfinal,9,8,wilting,16.20090837776661
critical,30,unambiguous,long,comma,nonfinal,9,9,revived,16.14578628540039
critical,30,unambiguous,long,comma,nonfinal,9,10,in,3.6336824893951416
critical,30,unambiguous,long,comma,nonfinal,9,11,the,1.0390503406524658
critical,30,unambiguous,long,comma,nonfinal,9,12,afternoon,8.260802268981934
critical,30,unambiguous,long,comma,nonfinal,9,13,sun.,9.801414966583252
critical,30,unambiguous,short,object,final,9,0,After,18.362133026123047
critical,30,unambiguous,short,object,final,9,1,the,3.560596704483032
critical,30,unambiguous,short,object,final,9,2,gardener,19.167486310005188
critical,30,unambiguous,short,object,final,9,3,watered,18.76401734352112
critical,30,unambiguous,short,object,final,9,4,the,1.451852798461914
critical,30,unambiguous,short,object,final,9,5,flower,8.166759490966797
critical,30,unambiguous,short,object,final,9,6,bed,8.053168296813965
critical,30,unambiguous,short,object,final,9,7,the,8.364707946777344
critical,30,unambiguous,short,object,final,9,8,plants,8.442548751831055
critical,30,unambiguous,short,object,final,9,9,revived.,16.35676598548889
critical,30,unambiguous,short,object,nonfinal,9,0,After,18.362133026123047
critical,30,unambiguous,short,object,nonfinal,9,1,the,3.560596704483032
critical,30,unambiguous,short,object,nonfinal,9,2,gardener,19.167486310005188
critical,30,unambiguous,short,object,nonfinal,9,3,watered,18.76401734352112
critical,30,unambiguous,short,object,nonfinal,9,4,the,1.451852798461914
critical,30,unambiguous,short,object,nonfinal,9,5,flower,8.166759490966797
critical,30,unambiguous,short,object,nonfinal,9,6,bed,8.053168296813965
critical,30,unambiguous,short,object,nonfinal,9,7,the,8.364707946777344
critical,30,unambiguous,short,object,nonfinal,9,8,plants,8.442548751831055
critical,30,unambiguous,short,object,nonfinal,9,9,revived,14.340479850769045
critical,30,unambiguous,short,object,nonfinal,9,10,in,5.202296257019043
critical,30,unambiguous,short,object,nonfinal,9,11,the,1.7737822532653809
critical,30,unambiguous,short,object,nonfinal,9,12,afternoon,5.571071147918701
critical,30,unambiguous,short,object,nonfinal,9,13,sun.,5.904975891113281
critical,30,unambiguous,long,object,final,12,0,After,18.362133026123047
critical,30,unambiguous,long,object,final,12,1,the,3.560596704483032
critical,30,unambiguous,long,object,final,12,2,gardener,19.167486310005188
critical,30,unambiguous,long,object,final,12,3,watered,18.76401734352112
critical,30,unambiguous,long,object,final,12,4,the,1.451852798461914
critical,30,unambiguous,long,object,final,12,5,flower,8.166759490966797
critical,30,unambiguous,long,object,final,12,6,bed,8.053168296813965
critical,30,unambiguous,long,object,final,12,7,the,8.364707946777344
critical,30,unambiguous,long,object,final,12,8,plants,8.442548751831055
critical,30,unambiguous,long,object,final,12,9,that,7.577495098114014
critical,30,unambiguous,long,object,final,12,10,were,2.8906733989715576
critical,30,unambiguous,long,object,final,12,11,wilting,15.559514984488487
critical,30,unambiguous,long,object,final,12,12,revived.,19.654078364372253
critical,30,unambiguous,long,object,nonfinal,12,0,After,18.362133026123047
critical,30,unambiguous,long,object,nonfinal,12,1,the,3.560596704483032
critical,30,unambiguous,long,object,nonfinal,12,2,gardener,19.167486310005188
critical,30,unambiguous,long,object,nonfinal,12,3,watered,18.76401734352112
critical,30,unambiguous,long,object,nonfinal,12,4,the,1.451852798461914
critical,30,unambiguous,long,object,nonfinal,12,5,flower,8.166759490966797
critical,30,unambiguous,long,object,nonfinal,12,6,bed,8.053168296813965
critical,30,unambiguous,long,object,nonfinal,12,7,the,8.364707946777344
critical,30,unambiguous,long,object,nonfinal,12,8,plants,8.442548751831055
critical,30,unambiguous,long,object,nonfinal,12,9,that,7.577495098114014
critical,30,unambiguous,long,object,nonfinal,12,10,were,2.8906733989715576
critical,30,unambiguous,long,object,nonfinal,12,11,wilting,15.559514984488487
critical,30,unambiguous,long,object,nonfinal,12,12,revived,18.23163604736328
critical,30,unambiguous,long,object,nonfinal,12,13,in,4.715527534484863
critical,30,unambiguous,long,object,nonfinal,12,14,the,1.0526108741760254
critical,30,unambiguous,long,object,nonfinal,12,15,afternoon,6.839592933654785
critical,30,unambiguous,long,object,nonfinal,12,16,sun.,6.074922323226929
critical,31,ambiguous,short,,final,6,0,Because,19.343420028686523
critical,31,ambiguous,short,,final,6,1,the,2.936638116836548
critical,31,ambiguous,short,,final,6,2,bear,16.32964515686035
critical,31,ambiguous,short,,final,6,3,attacked,12.54750156402588
critical,31,ambiguous,short,,final,6,4,the,2.2163472175598145
critical,31,ambiguous,short,,final,6,5,campers,18.10835838317871
critical,31,ambiguous,short,,final,6,6,fled.,15.695472240447998
critical,31,ambiguous,short,,nonfinal,6,0,Because,19.343420028686523
critical,31,ambiguous,short,,nonfinal,6,1,the,2.936638116836548
critical,31,ambiguous,short,,nonfinal,6,2,bear,16.32964515686035
critical,31,ambiguous,short,,nonfinal,6,3,attacked,12.54750156402588
critical,31,ambiguous,short,,nonfinal,6,4,the,2.2163472175598145
critical,31,ambiguous,short,,nonfinal,6,5,campers,18.10835838317871
critical,31,ambiguous,short,,nonfinal,6,6,fled,13.364477157592772
critical,31,ambiguous,short,,nonfinal,6,7,in,5.458184242248535
critical,31,ambiguous,short,,nonfinal,6,8,a,3.384310245513916
critical,31,ambiguous,short,,nonfinal,6,9,panic.,5.9458335638046265
critical,31,ambiguous,long,,final,8,0,Because,19.343420028686523
critical,31,ambiguous,long,,final,8,1,the,2.936638116836548
critical,31,ambiguous,long,,final,8,2,bear,16.32964515686035
critical,31,ambiguous,long,,final,8,3,attacked,12.54750156402588
critical,31,ambiguous,long,,final,8,4,the,2.2163472175598145
critical,31,ambiguous,long,,final,8,5,campers,18.10835838317871
critical,31,ambiguous,long,,final,8,6,barbecuing,32.95339488983154
critical,31,ambiguous,long,,final,8,7,cheerfully,17.85493552684784
critical,31,ambiguous,long,,final,8,8,fled.,14.746590614318848
critical,31,ambiguous,long,,nonfinal,8,0,Because,19.343420028686523
critical,31,ambiguous,long,,nonfinal,8,1,the,2.936638116836548
critical,31,ambiguous,long,,nonfinal,8,2,bear,16.32964515686035
critical,31,ambiguous,long,,nonfinal,8,3,attacked,12.54750156402588
critical,31,ambiguous,long,,nonfinal,8,4,the,2.2163472175598145
critical,31,ambiguous,long,,nonfinal,8,5,campers,18.10835838317871
critical,31,ambiguous,long,,nonfinal,8,6,barbecuing,32.95339488983154
critical,31,ambiguous,long,,nonfinal,8,7,cheerfully,17.85493552684784
critical,31,ambiguous,long,,nonfinal,8,8,fled,12.544684410095217
critical,31,ambiguous,long,,nonfinal,8,9,in,4.9965996742248535
critical,31,ambiguous,long,,nonfinal,8,10,a,3.5260791778564453
critical,31,ambiguous,long,,nonfinal,8,11,panic.,7.489791989326477
critical,31,unambiguous,short,comma,final,6,0,Because,19.343420028686523
critical,31,unambiguous,short,comma,final,6,1,the,2.936638116836548
critical,31,unambiguous,short,comma,final,6,2,bear,16.32964515686035
critical,31,unambiguous,short,comma,final,6,3,"attacked,",17.615073680877686
critical,31,unambiguous,short,comma,final,6,4,the,1.6172202825546265
critical,31,unambiguous,short,comma,final,6,5,campers,19.36420106887817
critical,31,unambiguous,short,comma,final,6,6,fled.,8.791951179504395
critical,31,unambiguous,short,comma,nonfinal,6,0,Because,19.343420028686523
critical,31,unambiguous,short,comma,nonfinal,6,1,the,2.936638116836548
critical,31,unambiguous,short,comma,nonfinal,6,2,bear,16.32964515686035
critical,31,unambiguous,short,comma,nonfinal,6,3,"attacked,",17.615073680877686
critical,31,unambiguous,short,comma,nonfinal,6,4,the,1.6172202825546265
critical,31,unambiguous,short,comma,nonfinal,6,5,campers,19.36420106887817
critical,31,unambiguous,short,comma,nonfinal,6,6,fled,6.683559417724609
critical,31,unambiguous,short,comma,nonfinal,6,7,in,5.474915027618408
critical,31,unambiguous,short,comma,nonfinal,6,8,a,4.43938684463501
critical,31,unambiguous,short,comma,nonfinal,6,9,panic.,5.557334661483765
critical,31,unambiguous,long,comma,final,8,0,Because,19.343420028686523
critical,31,unambiguous,long,comma,final,8,1,the,2.936638116836548
critical,31,unambiguous,long,comma,final,8,2,bear,16.32964515686035
critical,31,unambiguous,long,comma,final,8,3,"attacked,",17.615073680877686
critical,31,unambiguous,long,comma,final,8,4,the,1.6172202825546265
critical,31,unambiguous,long,comma,final,8,5,campers,19.36420106887817
critical,31,unambiguous,long,comma,final,8,6,barbecuing,31.405033111572266
critical,31,unambiguous,long,comma,final,8,7,cheerfully,15.201483309268951
critical,31,unambiguous,long,comma,final,8,8,fled.,12.157770156860352
critical,31,unambiguous,long,comma,nonfinal,8,0,Because,19.343420028686523
critical,31,unambiguous,long,comma,nonfinal,8,1,the,2.936638116836548
critical,31,unambiguous,long,comma,nonfinal,8,2,bear,16.32964515686035
critical,31,unambiguous,long,comma,nonfinal,8,3,"attacked,",17.615073680877686
critical,31,unambiguous,long,comma,nonfinal,8,4,the,1.6172202825546265
critical,31,unambiguous,long,comma,nonfinal,8,5,campers,19.36420106887817
critical,31,unambiguous,long,comma,nonfinal,8,6,barbecuing,31.405033111572266
critical,31,unambiguous,long,comma,nonfinal,8,7,cheerfully,15.201483309268951
critical,31,unambiguous,long,comma,nonfinal,8,8,fled,9.336660385131836
critical,31,unambiguous,long,comma,nonfinal,8,9,in,5.235580921173096
critical,31,unambiguous,long,comma,nonfinal,8,10,a,4.066032886505127
critical,31,unambiguous,long,comma,nonfinal,8,11,panic.,7.146025061607361
critical,31,unambiguous,short,object,final,8,0,Because,19.343420028686523
critical,31,unambiguous,short,object,final,8,1,the,2.936638116836548
critical,31,unambiguous,short,object,final,8,2,bear,16.32964515686035
critical,31,unambiguous,short,object,final,8,3,attacked,12.54750156402588
critical,31,unambiguous,short,object,final,8,4,the,2.2163472175598145
critical,31,unambiguous,short,object,final,8,5,campground,16.65738582611084
critical,31,unambiguous,short,object,final,8,6,the,9.008214950561523
critical,31,unambiguous,short,object,final,8,7,campers,14.034224033355711
critical,31,unambiguous,short,object,final,8,8,fled.,10.64586341381073
critical,31,unambiguous,short,object,nonfinal,8,0,Because,19.343420028686523
critical,31,unambiguous,short,object,nonfinal,8,1,the,2.936638116836548
critical,31,unambiguous,short,object,nonfinal,8,2,bear,16.32964515686035
critical,31,unambiguous,short,object,nonfinal,8,3,attacked,12.54750156402588
critical,31,unambiguous,short,object,nonfinal,8,4,the,2.2163472175598145
critical,31,unambiguous,short,object,nonfinal,8,5,campground,16.65738582611084
critical,31,unambiguous,short,object,nonfinal,8,6,the,9.008214950561523
critical,31,unambiguous,short,object,nonfinal,8,7,campers,14.034224033355711
critical,31,unambiguous,short,object,nonfinal,8,8,fled,8.667793273925781
critical,31,unambiguous,short,object,nonfinal,8,9,in,5.658069610595703
critical,31,unambiguous,short,object,nonfinal,8,10,a,3.534003973007202
critical,31,unambiguous,short,object,nonfinal,8,11,panic.,5.529332756996155
critical,31,unambiguous,long,object,final,10,0,Because,19.343420028686523
critical,31,unambiguous,long,object,final,10,1,the,2.936638116836548
critical,31,unambiguous,long,object,final,10,2,bear,16.32964515686035
critical,31,unambiguous,long,object,final,10,3,attacked,12.54750156402588
critical,31,unambiguous,long,object,final,10,4,the,2.2163472175598145
critical,31,unambiguous,long,object,final,10,5,campground,16.65738582611084
critical,31,unambiguous,long,object,final,10,6,the,9.008214950561523
critical,31,unambiguous,long,object,final,10,7,campers,14.034224033355711
critical,31,unambiguous,long,object,final,10,8,barbecuing,31.783493995666504
critical,31,unambiguous,long,object,final,10,9,cheerfully,15.744783520698547
critical,31,unambiguous,long,object,final,10,10,fled.,12.847946405410768
critical,31,unambiguous,long,object,nonfinal,10,0,Because,19.343420028686523
critical,31,unambiguous,long,object,nonfinal,10,1,the,2.936638116836548
critical,31,unambiguous,long,object,nonfinal,10,2,bear,16.32964515686035
critical,31,unambiguous,long,object,nonfinal,10,3,attacked,12.54750156402588
critical,31,unambiguous,long,object,nonfinal,10,4,the,2.2163472175598145
critical,31,unambiguous,long,object,nonfinal,10,5,campground,16.65738582611084
critical,31,unambiguous,long,object,nonfinal,10,6,the,9.008214950561523
critical,31,unambiguous,long,object,nonfinal,10,7,campers,14.034224033355711
critical,31,unambiguous,long,object,nonfinal,10,8,barbecuing,31.783493995666504
critical,31,unambiguous,long,object,nonfinal,10,9,cheerfully,15.744783520698547
critical,31,unambiguous,long,object,nonfinal,10,10,fled,10.832188606262209
critical,31,unambiguous,long,object,nonfinal,10,11,in,5.168659210205078
critical,31,unambiguous,long,object,nonfinal,10,12,a,3.769463300704956
critical,31,unambiguous,long,object,nonfinal,10,13,panic.,7.301530241966248
critical,32,ambiguous,short,,final,7,0,As,18.901031494140625
critical,32,ambiguous,short,,final,7,1,the,2.5676872730255127
critical,32,ambiguous,short,,final,7,2,news,11.19550323486328
critical,32,ambiguous,short,,final,7,3,channel,8.895855903625488
critical,32,ambiguous,short,,final,7,4,broadcasted,13.81074070930481
critical,32,ambiguous,short,,final,7,5,the,4.641737461090088
critical,32,ambiguous,short,,final,7,6,message,4.959968566894531
critical,32,ambiguous,short,,final,7,7,spread.,14.81087040901184
critical,32,ambiguous,short,,nonfinal,7,0,As,18.901031494140625
critical,32,ambiguous,short,,nonfinal,7,1,the,2.5676872730255127
critical,32,ambiguous,short,,nonfinal,7,2,news,11.19550323486328
critical,32,ambiguous,short,,nonfinal,7,3,channel,8.895855903625488
critical,32,ambiguous,short,,nonfinal,7,4,broadcasted,13.81074070930481
critical,32,ambiguous,short,,nonfinal,7,5,the,4.641737461090088
critical,32,ambiguous,short,,nonfinal,7,6,message,4.959968566894531
critical,32,ambiguous,short,,nonfinal,7,7,spread,12.400449752807615
critical,32,ambiguous,short,,nonfinal,7,8,across,5.29052734375
critical,32,ambiguous,short,,nonfinal,7,9,the,0.5008574724197388
critical,32,ambiguous,short,,nonfinal,7,10,country.,5.419968605041504
critical,32,ambiguous,long,,final,10,0,As,18.901031494140625
critical,32,ambiguous,long,,final,10,1,the,2.5676872730255127
critical,32,ambiguous,long,,final,10,2,news,11.19550323486328
critical,32,ambiguous,long,,final,10,3,channel,8.895855903625488
critical,32,ambiguous,long,,final,10,4,broadcasted,13.81074070930481
critical,32,ambiguous,long,,final,10,5,the,4.641737461090088
critical,32,ambiguous,long,,final,10,6,message,4.959968566894531
critical,32,ambiguous,long,,final,10,7,from,4.690696239471436
critical,32,ambiguous,long,,final,10,8,the,1.378414750099182
critical,32,ambiguous,long,,final,10,9,president,9.65630054473877
critical,32,ambiguous,long,,final,10,10,spread.,19.566022157669067
critical,32,ambiguous,long,,nonfinal,10,0,As,18.901031494140625
critical,32,ambiguous,long,,nonfinal,10,1,the,2.5676872730255127
critical,32,ambiguous,long,,nonfinal,10,2,news,11.19550323486328
critical,32,ambiguous,long,,nonfinal,10,3,channel,8.895855903625488
critical,32,ambiguous,long,,nonfinal,10,4,broadcasted,13.81074070930481
critical,32,ambiguous,long,,nonfinal,10,5,the,4.641737461090088
critical,32,ambiguous,long,,nonfinal,10,6,message,4.959968566894531
critical,32,ambiguous,long,,nonfinal,10,7,from,4.690696239471436
critical,32,ambiguous,long,,nonfinal,10,8,the,1.378414750099182
critical,32,ambiguous,long,,nonfinal,10,9,president,9.65630054473877
critical,32,ambiguous,long,,nonfinal,10,10,spread,16.107393264770508
critical,32,ambiguous,long,,nonfinal,10,11,across,3.997878313064575
critical,32,ambiguous,long,,nonfinal,10,12,the,0.3411255180835724
critical,32,ambiguous,long,,nonfinal,10,13,country.,3.826170802116394
critical,32,unambiguous,short,comma,final,7,0,As,18.901031494140625
critical,32,unambiguous,short,comma,final,7,1,the,2.5676872730255127
critical,32,unambiguous,short,comma,final,7,2,news,11.19550323486328
critical,32,unambiguous,short,comma,final,7,3,channel,8.895855903625488
critical,32,unambiguous,short,comma,final,7,4,"broadcasted,",15.349591970443726
critical,32,unambiguous,short,comma,final,7,5,the,2.2017300128936768
critical,32,unambiguous,short,comma,final,7,6,message,5.958689689636231
critical,32,unambiguous,short,comma,final,7,7,spread.,14.288880348205566
critical,32,unambiguous,short,comma,nonfinal,7,0,As,18.901031494140625
critical,32,unambiguous,short,comma,nonfinal,7,1,the,2.5676872730255127
critical,32,unambiguous,short,comma,nonfinal,7,2,news,11.19550323486328
critical,32,unambiguous,short,comma,nonfinal,7,3,channel,8.895855903625488
critical,32,unambiguous,short,comma,nonfinal,7,4,"broadcasted,",15.349591970443726
critical,32,unambiguous,short,comma,nonfinal,7,5,the,2.2017300128936768
critical,32,unambiguous,short,comma,nonfinal,7,6,message,5.958689689636231
critical,32,unambiguous,short,comma,nonfinal,7,7,spread,8.552441596984863
critical,32,unambiguous,short,comma,nonfinal,7,8,across,4.890581130981445
critical,32,unambiguous,short,comma,nonfinal,7,9,the,0.5091347098350525
critical,32,unambiguous,short,comma,nonfinal,7,10,country.,7.77033543586731
critical,32,unambiguous,long,comma,final,10,0,As,18.901031494140625
critical,32,unambiguous,long,comma,final,10,1,the,2.5676872730255127
critical,32,unambiguous,long,comma,final,10,2,news,11.19550323486328
critical,32,unambiguous,long,comma,final,10,3,channel,8.895855903625488
critical,32,unambiguous,long,comma,final,10,4,"broadcasted,",15.349591970443726
critical,32,unambiguous,long,comma,final,10,5,the,2.2017300128936768
critical,32,unambiguous,long,comma,final,10,6,message,5.958689689636231
critical,32,unambiguous,long,comma,final,10,7,from,5.022311687469482
critical,32,unambiguous,long,comma,final,10,8,the,1.1186522245407104
critical,32,unambiguous,long,comma,final,10,9,president,9.702264785766602
critical,32,unambiguous,long,comma,final,10,10,spread.,19.72839641571045
critical,32,unambiguous,long,comma,nonfinal,10,0,As,18.901031494140625
critical,32,unambiguous,long,comma,nonfinal,10,1,the,2.5676872730255127
critical,32,unambiguous,long,comma,nonfinal,10,2,news,11.19550323486328
critical,32,unambiguous,long,comma,nonfinal,10,3,channel,8.895855903625488
critical,32,unambiguous,long,comma,nonfinal,10,4,"broadcasted,",15.349591970443726
critical,32,unambiguous,long,comma,nonfinal,10,5,the,2.2017300128936768
critical,32,unambiguous,long,comma,nonfinal,10,6,message,5.958689689636231
critical,32,unambiguous,long,comma,nonfinal,10,7,from,5.022311687469482
critical,32,unambiguous,long,comma,nonfinal,10,8,the,1.1186522245407104
critical,32,unambiguous,long,comma,nonfinal,10,9,president,9.702264785766602
critical,32,unambiguous,long,comma,nonfinal,10,10,spread,12.881935119628906
critical,32,unambiguous,long,comma,nonfinal,10,11,across,4.580451011657715
critical,32,unambiguous,long,comma,nonfinal,10,12,the,0.3918452560901642
critical,32,unambiguous,long,comma,nonfinal,10,13,country.,4.986561059951782
critical,32,unambiguous,short,object,final,9,0,As,18.901031494140625
critical,32,unambiguous,short,object,final,9,1,the,2.5676872730255127
critical,32,unambiguous,short,object,final,9,2,news,11.19550323486328
critical,32,unambiguous,short,object,final,9,3,channel,8.895855903625488
critical,32,unambiguous,short,object,final,9,4,broadcasted,13.81074070930481
critical,32,unambiguous,short,object,final,9,5,the,4.641737461090088
critical,32,unambiguous,short,object,final,9,6,speech,10.379408836364746
critical,32,unambiguous,short,object,final,9,7,the,8.301307678222656
critical,32,unambiguous,short,object,final,9,8,message,5.313774108886719
critical,32,unambiguous,short,object,final,9,9,spread.,12.331238031387327
critical,32,unambiguous,short,object,nonfinal,9,0,As,18.901031494140625
critical,32,unambiguous,short,object,nonfinal,9,1,the,2.5676872730255127
critical,32,unambiguous,short,object,nonfinal,9,2,news,11.19550323486328
critical,32,unambiguous,short,object,nonfinal,9,3,channel,8.895855903625488
critical,32,unambiguous,short,object,nonfinal,9,4,broadcasted,13.81074070930481
critical,32,unambiguous,short,object,nonfinal,9,5,the,4.641737461090088
critical,32,unambiguous,short,object,nonfinal,9,6,speech,10.379408836364746
critical,32,unambiguous,short,object,nonfinal,9,7,the,8.301307678222656
critical,32,unambiguous,short,object,nonfinal,9,8,message,5.313774108886719
critical,32,unambiguous,short,object,nonfinal,9,9,spread,9.299500465393066
critical,32,unambiguous,short,object,nonfinal,9,10,across,5.079371452331543
critical,32,unambiguous,short,object,nonfinal,9,11,the,0.4580627083778381
critical,32,unambiguous,short,object,nonfinal,9,12,country.,5.009103298187256
critical,32,unambiguous,long,object,final,12,0,As,18.901031494140625
critical,32,unambiguous,long,object,final,12,1,the,2.5676872730255127
critical,32,unambiguous,long,object,final,12,2,news,11.19550323486328
critical,32,unambiguous,long,object,final,12,3,channel,8.895855903625488
critical,32,unambiguous,long,object,final,12,4,broadcasted,13.81074070930481
critical,32,unambiguous,long,object,final,12,5,the,4.641737461090088
critical,32,unambiguous,long,object,final,12,6,speech,10.379408836364746
critical,32,unambiguous,long,object,final,12,7,the,8.301307678222656
critical,32,unambiguous,long,object,final,12,8,message,5.313774108886719
critical,32,unambiguous,long,object,final,12,9,from,7.001614570617676
critical,32,unambiguous,long,object,final,12,10,the,1.2753902673721311
critical,32,unambiguous,long,object,final,12,11,president,7.93623161315918
critical,32,unambiguous,long,object,final,12,12,spread.,16.64946150779724
critical,32,unambiguous,long,object,nonfinal,12,0,As,18.901031494140625
critical,32,unambiguous,long,object,nonfinal,12,1,the,2.5676872730255127
critical,32,unambiguous,long,object,nonfinal,12,2,news,11.19550323486328
critical,32,unambiguous,long,object,nonfinal,12,3,channel,8.895855903625488
critical,32,unambiguous,long,object,nonfinal,12,4,broadcasted,13.81074070930481
critical,32,unambiguous,long,object,nonfinal,12,5,the,4.641737461090088
critical,32,unambiguous,long,object,nonfinal,12,6,speech,10.379408836364746
critical,32,unambiguous,long,object,nonfinal,12,7,the,8.301307678222656
critical,32,unambiguous,long,object,nonfinal,12,8,message,5.313774108886719
critical,32,unambiguous,long,object,nonfinal,12,9,from,7.001614570617676
critical,32,unambiguous,long,object,nonfinal,12,10,the,1.2753902673721311
critical,32,unambiguous,long,object,nonfinal,12,11,president,7.93623161315918
critical,32,unambiguous,long,object,nonfinal,12,12,spread,13.306713104248049
critical,32,unambiguous,long,object,nonfinal,12,13,across,3.9642412662506095
critical,32,unambiguous,long,object,nonfinal,12,14,the,0.3127717673778534
critical,32,unambiguous,long,object,nonfinal,12,15,country.,3.7662932872772217
critical,33,ambiguous,short,,final,7,0,Before,19.05935287475586
critical,33,ambiguous,short,,final,7,1,the,2.378368616104126
critical,33,ambiguous,short,,final,7,2,recruiters,20.335625171661377
critical,33,ambiguous,short,,final,7,3,could,7.189876556396484
critical,33,ambiguous,short,,final,7,4,adapt,11.145840644836426
critical,33,ambiguous,short,,final,7,5,the,4.135596752166748
critical,33,ambiguous,short,,final,7,6,policy,12.413129806518556
critical,33,ambiguous,short,,final,7,7,changed.,15.91930854320526
critical,33,ambiguous,short,,nonfinal,7,0,Before,19.05935287475586
critical,33,ambiguous,short,,nonfinal,7,1,the,2.378368616104126
critical,33,ambiguous,short,,nonfinal,7,2,recruiters,20.335625171661377
critical,33,ambiguous,short,,nonfinal,7,3,could,7.189876556396484
critical,33,ambiguous,short,,nonfinal,7,4,adapt,11.145840644836426
critical,33,ambiguous,short,,nonfinal,7,5,the,4.135596752166748
critical,33,ambiguous,short,,nonfinal,7,6,policy,12.413129806518556
critical,33,ambiguous,short,,nonfinal,7,7,changed,14.354921340942385
critical,33,ambiguous,short,,nonfinal,7,8,for,5.686599254608154
critical,33,ambiguous,short,,nonfinal,7,9,a,4.630466461181641
critical,33,ambiguous,short,,nonfinal,7,10,second,7.578903675079346
critical,33,ambiguous,short,,nonfinal,7,11,time.,3.8672046661376953
critical,33,ambiguous,long,,final,9,0,Before,19.05935287475586
critical,33,ambiguous,long,,final,9,1,the,2.378368616104126
critical,33,ambiguous,long,,final,9,2,recruiters,20.335625171661377
critical,33,ambiguous,long,,final,9,3,could,7.189876556396484
critical,33,ambiguous,long,,final,9,4,adapt,11.145840644836426
critical,33,ambiguous,long,,final,9,5,the,4.135596752166748
critical,33,ambiguous,long,,final,9,6,policy,12.413129806518556
critical,33,ambiguous,long,,final,9,7,for,5.882081985473633
critical,33,ambiguous,long,,final,9,8,hiring,9.326797485351562
critical,33,ambiguous,long,,final,9,9,changed.,21.600976943969727
critical,33,ambiguous,long,,nonfinal,9,0,Before,19.05935287475586
critical,33,ambiguous,long,,nonfinal,9,1,the,2.378368616104126
critical,33,ambiguous,long,,nonfinal,9,2,recruiters,20.335625171661377
critical,33,ambiguous,long,,nonfinal,9,3,could,7.189876556396484
critical,33,ambiguous,long,,nonfinal,9,4,adapt,11.145840644836426
critical,33,ambiguous,long,,nonfinal,9,5,the,4.135596752166748
critical,33,ambiguous,long,,nonfinal,9,6,policy,12.413129806518556
critical,33,ambiguous,long,,nonfinal,9,7,for,5.882081985473633
critical,33,ambiguous,long,,nonfinal,9,8,hiring,9.326797485351562
critical,33,ambiguous,long,,nonfinal,9,9,changed,14.90420913696289
critical,33,ambiguous,long,,nonfinal,9,10,for,9.111767768859863
critical,33,ambiguous,long,,nonfinal,9,11,a,4.327556610107422
critical,33,ambiguous,long,,nonfinal,9,12,second,6.811239242553711
critical,33,ambiguous,long,,nonfinal,9,13,time.,4.384792447090149
critical,33,unambiguous,short,comma,final,7,0,Before,19.05935287475586
critical,33,unambiguous,short,comma,final,7,1,the,2.378368616104126
critical,33,unambiguous,short,comma,final,7,2,recruiters,20.335625171661377
critical,33,unambiguous,short,comma,final,7,3,could,7.189876556396484
critical,33,unambiguous,short,comma,final,7,4,"adapt,",15.031888961791992
critical,33,unambiguous,short,comma,final,7,5,the,2.344203233718872
critical,33,unambiguous,short,comma,final,7,6,policy,12.93300724029541
critical,33,unambiguous,short,comma,final,7,7,changed.,8.312050700187683
critical,33,unambiguous,short,comma,nonfinal,7,0,Before,19.05935287475586
critical,33,unambiguous,short,comma,nonfinal,7,1,the,2.378368616104126
critical,33,unambiguous,short,comma,nonfinal,7,2,recruiters,20.335625171661377
critical,33,unambiguous,short,comma,nonfinal,7,3,could,7.189876556396484
critical,33,unambiguous,short,comma,nonfinal,7,4,"adapt,",15.031888961791992
critical,33,unambiguous,short,comma,nonfinal,7,5,the,2.344203233718872
critical,33,unambiguous,short,comma,nonfinal,7,6,policy,12.93300724029541
critical,33,unambiguous,short,comma,nonfinal,7,7,changed,6.673521041870117
critical,33,unambiguous,short,comma,nonfinal,7,8,for,5.962740421295166
critical,33,unambiguous,short,comma,nonfinal,7,9,a,4.625007152557373
critical,33,unambiguous,short,comma,nonfinal,7,10,second,7.070473670959473
critical,33,unambiguous,short,comma,nonfinal,7,11,time.,4.8354586362838745
critical,33,unambiguous,long,comma,final,9,0,Before,19.05935287475586
critical,33,unambiguous,long,comma,final,9,1,the,2.378368616104126
critical,33,unambiguous,long,comma,final,9,2,recruiters,20.335625171661377
critical,33,unambiguous,long,comma,final,9,3,could,7.189876556396484
critical,33,unambiguous,long,comma,final,9,4,"adapt,",15.031888961791992
critical,33,unambiguous,long,comma,final,9,5,the,2.344203233718872
critical,33,unambiguous,long,comma,final,9,6,policy,12.93300724029541
critical,33,unambiguous,long,comma,final,9,7,for,8.8953275680542
critical,33,unambiguous,long,comma,final,9,8,hiring,6.990871906280518
critical,33,unambiguous,long,comma,final,9,9,changed.,18.2163143157959
critical,33,unambiguous,long,comma,nonfinal,9,0,Before,19.05935287475586
critical,33,unambiguous,long,comma,nonfinal,9,1,the,2.378368616104126
critical,33,unambiguous,long,comma,nonfinal,9,2,recruiters,20.335625171661377
critical,33,unambiguous,long,comma,nonfinal,9,3,could,7.189876556396484
critical,33,unambiguous,long,comma,nonfinal,9,4,"adapt,",15.031888961791992
critical,33,unambiguous,long,comma,nonfinal,9,5,the,2.344203233718872
critical,33,unambiguous,long,comma,nonfinal,9,6,policy,12.93300724029541
critical,33,unambiguous,long,comma,nonfinal,9,7,for,8.8953275680542
critical,33,unambiguous,long,comma,nonfinal,9,8,hiring,6.990871906280518
critical,33,unambiguous,long,comma,nonfinal,9,9,changed,12.508405685424805
critical,33,unambiguous,long,comma,nonfinal,9,10,for,7.81577205657959
critical,33,unambiguous,long,comma,nonfinal,9,11,a,4.24777889251709
critical,33,unambiguous,long,comma,nonfinal,9,12,second,6.881507396697998
critical,33,unambiguous,long,comma,nonfinal,9,13,time.,4.714646935462952
critical,33,unambiguous,short,object,final,9,0,Before,19.05935287475586
critical,33,unambiguous,short,object,final,9,1,the,2.378368616104126
critical,33,unambiguous,short,object,final,9,2,recruiters,20.335625171661377
critical,33,unambiguous,short,object,final,9,3,could,7.189876556396484
critical,33,unambiguous,short,object,final,9,4,adapt,11.145840644836426
critical,33,unambiguous,short,object,final,9,5,their,4.710244178771973
critical,33,unambiguous,short,object,final,9,6,strategies,7.156063079833984
critical,33,unambiguous,short,object,final,9,7,the,11.26136875152588
critical,33,unambiguous,short,object,final,9,8,policy,14.641276359558104
critical,33,unambiguous,short,object,final,9,9,changed.,10.62878119945526
critical,33,unambiguous,short,object,nonfinal,9,0,Before,19.05935287475586
critical,33,unambiguous,short,object,nonfinal,9,1,the,2.378368616104126
critical,33,unambiguous,short,object,nonfinal,9,2,recruiters,20.335625171661377
critical,33,unambiguous,short,object,nonfinal,9,3,could,7.189876556396484
critical,33,unambiguous,short,object,nonfinal,9,4,adapt,11.145840644836426
critical,33,unambiguous,short,object,nonfinal,9,5,their,4.710244178771973
critical,33,unambiguous,short,object,nonfinal,9,6,strategies,7.156063079833984
critical,33,unambiguous,short,object,nonfinal,9,7,the,11.26136875152588
critical,33,unambiguous,short,object,nonfinal,9,8,policy,14.641276359558104
critical,33,unambiguous,short,object,nonfinal,9,9,changed,9.512242317199709
critical,33,unambiguous,short,object,nonfinal,9,10,for,6.311614513397217
critical,33,unambiguous,short,object,nonfinal,9,11,a,4.586438655853272
critical,33,unambiguous,short,object,nonfinal,9,12,second,7.709929943084717
critical,33,unambiguous,short,object,nonfinal,9,13,time.,3.0817530155181885
critical,33,unambiguous,long,object,final,11,0,Before,19.05935287475586
critical,33,unambiguous,long,object,final,11,1,the,2.378368616104126
critical,33,unambiguous,long,object,final,11,2,recruiters,20.335625171661377
critical,33,unambiguous,long,object,final,11,3,could,7.189876556396484
critical,33,unambiguous,long,object,final,11,4,adapt,11.145840644836426
critical,33,unambiguous,long,object,final,11,5,their,4.710244178771973
critical,33,unambiguous,long,object,final,11,6,strategies,7.156063079833984
critical,33,unambiguous,long,object,final,11,7,the,11.26136875152588
critical,33,unambiguous,long,object,final,11,8,policy,14.641276359558104
critical,33,unambiguous,long,object,final,11,9,for,9.363076210021973
critical,33,unambiguous,long,object,final,11,10,hiring,8.252525329589844
critical,33,unambiguous,long,object,final,11,11,changed.,19.37740898132324
critical,33,unambiguous,long,object,nonfinal,11,0,Before,19.05935287475586
critical,33,unambiguous,long,object,nonfinal,11,1,the,2.378368616104126
critical,33,unambiguous,long,object,nonfinal,11,2,recruiters,20.335625171661377
critical,33,unambiguous,long,object,nonfinal,11,3,could,7.189876556396484
critical,33,unambiguous,long,object,nonfinal,11,4,adapt,11.145840644836426
critical,33,unambiguous,long,object,nonfinal,11,5,their,4.710244178771973
critical,33,unambiguous,long,object,nonfinal,11,6,strategies,7.156063079833984
critical,33,unambiguous,long,object,nonfinal,11,7,the,11.26136875152588
critical,33,unambiguous,long,object,nonfinal,11,8,policy,14.641276359558104
critical,33,unambiguous,long,object,nonfinal,11,9,for,9.363076210021973
critical,33,unambiguous,long,object,nonfinal,11,10,hiring,8.252525329589844
critical,33,unambiguous,long,object,nonfinal,11,11,changed,13.075480461120604
critical,33,unambiguous,long,object,nonfinal,11,12,for,8.735067367553711
critical,33,unambiguous,long,object,nonfinal,11,13,a,4.337594985961914
critical,33,unambiguous,long,object,nonfinal,11,14,second,7.106400012969971
critical,33,unambiguous,long,object,nonfinal,11,15,time.,4.22699773311615
critical,34,ambiguous,short,,final,6,0,After,18.362133026123047
critical,34,ambiguous,short,,final,6,1,the,3.560596704483032
critical,34,ambiguous,short,,final,6,2,doctor,12.015825271606444
critical,34,ambiguous,short,,final,6,3,left,8.476361274719238
critical,34,ambiguous,short,,final,6,4,the,1.6055970191955566
critical,34,ambiguous,short,,final,6,5,patient,7.930067539215088
critical,34,ambiguous,short,,final,6,6,recovered.,17.943695068359375
critical,34,ambiguous,short,,nonfinal,6,0,After,18.362133026123047
critical,34,ambiguous,short,,nonfinal,6,1,the,3.560596704483032
critical,34,ambiguous,short,,nonfinal,6,2,doctor,12.015825271606444
critical,34,ambiguous,short,,nonfinal,6,3,left,8.476361274719238
critical,34,ambiguous,short,,nonfinal,6,4,the,1.6055970191955566
critical,34,ambiguous,short,,nonfinal,6,5,patient,7.930067539215088
critical,34,ambiguous,short,,nonfinal,6,6,recovered,12.715686798095703
critical,34,ambiguous,short,,nonfinal,6,7,from,3.681936740875244
critical,34,ambiguous,short,,nonfinal,6,8,the,0.7046170234680176
critical,34,ambiguous,short,,nonfinal,6,9,surgery.,8.301836252212524
critical,34,ambiguous,long,,final,9,0,After,18.362133026123047
critical,34,ambiguous,long,,final,9,1,the,3.560596704483032
critical,34,ambiguous,long,,final,9,2,doctor,12.015825271606444
critical,34,ambiguous,long,,final,9,3,left,8.476361274719238
critical,34,ambiguous,long,,final,9,4,the,1.6055970191955566
critical,34,ambiguous,long,,final,9,5,patient,7.930067539215088
critical,34,ambiguous,long,,final,9,6,with,3.722441911697388
critical,34,ambiguous,long,,final,9,7,cardiac,9.431055068969728
critical,34,ambiguous,long,,final,9,8,issues,8.307119369506836
critical,34,ambiguous,long,,final,9,9,recovered.,17.27940797805786
critical,34,ambiguous,long,,nonfinal,9,0,After,18.362133026123047
critical,34,ambiguous,long,,nonfinal,9,1,the,3.560596704483032
critical,34,ambiguous,long,,nonfinal,9,2,doctor,12.015825271606444
critical,34,ambiguous,long,,nonfinal,9,3,left,8.476361274719238
critical,34,ambiguous,long,,nonfinal,9,4,the,1.6055970191955566
critical,34,ambiguous,long,,nonfinal,9,5,patient,7.930067539215088
critical,34,ambiguous,long,,nonfinal,9,6,with,3.722441911697388
critical,34,ambiguous,long,,nonfinal,9,7,cardiac,9.431055068969728
critical,34,ambiguous,long,,nonfinal,9,8,issues,8.307119369506836
critical,34,ambiguous,long,,nonfinal,9,9,recovered,15.192853927612305
critical,34,ambiguous,long,,nonfinal,9,10,from,3.1766762733459477
critical,34,ambiguous,long,,nonfinal,9,11,the,1.2246705293655396
critical,34,ambiguous,long,,nonfinal,9,12,surgery.,8.314340353012085
critical,34,unambiguous,short,comma,final,6,0,After,18.362133026123047
critical,34,unambiguous,short,comma,final,6,1,the,3.560596704483032
critical,34,unambiguous,short,comma,final,6,2,doctor,12.015825271606444
critical,34,unambiguous,short,comma,final,6,3,"left,",11.32811427116394
critical,34,unambiguous,short,comma,final,6,4,the,1.8790961503982544
critical,34,unambiguous,short,comma,final,6,5,patient,4.175045490264893
critical,34,unambiguous,short,comma,final,6,6,recovered.,12.484453916549684
critical,34,unambiguous,short,comma,nonfinal,6,0,After,18.362133026123047
critical,34,unambiguous,short,comma,nonfinal,6,1,the,3.560596704483032
critical,34,unambiguous,short,comma,nonfinal,6,2,doctor,12.015825271606444
critical,34,unambiguous,short,comma,nonfinal,6,3,"left,",11.32811427116394
critical,34,unambiguous,short,comma,nonfinal,6,4,the,1.8790961503982544
critical,34,unambiguous,short,comma,nonfinal,6,5,patient,4.175045490264893
critical,34,unambiguous,short,comma,nonfinal,6,6,recovered,8.837387084960938
critical,34,unambiguous,short,comma,nonfinal,6,7,from,3.409141778945923
critical,34,unambiguous,short,comma,nonfinal,6,8,the,0.7549845576286316
critical,34,unambiguous,short,comma,nonfinal,6,9,surgery.,8.695971250534058
critical,34,unambiguous,long,comma,final,9,0,After,18.362133026123047
critical,34,unambiguous,long,comma,final,9,1,the,3.560596704483032
critical,34,unambiguous,long,comma,final,9,2,doctor,12.015825271606444
critical,34,unambiguous,long,comma,final,9,3,"left,",11.32811427116394
critical,34,unambiguous,long,comma,final,9,4,the,1.8790961503982544
critical,34,unambiguous,long,comma,final,9,5,patient,4.175045490264893
critical,34,unambiguous,long,comma,final,9,6,with,7.77949333190918
critical,34,unambiguous,long,comma,final,9,7,cardiac,9.002403259277344
critical,34,unambiguous,long,comma,final,9,8,issues,8.736828804016113
critical,34,unambiguous,long,comma,final,9,9,recovered.,13.640265464782717
critical,34,unambiguous,long,comma,nonfinal,9,0,After,18.362133026123047
critical,34,unambiguous,long,comma,nonfinal,9,1,the,3.560596704483032
critical,34,unambiguous,long,comma,nonfinal,9,2,doctor,12.015825271606444
critical,34,unambiguous,long,comma,nonfinal,9,3,"left,",11.32811427116394
critical,34,unambiguous,long,comma,nonfinal,9,4,the,1.8790961503982544
critical,34,unambiguous,long,comma,nonfinal,9,5,patient,4.175045490264893
critical,34,unambiguous,long,comma,nonfinal,9,6,with,7.77949333190918
critical,34,unambiguous,long,comma,nonfinal,9,7,cardiac,9.002403259277344
critical,34,unambiguous,long,comma,nonfinal,9,8,issues,8.736828804016113
critical,34,unambiguous,long,comma,nonfinal,9,9,recovered,10.879561424255373
critical,34,unambiguous,long,comma,nonfinal,9,10,from,3.059563159942627
critical,34,unambiguous,long,comma,nonfinal,9,11,the,1.0503214597702026
critical,34,unambiguous,long,comma,nonfinal,9,12,surgery.,8.748980283737183
critical,34,unambiguous,short,object,final,9,0,After,18.362133026123047
critical,34,unambiguous,short,object,final,9,1,the,3.560596704483032
critical,34,unambiguous,short,object,final,9,2,doctor,12.015825271606444
critical,34,unambiguous,short,object,final,9,3,left,8.476361274719238
critical,34,unambiguous,short,object,final,9,4,the,1.6055970191955566
critical,34,unambiguous,short,object,final,9,5,operating,10.988397598266602
critical,34,unambiguous,short,object,final,9,6,room,0.963851273059845
critical,34,unambiguous,short,object,final,9,7,the,7.480105876922607
critical,34,unambiguous,short,object,final,9,8,patient,5.132556438446045
critical,34,unambiguous,short,object,final,9,9,recovered.,14.2128005027771
critical,34,unambiguous,short,object,nonfinal,9,0,After,18.362133026123047
critical,34,unambiguous,short,object,nonfinal,9,1,the,3.560596704483032
critical,34,unambiguous,short,object,nonfinal,9,2,doctor,12.015825271606444
critical,34,unambiguous,short,object,nonfinal,9,3,left,8.476361274719238
critical,34,unambiguous,short,object,nonfinal,9,4,the,1.6055970191955566
critical,34,unambiguous,short,object,nonfinal,9,5,operating,10.988397598266602
critical,34,unambiguous,short,object,nonfinal,9,6,room,0.963851273059845
critical,34,unambiguous,short,object,nonfinal,9,7,the,7.480105876922607
critical,34,unambiguous,short,object,nonfinal,9,8,patient,5.132556438446045
critical,34,unambiguous,short,object,nonfinal,9,9,recovered,9.732556343078612
critical,34,unambiguous,short,object,nonfinal,9,10,from,4.188605785369873
critical,34,unambiguous,short,object,nonfinal,9,11,the,0.5755282640457153
critical,34,unambiguous,short,object,nonfinal,9,12,surgery.,8.58995270729065
critical,34,unambiguous,long,object,final,12,0,After,18.362133026123047
critical,34,unambiguous,long,object,final,12,1,the,3.560596704483032
critical,34,unambiguous,long,object,final,12,2,doctor,12.015825271606444
critical,34,unambiguous,long,object,final,12,3,left,8.476361274719238
critical,34,unambiguous,long,object,final,12,4,the,1.6055970191955566
critical,34,unambiguous,long,object,final,12,5,operating,10.988397598266602
critical,34,unambiguous,long,object,final,12,6,room,0.963851273059845
critical,34,unambiguous,long,object,final,12,7,the,7.480105876922607
critical,34,unambiguous,long,object,final,12,8,patient,5.132556438446045
critical,34,unambiguous,long,object,final,12,9,with,8.521093368530273
critical,34,unambiguous,long,object,final,12,10,cardiac,10.568199157714844
critical,34,unambiguous,long,object,final,12,11,issues,7.278811931610107
critical,34,unambiguous,long,object,final,12,12,recovered.,14.20029604434967
critical,34,unambiguous,long,object,nonfinal,12,0,After,18.362133026123047
critical,34,unambiguous,long,object,nonfinal,12,1,the,3.560596704483032
critical,34,unambiguous,long,object,nonfinal,12,2,doctor,12.015825271606444
critical,34,unambiguous,long,object,nonfinal,12,3,left,8.476361274719238
critical,34,unambiguous,long,object,nonfinal,12,4,the,1.6055970191955566
critical,34,unambiguous,long,object,nonfinal,12,5,operating,10.988397598266602
critical,34,unambiguous,long,object,nonfinal,12,6,room,0.963851273059845
critical,34,unambiguous,long,object,nonfinal,12,7,the,7.480105876922607
critical,34,unambiguous,long,object,nonfinal,12,8,patient,5.132556438446045
critical,34,unambiguous,long,object,nonfinal,12,9,with,8.521093368530273
critical,34,unambiguous,long,object,nonfinal,12,10,cardiac,10.568199157714844
critical,34,unambiguous,long,object,nonfinal,12,11,issues,7.278811931610107
critical,34,unambiguous,long,object,nonfinal,12,12,recovered,12.373504638671877
critical,34,unambiguous,long,object,nonfinal,12,13,from,3.176147937774658
critical,34,unambiguous,long,object,nonfinal,12,14,the,1.1637364625930786
critical,34,unambiguous,long,object,nonfinal,12,15,surgery.,9.01279330253601
critical,35,ambiguous,short,,final,7,0,While,20.36468315124512
critical,35,ambiguous,short,,final,7,1,the,2.3838281631469727
critical,35,ambiguous,short,,final,7,2,tailor,18.8066349029541
critical,35,ambiguous,short,,final,7,3,was,4.63627815246582
critical,35,ambiguous,short,,final,7,4,measuring,12.660740852355955
critical,35,ambiguous,short,,final,7,5,the,1.42156183719635
critical,35,ambiguous,short,,final,7,6,suit,15.319124221801758
critical,35,ambiguous,short,,final,7,7,ripped.,22.85030221939087
critical,35,ambiguous,short,,nonfinal,7,0,While,20.36468315124512
critical,35,ambiguous,short,,nonfinal,7,1,the,2.3838281631469727
critical,35,ambiguous,short,,nonfinal,7,2,tailor,18.8066349029541
critical,35,ambiguous,short,,nonfinal,7,3,was,4.63627815246582
critical,35,ambiguous,short,,nonfinal,7,4,measuring,12.660740852355955
critical,35,ambiguous,short,,nonfinal,7,5,the,1.42156183719635
critical,35,ambiguous,short,,nonfinal,7,6,suit,15.319124221801758
critical,35,ambiguous,short,,nonfinal,7,7,ripped,16.617937088012695
critical,35,ambiguous,short,,nonfinal,7,8,along,10.458306312561035
critical,35,ambiguous,short,,nonfinal,7,9,a,5.382985591888428
critical,35,ambiguous,short,,nonfinal,7,10,weak,13.96413230895996
critical,35,ambiguous,short,,nonfinal,7,11,seam.,11.131047487258911
critical,35,ambiguous,long,,final,11,0,While,20.36468315124512
critical,35,ambiguous,long,,final,11,1,the,2.3838281631469727
critical,35,ambiguous,long,,final,11,2,tailor,18.8066349029541
critical,35,ambiguous,long,,final,11,3,was,4.63627815246582
critical,35,ambiguous,long,,final,11,4,measuring,12.660740852355955
critical,35,ambiguous,long,,final,11,5,the,1.42156183719635
critical,35,ambiguous,long,,final,11,6,suit,15.319124221801758
critical,35,ambiguous,long,,final,11,7,made,10.431361198425291
critical,35,ambiguous,long,,final,11,8,of,6.3605732917785645
critical,35,ambiguous,long,,final,11,9,vintage,11.667831420898438
critical,35,ambiguous,long,,final,11,10,tweed,13.333481669425964
critical,35,ambiguous,long,,final,11,11,ripped.,22.16276788711548
critical,35,ambiguous,long,,nonfinal,11,0,While,20.36468315124512
critical,35,ambiguous,long,,nonfinal,11,1,the,2.3838281631469727
critical,35,ambiguous,long,,nonfinal,11,2,tailor,18.8066349029541
critical,35,ambiguous,long,,nonfinal,11,3,was,4.63627815246582
critical,35,ambiguous,long,,nonfinal,11,4,measuring,12.660740852355955
critical,35,ambiguous,long,,nonfinal,11,5,the,1.42156183719635
critical,35,ambiguous,long,,nonfinal,11,6,suit,15.319124221801758
critical,35,ambiguous,long,,nonfinal,11,7,made,10.431361198425291
critical,35,ambiguous,long,,nonfinal,11,8,of,6.3605732917785645
critical,35,ambiguous,long,,nonfinal,11,9,vintage,11.667831420898438
critical,35,ambiguous,long,,nonfinal,11,10,tweed,13.333481669425964
critical,35,ambiguous,long,,nonfinal,11,11,ripped,16.921375274658203
critical,35,ambiguous,long,,nonfinal,11,12,along,10.244684219360352
critical,35,ambiguous,long,,nonfinal,11,13,a,5.452724933624268
critical,35,ambiguous,long,,nonfinal,11,14,weak,14.44843578338623
critical,35,ambiguous,long,,nonfinal,11,15,seam.,10.638643264770508
critical,35,unambiguous,short,comma,final,7,0,While,20.36468315124512
critical,35,unambiguous,short,comma,final,7,1,the,2.3838281631469727
critical,35,unambiguous,short,comma,final,7,2,tailor,18.8066349029541
critical,35,unambiguous,short,comma,final,7,3,was,4.63627815246582
critical,35,unambiguous,short,comma,final,7,4,"measuring,",18.45230197906494
critical,35,unambiguous,short,comma,final,7,5,the,1.903399348258972
critical,35,unambiguous,short,comma,final,7,6,suit,11.886735916137695
critical,35,unambiguous,short,comma,final,7,7,ripped.,21.026153087615967
critical,35,unambiguous,short,comma,nonfinal,7,0,While,20.36468315124512
critical,35,unambiguous,short,comma,nonfinal,7,1,the,2.3838281631469727
critical,35,unambiguous,short,comma,nonfinal,7,2,tailor,18.8066349029541
critical,35,unambiguous,short,comma,nonfinal,7,3,was,4.63627815246582
critical,35,unambiguous,short,comma,nonfinal,7,4,"measuring,",18.45230197906494
critical,35,unambiguous,short,comma,nonfinal,7,5,the,1.903399348258972
critical,35,unambiguous,short,comma,nonfinal,7,6,suit,11.886735916137695
critical,35,unambiguous,short,comma,nonfinal,7,7,ripped,13.929086685180664
critical,35,unambiguous,short,comma,nonfinal,7,8,along,10.742196083068848
critical,35,unambiguous,short,comma,nonfinal,7,9,a,4.982334613800049
critical,35,unambiguous,short,comma,nonfinal,7,10,weak,13.435449600219728
critical,35,unambiguous,short,comma,nonfinal,7,11,seam.,10.66752552986145
critical,35,unambiguous,long,comma,final,11,0,While,20.36468315124512
critical,35,unambiguous,long,comma,final,11,1,the,2.3838281631469727
critical,35,unambiguous,long,comma,final,11,2,tailor,18.8066349029541
critical,35,unambiguous,long,comma,final,11,3,was,4.63627815246582
critical,35,unambiguous,long,comma,final,11,4,"measuring,",18.45230197906494
critical,35,unambiguous,long,comma,final,11,5,the,1.903399348258972
critical,35,unambiguous,long,comma,final,11,6,suit,11.886735916137695
critical,35,unambiguous,long,comma,final,11,7,made,7.882165431976318
critical,35,unambiguous,long,comma,final,11,8,of,9.90215015411377
critical,35,unambiguous,long,comma,final,11,9,vintage,12.183305740356444
critical,35,unambiguous,long,comma,final,11,10,tweed,11.70481413602829
critical,35,unambiguous,long,comma,final,11,11,ripped.,21.58230829238892
critical,35,unambiguous,long,comma,nonfinal,11,0,While,20.36468315124512
critical,35,unambiguous,long,comma,nonfinal,11,1,the,2.3838281631469727
critical,35,unambiguous,long,comma,nonfinal,11,2,tailor,18.8066349029541
critical,35,unambiguous,long,comma,nonfinal,11,3,was,4.63627815246582
critical,35,unambiguous,long,comma,nonfinal,11,4,"measuring,",18.45230197906494
critical,35,unambiguous,long,comma,nonfinal,11,5,the,1.903399348258972
critical,35,unambiguous,long,comma,nonfinal,11,6,suit,11.886735916137695
critical,35,unambiguous,long,comma,nonfinal,11,7,made,7.882165431976318
critical,35,unambiguous,long,comma,nonfinal,11,8,of,9.90215015411377
critical,35,unambiguous,long,comma,nonfinal,11,9,vintage,12.183305740356444
critical,35,unambiguous,long,comma,nonfinal,11,10,tweed,11.70481413602829
critical,35,unambiguous,long,comma,nonfinal,11,11,ripped,15.800609588623049
critical,35,unambiguous,long,comma,nonfinal,11,12,along,10.560626029968262
critical,35,unambiguous,long,comma,nonfinal,11,13,a,5.09064245223999
critical,35,unambiguous,long,comma,nonfinal,11,14,weak,14.085648536682127
critical,35,unambiguous,long,comma,nonfinal,11,15,seam.,9.23451602458954
critical,35,unambiguous,short,object,final,10,0,While,20.36468315124512
critical,35,unambiguous,short,object,final,10,1,the,2.3838281631469727
critical,35,unambiguous,short,object,final,10,2,tailor,18.8066349029541
critical,35,unambiguous,short,object,final,10,3,was,4.63627815246582
critical,35,unambiguous,short,object,final,10,4,measuring,12.660740852355955
critical,35,unambiguous,short,object,final,10,5,the,1.42156183719635
critical,35,unambiguous,short,object,final,10,6,client's,13.020533680915833
critical,35,unambiguous,short,object,final,10,7,inseam,23.62237012386322
critical,35,unambiguous,short,object,final,10,8,the,8.749332427978516
critical,35,unambiguous,short,object,final,10,9,suit,12.589768409729004
critical,35,unambiguous,short,object,final,10,10,ripped.,18.602700233459476
critical,35,unambiguous,short,object,nonfinal,10,0,While,20.36468315124512
critical,35,unambiguous,short,object,nonfinal,10,1,the,2.3838281631469727
critical,35,unambiguous,short,object,nonfinal,10,2,tailor,18.8066349029541
critical,35,unambiguous,short,object,nonfinal,10,3,was,4.63627815246582
critical,35,unambiguous,short,object,nonfinal,10,4,measuring,12.660740852355955
critical,35,unambiguous,short,object,nonfinal,10,5,the,1.42156183719635
critical,35,unambiguous,short,object,nonfinal,10,6,client's,13.020533680915833
critical,35,unambiguous,short,object,nonfinal,10,7,inseam,23.62237012386322
critical,35,unambiguous,short,object,nonfinal,10,8,the,8.749332427978516
critical,35,unambiguous,short,object,nonfinal,10,9,suit,12.589768409729004
critical,35,unambiguous,short,object,nonfinal,10,10,ripped,14.26404857635498
critical,35,unambiguous,short,object,nonfinal,10,11,along,10.25489902496338
critical,35,unambiguous,short,object,nonfinal,10,12,a,5.582166194915772
critical,35,unambiguous,short,object,nonfinal,10,13,weak,13.809331893920898
critical,35,unambiguous,short,object,nonfinal,10,14,seam.,10.68214190006256
critical,35,unambiguous,long,object,final,14,0,While,20.36468315124512
critical,35,unambiguous,long,object,final,14,1,the,2.3838281631469727
critical,35,unambiguous,long,object,final,14,2,tailor,18.8066349029541
critical,35,unambiguous,long,object,final,14,3,was,4.63627815246582
critical,35,unambiguous,long,object,final,14,4,measuring,12.660740852355955
critical,35,unambiguous,long,object,final,14,5,the,1.42156183719635
critical,35,unambiguous,long,object,final,14,6,client's,13.020533680915833
critical,35,unambiguous,long,object,final,14,7,inseam,23.62237012386322
critical,35,unambiguous,long,object,final,14,8,the,8.749332427978516
critical,35,unambiguous,long,object,final,14,9,suit,12.589768409729004
critical,35,unambiguous,long,object,final,14,10,made,8.791951179504395
critical,35,unambiguous,long,object,final,14,11,of,5.815688133239746
critical,35,unambiguous,long,object,final,14,12,vintage,11.606369018554688
critical,35,unambiguous,long,object,final,14,13,tweed,12.888627529144289
critical,35,unambiguous,long,object,final,14,14,ripped.,20.76093101501465
critical,35,unambiguous,long,object,nonfinal,14,0,While,20.36468315124512
critical,35,unambiguous,long,object,nonfinal,14,1,the,2.3838281631469727
critical,35,unambiguous,long,object,nonfinal,14,2,tailor,18.8066349029541
critical,35,unambiguous,long,object,nonfinal,14,3,was,4.63627815246582
critical,35,unambiguous,long,object,nonfinal,14,4,measuring,12.660740852355955
critical,35,unambiguous,long,object,nonfinal,14,5,the,1.42156183719635
critical,35,unambiguous,long,object,nonfinal,14,6,client's,13.020533680915833
critical,35,unambiguous,long,object,nonfinal,14,7,inseam,23.62237012386322
critical,35,unambiguous,long,object,nonfinal,14,8,the,8.749332427978516
critical,35,unambiguous,long,object,nonfinal,14,9,suit,12.589768409729004
critical,35,unambiguous,long,object,nonfinal,14,10,made,8.791951179504395
critical,35,unambiguous,long,object,nonfinal,14,11,of,5.815688133239746
critical,35,unambiguous,long,object,nonfinal,14,12,vintage,11.606369018554688
critical,35,unambiguous,long,object,nonfinal,14,13,tweed,12.888627529144289
critical,35,unambiguous,long,object,nonfinal,14,14,ripped,16.374025344848633
critical,35,unambiguous,long,object,nonfinal,14,15,along,10.47204303741455
critical,35,unambiguous,long,object,nonfinal,14,16,a,5.6797308921813965
critical,35,unambiguous,long,object,nonfinal,14,17,weak,13.70577907562256
critical,35,unambiguous,long,object,nonfinal,14,18,seam.,9.65929365158081
critical,36,ambiguous,short,,final,6,0,As,18.901031494140625
critical,36,ambiguous,short,,final,6,1,the,2.5676872730255127
critical,36,ambiguous,short,,final,6,2,musician,16.00542640686035
critical,36,ambiguous,short,,final,6,3,played,10.19819164276123
critical,36,ambiguous,short,,final,6,4,the,2.6006197929382324
critical,36,ambiguous,short,,final,6,5,song,5.194547176361084
critical,36,ambiguous,short,,final,6,6,crescendoed.,33.2723303437233
critical,36,ambiguous,short,,nonfinal,6,0,As,18.901031494140625
critical,36,ambiguous,short,,nonfinal,6,1,the,2.5676872730255127
critical,36,ambiguous,short,,nonfinal,6,2,musician,16.00542640686035
critical,36,ambiguous,short,,nonfinal,6,3,played,10.19819164276123
critical,36,ambiguous,short,,nonfinal,6,4,the,2.6006197929382324
critical,36,ambiguous,short,,nonfinal,6,5,song,5.194547176361084
critical,36,ambiguous,short,,nonfinal,6,6,crescendoed,30.65850216150284
critical,36,ambiguous,short,,nonfinal,6,7,to,4.6117987632751465
critical,36,ambiguous,short,,nonfinal,6,8,a,2.9398081302642822
critical,36,ambiguous,short,,nonfinal,6,9,dramatic,9.344585418701172
critical,36,ambiguous,short,,nonfinal,6,10,climax.,2.9549534916877747
critical,36,ambiguous,long,,final,8,0,As,18.901031494140625
critical,36,ambiguous,long,,final,8,1,the,2.5676872730255127
critical,36,ambiguous,long,,final,8,2,musician,16.00542640686035
critical,36,ambiguous,long,,final,8,3,played,10.19819164276123
critical,36,ambiguous,long,,final,8,4,the,2.6006197929382324
critical,36,ambiguous,long,,final,8,5,song,5.194547176361084
critical,36,ambiguous,long,,final,8,6,of,4.691928863525391
critical,36,ambiguous,long,,final,8,7,mourning,13.093795776367188
critical,36,ambiguous,long,,final,8,8,crescendoed.,32.038854002952576
critical,36,ambiguous,long,,nonfinal,8,0,As,18.901031494140625
critical,36,ambiguous,long,,nonfinal,8,1,the,2.5676872730255127
critical,36,ambiguous,long,,nonfinal,8,2,musician,16.00542640686035
critical,36,ambiguous,long,,nonfinal,8,3,played,10.19819164276123
critical,36,ambiguous,long,,nonfinal,8,4,the,2.6006197929382324
critical,36,ambiguous,long,,nonfinal,8,5,song,5.194547176361084
critical,36,ambiguous,long,,nonfinal,8,6,of,4.691928863525391
critical,36,ambiguous,long,,nonfinal,8,7,mourning,13.093795776367188
critical,36,ambiguous,long,,nonfinal,8,8,crescendoed,29.165087342262268
critical,36,ambiguous,long,,nonfinal,8,9,to,5.136254787445068
critical,36,ambiguous,long,,nonfinal,8,10,a,4.628000736236572
critical,36,ambiguous,long,,nonfinal,8,11,dramatic,11.302050590515137
critical,36,ambiguous,long,,nonfinal,8,12,climax.,3.840259790420532
critical,36,unambiguous,short,comma,final,6,0,As,18.901031494140625
critical,36,unambiguous,short,comma,final,6,1,the,2.5676872730255127
critical,36,unambiguous,short,comma,final,6,2,musician,16.00542640686035
critical,36,unambiguous,short,comma,final,6,3,"played,",12.442188262939451
critical,36,unambiguous,short,comma,final,6,4,the,2.537220001220703
critical,36,unambiguous,short,comma,final,6,5,song,5.624960899353027
critical,36,unambiguous,short,comma,final,6,6,crescendoed.,27.156198769807816
critical,36,unambiguous,short,comma,nonfinal,6,0,As,18.901031494140625
critical,36,unambiguous,short,comma,nonfinal,6,1,the,2.5676872730255127
critical,36,unambiguous,short,comma,nonfinal,6,2,musician,16.00542640686035
critical,36,unambiguous,short,comma,nonfinal,6,3,"played,",12.442188262939451
critical,36,unambiguous,short,comma,nonfinal,6,4,the,2.537220001220703
critical,36,unambiguous,short,comma,nonfinal,6,5,song,5.624960899353027
critical,36,unambiguous,short,comma,nonfinal,6,6,crescendoed,24.26851919293404
critical,36,unambiguous,short,comma,nonfinal,6,7,to,3.964945793151856
critical,36,unambiguous,short,comma,nonfinal,6,8,a,2.5502521991729736
critical,36,unambiguous,short,comma,nonfinal,6,9,dramatic,9.09028148651123
critical,36,unambiguous,short,comma,nonfinal,6,10,climax.,3.213131070137024
critical,36,unambiguous,long,comma,final,8,0,As,18.901031494140625
critical,36,unambiguous,long,comma,final,8,1,the,2.5676872730255127
critical,36,unambiguous,long,comma,final,8,2,musician,16.00542640686035
critical,36,unambiguous,long,comma,final,8,3,"played,",12.442188262939451
critical,36,unambiguous,long,comma,final,8,4,the,2.537220001220703
critical,36,unambiguous,long,comma,final,8,5,song,5.624960899353027
critical,36,unambiguous,long,comma,final,8,6,of,5.182924270629883
critical,36,unambiguous,long,comma,final,8,7,mourning,12.65105438232422
critical,36,unambiguous,long,comma,final,8,8,crescendoed.,29.44915252923965
critical,36,unambiguous,long,comma,nonfinal,8,0,As,18.901031494140625
critical,36,unambiguous,long,comma,nonfinal,8,1,the,2.5676872730255127
critical,36,unambiguous,long,comma,nonfinal,8,2,musician,16.00542640686035
critical,36,unambiguous,long,comma,nonfinal,8,3,"played,",12.442188262939451
critical,36,unambiguous,long,comma,nonfinal,8,4,the,2.537220001220703
critical,36,unambiguous,long,comma,nonfinal,8,5,song,5.624960899353027
critical,36,unambiguous,long,comma,nonfinal,8,6,of,5.182924270629883
critical,36,unambiguous,long,comma,nonfinal,8,7,mourning,12.65105438232422
critical,36,unambiguous,long,comma,nonfinal,8,8,crescendoed,26.366342842578888
critical,36,unambiguous,long,comma,nonfinal,8,9,to,4.835458755493164
critical,36,unambiguous,long,comma,nonfinal,8,10,a,4.336538314819336
critical,36,unambiguous,long,comma,nonfinal,8,11,dramatic,10.956170082092283
critical,36,unambiguous,long,comma,nonfinal,8,12,climax.,3.3494404554367065
critical,36,unambiguous,short,object,final,8,0,As,18.901031494140625
critical,36,unambiguous,short,object,final,8,1,the,2.5676872730255127
critical,36,unambiguous,short,object,final,8,2,musician,16.00542640686035
critical,36,unambiguous,short,object,final,8,3,played,10.19819164276123
critical,36,unambiguous,short,object,final,8,4,the,2.6006197929382324
critical,36,unambiguous,short,object,final,8,5,piano,6.205772399902344
critical,36,unambiguous,short,object,final,8,6,the,8.359952926635742
critical,36,unambiguous,short,object,final,8,7,song,6.009585380554199
critical,36,unambiguous,short,object,final,8,8,crescendoed.,26.856281220912933
critical,36,unambiguous,short,object,nonfinal,8,0,As,18.901031494140625
critical,36,unambiguous,short,object,nonfinal,8,1,the,2.5676872730255127
critical,36,unambiguous,short,object,nonfinal,8,2,musician,16.00542640686035
critical,36,unambiguous,short,object,nonfinal,8,3,played,10.19819164276123
critical,36,unambiguous,short,object,nonfinal,8,4,the,2.6006197929382324
critical,36,unambiguous,short,object,nonfinal,8,5,piano,6.205772399902344
critical,36,unambiguous,short,object,nonfinal,8,6,the,8.359952926635742
critical,36,unambiguous,short,object,nonfinal,8,7,song,6.009585380554199
critical,36,unambiguous,short,object,nonfinal,8,8,crescendoed,24.31501048803329
critical,36,unambiguous,short,object,nonfinal,8,9,to,3.4658493995666504
critical,36,unambiguous,short,object,nonfinal,8,10,a,2.9582996368408203
critical,36,unambiguous,short,object,nonfinal,8,11,dramatic,9.187847137451172
critical,36,unambiguous,short,object,nonfinal,8,12,climax.,3.119264543056488
critical,36,unambiguous,long,object,final,10,0,As,18.901031494140625
critical,36,unambiguous,long,object,final,10,1,the,2.5676872730255127
critical,36,unambiguous,long,object,final,10,2,musician,16.00542640686035
critical,36,unambiguous,long,object,final,10,3,played,10.19819164276123
critical,36,unambiguous,long,object,final,10,4,the,2.6006197929382324
critical,36,unambiguous,long,object,final,10,5,piano,6.205772399902344
critical,36,unambiguous,long,object,final,10,6,the,8.359952926635742
critical,36,unambiguous,long,object,final,10,7,song,6.009585380554199
critical,36,unambiguous,long,object,final,10,8,of,4.224532127380371
critical,36,unambiguous,long,object,final,10,9,mourning,13.459576606750488
critical,36,unambiguous,long,object,final,10,10,crescendoed.,29.14800477027893
critical,36,unambiguous,long,object,nonfinal,10,0,As,18.901031494140625
critical,36,unambiguous,long,object,nonfinal,10,1,the,2.5676872730255127
critical,36,unambiguous,long,object,nonfinal,10,2,musician,16.00542640686035
critical,36,unambiguous,long,object,nonfinal,10,3,played,10.19819164276123
critical,36,unambiguous,long,object,nonfinal,10,4,the,2.6006197929382324
critical,36,unambiguous,long,object,nonfinal,10,5,piano,6.205772399902344
critical,36,unambiguous,long,object,nonfinal,10,6,the,8.359952926635742
critical,36,unambiguous,long,object,nonfinal,10,7,song,6.009585380554199
critical,36,unambiguous,long,object,nonfinal,10,8,of,4.224532127380371
critical,36,unambiguous,long,object,nonfinal,10,9,mourning,13.459576606750488
critical,36,unambiguous,long,object,nonfinal,10,10,crescendoed,25.80367136001587
critical,36,unambiguous,long,object,nonfinal,10,11,to,4.187725067138672
critical,36,unambiguous,long,object,nonfinal,10,12,a,4.456293106079102
critical,36,unambiguous,long,object,nonfinal,10,13,dramatic,10.868995666503906
critical,36,unambiguous,long,object,nonfinal,10,14,climax.,3.278292000293732
