item_category,item,ambiguity,length,resolution,finality,critical_word_index,word_index,word,surprisal
critical,1,ambiguous,long,,final,8,0,As,18.927881240844727
critical,1,ambiguous,long,,final,8,1,the,3.407918691635132
critical,1,ambiguous,long,,final,8,2,professor,15.210840225219728
critical,1,ambiguous,long,,final,8,3,wrote,9.697158813476562
critical,1,ambiguous,long,,final,8,4,the,7.237083435058594
critical,1,ambiguous,long,,final,8,5,textbook,7.314752101898193
critical,1,ambiguous,long,,final,8,6,on,3.969909906387329
critical,1,ambiguous,long,,final,8,7,biology,9.521876335144045
critical,1,ambiguous,long,,final,8,8,grew.,25.46186876296997
critical,1,ambiguous,short,,final,6,0,As,18.927881240844727
critical,1,ambiguous,short,,final,6,1,the,3.407918691635132
critical,1,ambiguous,short,,final,6,2,professor,15.210840225219728
critical,1,ambiguous,short,,final,6,3,wrote,9.697158813476562
critical,1,ambiguous,short,,final,6,4,the,7.237083435058594
critical,1,ambiguous,short,,final,6,5,textbook,7.314752101898193
critical,1,ambiguous,short,,final,6,6,grew.,21.795433044433597
critical,1,unambiguous,long,comma,final,8,0,As,18.927881240844727
critical,1,unambiguous,long,comma,final,8,1,the,3.407918691635132
critical,1,unambiguous,long,comma,final,8,2,professor,15.210840225219728
critical,1,unambiguous,long,comma,final,8,3,"wrote,",11.120275378227234
critical,1,unambiguous,long,comma,final,8,4,the,3.17158842086792
critical,1,unambiguous,long,comma,final,8,5,textbook,10.965484619140623
critical,1,unambiguous,long,comma,final,8,6,on,7.647282600402832
critical,1,unambiguous,long,comma,final,8,7,biology,8.888592720031738
critical,1,unambiguous,long,comma,final,8,8,grew.,21.08991241455078
critical,1,unambiguous,short,comma,final,6,0,As,18.927881240844727
critical,1,unambiguous,short,comma,final,6,1,the,3.407918691635132
critical,1,unambiguous,short,comma,final,6,2,professor,15.210840225219728
critical,1,unambiguous,short,comma,final,6,3,"wrote,",11.120275378227234
critical,1,unambiguous,short,comma,final,6,4,the,3.17158842086792
critical,1,unambiguous,short,comma,final,6,5,textbook,10.965484619140623
critical,1,unambiguous,short,comma,final,6,6,grew.,19.82145643234253
critical,1,unambiguous,long,object,final,11,0,As,18.927881240844727
critical,1,unambiguous,long,object,final,11,1,the,3.407918691635132
critical,1,unambiguous,long,object,final,11,2,professor,15.210840225219728
critical,1,unambiguous,long,object,final,11,3,wrote,9.697158813476562
critical,1,unambiguous,long,object,final,11,4,the,7.237083435058594
critical,1,unambiguous,long,object,final,11,5,new,8.809418678283691
critical,1,unambiguous,long,object,final,11,6,chapter,5.599875926971436
critical,1,unambiguous,long,object,final,11,7,the,7.812541484832764
critical,1,unambiguous,long,object,final,11,8,textbook,9.584805488586426
critical,1,unambiguous,long,object,final,11,9,on,8.159280776977539
critical,1,unambiguous,long,object,final,11,10,biology,8.89168930053711
critical,1,unambiguous,long,object,final,11,11,grew.,17.875718116760254
critical,1,unambiguous,short,object,final,9,0,As,18.927881240844727
critical,1,unambiguous,short,object,final,9,1,the,3.407918691635132
critical,1,unambiguous,short,object,final,9,2,professor,15.210840225219728
critical,1,unambiguous,short,object,final,9,3,wrote,9.697158813476562
critical,1,unambiguous,short,object,final,9,4,the,7.237083435058594
critical,1,unambiguous,short,object,final,9,5,new,8.809418678283691
critical,1,unambiguous,short,object,final,9,6,chapter,5.599875926971436
critical,1,unambiguous,short,object,final,9,7,the,7.812541484832764
critical,1,unambiguous,short,object,final,9,8,textbook,9.584805488586426
critical,1,unambiguous,short,object,final,9,9,grew.,18.181430339813232
critical,1,ambiguous,long,,nonfinal,8,0,As,18.927881240844727
critical,1,ambiguous,long,,nonfinal,8,1,the,3.407918691635132
critical,1,ambiguous,long,,nonfinal,8,2,professor,15.210840225219728
critical,1,ambiguous,long,,nonfinal,8,3,wrote,9.697158813476562
critical,1,ambiguous,long,,nonfinal,8,4,the,7.237083435058594
critical,1,ambiguous,long,,nonfinal,8,5,textbook,7.314752101898193
critical,1,ambiguous,long,,nonfinal,8,6,on,3.969909906387329
critical,1,ambiguous,long,,nonfinal,8,7,biology,9.521876335144045
critical,1,ambiguous,long,,nonfinal,8,8,grew,20.12607955932617
critical,1,ambiguous,long,,nonfinal,8,9,much,9.396217346191406
critical,1,ambiguous,long,,nonfinal,8,10,longer,4.433536529541016
critical,1,ambiguous,long,,nonfinal,8,11,than,2.713196992874145
critical,1,ambiguous,long,,nonfinal,8,12,expected.,4.966832876205444
critical,1,ambiguous,short,,nonfinal,6,0,As,18.927881240844727
critical,1,ambiguous,short,,nonfinal,6,1,the,3.407918691635132
critical,1,ambiguous,short,,nonfinal,6,2,professor,15.210840225219728
critical,1,ambiguous,short,,nonfinal,6,3,wrote,9.697158813476562
critical,1,ambiguous,short,,nonfinal,6,4,the,7.237083435058594
critical,1,ambiguous,short,,nonfinal,6,5,textbook,7.314752101898193
critical,1,ambiguous,short,,nonfinal,6,6,grew,16.59760856628418
critical,1,ambiguous,short,,nonfinal,6,7,much,9.726481437683104
critical,1,ambiguous,short,,nonfinal,6,8,longer,4.582520484924316
critical,1,ambiguous,short,,nonfinal,6,9,than,2.479407787322998
critical,1,ambiguous,short,,nonfinal,6,10,expected.,4.763293385505676
critical,1,unambiguous,long,comma,nonfinal,8,0,As,18.927881240844727
critical,1,unambiguous,long,comma,nonfinal,8,1,the,3.407918691635132
critical,1,unambiguous,long,comma,nonfinal,8,2,professor,15.210840225219728
critical,1,unambiguous,long,comma,nonfinal,8,3,"wrote,",11.120275378227234
critical,1,unambiguous,long,comma,nonfinal,8,4,the,3.17158842086792
critical,1,unambiguous,long,comma,nonfinal,8,5,textbook,10.965484619140623
critical,1,unambiguous,long,comma,nonfinal,8,6,on,7.647282600402832
critical,1,unambiguous,long,comma,nonfinal,8,7,biology,8.888592720031738
critical,1,unambiguous,long,comma,nonfinal,8,8,grew,12.256484985351562
critical,1,unambiguous,long,comma,nonfinal,8,9,much,9.152442932128906
critical,1,unambiguous,long,comma,nonfinal,8,10,longer,3.948808193206787
critical,1,unambiguous,long,comma,nonfinal,8,11,than,1.5920804738998413
critical,1,unambiguous,long,comma,nonfinal,8,12,expected.,6.5057982206344604
critical,1,unambiguous,short,comma,nonfinal,6,0,As,18.927881240844727
critical,1,unambiguous,short,comma,nonfinal,6,1,the,3.407918691635132
critical,1,unambiguous,short,comma,nonfinal,6,2,professor,15.210840225219728
critical,1,unambiguous,short,comma,nonfinal,6,3,"wrote,",11.120275378227234
critical,1,unambiguous,short,comma,nonfinal,6,4,the,3.17158842086792
critical,1,unambiguous,short,comma,nonfinal,6,5,textbook,10.965484619140623
critical,1,unambiguous,short,comma,nonfinal,6,6,grew,12.22723388671875
critical,1,unambiguous,short,comma,nonfinal,6,7,much,9.68032169342041
critical,1,unambiguous,short,comma,nonfinal,6,8,longer,4.194969177246094
critical,1,unambiguous,short,comma,nonfinal,6,9,than,1.7430235147476196
critical,1,unambiguous,short,comma,nonfinal,6,10,expected.,6.075547218322754
critical,1,unambiguous,long,object,nonfinal,11,0,As,18.927881240844727
critical,1,unambiguous,long,object,nonfinal,11,1,the,3.407918691635132
critical,1,unambiguous,long,object,nonfinal,11,2,professor,15.210840225219728
critical,1,unambiguous,long,object,nonfinal,11,3,wrote,9.697158813476562
critical,1,unambiguous,long,object,nonfinal,11,4,the,7.237083435058594
critical,1,unambiguous,long,object,nonfinal,11,5,new,8.809418678283691
critical,1,unambiguous,long,object,nonfinal,11,6,chapter,5.599875926971436
critical,1,unambiguous,long,object,nonfinal,11,7,the,7.812541484832764
critical,1,unambiguous,long,object,nonfinal,11,8,textbook,9.584805488586426
critical,1,unambiguous,long,object,nonfinal,11,9,on,8.159280776977539
critical,1,unambiguous,long,object,nonfinal,11,10,biology,8.89168930053711
critical,1,unambiguous,long,object,nonfinal,11,11,grew,12.976686477661133
critical,1,unambiguous,long,object,nonfinal,11,12,much,9.199566841125488
critical,1,unambiguous,long,object,nonfinal,11,13,longer,3.3151209354400635
critical,1,unambiguous,long,object,nonfinal,11,14,than,2.0392134189605717
critical,1,unambiguous,long,object,nonfinal,11,15,expected.,4.552372455596924
critical,1,unambiguous,short,object,nonfinal,9,0,As,18.927881240844727
critical,1,unambiguous,short,object,nonfinal,9,1,the,3.407918691635132
critical,1,unambiguous,short,object,nonfinal,9,2,professor,15.210840225219728
critical,1,unambiguous,short,object,nonfinal,9,3,wrote,9.697158813476562
critical,1,unambiguous,short,object,nonfinal,9,4,the,7.237083435058594
critical,1,unambiguous,short,object,nonfinal,9,5,new,8.809418678283691
critical,1,unambiguous,short,object,nonfinal,9,6,chapter,5.599875926971436
critical,1,unambiguous,short,object,nonfinal,9,7,the,7.812541484832764
critical,1,unambiguous,short,object,nonfinal,9,8,textbook,9.584805488586426
critical,1,unambiguous,short,object,nonfinal,9,9,grew,13.33001708984375
critical,1,unambiguous,short,object,nonfinal,9,10,much,9.23963451385498
critical,1,unambiguous,short,object,nonfinal,9,11,longer,4.592514514923096
critical,1,unambiguous,short,object,nonfinal,9,12,than,2.3251023292541504
critical,1,unambiguous,short,object,nonfinal,9,13,expected.,4.750778436660767
critical,2,ambiguous,long,,final,8,0,While,22.071142196655277
critical,2,ambiguous,long,,final,8,1,the,2.8811771869659424
critical,2,ambiguous,long,,final,8,2,mom,14.72856330871582
critical,2,ambiguous,long,,final,8,3,dressed,12.41756820678711
critical,2,ambiguous,long,,final,8,4,the,3.97955322265625
critical,2,ambiguous,long,,final,8,5,baby,3.2116355895996094
critical,2,ambiguous,long,,final,8,6,fidgeting,24.28693270683289
critical,2,ambiguous,long,,final,8,7,restlessly,12.337538100779057
critical,2,ambiguous,long,,final,8,8,cried.,21.56227302551269
critical,2,ambiguous,short,,final,6,0,While,22.071142196655277
critical,2,ambiguous,short,,final,6,1,the,2.8811771869659424
critical,2,ambiguous,short,,final,6,2,mom,14.72856330871582
critical,2,ambiguous,short,,final,6,3,dressed,12.41756820678711
critical,2,ambiguous,short,,final,6,4,the,3.97955322265625
critical,2,ambiguous,short,,final,6,5,baby,3.2116355895996094
critical,2,ambiguous,short,,final,6,6,cried.,21.75107979774475
critical,2,unambiguous,long,comma,final,8,0,While,22.071142196655277
critical,2,unambiguous,long,comma,final,8,1,the,2.8811771869659424
critical,2,unambiguous,long,comma,final,8,2,mom,14.72856330871582
critical,2,unambiguous,long,comma,final,8,3,"dressed,",21.47487163543701
critical,2,unambiguous,long,comma,final,8,4,the,1.7664448022842407
critical,2,unambiguous,long,comma,final,8,5,baby,5.043667793273926
critical,2,unambiguous,long,comma,final,8,6,fidgeting,21.133442282676697
critical,2,unambiguous,long,comma,final,8,7,restlessly,13.174374878406525
critical,2,unambiguous,long,comma,final,8,8,cried.,13.728361129760742
critical,2,unambiguous,short,comma,final,6,0,While,22.071142196655277
critical,2,unambiguous,short,comma,final,6,1,the,2.8811771869659424
critical,2,unambiguous,short,comma,final,6,2,mom,14.72856330871582
critical,2,unambiguous,short,comma,final,6,3,"dressed,",21.47487163543701
critical,2,unambiguous,short,comma,final,6,4,the,1.7664448022842407
critical,2,unambiguous,short,comma,final,6,5,baby,5.043667793273926
critical,2,unambiguous,short,comma,final,6,6,cried.,6.884475231170654
critical,2,unambiguous,long,object,final,9,0,While,22.071142196655277
critical,2,unambiguous,long,object,final,9,1,the,2.8811771869659424
critical,2,unambiguous,long,object,final,9,2,mom,14.72856330871582
critical,2,unambiguous,long,object,final,9,3,dressed,12.41756820678711
critical,2,unambiguous,long,object,final,9,4,herself,5.7795844078063965
critical,2,unambiguous,long,object,final,9,5,the,8.724095344543457
critical,2,unambiguous,long,object,final,9,6,baby,7.4304938316345215
critical,2,unambiguous,long,object,final,9,7,fidgeting,22.862287044525143
critical,2,unambiguous,long,object,final,9,8,restlessly,10.211088180541992
critical,2,unambiguous,long,object,final,9,9,cried.,14.920862197875977
critical,2,unambiguous,short,object,final,7,0,While,22.071142196655277
critical,2,unambiguous,short,object,final,7,1,the,2.8811771869659424
critical,2,unambiguous,short,object,final,7,2,mom,14.72856330871582
critical,2,unambiguous,short,object,final,7,3,dressed,12.41756820678711
critical,2,unambiguous,short,object,final,7,4,herself,5.7795844078063965
critical,2,unambiguous,short,object,final,7,5,the,8.724095344543457
critical,2,unambiguous,short,object,final,7,6,baby,7.4304938316345215
critical,2,unambiguous,short,object,final,7,7,cried.,10.884960412979126
critical,2,ambiguous,long,,nonfinal,8,0,While,22.071142196655277
critical,2,ambiguous,long,,nonfinal,8,1,the,2.8811771869659424
critical,2,ambiguous,long,,nonfinal,8,2,mom,14.72856330871582
critical,2,ambiguous,long,,nonfinal,8,3,dressed,12.41756820678711
critical,2,ambiguous,long,,nonfinal,8,4,the,3.97955322265625
critical,2,ambiguous,long,,nonfinal,8,5,baby,3.2116355895996094
critical,2,ambiguous,long,,nonfinal,8,6,fidgeting,24.28693270683289
critical,2,ambiguous,long,,nonfinal,8,7,restlessly,12.337538100779057
critical,2,ambiguous,long,,nonfinal,8,8,cried,17.469318389892578
critical,2,ambiguous,long,,nonfinal,8,9,loudly,6.775290966033936
critical,2,ambiguous,long,,nonfinal,8,10,in,3.854175090789795
critical,2,ambiguous,long,,nonfinal,8,11,her,2.878788709640503
critical,2,ambiguous,long,,nonfinal,8,12,crib.,6.144676076248288
critical,2,ambiguous,short,,nonfinal,6,0,While,22.071142196655277
critical,2,ambiguous,short,,nonfinal,6,1,the,2.8811771869659424
critical,2,ambiguous,short,,nonfinal,6,2,mom,14.72856330871582
critical,2,ambiguous,short,,nonfinal,6,3,dressed,12.41756820678711
critical,2,ambiguous,short,,nonfinal,6,4,the,3.97955322265625
critical,2,ambiguous,short,,nonfinal,6,5,baby,3.2116355895996094
critical,2,ambiguous,short,,nonfinal,6,6,cried,18.819942474365234
critical,2,ambiguous,short,,nonfinal,6,7,loudly,6.256779670715332
critical,2,ambiguous,short,,nonfinal,6,8,in,4.667830467224121
critical,2,ambiguous,short,,nonfinal,6,9,her,3.442542314529419
critical,2,ambiguous,short,,nonfinal,6,10,crib.,6.175339643843472
critical,2,unambiguous,long,comma,nonfinal,8,0,While,22.071142196655277
critical,2,unambiguous,long,comma,nonfinal,8,1,the,2.8811771869659424
critical,2,unambiguous,long,comma,nonfinal,8,2,mom,14.72856330871582
critical,2,unambiguous,long,comma,nonfinal,8,3,"dressed,",21.47487163543701
critical,2,unambiguous,long,comma,nonfinal,8,4,the,1.7664448022842407
critical,2,unambiguous,long,comma,nonfinal,8,5,baby,5.043667793273926
critical,2,unambiguous,long,comma,nonfinal,8,6,fidgeting,21.133442282676697
critical,2,unambiguous,long,comma,nonfinal,8,7,restlessly,13.174374878406525
critical,2,unambiguous,long,comma,nonfinal,8,8,cried,11.421854972839355
critical,2,unambiguous,long,comma,nonfinal,8,9,loudly,6.334492206573486
critical,2,unambiguous,long,comma,nonfinal,8,10,in,3.4146454334259038
critical,2,unambiguous,long,comma,nonfinal,8,11,her,2.394270896911621
critical,2,unambiguous,long,comma,nonfinal,8,12,crib.,4.168216882273555
critical,2,unambiguous,short,comma,nonfinal,6,0,While,22.071142196655277
critical,2,unambiguous,short,comma,nonfinal,6,1,the,2.8811771869659424
critical,2,unambiguous,short,comma,nonfinal,6,2,mom,14.72856330871582
critical,2,unambiguous,short,comma,nonfinal,6,3,"dressed,",21.47487163543701
critical,2,unambiguous,short,comma,nonfinal,6,4,the,1.7664448022842407
critical,2,unambiguous,short,comma,nonfinal,6,5,baby,5.043667793273926
critical,2,unambiguous,short,comma,nonfinal,6,6,cried,4.775267601013184
critical,2,unambiguous,short,comma,nonfinal,6,7,loudly,7.145108699798584
critical,2,unambiguous,short,comma,nonfinal,6,8,in,4.72836971282959
critical,2,unambiguous,short,comma,nonfinal,6,9,her,3.1944868564605717
critical,2,unambiguous,short,comma,nonfinal,6,10,crib.,4.639036593027413
critical,2,unambiguous,long,object,nonfinal,9,0,While,22.071142196655277
critical,2,unambiguous,long,object,nonfinal,9,1,the,2.8811771869659424
critical,2,unambiguous,long,object,nonfinal,9,2,mom,14.72856330871582
critical,2,unambiguous,long,object,nonfinal,9,3,dressed,12.41756820678711
critical,2,unambiguous,long,object,nonfinal,9,4,herself,5.7795844078063965
critical,2,unambiguous,long,object,nonfinal,9,5,the,8.724095344543457
critical,2,unambiguous,long,object,nonfinal,9,6,baby,7.4304938316345215
critical,2,unambiguous,long,object,nonfinal,9,7,fidgeting,22.862287044525143
critical,2,unambiguous,long,object,nonfinal,9,8,restlessly,10.211088180541992
critical,2,unambiguous,long,object,nonfinal,9,9,cried,12.011133193969728
critical,2,unambiguous,long,object,nonfinal,9,10,loudly,5.988748073577881
critical,2,unambiguous,long,object,nonfinal,9,11,in,4.288904666900635
critical,2,unambiguous,long,object,nonfinal,9,12,her,2.49086332321167
critical,2,unambiguous,long,object,nonfinal,9,13,crib.,3.904110721778125
critical,2,unambiguous,short,object,nonfinal,7,0,While,22.071142196655277
critical,2,unambiguous,short,object,nonfinal,7,1,the,2.8811771869659424
critical,2,unambiguous,short,object,nonfinal,7,2,mom,14.72856330871582
critical,2,unambiguous,short,object,nonfinal,7,3,dressed,12.41756820678711
critical,2,unambiguous,short,object,nonfinal,7,4,herself,5.7795844078063965
critical,2,unambiguous,short,object,nonfinal,7,5,the,8.724095344543457
critical,2,unambiguous,short,object,nonfinal,7,6,baby,7.4304938316345215
critical,2,unambiguous,short,object,nonfinal,7,7,cried,8.55341911315918
critical,2,unambiguous,short,object,nonfinal,7,8,loudly,5.565886974334717
critical,2,unambiguous,short,object,nonfinal,7,9,in,5.450047492980957
critical,2,unambiguous,short,object,nonfinal,7,10,her,2.7302136421203613
critical,2,unambiguous,short,object,nonfinal,7,11,crib.,4.641690737102181
critical,3,ambiguous,long,,final,10,0,When,20.04004669189453
critical,3,ambiguous,long,,final,10,1,the,4.025614261627197
critical,3,ambiguous,long,,final,10,2,stern,16.61109161376953
critical,3,ambiguous,long,,final,10,3,boss,11.185110092163086
critical,3,ambiguous,long,,final,10,4,entered,12.445303916931152
critical,3,ambiguous,long,,final,10,5,the,0.7244088053703308
critical,3,ambiguous,long,,final,10,6,office,4.713532447814941
critical,3,ambiguous,long,,final,10,7,bustling,17.806393325328827
critical,3,ambiguous,long,,final,10,8,with,0.6108121871948242
critical,3,ambiguous,long,,final,10,9,activity,4.092785358428955
critical,3,ambiguous,long,,final,10,10,quieted.,23.42049703001976
critical,3,ambiguous,short,,final,7,0,When,20.04004669189453
critical,3,ambiguous,short,,final,7,1,the,4.025614261627197
critical,3,ambiguous,short,,final,7,2,stern,16.61109161376953
critical,3,ambiguous,short,,final,7,3,boss,11.185110092163086
critical,3,ambiguous,short,,final,7,4,entered,12.445303916931152
critical,3,ambiguous,short,,final,7,5,the,0.7244088053703308
critical,3,ambiguous,short,,final,7,6,office,4.713532447814941
critical,3,ambiguous,short,,final,7,7,quieted.,31.47111320495605
critical,3,unambiguous,long,comma,final,10,0,When,20.04004669189453
critical,3,unambiguous,long,comma,final,10,1,the,4.025614261627197
critical,3,unambiguous,long,comma,final,10,2,stern,16.61109161376953
critical,3,unambiguous,long,comma,final,10,3,boss,11.185110092163086
critical,3,unambiguous,long,comma,final,10,4,"entered,",16.04058051109314
critical,3,unambiguous,long,comma,final,10,5,the,2.1834709644317627
critical,3,unambiguous,long,comma,final,10,6,office,9.257878303527832
critical,3,unambiguous,long,comma,final,10,7,bustling,16.022743225097656
critical,3,unambiguous,long,comma,final,10,8,with,0.5364510416984558
critical,3,unambiguous,long,comma,final,10,9,activity,2.2262425422668457
critical,3,unambiguous,long,comma,final,10,10,quieted.,19.29440720379353
critical,3,unambiguous,short,comma,final,7,0,When,20.04004669189453
critical,3,unambiguous,short,comma,final,7,1,the,4.025614261627197
critical,3,unambiguous,short,comma,final,7,2,stern,16.61109161376953
critical,3,unambiguous,short,comma,final,7,3,boss,11.185110092163086
critical,3,unambiguous,short,comma,final,7,4,"entered,",16.04058051109314
critical,3,unambiguous,short,comma,final,7,5,the,2.1834709644317627
critical,3,unambiguous,short,comma,final,7,6,office,9.257878303527832
critical,3,unambiguous,short,comma,final,7,7,quieted.,16.479142904281616
critical,3,unambiguous,long,object,final,12,0,When,20.04004669189453
critical,3,unambiguous,long,object,final,12,1,the,4.025614261627197
critical,3,unambiguous,long,object,final,12,2,stern,16.61109161376953
critical,3,unambiguous,long,object,final,12,3,boss,11.185110092163086
critical,3,unambiguous,long,object,final,12,4,entered,12.445303916931152
critical,3,unambiguous,long,object,final,12,5,the,0.7244088053703308
critical,3,unambiguous,long,object,final,12,6,room,1.8685295581817627
critical,3,unambiguous,long,object,final,12,7,the,5.824023246765137
critical,3,unambiguous,long,object,final,12,8,office,8.644365310668945
critical,3,unambiguous,long,object,final,12,9,bustling,14.96391248703003
critical,3,unambiguous,long,object,final,12,10,with,0.5435532331466675
critical,3,unambiguous,long,object,final,12,11,activity,2.20215106010437
critical,3,unambiguous,long,object,final,12,12,quieted.,17.972383320331573
critical,3,unambiguous,short,object,final,9,0,When,20.04004669189453
critical,3,unambiguous,short,object,final,9,1,the,4.025614261627197
critical,3,unambiguous,short,object,final,9,2,stern,16.61109161376953
critical,3,unambiguous,short,object,final,9,3,boss,11.185110092163086
critical,3,unambiguous,short,object,final,9,4,entered,12.445303916931152
critical,3,unambiguous,short,object,final,9,5,the,0.7244088053703308
critical,3,unambiguous,short,object,final,9,6,room,1.8685295581817627
critical,3,unambiguous,short,object,final,9,7,the,5.824023246765137
critical,3,unambiguous,short,object,final,9,8,office,8.644365310668945
critical,3,unambiguous,short,object,final,9,9,quieted.,18.36355447769165
critical,3,ambiguous,long,,nonfinal,10,0,When,20.04004669189453
critical,3,ambiguous,long,,nonfinal,10,1,the,4.025614261627197
critical,3,ambiguous,long,,nonfinal,10,2,stern,16.61109161376953
critical,3,ambiguous,long,,nonfinal,10,3,boss,11.185110092163086
critical,3,ambiguous,long,,nonfinal,10,4,entered,12.445303916931152
critical,3,ambiguous,long,,nonfinal,10,5,the,0.7244088053703308
critical,3,ambiguous,long,,nonfinal,10,6,office,4.713532447814941
critical,3,ambiguous,long,,nonfinal,10,7,bustling,17.806393325328827
critical,3,ambiguous,long,,nonfinal,10,8,with,0.6108121871948242
critical,3,ambiguous,long,,nonfinal,10,9,activity,4.092785358428955
critical,3,ambiguous,long,,nonfinal,10,10,quieted,19.307571977376934
critical,3,ambiguous,long,,nonfinal,10,11,down,1.2357338666915894
critical,3,ambiguous,long,,nonfinal,10,12,quickly.,10.036959648132324
critical,3,ambiguous,short,,nonfinal,7,0,When,20.04004669189453
critical,3,ambiguous,short,,nonfinal,7,1,the,4.025614261627197
critical,3,ambiguous,short,,nonfinal,7,2,stern,16.61109161376953
critical,3,ambiguous,short,,nonfinal,7,3,boss,11.185110092163086
critical,3,ambiguous,short,,nonfinal,7,4,entered,12.445303916931152
critical,3,ambiguous,short,,nonfinal,7,5,the,0.7244088053703308
critical,3,ambiguous,short,,nonfinal,7,6,office,4.713532447814941
critical,3,ambiguous,short,,nonfinal,7,7,quieted,23.785032749176025
critical,3,ambiguous,short,,nonfinal,7,8,down,2.7939915657043457
critical,3,ambiguous,short,,nonfinal,7,9,quickly.,9.555354595184326
critical,3,unambiguous,long,comma,nonfinal,10,0,When,20.04004669189453
critical,3,unambiguous,long,comma,nonfinal,10,1,the,4.025614261627197
critical,3,unambiguous,long,comma,nonfinal,10,2,stern,16.61109161376953
critical,3,unambiguous,long,comma,nonfinal,10,3,boss,11.185110092163086
critical,3,unambiguous,long,comma,nonfinal,10,4,"entered,",16.04058051109314
critical,3,unambiguous,long,comma,nonfinal,10,5,the,2.1834709644317627
critical,3,unambiguous,long,comma,nonfinal,10,6,office,9.257878303527832
critical,3,unambiguous,long,comma,nonfinal,10,7,bustling,16.022743225097656
critical,3,unambiguous,long,comma,nonfinal,10,8,with,0.5364510416984558
critical,3,unambiguous,long,comma,nonfinal,10,9,activity,2.2262425422668457
critical,3,unambiguous,long,comma,nonfinal,10,10,quieted,17.005761221051216
critical,3,unambiguous,long,comma,nonfinal,10,11,down,1.4045395851135254
critical,3,unambiguous,long,comma,nonfinal,10,12,quickly.,7.344232738018036
critical,3,unambiguous,short,comma,nonfinal,7,0,When,20.04004669189453
critical,3,unambiguous,short,comma,nonfinal,7,1,the,4.025614261627197
critical,3,unambiguous,short,comma,nonfinal,7,2,stern,16.61109161376953
critical,3,unambiguous,short,comma,nonfinal,7,3,boss,11.185110092163086
critical,3,unambiguous,short,comma,nonfinal,7,4,"entered,",16.04058051109314
critical,3,unambiguous,short,comma,nonfinal,7,5,the,2.1834709644317627
critical,3,unambiguous,short,comma,nonfinal,7,6,office,9.257878303527832
critical,3,unambiguous,short,comma,nonfinal,7,7,quieted,14.043733835220335
critical,3,unambiguous,short,comma,nonfinal,7,8,down,1.0310345888137815
critical,3,unambiguous,short,comma,nonfinal,7,9,quickly.,8.63420182466507
critical,3,unambiguous,long,object,nonfinal,12,0,When,20.04004669189453
critical,3,unambiguous,long,object,nonfinal,12,1,the,4.025614261627197
critical,3,unambiguous,long,object,nonfinal,12,2,stern,16.61109161376953
critical,3,unambiguous,long,object,nonfinal,12,3,boss,11.185110092163086
critical,3,unambiguous,long,object,nonfinal,12,4,entered,12.445303916931152
critical,3,unambiguous,long,object,nonfinal,12,5,the,0.7244088053703308
critical,3,unambiguous,long,object,nonfinal,12,6,room,1.8685295581817627
critical,3,unambiguous,long,object,nonfinal,12,7,the,5.824023246765137
critical,3,unambiguous,long,object,nonfinal,12,8,office,8.644365310668945
critical,3,unambiguous,long,object,nonfinal,12,9,bustling,14.96391248703003
critical,3,unambiguous,long,object,nonfinal,12,10,with,0.5435532331466675
critical,3,unambiguous,long,object,nonfinal,12,11,activity,2.20215106010437
critical,3,unambiguous,long,object,nonfinal,12,12,quieted,15.2846537232399
critical,3,unambiguous,long,object,nonfinal,12,13,down,1.7312612533569336
critical,3,unambiguous,long,object,nonfinal,12,14,quickly.,7.614639043807983
critical,3,unambiguous,short,object,nonfinal,9,0,When,20.04004669189453
critical,3,unambiguous,short,object,nonfinal,9,1,the,4.025614261627197
critical,3,unambiguous,short,object,nonfinal,9,2,stern,16.61109161376953
critical,3,unambiguous,short,object,nonfinal,9,3,boss,11.185110092163086
critical,3,unambiguous,short,object,nonfinal,9,4,entered,12.445303916931152
critical,3,unambiguous,short,object,nonfinal,9,5,the,0.7244088053703308
critical,3,unambiguous,short,object,nonfinal,9,6,room,1.8685295581817627
critical,3,unambiguous,short,object,nonfinal,9,7,the,5.824023246765137
critical,3,unambiguous,short,object,nonfinal,9,8,office,8.644365310668945
critical,3,unambiguous,short,object,nonfinal,9,9,quieted,15.449853420257568
critical,3,unambiguous,short,object,nonfinal,9,10,down,1.107235312461853
critical,3,unambiguous,short,object,nonfinal,9,11,quickly.,8.847172737121582
critical,4,ambiguous,long,,final,8,0,After,20.94694709777832
critical,4,ambiguous,long,,final,8,1,the,3.189217329025269
critical,4,ambiguous,long,,final,8,2,politician,16.754365921020508
critical,4,ambiguous,long,,final,8,3,signed,11.893078804016112
critical,4,ambiguous,long,,final,8,4,the,1.4721261262893677
critical,4,ambiguous,long,,final,8,5,bill,1.5187209844589231
critical,4,ambiguous,long,,final,8,6,increasing,12.701905250549316
critical,4,ambiguous,long,,final,8,7,taxes,6.159566879272461
critical,4,ambiguous,long,,final,8,8,passed.,21.643465042114254
critical,4,ambiguous,short,,final,6,0,After,20.94694709777832
critical,4,ambiguous,short,,final,6,1,the,3.189217329025269
critical,4,ambiguous,short,,final,6,2,politician,16.754365921020508
critical,4,ambiguous,short,,final,6,3,signed,11.893078804016112
critical,4,ambiguous,short,,final,6,4,the,1.4721261262893677
critical,4,ambiguous,short,,final,6,5,bill,1.5187209844589231
critical,4,ambiguous,short,,final,6,6,passed.,15.66292953491211
critical,4,unambiguous,long,comma,final,8,0,After,20.94694709777832
critical,4,unambiguous,long,comma,final,8,1,the,3.189217329025269
critical,4,unambiguous,long,comma,final,8,2,politician,16.754365921020508
critical,4,unambiguous,long,comma,final,8,3,"signed,",16.985339164733887
critical,4,unambiguous,long,comma,final,8,4,the,1.9955284595489504
critical,4,unambiguous,long,comma,final,8,5,bill,6.595179557800293
critical,4,unambiguous,long,comma,final,8,6,increasing,18.113279342651367
critical,4,unambiguous,long,comma,final,8,7,taxes,5.836169242858887
critical,4,unambiguous,long,comma,final,8,8,passed.,11.328404903411863
critical,4,unambiguous,short,comma,final,6,0,After,20.94694709777832
critical,4,unambiguous,short,comma,final,6,1,the,3.189217329025269
critical,4,unambiguous,short,comma,final,6,2,politician,16.754365921020508
critical,4,unambiguous,short,comma,final,6,3,"signed,",16.985339164733887
critical,4,unambiguous,short,comma,final,6,4,the,1.9955284595489504
critical,4,unambiguous,short,comma,final,6,5,bill,6.595179557800293
critical,4,unambiguous,short,comma,final,6,6,passed.,7.570976257324219
critical,4,unambiguous,long,object,final,10,0,After,20.94694709777832
critical,4,unambiguous,long,object,final,10,1,the,3.189217329025269
critical,4,unambiguous,long,object,final,10,2,politician,16.754365921020508
critical,4,unambiguous,long,object,final,10,3,signed,11.893078804016112
critical,4,unambiguous,long,object,final,10,4,the,1.4721261262893677
critical,4,unambiguous,long,object,final,10,5,legislation,6.804373741149902
critical,4,unambiguous,long,object,final,10,6,the,6.669826984405518
critical,4,unambiguous,long,object,final,10,7,bill,5.762775421142578
critical,4,unambiguous,long,object,final,10,8,increasing,17.748611450195312
critical,4,unambiguous,long,object,final,10,9,taxes,5.661539554595947
critical,4,unambiguous,long,object,final,10,10,passed.,14.702741861343384
critical,4,unambiguous,short,object,final,8,0,After,20.94694709777832
critical,4,unambiguous,short,object,final,8,1,the,3.189217329025269
critical,4,unambiguous,short,object,final,8,2,politician,16.754365921020508
critical,4,unambiguous,short,object,final,8,3,signed,11.893078804016112
critical,4,unambiguous,short,object,final,8,4,the,1.4721261262893677
critical,4,unambiguous,short,object,final,8,5,legislation,6.804373741149902
critical,4,unambiguous,short,object,final,8,6,the,6.669826984405518
critical,4,unambiguous,short,object,final,8,7,bill,5.762775421142578
critical,4,unambiguous,short,object,final,8,8,passed.,9.929946422576904
critical,4,ambiguous,long,,nonfinal,8,0,After,20.94694709777832
critical,4,ambiguous,long,,nonfinal,8,1,the,3.189217329025269
critical,4,ambiguous,long,,nonfinal,8,2,politician,16.754365921020508
critical,4,ambiguous,long,,nonfinal,8,3,signed,11.893078804016112
critical,4,ambiguous,long,,nonfinal,8,4,the,1.4721261262893677
critical,4,ambiguous,long,,nonfinal,8,5,bill,1.5187209844589231
critical,4,ambiguous,long,,nonfinal,8,6,increasing,12.701905250549316
critical,4,ambiguous,long,,nonfinal,8,7,taxes,6.159566879272461
critical,4,ambiguous,long,,nonfinal,8,8,passed,14.952518463134766
critical,4,ambiguous,long,,nonfinal,8,9,unanimously,8.35133171081543
critical,4,ambiguous,long,,nonfinal,8,10,without,9.784395217895508
critical,4,ambiguous,long,,nonfinal,8,11,amendments.,8.941531896591187
critical,4,ambiguous,short,,nonfinal,6,0,After,20.94694709777832
critical,4,ambiguous,short,,nonfinal,6,1,the,3.189217329025269
critical,4,ambiguous,short,,nonfinal,6,2,politician,16.754365921020508
critical,4,ambiguous,short,,nonfinal,6,3,signed,11.893078804016112
critical,4,ambiguous,short,,nonfinal,6,4,the,1.4721261262893677
critical,4,ambiguous,short,,nonfinal,6,5,bill,1.5187209844589231
critical,4,ambiguous,short,,nonfinal,6,6,passed,10.104640007019045
critical,4,ambiguous,short,,nonfinal,6,7,unanimously,6.572574138641357
critical,4,ambiguous,short,,nonfinal,6,8,without,9.340725898742676
critical,4,ambiguous,short,,nonfinal,6,9,amendments.,7.490267992019653
critical,4,unambiguous,long,comma,nonfinal,8,0,After,20.94694709777832
critical,4,unambiguous,long,comma,nonfinal,8,1,the,3.189217329025269
critical,4,unambiguous,long,comma,nonfinal,8,2,politician,16.754365921020508
critical,4,unambiguous,long,comma,nonfinal,8,3,"signed,",16.985339164733887
critical,4,unambiguous,long,comma,nonfinal,8,4,the,1.9955284595489504
critical,4,unambiguous,long,comma,nonfinal,8,5,bill,6.595179557800293
critical,4,unambiguous,long,comma,nonfinal,8,6,increasing,18.113279342651367
critical,4,unambiguous,long,comma,nonfinal,8,7,taxes,5.836169242858887
critical,4,unambiguous,long,comma,nonfinal,8,8,passed,8.01799488067627
critical,4,unambiguous,long,comma,nonfinal,8,9,unanimously,6.1881022453308105
critical,4,unambiguous,long,comma,nonfinal,8,10,without,7.948373317718506
critical,4,unambiguous,long,comma,nonfinal,8,11,amendments.,7.41109824180603
critical,4,unambiguous,short,comma,nonfinal,6,0,After,20.94694709777832
critical,4,unambiguous,short,comma,nonfinal,6,1,the,3.189217329025269
critical,4,unambiguous,short,comma,nonfinal,6,2,politician,16.754365921020508
critical,4,unambiguous,short,comma,nonfinal,6,3,"signed,",16.985339164733887
critical,4,unambiguous,short,comma,nonfinal,6,4,the,1.9955284595489504
critical,4,unambiguous,short,comma,nonfinal,6,5,bill,6.595179557800293
critical,4,unambiguous,short,comma,nonfinal,6,6,passed,3.950744152069092
critical,4,unambiguous,short,comma,nonfinal,6,7,unanimously,4.840285301208496
critical,4,unambiguous,short,comma,nonfinal,6,8,without,7.925734996795654
critical,4,unambiguous,short,comma,nonfinal,6,9,amendments.,6.024710178375244
critical,4,unambiguous,long,object,nonfinal,10,0,After,20.94694709777832
critical,4,unambiguous,long,object,nonfinal,10,1,the,3.189217329025269
critical,4,unambiguous,long,object,nonfinal,10,2,politician,16.754365921020508
critical,4,unambiguous,long,object,nonfinal,10,3,signed,11.893078804016112
critical,4,unambiguous,long,object,nonfinal,10,4,the,1.4721261262893677
critical,4,unambiguous,long,object,nonfinal,10,5,legislation,6.804373741149902
critical,4,unambiguous,long,object,nonfinal,10,6,the,6.669826984405518
critical,4,unambiguous,long,object,nonfinal,10,7,bill,5.762775421142578
critical,4,unambiguous,long,object,nonfinal,10,8,increasing,17.748611450195312
critical,4,unambiguous,long,object,nonfinal,10,9,taxes,5.661539554595947
critical,4,unambiguous,long,object,nonfinal,10,10,passed,11.06027603149414
critical,4,unambiguous,long,object,nonfinal,10,11,unanimously,6.176057815551758
critical,4,unambiguous,long,object,nonfinal,10,12,without,7.179737567901611
critical,4,unambiguous,long,object,nonfinal,10,13,amendments.,7.006798624992371
critical,4,unambiguous,short,object,nonfinal,8,0,After,20.94694709777832
critical,4,unambiguous,short,object,nonfinal,8,1,the,3.189217329025269
critical,4,unambiguous,short,object,nonfinal,8,2,politician,16.754365921020508
critical,4,unambiguous,short,object,nonfinal,8,3,signed,11.893078804016112
critical,4,unambiguous,short,object,nonfinal,8,4,the,1.4721261262893677
critical,4,unambiguous,short,object,nonfinal,8,5,legislation,6.804373741149902
critical,4,unambiguous,short,object,nonfinal,8,6,the,6.669826984405518
critical,4,unambiguous,short,object,nonfinal,8,7,bill,5.762775421142578
critical,4,unambiguous,short,object,nonfinal,8,8,passed,5.071673393249512
critical,4,unambiguous,short,object,nonfinal,8,9,unanimously,5.165427207946777
critical,4,unambiguous,short,object,nonfinal,8,10,without,7.214788913726807
critical,4,unambiguous,short,object,nonfinal,8,11,amendments.,6.084691166877747
critical,5,ambiguous,long,,final,9,0,While,22.071142196655277
critical,5,ambiguous,long,,final,9,1,the,2.8811771869659424
critical,5,ambiguous,long,,final,9,2,martial,17.02715301513672
critical,5,ambiguous,long,,final,9,3,artists,7.065667629241943
critical,5,ambiguous,long,,final,9,4,fought,9.846502304077148
critical,5,ambiguous,long,,final,9,5,the,3.886047124862671
critical,5,ambiguous,long,,final,9,6,spectator,13.73677933216095
critical,5,ambiguous,long,,final,9,7,watching,10.300896644592283
critical,5,ambiguous,long,,final,9,8,attentively,13.961120836436749
critical,5,ambiguous,long,,final,9,9,cheered.,19.72366653382778
critical,5,ambiguous,short,,final,7,0,While,22.071142196655277
critical,5,ambiguous,short,,final,7,1,the,2.8811771869659424
critical,5,ambiguous,short,,final,7,2,martial,17.02715301513672
critical,5,ambiguous,short,,final,7,3,artists,7.065667629241943
critical,5,ambiguous,short,,final,7,4,fought,9.846502304077148
critical,5,ambiguous,short,,final,7,5,the,3.886047124862671
critical,5,ambiguous,short,,final,7,6,spectator,13.73677933216095
critical,5,ambiguous,short,,final,7,7,cheered.,19.372387945652008
critical,5,unambiguous,long,comma,final,9,0,While,22.071142196655277
critical,5,unambiguous,long,comma,final,9,1,the,2.8811771869659424
critical,5,unambiguous,long,comma,final,9,2,martial,17.02715301513672
critical,5,unambiguous,long,comma,final,9,3,artists,7.065667629241943
critical,5,unambiguous,long,comma,final,9,4,"fought,",12.515103340148926
critical,5,unambiguous,long,comma,final,9,5,the,1.8037402629852293
critical,5,unambiguous,long,comma,final,9,6,spectator,11.653410732746124
critical,5,unambiguous,long,comma,final,9,7,watching,8.794801712036133
critical,5,unambiguous,long,comma,final,9,8,attentively,13.721671791747212
critical,5,unambiguous,long,comma,final,9,9,cheered.,8.910128064453602
critical,5,unambiguous,short,comma,final,7,0,While,22.071142196655277
critical,5,unambiguous,short,comma,final,7,1,the,2.8811771869659424
critical,5,unambiguous,short,comma,final,7,2,martial,17.02715301513672
critical,5,unambiguous,short,comma,final,7,3,artists,7.065667629241943
critical,5,unambiguous,short,comma,final,7,4,"fought,",12.515103340148926
critical,5,unambiguous,short,comma,final,7,5,the,1.8037402629852293
critical,5,unambiguous,short,comma,final,7,6,spectator,11.653410732746124
critical,5,unambiguous,short,comma,final,7,7,cheered.,8.798010485246778
critical,5,unambiguous,long,object,final,11,0,While,22.071142196655277
critical,5,unambiguous,long,object,final,11,1,the,2.8811771869659424
critical,5,unambiguous,long,object,final,11,2,martial,17.02715301513672
critical,5,unambiguous,long,object,final,11,3,artists,7.065667629241943
critical,5,unambiguous,long,object,final,11,4,fought,9.846502304077148
critical,5,unambiguous,long,object,final,11,5,each,4.47145414352417
critical,5,unambiguous,long,object,final,11,6,other,0.029666319489479
critical,5,unambiguous,long,object,final,11,7,the,7.724618434906006
critical,5,unambiguous,long,object,final,11,8,spectator,11.09362131357193
critical,5,unambiguous,long,object,final,11,9,watching,8.338614463806152
critical,5,unambiguous,long,object,final,11,10,attentively,13.938571359962223
critical,5,unambiguous,long,object,final,11,11,cheered.,10.150630570948124
critical,5,unambiguous,short,object,final,9,0,While,22.071142196655277
critical,5,unambiguous,short,object,final,9,1,the,2.8811771869659424
critical,5,unambiguous,short,object,final,9,2,martial,17.02715301513672
critical,5,unambiguous,short,object,final,9,3,artists,7.065667629241943
critical,5,unambiguous,short,object,final,9,4,fought,9.846502304077148
critical,5,unambiguous,short,object,final,9,5,each,4.47145414352417
critical,5,unambiguous,short,object,final,9,6,other,0.029666319489479
critical,5,unambiguous,short,object,final,9,7,the,7.724618434906006
critical,5,unambiguous,short,object,final,9,8,spectator,11.09362131357193
critical,5,unambiguous,short,object,final,9,9,cheered.,10.943900998681784
critical,5,ambiguous,long,,nonfinal,9,0,While,22.071142196655277
critical,5,ambiguous,long,,nonfinal,9,1,the,2.8811771869659424
critical,5,ambiguous,long,,nonfinal,9,2,martial,17.02715301513672
critical,5,ambiguous,long,,nonfinal,9,3,artists,7.065667629241943
critical,5,ambiguous,long,,nonfinal,9,4,fought,9.846502304077148
critical,5,ambiguous,long,,nonfinal,9,5,the,3.886047124862671
critical,5,ambiguous,long,,nonfinal,9,6,spectator,13.73677933216095
critical,5,ambiguous,long,,nonfinal,9,7,watching,10.300896644592283
critical,5,ambiguous,long,,nonfinal,9,8,attentively,13.961120836436749
critical,5,ambiguous,long,,nonfinal,9,9,cheered,15.18222652375698
critical,5,ambiguous,long,,nonfinal,9,10,for,3.9271631240844727
critical,5,ambiguous,long,,nonfinal,9,11,the,1.3710896968841553
critical,5,ambiguous,long,,nonfinal,9,12,underdog.,12.59182584285736
critical,5,ambiguous,short,,nonfinal,7,0,While,22.071142196655277
critical,5,ambiguous,short,,nonfinal,7,1,the,2.8811771869659424
critical,5,ambiguous,short,,nonfinal,7,2,martial,17.02715301513672
critical,5,ambiguous,short,,nonfinal,7,3,artists,7.065667629241943
critical,5,ambiguous,short,,nonfinal,7,4,fought,9.846502304077148
critical,5,ambiguous,short,,nonfinal,7,5,the,3.886047124862671
critical,5,ambiguous,short,,nonfinal,7,6,spectator,13.73677933216095
critical,5,ambiguous,short,,nonfinal,7,7,cheered,14.74140840768814
critical,5,ambiguous,short,,nonfinal,7,8,for,5.132522106170654
critical,5,ambiguous,short,,nonfinal,7,9,the,1.648847222328186
critical,5,ambiguous,short,,nonfinal,7,10,underdog.,11.913039088249208
critical,5,unambiguous,long,comma,nonfinal,9,0,While,22.071142196655277
critical,5,unambiguous,long,comma,nonfinal,9,1,the,2.8811771869659424
critical,5,unambiguous,long,comma,nonfinal,9,2,martial,17.02715301513672
critical,5,unambiguous,long,comma,nonfinal,9,3,artists,7.065667629241943
critical,5,unambiguous,long,comma,nonfinal,9,4,"fought,",12.515103340148926
critical,5,unambiguous,long,comma,nonfinal,9,5,the,1.8037402629852293
critical,5,unambiguous,long,comma,nonfinal,9,6,spectator,11.653410732746124
critical,5,unambiguous,long,comma,nonfinal,9,7,watching,8.794801712036133
critical,5,unambiguous,long,comma,nonfinal,9,8,attentively,13.721671791747212
critical,5,unambiguous,long,comma,nonfinal,9,9,cheered,7.012705393135548
critical,5,unambiguous,long,comma,nonfinal,9,10,for,4.246225357055664
critical,5,unambiguous,long,comma,nonfinal,9,11,the,1.0321160554885864
critical,5,unambiguous,long,comma,nonfinal,9,12,underdog.,11.0726707726717
critical,5,unambiguous,short,comma,nonfinal,7,0,While,22.071142196655277
critical,5,unambiguous,short,comma,nonfinal,7,1,the,2.8811771869659424
critical,5,unambiguous,short,comma,nonfinal,7,2,martial,17.02715301513672
critical,5,unambiguous,short,comma,nonfinal,7,3,artists,7.065667629241943
critical,5,unambiguous,short,comma,nonfinal,7,4,"fought,",12.515103340148926
critical,5,unambiguous,short,comma,nonfinal,7,5,the,1.8037402629852293
critical,5,unambiguous,short,comma,nonfinal,7,6,spectator,11.653410732746124
critical,5,unambiguous,short,comma,nonfinal,7,7,cheered,6.961055533960462
critical,5,unambiguous,short,comma,nonfinal,7,8,for,5.203985691070557
critical,5,unambiguous,short,comma,nonfinal,7,9,the,1.250846266746521
critical,5,unambiguous,short,comma,nonfinal,7,10,underdog.,10.138951122760773
critical,5,unambiguous,long,object,nonfinal,11,0,While,22.071142196655277
critical,5,unambiguous,long,object,nonfinal,11,1,the,2.8811771869659424
critical,5,unambiguous,long,object,nonfinal,11,2,martial,17.02715301513672
critical,5,unambiguous,long,object,nonfinal,11,3,artists,7.065667629241943
critical,5,unambiguous,long,object,nonfinal,11,4,fought,9.846502304077148
critical,5,unambiguous,long,object,nonfinal,11,5,each,4.47145414352417
critical,5,unambiguous,long,object,nonfinal,11,6,other,0.029666319489479
critical,5,unambiguous,long,object,nonfinal,11,7,the,7.724618434906006
critical,5,unambiguous,long,object,nonfinal,11,8,spectator,11.09362131357193
critical,5,unambiguous,long,object,nonfinal,11,9,watching,8.338614463806152
critical,5,unambiguous,long,object,nonfinal,11,10,attentively,13.938571359962223
critical,5,unambiguous,long,object,nonfinal,11,11,cheered,7.295821763575077
critical,5,unambiguous,long,object,nonfinal,11,12,for,4.113027095794678
critical,5,unambiguous,long,object,nonfinal,11,13,the,1.134100317955017
critical,5,unambiguous,long,object,nonfinal,11,14,underdog.,11.638440310955048
critical,5,unambiguous,short,object,nonfinal,9,0,While,22.071142196655277
critical,5,unambiguous,short,object,nonfinal,9,1,the,2.8811771869659424
critical,5,unambiguous,short,object,nonfinal,9,2,martial,17.02715301513672
critical,5,unambiguous,short,object,nonfinal,9,3,artists,7.065667629241943
critical,5,unambiguous,short,object,nonfinal,9,4,fought,9.846502304077148
critical,5,unambiguous,short,object,nonfinal,9,5,each,4.47145414352417
critical,5,unambiguous,short,object,nonfinal,9,6,other,0.029666319489479
critical,5,unambiguous,short,object,nonfinal,9,7,the,7.724618434906006
critical,5,unambiguous,short,object,nonfinal,9,8,spectator,11.09362131357193
critical,5,unambiguous,short,object,nonfinal,9,9,cheered,7.808134492486715
critical,5,unambiguous,short,object,nonfinal,9,10,for,4.643268585205078
critical,5,unambiguous,short,object,nonfinal,9,11,the,1.2943730354309082
critical,5,unambiguous,short,object,nonfinal,9,12,underdog.,10.962883591651917
critical,6,ambiguous,long,,final,9,0,After,20.94694709777832
critical,6,ambiguous,long,,final,9,1,the,3.189217329025269
critical,6,ambiguous,long,,final,9,2,customer,14.597171783447266
critical,6,ambiguous,long,,final,9,3,emailed,14.087010383605955
critical,6,ambiguous,long,,final,9,4,the,3.9753129482269287
critical,6,ambiguous,long,,final,9,5,company,3.679764032363892
critical,6,ambiguous,long,,final,9,6,providing,10.316380500793455
critical,6,ambiguous,long,,final,9,7,phone,10.961380958557127
critical,6,ambiguous,long,,final,9,8,service,2.851457118988037
critical,6,ambiguous,long,,final,9,9,replied.,22.368070602416992
critical,6,ambiguous,short,,final,6,0,After,20.94694709777832
critical,6,ambiguous,short,,final,6,1,the,3.189217329025269
critical,6,ambiguous,short,,final,6,2,customer,14.597171783447266
critical,6,ambiguous,short,,final,6,3,emailed,14.087010383605955
critical,6,ambiguous,short,,final,6,4,the,3.9753129482269287
critical,6,ambiguous,short,,final,6,5,company,3.679764032363892
critical,6,ambiguous,short,,final,6,6,replied.,22.75459337234497
critical,6,unambiguous,long,comma,final,9,0,After,20.94694709777832
critical,6,unambiguous,long,comma,final,9,1,the,3.189217329025269
critical,6,unambiguous,long,comma,final,9,2,customer,14.597171783447266
critical,6,unambiguous,long,comma,final,9,3,"emailed,",18.973975658416748
critical,6,unambiguous,long,comma,final,9,4,the,2.96425724029541
critical,6,unambiguous,long,comma,final,9,5,company,4.608565330505371
critical,6,unambiguous,long,comma,final,9,6,providing,13.634952545166016
critical,6,unambiguous,long,comma,final,9,7,phone,8.551772117614746
critical,6,unambiguous,long,comma,final,9,8,service,1.5115444660186768
critical,6,unambiguous,long,comma,final,9,9,replied.,12.680046558380129
critical,6,unambiguous,short,comma,final,6,0,After,20.94694709777832
critical,6,unambiguous,short,comma,final,6,1,the,3.189217329025269
critical,6,unambiguous,short,comma,final,6,2,customer,14.597171783447266
critical,6,unambiguous,short,comma,final,6,3,"emailed,",18.973975658416748
critical,6,unambiguous,short,comma,final,6,4,the,2.96425724029541
critical,6,unambiguous,short,comma,final,6,5,company,4.608565330505371
critical,6,unambiguous,short,comma,final,6,6,replied.,12.988216400146484
critical,6,unambiguous,long,object,final,12,0,After,20.94694709777832
critical,6,unambiguous,long,object,final,12,1,the,3.189217329025269
critical,6,unambiguous,long,object,final,12,2,customer,14.597171783447266
critical,6,unambiguous,long,object,final,12,3,emailed,14.087010383605955
critical,6,unambiguous,long,object,final,12,4,the,3.9753129482269287
critical,6,unambiguous,long,object,final,12,5,help,9.258940696716309
critical,6,unambiguous,long,object,final,12,6,desk,1.683750033378601
critical,6,unambiguous,long,object,final,12,7,the,6.263438701629639
critical,6,unambiguous,long,object,final,12,8,company,7.345204353332519
critical,6,unambiguous,long,object,final,12,9,providing,12.170035362243652
critical,6,unambiguous,long,object,final,12,10,phone,8.523183822631836
critical,6,unambiguous,long,object,final,12,11,service,2.0477781295776367
critical,6,unambiguous,long,object,final,12,12,replied.,14.33606481552124
critical,6,unambiguous,short,object,final,9,0,After,20.94694709777832
critical,6,unambiguous,short,object,final,9,1,the,3.189217329025269
critical,6,unambiguous,short,object,final,9,2,customer,14.597171783447266
critical,6,unambiguous,short,object,final,9,3,emailed,14.087010383605955
critical,6,unambiguous,short,object,final,9,4,the,3.9753129482269287
critical,6,unambiguous,short,object,final,9,5,help,9.258940696716309
critical,6,unambiguous,short,object,final,9,6,desk,1.683750033378601
critical,6,unambiguous,short,object,final,9,7,the,6.263438701629639
critical,6,unambiguous,short,object,final,9,8,company,7.345204353332519
critical,6,unambiguous,short,object,final,9,9,replied.,13.733879566192629
critical,6,ambiguous,long,,nonfinal,9,0,After,20.94694709777832
critical,6,ambiguous,long,,nonfinal,9,1,the,3.189217329025269
critical,6,ambiguous,long,,nonfinal,9,2,customer,14.597171783447266
critical,6,ambiguous,long,,nonfinal,9,3,emailed,14.087010383605955
critical,6,ambiguous,long,,nonfinal,9,4,the,3.9753129482269287
critical,6,ambiguous,long,,nonfinal,9,5,company,3.679764032363892
critical,6,ambiguous,long,,nonfinal,9,6,providing,10.316380500793455
critical,6,ambiguous,long,,nonfinal,9,7,phone,10.961380958557127
critical,6,ambiguous,long,,nonfinal,9,8,service,2.851457118988037
critical,6,ambiguous,long,,nonfinal,9,9,replied,15.13753604888916
critical,6,ambiguous,long,,nonfinal,9,10,within,5.763236045837402
critical,6,ambiguous,long,,nonfinal,9,11,a,2.8068764209747314
critical,6,ambiguous,long,,nonfinal,9,12,few,1.247498869895935
critical,6,ambiguous,long,,nonfinal,9,13,hours.,5.831942796707153
critical,6,ambiguous,short,,nonfinal,6,0,After,20.94694709777832
critical,6,ambiguous,short,,nonfinal,6,1,the,3.189217329025269
critical,6,ambiguous,short,,nonfinal,6,2,customer,14.597171783447266
critical,6,ambiguous,short,,nonfinal,6,3,emailed,14.087010383605955
critical,6,ambiguous,short,,nonfinal,6,4,the,3.9753129482269287
critical,6,ambiguous,short,,nonfinal,6,5,company,3.679764032363892
critical,6,ambiguous,short,,nonfinal,6,6,replied,15.561463356018066
critical,6,ambiguous,short,,nonfinal,6,7,within,4.834242343902588
critical,6,ambiguous,short,,nonfinal,6,8,a,2.902804374694824
critical,6,ambiguous,short,,nonfinal,6,9,few,1.290852189064026
critical,6,ambiguous,short,,nonfinal,6,10,hours.,5.079898238182068
critical,6,unambiguous,long,comma,nonfinal,9,0,After,20.94694709777832
critical,6,unambiguous,long,comma,nonfinal,9,1,the,3.189217329025269
critical,6,unambiguous,long,comma,nonfinal,9,2,customer,14.597171783447266
critical,6,unambiguous,long,comma,nonfinal,9,3,"emailed,",18.973975658416748
critical,6,unambiguous,long,comma,nonfinal,9,4,the,2.96425724029541
critical,6,unambiguous,long,comma,nonfinal,9,5,company,4.608565330505371
critical,6,unambiguous,long,comma,nonfinal,9,6,providing,13.634952545166016
critical,6,unambiguous,long,comma,nonfinal,9,7,phone,8.551772117614746
critical,6,unambiguous,long,comma,nonfinal,9,8,service,1.5115444660186768
critical,6,unambiguous,long,comma,nonfinal,9,9,replied,7.083732604980469
critical,6,unambiguous,long,comma,nonfinal,9,10,within,5.271590232849121
critical,6,unambiguous,long,comma,nonfinal,9,11,a,2.859448194503784
critical,6,unambiguous,long,comma,nonfinal,9,12,few,1.015192985534668
critical,6,unambiguous,long,comma,nonfinal,9,13,hours.,4.1336634159088135
critical,6,unambiguous,short,comma,nonfinal,6,0,After,20.94694709777832
critical,6,unambiguous,short,comma,nonfinal,6,1,the,3.189217329025269
critical,6,unambiguous,short,comma,nonfinal,6,2,customer,14.597171783447266
critical,6,unambiguous,short,comma,nonfinal,6,3,"emailed,",18.973975658416748
critical,6,unambiguous,short,comma,nonfinal,6,4,the,2.96425724029541
critical,6,unambiguous,short,comma,nonfinal,6,5,company,4.608565330505371
critical,6,unambiguous,short,comma,nonfinal,6,6,replied,6.798112392425537
critical,6,unambiguous,short,comma,nonfinal,6,7,within,4.896372318267822
critical,6,unambiguous,short,comma,nonfinal,6,8,a,3.079350709915161
critical,6,unambiguous,short,comma,nonfinal,6,9,few,0.98917818069458
critical,6,unambiguous,short,comma,nonfinal,6,10,hours.,3.512177348136902
critical,6,unambiguous,long,object,nonfinal,12,0,After,20.94694709777832
critical,6,unambiguous,long,object,nonfinal,12,1,the,3.189217329025269
critical,6,unambiguous,long,object,nonfinal,12,2,customer,14.597171783447266
critical,6,unambiguous,long,object,nonfinal,12,3,emailed,14.087010383605955
critical,6,unambiguous,long,object,nonfinal,12,4,the,3.9753129482269287
critical,6,unambiguous,long,object,nonfinal,12,5,help,9.258940696716309
critical,6,unambiguous,long,object,nonfinal,12,6,desk,1.683750033378601
critical,6,unambiguous,long,object,nonfinal,12,7,the,6.263438701629639
critical,6,unambiguous,long,object,nonfinal,12,8,company,7.345204353332519
critical,6,unambiguous,long,object,nonfinal,12,9,providing,12.170035362243652
critical,6,unambiguous,long,object,nonfinal,12,10,phone,8.523183822631836
critical,6,unambiguous,long,object,nonfinal,12,11,service,2.0477781295776367
critical,6,unambiguous,long,object,nonfinal,12,12,replied,7.383813381195068
critical,6,unambiguous,long,object,nonfinal,12,13,within,7.212100505828857
critical,6,unambiguous,long,object,nonfinal,12,14,a,3.0829498767852783
critical,6,unambiguous,long,object,nonfinal,12,15,few,1.2505147457122805
critical,6,unambiguous,long,object,nonfinal,12,16,hours.,5.657538414001465
critical,6,unambiguous,short,object,nonfinal,9,0,After,20.94694709777832
critical,6,unambiguous,short,object,nonfinal,9,1,the,3.189217329025269
critical,6,unambiguous,short,object,nonfinal,9,2,customer,14.597171783447266
critical,6,unambiguous,short,object,nonfinal,9,3,emailed,14.087010383605955
critical,6,unambiguous,short,object,nonfinal,9,4,the,3.9753129482269287
critical,6,unambiguous,short,object,nonfinal,9,5,help,9.258940696716309
critical,6,unambiguous,short,object,nonfinal,9,6,desk,1.683750033378601
critical,6,unambiguous,short,object,nonfinal,9,7,the,6.263438701629639
critical,6,unambiguous,short,object,nonfinal,9,8,company,7.345204353332519
critical,6,unambiguous,short,object,nonfinal,9,9,replied,6.56182336807251
critical,6,unambiguous,short,object,nonfinal,9,10,within,6.136678218841553
critical,6,unambiguous,short,object,nonfinal,9,11,a,3.139650583267212
critical,6,unambiguous,short,object,nonfinal,9,12,few,1.2502148151397705
critical,6,unambiguous,short,object,nonfinal,9,13,hours.,4.845096588134766
critical,7,ambiguous,long,,final,8,0,As,18.927881240844727
critical,7,ambiguous,long,,final,8,1,the,3.407918691635132
critical,7,ambiguous,long,,final,8,2,child,11.64427089691162
critical,7,ambiguous,long,,final,8,3,showered,19.078306436538696
critical,7,ambiguous,long,,final,8,4,the,5.591852188110352
critical,7,ambiguous,long,,final,8,5,cat,7.5568528175354
critical,7,ambiguous,long,,final,8,6,complaining,18.769336700439453
critical,7,ambiguous,long,,final,8,7,loudly,7.860886573791504
critical,7,ambiguous,long,,final,8,8,ran.,27.887818336486816
critical,7,ambiguous,short,,final,6,0,As,18.927881240844727
critical,7,ambiguous,short,,final,6,1,the,3.407918691635132
critical,7,ambiguous,short,,final,6,2,child,11.64427089691162
critical,7,ambiguous,short,,final,6,3,showered,19.078306436538696
critical,7,ambiguous,short,,final,6,4,the,5.591852188110352
critical,7,ambiguous,short,,final,6,5,cat,7.5568528175354
critical,7,ambiguous,short,,final,6,6,ran.,18.97643613815308
critical,7,unambiguous,long,comma,final,8,0,As,18.927881240844727
critical,7,unambiguous,long,comma,final,8,1,the,3.407918691635132
critical,7,unambiguous,long,comma,final,8,2,child,11.64427089691162
critical,7,unambiguous,long,comma,final,8,3,"showered,",21.455436944961548
critical,7,unambiguous,long,comma,final,8,4,the,2.346461057662964
critical,7,unambiguous,long,comma,final,8,5,cat,9.479378700256348
critical,7,unambiguous,long,comma,final,8,6,complaining,20.25072479248047
critical,7,unambiguous,long,comma,final,8,7,loudly,5.284560203552246
critical,7,unambiguous,long,comma,final,8,8,ran.,25.32054233551025
critical,7,unambiguous,short,comma,final,6,0,As,18.927881240844727
critical,7,unambiguous,short,comma,final,6,1,the,3.407918691635132
critical,7,unambiguous,short,comma,final,6,2,child,11.64427089691162
critical,7,unambiguous,short,comma,final,6,3,"showered,",21.455436944961548
critical,7,unambiguous,short,comma,final,6,4,the,2.346461057662964
critical,7,unambiguous,short,comma,final,6,5,cat,9.479378700256348
critical,7,unambiguous,short,comma,final,6,6,ran.,12.427833080291748
critical,7,unambiguous,long,object,final,9,0,As,18.927881240844727
critical,7,unambiguous,long,object,final,9,1,the,3.407918691635132
critical,7,unambiguous,long,object,final,9,2,child,11.64427089691162
critical,7,unambiguous,long,object,final,9,3,showered,19.078306436538696
critical,7,unambiguous,long,object,final,9,4,herself,7.595630168914795
critical,7,unambiguous,long,object,final,9,5,the,11.188624382019045
critical,7,unambiguous,long,object,final,9,6,cat,7.782514572143555
critical,7,unambiguous,long,object,final,9,7,complaining,20.813077926635746
critical,7,unambiguous,long,object,final,9,8,loudly,6.201725959777832
critical,7,unambiguous,long,object,final,9,9,ran.,23.11760807037353
critical,7,unambiguous,short,object,final,7,0,As,18.927881240844727
critical,7,unambiguous,short,object,final,7,1,the,3.407918691635132
critical,7,unambiguous,short,object,final,7,2,child,11.64427089691162
critical,7,unambiguous,short,object,final,7,3,showered,19.078306436538696
critical,7,unambiguous,short,object,final,7,4,herself,7.595630168914795
critical,7,unambiguous,short,object,final,7,5,the,11.188624382019045
critical,7,unambiguous,short,object,final,7,6,cat,7.782514572143555
critical,7,unambiguous,short,object,final,7,7,ran.,14.72980260848999
critical,7,ambiguous,long,,nonfinal,8,0,As,18.927881240844727
critical,7,ambiguous,long,,nonfinal,8,1,the,3.407918691635132
critical,7,ambiguous,long,,nonfinal,8,2,child,11.64427089691162
critical,7,ambiguous,long,,nonfinal,8,3,showered,19.078306436538696
critical,7,ambiguous,long,,nonfinal,8,4,the,5.591852188110352
critical,7,ambiguous,long,,nonfinal,8,5,cat,7.5568528175354
critical,7,ambiguous,long,,nonfinal,8,6,complaining,18.769336700439453
critical,7,ambiguous,long,,nonfinal,8,7,loudly,7.860886573791504
critical,7,ambiguous,long,,nonfinal,8,8,ran,18.48029136657715
critical,7,ambiguous,long,,nonfinal,8,9,around,6.292675971984863
critical,7,ambiguous,long,,nonfinal,8,10,the,0.4932049512863159
critical,7,ambiguous,long,,nonfinal,8,11,bathroom.,9.256556034088137
critical,7,ambiguous,short,,nonfinal,6,0,As,18.927881240844727
critical,7,ambiguous,short,,nonfinal,6,1,the,3.407918691635132
critical,7,ambiguous,short,,nonfinal,6,2,child,11.64427089691162
critical,7,ambiguous,short,,nonfinal,6,3,showered,19.078306436538696
critical,7,ambiguous,short,,nonfinal,6,4,the,5.591852188110352
critical,7,ambiguous,short,,nonfinal,6,5,cat,7.5568528175354
critical,7,ambiguous,short,,nonfinal,6,6,ran,11.75870132446289
critical,7,ambiguous,short,,nonfinal,6,7,around,5.911914348602295
critical,7,ambiguous,short,,nonfinal,6,8,the,0.7515283823013306
critical,7,ambiguous,short,,nonfinal,6,9,bathroom.,8.434298515319824
critical,7,unambiguous,long,comma,nonfinal,8,0,As,18.927881240844727
critical,7,unambiguous,long,comma,nonfinal,8,1,the,3.407918691635132
critical,7,unambiguous,long,comma,nonfinal,8,2,child,11.64427089691162
critical,7,unambiguous,long,comma,nonfinal,8,3,"showered,",21.455436944961548
critical,7,unambiguous,long,comma,nonfinal,8,4,the,2.346461057662964
critical,7,unambiguous,long,comma,nonfinal,8,5,cat,9.479378700256348
critical,7,unambiguous,long,comma,nonfinal,8,6,complaining,20.25072479248047
critical,7,unambiguous,long,comma,nonfinal,8,7,loudly,5.284560203552246
critical,7,unambiguous,long,comma,nonfinal,8,8,ran,16.249412536621094
critical,7,unambiguous,long,comma,nonfinal,8,9,around,4.775179386138916
critical,7,unambiguous,long,comma,nonfinal,8,10,the,0.4355453550815582
critical,7,unambiguous,long,comma,nonfinal,8,11,bathroom.,8.885951042175293
critical,7,unambiguous,short,comma,nonfinal,6,0,As,18.927881240844727
critical,7,unambiguous,short,comma,nonfinal,6,1,the,3.407918691635132
critical,7,unambiguous,short,comma,nonfinal,6,2,child,11.64427089691162
critical,7,unambiguous,short,comma,nonfinal,6,3,"showered,",21.455436944961548
critical,7,unambiguous,short,comma,nonfinal,6,4,the,2.346461057662964
critical,7,unambiguous,short,comma,nonfinal,6,5,cat,9.479378700256348
critical,7,unambiguous,short,comma,nonfinal,6,6,ran,6.3649001121521
critical,7,unambiguous,short,comma,nonfinal,6,7,around,4.85698938369751
critical,7,unambiguous,short,comma,nonfinal,6,8,the,0.7327451705932617
critical,7,unambiguous,short,comma,nonfinal,6,9,bathroom.,9.29175901412964
critical,7,unambiguous,long,object,nonfinal,9,0,As,18.927881240844727
critical,7,unambiguous,long,object,nonfinal,9,1,the,3.407918691635132
critical,7,unambiguous,long,object,nonfinal,9,2,child,11.64427089691162
critical,7,unambiguous,long,object,nonfinal,9,3,showered,19.078306436538696
critical,7,unambiguous,long,object,nonfinal,9,4,herself,7.595630168914795
critical,7,unambiguous,long,object,nonfinal,9,5,the,11.188624382019045
critical,7,unambiguous,long,object,nonfinal,9,6,cat,7.782514572143555
critical,7,unambiguous,long,object,nonfinal,9,7,complaining,20.813077926635746
critical,7,unambiguous,long,object,nonfinal,9,8,loudly,6.201725959777832
critical,7,unambiguous,long,object,nonfinal,9,9,ran,12.960384368896484
critical,7,unambiguous,long,object,nonfinal,9,10,around,5.503528594970703
critical,7,unambiguous,long,object,nonfinal,9,11,the,0.5060389637947083
critical,7,unambiguous,long,object,nonfinal,9,12,bathroom.,9.39545726776123
critical,7,unambiguous,short,object,nonfinal,7,0,As,18.927881240844727
critical,7,unambiguous,short,object,nonfinal,7,1,the,3.407918691635132
critical,7,unambiguous,short,object,nonfinal,7,2,child,11.64427089691162
critical,7,unambiguous,short,object,nonfinal,7,3,showered,19.078306436538696
critical,7,unambiguous,short,object,nonfinal,7,4,herself,7.595630168914795
critical,7,unambiguous,short,object,nonfinal,7,5,the,11.188624382019045
critical,7,unambiguous,short,object,nonfinal,7,6,cat,7.782514572143555
critical,7,unambiguous,short,object,nonfinal,7,7,ran,6.554718494415283
critical,7,unambiguous,short,object,nonfinal,7,8,around,5.589395999908447
critical,7,unambiguous,short,object,nonfinal,7,9,the,0.8425443768501282
critical,7,unambiguous,short,object,nonfinal,7,10,bathroom.,9.423750638961792
critical,8,ambiguous,long,,final,9,0,Because,21.15912437438965
critical,8,ambiguous,long,,final,9,1,the,4.03598165512085
critical,8,ambiguous,long,,final,9,2,majorette,24.94697078317404
critical,8,ambiguous,long,,final,9,3,spun,16.315114974975586
critical,8,ambiguous,long,,final,9,4,the,4.088547706604004
critical,8,ambiguous,long,,final,9,5,baton,7.689100682735443
critical,8,ambiguous,long,,final,9,6,made,12.33780288696289
critical,8,ambiguous,long,,final,9,7,of,3.388457059860229
critical,8,ambiguous,long,,final,9,8,steel,7.713602066040039
critical,8,ambiguous,long,,final,9,9,flew.,18.25948143005371
critical,8,ambiguous,short,,final,6,0,Because,21.15912437438965
critical,8,ambiguous,short,,final,6,1,the,4.03598165512085
critical,8,ambiguous,short,,final,6,2,majorette,24.94697078317404
critical,8,ambiguous,short,,final,6,3,spun,16.315114974975586
critical,8,ambiguous,short,,final,6,4,the,4.088547706604004
critical,8,ambiguous,short,,final,6,5,baton,7.689100682735443
critical,8,ambiguous,short,,final,6,6,flew.,22.42483377456665
critical,8,unambiguous,long,comma,final,9,0,Because,21.15912437438965
critical,8,unambiguous,long,comma,final,9,1,the,4.03598165512085
critical,8,unambiguous,long,comma,final,9,2,majorette,24.94697078317404
critical,8,unambiguous,long,comma,final,9,3,"spun,",22.09900712966919
critical,8,unambiguous,long,comma,final,9,4,the,2.5789031982421875
critical,8,unambiguous,long,comma,final,9,5,baton,11.543094038963318
critical,8,unambiguous,long,comma,final,9,6,made,9.464237213134766
critical,8,unambiguous,long,comma,final,9,7,of,5.656759738922119
critical,8,unambiguous,long,comma,final,9,8,steel,7.885426521301269
critical,8,unambiguous,long,comma,final,9,9,flew.,9.859301567077637
critical,8,unambiguous,short,comma,final,6,0,Because,21.15912437438965
critical,8,unambiguous,short,comma,final,6,1,the,4.03598165512085
critical,8,unambiguous,short,comma,final,6,2,majorette,24.94697078317404
critical,8,unambiguous,short,comma,final,6,3,"spun,",22.09900712966919
critical,8,unambiguous,short,comma,final,6,4,the,2.5789031982421875
critical,8,unambiguous,short,comma,final,6,5,baton,11.543094038963318
critical,8,unambiguous,short,comma,final,6,6,flew.,10.617621183395386
critical,8,unambiguous,long,object,final,10,0,Because,21.15912437438965
critical,8,unambiguous,long,object,final,10,1,the,4.03598165512085
critical,8,unambiguous,long,object,final,10,2,majorette,24.94697078317404
critical,8,unambiguous,long,object,final,10,3,spun,16.315114974975586
critical,8,unambiguous,long,object,final,10,4,herself,6.747243881225586
critical,8,unambiguous,long,object,final,10,5,the,8.370477676391602
critical,8,unambiguous,long,object,final,10,6,baton,10.576601445674896
critical,8,unambiguous,long,object,final,10,7,made,9.483402252197266
critical,8,unambiguous,long,object,final,10,8,of,3.4623396396636963
critical,8,unambiguous,long,object,final,10,9,steel,7.881034851074219
critical,8,unambiguous,long,object,final,10,10,flew.,18.156285762786865
critical,8,unambiguous,short,object,final,7,0,Because,21.15912437438965
critical,8,unambiguous,short,object,final,7,1,the,4.03598165512085
critical,8,unambiguous,short,object,final,7,2,majorette,24.94697078317404
critical,8,unambiguous,short,object,final,7,3,spun,16.315114974975586
critical,8,unambiguous,short,object,final,7,4,herself,6.747243881225586
critical,8,unambiguous,short,object,final,7,5,the,8.370477676391602
critical,8,unambiguous,short,object,final,7,6,baton,10.576601445674896
critical,8,unambiguous,short,object,final,7,7,flew.,18.415317058563232
critical,8,ambiguous,long,,nonfinal,9,0,Because,21.15912437438965
critical,8,ambiguous,long,,nonfinal,9,1,the,4.03598165512085
critical,8,ambiguous,long,,nonfinal,9,2,majorette,24.94697078317404
critical,8,ambiguous,long,,nonfinal,9,3,spun,16.315114974975586
critical,8,ambiguous,long,,nonfinal,9,4,the,4.088547706604004
critical,8,ambiguous,long,,nonfinal,9,5,baton,7.689100682735443
critical,8,ambiguous,long,,nonfinal,9,6,made,12.33780288696289
critical,8,ambiguous,long,,nonfinal,9,7,of,3.388457059860229
critical,8,ambiguous,long,,nonfinal,9,8,steel,7.713602066040039
critical,8,ambiguous,long,,nonfinal,9,9,flew,13.569171905517578
critical,8,ambiguous,long,,nonfinal,9,10,from,6.83266544342041
critical,8,ambiguous,long,,nonfinal,9,11,her,3.286731481552124
critical,8,ambiguous,long,,nonfinal,9,12,hands.,5.847514629364014
critical,8,ambiguous,short,,nonfinal,6,0,Because,21.15912437438965
critical,8,ambiguous,short,,nonfinal,6,1,the,4.03598165512085
critical,8,ambiguous,short,,nonfinal,6,2,majorette,24.94697078317404
critical,8,ambiguous,short,,nonfinal,6,3,spun,16.315114974975586
critical,8,ambiguous,short,,nonfinal,6,4,the,4.088547706604004
critical,8,ambiguous,short,,nonfinal,6,5,baton,7.689100682735443
critical,8,ambiguous,short,,nonfinal,6,6,flew,17.424877166748047
critical,8,ambiguous,short,,nonfinal,6,7,from,7.319149494171143
critical,8,ambiguous,short,,nonfinal,6,8,her,2.191460609436035
critical,8,ambiguous,short,,nonfinal,6,9,hands.,7.009832620620728
critical,8,unambiguous,long,comma,nonfinal,9,0,Because,21.15912437438965
critical,8,unambiguous,long,comma,nonfinal,9,1,the,4.03598165512085
critical,8,unambiguous,long,comma,nonfinal,9,2,majorette,24.94697078317404
critical,8,unambiguous,long,comma,nonfinal,9,3,"spun,",22.09900712966919
critical,8,unambiguous,long,comma,nonfinal,9,4,the,2.5789031982421875
critical,8,unambiguous,long,comma,nonfinal,9,5,baton,11.543094038963318
critical,8,unambiguous,long,comma,nonfinal,9,6,made,9.464237213134766
critical,8,unambiguous,long,comma,nonfinal,9,7,of,5.656759738922119
critical,8,unambiguous,long,comma,nonfinal,9,8,steel,7.885426521301269
critical,8,unambiguous,long,comma,nonfinal,9,9,flew,7.019309520721436
critical,8,unambiguous,long,comma,nonfinal,9,10,from,5.408041000366211
critical,8,unambiguous,long,comma,nonfinal,9,11,her,2.3807406425476074
critical,8,unambiguous,long,comma,nonfinal,9,12,hands.,4.965455412864685
critical,8,unambiguous,short,comma,nonfinal,6,0,Because,21.15912437438965
critical,8,unambiguous,short,comma,nonfinal,6,1,the,4.03598165512085
critical,8,unambiguous,short,comma,nonfinal,6,2,majorette,24.94697078317404
critical,8,unambiguous,short,comma,nonfinal,6,3,"spun,",22.09900712966919
critical,8,unambiguous,short,comma,nonfinal,6,4,the,2.5789031982421875
critical,8,unambiguous,short,comma,nonfinal,6,5,baton,11.543094038963318
critical,8,unambiguous,short,comma,nonfinal,6,6,flew,7.362751960754394
critical,8,unambiguous,short,comma,nonfinal,6,7,from,6.659422874450684
critical,8,unambiguous,short,comma,nonfinal,6,8,her,1.9813790321350095
critical,8,unambiguous,short,comma,nonfinal,6,9,hands.,6.346926212310791
critical,8,unambiguous,long,object,nonfinal,10,0,Because,21.15912437438965
critical,8,unambiguous,long,object,nonfinal,10,1,the,4.03598165512085
critical,8,unambiguous,long,object,nonfinal,10,2,majorette,24.94697078317404
critical,8,unambiguous,long,object,nonfinal,10,3,spun,16.315114974975586
critical,8,unambiguous,long,object,nonfinal,10,4,herself,6.747243881225586
critical,8,unambiguous,long,object,nonfinal,10,5,the,8.370477676391602
critical,8,unambiguous,long,object,nonfinal,10,6,baton,10.576601445674896
critical,8,unambiguous,long,object,nonfinal,10,7,made,9.483402252197266
critical,8,unambiguous,long,object,nonfinal,10,8,of,3.4623396396636963
critical,8,unambiguous,long,object,nonfinal,10,9,steel,7.881034851074219
critical,8,unambiguous,long,object,nonfinal,10,10,flew,12.778058052062988
critical,8,unambiguous,long,object,nonfinal,10,11,from,6.265739440917969
critical,8,unambiguous,long,object,nonfinal,10,12,her,2.021763324737549
critical,8,unambiguous,long,object,nonfinal,10,13,hands.,6.029842376708984
critical,8,unambiguous,short,object,nonfinal,7,0,Because,21.15912437438965
critical,8,unambiguous,short,object,nonfinal,7,1,the,4.03598165512085
critical,8,unambiguous,short,object,nonfinal,7,2,majorette,24.94697078317404
critical,8,unambiguous,short,object,nonfinal,7,3,spun,16.315114974975586
critical,8,unambiguous,short,object,nonfinal,7,4,herself,6.747243881225586
critical,8,unambiguous,short,object,nonfinal,7,5,the,8.370477676391602
critical,8,unambiguous,short,object,nonfinal,7,6,baton,10.576601445674896
critical,8,unambiguous,short,object,nonfinal,7,7,flew,12.594123840332031
critical,8,unambiguous,short,object,nonfinal,7,8,from,6.793458938598633
critical,8,unambiguous,short,object,nonfinal,7,9,her,1.517528057098389
critical,8,unambiguous,short,object,nonfinal,7,10,hands.,6.711196422576904
critical,9,ambiguous,long,,final,9,0,After,20.94694709777832
critical,9,ambiguous,long,,final,9,1,the,3.189217329025269
critical,9,ambiguous,long,,final,9,2,teacher,14.32054615020752
critical,9,ambiguous,long,,final,9,3,finished,10.685866355895996
critical,9,ambiguous,long,,final,9,4,grading,7.622687816619873
critical,9,ambiguous,long,,final,9,5,the,1.6331815719604492
critical,9,ambiguous,long,,final,9,6,students,3.2491443157196045
critical,9,ambiguous,long,,final,9,7,studying,13.897953987121582
critical,9,ambiguous,long,,final,9,8,engineering,9.972452163696287
critical,9,ambiguous,long,,final,9,9,passed.,14.40914821624756
critical,9,ambiguous,short,,final,7,0,After,20.94694709777832
critical,9,ambiguous,short,,final,7,1,the,3.189217329025269
critical,9,ambiguous,short,,final,7,2,teacher,14.32054615020752
critical,9,ambiguous,short,,final,7,3,finished,10.685866355895996
critical,9,ambiguous,short,,final,7,4,grading,7.622687816619873
critical,9,ambiguous,short,,final,7,5,the,1.6331815719604492
critical,9,ambiguous,short,,final,7,6,students,3.2491443157196045
critical,9,ambiguous,short,,final,7,7,passed.,18.57884407043457
critical,9,unambiguous,long,comma,final,9,0,After,20.94694709777832
critical,9,unambiguous,long,comma,final,9,1,the,3.189217329025269
critical,9,unambiguous,long,comma,final,9,2,teacher,14.32054615020752
critical,9,unambiguous,long,comma,final,9,3,finished,10.685866355895996
critical,9,unambiguous,long,comma,final,9,4,"grading,",11.051745176315308
critical,9,unambiguous,long,comma,final,9,5,the,1.8982248306274412
critical,9,unambiguous,long,comma,final,9,6,students,3.003884792327881
critical,9,unambiguous,long,comma,final,9,7,studying,15.871359825134276
critical,9,unambiguous,long,comma,final,9,8,engineering,10.85008430480957
critical,9,unambiguous,long,comma,final,9,9,passed.,12.759119987487791
critical,9,unambiguous,short,comma,final,7,0,After,20.94694709777832
critical,9,unambiguous,short,comma,final,7,1,the,3.189217329025269
critical,9,unambiguous,short,comma,final,7,2,teacher,14.32054615020752
critical,9,unambiguous,short,comma,final,7,3,finished,10.685866355895996
critical,9,unambiguous,short,comma,final,7,4,"grading,",11.051745176315308
critical,9,unambiguous,short,comma,final,7,5,the,1.8982248306274412
critical,9,unambiguous,short,comma,final,7,6,students,3.003884792327881
critical,9,unambiguous,short,comma,final,7,7,passed.,17.30534553527832
critical,9,unambiguous,long,object,final,11,0,After,20.94694709777832
critical,9,unambiguous,long,object,final,11,1,the,3.189217329025269
critical,9,unambiguous,long,object,final,11,2,teacher,14.32054615020752
critical,9,unambiguous,long,object,final,11,3,finished,10.685866355895996
critical,9,unambiguous,long,object,final,11,4,grading,7.622687816619873
critical,9,unambiguous,long,object,final,11,5,the,1.6331815719604492
critical,9,unambiguous,long,object,final,11,6,final,4.994645595550537
critical,9,unambiguous,long,object,final,11,7,the,12.234655380249023
critical,9,unambiguous,long,object,final,11,8,students,2.7042784690856934
critical,9,unambiguous,long,object,final,11,9,studying,15.38390827178955
critical,9,unambiguous,long,object,final,11,10,engineering,11.413599014282228
critical,9,unambiguous,long,object,final,11,11,passed.,11.820117473602297
critical,9,unambiguous,short,object,final,9,0,After,20.94694709777832
critical,9,unambiguous,short,object,final,9,1,the,3.189217329025269
critical,9,unambiguous,short,object,final,9,2,teacher,14.32054615020752
critical,9,unambiguous,short,object,final,9,3,finished,10.685866355895996
critical,9,unambiguous,short,object,final,9,4,grading,7.622687816619873
critical,9,unambiguous,short,object,final,9,5,the,1.6331815719604492
critical,9,unambiguous,short,object,final,9,6,final,4.994645595550537
critical,9,unambiguous,short,object,final,9,7,the,12.234655380249023
critical,9,unambiguous,short,object,final,9,8,students,2.7042784690856934
critical,9,unambiguous,short,object,final,9,9,passed.,15.24719762802124
critical,9,ambiguous,long,,nonfinal,9,0,After,20.94694709777832
critical,9,ambiguous,long,,nonfinal,9,1,the,3.189217329025269
critical,9,ambiguous,long,,nonfinal,9,2,teacher,14.32054615020752
critical,9,ambiguous,long,,nonfinal,9,3,finished,10.685866355895996
critical,9,ambiguous,long,,nonfinal,9,4,grading,7.622687816619873
critical,9,ambiguous,long,,nonfinal,9,5,the,1.6331815719604492
critical,9,ambiguous,long,,nonfinal,9,6,students,3.2491443157196045
critical,9,ambiguous,long,,nonfinal,9,7,studying,13.897953987121582
critical,9,ambiguous,long,,nonfinal,9,8,engineering,9.972452163696287
critical,9,ambiguous,long,,nonfinal,9,9,passed,10.55298900604248
critical,9,ambiguous,long,,nonfinal,9,10,the,2.321582794189453
critical,9,ambiguous,long,,nonfinal,9,11,class.,6.119980692863464
critical,9,ambiguous,short,,nonfinal,7,0,After,20.94694709777832
critical,9,ambiguous,short,,nonfinal,7,1,the,3.189217329025269
critical,9,ambiguous,short,,nonfinal,7,2,teacher,14.32054615020752
critical,9,ambiguous,short,,nonfinal,7,3,finished,10.685866355895996
critical,9,ambiguous,short,,nonfinal,7,4,grading,7.622687816619873
critical,9,ambiguous,short,,nonfinal,7,5,the,1.6331815719604492
critical,9,ambiguous,short,,nonfinal,7,6,students,3.2491443157196045
critical,9,ambiguous,short,,nonfinal,7,7,passed,12.219301223754885
critical,9,ambiguous,short,,nonfinal,7,8,the,2.664323568344116
critical,9,ambiguous,short,,nonfinal,7,9,class.,5.527447938919067
critical,9,unambiguous,long,comma,nonfinal,9,0,After,20.94694709777832
critical,9,unambiguous,long,comma,nonfinal,9,1,the,3.189217329025269
critical,9,unambiguous,long,comma,nonfinal,9,2,teacher,14.32054615020752
critical,9,unambiguous,long,comma,nonfinal,9,3,finished,10.685866355895996
critical,9,unambiguous,long,comma,nonfinal,9,4,"grading,",11.051745176315308
critical,9,unambiguous,long,comma,nonfinal,9,5,the,1.8982248306274412
critical,9,unambiguous,long,comma,nonfinal,9,6,students,3.003884792327881
critical,9,unambiguous,long,comma,nonfinal,9,7,studying,15.871359825134276
critical,9,unambiguous,long,comma,nonfinal,9,8,engineering,10.85008430480957
critical,9,unambiguous,long,comma,nonfinal,9,9,passed,8.622527122497559
critical,9,unambiguous,long,comma,nonfinal,9,10,the,1.8878246545791624
critical,9,unambiguous,long,comma,nonfinal,9,11,class.,5.344366192817688
critical,9,unambiguous,short,comma,nonfinal,7,0,After,20.94694709777832
critical,9,unambiguous,short,comma,nonfinal,7,1,the,3.189217329025269
critical,9,unambiguous,short,comma,nonfinal,7,2,teacher,14.32054615020752
critical,9,unambiguous,short,comma,nonfinal,7,3,finished,10.685866355895996
critical,9,unambiguous,short,comma,nonfinal,7,4,"grading,",11.051745176315308
critical,9,unambiguous,short,comma,nonfinal,7,5,the,1.8982248306274412
critical,9,unambiguous,short,comma,nonfinal,7,6,students,3.003884792327881
critical,9,unambiguous,short,comma,nonfinal,7,7,passed,10.063945770263672
critical,9,unambiguous,short,comma,nonfinal,7,8,the,2.60275936126709
critical,9,unambiguous,short,comma,nonfinal,7,9,class.,5.848604202270508
critical,9,unambiguous,long,object,nonfinal,11,0,After,20.94694709777832
critical,9,unambiguous,long,object,nonfinal,11,1,the,3.189217329025269
critical,9,unambiguous,long,object,nonfinal,11,2,teacher,14.32054615020752
critical,9,unambiguous,long,object,nonfinal,11,3,finished,10.685866355895996
critical,9,unambiguous,long,object,nonfinal,11,4,grading,7.622687816619873
critical,9,unambiguous,long,object,nonfinal,11,5,the,1.6331815719604492
critical,9,unambiguous,long,object,nonfinal,11,6,final,4.994645595550537
critical,9,unambiguous,long,object,nonfinal,11,7,the,12.234655380249023
critical,9,unambiguous,long,object,nonfinal,11,8,students,2.7042784690856934
critical,9,unambiguous,long,object,nonfinal,11,9,studying,15.38390827178955
critical,9,unambiguous,long,object,nonfinal,11,10,engineering,11.413599014282228
critical,9,unambiguous,long,object,nonfinal,11,11,passed,8.346392631530762
critical,9,unambiguous,long,object,nonfinal,11,12,the,2.033170700073242
critical,9,unambiguous,long,object,nonfinal,11,13,class.,6.4468536376953125
critical,9,unambiguous,short,object,nonfinal,9,0,After,20.94694709777832
critical,9,unambiguous,short,object,nonfinal,9,1,the,3.189217329025269
critical,9,unambiguous,short,object,nonfinal,9,2,teacher,14.32054615020752
critical,9,unambiguous,short,object,nonfinal,9,3,finished,10.685866355895996
critical,9,unambiguous,short,object,nonfinal,9,4,grading,7.622687816619873
critical,9,unambiguous,short,object,nonfinal,9,5,the,1.6331815719604492
critical,9,unambiguous,short,object,nonfinal,9,6,final,4.994645595550537
critical,9,unambiguous,short,object,nonfinal,9,7,the,12.234655380249023
critical,9,unambiguous,short,object,nonfinal,9,8,students,2.7042784690856934
critical,9,unambiguous,short,object,nonfinal,9,9,passed,10.46331024169922
critical,9,unambiguous,short,object,nonfinal,9,10,the,2.6194841861724854
critical,9,unambiguous,short,object,nonfinal,9,11,class.,5.78734827041626
critical,10,ambiguous,long,,final,10,0,Since,21.2509880065918
critical,10,ambiguous,long,,final,10,1,the,2.353261947631836
critical,10,ambiguous,long,,final,10,2,company,9.255707740783691
critical,10,ambiguous,long,,final,10,3,shut,8.282442092895508
critical,10,ambiguous,long,,final,10,4,down,0.6137744188308716
critical,10,ambiguous,long,,final,10,5,their,7.131109237670898
critical,10,ambiguous,long,,final,10,6,product,7.480489730834961
critical,10,ambiguous,long,,final,10,7,line,1.537691354751587
critical,10,ambiguous,long,,final,10,8,of,6.458385944366455
critical,10,ambiguous,long,,final,10,9,streetwear,16.89594578742981
critical,10,ambiguous,long,,final,10,10,disappeared.,23.805155038833615
critical,10,ambiguous,short,,final,8,0,Since,21.2509880065918
critical,10,ambiguous,short,,final,8,1,the,2.353261947631836
critical,10,ambiguous,short,,final,8,2,company,9.255707740783691
critical,10,ambiguous,short,,final,8,3,shut,8.282442092895508
critical,10,ambiguous,short,,final,8,4,down,0.6137744188308716
critical,10,ambiguous,short,,final,8,5,their,7.131109237670898
critical,10,ambiguous,short,,final,8,6,product,7.480489730834961
critical,10,ambiguous,short,,final,8,7,line,1.537691354751587
critical,10,ambiguous,short,,final,8,8,disappeared.,24.19610595703125
critical,10,unambiguous,long,comma,final,10,0,Since,21.2509880065918
critical,10,unambiguous,long,comma,final,10,1,the,2.353261947631836
critical,10,unambiguous,long,comma,final,10,2,company,9.255707740783691
critical,10,unambiguous,long,comma,final,10,3,shut,8.282442092895508
critical,10,unambiguous,long,comma,final,10,4,"down,",2.3933145999908447
critical,10,unambiguous,long,comma,final,10,5,their,7.6089911460876465
critical,10,unambiguous,long,comma,final,10,6,product,7.020922183990479
critical,10,unambiguous,long,comma,final,10,7,line,2.2211711406707764
critical,10,unambiguous,long,comma,final,10,8,of,7.544797420501709
critical,10,unambiguous,long,comma,final,10,9,streetwear,15.16368818283081
critical,10,unambiguous,long,comma,final,10,10,disappeared.,14.171682238578796
critical,10,unambiguous,short,comma,final,8,0,Since,21.2509880065918
critical,10,unambiguous,short,comma,final,8,1,the,2.353261947631836
critical,10,unambiguous,short,comma,final,8,2,company,9.255707740783691
critical,10,unambiguous,short,comma,final,8,3,shut,8.282442092895508
critical,10,unambiguous,short,comma,final,8,4,"down,",2.3933145999908447
critical,10,unambiguous,short,comma,final,8,5,their,7.6089911460876465
critical,10,unambiguous,short,comma,final,8,6,product,7.020922183990479
critical,10,unambiguous,short,comma,final,8,7,line,2.2211711406707764
critical,10,unambiguous,short,comma,final,8,8,disappeared.,12.556061267852783
critical,10,unambiguous,long,object,final,13,0,Since,21.2509880065918
critical,10,unambiguous,long,object,final,13,1,the,2.353261947631836
critical,10,unambiguous,long,object,final,13,2,company,9.255707740783691
critical,10,unambiguous,long,object,final,13,3,shut,8.282442092895508
critical,10,unambiguous,long,object,final,13,4,down,0.6137744188308716
critical,10,unambiguous,long,object,final,13,5,the,4.5582804679870605
critical,10,unambiguous,long,object,final,13,6,clothing,14.058589935302734
critical,10,unambiguous,long,object,final,13,7,brand,3.78195071220398
critical,10,unambiguous,long,object,final,13,8,their,13.112906455993652
critical,10,unambiguous,long,object,final,13,9,product,7.491921901702881
critical,10,unambiguous,long,object,final,13,10,line,1.922496318817139
critical,10,unambiguous,long,object,final,13,11,of,6.517913818359375
critical,10,unambiguous,long,object,final,13,12,streetwear,13.076061010360718
critical,10,unambiguous,long,object,final,13,13,disappeared.,13.971149563789368
critical,10,unambiguous,short,object,final,11,0,Since,21.2509880065918
critical,10,unambiguous,short,object,final,11,1,the,2.353261947631836
critical,10,unambiguous,short,object,final,11,2,company,9.255707740783691
critical,10,unambiguous,short,object,final,11,3,shut,8.282442092895508
critical,10,unambiguous,short,object,final,11,4,down,0.6137744188308716
critical,10,unambiguous,short,object,final,11,5,the,4.5582804679870605
critical,10,unambiguous,short,object,final,11,6,clothing,14.058589935302734
critical,10,unambiguous,short,object,final,11,7,brand,3.78195071220398
critical,10,unambiguous,short,object,final,11,8,their,13.112906455993652
critical,10,unambiguous,short,object,final,11,9,product,7.491921901702881
critical,10,unambiguous,short,object,final,11,10,line,1.922496318817139
critical,10,unambiguous,short,object,final,11,11,disappeared.,11.90746808052063
critical,10,ambiguous,long,,nonfinal,10,0,Since,21.2509880065918
critical,10,ambiguous,long,,nonfinal,10,1,the,2.353261947631836
critical,10,ambiguous,long,,nonfinal,10,2,company,9.255707740783691
critical,10,ambiguous,long,,nonfinal,10,3,shut,8.282442092895508
critical,10,ambiguous,long,,nonfinal,10,4,down,0.6137744188308716
critical,10,ambiguous,long,,nonfinal,10,5,their,7.131109237670898
critical,10,ambiguous,long,,nonfinal,10,6,product,7.480489730834961
critical,10,ambiguous,long,,nonfinal,10,7,line,1.537691354751587
critical,10,ambiguous,long,,nonfinal,10,8,of,6.458385944366455
critical,10,ambiguous,long,,nonfinal,10,9,streetwear,16.89594578742981
critical,10,ambiguous,long,,nonfinal,10,10,disappeared,20.26889038085937
critical,10,ambiguous,long,,nonfinal,10,11,from,3.066540002822876
critical,10,ambiguous,long,,nonfinal,10,12,the,1.1948652267456057
critical,10,ambiguous,long,,nonfinal,10,13,market.,4.28681755065918
critical,10,ambiguous,short,,nonfinal,8,0,Since,21.2509880065918
critical,10,ambiguous,short,,nonfinal,8,1,the,2.353261947631836
critical,10,ambiguous,short,,nonfinal,8,2,company,9.255707740783691
critical,10,ambiguous,short,,nonfinal,8,3,shut,8.282442092895508
critical,10,ambiguous,short,,nonfinal,8,4,down,0.6137744188308716
critical,10,ambiguous,short,,nonfinal,8,5,their,7.131109237670898
critical,10,ambiguous,short,,nonfinal,8,6,product,7.480489730834961
critical,10,ambiguous,short,,nonfinal,8,7,line,1.537691354751587
critical,10,ambiguous,short,,nonfinal,8,8,disappeared,20.94704818725586
critical,10,ambiguous,short,,nonfinal,8,9,from,2.928619623184204
critical,10,ambiguous,short,,nonfinal,8,10,the,1.188705563545227
critical,10,ambiguous,short,,nonfinal,8,11,market.,3.938122034072876
critical,10,unambiguous,long,comma,nonfinal,10,0,Since,21.2509880065918
critical,10,unambiguous,long,comma,nonfinal,10,1,the,2.353261947631836
critical,10,unambiguous,long,comma,nonfinal,10,2,company,9.255707740783691
critical,10,unambiguous,long,comma,nonfinal,10,3,shut,8.282442092895508
critical,10,unambiguous,long,comma,nonfinal,10,4,"down,",2.3933145999908447
critical,10,unambiguous,long,comma,nonfinal,10,5,their,7.6089911460876465
critical,10,unambiguous,long,comma,nonfinal,10,6,product,7.020922183990479
critical,10,unambiguous,long,comma,nonfinal,10,7,line,2.2211711406707764
critical,10,unambiguous,long,comma,nonfinal,10,8,of,7.544797420501709
critical,10,unambiguous,long,comma,nonfinal,10,9,streetwear,15.16368818283081
critical,10,unambiguous,long,comma,nonfinal,10,10,disappeared,12.65927505493164
critical,10,unambiguous,long,comma,nonfinal,10,11,from,2.93185830116272
critical,10,unambiguous,long,comma,nonfinal,10,12,the,1.1633745431900024
critical,10,unambiguous,long,comma,nonfinal,10,13,market.,3.2086058855056763
critical,10,unambiguous,short,comma,nonfinal,8,0,Since,21.2509880065918
critical,10,unambiguous,short,comma,nonfinal,8,1,the,2.353261947631836
critical,10,unambiguous,short,comma,nonfinal,8,2,company,9.255707740783691
critical,10,unambiguous,short,comma,nonfinal,8,3,shut,8.282442092895508
critical,10,unambiguous,short,comma,nonfinal,8,4,"down,",2.3933145999908447
critical,10,unambiguous,short,comma,nonfinal,8,5,their,7.6089911460876465
critical,10,unambiguous,short,comma,nonfinal,8,6,product,7.020922183990479
critical,10,unambiguous,short,comma,nonfinal,8,7,line,2.2211711406707764
critical,10,unambiguous,short,comma,nonfinal,8,8,disappeared,11.075026512145996
critical,10,unambiguous,short,comma,nonfinal,8,9,from,3.0800552368164062
critical,10,unambiguous,short,comma,nonfinal,8,10,the,1.0417264699935913
critical,10,unambiguous,short,comma,nonfinal,8,11,market.,3.2564927339553837
critical,10,unambiguous,long,object,nonfinal,13,0,Since,21.2509880065918
critical,10,unambiguous,long,object,nonfinal,13,1,the,2.353261947631836
critical,10,unambiguous,long,object,nonfinal,13,2,company,9.255707740783691
critical,10,unambiguous,long,object,nonfinal,13,3,shut,8.282442092895508
critical,10,unambiguous,long,object,nonfinal,13,4,down,0.6137744188308716
critical,10,unambiguous,long,object,nonfinal,13,5,the,4.5582804679870605
critical,10,unambiguous,long,object,nonfinal,13,6,clothing,14.058589935302734
critical,10,unambiguous,long,object,nonfinal,13,7,brand,3.78195071220398
critical,10,unambiguous,long,object,nonfinal,13,8,their,13.112906455993652
critical,10,unambiguous,long,object,nonfinal,13,9,product,7.491921901702881
critical,10,unambiguous,long,object,nonfinal,13,10,line,1.922496318817139
critical,10,unambiguous,long,object,nonfinal,13,11,of,6.517913818359375
critical,10,unambiguous,long,object,nonfinal,13,12,streetwear,13.076061010360718
critical,10,unambiguous,long,object,nonfinal,13,13,disappeared,12.41651725769043
critical,10,unambiguous,long,object,nonfinal,13,14,from,3.495927095413208
critical,10,unambiguous,long,object,nonfinal,13,15,the,0.9779621362686156
critical,10,unambiguous,long,object,nonfinal,13,16,market.,3.163532853126526
critical,10,unambiguous,short,object,nonfinal,11,0,Since,21.2509880065918
critical,10,unambiguous,short,object,nonfinal,11,1,the,2.353261947631836
critical,10,unambiguous,short,object,nonfinal,11,2,company,9.255707740783691
critical,10,unambiguous,short,object,nonfinal,11,3,shut,8.282442092895508
critical,10,unambiguous,short,object,nonfinal,11,4,down,0.6137744188308716
critical,10,unambiguous,short,object,nonfinal,11,5,the,4.5582804679870605
critical,10,unambiguous,short,object,nonfinal,11,6,clothing,14.058589935302734
critical,10,unambiguous,short,object,nonfinal,11,7,brand,3.78195071220398
critical,10,unambiguous,short,object,nonfinal,11,8,their,13.112906455993652
critical,10,unambiguous,short,object,nonfinal,11,9,product,7.491921901702881
critical,10,unambiguous,short,object,nonfinal,11,10,line,1.922496318817139
critical,10,unambiguous,short,object,nonfinal,11,11,disappeared,10.216416358947754
critical,10,unambiguous,short,object,nonfinal,11,12,from,3.2683775424957275
critical,10,unambiguous,short,object,nonfinal,11,13,the,1.1069271564483645
critical,10,unambiguous,short,object,nonfinal,11,14,market.,3.757970809936523
critical,11,ambiguous,long,,final,7,0,Because,21.15912437438965
critical,11,ambiguous,long,,final,7,1,the,4.03598165512085
critical,11,ambiguous,long,,final,7,2,employees,13.972708702087402
critical,11,ambiguous,long,,final,7,3,mopped,22.17340898513794
critical,11,ambiguous,long,,final,7,4,the,1.474674105644226
critical,11,ambiguous,long,,final,7,5,bathroom,8.73513126373291
critical,11,ambiguous,long,,final,7,6,downstairs,14.581028938293455
critical,11,ambiguous,long,,final,7,7,sparkled.,24.031588554382324
critical,11,ambiguous,short,,final,6,0,Because,21.15912437438965
critical,11,ambiguous,short,,final,6,1,the,4.03598165512085
critical,11,ambiguous,short,,final,6,2,employees,13.972708702087402
critical,11,ambiguous,short,,final,6,3,mopped,22.17340898513794
critical,11,ambiguous,short,,final,6,4,the,1.474674105644226
critical,11,ambiguous,short,,final,6,5,bathroom,8.73513126373291
critical,11,ambiguous,short,,final,6,6,sparkled.,22.19552791118622
critical,11,unambiguous,long,comma,final,7,0,Because,21.15912437438965
critical,11,unambiguous,long,comma,final,7,1,the,4.03598165512085
critical,11,unambiguous,long,comma,final,7,2,employees,13.972708702087402
critical,11,unambiguous,long,comma,final,7,3,"mopped,",27.059618949890137
critical,11,unambiguous,long,comma,final,7,4,the,6.91450309753418
critical,11,unambiguous,long,comma,final,7,5,bathroom,7.514774799346924
critical,11,unambiguous,long,comma,final,7,6,downstairs,14.726274490356444
critical,11,unambiguous,long,comma,final,7,7,sparkled.,14.780282840132712
critical,11,unambiguous,short,comma,final,6,0,Because,21.15912437438965
critical,11,unambiguous,short,comma,final,6,1,the,4.03598165512085
critical,11,unambiguous,short,comma,final,6,2,employees,13.972708702087402
critical,11,unambiguous,short,comma,final,6,3,"mopped,",27.059618949890137
critical,11,unambiguous,short,comma,final,6,4,the,6.91450309753418
critical,11,unambiguous,short,comma,final,6,5,bathroom,7.514774799346924
critical,11,unambiguous,short,comma,final,6,6,sparkled.,16.205982834100723
critical,11,unambiguous,long,object,final,9,0,Because,21.15912437438965
critical,11,unambiguous,long,object,final,9,1,the,4.03598165512085
critical,11,unambiguous,long,object,final,9,2,employees,13.972708702087402
critical,11,unambiguous,long,object,final,9,3,mopped,22.17340898513794
critical,11,unambiguous,long,object,final,9,4,the,1.474674105644226
critical,11,unambiguous,long,object,final,9,5,floor,1.415968894958496
critical,11,unambiguous,long,object,final,9,6,the,7.469423770904541
critical,11,unambiguous,long,object,final,9,7,bathroom,9.408953666687012
critical,11,unambiguous,long,object,final,9,8,downstairs,14.291404724121094
critical,11,unambiguous,long,object,final,9,9,sparkled.,16.673537641763687
critical,11,unambiguous,short,object,final,8,0,Because,21.15912437438965
critical,11,unambiguous,short,object,final,8,1,the,4.03598165512085
critical,11,unambiguous,short,object,final,8,2,employees,13.972708702087402
critical,11,unambiguous,short,object,final,8,3,mopped,22.17340898513794
critical,11,unambiguous,short,object,final,8,4,the,1.474674105644226
critical,11,unambiguous,short,object,final,8,5,floor,1.415968894958496
critical,11,unambiguous,short,object,final,8,6,the,7.469423770904541
critical,11,unambiguous,short,object,final,8,7,bathroom,9.408953666687012
critical,11,unambiguous,short,object,final,8,8,sparkled.,16.769734025001526
critical,11,ambiguous,long,,nonfinal,7,0,Because,21.15912437438965
critical,11,ambiguous,long,,nonfinal,7,1,the,4.03598165512085
critical,11,ambiguous,long,,nonfinal,7,2,employees,13.972708702087402
critical,11,ambiguous,long,,nonfinal,7,3,mopped,22.17340898513794
critical,11,ambiguous,long,,nonfinal,7,4,the,1.474674105644226
critical,11,ambiguous,long,,nonfinal,7,5,bathroom,8.73513126373291
critical,11,ambiguous,long,,nonfinal,7,6,downstairs,14.581028938293455
critical,11,ambiguous,long,,nonfinal,7,7,sparkled,19.49862813949585
critical,11,ambiguous,long,,nonfinal,7,8,brilliantly,10.6418131114915
critical,11,ambiguous,long,,nonfinal,7,9,in,1.8382482528686523
critical,11,ambiguous,long,,nonfinal,7,10,the,1.2509522438049316
critical,11,ambiguous,long,,nonfinal,7,11,light.,8.29321813583374
critical,11,ambiguous,short,,nonfinal,6,0,Because,21.15912437438965
critical,11,ambiguous,short,,nonfinal,6,1,the,4.03598165512085
critical,11,ambiguous,short,,nonfinal,6,2,employees,13.972708702087402
critical,11,ambiguous,short,,nonfinal,6,3,mopped,22.17340898513794
critical,11,ambiguous,short,,nonfinal,6,4,the,1.474674105644226
critical,11,ambiguous,short,,nonfinal,6,5,bathroom,8.73513126373291
critical,11,ambiguous,short,,nonfinal,6,6,sparkled,17.991721510887146
critical,11,ambiguous,short,,nonfinal,6,7,brilliantly,10.53183776885271
critical,11,ambiguous,short,,nonfinal,6,8,in,2.5560598373413086
critical,11,ambiguous,short,,nonfinal,6,9,the,1.2959800958633425
critical,11,ambiguous,short,,nonfinal,6,10,light.,7.18857216835022
critical,11,unambiguous,long,comma,nonfinal,7,0,Because,21.15912437438965
critical,11,unambiguous,long,comma,nonfinal,7,1,the,4.03598165512085
critical,11,unambiguous,long,comma,nonfinal,7,2,employees,13.972708702087402
critical,11,unambiguous,long,comma,nonfinal,7,3,"mopped,",27.059618949890137
critical,11,unambiguous,long,comma,nonfinal,7,4,the,6.91450309753418
critical,11,unambiguous,long,comma,nonfinal,7,5,bathroom,7.514774799346924
critical,11,unambiguous,long,comma,nonfinal,7,6,downstairs,14.726274490356444
critical,11,unambiguous,long,comma,nonfinal,7,7,sparkled,11.784627065062525
critical,11,unambiguous,long,comma,nonfinal,7,8,brilliantly,10.849049238488078
critical,11,unambiguous,long,comma,nonfinal,7,9,in,3.305516242980957
critical,11,unambiguous,long,comma,nonfinal,7,10,the,0.6008262038230896
critical,11,unambiguous,long,comma,nonfinal,7,11,light.,8.391585111618042
critical,11,unambiguous,short,comma,nonfinal,6,0,Because,21.15912437438965
critical,11,unambiguous,short,comma,nonfinal,6,1,the,4.03598165512085
critical,11,unambiguous,short,comma,nonfinal,6,2,employees,13.972708702087402
critical,11,unambiguous,short,comma,nonfinal,6,3,"mopped,",27.059618949890137
critical,11,unambiguous,short,comma,nonfinal,6,4,the,6.91450309753418
critical,11,unambiguous,short,comma,nonfinal,6,5,bathroom,7.514774799346924
critical,11,unambiguous,short,comma,nonfinal,6,6,sparkled,13.22222700715065
critical,11,unambiguous,short,comma,nonfinal,6,7,brilliantly,11.220534338615836
critical,11,unambiguous,short,comma,nonfinal,6,8,in,4.253839492797852
critical,11,unambiguous,short,comma,nonfinal,6,9,the,0.7918645143508911
critical,11,unambiguous,short,comma,nonfinal,6,10,light.,7.838890790939331
critical,11,unambiguous,long,object,nonfinal,9,0,Because,21.15912437438965
critical,11,unambiguous,long,object,nonfinal,9,1,the,4.03598165512085
critical,11,unambiguous,long,object,nonfinal,9,2,employees,13.972708702087402
critical,11,unambiguous,long,object,nonfinal,9,3,mopped,22.17340898513794
critical,11,unambiguous,long,object,nonfinal,9,4,the,1.474674105644226
critical,11,unambiguous,long,object,nonfinal,9,5,floor,1.415968894958496
critical,11,unambiguous,long,object,nonfinal,9,6,the,7.469423770904541
critical,11,unambiguous,long,object,nonfinal,9,7,bathroom,9.408953666687012
critical,11,unambiguous,long,object,nonfinal,9,8,downstairs,14.291404724121094
critical,11,unambiguous,long,object,nonfinal,9,9,sparkled,13.482099682092668
critical,11,unambiguous,long,object,nonfinal,9,10,brilliantly,10.453556480817497
critical,11,unambiguous,long,object,nonfinal,9,11,in,3.7082691192626953
critical,11,unambiguous,long,object,nonfinal,9,12,the,0.7847334146499634
critical,11,unambiguous,long,object,nonfinal,9,13,light.,7.340219736099243
critical,11,unambiguous,short,object,nonfinal,8,0,Because,21.15912437438965
critical,11,unambiguous,short,object,nonfinal,8,1,the,4.03598165512085
critical,11,unambiguous,short,object,nonfinal,8,2,employees,13.972708702087402
critical,11,unambiguous,short,object,nonfinal,8,3,mopped,22.17340898513794
critical,11,unambiguous,short,object,nonfinal,8,4,the,1.474674105644226
critical,11,unambiguous,short,object,nonfinal,8,5,floor,1.415968894958496
critical,11,unambiguous,short,object,nonfinal,8,6,the,7.469423770904541
critical,11,unambiguous,short,object,nonfinal,8,7,bathroom,9.408953666687012
critical,11,unambiguous,short,object,nonfinal,8,8,sparkled,13.707309126853945
critical,11,unambiguous,short,object,nonfinal,8,9,brilliantly,10.683589932508768
critical,11,unambiguous,short,object,nonfinal,8,10,in,4.379809379577637
critical,11,unambiguous,short,object,nonfinal,8,11,the,0.8865801692008972
critical,11,unambiguous,short,object,nonfinal,8,12,light.,6.900697946548462
critical,12,ambiguous,long,,final,8,0,As,18.927881240844727
critical,12,ambiguous,long,,final,8,1,the,3.407918691635132
critical,12,ambiguous,long,,final,8,2,journalist,14.673856735229492
critical,12,ambiguous,long,,final,8,3,recorded,14.056468963623049
critical,12,ambiguous,long,,final,8,4,the,2.752476453781128
critical,12,ambiguous,long,,final,8,5,demonstrators,13.421578153967856
critical,12,ambiguous,long,,final,8,6,protesting,7.322216510772705
critical,12,ambiguous,long,,final,8,7,angrily,16.482940673828125
critical,12,ambiguous,long,,final,8,8,shouted.,23.12659454345703
critical,12,ambiguous,short,,final,6,0,As,18.927881240844727
critical,12,ambiguous,short,,final,6,1,the,3.407918691635132
critical,12,ambiguous,short,,final,6,2,journalist,14.673856735229492
critical,12,ambiguous,short,,final,6,3,recorded,14.056468963623049
critical,12,ambiguous,short,,final,6,4,the,2.752476453781128
critical,12,ambiguous,short,,final,6,5,demonstrators,13.421578153967856
critical,12,ambiguous,short,,final,6,6,shouted.,22.44361400604248
critical,12,unambiguous,long,comma,final,8,0,As,18.927881240844727
critical,12,unambiguous,long,comma,final,8,1,the,3.407918691635132
critical,12,unambiguous,long,comma,final,8,2,journalist,14.673856735229492
critical,12,unambiguous,long,comma,final,8,3,"recorded,",16.595784425735474
critical,12,unambiguous,long,comma,final,8,4,the,2.476281881332397
critical,12,unambiguous,long,comma,final,8,5,demonstrators,10.225599564611912
critical,12,unambiguous,long,comma,final,8,6,protesting,12.208626747131348
critical,12,unambiguous,long,comma,final,8,7,angrily,15.604032516479492
critical,12,unambiguous,long,comma,final,8,8,shouted.,12.88476037979126
critical,12,unambiguous,short,comma,final,6,0,As,18.927881240844727
critical,12,unambiguous,short,comma,final,6,1,the,3.407918691635132
critical,12,unambiguous,short,comma,final,6,2,journalist,14.673856735229492
critical,12,unambiguous,short,comma,final,6,3,"recorded,",16.595784425735474
critical,12,unambiguous,short,comma,final,6,4,the,2.476281881332397
critical,12,unambiguous,short,comma,final,6,5,demonstrators,10.225599564611912
critical,12,unambiguous,short,comma,final,6,6,shouted.,13.896065711975098
critical,12,unambiguous,long,object,final,10,0,As,18.927881240844727
critical,12,unambiguous,long,object,final,10,1,the,3.407918691635132
critical,12,unambiguous,long,object,final,10,2,journalist,14.673856735229492
critical,12,unambiguous,long,object,final,10,3,recorded,14.056468963623049
critical,12,unambiguous,long,object,final,10,4,the,2.752476453781128
critical,12,unambiguous,long,object,final,10,5,commotion,12.822726547718048
critical,12,unambiguous,long,object,final,10,6,the,8.511136054992676
critical,12,unambiguous,long,object,final,10,7,demonstrators,8.776179365813732
critical,12,unambiguous,long,object,final,10,8,protesting,13.057296752929688
critical,12,unambiguous,long,object,final,10,9,angrily,16.702314376831055
critical,12,unambiguous,long,object,final,10,10,shouted.,12.479091167449951
critical,12,unambiguous,short,object,final,8,0,As,18.927881240844727
critical,12,unambiguous,short,object,final,8,1,the,3.407918691635132
critical,12,unambiguous,short,object,final,8,2,journalist,14.673856735229492
critical,12,unambiguous,short,object,final,8,3,recorded,14.056468963623049
critical,12,unambiguous,short,object,final,8,4,the,2.752476453781128
critical,12,unambiguous,short,object,final,8,5,commotion,12.822726547718048
critical,12,unambiguous,short,object,final,8,6,the,8.511136054992676
critical,12,unambiguous,short,object,final,8,7,demonstrators,8.776179365813732
critical,12,unambiguous,short,object,final,8,8,shouted.,12.401851654052734
critical,12,ambiguous,long,,nonfinal,8,0,As,18.927881240844727
critical,12,ambiguous,long,,nonfinal,8,1,the,3.407918691635132
critical,12,ambiguous,long,,nonfinal,8,2,journalist,14.673856735229492
critical,12,ambiguous,long,,nonfinal,8,3,recorded,14.056468963623049
critical,12,ambiguous,long,,nonfinal,8,4,the,2.752476453781128
critical,12,ambiguous,long,,nonfinal,8,5,demonstrators,13.421578153967856
critical,12,ambiguous,long,,nonfinal,8,6,protesting,7.322216510772705
critical,12,ambiguous,long,,nonfinal,8,7,angrily,16.482940673828125
critical,12,ambiguous,long,,nonfinal,8,8,shouted,14.52600383758545
critical,12,ambiguous,long,,nonfinal,8,9,to,7.065264701843262
critical,12,ambiguous,long,,nonfinal,8,10,demand,12.77868366241455
critical,12,ambiguous,long,,nonfinal,8,11,immediate,7.6185479164123535
critical,12,ambiguous,long,,nonfinal,8,12,change.,12.139893054962158
critical,12,ambiguous,short,,nonfinal,6,0,As,18.927881240844727
critical,12,ambiguous,short,,nonfinal,6,1,the,3.407918691635132
critical,12,ambiguous,short,,nonfinal,6,2,journalist,14.673856735229492
critical,12,ambiguous,short,,nonfinal,6,3,recorded,14.056468963623049
critical,12,ambiguous,short,,nonfinal,6,4,the,2.752476453781128
critical,12,ambiguous,short,,nonfinal,6,5,demonstrators,13.421578153967856
critical,12,ambiguous,short,,nonfinal,6,6,shouted,13.29274845123291
critical,12,ambiguous,short,,nonfinal,6,7,to,7.418050765991211
critical,12,ambiguous,short,,nonfinal,6,8,demand,9.668187141418455
critical,12,ambiguous,short,,nonfinal,6,9,immediate,8.222175598144531
critical,12,ambiguous,short,,nonfinal,6,10,change.,13.049349784851074
critical,12,unambiguous,long,comma,nonfinal,8,0,As,18.927881240844727
critical,12,unambiguous,long,comma,nonfinal,8,1,the,3.407918691635132
critical,12,unambiguous,long,comma,nonfinal,8,2,journalist,14.673856735229492
critical,12,unambiguous,long,comma,nonfinal,8,3,"recorded,",16.595784425735474
critical,12,unambiguous,long,comma,nonfinal,8,4,the,2.476281881332397
critical,12,unambiguous,long,comma,nonfinal,8,5,demonstrators,10.225599564611912
critical,12,unambiguous,long,comma,nonfinal,8,6,protesting,12.208626747131348
critical,12,unambiguous,long,comma,nonfinal,8,7,angrily,15.604032516479492
critical,12,unambiguous,long,comma,nonfinal,8,8,shouted,4.588029384613037
critical,12,unambiguous,long,comma,nonfinal,8,9,to,6.618720531463623
critical,12,unambiguous,long,comma,nonfinal,8,10,demand,12.77774715423584
critical,12,unambiguous,long,comma,nonfinal,8,11,immediate,7.18224048614502
critical,12,unambiguous,long,comma,nonfinal,8,12,change.,11.50820803642273
critical,12,unambiguous,short,comma,nonfinal,6,0,As,18.927881240844727
critical,12,unambiguous,short,comma,nonfinal,6,1,the,3.407918691635132
critical,12,unambiguous,short,comma,nonfinal,6,2,journalist,14.673856735229492
critical,12,unambiguous,short,comma,nonfinal,6,3,"recorded,",16.595784425735474
critical,12,unambiguous,short,comma,nonfinal,6,4,the,2.476281881332397
critical,12,unambiguous,short,comma,nonfinal,6,5,demonstrators,10.225599564611912
critical,12,unambiguous,short,comma,nonfinal,6,6,shouted,5.090031623840332
critical,12,unambiguous,short,comma,nonfinal,6,7,to,6.939988136291504
critical,12,unambiguous,short,comma,nonfinal,6,8,demand,9.763679504394531
critical,12,unambiguous,short,comma,nonfinal,6,9,immediate,7.543347358703613
critical,12,unambiguous,short,comma,nonfinal,6,10,change.,11.8148512840271
critical,12,unambiguous,long,object,nonfinal,10,0,As,18.927881240844727
critical,12,unambiguous,long,object,nonfinal,10,1,the,3.407918691635132
critical,12,unambiguous,long,object,nonfinal,10,2,journalist,14.673856735229492
critical,12,unambiguous,long,object,nonfinal,10,3,recorded,14.056468963623049
critical,12,unambiguous,long,object,nonfinal,10,4,the,2.752476453781128
critical,12,unambiguous,long,object,nonfinal,10,5,commotion,12.822726547718048
critical,12,unambiguous,long,object,nonfinal,10,6,the,8.511136054992676
critical,12,unambiguous,long,object,nonfinal,10,7,demonstrators,8.776179365813732
critical,12,unambiguous,long,object,nonfinal,10,8,protesting,13.057296752929688
critical,12,unambiguous,long,object,nonfinal,10,9,angrily,16.702314376831055
critical,12,unambiguous,long,object,nonfinal,10,10,shouted,5.529571056365967
critical,12,unambiguous,long,object,nonfinal,10,11,to,6.296323299407959
critical,12,unambiguous,long,object,nonfinal,10,12,demand,12.67731475830078
critical,12,unambiguous,long,object,nonfinal,10,13,immediate,7.0526628494262695
critical,12,unambiguous,long,object,nonfinal,10,14,change.,11.388355493545532
critical,12,unambiguous,short,object,nonfinal,8,0,As,18.927881240844727
critical,12,unambiguous,short,object,nonfinal,8,1,the,3.407918691635132
critical,12,unambiguous,short,object,nonfinal,8,2,journalist,14.673856735229492
critical,12,unambiguous,short,object,nonfinal,8,3,recorded,14.056468963623049
critical,12,unambiguous,short,object,nonfinal,8,4,the,2.752476453781128
critical,12,unambiguous,short,object,nonfinal,8,5,commotion,12.822726547718048
critical,12,unambiguous,short,object,nonfinal,8,6,the,8.511136054992676
critical,12,unambiguous,short,object,nonfinal,8,7,demonstrators,8.776179365813732
critical,12,unambiguous,short,object,nonfinal,8,8,shouted,5.3986592292785645
critical,12,unambiguous,short,object,nonfinal,8,9,to,6.247735977172852
critical,12,unambiguous,short,object,nonfinal,8,10,demand,9.241466522216797
critical,12,unambiguous,short,object,nonfinal,8,11,immediate,7.610903739929199
critical,12,unambiguous,short,object,nonfinal,8,12,change.,11.993633270263672
critical,13,ambiguous,long,,final,12,0,Whenever,22.53070068359375
critical,13,ambiguous,long,,final,12,1,the,4.872180461883545
critical,13,ambiguous,long,,final,12,2,wildlife,15.674010276794434
critical,13,ambiguous,long,,final,12,3,documentary,9.702683448791504
critical,13,ambiguous,long,,final,12,4,crew,8.249091148376465
critical,13,ambiguous,long,,final,12,5,tries,7.6944475173950195
critical,13,ambiguous,long,,final,12,6,to,0.0849649310111999
critical,13,ambiguous,long,,final,12,7,film,4.251677989959717
critical,13,ambiguous,long,,final,12,8,the,3.8166816234588623
critical,13,ambiguous,long,,final,12,9,bear,9.526477813720703
critical,13,ambiguous,long,,final,12,10,hunting,8.614276885986328
critical,13,ambiguous,long,,final,12,11,cautiously,23.984373092651367
critical,13,ambiguous,long,,final,12,12,leaves.,25.587056159973145
critical,13,ambiguous,short,,final,10,0,Whenever,22.53070068359375
critical,13,ambiguous,short,,final,10,1,the,4.872180461883545
critical,13,ambiguous,short,,final,10,2,wildlife,15.674010276794434
critical,13,ambiguous,short,,final,10,3,documentary,9.702683448791504
critical,13,ambiguous,short,,final,10,4,crew,8.249091148376465
critical,13,ambiguous,short,,final,10,5,tries,7.6944475173950195
critical,13,ambiguous,short,,final,10,6,to,0.0849649310111999
critical,13,ambiguous,short,,final,10,7,film,4.251677989959717
critical,13,ambiguous,short,,final,10,8,the,3.8166816234588623
critical,13,ambiguous,short,,final,10,9,bear,9.526477813720703
critical,13,ambiguous,short,,final,10,10,leaves.,22.609803199768063
critical,13,unambiguous,long,comma,final,12,0,Whenever,22.53070068359375
critical,13,unambiguous,long,comma,final,12,1,the,4.872180461883545
critical,13,unambiguous,long,comma,final,12,2,wildlife,15.674010276794434
critical,13,unambiguous,long,comma,final,12,3,documentary,9.702683448791504
critical,13,unambiguous,long,comma,final,12,4,crew,8.249091148376465
critical,13,unambiguous,long,comma,final,12,5,tries,7.6944475173950195
critical,13,unambiguous,long,comma,final,12,6,to,0.0849649310111999
critical,13,unambiguous,long,comma,final,12,7,"film,",10.721031188964844
critical,13,unambiguous,long,comma,final,12,8,the,3.566049098968506
critical,13,unambiguous,long,comma,final,12,9,bear,8.069866180419922
critical,13,unambiguous,long,comma,final,12,10,hunting,12.266016960144045
critical,13,unambiguous,long,comma,final,12,11,cautiously,24.149921417236328
critical,13,unambiguous,long,comma,final,12,12,leaves.,13.90726375579834
critical,13,unambiguous,short,comma,final,10,0,Whenever,22.53070068359375
critical,13,unambiguous,short,comma,final,10,1,the,4.872180461883545
critical,13,unambiguous,short,comma,final,10,2,wildlife,15.674010276794434
critical,13,unambiguous,short,comma,final,10,3,documentary,9.702683448791504
critical,13,unambiguous,short,comma,final,10,4,crew,8.249091148376465
critical,13,unambiguous,short,comma,final,10,5,tries,7.6944475173950195
critical,13,unambiguous,short,comma,final,10,6,to,0.0849649310111999
critical,13,unambiguous,short,comma,final,10,7,"film,",10.721031188964844
critical,13,unambiguous,short,comma,final,10,8,the,3.566049098968506
critical,13,unambiguous,short,comma,final,10,9,bear,8.069866180419922
critical,13,unambiguous,short,comma,final,10,10,leaves.,14.478736162185667
critical,13,unambiguous,long,object,final,14,0,Whenever,22.53070068359375
critical,13,unambiguous,long,object,final,14,1,the,4.872180461883545
critical,13,unambiguous,long,object,final,14,2,wildlife,15.674010276794434
critical,13,unambiguous,long,object,final,14,3,documentary,9.702683448791504
critical,13,unambiguous,long,object,final,14,4,crew,8.249091148376465
critical,13,unambiguous,long,object,final,14,5,tries,7.6944475173950195
critical,13,unambiguous,long,object,final,14,6,to,0.0849649310111999
critical,13,unambiguous,long,object,final,14,7,film,4.251677989959717
critical,13,unambiguous,long,object,final,14,8,a,2.1581950187683105
critical,13,unambiguous,long,object,final,14,9,scene,5.986252307891846
critical,13,unambiguous,long,object,final,14,10,the,8.153814315795898
critical,13,unambiguous,long,object,final,14,11,bear,7.983101367950439
critical,13,unambiguous,long,object,final,14,12,hunting,14.88023281097412
critical,13,unambiguous,long,object,final,14,13,cautiously,23.564603805541992
critical,13,unambiguous,long,object,final,14,14,leaves.,16.82137393951416
critical,13,unambiguous,short,object,final,12,0,Whenever,22.53070068359375
critical,13,unambiguous,short,object,final,12,1,the,4.872180461883545
critical,13,unambiguous,short,object,final,12,2,wildlife,15.674010276794434
critical,13,unambiguous,short,object,final,12,3,documentary,9.702683448791504
critical,13,unambiguous,short,object,final,12,4,crew,8.249091148376465
critical,13,unambiguous,short,object,final,12,5,tries,7.6944475173950195
critical,13,unambiguous,short,object,final,12,6,to,0.0849649310111999
critical,13,unambiguous,short,object,final,12,7,film,4.251677989959717
critical,13,unambiguous,short,object,final,12,8,a,2.1581950187683105
critical,13,unambiguous,short,object,final,12,9,scene,5.986252307891846
critical,13,unambiguous,short,object,final,12,10,the,8.153814315795898
critical,13,unambiguous,short,object,final,12,11,bear,7.983101367950439
critical,13,unambiguous,short,object,final,12,12,leaves.,17.63169527053833
critical,13,ambiguous,long,,nonfinal,12,0,Whenever,22.53070068359375
critical,13,ambiguous,long,,nonfinal,12,1,the,4.872180461883545
critical,13,ambiguous,long,,nonfinal,12,2,wildlife,15.674010276794434
critical,13,ambiguous,long,,nonfinal,12,3,documentary,9.702683448791504
critical,13,ambiguous,long,,nonfinal,12,4,crew,8.249091148376465
critical,13,ambiguous,long,,nonfinal,12,5,tries,7.6944475173950195
critical,13,ambiguous,long,,nonfinal,12,6,to,0.0849649310111999
critical,13,ambiguous,long,,nonfinal,12,7,film,4.251677989959717
critical,13,ambiguous,long,,nonfinal,12,8,the,3.8166816234588623
critical,13,ambiguous,long,,nonfinal,12,9,bear,9.526477813720703
critical,13,ambiguous,long,,nonfinal,12,10,hunting,8.614276885986328
critical,13,ambiguous,long,,nonfinal,12,11,cautiously,23.984373092651367
critical,13,ambiguous,long,,nonfinal,12,12,leaves,19.867862701416016
critical,13,ambiguous,long,,nonfinal,12,13,the,1.8205339908599851
critical,13,ambiguous,long,,nonfinal,12,14,area,4.443445682525635
critical,13,ambiguous,long,,nonfinal,12,15,quickly.,10.496436953544617
critical,13,ambiguous,short,,nonfinal,10,0,Whenever,22.53070068359375
critical,13,ambiguous,short,,nonfinal,10,1,the,4.872180461883545
critical,13,ambiguous,short,,nonfinal,10,2,wildlife,15.674010276794434
critical,13,ambiguous,short,,nonfinal,10,3,documentary,9.702683448791504
critical,13,ambiguous,short,,nonfinal,10,4,crew,8.249091148376465
critical,13,ambiguous,short,,nonfinal,10,5,tries,7.6944475173950195
critical,13,ambiguous,short,,nonfinal,10,6,to,0.0849649310111999
critical,13,ambiguous,short,,nonfinal,10,7,film,4.251677989959717
critical,13,ambiguous,short,,nonfinal,10,8,the,3.8166816234588623
critical,13,ambiguous,short,,nonfinal,10,9,bear,9.526477813720703
critical,13,ambiguous,short,,nonfinal,10,10,leaves,17.262786865234375
critical,13,ambiguous,short,,nonfinal,10,11,the,2.2476603984832764
critical,13,ambiguous,short,,nonfinal,10,12,area,4.74951696395874
critical,13,ambiguous,short,,nonfinal,10,13,quickly.,8.58234989643097
critical,13,unambiguous,long,comma,nonfinal,12,0,Whenever,22.53070068359375
critical,13,unambiguous,long,comma,nonfinal,12,1,the,4.872180461883545
critical,13,unambiguous,long,comma,nonfinal,12,2,wildlife,15.674010276794434
critical,13,unambiguous,long,comma,nonfinal,12,3,documentary,9.702683448791504
critical,13,unambiguous,long,comma,nonfinal,12,4,crew,8.249091148376465
critical,13,unambiguous,long,comma,nonfinal,12,5,tries,7.6944475173950195
critical,13,unambiguous,long,comma,nonfinal,12,6,to,0.0849649310111999
critical,13,unambiguous,long,comma,nonfinal,12,7,"film,",10.721031188964844
critical,13,unambiguous,long,comma,nonfinal,12,8,the,3.566049098968506
critical,13,unambiguous,long,comma,nonfinal,12,9,bear,8.069866180419922
critical,13,unambiguous,long,comma,nonfinal,12,10,hunting,12.266016960144045
critical,13,unambiguous,long,comma,nonfinal,12,11,cautiously,24.149921417236328
critical,13,unambiguous,long,comma,nonfinal,12,12,leaves,8.968326568603516
critical,13,unambiguous,long,comma,nonfinal,12,13,the,1.2668242454528809
critical,13,unambiguous,long,comma,nonfinal,12,14,area,3.9422688484191895
critical,13,unambiguous,long,comma,nonfinal,12,15,quickly.,13.070658922195436
critical,13,unambiguous,short,comma,nonfinal,10,0,Whenever,22.53070068359375
critical,13,unambiguous,short,comma,nonfinal,10,1,the,4.872180461883545
critical,13,unambiguous,short,comma,nonfinal,10,2,wildlife,15.674010276794434
critical,13,unambiguous,short,comma,nonfinal,10,3,documentary,9.702683448791504
critical,13,unambiguous,short,comma,nonfinal,10,4,crew,8.249091148376465
critical,13,unambiguous,short,comma,nonfinal,10,5,tries,7.6944475173950195
critical,13,unambiguous,short,comma,nonfinal,10,6,to,0.0849649310111999
critical,13,unambiguous,short,comma,nonfinal,10,7,"film,",10.721031188964844
critical,13,unambiguous,short,comma,nonfinal,10,8,the,3.566049098968506
critical,13,unambiguous,short,comma,nonfinal,10,9,bear,8.069866180419922
critical,13,unambiguous,short,comma,nonfinal,10,10,leaves,11.323285102844238
critical,13,unambiguous,short,comma,nonfinal,10,11,the,2.563073873519897
critical,13,unambiguous,short,comma,nonfinal,10,12,area,5.746615886688232
critical,13,unambiguous,short,comma,nonfinal,10,13,quickly.,7.832692503929138
critical,13,unambiguous,long,object,nonfinal,14,0,Whenever,22.53070068359375
critical,13,unambiguous,long,object,nonfinal,14,1,the,4.872180461883545
critical,13,unambiguous,long,object,nonfinal,14,2,wildlife,15.674010276794434
critical,13,unambiguous,long,object,nonfinal,14,3,documentary,9.702683448791504
critical,13,unambiguous,long,object,nonfinal,14,4,crew,8.249091148376465
critical,13,unambiguous,long,object,nonfinal,14,5,tries,7.6944475173950195
critical,13,unambiguous,long,object,nonfinal,14,6,to,0.0849649310111999
critical,13,unambiguous,long,object,nonfinal,14,7,film,4.251677989959717
critical,13,unambiguous,long,object,nonfinal,14,8,a,2.1581950187683105
critical,13,unambiguous,long,object,nonfinal,14,9,scene,5.986252307891846
critical,13,unambiguous,long,object,nonfinal,14,10,the,8.153814315795898
critical,13,unambiguous,long,object,nonfinal,14,11,bear,7.983101367950439
critical,13,unambiguous,long,object,nonfinal,14,12,hunting,14.88023281097412
critical,13,unambiguous,long,object,nonfinal,14,13,cautiously,23.564603805541992
critical,13,unambiguous,long,object,nonfinal,14,14,leaves,10.047697067260742
critical,13,unambiguous,long,object,nonfinal,14,15,the,1.4143110513687134
critical,13,unambiguous,long,object,nonfinal,14,16,area,3.059239625930786
critical,13,unambiguous,long,object,nonfinal,14,17,quickly.,12.298817992210388
critical,13,unambiguous,short,object,nonfinal,12,0,Whenever,22.53070068359375
critical,13,unambiguous,short,object,nonfinal,12,1,the,4.872180461883545
critical,13,unambiguous,short,object,nonfinal,12,2,wildlife,15.674010276794434
critical,13,unambiguous,short,object,nonfinal,12,3,documentary,9.702683448791504
critical,13,unambiguous,short,object,nonfinal,12,4,crew,8.249091148376465
critical,13,unambiguous,short,object,nonfinal,12,5,tries,7.6944475173950195
critical,13,unambiguous,short,object,nonfinal,12,6,to,0.0849649310111999
critical,13,unambiguous,short,object,nonfinal,12,7,film,4.251677989959717
critical,13,unambiguous,short,object,nonfinal,12,8,a,2.1581950187683105
critical,13,unambiguous,short,object,nonfinal,12,9,scene,5.986252307891846
critical,13,unambiguous,short,object,nonfinal,12,10,the,8.153814315795898
critical,13,unambiguous,short,object,nonfinal,12,11,bear,7.983101367950439
critical,13,unambiguous,short,object,nonfinal,12,12,leaves,10.330596923828123
critical,13,unambiguous,short,object,nonfinal,12,13,the,2.897160530090332
critical,13,unambiguous,short,object,nonfinal,12,14,area,4.335448741912842
critical,13,unambiguous,short,object,nonfinal,12,15,quickly.,8.622479438781738
critical,14,ambiguous,long,,final,9,0,While,22.071142196655277
critical,14,ambiguous,long,,final,9,1,the,2.8811771869659424
critical,14,ambiguous,long,,final,9,2,mechanic,17.458784103393555
critical,14,ambiguous,long,,final,9,3,inspected,12.794262886047363
critical,14,ambiguous,long,,final,9,4,the,0.7103585004806519
critical,14,ambiguous,long,,final,9,5,engine,4.503694534301758
critical,14,ambiguous,long,,final,9,6,running,12.250619888305664
critical,14,ambiguous,long,,final,9,7,on,6.839880466461182
critical,14,ambiguous,long,,final,9,8,diesel,10.267230987548828
critical,14,ambiguous,long,,final,9,9,hissed.,24.1988525390625
critical,14,ambiguous,short,,final,6,0,While,22.071142196655277
critical,14,ambiguous,short,,final,6,1,the,2.8811771869659424
critical,14,ambiguous,short,,final,6,2,mechanic,17.458784103393555
critical,14,ambiguous,short,,final,6,3,inspected,12.794262886047363
critical,14,ambiguous,short,,final,6,4,the,0.7103585004806519
critical,14,ambiguous,short,,final,6,5,engine,4.503694534301758
critical,14,ambiguous,short,,final,6,6,hissed.,24.119093418121334
critical,14,unambiguous,long,comma,final,9,0,While,22.071142196655277
critical,14,unambiguous,long,comma,final,9,1,the,2.8811771869659424
critical,14,unambiguous,long,comma,final,9,2,mechanic,17.458784103393555
critical,14,unambiguous,long,comma,final,9,3,"inspected,",18.08111524581909
critical,14,unambiguous,long,comma,final,9,4,the,2.2614150047302246
critical,14,unambiguous,long,comma,final,9,5,engine,7.394519329071045
critical,14,unambiguous,long,comma,final,9,6,running,9.729669570922852
critical,14,unambiguous,long,comma,final,9,7,on,6.653891563415527
critical,14,unambiguous,long,comma,final,9,8,diesel,9.440921783447266
critical,14,unambiguous,long,comma,final,9,9,hissed.,23.16565227508545
critical,14,unambiguous,short,comma,final,6,0,While,22.071142196655277
critical,14,unambiguous,short,comma,final,6,1,the,2.8811771869659424
critical,14,unambiguous,short,comma,final,6,2,mechanic,17.458784103393555
critical,14,unambiguous,short,comma,final,6,3,"inspected,",18.08111524581909
critical,14,unambiguous,short,comma,final,6,4,the,2.2614150047302246
critical,14,unambiguous,short,comma,final,6,5,engine,7.394519329071045
critical,14,unambiguous,short,comma,final,6,6,hissed.,22.002297163009644
critical,14,unambiguous,long,object,final,11,0,While,22.071142196655277
critical,14,unambiguous,long,object,final,11,1,the,2.8811771869659424
critical,14,unambiguous,long,object,final,11,2,mechanic,17.458784103393555
critical,14,unambiguous,long,object,final,11,3,inspected,12.794262886047363
critical,14,unambiguous,long,object,final,11,4,the,0.7103585004806519
critical,14,unambiguous,long,object,final,11,5,vehicle,2.4665682315826416
critical,14,unambiguous,long,object,final,11,6,the,6.871159553527832
critical,14,unambiguous,long,object,final,11,7,engine,7.72547721862793
critical,14,unambiguous,long,object,final,11,8,running,9.692534446716309
critical,14,unambiguous,long,object,final,11,9,on,6.874023914337158
critical,14,unambiguous,long,object,final,11,10,diesel,9.41061782836914
critical,14,unambiguous,long,object,final,11,11,hissed.,24.136616230010983
critical,14,unambiguous,short,object,final,8,0,While,22.071142196655277
critical,14,unambiguous,short,object,final,8,1,the,2.8811771869659424
critical,14,unambiguous,short,object,final,8,2,mechanic,17.458784103393555
critical,14,unambiguous,short,object,final,8,3,inspected,12.794262886047363
critical,14,unambiguous,short,object,final,8,4,the,0.7103585004806519
critical,14,unambiguous,short,object,final,8,5,vehicle,2.4665682315826416
critical,14,unambiguous,short,object,final,8,6,the,6.871159553527832
critical,14,unambiguous,short,object,final,8,7,engine,7.72547721862793
critical,14,unambiguous,short,object,final,8,8,hissed.,22.8778018951416
critical,14,ambiguous,long,,nonfinal,9,0,While,22.071142196655277
critical,14,ambiguous,long,,nonfinal,9,1,the,2.8811771869659424
critical,14,ambiguous,long,,nonfinal,9,2,mechanic,17.458784103393555
critical,14,ambiguous,long,,nonfinal,9,3,inspected,12.794262886047363
critical,14,ambiguous,long,,nonfinal,9,4,the,0.7103585004806519
critical,14,ambiguous,long,,nonfinal,9,5,engine,4.503694534301758
critical,14,ambiguous,long,,nonfinal,9,6,running,12.250619888305664
critical,14,ambiguous,long,,nonfinal,9,7,on,6.839880466461182
critical,14,ambiguous,long,,nonfinal,9,8,diesel,10.267230987548828
critical,14,ambiguous,long,,nonfinal,9,9,hissed,18.59031105041504
critical,14,ambiguous,long,,nonfinal,9,10,as,6.636997699737549
critical,14,ambiguous,long,,nonfinal,9,11,steam,9.477611541748049
critical,14,ambiguous,long,,nonfinal,9,12,escaped.,8.87819242477417
critical,14,ambiguous,short,,nonfinal,6,0,While,22.071142196655277
critical,14,ambiguous,short,,nonfinal,6,1,the,2.8811771869659424
critical,14,ambiguous,short,,nonfinal,6,2,mechanic,17.458784103393555
critical,14,ambiguous,short,,nonfinal,6,3,inspected,12.794262886047363
critical,14,ambiguous,short,,nonfinal,6,4,the,0.7103585004806519
critical,14,ambiguous,short,,nonfinal,6,5,engine,4.503694534301758
critical,14,ambiguous,short,,nonfinal,6,6,hissed,19.23624897003174
critical,14,ambiguous,short,,nonfinal,6,7,as,4.5226263999938965
critical,14,ambiguous,short,,nonfinal,6,8,steam,8.435961723327637
critical,14,ambiguous,short,,nonfinal,6,9,escaped.,7.330922603607178
critical,14,unambiguous,long,comma,nonfinal,9,0,While,22.071142196655277
critical,14,unambiguous,long,comma,nonfinal,9,1,the,2.8811771869659424
critical,14,unambiguous,long,comma,nonfinal,9,2,mechanic,17.458784103393555
critical,14,unambiguous,long,comma,nonfinal,9,3,"inspected,",18.08111524581909
critical,14,unambiguous,long,comma,nonfinal,9,4,the,2.2614150047302246
critical,14,unambiguous,long,comma,nonfinal,9,5,engine,7.394519329071045
critical,14,unambiguous,long,comma,nonfinal,9,6,running,9.729669570922852
critical,14,unambiguous,long,comma,nonfinal,9,7,on,6.653891563415527
critical,14,unambiguous,long,comma,nonfinal,9,8,diesel,9.440921783447266
critical,14,unambiguous,long,comma,nonfinal,9,9,hissed,20.0573673248291
critical,14,unambiguous,long,comma,nonfinal,9,10,as,4.12430477142334
critical,14,unambiguous,long,comma,nonfinal,9,11,steam,8.84382152557373
critical,14,unambiguous,long,comma,nonfinal,9,12,escaped.,7.953973054885864
critical,14,unambiguous,short,comma,nonfinal,6,0,While,22.071142196655277
critical,14,unambiguous,short,comma,nonfinal,6,1,the,2.8811771869659424
critical,14,unambiguous,short,comma,nonfinal,6,2,mechanic,17.458784103393555
critical,14,unambiguous,short,comma,nonfinal,6,3,"inspected,",18.08111524581909
critical,14,unambiguous,short,comma,nonfinal,6,4,the,2.2614150047302246
critical,14,unambiguous,short,comma,nonfinal,6,5,engine,7.394519329071045
critical,14,unambiguous,short,comma,nonfinal,6,6,hissed,18.499632596969604
critical,14,unambiguous,short,comma,nonfinal,6,7,as,3.290588140487671
critical,14,unambiguous,short,comma,nonfinal,6,8,steam,9.541139602661133
critical,14,unambiguous,short,comma,nonfinal,6,9,escaped.,6.542078256607056
critical,14,unambiguous,long,object,nonfinal,11,0,While,22.071142196655277
critical,14,unambiguous,long,object,nonfinal,11,1,the,2.8811771869659424
critical,14,unambiguous,long,object,nonfinal,11,2,mechanic,17.458784103393555
critical,14,unambiguous,long,object,nonfinal,11,3,inspected,12.794262886047363
critical,14,unambiguous,long,object,nonfinal,11,4,the,0.7103585004806519
critical,14,unambiguous,long,object,nonfinal,11,5,vehicle,2.4665682315826416
critical,14,unambiguous,long,object,nonfinal,11,6,the,6.871159553527832
critical,14,unambiguous,long,object,nonfinal,11,7,engine,7.72547721862793
critical,14,unambiguous,long,object,nonfinal,11,8,running,9.692534446716309
critical,14,unambiguous,long,object,nonfinal,11,9,on,6.874023914337158
critical,14,unambiguous,long,object,nonfinal,11,10,diesel,9.41061782836914
critical,14,unambiguous,long,object,nonfinal,11,11,hissed,20.65349006652832
critical,14,unambiguous,long,object,nonfinal,11,12,as,4.781866073608398
critical,14,unambiguous,long,object,nonfinal,11,13,steam,8.38765811920166
critical,14,unambiguous,long,object,nonfinal,11,14,escaped.,8.051223278045654
critical,14,unambiguous,short,object,nonfinal,8,0,While,22.071142196655277
critical,14,unambiguous,short,object,nonfinal,8,1,the,2.8811771869659424
critical,14,unambiguous,short,object,nonfinal,8,2,mechanic,17.458784103393555
critical,14,unambiguous,short,object,nonfinal,8,3,inspected,12.794262886047363
critical,14,unambiguous,short,object,nonfinal,8,4,the,0.7103585004806519
critical,14,unambiguous,short,object,nonfinal,8,5,vehicle,2.4665682315826416
critical,14,unambiguous,short,object,nonfinal,8,6,the,6.871159553527832
critical,14,unambiguous,short,object,nonfinal,8,7,engine,7.72547721862793
critical,14,unambiguous,short,object,nonfinal,8,8,hissed,19.12869024276733
critical,14,unambiguous,short,object,nonfinal,8,9,as,3.651860237121582
critical,14,unambiguous,short,object,nonfinal,8,10,steam,8.777453422546387
critical,14,unambiguous,short,object,nonfinal,8,11,escaped.,6.282583951950073
critical,15,ambiguous,long,,final,10,0,After,20.94694709777832
critical,15,ambiguous,long,,final,10,1,the,3.189217329025269
critical,15,ambiguous,long,,final,10,2,college,12.423980712890623
critical,15,ambiguous,long,,final,10,3,shut,13.73141384124756
critical,15,ambiguous,long,,final,10,4,down,0.8587478995323181
critical,15,ambiguous,long,,final,10,5,the,3.63265061378479
critical,15,ambiguous,long,,final,10,6,parties,12.323249816894531
critical,15,ambiguous,long,,final,10,7,in,4.576147556304932
critical,15,ambiguous,long,,final,10,8,the,1.901495218276977
critical,15,ambiguous,long,,final,10,9,fraternity,9.810889542102814
critical,15,ambiguous,long,,final,10,10,stopped.,19.25375723838806
critical,15,ambiguous,short,,final,7,0,After,20.94694709777832
critical,15,ambiguous,short,,final,7,1,the,3.189217329025269
critical,15,ambiguous,short,,final,7,2,college,12.423980712890623
critical,15,ambiguous,short,,final,7,3,shut,13.73141384124756
critical,15,ambiguous,short,,final,7,4,down,0.8587478995323181
critical,15,ambiguous,short,,final,7,5,the,3.63265061378479
critical,15,ambiguous,short,,final,7,6,parties,12.323249816894531
critical,15,ambiguous,short,,final,7,7,stopped.,12.475854873657228
critical,15,unambiguous,long,comma,final,10,0,After,20.94694709777832
critical,15,unambiguous,long,comma,final,10,1,the,3.189217329025269
critical,15,unambiguous,long,comma,final,10,2,college,12.423980712890623
critical,15,unambiguous,long,comma,final,10,3,shut,13.73141384124756
critical,15,unambiguous,long,comma,final,10,4,"down,",2.2849889397621155
critical,15,unambiguous,long,comma,final,10,5,the,2.3537325859069824
critical,15,unambiguous,long,comma,final,10,6,parties,10.87682819366455
critical,15,unambiguous,long,comma,final,10,7,in,5.660834789276123
critical,15,unambiguous,long,comma,final,10,8,the,2.05773663520813
critical,15,unambiguous,long,comma,final,10,9,fraternity,10.082395136356354
critical,15,unambiguous,long,comma,final,10,10,stopped.,13.453578472137451
critical,15,unambiguous,short,comma,final,7,0,After,20.94694709777832
critical,15,unambiguous,short,comma,final,7,1,the,3.189217329025269
critical,15,unambiguous,short,comma,final,7,2,college,12.423980712890623
critical,15,unambiguous,short,comma,final,7,3,shut,13.73141384124756
critical,15,unambiguous,short,comma,final,7,4,"down,",2.2849889397621155
critical,15,unambiguous,short,comma,final,7,5,the,2.3537325859069824
critical,15,unambiguous,short,comma,final,7,6,parties,10.87682819366455
critical,15,unambiguous,short,comma,final,7,7,stopped.,8.96467936038971
critical,15,unambiguous,long,object,final,12,0,After,20.94694709777832
critical,15,unambiguous,long,object,final,12,1,the,3.189217329025269
critical,15,unambiguous,long,object,final,12,2,college,12.423980712890623
critical,15,unambiguous,long,object,final,12,3,shut,13.73141384124756
critical,15,unambiguous,long,object,final,12,4,down,0.8587478995323181
critical,15,unambiguous,long,object,final,12,5,the,3.63265061378479
critical,15,unambiguous,long,object,final,12,6,campus,5.893202781677246
critical,15,unambiguous,long,object,final,12,7,the,8.520726203918457
critical,15,unambiguous,long,object,final,12,8,parties,11.565711975097656
critical,15,unambiguous,long,object,final,12,9,in,6.733321666717529
critical,15,unambiguous,long,object,final,12,10,the,1.644228458404541
critical,15,unambiguous,long,object,final,12,11,fraternity,8.24760389328003
critical,15,unambiguous,long,object,final,12,12,stopped.,10.828067779541016
critical,15,unambiguous,short,object,final,9,0,After,20.94694709777832
critical,15,unambiguous,short,object,final,9,1,the,3.189217329025269
critical,15,unambiguous,short,object,final,9,2,college,12.423980712890623
critical,15,unambiguous,short,object,final,9,3,shut,13.73141384124756
critical,15,unambiguous,short,object,final,9,4,down,0.8587478995323181
critical,15,unambiguous,short,object,final,9,5,the,3.63265061378479
critical,15,unambiguous,short,object,final,9,6,campus,5.893202781677246
critical,15,unambiguous,short,object,final,9,7,the,8.520726203918457
critical,15,unambiguous,short,object,final,9,8,parties,11.565711975097656
critical,15,unambiguous,short,object,final,9,9,stopped.,8.686986804008484
critical,15,ambiguous,long,,nonfinal,10,0,After,20.94694709777832
critical,15,ambiguous,long,,nonfinal,10,1,the,3.189217329025269
critical,15,ambiguous,long,,nonfinal,10,2,college,12.423980712890623
critical,15,ambiguous,long,,nonfinal,10,3,shut,13.73141384124756
critical,15,ambiguous,long,,nonfinal,10,4,down,0.8587478995323181
critical,15,ambiguous,long,,nonfinal,10,5,the,3.63265061378479
critical,15,ambiguous,long,,nonfinal,10,6,parties,12.323249816894531
critical,15,ambiguous,long,,nonfinal,10,7,in,4.576147556304932
critical,15,ambiguous,long,,nonfinal,10,8,the,1.901495218276977
critical,15,ambiguous,long,,nonfinal,10,9,fraternity,9.810889542102814
critical,15,ambiguous,long,,nonfinal,10,10,stopped,15.723231315612791
critical,15,ambiguous,long,,nonfinal,10,11,for,8.032270431518555
critical,15,ambiguous,long,,nonfinal,10,12,the,1.2306982278823853
critical,15,ambiguous,long,,nonfinal,10,13,year.,7.387221693992615
critical,15,ambiguous,short,,nonfinal,7,0,After,20.94694709777832
critical,15,ambiguous,short,,nonfinal,7,1,the,3.189217329025269
critical,15,ambiguous,short,,nonfinal,7,2,college,12.423980712890623
critical,15,ambiguous,short,,nonfinal,7,3,shut,13.73141384124756
critical,15,ambiguous,short,,nonfinal,7,4,down,0.8587478995323181
critical,15,ambiguous,short,,nonfinal,7,5,the,3.63265061378479
critical,15,ambiguous,short,,nonfinal,7,6,parties,12.323249816894531
critical,15,ambiguous,short,,nonfinal,7,7,stopped,10.46428108215332
critical,15,ambiguous,short,,nonfinal,7,8,for,5.8189849853515625
critical,15,ambiguous,short,,nonfinal,7,9,the,1.3067296743392944
critical,15,ambiguous,short,,nonfinal,7,10,year.,7.794737935066223
critical,15,unambiguous,long,comma,nonfinal,10,0,After,20.94694709777832
critical,15,unambiguous,long,comma,nonfinal,10,1,the,3.189217329025269
critical,15,unambiguous,long,comma,nonfinal,10,2,college,12.423980712890623
critical,15,unambiguous,long,comma,nonfinal,10,3,shut,13.73141384124756
critical,15,unambiguous,long,comma,nonfinal,10,4,"down,",2.2849889397621155
critical,15,unambiguous,long,comma,nonfinal,10,5,the,2.3537325859069824
critical,15,unambiguous,long,comma,nonfinal,10,6,parties,10.87682819366455
critical,15,unambiguous,long,comma,nonfinal,10,7,in,5.660834789276123
critical,15,unambiguous,long,comma,nonfinal,10,8,the,2.05773663520813
critical,15,unambiguous,long,comma,nonfinal,10,9,fraternity,10.082395136356354
critical,15,unambiguous,long,comma,nonfinal,10,10,stopped,8.64521598815918
critical,15,unambiguous,long,comma,nonfinal,10,11,for,8.974241256713867
critical,15,unambiguous,long,comma,nonfinal,10,12,the,1.7886855602264404
critical,15,unambiguous,long,comma,nonfinal,10,13,year.,7.718300700187683
critical,15,unambiguous,short,comma,nonfinal,7,0,After,20.94694709777832
critical,15,unambiguous,short,comma,nonfinal,7,1,the,3.189217329025269
critical,15,unambiguous,short,comma,nonfinal,7,2,college,12.423980712890623
critical,15,unambiguous,short,comma,nonfinal,7,3,shut,13.73141384124756
critical,15,unambiguous,short,comma,nonfinal,7,4,"down,",2.2849889397621155
critical,15,unambiguous,short,comma,nonfinal,7,5,the,2.3537325859069824
critical,15,unambiguous,short,comma,nonfinal,7,6,parties,10.87682819366455
critical,15,unambiguous,short,comma,nonfinal,7,7,stopped,7.413888454437256
critical,15,unambiguous,short,comma,nonfinal,7,8,for,5.474796772003174
critical,15,unambiguous,short,comma,nonfinal,7,9,the,1.1382746696472168
critical,15,unambiguous,short,comma,nonfinal,7,10,year.,7.523896813392639
critical,15,unambiguous,long,object,nonfinal,12,0,After,20.94694709777832
critical,15,unambiguous,long,object,nonfinal,12,1,the,3.189217329025269
critical,15,unambiguous,long,object,nonfinal,12,2,college,12.423980712890623
critical,15,unambiguous,long,object,nonfinal,12,3,shut,13.73141384124756
critical,15,unambiguous,long,object,nonfinal,12,4,down,0.8587478995323181
critical,15,unambiguous,long,object,nonfinal,12,5,the,3.63265061378479
critical,15,unambiguous,long,object,nonfinal,12,6,campus,5.893202781677246
critical,15,unambiguous,long,object,nonfinal,12,7,the,8.520726203918457
critical,15,unambiguous,long,object,nonfinal,12,8,parties,11.565711975097656
critical,15,unambiguous,long,object,nonfinal,12,9,in,6.733321666717529
critical,15,unambiguous,long,object,nonfinal,12,10,the,1.644228458404541
critical,15,unambiguous,long,object,nonfinal,12,11,fraternity,8.24760389328003
critical,15,unambiguous,long,object,nonfinal,12,12,stopped,8.212817192077637
critical,15,unambiguous,long,object,nonfinal,12,13,for,6.40575647354126
critical,15,unambiguous,long,object,nonfinal,12,14,the,1.4499897956848145
critical,15,unambiguous,long,object,nonfinal,12,15,year.,8.104911923408508
critical,15,unambiguous,short,object,nonfinal,9,0,After,20.94694709777832
critical,15,unambiguous,short,object,nonfinal,9,1,the,3.189217329025269
critical,15,unambiguous,short,object,nonfinal,9,2,college,12.423980712890623
critical,15,unambiguous,short,object,nonfinal,9,3,shut,13.73141384124756
critical,15,unambiguous,short,object,nonfinal,9,4,down,0.8587478995323181
critical,15,unambiguous,short,object,nonfinal,9,5,the,3.63265061378479
critical,15,unambiguous,short,object,nonfinal,9,6,campus,5.893202781677246
critical,15,unambiguous,short,object,nonfinal,9,7,the,8.520726203918457
critical,15,unambiguous,short,object,nonfinal,9,8,parties,11.565711975097656
critical,15,unambiguous,short,object,nonfinal,9,9,stopped,7.035986423492432
critical,15,unambiguous,short,object,nonfinal,9,10,for,4.735077381134033
critical,15,unambiguous,short,object,nonfinal,9,11,the,1.3562991619110107
critical,15,unambiguous,short,object,nonfinal,9,12,year.,8.14557409286499
critical,16,ambiguous,long,,final,8,0,Before,22.595949172973636
critical,16,ambiguous,long,,final,8,1,the,2.942389249801636
critical,16,ambiguous,long,,final,8,2,fans,12.890782356262209
critical,16,ambiguous,long,,final,8,3,notice,11.540440559387209
critical,16,ambiguous,long,,final,8,4,the,2.324345588684082
critical,16,ambiguous,long,,final,8,5,celebrity,10.974531173706056
critical,16,ambiguous,long,,final,8,6,shopping,12.740368843078612
critical,16,ambiguous,long,,final,8,7,discreetly,19.31913661956787
critical,16,ambiguous,long,,final,8,8,flees.,21.83996295928955
critical,16,ambiguous,short,,final,6,0,Before,22.595949172973636
critical,16,ambiguous,short,,final,6,1,the,2.942389249801636
critical,16,ambiguous,short,,final,6,2,fans,12.890782356262209
critical,16,ambiguous,short,,final,6,3,notice,11.540440559387209
critical,16,ambiguous,short,,final,6,4,the,2.324345588684082
critical,16,ambiguous,short,,final,6,5,celebrity,10.974531173706056
critical,16,ambiguous,short,,final,6,6,flees.,26.198758125305176
critical,16,unambiguous,long,comma,final,8,0,Before,22.595949172973636
critical,16,unambiguous,long,comma,final,8,1,the,2.942389249801636
critical,16,unambiguous,long,comma,final,8,2,fans,12.890782356262209
critical,16,unambiguous,long,comma,final,8,3,"notice,",13.747339725494385
critical,16,unambiguous,long,comma,final,8,4,the,1.946927547454834
critical,16,unambiguous,long,comma,final,8,5,celebrity,12.124171257019045
critical,16,unambiguous,long,comma,final,8,6,shopping,13.500514030456545
critical,16,unambiguous,long,comma,final,8,7,discreetly,20.943407744169235
critical,16,unambiguous,long,comma,final,8,8,flees.,16.444481819868088
critical,16,unambiguous,short,comma,final,6,0,Before,22.595949172973636
critical,16,unambiguous,short,comma,final,6,1,the,2.942389249801636
critical,16,unambiguous,short,comma,final,6,2,fans,12.890782356262209
critical,16,unambiguous,short,comma,final,6,3,"notice,",13.747339725494385
critical,16,unambiguous,short,comma,final,6,4,the,1.946927547454834
critical,16,unambiguous,short,comma,final,6,5,celebrity,12.124171257019045
critical,16,unambiguous,short,comma,final,6,6,flees.,20.417137384414676
critical,16,unambiguous,long,object,final,9,0,Before,22.595949172973636
critical,16,unambiguous,long,object,final,9,1,the,2.942389249801636
critical,16,unambiguous,long,object,final,9,2,fans,12.890782356262209
critical,16,unambiguous,long,object,final,9,3,notice,11.540440559387209
critical,16,unambiguous,long,object,final,9,4,him,7.555296897888184
critical,16,unambiguous,long,object,final,9,5,the,6.911166667938232
critical,16,unambiguous,long,object,final,9,6,celebrity,9.80996799468994
critical,16,unambiguous,long,object,final,9,7,shopping,13.590003967285156
critical,16,unambiguous,long,object,final,9,8,discreetly,20.551377177238464
critical,16,unambiguous,long,object,final,9,9,flees.,17.986646950244904
critical,16,unambiguous,short,object,final,7,0,Before,22.595949172973636
critical,16,unambiguous,short,object,final,7,1,the,2.942389249801636
critical,16,unambiguous,short,object,final,7,2,fans,12.890782356262209
critical,16,unambiguous,short,object,final,7,3,notice,11.540440559387209
critical,16,unambiguous,short,object,final,7,4,him,7.555296897888184
critical,16,unambiguous,short,object,final,7,5,the,6.911166667938232
critical,16,unambiguous,short,object,final,7,6,celebrity,9.80996799468994
critical,16,unambiguous,short,object,final,7,7,flees.,21.58066821098328
critical,16,ambiguous,long,,nonfinal,8,0,Before,22.595949172973636
critical,16,ambiguous,long,,nonfinal,8,1,the,2.942389249801636
critical,16,ambiguous,long,,nonfinal,8,2,fans,12.890782356262209
critical,16,ambiguous,long,,nonfinal,8,3,notice,11.540440559387209
critical,16,ambiguous,long,,nonfinal,8,4,the,2.324345588684082
critical,16,ambiguous,long,,nonfinal,8,5,celebrity,10.974531173706056
critical,16,ambiguous,long,,nonfinal,8,6,shopping,12.740368843078612
critical,16,ambiguous,long,,nonfinal,8,7,discreetly,19.31913661956787
critical,16,ambiguous,long,,nonfinal,8,8,flees,15.373743057250977
critical,16,ambiguous,long,,nonfinal,8,9,in,5.561715126037598
critical,16,ambiguous,long,,nonfinal,8,10,his,7.010803699493408
critical,16,ambiguous,long,,nonfinal,8,11,limousine.,11.562766453251244
critical,16,ambiguous,short,,nonfinal,6,0,Before,22.595949172973636
critical,16,ambiguous,short,,nonfinal,6,1,the,2.942389249801636
critical,16,ambiguous,short,,nonfinal,6,2,fans,12.890782356262209
critical,16,ambiguous,short,,nonfinal,6,3,notice,11.540440559387209
critical,16,ambiguous,short,,nonfinal,6,4,the,2.324345588684082
critical,16,ambiguous,short,,nonfinal,6,5,celebrity,10.974531173706056
critical,16,ambiguous,short,,nonfinal,6,6,flees,20.026113986968998
critical,16,ambiguous,short,,nonfinal,6,7,in,6.007769584655762
critical,16,ambiguous,short,,nonfinal,6,8,his,5.243859767913818
critical,16,ambiguous,short,,nonfinal,6,9,limousine.,12.539462773129344
critical,16,unambiguous,long,comma,nonfinal,8,0,Before,22.595949172973636
critical,16,unambiguous,long,comma,nonfinal,8,1,the,2.942389249801636
critical,16,unambiguous,long,comma,nonfinal,8,2,fans,12.890782356262209
critical,16,unambiguous,long,comma,nonfinal,8,3,"notice,",13.747339725494385
critical,16,unambiguous,long,comma,nonfinal,8,4,the,1.946927547454834
critical,16,unambiguous,long,comma,nonfinal,8,5,celebrity,12.124171257019045
critical,16,unambiguous,long,comma,nonfinal,8,6,shopping,13.500514030456545
critical,16,unambiguous,long,comma,nonfinal,8,7,discreetly,20.943407744169235
critical,16,unambiguous,long,comma,nonfinal,8,8,flees,12.369058579206468
critical,16,unambiguous,long,comma,nonfinal,8,9,in,5.897657871246338
critical,16,unambiguous,long,comma,nonfinal,8,10,his,5.958515167236328
critical,16,unambiguous,long,comma,nonfinal,8,11,limousine.,8.96662506274879
critical,16,unambiguous,short,comma,nonfinal,6,0,Before,22.595949172973636
critical,16,unambiguous,short,comma,nonfinal,6,1,the,2.942389249801636
critical,16,unambiguous,short,comma,nonfinal,6,2,fans,12.890782356262209
critical,16,unambiguous,short,comma,nonfinal,6,3,"notice,",13.747339725494385
critical,16,unambiguous,short,comma,nonfinal,6,4,the,1.946927547454834
critical,16,unambiguous,short,comma,nonfinal,6,5,celebrity,12.124171257019045
critical,16,unambiguous,short,comma,nonfinal,6,6,flees,17.653066635131836
critical,16,unambiguous,short,comma,nonfinal,6,7,in,5.606140613555908
critical,16,unambiguous,short,comma,nonfinal,6,8,his,4.035813808441162
critical,16,unambiguous,short,comma,nonfinal,6,9,limousine.,8.23919216170907
critical,16,unambiguous,long,object,nonfinal,9,0,Before,22.595949172973636
critical,16,unambiguous,long,object,nonfinal,9,1,the,2.942389249801636
critical,16,unambiguous,long,object,nonfinal,9,2,fans,12.890782356262209
critical,16,unambiguous,long,object,nonfinal,9,3,notice,11.540440559387209
critical,16,unambiguous,long,object,nonfinal,9,4,him,7.555296897888184
critical,16,unambiguous,long,object,nonfinal,9,5,the,6.911166667938232
critical,16,unambiguous,long,object,nonfinal,9,6,celebrity,9.80996799468994
critical,16,unambiguous,long,object,nonfinal,9,7,shopping,13.590003967285156
critical,16,unambiguous,long,object,nonfinal,9,8,discreetly,20.551377177238464
critical,16,unambiguous,long,object,nonfinal,9,9,flees,12.69853001832962
critical,16,unambiguous,long,object,nonfinal,9,10,in,6.016259670257568
critical,16,unambiguous,long,object,nonfinal,9,11,his,3.5126121044158936
critical,16,unambiguous,long,object,nonfinal,9,12,limousine.,11.0542027130723
critical,16,unambiguous,short,object,nonfinal,7,0,Before,22.595949172973636
critical,16,unambiguous,short,object,nonfinal,7,1,the,2.942389249801636
critical,16,unambiguous,short,object,nonfinal,7,2,fans,12.890782356262209
critical,16,unambiguous,short,object,nonfinal,7,3,notice,11.540440559387209
critical,16,unambiguous,short,object,nonfinal,7,4,him,7.555296897888184
critical,16,unambiguous,short,object,nonfinal,7,5,the,6.911166667938232
critical,16,unambiguous,short,object,nonfinal,7,6,celebrity,9.80996799468994
critical,16,unambiguous,short,object,nonfinal,7,7,flees,16.899935007095337
critical,16,unambiguous,short,object,nonfinal,7,8,in,6.064090251922607
critical,16,unambiguous,short,object,nonfinal,7,9,his,3.7074341773986816
critical,16,unambiguous,short,object,nonfinal,7,10,limousine.,10.584442080929875
critical,17,ambiguous,long,,final,8,0,While,22.071142196655277
critical,17,ambiguous,long,,final,8,1,the,2.8811771869659424
critical,17,ambiguous,long,,final,8,2,chef,14.805774688720703
critical,17,ambiguous,long,,final,8,3,cooked,9.147589683532717
critical,17,ambiguous,long,,final,8,4,the,2.899818658828736
critical,17,ambiguous,long,,final,8,5,stew,10.297680854797363
critical,17,ambiguous,long,,final,8,6,with,5.590217590332031
critical,17,ambiguous,long,,final,8,7,vegetables,5.209972381591797
critical,17,ambiguous,long,,final,8,8,simmered.,21.30844020564109
critical,17,ambiguous,short,,final,6,0,While,22.071142196655277
critical,17,ambiguous,short,,final,6,1,the,2.8811771869659424
critical,17,ambiguous,short,,final,6,2,chef,14.805774688720703
critical,17,ambiguous,short,,final,6,3,cooked,9.147589683532717
critical,17,ambiguous,short,,final,6,4,the,2.899818658828736
critical,17,ambiguous,short,,final,6,5,stew,10.297680854797363
critical,17,ambiguous,short,,final,6,6,simmered.,22.921379379928112
critical,17,unambiguous,long,comma,final,8,0,While,22.071142196655277
critical,17,unambiguous,long,comma,final,8,1,the,2.8811771869659424
critical,17,unambiguous,long,comma,final,8,2,chef,14.805774688720703
critical,17,unambiguous,long,comma,final,8,3,"cooked,",12.193113565444946
critical,17,unambiguous,long,comma,final,8,4,the,2.1137025356292725
critical,17,unambiguous,long,comma,final,8,5,stew,11.972793579101562
critical,17,unambiguous,long,comma,final,8,6,with,11.980494499206545
critical,17,unambiguous,long,comma,final,8,7,vegetables,4.25417947769165
critical,17,unambiguous,long,comma,final,8,8,simmered.,10.97095774486661
critical,17,unambiguous,short,comma,final,6,0,While,22.071142196655277
critical,17,unambiguous,short,comma,final,6,1,the,2.8811771869659424
critical,17,unambiguous,short,comma,final,6,2,chef,14.805774688720703
critical,17,unambiguous,short,comma,final,6,3,"cooked,",12.193113565444946
critical,17,unambiguous,short,comma,final,6,4,the,2.1137025356292725
critical,17,unambiguous,short,comma,final,6,5,stew,11.972793579101562
critical,17,unambiguous,short,comma,final,6,6,simmered.,9.96355182863772
critical,17,unambiguous,long,object,final,11,0,While,22.071142196655277
critical,17,unambiguous,long,object,final,11,1,the,2.8811771869659424
critical,17,unambiguous,long,object,final,11,2,chef,14.805774688720703
critical,17,unambiguous,long,object,final,11,3,cooked,9.147589683532717
critical,17,unambiguous,long,object,final,11,4,the,2.899818658828736
critical,17,unambiguous,long,object,final,11,5,main,6.979251384735107
critical,17,unambiguous,long,object,final,11,6,course,0.7524585127830505
critical,17,unambiguous,long,object,final,11,7,the,6.547091960906982
critical,17,unambiguous,long,object,final,11,8,stew,11.81370735168457
critical,17,unambiguous,long,object,final,11,9,with,12.084650993347168
critical,17,unambiguous,long,object,final,11,10,vegetables,3.523390531539917
critical,17,unambiguous,long,object,final,11,11,simmered.,16.011180107481778
critical,17,unambiguous,short,object,final,9,0,While,22.071142196655277
critical,17,unambiguous,short,object,final,9,1,the,2.8811771869659424
critical,17,unambiguous,short,object,final,9,2,chef,14.805774688720703
critical,17,unambiguous,short,object,final,9,3,cooked,9.147589683532717
critical,17,unambiguous,short,object,final,9,4,the,2.899818658828736
critical,17,unambiguous,short,object,final,9,5,main,6.979251384735107
critical,17,unambiguous,short,object,final,9,6,course,0.7524585127830505
critical,17,unambiguous,short,object,final,9,7,the,6.547091960906982
critical,17,unambiguous,short,object,final,9,8,stew,11.81370735168457
critical,17,unambiguous,short,object,final,9,9,simmered.,16.666250464506447
critical,17,ambiguous,long,,nonfinal,8,0,While,22.071142196655277
critical,17,ambiguous,long,,nonfinal,8,1,the,2.8811771869659424
critical,17,ambiguous,long,,nonfinal,8,2,chef,14.805774688720703
critical,17,ambiguous,long,,nonfinal,8,3,cooked,9.147589683532717
critical,17,ambiguous,long,,nonfinal,8,4,the,2.899818658828736
critical,17,ambiguous,long,,nonfinal,8,5,stew,10.297680854797363
critical,17,ambiguous,long,,nonfinal,8,6,with,5.590217590332031
critical,17,ambiguous,long,,nonfinal,8,7,vegetables,5.209972381591797
critical,17,ambiguous,long,,nonfinal,8,8,simmered,10.71605205256492
critical,17,ambiguous,long,,nonfinal,8,9,on,4.031332492828369
critical,17,ambiguous,long,,nonfinal,8,10,the,0.9343225955963136
critical,17,ambiguous,long,,nonfinal,8,11,back,5.803632736206055
critical,17,ambiguous,long,,nonfinal,8,12,burner.,7.644316434860229
critical,17,ambiguous,short,,nonfinal,6,0,While,22.071142196655277
critical,17,ambiguous,short,,nonfinal,6,1,the,2.8811771869659424
critical,17,ambiguous,short,,nonfinal,6,2,chef,14.805774688720703
critical,17,ambiguous,short,,nonfinal,6,3,cooked,9.147589683532717
critical,17,ambiguous,short,,nonfinal,6,4,the,2.899818658828736
critical,17,ambiguous,short,,nonfinal,6,5,stew,10.297680854797363
critical,17,ambiguous,short,,nonfinal,6,6,simmered,14.526804260909556
critical,17,ambiguous,short,,nonfinal,6,7,on,3.508265733718872
critical,17,ambiguous,short,,nonfinal,6,8,the,0.5107705593109131
critical,17,ambiguous,short,,nonfinal,6,9,back,6.060718059539795
critical,17,ambiguous,short,,nonfinal,6,10,burner.,6.643014192581177
critical,17,unambiguous,long,comma,nonfinal,8,0,While,22.071142196655277
critical,17,unambiguous,long,comma,nonfinal,8,1,the,2.8811771869659424
critical,17,unambiguous,long,comma,nonfinal,8,2,chef,14.805774688720703
critical,17,unambiguous,long,comma,nonfinal,8,3,"cooked,",12.193113565444946
critical,17,unambiguous,long,comma,nonfinal,8,4,the,2.1137025356292725
critical,17,unambiguous,long,comma,nonfinal,8,5,stew,11.972793579101562
critical,17,unambiguous,long,comma,nonfinal,8,6,with,11.980494499206545
critical,17,unambiguous,long,comma,nonfinal,8,7,vegetables,4.25417947769165
critical,17,unambiguous,long,comma,nonfinal,8,8,simmered,6.867872703820467
critical,17,unambiguous,long,comma,nonfinal,8,9,on,2.8548693656921387
critical,17,unambiguous,long,comma,nonfinal,8,10,the,0.9170981645584106
critical,17,unambiguous,long,comma,nonfinal,8,11,back,5.61757230758667
critical,17,unambiguous,long,comma,nonfinal,8,12,burner.,3.1765952110290527
critical,17,unambiguous,short,comma,nonfinal,6,0,While,22.071142196655277
critical,17,unambiguous,short,comma,nonfinal,6,1,the,2.8811771869659424
critical,17,unambiguous,short,comma,nonfinal,6,2,chef,14.805774688720703
critical,17,unambiguous,short,comma,nonfinal,6,3,"cooked,",12.193113565444946
critical,17,unambiguous,short,comma,nonfinal,6,4,the,2.1137025356292725
critical,17,unambiguous,short,comma,nonfinal,6,5,stew,11.972793579101562
critical,17,unambiguous,short,comma,nonfinal,6,6,simmered,6.790037224069238
critical,17,unambiguous,short,comma,nonfinal,6,7,on,3.532109498977661
critical,17,unambiguous,short,comma,nonfinal,6,8,the,0.3435250222682953
critical,17,unambiguous,short,comma,nonfinal,6,9,back,5.89735221862793
critical,17,unambiguous,short,comma,nonfinal,6,10,burner.,2.8573280572891235
critical,17,unambiguous,long,object,nonfinal,11,0,While,22.071142196655277
critical,17,unambiguous,long,object,nonfinal,11,1,the,2.8811771869659424
critical,17,unambiguous,long,object,nonfinal,11,2,chef,14.805774688720703
critical,17,unambiguous,long,object,nonfinal,11,3,cooked,9.147589683532717
critical,17,unambiguous,long,object,nonfinal,11,4,the,2.899818658828736
critical,17,unambiguous,long,object,nonfinal,11,5,main,6.979251384735107
critical,17,unambiguous,long,object,nonfinal,11,6,course,0.7524585127830505
critical,17,unambiguous,long,object,nonfinal,11,7,the,6.547091960906982
critical,17,unambiguous,long,object,nonfinal,11,8,stew,11.81370735168457
critical,17,unambiguous,long,object,nonfinal,11,9,with,12.084650993347168
critical,17,unambiguous,long,object,nonfinal,11,10,vegetables,3.523390531539917
critical,17,unambiguous,long,object,nonfinal,11,11,simmered,9.57940072286874
critical,17,unambiguous,long,object,nonfinal,11,12,on,3.5622849464416504
critical,17,unambiguous,long,object,nonfinal,11,13,the,0.9731823801994324
critical,17,unambiguous,long,object,nonfinal,11,14,back,4.685206413269043
critical,17,unambiguous,long,object,nonfinal,11,15,burner.,4.16352653503418
critical,17,unambiguous,short,object,nonfinal,9,0,While,22.071142196655277
critical,17,unambiguous,short,object,nonfinal,9,1,the,2.8811771869659424
critical,17,unambiguous,short,object,nonfinal,9,2,chef,14.805774688720703
critical,17,unambiguous,short,object,nonfinal,9,3,cooked,9.147589683532717
critical,17,unambiguous,short,object,nonfinal,9,4,the,2.899818658828736
critical,17,unambiguous,short,object,nonfinal,9,5,main,6.979251384735107
critical,17,unambiguous,short,object,nonfinal,9,6,course,0.7524585127830505
critical,17,unambiguous,short,object,nonfinal,9,7,the,6.547091960906982
critical,17,unambiguous,short,object,nonfinal,9,8,stew,11.81370735168457
critical,17,unambiguous,short,object,nonfinal,9,9,simmered,11.51196646410972
critical,17,unambiguous,short,object,nonfinal,9,10,on,3.285973310470581
critical,17,unambiguous,short,object,nonfinal,9,11,the,0.3675585687160492
critical,17,unambiguous,short,object,nonfinal,9,12,back,4.858617305755615
critical,17,unambiguous,short,object,nonfinal,9,13,burner.,3.270602226257324
critical,18,ambiguous,long,,final,9,0,Once,22.194265365600582
critical,18,ambiguous,long,,final,9,1,the,4.801140308380127
critical,18,ambiguous,long,,final,9,2,contractor,14.218561172485352
critical,18,ambiguous,long,,final,9,3,remodeled,18.23161721229553
critical,18,ambiguous,long,,final,9,4,the,1.2607332468032837
critical,18,ambiguous,long,,final,9,5,house,3.3336374759674072
critical,18,ambiguous,long,,final,9,6,that,7.918513298034668
critical,18,ambiguous,long,,final,9,7,was,2.2285897731781006
critical,18,ambiguous,long,,final,9,8,neglected,11.052183151245115
critical,18,ambiguous,long,,final,9,9,transformed.,26.465717792510983
critical,18,ambiguous,short,,final,6,0,Once,22.194265365600582
critical,18,ambiguous,short,,final,6,1,the,4.801140308380127
critical,18,ambiguous,short,,final,6,2,contractor,14.218561172485352
critical,18,ambiguous,short,,final,6,3,remodeled,18.23161721229553
critical,18,ambiguous,short,,final,6,4,the,1.2607332468032837
critical,18,ambiguous,short,,final,6,5,house,3.3336374759674072
critical,18,ambiguous,short,,final,6,6,transformed.,23.82414293289185
critical,18,unambiguous,long,comma,final,9,0,Once,22.194265365600582
critical,18,unambiguous,long,comma,final,9,1,the,4.801140308380127
critical,18,unambiguous,long,comma,final,9,2,contractor,14.218561172485352
critical,18,unambiguous,long,comma,final,9,3,"remodeled,",22.510260820388797
critical,18,unambiguous,long,comma,final,9,4,the,1.842638611793518
critical,18,unambiguous,long,comma,final,9,5,house,5.536059379577637
critical,18,unambiguous,long,comma,final,9,6,that,9.616792678833008
critical,18,unambiguous,long,comma,final,9,7,was,2.5025827884674072
critical,18,unambiguous,long,comma,final,9,8,neglected,11.20354175567627
critical,18,unambiguous,long,comma,final,9,9,transformed.,17.36179828643799
critical,18,unambiguous,short,comma,final,6,0,Once,22.194265365600582
critical,18,unambiguous,short,comma,final,6,1,the,4.801140308380127
critical,18,unambiguous,short,comma,final,6,2,contractor,14.218561172485352
critical,18,unambiguous,short,comma,final,6,3,"remodeled,",22.510260820388797
critical,18,unambiguous,short,comma,final,6,4,the,1.842638611793518
critical,18,unambiguous,short,comma,final,6,5,house,5.536059379577637
critical,18,unambiguous,short,comma,final,6,6,transformed.,14.249647974967957
critical,18,unambiguous,long,object,final,11,0,Once,22.194265365600582
critical,18,unambiguous,long,object,final,11,1,the,4.801140308380127
critical,18,unambiguous,long,object,final,11,2,contractor,14.218561172485352
critical,18,unambiguous,long,object,final,11,3,remodeled,18.23161721229553
critical,18,unambiguous,long,object,final,11,4,the,1.2607332468032837
critical,18,unambiguous,long,object,final,11,5,exterior,6.782223701477051
critical,18,unambiguous,long,object,final,11,6,the,8.616740226745605
critical,18,unambiguous,long,object,final,11,7,house,6.014950275421143
critical,18,unambiguous,long,object,final,11,8,that,9.11483669281006
critical,18,unambiguous,long,object,final,11,9,was,2.289345026016236
critical,18,unambiguous,long,object,final,11,10,neglected,11.206805229187012
critical,18,unambiguous,long,object,final,11,11,transformed.,19.41298532485962
critical,18,unambiguous,short,object,final,8,0,Once,22.194265365600582
critical,18,unambiguous,short,object,final,8,1,the,4.801140308380127
critical,18,unambiguous,short,object,final,8,2,contractor,14.218561172485352
critical,18,unambiguous,short,object,final,8,3,remodeled,18.23161721229553
critical,18,unambiguous,short,object,final,8,4,the,1.2607332468032837
critical,18,unambiguous,short,object,final,8,5,exterior,6.782223701477051
critical,18,unambiguous,short,object,final,8,6,the,8.616740226745605
critical,18,unambiguous,short,object,final,8,7,house,6.014950275421143
critical,18,unambiguous,short,object,final,8,8,transformed.,14.678280353546144
critical,18,ambiguous,long,,nonfinal,9,0,Once,22.194265365600582
critical,18,ambiguous,long,,nonfinal,9,1,the,4.801140308380127
critical,18,ambiguous,long,,nonfinal,9,2,contractor,14.218561172485352
critical,18,ambiguous,long,,nonfinal,9,3,remodeled,18.23161721229553
critical,18,ambiguous,long,,nonfinal,9,4,the,1.2607332468032837
critical,18,ambiguous,long,,nonfinal,9,5,house,3.3336374759674072
critical,18,ambiguous,long,,nonfinal,9,6,that,7.918513298034668
critical,18,ambiguous,long,,nonfinal,9,7,was,2.2285897731781006
critical,18,ambiguous,long,,nonfinal,9,8,neglected,11.052183151245115
critical,18,ambiguous,long,,nonfinal,9,9,transformed,20.68307113647461
critical,18,ambiguous,long,,nonfinal,9,10,into,0.4654153287410736
critical,18,ambiguous,long,,nonfinal,9,11,a,0.7369593977928162
critical,18,ambiguous,long,,nonfinal,9,12,modern,7.580513477325439
critical,18,ambiguous,long,,nonfinal,9,13,masterpiece.,6.361107051372528
critical,18,ambiguous,short,,nonfinal,6,0,Once,22.194265365600582
critical,18,ambiguous,short,,nonfinal,6,1,the,4.801140308380127
critical,18,ambiguous,short,,nonfinal,6,2,contractor,14.218561172485352
critical,18,ambiguous,short,,nonfinal,6,3,remodeled,18.23161721229553
critical,18,ambiguous,short,,nonfinal,6,4,the,1.2607332468032837
critical,18,ambiguous,short,,nonfinal,6,5,house,3.3336374759674072
critical,18,ambiguous,short,,nonfinal,6,6,transformed,19.058799743652344
critical,18,ambiguous,short,,nonfinal,6,7,into,1.931637525558472
critical,18,ambiguous,short,,nonfinal,6,8,a,0.7431480288505554
critical,18,ambiguous,short,,nonfinal,6,9,modern,7.221843242645264
critical,18,ambiguous,short,,nonfinal,6,10,masterpiece.,8.033434510231018
critical,18,unambiguous,long,comma,nonfinal,9,0,Once,22.194265365600582
critical,18,unambiguous,long,comma,nonfinal,9,1,the,4.801140308380127
critical,18,unambiguous,long,comma,nonfinal,9,2,contractor,14.218561172485352
critical,18,unambiguous,long,comma,nonfinal,9,3,"remodeled,",22.510260820388797
critical,18,unambiguous,long,comma,nonfinal,9,4,the,1.842638611793518
critical,18,unambiguous,long,comma,nonfinal,9,5,house,5.536059379577637
critical,18,unambiguous,long,comma,nonfinal,9,6,that,9.616792678833008
critical,18,unambiguous,long,comma,nonfinal,9,7,was,2.5025827884674072
critical,18,unambiguous,long,comma,nonfinal,9,8,neglected,11.20354175567627
critical,18,unambiguous,long,comma,nonfinal,9,9,transformed,13.269455909729004
critical,18,unambiguous,long,comma,nonfinal,9,10,into,0.4539571404457092
critical,18,unambiguous,long,comma,nonfinal,9,11,a,0.600101113319397
critical,18,unambiguous,long,comma,nonfinal,9,12,modern,7.076891899108887
critical,18,unambiguous,long,comma,nonfinal,9,13,masterpiece.,5.556457877159119
critical,18,unambiguous,short,comma,nonfinal,6,0,Once,22.194265365600582
critical,18,unambiguous,short,comma,nonfinal,6,1,the,4.801140308380127
critical,18,unambiguous,short,comma,nonfinal,6,2,contractor,14.218561172485352
critical,18,unambiguous,short,comma,nonfinal,6,3,"remodeled,",22.510260820388797
critical,18,unambiguous,short,comma,nonfinal,6,4,the,1.842638611793518
critical,18,unambiguous,short,comma,nonfinal,6,5,house,5.536059379577637
critical,18,unambiguous,short,comma,nonfinal,6,6,transformed,12.341543197631836
critical,18,unambiguous,short,comma,nonfinal,6,7,into,1.692391872406006
critical,18,unambiguous,short,comma,nonfinal,6,8,a,0.586474597454071
critical,18,unambiguous,short,comma,nonfinal,6,9,modern,6.312799453735352
critical,18,unambiguous,short,comma,nonfinal,6,10,masterpiece.,7.1862510442733765
critical,18,unambiguous,long,object,nonfinal,11,0,Once,22.194265365600582
critical,18,unambiguous,long,object,nonfinal,11,1,the,4.801140308380127
critical,18,unambiguous,long,object,nonfinal,11,2,contractor,14.218561172485352
critical,18,unambiguous,long,object,nonfinal,11,3,remodeled,18.23161721229553
critical,18,unambiguous,long,object,nonfinal,11,4,the,1.2607332468032837
critical,18,unambiguous,long,object,nonfinal,11,5,exterior,6.782223701477051
critical,18,unambiguous,long,object,nonfinal,11,6,the,8.616740226745605
critical,18,unambiguous,long,object,nonfinal,11,7,house,6.014950275421143
critical,18,unambiguous,long,object,nonfinal,11,8,that,9.11483669281006
critical,18,unambiguous,long,object,nonfinal,11,9,was,2.289345026016236
critical,18,unambiguous,long,object,nonfinal,11,10,neglected,11.206805229187012
critical,18,unambiguous,long,object,nonfinal,11,11,transformed,14.71169662475586
critical,18,unambiguous,long,object,nonfinal,11,12,into,0.5212615132331848
critical,18,unambiguous,long,object,nonfinal,11,13,a,0.6451743245124817
critical,18,unambiguous,long,object,nonfinal,11,14,modern,7.029261112213135
critical,18,unambiguous,long,object,nonfinal,11,15,masterpiece.,5.68111252784729
critical,18,unambiguous,short,object,nonfinal,8,0,Once,22.194265365600582
critical,18,unambiguous,short,object,nonfinal,8,1,the,4.801140308380127
critical,18,unambiguous,short,object,nonfinal,8,2,contractor,14.218561172485352
critical,18,unambiguous,short,object,nonfinal,8,3,remodeled,18.23161721229553
critical,18,unambiguous,short,object,nonfinal,8,4,the,1.2607332468032837
critical,18,unambiguous,short,object,nonfinal,8,5,exterior,6.782223701477051
critical,18,unambiguous,short,object,nonfinal,8,6,the,8.616740226745605
critical,18,unambiguous,short,object,nonfinal,8,7,house,6.014950275421143
critical,18,unambiguous,short,object,nonfinal,8,8,transformed,11.712834358215332
critical,18,unambiguous,short,object,nonfinal,8,9,into,1.322527289390564
critical,18,unambiguous,short,object,nonfinal,8,10,a,0.5947297811508179
critical,18,unambiguous,short,object,nonfinal,8,11,modern,6.34093713760376
critical,18,unambiguous,short,object,nonfinal,8,12,masterpiece.,7.205807507038116
critical,19,ambiguous,long,,final,8,0,When,20.04004669189453
critical,19,ambiguous,long,,final,8,1,the,4.025614261627197
critical,19,ambiguous,long,,final,8,2,boy,11.878918647766112
critical,19,ambiguous,long,,final,8,3,hid,11.869725227355955
critical,19,ambiguous,long,,final,8,4,his,2.5337281227111816
critical,19,ambiguous,long,,final,8,5,toy,6.988287925720215
critical,19,ambiguous,long,,final,8,6,from,3.717861652374268
critical,19,ambiguous,long,,final,8,7,childhood,17.49172019958496
critical,19,ambiguous,long,,final,8,8,fell.,25.4644079208374
critical,19,ambiguous,short,,final,6,0,When,20.04004669189453
critical,19,ambiguous,short,,final,6,1,the,4.025614261627197
critical,19,ambiguous,short,,final,6,2,boy,11.878918647766112
critical,19,ambiguous,short,,final,6,3,hid,11.869725227355955
critical,19,ambiguous,short,,final,6,4,his,2.5337281227111816
critical,19,ambiguous,short,,final,6,5,toy,6.988287925720215
critical,19,ambiguous,short,,final,6,6,fell.,24.54484748840332
critical,19,unambiguous,long,comma,final,8,0,When,20.04004669189453
critical,19,unambiguous,long,comma,final,8,1,the,4.025614261627197
critical,19,unambiguous,long,comma,final,8,2,boy,11.878918647766112
critical,19,unambiguous,long,comma,final,8,3,"hid,",18.32642698287964
critical,19,unambiguous,long,comma,final,8,4,his,3.654078245162964
critical,19,unambiguous,long,comma,final,8,5,toy,12.085911750793455
critical,19,unambiguous,long,comma,final,8,6,from,9.995542526245115
critical,19,unambiguous,long,comma,final,8,7,childhood,15.62229061126709
critical,19,unambiguous,long,comma,final,8,8,fell.,14.80817937850952
critical,19,unambiguous,short,comma,final,6,0,When,20.04004669189453
critical,19,unambiguous,short,comma,final,6,1,the,4.025614261627197
critical,19,unambiguous,short,comma,final,6,2,boy,11.878918647766112
critical,19,unambiguous,short,comma,final,6,3,"hid,",18.32642698287964
critical,19,unambiguous,short,comma,final,6,4,his,3.654078245162964
critical,19,unambiguous,short,comma,final,6,5,toy,12.085911750793455
critical,19,unambiguous,short,comma,final,6,6,fell.,12.984541416168211
critical,19,unambiguous,long,object,final,9,0,When,20.04004669189453
critical,19,unambiguous,long,object,final,9,1,the,4.025614261627197
critical,19,unambiguous,long,object,final,9,2,boy,11.878918647766112
critical,19,unambiguous,long,object,final,9,3,hid,11.869725227355955
critical,19,unambiguous,long,object,final,9,4,himself,5.321228504180908
critical,19,unambiguous,long,object,final,9,5,his,9.93333911895752
critical,19,unambiguous,long,object,final,9,6,toy,11.549199104309082
critical,19,unambiguous,long,object,final,9,7,from,6.632674694061279
critical,19,unambiguous,long,object,final,9,8,childhood,15.94031810760498
critical,19,unambiguous,long,object,final,9,9,fell.,19.57145357131958
critical,19,unambiguous,short,object,final,7,0,When,20.04004669189453
critical,19,unambiguous,short,object,final,7,1,the,4.025614261627197
critical,19,unambiguous,short,object,final,7,2,boy,11.878918647766112
critical,19,unambiguous,short,object,final,7,3,hid,11.869725227355955
critical,19,unambiguous,short,object,final,7,4,himself,5.321228504180908
critical,19,unambiguous,short,object,final,7,5,his,9.93333911895752
critical,19,unambiguous,short,object,final,7,6,toy,11.549199104309082
critical,19,unambiguous,short,object,final,7,7,fell.,16.101690769195557
critical,19,ambiguous,long,,nonfinal,8,0,When,20.04004669189453
critical,19,ambiguous,long,,nonfinal,8,1,the,4.025614261627197
critical,19,ambiguous,long,,nonfinal,8,2,boy,11.878918647766112
critical,19,ambiguous,long,,nonfinal,8,3,hid,11.869725227355955
critical,19,ambiguous,long,,nonfinal,8,4,his,2.5337281227111816
critical,19,ambiguous,long,,nonfinal,8,5,toy,6.988287925720215
critical,19,ambiguous,long,,nonfinal,8,6,from,3.717861652374268
critical,19,ambiguous,long,,nonfinal,8,7,childhood,17.49172019958496
critical,19,ambiguous,long,,nonfinal,8,8,fell,17.059343338012695
critical,19,ambiguous,long,,nonfinal,8,9,off,6.159564018249512
critical,19,ambiguous,long,,nonfinal,8,10,the,1.3480041027069092
critical,19,ambiguous,long,,nonfinal,8,11,table.,6.814616918563843
critical,19,ambiguous,short,,nonfinal,6,0,When,20.04004669189453
critical,19,ambiguous,short,,nonfinal,6,1,the,4.025614261627197
critical,19,ambiguous,short,,nonfinal,6,2,boy,11.878918647766112
critical,19,ambiguous,short,,nonfinal,6,3,hid,11.869725227355955
critical,19,ambiguous,short,,nonfinal,6,4,his,2.5337281227111816
critical,19,ambiguous,short,,nonfinal,6,5,toy,6.988287925720215
critical,19,ambiguous,short,,nonfinal,6,6,fell,15.496557235717772
critical,19,ambiguous,short,,nonfinal,6,7,off,4.297950744628906
critical,19,ambiguous,short,,nonfinal,6,8,the,1.619288206100464
critical,19,ambiguous,short,,nonfinal,6,9,table.,5.982329845428467
critical,19,unambiguous,long,comma,nonfinal,8,0,When,20.04004669189453
critical,19,unambiguous,long,comma,nonfinal,8,1,the,4.025614261627197
critical,19,unambiguous,long,comma,nonfinal,8,2,boy,11.878918647766112
critical,19,unambiguous,long,comma,nonfinal,8,3,"hid,",18.32642698287964
critical,19,unambiguous,long,comma,nonfinal,8,4,his,3.654078245162964
critical,19,unambiguous,long,comma,nonfinal,8,5,toy,12.085911750793455
critical,19,unambiguous,long,comma,nonfinal,8,6,from,9.995542526245115
critical,19,unambiguous,long,comma,nonfinal,8,7,childhood,15.62229061126709
critical,19,unambiguous,long,comma,nonfinal,8,8,fell,8.52658748626709
critical,19,unambiguous,long,comma,nonfinal,8,9,off,4.196834564208984
critical,19,unambiguous,long,comma,nonfinal,8,10,the,2.2271106243133545
critical,19,unambiguous,long,comma,nonfinal,8,11,table.,3.951635718345642
critical,19,unambiguous,short,comma,nonfinal,6,0,When,20.04004669189453
critical,19,unambiguous,short,comma,nonfinal,6,1,the,4.025614261627197
critical,19,unambiguous,short,comma,nonfinal,6,2,boy,11.878918647766112
critical,19,unambiguous,short,comma,nonfinal,6,3,"hid,",18.32642698287964
critical,19,unambiguous,short,comma,nonfinal,6,4,his,3.654078245162964
critical,19,unambiguous,short,comma,nonfinal,6,5,toy,12.085911750793455
critical,19,unambiguous,short,comma,nonfinal,6,6,fell,7.360195636749268
critical,19,unambiguous,short,comma,nonfinal,6,7,off,4.308696269989014
critical,19,unambiguous,short,comma,nonfinal,6,8,the,2.0353472232818604
critical,19,unambiguous,short,comma,nonfinal,6,9,table.,3.4474940299987797
critical,19,unambiguous,long,object,nonfinal,9,0,When,20.04004669189453
critical,19,unambiguous,long,object,nonfinal,9,1,the,4.025614261627197
critical,19,unambiguous,long,object,nonfinal,9,2,boy,11.878918647766112
critical,19,unambiguous,long,object,nonfinal,9,3,hid,11.869725227355955
critical,19,unambiguous,long,object,nonfinal,9,4,himself,5.321228504180908
critical,19,unambiguous,long,object,nonfinal,9,5,his,9.93333911895752
critical,19,unambiguous,long,object,nonfinal,9,6,toy,11.549199104309082
critical,19,unambiguous,long,object,nonfinal,9,7,from,6.632674694061279
critical,19,unambiguous,long,object,nonfinal,9,8,childhood,15.94031810760498
critical,19,unambiguous,long,object,nonfinal,9,9,fell,12.442046165466309
critical,19,unambiguous,long,object,nonfinal,9,10,off,3.938386201858521
critical,19,unambiguous,long,object,nonfinal,9,11,the,1.6754440069198608
critical,19,unambiguous,long,object,nonfinal,9,12,table.,5.466679096221924
critical,19,unambiguous,short,object,nonfinal,7,0,When,20.04004669189453
critical,19,unambiguous,short,object,nonfinal,7,1,the,4.025614261627197
critical,19,unambiguous,short,object,nonfinal,7,2,boy,11.878918647766112
critical,19,unambiguous,short,object,nonfinal,7,3,hid,11.869725227355955
critical,19,unambiguous,short,object,nonfinal,7,4,himself,5.321228504180908
critical,19,unambiguous,short,object,nonfinal,7,5,his,9.93333911895752
critical,19,unambiguous,short,object,nonfinal,7,6,toy,11.549199104309082
critical,19,unambiguous,short,object,nonfinal,7,7,fell,8.75995922088623
critical,19,unambiguous,short,object,nonfinal,7,8,off,3.162099123001098
critical,19,unambiguous,short,object,nonfinal,7,9,the,2.162139654159546
critical,19,unambiguous,short,object,nonfinal,7,10,table.,5.173271179199219
critical,20,ambiguous,long,,final,8,0,As,18.927881240844727
critical,20,ambiguous,long,,final,8,1,the,3.407918691635132
critical,20,ambiguous,long,,final,8,2,doctor,13.213061332702637
critical,20,ambiguous,long,,final,8,3,lectured,11.704175531864166
critical,20,ambiguous,long,,final,8,4,the,3.9294610023498535
critical,20,ambiguous,long,,final,8,5,student,5.653204441070557
critical,20,ambiguous,long,,final,8,6,watching,14.57761573791504
critical,20,ambiguous,long,,final,8,7,quietly,10.257928848266602
critical,20,ambiguous,long,,final,8,8,listened.,16.24169135093689
critical,20,ambiguous,short,,final,6,0,As,18.927881240844727
critical,20,ambiguous,short,,final,6,1,the,3.407918691635132
critical,20,ambiguous,short,,final,6,2,doctor,13.213061332702637
critical,20,ambiguous,short,,final,6,3,lectured,11.704175531864166
critical,20,ambiguous,short,,final,6,4,the,3.9294610023498535
critical,20,ambiguous,short,,final,6,5,student,5.653204441070557
critical,20,ambiguous,short,,final,6,6,listened.,19.881924152374268
critical,20,unambiguous,long,comma,final,8,0,As,18.927881240844727
critical,20,unambiguous,long,comma,final,8,1,the,3.407918691635132
critical,20,unambiguous,long,comma,final,8,2,doctor,13.213061332702637
critical,20,unambiguous,long,comma,final,8,3,"lectured,",14.241105377674105
critical,20,unambiguous,long,comma,final,8,4,the,2.3865439891815186
critical,20,unambiguous,long,comma,final,8,5,student,5.879125118255615
critical,20,unambiguous,long,comma,final,8,6,watching,13.902470588684082
critical,20,unambiguous,long,comma,final,8,7,quietly,7.768547058105469
critical,20,unambiguous,long,comma,final,8,8,listened.,6.216139376163483
critical,20,unambiguous,short,comma,final,6,0,As,18.927881240844727
critical,20,unambiguous,short,comma,final,6,1,the,3.407918691635132
critical,20,unambiguous,short,comma,final,6,2,doctor,13.213061332702637
critical,20,unambiguous,short,comma,final,6,3,"lectured,",14.241105377674105
critical,20,unambiguous,short,comma,final,6,4,the,2.3865439891815186
critical,20,unambiguous,short,comma,final,6,5,student,5.879125118255615
critical,20,unambiguous,short,comma,final,6,6,listened.,7.922443747520447
critical,20,unambiguous,long,object,final,10,0,As,18.927881240844727
critical,20,unambiguous,long,object,final,10,1,the,3.407918691635132
critical,20,unambiguous,long,object,final,10,2,doctor,13.213061332702637
critical,20,unambiguous,long,object,final,10,3,lectured,11.704175531864166
critical,20,unambiguous,long,object,final,10,4,the,3.9294610023498535
critical,20,unambiguous,long,object,final,10,5,nurse,7.113426685333252
critical,20,unambiguous,long,object,final,10,6,the,7.721033096313477
critical,20,unambiguous,long,object,final,10,7,student,6.88003396987915
critical,20,unambiguous,long,object,final,10,8,watching,13.253294944763184
critical,20,unambiguous,long,object,final,10,9,quietly,8.82859992980957
critical,20,unambiguous,long,object,final,10,10,listened.,7.70361590385437
critical,20,unambiguous,short,object,final,8,0,As,18.927881240844727
critical,20,unambiguous,short,object,final,8,1,the,3.407918691635132
critical,20,unambiguous,short,object,final,8,2,doctor,13.213061332702637
critical,20,unambiguous,short,object,final,8,3,lectured,11.704175531864166
critical,20,unambiguous,short,object,final,8,4,the,3.9294610023498535
critical,20,unambiguous,short,object,final,8,5,nurse,7.113426685333252
critical,20,unambiguous,short,object,final,8,6,the,7.721033096313477
critical,20,unambiguous,short,object,final,8,7,student,6.88003396987915
critical,20,unambiguous,short,object,final,8,8,listened.,9.77900743484497
critical,20,ambiguous,long,,nonfinal,8,0,As,18.927881240844727
critical,20,ambiguous,long,,nonfinal,8,1,the,3.407918691635132
critical,20,ambiguous,long,,nonfinal,8,2,doctor,13.213061332702637
critical,20,ambiguous,long,,nonfinal,8,3,lectured,11.704175531864166
critical,20,ambiguous,long,,nonfinal,8,4,the,3.9294610023498535
critical,20,ambiguous,long,,nonfinal,8,5,student,5.653204441070557
critical,20,ambiguous,long,,nonfinal,8,6,watching,14.57761573791504
critical,20,ambiguous,long,,nonfinal,8,7,quietly,10.257928848266602
critical,20,ambiguous,long,,nonfinal,8,8,listened,13.31828498840332
critical,20,ambiguous,long,,nonfinal,8,9,carefully,6.895078659057617
critical,20,ambiguous,long,,nonfinal,8,10,for,5.320453643798828
critical,20,ambiguous,long,,nonfinal,8,11,insightful,19.67058563232422
critical,20,ambiguous,long,,nonfinal,8,12,tips.,12.687453031539915
critical,20,ambiguous,short,,nonfinal,6,0,As,18.927881240844727
critical,20,ambiguous,short,,nonfinal,6,1,the,3.407918691635132
critical,20,ambiguous,short,,nonfinal,6,2,doctor,13.213061332702637
critical,20,ambiguous,short,,nonfinal,6,3,lectured,11.704175531864166
critical,20,ambiguous,short,,nonfinal,6,4,the,3.9294610023498535
critical,20,ambiguous,short,,nonfinal,6,5,student,5.653204441070557
critical,20,ambiguous,short,,nonfinal,6,6,listened,16.155441284179688
critical,20,ambiguous,short,,nonfinal,6,7,carefully,5.797495365142822
critical,20,ambiguous,short,,nonfinal,6,8,for,6.1351494789123535
critical,20,ambiguous,short,,nonfinal,6,9,insightful,19.39386367797852
critical,20,ambiguous,short,,nonfinal,6,10,tips.,12.344104051589966
critical,20,unambiguous,long,comma,nonfinal,8,0,As,18.927881240844727
critical,20,unambiguous,long,comma,nonfinal,8,1,the,3.407918691635132
critical,20,unambiguous,long,comma,nonfinal,8,2,doctor,13.213061332702637
critical,20,unambiguous,long,comma,nonfinal,8,3,"lectured,",14.241105377674105
critical,20,unambiguous,long,comma,nonfinal,8,4,the,2.3865439891815186
critical,20,unambiguous,long,comma,nonfinal,8,5,student,5.879125118255615
critical,20,unambiguous,long,comma,nonfinal,8,6,watching,13.902470588684082
critical,20,unambiguous,long,comma,nonfinal,8,7,quietly,7.768547058105469
critical,20,unambiguous,long,comma,nonfinal,8,8,listened,5.328210830688477
critical,20,unambiguous,long,comma,nonfinal,8,9,carefully,11.088120460510254
critical,20,unambiguous,long,comma,nonfinal,8,10,for,4.913587093353272
critical,20,unambiguous,long,comma,nonfinal,8,11,insightful,19.38825798034668
critical,20,unambiguous,long,comma,nonfinal,8,12,tips.,11.949728846549988
critical,20,unambiguous,short,comma,nonfinal,6,0,As,18.927881240844727
critical,20,unambiguous,short,comma,nonfinal,6,1,the,3.407918691635132
critical,20,unambiguous,short,comma,nonfinal,6,2,doctor,13.213061332702637
critical,20,unambiguous,short,comma,nonfinal,6,3,"lectured,",14.241105377674105
critical,20,unambiguous,short,comma,nonfinal,6,4,the,2.3865439891815186
critical,20,unambiguous,short,comma,nonfinal,6,5,student,5.879125118255615
critical,20,unambiguous,short,comma,nonfinal,6,6,listened,6.1938090324401855
critical,20,unambiguous,short,comma,nonfinal,6,7,carefully,6.939077377319336
critical,20,unambiguous,short,comma,nonfinal,6,8,for,5.94460916519165
critical,20,unambiguous,short,comma,nonfinal,6,9,insightful,18.54021453857422
critical,20,unambiguous,short,comma,nonfinal,6,10,tips.,11.877470970153809
critical,20,unambiguous,long,object,nonfinal,10,0,As,18.927881240844727
critical,20,unambiguous,long,object,nonfinal,10,1,the,3.407918691635132
critical,20,unambiguous,long,object,nonfinal,10,2,doctor,13.213061332702637
critical,20,unambiguous,long,object,nonfinal,10,3,lectured,11.704175531864166
critical,20,unambiguous,long,object,nonfinal,10,4,the,3.9294610023498535
critical,20,unambiguous,long,object,nonfinal,10,5,nurse,7.113426685333252
critical,20,unambiguous,long,object,nonfinal,10,6,the,7.721033096313477
critical,20,unambiguous,long,object,nonfinal,10,7,student,6.88003396987915
critical,20,unambiguous,long,object,nonfinal,10,8,watching,13.253294944763184
critical,20,unambiguous,long,object,nonfinal,10,9,quietly,8.82859992980957
critical,20,unambiguous,long,object,nonfinal,10,10,listened,4.964046478271484
critical,20,unambiguous,long,object,nonfinal,10,11,carefully,6.9765944480896
critical,20,unambiguous,long,object,nonfinal,10,12,for,5.34699296951294
critical,20,unambiguous,long,object,nonfinal,10,13,insightful,19.560245513916016
critical,20,unambiguous,long,object,nonfinal,10,14,tips.,12.55787706375122
critical,20,unambiguous,short,object,nonfinal,8,0,As,18.927881240844727
critical,20,unambiguous,short,object,nonfinal,8,1,the,3.407918691635132
critical,20,unambiguous,short,object,nonfinal,8,2,doctor,13.213061332702637
critical,20,unambiguous,short,object,nonfinal,8,3,lectured,11.704175531864166
critical,20,unambiguous,short,object,nonfinal,8,4,the,3.9294610023498535
critical,20,unambiguous,short,object,nonfinal,8,5,nurse,7.113426685333252
critical,20,unambiguous,short,object,nonfinal,8,6,the,7.721033096313477
critical,20,unambiguous,short,object,nonfinal,8,7,student,6.88003396987915
critical,20,unambiguous,short,object,nonfinal,8,8,listened,5.861771106719971
critical,20,unambiguous,short,object,nonfinal,8,9,carefully,5.69589900970459
critical,20,unambiguous,short,object,nonfinal,8,10,for,6.133498191833496
critical,20,unambiguous,short,object,nonfinal,8,11,insightful,18.68030166625977
critical,20,unambiguous,short,object,nonfinal,8,12,tips.,12.284829378128052
critical,21,ambiguous,long,,final,9,0,As,18.927881240844727
critical,21,ambiguous,long,,final,9,1,the,3.407918691635132
critical,21,ambiguous,long,,final,9,2,teenager,14.531065940856934
critical,21,ambiguous,long,,final,9,3,drove,13.64330768585205
critical,21,ambiguous,long,,final,9,4,the,4.025095462799072
critical,21,ambiguous,long,,final,9,5,car,1.6663413047790527
critical,21,ambiguous,long,,final,9,6,for,7.853403091430664
critical,21,ambiguous,long,,final,9,7,the,0.34701007604599
critical,21,ambiguous,long,,final,9,8,family,11.971625328063965
critical,21,ambiguous,long,,final,9,9,sputtered.,33.7591986656189
critical,21,ambiguous,short,,final,6,0,As,18.927881240844727
critical,21,ambiguous,short,,final,6,1,the,3.407918691635132
critical,21,ambiguous,short,,final,6,2,teenager,14.531065940856934
critical,21,ambiguous,short,,final,6,3,drove,13.64330768585205
critical,21,ambiguous,short,,final,6,4,the,4.025095462799072
critical,21,ambiguous,short,,final,6,5,car,1.6663413047790527
critical,21,ambiguous,short,,final,6,6,sputtered.,31.10461950302124
critical,21,unambiguous,long,comma,final,9,0,As,18.927881240844727
critical,21,unambiguous,long,comma,final,9,1,the,3.407918691635132
critical,21,unambiguous,long,comma,final,9,2,teenager,14.531065940856934
critical,21,unambiguous,long,comma,final,9,3,"drove,",16.6999773979187
critical,21,unambiguous,long,comma,final,9,4,the,2.82383394241333
critical,21,unambiguous,long,comma,final,9,5,car,5.418871879577637
critical,21,unambiguous,long,comma,final,9,6,for,13.09371852874756
critical,21,unambiguous,long,comma,final,9,7,the,2.3624072074890137
critical,21,unambiguous,long,comma,final,9,8,family,9.269082069396973
critical,21,unambiguous,long,comma,final,9,9,sputtered.,19.26871609687805
critical,21,unambiguous,short,comma,final,6,0,As,18.927881240844727
critical,21,unambiguous,short,comma,final,6,1,the,3.407918691635132
critical,21,unambiguous,short,comma,final,6,2,teenager,14.531065940856934
critical,21,unambiguous,short,comma,final,6,3,"drove,",16.6999773979187
critical,21,unambiguous,short,comma,final,6,4,the,2.82383394241333
critical,21,unambiguous,short,comma,final,6,5,car,5.418871879577637
critical,21,unambiguous,short,comma,final,6,6,sputtered.,14.431538581848145
critical,21,unambiguous,long,object,final,11,0,As,18.927881240844727
critical,21,unambiguous,long,object,final,11,1,the,3.407918691635132
critical,21,unambiguous,long,object,final,11,2,teenager,14.531065940856934
critical,21,unambiguous,long,object,final,11,3,drove,13.64330768585205
critical,21,unambiguous,long,object,final,11,4,his,6.222099781036377
critical,21,unambiguous,long,object,final,11,5,friends,7.11832857131958
critical,21,unambiguous,long,object,final,11,6,the,9.946541786193848
critical,21,unambiguous,long,object,final,11,7,car,6.319884777069092
critical,21,unambiguous,long,object,final,11,8,for,8.034321784973145
critical,21,unambiguous,long,object,final,11,9,the,1.5811891555786133
critical,21,unambiguous,long,object,final,11,10,family,10.786336898803713
critical,21,unambiguous,long,object,final,11,11,sputtered.,35.23413825035095
critical,21,unambiguous,short,object,final,8,0,As,18.927881240844727
critical,21,unambiguous,short,object,final,8,1,the,3.407918691635132
critical,21,unambiguous,short,object,final,8,2,teenager,14.531065940856934
critical,21,unambiguous,short,object,final,8,3,drove,13.64330768585205
critical,21,unambiguous,short,object,final,8,4,his,6.222099781036377
critical,21,unambiguous,short,object,final,8,5,friends,7.11832857131958
critical,21,unambiguous,short,object,final,8,6,the,9.946541786193848
critical,21,unambiguous,short,object,final,8,7,car,6.319884777069092
critical,21,unambiguous,short,object,final,8,8,sputtered.,23.08621597290039
critical,21,ambiguous,long,,nonfinal,9,0,As,18.927881240844727
critical,21,ambiguous,long,,nonfinal,9,1,the,3.407918691635132
critical,21,ambiguous,long,,nonfinal,9,2,teenager,14.531065940856934
critical,21,ambiguous,long,,nonfinal,9,3,drove,13.64330768585205
critical,21,ambiguous,long,,nonfinal,9,4,the,4.025095462799072
critical,21,ambiguous,long,,nonfinal,9,5,car,1.6663413047790527
critical,21,ambiguous,long,,nonfinal,9,6,for,7.853403091430664
critical,21,ambiguous,long,,nonfinal,9,7,the,0.34701007604599
critical,21,ambiguous,long,,nonfinal,9,8,family,11.971625328063965
critical,21,ambiguous,long,,nonfinal,9,9,sputtered,29.107460021972656
critical,21,ambiguous,long,,nonfinal,9,10,to,4.211116313934326
critical,21,ambiguous,long,,nonfinal,9,11,a,1.0549250841140747
critical,21,ambiguous,long,,nonfinal,9,12,halt.,3.254733085632324
critical,21,ambiguous,short,,nonfinal,6,0,As,18.927881240844727
critical,21,ambiguous,short,,nonfinal,6,1,the,3.407918691635132
critical,21,ambiguous,short,,nonfinal,6,2,teenager,14.531065940856934
critical,21,ambiguous,short,,nonfinal,6,3,drove,13.64330768585205
critical,21,ambiguous,short,,nonfinal,6,4,the,4.025095462799072
critical,21,ambiguous,short,,nonfinal,6,5,car,1.6663413047790527
critical,21,ambiguous,short,,nonfinal,6,6,sputtered,26.12415885925293
critical,21,ambiguous,short,,nonfinal,6,7,to,3.1634020805358887
critical,21,ambiguous,short,,nonfinal,6,8,a,1.2539268732070925
critical,21,ambiguous,short,,nonfinal,6,9,halt.,3.6585773229599
critical,21,unambiguous,long,comma,nonfinal,9,0,As,18.927881240844727
critical,21,unambiguous,long,comma,nonfinal,9,1,the,3.407918691635132
critical,21,unambiguous,long,comma,nonfinal,9,2,teenager,14.531065940856934
critical,21,unambiguous,long,comma,nonfinal,9,3,"drove,",16.6999773979187
critical,21,unambiguous,long,comma,nonfinal,9,4,the,2.82383394241333
critical,21,unambiguous,long,comma,nonfinal,9,5,car,5.418871879577637
critical,21,unambiguous,long,comma,nonfinal,9,6,for,13.09371852874756
critical,21,unambiguous,long,comma,nonfinal,9,7,the,2.3624072074890137
critical,21,unambiguous,long,comma,nonfinal,9,8,family,9.269082069396973
critical,21,unambiguous,long,comma,nonfinal,9,9,sputtered,16.67644500732422
critical,21,unambiguous,long,comma,nonfinal,9,10,to,3.501598358154297
critical,21,unambiguous,long,comma,nonfinal,9,11,a,0.91065776348114
critical,21,unambiguous,long,comma,nonfinal,9,12,halt.,2.083480417728424
critical,21,unambiguous,short,comma,nonfinal,6,0,As,18.927881240844727
critical,21,unambiguous,short,comma,nonfinal,6,1,the,3.407918691635132
critical,21,unambiguous,short,comma,nonfinal,6,2,teenager,14.531065940856934
critical,21,unambiguous,short,comma,nonfinal,6,3,"drove,",16.6999773979187
critical,21,unambiguous,short,comma,nonfinal,6,4,the,2.82383394241333
critical,21,unambiguous,short,comma,nonfinal,6,5,car,5.418871879577637
critical,21,unambiguous,short,comma,nonfinal,6,6,sputtered,11.240236759185793
critical,21,unambiguous,short,comma,nonfinal,6,7,to,2.6205174922943115
critical,21,unambiguous,short,comma,nonfinal,6,8,a,1.243789553642273
critical,21,unambiguous,short,comma,nonfinal,6,9,halt.,2.367185652256012
critical,21,unambiguous,long,object,nonfinal,11,0,As,18.927881240844727
critical,21,unambiguous,long,object,nonfinal,11,1,the,3.407918691635132
critical,21,unambiguous,long,object,nonfinal,11,2,teenager,14.531065940856934
critical,21,unambiguous,long,object,nonfinal,11,3,drove,13.64330768585205
critical,21,unambiguous,long,object,nonfinal,11,4,his,6.222099781036377
critical,21,unambiguous,long,object,nonfinal,11,5,friends,7.11832857131958
critical,21,unambiguous,long,object,nonfinal,11,6,the,9.946541786193848
critical,21,unambiguous,long,object,nonfinal,11,7,car,6.319884777069092
critical,21,unambiguous,long,object,nonfinal,11,8,for,8.034321784973145
critical,21,unambiguous,long,object,nonfinal,11,9,the,1.5811891555786133
critical,21,unambiguous,long,object,nonfinal,11,10,family,10.786336898803713
critical,21,unambiguous,long,object,nonfinal,11,11,sputtered,31.99120044708252
critical,21,unambiguous,long,object,nonfinal,11,12,to,3.682981014251709
critical,21,unambiguous,long,object,nonfinal,11,13,a,1.1605443954467771
critical,21,unambiguous,long,object,nonfinal,11,14,halt.,3.1385979652404785
critical,21,unambiguous,short,object,nonfinal,8,0,As,18.927881240844727
critical,21,unambiguous,short,object,nonfinal,8,1,the,3.407918691635132
critical,21,unambiguous,short,object,nonfinal,8,2,teenager,14.531065940856934
critical,21,unambiguous,short,object,nonfinal,8,3,drove,13.64330768585205
critical,21,unambiguous,short,object,nonfinal,8,4,his,6.222099781036377
critical,21,unambiguous,short,object,nonfinal,8,5,friends,7.11832857131958
critical,21,unambiguous,short,object,nonfinal,8,6,the,9.946541786193848
critical,21,unambiguous,short,object,nonfinal,8,7,car,6.319884777069092
critical,21,unambiguous,short,object,nonfinal,8,8,sputtered,19.42867612838745
critical,21,unambiguous,short,object,nonfinal,8,9,to,2.622284173965454
critical,21,unambiguous,short,object,nonfinal,8,10,a,1.0437310934066772
critical,21,unambiguous,short,object,nonfinal,8,11,halt.,3.0252765417099
critical,22,ambiguous,long,,final,11,0,When,20.04004669189453
critical,22,ambiguous,long,,final,11,1,the,4.025614261627197
critical,22,ambiguous,long,,final,11,2,original,9.339110374450684
critical,22,ambiguous,long,,final,11,3,members,10.045021057128906
critical,22,ambiguous,long,,final,11,4,left,4.610579490661621
critical,22,ambiguous,long,,final,11,5,the,1.982438445091248
critical,22,ambiguous,long,,final,11,6,company,8.0808744430542
critical,22,ambiguous,long,,final,11,7,that,8.091848373413086
critical,22,ambiguous,long,,final,11,8,was,4.130240440368652
critical,22,ambiguous,long,,final,11,9,recently,10.229263305664062
critical,22,ambiguous,long,,final,11,10,acquired,3.0012307167053223
critical,22,ambiguous,long,,final,11,11,failed.,21.48528480529785
critical,22,ambiguous,short,,final,7,0,When,20.04004669189453
critical,22,ambiguous,short,,final,7,1,the,4.025614261627197
critical,22,ambiguous,short,,final,7,2,original,9.339110374450684
critical,22,ambiguous,short,,final,7,3,members,10.045021057128906
critical,22,ambiguous,short,,final,7,4,left,4.610579490661621
critical,22,ambiguous,short,,final,7,5,the,1.982438445091248
critical,22,ambiguous,short,,final,7,6,company,8.0808744430542
critical,22,ambiguous,short,,final,7,7,failed.,23.141918659210205
critical,22,unambiguous,long,comma,final,11,0,When,20.04004669189453
critical,22,unambiguous,long,comma,final,11,1,the,4.025614261627197
critical,22,unambiguous,long,comma,final,11,2,original,9.339110374450684
critical,22,unambiguous,long,comma,final,11,3,members,10.045021057128906
critical,22,unambiguous,long,comma,final,11,4,"left,",7.499557733535767
critical,22,unambiguous,long,comma,final,11,5,the,2.349873304367065
critical,22,unambiguous,long,comma,final,11,6,company,8.390398025512695
critical,22,unambiguous,long,comma,final,11,7,that,6.078293323516846
critical,22,unambiguous,long,comma,final,11,8,was,3.64495062828064
critical,22,unambiguous,long,comma,final,11,9,recently,10.330185890197754
critical,22,unambiguous,long,comma,final,11,10,acquired,2.61755108833313
critical,22,unambiguous,long,comma,final,11,11,failed.,13.24615216255188
critical,22,unambiguous,short,comma,final,7,0,When,20.04004669189453
critical,22,unambiguous,short,comma,final,7,1,the,4.025614261627197
critical,22,unambiguous,short,comma,final,7,2,original,9.339110374450684
critical,22,unambiguous,short,comma,final,7,3,members,10.045021057128906
critical,22,unambiguous,short,comma,final,7,4,"left,",7.499557733535767
critical,22,unambiguous,short,comma,final,7,5,the,2.349873304367065
critical,22,unambiguous,short,comma,final,7,6,company,8.390398025512695
critical,22,unambiguous,short,comma,final,7,7,failed.,12.63009786605835
critical,22,unambiguous,long,object,final,14,0,When,20.04004669189453
critical,22,unambiguous,long,object,final,14,1,the,4.025614261627197
critical,22,unambiguous,long,object,final,14,2,original,9.339110374450684
critical,22,unambiguous,long,object,final,14,3,members,10.045021057128906
critical,22,unambiguous,long,object,final,14,4,left,4.610579490661621
critical,22,unambiguous,long,object,final,14,5,the,1.982438445091248
critical,22,unambiguous,long,object,final,14,6,engineering,17.01305389404297
critical,22,unambiguous,long,object,final,14,7,team,2.75886869430542
critical,22,unambiguous,long,object,final,14,8,the,7.382133483886719
critical,22,unambiguous,long,object,final,14,9,company,4.903006553649902
critical,22,unambiguous,long,object,final,14,10,that,8.555301666259766
critical,22,unambiguous,long,object,final,14,11,was,2.8325624465942383
critical,22,unambiguous,long,object,final,14,12,recently,11.03116512298584
critical,22,unambiguous,long,object,final,14,13,acquired,2.461198329925537
critical,22,unambiguous,long,object,final,14,14,failed.,10.481586933135986
critical,22,unambiguous,short,object,final,10,0,When,20.04004669189453
critical,22,unambiguous,short,object,final,10,1,the,4.025614261627197
critical,22,unambiguous,short,object,final,10,2,original,9.339110374450684
critical,22,unambiguous,short,object,final,10,3,members,10.045021057128906
critical,22,unambiguous,short,object,final,10,4,left,4.610579490661621
critical,22,unambiguous,short,object,final,10,5,the,1.982438445091248
critical,22,unambiguous,short,object,final,10,6,engineering,17.01305389404297
critical,22,unambiguous,short,object,final,10,7,team,2.75886869430542
critical,22,unambiguous,short,object,final,10,8,the,7.382133483886719
critical,22,unambiguous,short,object,final,10,9,company,4.903006553649902
critical,22,unambiguous,short,object,final,10,10,failed.,10.447596073150637
critical,22,ambiguous,long,,nonfinal,11,0,When,20.04004669189453
critical,22,ambiguous,long,,nonfinal,11,1,the,4.025614261627197
critical,22,ambiguous,long,,nonfinal,11,2,original,9.339110374450684
critical,22,ambiguous,long,,nonfinal,11,3,members,10.045021057128906
critical,22,ambiguous,long,,nonfinal,11,4,left,4.610579490661621
critical,22,ambiguous,long,,nonfinal,11,5,the,1.982438445091248
critical,22,ambiguous,long,,nonfinal,11,6,company,8.0808744430542
critical,22,ambiguous,long,,nonfinal,11,7,that,8.091848373413086
critical,22,ambiguous,long,,nonfinal,11,8,was,4.130240440368652
critical,22,ambiguous,long,,nonfinal,11,9,recently,10.229263305664062
critical,22,ambiguous,long,,nonfinal,11,10,acquired,3.0012307167053223
critical,22,ambiguous,long,,nonfinal,11,11,failed,17.432783126831055
critical,22,ambiguous,long,,nonfinal,11,12,to,1.1219143867492676
critical,22,ambiguous,long,,nonfinal,11,13,create,8.800674438476562
critical,22,ambiguous,long,,nonfinal,11,14,a,1.1654506921768188
critical,22,ambiguous,long,,nonfinal,11,15,successful,6.101332187652588
critical,22,ambiguous,long,,nonfinal,11,16,product.,7.148967742919922
critical,22,ambiguous,short,,nonfinal,7,0,When,20.04004669189453
critical,22,ambiguous,short,,nonfinal,7,1,the,4.025614261627197
critical,22,ambiguous,short,,nonfinal,7,2,original,9.339110374450684
critical,22,ambiguous,short,,nonfinal,7,3,members,10.045021057128906
critical,22,ambiguous,short,,nonfinal,7,4,left,4.610579490661621
critical,22,ambiguous,short,,nonfinal,7,5,the,1.982438445091248
critical,22,ambiguous,short,,nonfinal,7,6,company,8.0808744430542
critical,22,ambiguous,short,,nonfinal,7,7,failed,18.270713806152344
critical,22,ambiguous,short,,nonfinal,7,8,to,0.5777310132980347
critical,22,ambiguous,short,,nonfinal,7,9,create,7.930774688720703
critical,22,ambiguous,short,,nonfinal,7,10,a,1.0157198905944824
critical,22,ambiguous,short,,nonfinal,7,11,successful,5.504728317260742
critical,22,ambiguous,short,,nonfinal,7,12,product.,7.087069034576416
critical,22,unambiguous,long,comma,nonfinal,11,0,When,20.04004669189453
critical,22,unambiguous,long,comma,nonfinal,11,1,the,4.025614261627197
critical,22,unambiguous,long,comma,nonfinal,11,2,original,9.339110374450684
critical,22,unambiguous,long,comma,nonfinal,11,3,members,10.045021057128906
critical,22,unambiguous,long,comma,nonfinal,11,4,"left,",7.499557733535767
critical,22,unambiguous,long,comma,nonfinal,11,5,the,2.349873304367065
critical,22,unambiguous,long,comma,nonfinal,11,6,company,8.390398025512695
critical,22,unambiguous,long,comma,nonfinal,11,7,that,6.078293323516846
critical,22,unambiguous,long,comma,nonfinal,11,8,was,3.64495062828064
critical,22,unambiguous,long,comma,nonfinal,11,9,recently,10.330185890197754
critical,22,unambiguous,long,comma,nonfinal,11,10,acquired,2.61755108833313
critical,22,unambiguous,long,comma,nonfinal,11,11,failed,10.396716117858888
critical,22,unambiguous,long,comma,nonfinal,11,12,to,0.8415675163269043
critical,22,unambiguous,long,comma,nonfinal,11,13,create,8.694002151489258
critical,22,unambiguous,long,comma,nonfinal,11,14,a,1.2079827785491943
critical,22,unambiguous,long,comma,nonfinal,11,15,successful,6.823338508605957
critical,22,unambiguous,long,comma,nonfinal,11,16,product.,5.155829310417175
critical,22,unambiguous,short,comma,nonfinal,7,0,When,20.04004669189453
critical,22,unambiguous,short,comma,nonfinal,7,1,the,4.025614261627197
critical,22,unambiguous,short,comma,nonfinal,7,2,original,9.339110374450684
critical,22,unambiguous,short,comma,nonfinal,7,3,members,10.045021057128906
critical,22,unambiguous,short,comma,nonfinal,7,4,"left,",7.499557733535767
critical,22,unambiguous,short,comma,nonfinal,7,5,the,2.349873304367065
critical,22,unambiguous,short,comma,nonfinal,7,6,company,8.390398025512695
critical,22,unambiguous,short,comma,nonfinal,7,7,failed,9.68662452697754
critical,22,unambiguous,short,comma,nonfinal,7,8,to,0.6839570999145508
critical,22,unambiguous,short,comma,nonfinal,7,9,create,8.09563159942627
critical,22,unambiguous,short,comma,nonfinal,7,10,a,1.076142191886902
critical,22,unambiguous,short,comma,nonfinal,7,11,successful,6.351718425750732
critical,22,unambiguous,short,comma,nonfinal,7,12,product.,5.742253184318543
critical,22,unambiguous,long,object,nonfinal,14,0,When,20.04004669189453
critical,22,unambiguous,long,object,nonfinal,14,1,the,4.025614261627197
critical,22,unambiguous,long,object,nonfinal,14,2,original,9.339110374450684
critical,22,unambiguous,long,object,nonfinal,14,3,members,10.045021057128906
critical,22,unambiguous,long,object,nonfinal,14,4,left,4.610579490661621
critical,22,unambiguous,long,object,nonfinal,14,5,the,1.982438445091248
critical,22,unambiguous,long,object,nonfinal,14,6,engineering,17.01305389404297
critical,22,unambiguous,long,object,nonfinal,14,7,team,2.75886869430542
critical,22,unambiguous,long,object,nonfinal,14,8,the,7.382133483886719
critical,22,unambiguous,long,object,nonfinal,14,9,company,4.903006553649902
critical,22,unambiguous,long,object,nonfinal,14,10,that,8.555301666259766
critical,22,unambiguous,long,object,nonfinal,14,11,was,2.8325624465942383
critical,22,unambiguous,long,object,nonfinal,14,12,recently,11.03116512298584
critical,22,unambiguous,long,object,nonfinal,14,13,acquired,2.461198329925537
critical,22,unambiguous,long,object,nonfinal,14,14,failed,8.441362380981445
critical,22,unambiguous,long,object,nonfinal,14,15,to,1.382527232170105
critical,22,unambiguous,long,object,nonfinal,14,16,create,8.49038028717041
critical,22,unambiguous,long,object,nonfinal,14,17,a,1.0954442024230957
critical,22,unambiguous,long,object,nonfinal,14,18,successful,6.288733959197998
critical,22,unambiguous,long,object,nonfinal,14,19,product.,3.918505072593689
critical,22,unambiguous,short,object,nonfinal,10,0,When,20.04004669189453
critical,22,unambiguous,short,object,nonfinal,10,1,the,4.025614261627197
critical,22,unambiguous,short,object,nonfinal,10,2,original,9.339110374450684
critical,22,unambiguous,short,object,nonfinal,10,3,members,10.045021057128906
critical,22,unambiguous,short,object,nonfinal,10,4,left,4.610579490661621
critical,22,unambiguous,short,object,nonfinal,10,5,the,1.982438445091248
critical,22,unambiguous,short,object,nonfinal,10,6,engineering,17.01305389404297
critical,22,unambiguous,short,object,nonfinal,10,7,team,2.75886869430542
critical,22,unambiguous,short,object,nonfinal,10,8,the,7.382133483886719
critical,22,unambiguous,short,object,nonfinal,10,9,company,4.903006553649902
critical,22,unambiguous,short,object,nonfinal,10,10,failed,8.277703285217285
critical,22,unambiguous,short,object,nonfinal,10,11,to,1.6352825164794922
critical,22,unambiguous,short,object,nonfinal,10,12,create,7.607575416564941
critical,22,unambiguous,short,object,nonfinal,10,13,a,0.9750810861587524
critical,22,unambiguous,short,object,nonfinal,10,14,successful,5.932632446289063
critical,22,unambiguous,short,object,nonfinal,10,15,product.,3.6183401346206665
critical,23,ambiguous,long,,final,12,0,After,20.94694709777832
critical,23,ambiguous,long,,final,12,1,the,3.189217329025269
critical,23,ambiguous,long,,final,12,2,director,13.253387451171877
critical,23,ambiguous,long,,final,12,3,finished,10.38094711303711
critical,23,ambiguous,long,,final,12,4,filming,3.90084171295166
critical,23,ambiguous,long,,final,12,5,the,2.9377236366271973
critical,23,ambiguous,long,,final,12,6,actors,7.629373073577881
critical,23,ambiguous,long,,final,12,7,exhausted,15.77755355834961
critical,23,ambiguous,long,,final,12,8,from,6.992159366607666
critical,23,ambiguous,long,,final,12,9,the,1.6041990518569946
critical,23,ambiguous,long,,final,12,10,long,3.683963298797608
critical,23,ambiguous,long,,final,12,11,day,2.0699777603149414
critical,23,ambiguous,long,,final,12,12,left.,17.847052574157715
critical,23,ambiguous,short,,final,7,0,After,20.94694709777832
critical,23,ambiguous,short,,final,7,1,the,3.189217329025269
critical,23,ambiguous,short,,final,7,2,director,13.253387451171877
critical,23,ambiguous,short,,final,7,3,finished,10.38094711303711
critical,23,ambiguous,short,,final,7,4,filming,3.90084171295166
critical,23,ambiguous,short,,final,7,5,the,2.9377236366271973
critical,23,ambiguous,short,,final,7,6,actors,7.629373073577881
critical,23,ambiguous,short,,final,7,7,left.,10.600802659988403
critical,23,unambiguous,long,comma,final,12,0,After,20.94694709777832
critical,23,unambiguous,long,comma,final,12,1,the,3.189217329025269
critical,23,unambiguous,long,comma,final,12,2,director,13.253387451171877
critical,23,unambiguous,long,comma,final,12,3,finished,10.38094711303711
critical,23,unambiguous,long,comma,final,12,4,"filming,",5.2976930141448975
critical,23,unambiguous,long,comma,final,12,5,the,2.493847370147705
critical,23,unambiguous,long,comma,final,12,6,actors,4.814939022064209
critical,23,unambiguous,long,comma,final,12,7,exhausted,15.437711715698242
critical,23,unambiguous,long,comma,final,12,8,from,8.1046724319458
critical,23,unambiguous,long,comma,final,12,9,the,1.8909286260604856
critical,23,unambiguous,long,comma,final,12,10,long,3.4983816146850586
critical,23,unambiguous,long,comma,final,12,11,day,2.4190914630889893
critical,23,unambiguous,long,comma,final,12,12,left.,14.737794876098633
critical,23,unambiguous,short,comma,final,7,0,After,20.94694709777832
critical,23,unambiguous,short,comma,final,7,1,the,3.189217329025269
critical,23,unambiguous,short,comma,final,7,2,director,13.253387451171877
critical,23,unambiguous,short,comma,final,7,3,finished,10.38094711303711
critical,23,unambiguous,short,comma,final,7,4,"filming,",5.2976930141448975
critical,23,unambiguous,short,comma,final,7,5,the,2.493847370147705
critical,23,unambiguous,short,comma,final,7,6,actors,4.814939022064209
critical,23,unambiguous,short,comma,final,7,7,left.,9.754610776901243
critical,23,unambiguous,long,object,final,15,0,After,20.94694709777832
critical,23,unambiguous,long,object,final,15,1,the,3.189217329025269
critical,23,unambiguous,long,object,final,15,2,director,13.253387451171877
critical,23,unambiguous,long,object,final,15,3,finished,10.38094711303711
critical,23,unambiguous,long,object,final,15,4,filming,3.90084171295166
critical,23,unambiguous,long,object,final,15,5,the,2.9377236366271973
critical,23,unambiguous,long,object,final,15,6,final,5.580893516540527
critical,23,unambiguous,long,object,final,15,7,scene,1.689725399017334
critical,23,unambiguous,long,object,final,15,8,the,5.449923992156982
critical,23,unambiguous,long,object,final,15,9,actors,4.254622459411621
critical,23,unambiguous,long,object,final,15,10,exhausted,14.858134269714355
critical,23,unambiguous,long,object,final,15,11,from,7.835948944091797
critical,23,unambiguous,long,object,final,15,12,the,1.8127094507217407
critical,23,unambiguous,long,object,final,15,13,long,3.566139936447144
critical,23,unambiguous,long,object,final,15,14,day,1.660456657409668
critical,23,unambiguous,long,object,final,15,15,left.,13.348055839538574
critical,23,unambiguous,short,object,final,10,0,After,20.94694709777832
critical,23,unambiguous,short,object,final,10,1,the,3.189217329025269
critical,23,unambiguous,short,object,final,10,2,director,13.253387451171877
critical,23,unambiguous,short,object,final,10,3,finished,10.38094711303711
critical,23,unambiguous,short,object,final,10,4,filming,3.90084171295166
critical,23,unambiguous,short,object,final,10,5,the,2.9377236366271973
critical,23,unambiguous,short,object,final,10,6,final,5.580893516540527
critical,23,unambiguous,short,object,final,10,7,scene,1.689725399017334
critical,23,unambiguous,short,object,final,10,8,the,5.449923992156982
critical,23,unambiguous,short,object,final,10,9,actors,4.254622459411621
critical,23,unambiguous,short,object,final,10,10,left.,9.427604675292969
critical,23,ambiguous,long,,nonfinal,12,0,After,20.94694709777832
critical,23,ambiguous,long,,nonfinal,12,1,the,3.189217329025269
critical,23,ambiguous,long,,nonfinal,12,2,director,13.253387451171877
critical,23,ambiguous,long,,nonfinal,12,3,finished,10.38094711303711
critical,23,ambiguous,long,,nonfinal,12,4,filming,3.90084171295166
critical,23,ambiguous,long,,nonfinal,12,5,the,2.9377236366271973
critical,23,ambiguous,long,,nonfinal,12,6,actors,7.629373073577881
critical,23,ambiguous,long,,nonfinal,12,7,exhausted,15.77755355834961
critical,23,ambiguous,long,,nonfinal,12,8,from,6.992159366607666
critical,23,ambiguous,long,,nonfinal,12,9,the,1.6041990518569946
critical,23,ambiguous,long,,nonfinal,12,10,long,3.683963298797608
critical,23,ambiguous,long,,nonfinal,12,11,day,2.0699777603149414
critical,23,ambiguous,long,,nonfinal,12,12,left,13.625958442687988
critical,23,ambiguous,long,,nonfinal,12,13,to,3.232149600982666
critical,23,ambiguous,long,,nonfinal,12,14,go,4.8350019454956055
critical,23,ambiguous,long,,nonfinal,12,15,home.,2.5530893802642822
critical,23,ambiguous,short,,nonfinal,7,0,After,20.94694709777832
critical,23,ambiguous,short,,nonfinal,7,1,the,3.189217329025269
critical,23,ambiguous,short,,nonfinal,7,2,director,13.253387451171877
critical,23,ambiguous,short,,nonfinal,7,3,finished,10.38094711303711
critical,23,ambiguous,short,,nonfinal,7,4,filming,3.90084171295166
critical,23,ambiguous,short,,nonfinal,7,5,the,2.9377236366271973
critical,23,ambiguous,short,,nonfinal,7,6,actors,7.629373073577881
critical,23,ambiguous,short,,nonfinal,7,7,left,6.703981399536133
critical,23,ambiguous,short,,nonfinal,7,8,to,3.9138805866241455
critical,23,ambiguous,short,,nonfinal,7,9,go,2.896346092224121
critical,23,ambiguous,short,,nonfinal,7,10,home.,3.488449215888977
critical,23,unambiguous,long,comma,nonfinal,12,0,After,20.94694709777832
critical,23,unambiguous,long,comma,nonfinal,12,1,the,3.189217329025269
critical,23,unambiguous,long,comma,nonfinal,12,2,director,13.253387451171877
critical,23,unambiguous,long,comma,nonfinal,12,3,finished,10.38094711303711
critical,23,unambiguous,long,comma,nonfinal,12,4,"filming,",5.2976930141448975
critical,23,unambiguous,long,comma,nonfinal,12,5,the,2.493847370147705
critical,23,unambiguous,long,comma,nonfinal,12,6,actors,4.814939022064209
critical,23,unambiguous,long,comma,nonfinal,12,7,exhausted,15.437711715698242
critical,23,unambiguous,long,comma,nonfinal,12,8,from,8.1046724319458
critical,23,unambiguous,long,comma,nonfinal,12,9,the,1.8909286260604856
critical,23,unambiguous,long,comma,nonfinal,12,10,long,3.4983816146850586
critical,23,unambiguous,long,comma,nonfinal,12,11,day,2.4190914630889893
critical,23,unambiguous,long,comma,nonfinal,12,12,left,10.661287307739258
critical,23,unambiguous,long,comma,nonfinal,12,13,to,3.789850950241089
critical,23,unambiguous,long,comma,nonfinal,12,14,go,4.016223907470703
critical,23,unambiguous,long,comma,nonfinal,12,15,home.,2.4128092527389526
critical,23,unambiguous,short,comma,nonfinal,7,0,After,20.94694709777832
critical,23,unambiguous,short,comma,nonfinal,7,1,the,3.189217329025269
critical,23,unambiguous,short,comma,nonfinal,7,2,director,13.253387451171877
critical,23,unambiguous,short,comma,nonfinal,7,3,finished,10.38094711303711
critical,23,unambiguous,short,comma,nonfinal,7,4,"filming,",5.2976930141448975
critical,23,unambiguous,short,comma,nonfinal,7,5,the,2.493847370147705
critical,23,unambiguous,short,comma,nonfinal,7,6,actors,4.814939022064209
critical,23,unambiguous,short,comma,nonfinal,7,7,left,6.21455717086792
critical,23,unambiguous,short,comma,nonfinal,7,8,to,4.558525085449219
critical,23,unambiguous,short,comma,nonfinal,7,9,go,2.5523531436920166
critical,23,unambiguous,short,comma,nonfinal,7,10,home.,2.930832028388977
critical,23,unambiguous,long,object,nonfinal,15,0,After,20.94694709777832
critical,23,unambiguous,long,object,nonfinal,15,1,the,3.189217329025269
critical,23,unambiguous,long,object,nonfinal,15,2,director,13.253387451171877
critical,23,unambiguous,long,object,nonfinal,15,3,finished,10.38094711303711
critical,23,unambiguous,long,object,nonfinal,15,4,filming,3.90084171295166
critical,23,unambiguous,long,object,nonfinal,15,5,the,2.9377236366271973
critical,23,unambiguous,long,object,nonfinal,15,6,final,5.580893516540527
critical,23,unambiguous,long,object,nonfinal,15,7,scene,1.689725399017334
critical,23,unambiguous,long,object,nonfinal,15,8,the,5.449923992156982
critical,23,unambiguous,long,object,nonfinal,15,9,actors,4.254622459411621
critical,23,unambiguous,long,object,nonfinal,15,10,exhausted,14.858134269714355
critical,23,unambiguous,long,object,nonfinal,15,11,from,7.835948944091797
critical,23,unambiguous,long,object,nonfinal,15,12,the,1.8127094507217407
critical,23,unambiguous,long,object,nonfinal,15,13,long,3.566139936447144
critical,23,unambiguous,long,object,nonfinal,15,14,day,1.660456657409668
critical,23,unambiguous,long,object,nonfinal,15,15,left,9.214038848876951
critical,23,unambiguous,long,object,nonfinal,15,16,to,3.619088649749756
critical,23,unambiguous,long,object,nonfinal,15,17,go,4.677994251251221
critical,23,unambiguous,long,object,nonfinal,15,18,home.,2.4839054346084595
critical,23,unambiguous,short,object,nonfinal,10,0,After,20.94694709777832
critical,23,unambiguous,short,object,nonfinal,10,1,the,3.189217329025269
critical,23,unambiguous,short,object,nonfinal,10,2,director,13.253387451171877
critical,23,unambiguous,short,object,nonfinal,10,3,finished,10.38094711303711
critical,23,unambiguous,short,object,nonfinal,10,4,filming,3.90084171295166
critical,23,unambiguous,short,object,nonfinal,10,5,the,2.9377236366271973
critical,23,unambiguous,short,object,nonfinal,10,6,final,5.580893516540527
critical,23,unambiguous,short,object,nonfinal,10,7,scene,1.689725399017334
critical,23,unambiguous,short,object,nonfinal,10,8,the,5.449923992156982
critical,23,unambiguous,short,object,nonfinal,10,9,actors,4.254622459411621
critical,23,unambiguous,short,object,nonfinal,10,10,left,5.945606708526611
critical,23,unambiguous,short,object,nonfinal,10,11,to,4.097898006439209
critical,23,unambiguous,short,object,nonfinal,10,12,go,2.657836437225342
critical,23,unambiguous,short,object,nonfinal,10,13,home.,2.8351545333862305
critical,24,ambiguous,long,,final,8,0,After,20.94694709777832
critical,24,ambiguous,long,,final,8,1,our,8.565311431884766
critical,24,ambiguous,long,,final,8,2,team,8.407132148742676
critical,24,ambiguous,long,,final,8,3,won,6.148309707641602
critical,24,ambiguous,long,,final,8,4,the,0.5262930393218994
critical,24,ambiguous,long,,final,8,5,tournament,7.423720359802246
critical,24,ambiguous,long,,final,8,6,in,3.577361583709717
critical,24,ambiguous,long,,final,8,7,basketball,14.814276695251465
critical,24,ambiguous,long,,final,8,8,advanced.,24.85581684112549
critical,24,ambiguous,short,,final,6,0,After,20.94694709777832
critical,24,ambiguous,short,,final,6,1,our,8.565311431884766
critical,24,ambiguous,short,,final,6,2,team,8.407132148742676
critical,24,ambiguous,short,,final,6,3,won,6.148309707641602
critical,24,ambiguous,short,,final,6,4,the,0.5262930393218994
critical,24,ambiguous,short,,final,6,5,tournament,7.423720359802246
critical,24,ambiguous,short,,final,6,6,advanced.,26.70025634765625
critical,24,unambiguous,long,comma,final,8,0,After,20.94694709777832
critical,24,unambiguous,long,comma,final,8,1,our,8.565311431884766
critical,24,unambiguous,long,comma,final,8,2,team,8.407132148742676
critical,24,unambiguous,long,comma,final,8,3,"won,",12.813389778137209
critical,24,unambiguous,long,comma,final,8,4,the,3.983358860015869
critical,24,unambiguous,long,comma,final,8,5,tournament,7.92960262298584
critical,24,unambiguous,long,comma,final,8,6,in,8.509381294250488
critical,24,unambiguous,long,comma,final,8,7,basketball,14.157777786254885
critical,24,unambiguous,long,comma,final,8,8,advanced.,17.77092456817627
critical,24,unambiguous,short,comma,final,6,0,After,20.94694709777832
critical,24,unambiguous,short,comma,final,6,1,our,8.565311431884766
critical,24,unambiguous,short,comma,final,6,2,team,8.407132148742676
critical,24,unambiguous,short,comma,final,6,3,"won,",12.813389778137209
critical,24,unambiguous,short,comma,final,6,4,the,3.983358860015869
critical,24,unambiguous,short,comma,final,6,5,tournament,7.92960262298584
critical,24,unambiguous,short,comma,final,6,6,advanced.,17.2520112991333
critical,24,unambiguous,long,object,final,10,0,After,20.94694709777832
critical,24,unambiguous,long,object,final,10,1,our,8.565311431884766
critical,24,unambiguous,long,object,final,10,2,team,8.407132148742676
critical,24,unambiguous,long,object,final,10,3,won,6.148309707641602
critical,24,unambiguous,long,object,final,10,4,the,0.5262930393218994
critical,24,unambiguous,long,object,final,10,5,semifinals,11.130291819572449
critical,24,unambiguous,long,object,final,10,6,the,8.007787704467773
critical,24,unambiguous,long,object,final,10,7,tournament,6.942811489105225
critical,24,unambiguous,long,object,final,10,8,in,6.766968250274658
critical,24,unambiguous,long,object,final,10,9,basketball,13.986129760742188
critical,24,unambiguous,long,object,final,10,10,advanced.,22.256100177764893
critical,24,unambiguous,short,object,final,8,0,After,20.94694709777832
critical,24,unambiguous,short,object,final,8,1,our,8.565311431884766
critical,24,unambiguous,short,object,final,8,2,team,8.407132148742676
critical,24,unambiguous,short,object,final,8,3,won,6.148309707641602
critical,24,unambiguous,short,object,final,8,4,the,0.5262930393218994
critical,24,unambiguous,short,object,final,8,5,semifinals,11.130291819572449
critical,24,unambiguous,short,object,final,8,6,the,8.007787704467773
critical,24,unambiguous,short,object,final,8,7,tournament,6.942811489105225
critical,24,unambiguous,short,object,final,8,8,advanced.,19.139482498168945
critical,24,ambiguous,long,,nonfinal,8,0,After,20.94694709777832
critical,24,ambiguous,long,,nonfinal,8,1,our,8.565311431884766
critical,24,ambiguous,long,,nonfinal,8,2,team,8.407132148742676
critical,24,ambiguous,long,,nonfinal,8,3,won,6.148309707641602
critical,24,ambiguous,long,,nonfinal,8,4,the,0.5262930393218994
critical,24,ambiguous,long,,nonfinal,8,5,tournament,7.423720359802246
critical,24,ambiguous,long,,nonfinal,8,6,in,3.577361583709717
critical,24,ambiguous,long,,nonfinal,8,7,basketball,14.814276695251465
critical,24,ambiguous,long,,nonfinal,8,8,advanced,17.562734603881836
critical,24,ambiguous,long,,nonfinal,8,9,to,0.8301464915275574
critical,24,ambiguous,long,,nonfinal,8,10,the,0.5229070782661438
critical,24,ambiguous,long,,nonfinal,8,11,final,4.490373611450195
critical,24,ambiguous,long,,nonfinal,8,12,round.,5.082652688026428
critical,24,ambiguous,short,,nonfinal,6,0,After,20.94694709777832
critical,24,ambiguous,short,,nonfinal,6,1,our,8.565311431884766
critical,24,ambiguous,short,,nonfinal,6,2,team,8.407132148742676
critical,24,ambiguous,short,,nonfinal,6,3,won,6.148309707641602
critical,24,ambiguous,short,,nonfinal,6,4,the,0.5262930393218994
critical,24,ambiguous,short,,nonfinal,6,5,tournament,7.423720359802246
critical,24,ambiguous,short,,nonfinal,6,6,advanced,17.346830368041992
critical,24,ambiguous,short,,nonfinal,6,7,to,0.5042338371276855
critical,24,ambiguous,short,,nonfinal,6,8,the,0.4383012056350708
critical,24,ambiguous,short,,nonfinal,6,9,final,4.284339427947998
critical,24,ambiguous,short,,nonfinal,6,10,round.,5.039163112640381
critical,24,unambiguous,long,comma,nonfinal,8,0,After,20.94694709777832
critical,24,unambiguous,long,comma,nonfinal,8,1,our,8.565311431884766
critical,24,unambiguous,long,comma,nonfinal,8,2,team,8.407132148742676
critical,24,unambiguous,long,comma,nonfinal,8,3,"won,",12.813389778137209
critical,24,unambiguous,long,comma,nonfinal,8,4,the,3.983358860015869
critical,24,unambiguous,long,comma,nonfinal,8,5,tournament,7.92960262298584
critical,24,unambiguous,long,comma,nonfinal,8,6,in,8.509381294250488
critical,24,unambiguous,long,comma,nonfinal,8,7,basketball,14.157777786254885
critical,24,unambiguous,long,comma,nonfinal,8,8,advanced,12.693197250366213
critical,24,unambiguous,long,comma,nonfinal,8,9,to,0.4687504172325134
critical,24,unambiguous,long,comma,nonfinal,8,10,the,0.7452393174171448
critical,24,unambiguous,long,comma,nonfinal,8,11,final,3.992098331451416
critical,24,unambiguous,long,comma,nonfinal,8,12,round.,3.493318557739258
critical,24,unambiguous,short,comma,nonfinal,6,0,After,20.94694709777832
critical,24,unambiguous,short,comma,nonfinal,6,1,our,8.565311431884766
critical,24,unambiguous,short,comma,nonfinal,6,2,team,8.407132148742676
critical,24,unambiguous,short,comma,nonfinal,6,3,"won,",12.813389778137209
critical,24,unambiguous,short,comma,nonfinal,6,4,the,3.983358860015869
critical,24,unambiguous,short,comma,nonfinal,6,5,tournament,7.92960262298584
critical,24,unambiguous,short,comma,nonfinal,6,6,advanced,11.584646224975586
critical,24,unambiguous,short,comma,nonfinal,6,7,to,0.5012674927711487
critical,24,unambiguous,short,comma,nonfinal,6,8,the,0.7915618419647217
critical,24,unambiguous,short,comma,nonfinal,6,9,final,3.8095078468322754
critical,24,unambiguous,short,comma,nonfinal,6,10,round.,3.412119150161743
critical,24,unambiguous,long,object,nonfinal,10,0,After,20.94694709777832
critical,24,unambiguous,long,object,nonfinal,10,1,our,8.565311431884766
critical,24,unambiguous,long,object,nonfinal,10,2,team,8.407132148742676
critical,24,unambiguous,long,object,nonfinal,10,3,won,6.148309707641602
critical,24,unambiguous,long,object,nonfinal,10,4,the,0.5262930393218994
critical,24,unambiguous,long,object,nonfinal,10,5,semifinals,11.130291819572449
critical,24,unambiguous,long,object,nonfinal,10,6,the,8.007787704467773
critical,24,unambiguous,long,object,nonfinal,10,7,tournament,6.942811489105225
critical,24,unambiguous,long,object,nonfinal,10,8,in,6.766968250274658
critical,24,unambiguous,long,object,nonfinal,10,9,basketball,13.986129760742188
critical,24,unambiguous,long,object,nonfinal,10,10,advanced,14.84486961364746
critical,24,unambiguous,long,object,nonfinal,10,11,to,0.3080800771713257
critical,24,unambiguous,long,object,nonfinal,10,12,the,0.4499066174030304
critical,24,unambiguous,long,object,nonfinal,10,13,final,3.269134283065796
critical,24,unambiguous,long,object,nonfinal,10,14,round.,5.21319591999054
critical,24,unambiguous,short,object,nonfinal,8,0,After,20.94694709777832
critical,24,unambiguous,short,object,nonfinal,8,1,our,8.565311431884766
critical,24,unambiguous,short,object,nonfinal,8,2,team,8.407132148742676
critical,24,unambiguous,short,object,nonfinal,8,3,won,6.148309707641602
critical,24,unambiguous,short,object,nonfinal,8,4,the,0.5262930393218994
critical,24,unambiguous,short,object,nonfinal,8,5,semifinals,11.130291819572449
critical,24,unambiguous,short,object,nonfinal,8,6,the,8.007787704467773
critical,24,unambiguous,short,object,nonfinal,8,7,tournament,6.942811489105225
critical,24,unambiguous,short,object,nonfinal,8,8,advanced,11.16865062713623
critical,24,unambiguous,short,object,nonfinal,8,9,to,0.3358284533023834
critical,24,unambiguous,short,object,nonfinal,8,10,the,0.3732202351093292
critical,24,unambiguous,short,object,nonfinal,8,11,final,2.917393922805786
critical,24,unambiguous,short,object,nonfinal,8,12,round.,5.0924131870269775
critical,25,ambiguous,long,,final,13,0,When,20.04004669189453
critical,25,ambiguous,long,,final,13,1,the,4.025614261627197
critical,25,ambiguous,long,,final,13,2,clumsy,19.81559234112501
critical,25,ambiguous,long,,final,13,3,librarian,13.088457081466911
critical,25,ambiguous,long,,final,13,4,tried,9.21704387664795
critical,25,ambiguous,long,,final,13,5,to,0.115030251443386
critical,25,ambiguous,long,,final,13,6,organize,9.203933715820312
critical,25,ambiguous,long,,final,13,7,the,1.2220770120620728
critical,25,ambiguous,long,,final,13,8,stack,8.711334228515625
critical,25,ambiguous,long,,final,13,9,of,0.3319072425365448
critical,25,ambiguous,long,,final,13,10,books,1.190664768218994
critical,25,ambiguous,long,,final,13,11,leaning,13.3540620803833
critical,25,ambiguous,long,,final,13,12,precariously,8.467866813422006
critical,25,ambiguous,long,,final,13,13,toppled.,25.99086284637451
critical,25,ambiguous,short,,final,11,0,When,20.04004669189453
critical,25,ambiguous,short,,final,11,1,the,4.025614261627197
critical,25,ambiguous,short,,final,11,2,clumsy,19.81559234112501
critical,25,ambiguous,short,,final,11,3,librarian,13.088457081466911
critical,25,ambiguous,short,,final,11,4,tried,9.21704387664795
critical,25,ambiguous,short,,final,11,5,to,0.115030251443386
critical,25,ambiguous,short,,final,11,6,organize,9.203933715820312
critical,25,ambiguous,short,,final,11,7,the,1.2220770120620728
critical,25,ambiguous,short,,final,11,8,stack,8.711334228515625
critical,25,ambiguous,short,,final,11,9,of,0.3319072425365448
critical,25,ambiguous,short,,final,11,10,books,1.190664768218994
critical,25,ambiguous,short,,final,11,11,toppled.,23.502723217010494
critical,25,unambiguous,long,comma,final,13,0,When,20.04004669189453
critical,25,unambiguous,long,comma,final,13,1,the,4.025614261627197
critical,25,unambiguous,long,comma,final,13,2,clumsy,19.81559234112501
critical,25,unambiguous,long,comma,final,13,3,librarian,13.088457081466911
critical,25,unambiguous,long,comma,final,13,4,tried,9.21704387664795
critical,25,unambiguous,long,comma,final,13,5,to,0.115030251443386
critical,25,unambiguous,long,comma,final,13,6,"organize,",18.82440757751465
critical,25,unambiguous,long,comma,final,13,7,the,3.4526383876800537
critical,25,unambiguous,long,comma,final,13,8,stack,12.472060203552246
critical,25,unambiguous,long,comma,final,13,9,of,0.665047287940979
critical,25,unambiguous,long,comma,final,13,10,books,1.2240252494812012
critical,25,unambiguous,long,comma,final,13,11,leaning,14.634725570678713
critical,25,unambiguous,long,comma,final,13,12,precariously,6.654897367865488
critical,25,unambiguous,long,comma,final,13,13,toppled.,19.172988537698984
critical,25,unambiguous,short,comma,final,11,0,When,20.04004669189453
critical,25,unambiguous,short,comma,final,11,1,the,4.025614261627197
critical,25,unambiguous,short,comma,final,11,2,clumsy,19.81559234112501
critical,25,unambiguous,short,comma,final,11,3,librarian,13.088457081466911
critical,25,unambiguous,short,comma,final,11,4,tried,9.21704387664795
critical,25,unambiguous,short,comma,final,11,5,to,0.115030251443386
critical,25,unambiguous,short,comma,final,11,6,"organize,",18.82440757751465
critical,25,unambiguous,short,comma,final,11,7,the,3.4526383876800537
critical,25,unambiguous,short,comma,final,11,8,stack,12.472060203552246
critical,25,unambiguous,short,comma,final,11,9,of,0.665047287940979
critical,25,unambiguous,short,comma,final,11,10,books,1.2240252494812012
critical,25,unambiguous,short,comma,final,11,11,toppled.,11.515454687178137
critical,25,unambiguous,long,object,final,16,0,When,20.04004669189453
critical,25,unambiguous,long,object,final,16,1,the,4.025614261627197
critical,25,unambiguous,long,object,final,16,2,clumsy,19.81559234112501
critical,25,unambiguous,long,object,final,16,3,librarian,13.088457081466911
critical,25,unambiguous,long,object,final,16,4,tried,9.21704387664795
critical,25,unambiguous,long,object,final,16,5,to,0.115030251443386
critical,25,unambiguous,long,object,final,16,6,organize,9.203933715820312
critical,25,unambiguous,long,object,final,16,7,the,1.2220770120620728
critical,25,unambiguous,long,object,final,16,8,reading,8.470478057861328
critical,25,unambiguous,long,object,final,16,9,room,1.948173999786377
critical,25,unambiguous,long,object,final,16,10,the,7.137465476989746
critical,25,unambiguous,long,object,final,16,11,stack,13.129916191101074
critical,25,unambiguous,long,object,final,16,12,of,0.3685134053230285
critical,25,unambiguous,long,object,final,16,13,books,0.8707082271575928
critical,25,unambiguous,long,object,final,16,14,leaning,13.47758960723877
critical,25,unambiguous,long,object,final,16,15,precariously,7.387385329762765
critical,25,unambiguous,long,object,final,16,16,toppled.,19.659852478653196
critical,25,unambiguous,short,object,final,14,0,When,20.04004669189453
critical,25,unambiguous,short,object,final,14,1,the,4.025614261627197
critical,25,unambiguous,short,object,final,14,2,clumsy,19.81559234112501
critical,25,unambiguous,short,object,final,14,3,librarian,13.088457081466911
critical,25,unambiguous,short,object,final,14,4,tried,9.21704387664795
critical,25,unambiguous,short,object,final,14,5,to,0.115030251443386
critical,25,unambiguous,short,object,final,14,6,organize,9.203933715820312
critical,25,unambiguous,short,object,final,14,7,the,1.2220770120620728
critical,25,unambiguous,short,object,final,14,8,reading,8.470478057861328
critical,25,unambiguous,short,object,final,14,9,room,1.948173999786377
critical,25,unambiguous,short,object,final,14,10,the,7.137465476989746
critical,25,unambiguous,short,object,final,14,11,stack,13.129916191101074
critical,25,unambiguous,short,object,final,14,12,of,0.3685134053230285
critical,25,unambiguous,short,object,final,14,13,books,0.8707082271575928
critical,25,unambiguous,short,object,final,14,14,toppled.,12.554887420032172
critical,25,ambiguous,long,,nonfinal,13,0,When,20.04004669189453
critical,25,ambiguous,long,,nonfinal,13,1,the,4.025614261627197
critical,25,ambiguous,long,,nonfinal,13,2,clumsy,19.81559234112501
critical,25,ambiguous,long,,nonfinal,13,3,librarian,13.088457081466911
critical,25,ambiguous,long,,nonfinal,13,4,tried,9.21704387664795
critical,25,ambiguous,long,,nonfinal,13,5,to,0.115030251443386
critical,25,ambiguous,long,,nonfinal,13,6,organize,9.203933715820312
critical,25,ambiguous,long,,nonfinal,13,7,the,1.2220770120620728
critical,25,ambiguous,long,,nonfinal,13,8,stack,8.711334228515625
critical,25,ambiguous,long,,nonfinal,13,9,of,0.3319072425365448
critical,25,ambiguous,long,,nonfinal,13,10,books,1.190664768218994
critical,25,ambiguous,long,,nonfinal,13,11,leaning,13.3540620803833
critical,25,ambiguous,long,,nonfinal,13,12,precariously,8.467866813422006
critical,25,ambiguous,long,,nonfinal,13,13,toppled,20.61736249923706
critical,25,ambiguous,long,,nonfinal,13,14,over,1.6758924722671509
critical,25,ambiguous,long,,nonfinal,13,15,onto,3.715200901031494
critical,25,ambiguous,long,,nonfinal,13,16,the,0.752477765083313
critical,25,ambiguous,long,,nonfinal,13,17,floor.,2.089479088783264
critical,25,ambiguous,short,,nonfinal,11,0,When,20.04004669189453
critical,25,ambiguous,short,,nonfinal,11,1,the,4.025614261627197
critical,25,ambiguous,short,,nonfinal,11,2,clumsy,19.81559234112501
critical,25,ambiguous,short,,nonfinal,11,3,librarian,13.088457081466911
critical,25,ambiguous,short,,nonfinal,11,4,tried,9.21704387664795
critical,25,ambiguous,short,,nonfinal,11,5,to,0.115030251443386
critical,25,ambiguous,short,,nonfinal,11,6,organize,9.203933715820312
critical,25,ambiguous,short,,nonfinal,11,7,the,1.2220770120620728
critical,25,ambiguous,short,,nonfinal,11,8,stack,8.711334228515625
critical,25,ambiguous,short,,nonfinal,11,9,of,0.3319072425365448
critical,25,ambiguous,short,,nonfinal,11,10,books,1.190664768218994
critical,25,ambiguous,short,,nonfinal,11,11,toppled,18.09969425201416
critical,25,ambiguous,short,,nonfinal,11,12,over,1.1668211221694946
critical,25,ambiguous,short,,nonfinal,11,13,onto,3.596461296081543
critical,25,ambiguous,short,,nonfinal,11,14,the,1.1624114513397217
critical,25,ambiguous,short,,nonfinal,11,15,floor.,2.3809704780578613
critical,25,unambiguous,long,comma,nonfinal,13,0,When,20.04004669189453
critical,25,unambiguous,long,comma,nonfinal,13,1,the,4.025614261627197
critical,25,unambiguous,long,comma,nonfinal,13,2,clumsy,19.81559234112501
critical,25,unambiguous,long,comma,nonfinal,13,3,librarian,13.088457081466911
critical,25,unambiguous,long,comma,nonfinal,13,4,tried,9.21704387664795
critical,25,unambiguous,long,comma,nonfinal,13,5,to,0.115030251443386
critical,25,unambiguous,long,comma,nonfinal,13,6,"organize,",18.82440757751465
critical,25,unambiguous,long,comma,nonfinal,13,7,the,3.4526383876800537
critical,25,unambiguous,long,comma,nonfinal,13,8,stack,12.472060203552246
critical,25,unambiguous,long,comma,nonfinal,13,9,of,0.665047287940979
critical,25,unambiguous,long,comma,nonfinal,13,10,books,1.2240252494812012
critical,25,unambiguous,long,comma,nonfinal,13,11,leaning,14.634725570678713
critical,25,unambiguous,long,comma,nonfinal,13,12,precariously,6.654897367865488
critical,25,unambiguous,long,comma,nonfinal,13,13,toppled,16.563048724085093
critical,25,unambiguous,long,comma,nonfinal,13,14,over,1.947806715965271
critical,25,unambiguous,long,comma,nonfinal,13,15,onto,3.9875428676605225
critical,25,unambiguous,long,comma,nonfinal,13,16,the,0.9478693008422852
critical,25,unambiguous,long,comma,nonfinal,13,17,floor.,1.8247992396354675
critical,25,unambiguous,short,comma,nonfinal,11,0,When,20.04004669189453
critical,25,unambiguous,short,comma,nonfinal,11,1,the,4.025614261627197
critical,25,unambiguous,short,comma,nonfinal,11,2,clumsy,19.81559234112501
critical,25,unambiguous,short,comma,nonfinal,11,3,librarian,13.088457081466911
critical,25,unambiguous,short,comma,nonfinal,11,4,tried,9.21704387664795
critical,25,unambiguous,short,comma,nonfinal,11,5,to,0.115030251443386
critical,25,unambiguous,short,comma,nonfinal,11,6,"organize,",18.82440757751465
critical,25,unambiguous,short,comma,nonfinal,11,7,the,3.4526383876800537
critical,25,unambiguous,short,comma,nonfinal,11,8,stack,12.472060203552246
critical,25,unambiguous,short,comma,nonfinal,11,9,of,0.665047287940979
critical,25,unambiguous,short,comma,nonfinal,11,10,books,1.2240252494812012
critical,25,unambiguous,short,comma,nonfinal,11,11,toppled,8.819619812071323
critical,25,unambiguous,short,comma,nonfinal,11,12,over,1.4840258359909058
critical,25,unambiguous,short,comma,nonfinal,11,13,onto,4.4319376945495605
critical,25,unambiguous,short,comma,nonfinal,11,14,the,1.3083325624465942
critical,25,unambiguous,short,comma,nonfinal,11,15,floor.,2.035175323486328
critical,25,unambiguous,long,object,nonfinal,16,0,When,20.04004669189453
critical,25,unambiguous,long,object,nonfinal,16,1,the,4.025614261627197
critical,25,unambiguous,long,object,nonfinal,16,2,clumsy,19.81559234112501
critical,25,unambiguous,long,object,nonfinal,16,3,librarian,13.088457081466911
critical,25,unambiguous,long,object,nonfinal,16,4,tried,9.21704387664795
critical,25,unambiguous,long,object,nonfinal,16,5,to,0.115030251443386
critical,25,unambiguous,long,object,nonfinal,16,6,organize,9.203933715820312
critical,25,unambiguous,long,object,nonfinal,16,7,the,1.2220770120620728
critical,25,unambiguous,long,object,nonfinal,16,8,reading,8.470478057861328
critical,25,unambiguous,long,object,nonfinal,16,9,room,1.948173999786377
critical,25,unambiguous,long,object,nonfinal,16,10,the,7.137465476989746
critical,25,unambiguous,long,object,nonfinal,16,11,stack,13.129916191101074
critical,25,unambiguous,long,object,nonfinal,16,12,of,0.3685134053230285
critical,25,unambiguous,long,object,nonfinal,16,13,books,0.8707082271575928
critical,25,unambiguous,long,object,nonfinal,16,14,leaning,13.47758960723877
critical,25,unambiguous,long,object,nonfinal,16,15,precariously,7.387385329762765
critical,25,unambiguous,long,object,nonfinal,16,16,toppled,16.121810410171747
critical,25,unambiguous,long,object,nonfinal,16,17,over,1.4728291034698486
critical,25,unambiguous,long,object,nonfinal,16,18,onto,3.589515924453736
critical,25,unambiguous,long,object,nonfinal,16,19,the,0.76348876953125
critical,25,unambiguous,long,object,nonfinal,16,20,floor.,1.5180468559265137
critical,25,unambiguous,short,object,nonfinal,14,0,When,20.04004669189453
critical,25,unambiguous,short,object,nonfinal,14,1,the,4.025614261627197
critical,25,unambiguous,short,object,nonfinal,14,2,clumsy,19.81559234112501
critical,25,unambiguous,short,object,nonfinal,14,3,librarian,13.088457081466911
critical,25,unambiguous,short,object,nonfinal,14,4,tried,9.21704387664795
critical,25,unambiguous,short,object,nonfinal,14,5,to,0.115030251443386
critical,25,unambiguous,short,object,nonfinal,14,6,organize,9.203933715820312
critical,25,unambiguous,short,object,nonfinal,14,7,the,1.2220770120620728
critical,25,unambiguous,short,object,nonfinal,14,8,reading,8.470478057861328
critical,25,unambiguous,short,object,nonfinal,14,9,room,1.948173999786377
critical,25,unambiguous,short,object,nonfinal,14,10,the,7.137465476989746
critical,25,unambiguous,short,object,nonfinal,14,11,stack,13.129916191101074
critical,25,unambiguous,short,object,nonfinal,14,12,of,0.3685134053230285
critical,25,unambiguous,short,object,nonfinal,14,13,books,0.8707082271575928
critical,25,unambiguous,short,object,nonfinal,14,14,toppled,8.383803016040474
critical,25,unambiguous,short,object,nonfinal,14,15,over,1.1562572717666626
critical,25,unambiguous,short,object,nonfinal,14,16,onto,3.5061702728271484
critical,25,unambiguous,short,object,nonfinal,14,17,the,1.142526149749756
critical,25,unambiguous,short,object,nonfinal,14,18,floor.,1.9091230034828184
critical,26,ambiguous,long,,final,8,0,Once,22.194265365600582
critical,26,ambiguous,long,,final,8,1,the,4.801140308380127
critical,26,ambiguous,long,,final,8,2,detective,14.331050872802734
critical,26,ambiguous,long,,final,8,3,investigated,10.40556526184082
critical,26,ambiguous,long,,final,8,4,the,1.4299023151397705
critical,26,ambiguous,long,,final,8,5,politician,15.658087730407717
critical,26,ambiguous,long,,final,8,6,accepting,16.727304458618164
critical,26,ambiguous,long,,final,8,7,bribes,3.478126215370139
critical,26,ambiguous,long,,final,8,8,resigned.,19.3198561668396
critical,26,ambiguous,short,,final,6,0,Once,22.194265365600582
critical,26,ambiguous,short,,final,6,1,the,4.801140308380127
critical,26,ambiguous,short,,final,6,2,detective,14.331050872802734
critical,26,ambiguous,short,,final,6,3,investigated,10.40556526184082
critical,26,ambiguous,short,,final,6,4,the,1.4299023151397705
critical,26,ambiguous,short,,final,6,5,politician,15.658087730407717
critical,26,ambiguous,short,,final,6,6,resigned.,18.75751304626465
critical,26,unambiguous,long,comma,final,8,0,Once,22.194265365600582
critical,26,unambiguous,long,comma,final,8,1,the,4.801140308380127
critical,26,unambiguous,long,comma,final,8,2,detective,14.331050872802734
critical,26,unambiguous,long,comma,final,8,3,"investigated,",14.449267864227297
critical,26,unambiguous,long,comma,final,8,4,the,2.5626983642578125
critical,26,unambiguous,long,comma,final,8,5,politician,12.359783172607422
critical,26,unambiguous,long,comma,final,8,6,accepting,18.98355865478516
critical,26,unambiguous,long,comma,final,8,7,bribes,4.952774245874025
critical,26,unambiguous,long,comma,final,8,8,resigned.,12.9937641620636
critical,26,unambiguous,short,comma,final,6,0,Once,22.194265365600582
critical,26,unambiguous,short,comma,final,6,1,the,4.801140308380127
critical,26,unambiguous,short,comma,final,6,2,detective,14.331050872802734
critical,26,unambiguous,short,comma,final,6,3,"investigated,",14.449267864227297
critical,26,unambiguous,short,comma,final,6,4,the,2.5626983642578125
critical,26,unambiguous,short,comma,final,6,5,politician,12.359783172607422
critical,26,unambiguous,short,comma,final,6,6,resigned.,11.917932391166689
critical,26,unambiguous,long,object,final,9,0,Once,22.194265365600582
critical,26,unambiguous,long,object,final,9,1,the,4.801140308380127
critical,26,unambiguous,long,object,final,9,2,detective,14.331050872802734
critical,26,unambiguous,long,object,final,9,3,investigated,10.40556526184082
critical,26,unambiguous,long,object,final,9,4,him,9.71103858947754
critical,26,unambiguous,long,object,final,9,5,the,7.164468288421631
critical,26,unambiguous,long,object,final,9,6,politician,13.170166015625
critical,26,unambiguous,long,object,final,9,7,accepting,20.42909049987793
critical,26,unambiguous,long,object,final,9,8,bribes,4.935849696397781
critical,26,unambiguous,long,object,final,9,9,resigned.,13.569238305091858
critical,26,unambiguous,short,object,final,7,0,Once,22.194265365600582
critical,26,unambiguous,short,object,final,7,1,the,4.801140308380127
critical,26,unambiguous,short,object,final,7,2,detective,14.331050872802734
critical,26,unambiguous,short,object,final,7,3,investigated,10.40556526184082
critical,26,unambiguous,short,object,final,7,4,him,9.71103858947754
critical,26,unambiguous,short,object,final,7,5,the,7.164468288421631
critical,26,unambiguous,short,object,final,7,6,politician,13.170166015625
critical,26,unambiguous,short,object,final,7,7,resigned.,12.459036946296692
critical,26,ambiguous,long,,nonfinal,8,0,Once,22.194265365600582
critical,26,ambiguous,long,,nonfinal,8,1,the,4.801140308380127
critical,26,ambiguous,long,,nonfinal,8,2,detective,14.331050872802734
critical,26,ambiguous,long,,nonfinal,8,3,investigated,10.40556526184082
critical,26,ambiguous,long,,nonfinal,8,4,the,1.4299023151397705
critical,26,ambiguous,long,,nonfinal,8,5,politician,15.658087730407717
critical,26,ambiguous,long,,nonfinal,8,6,accepting,16.727304458618164
critical,26,ambiguous,long,,nonfinal,8,7,bribes,3.478126215370139
critical,26,ambiguous,long,,nonfinal,8,8,resigned,16.94997787475586
critical,26,ambiguous,long,,nonfinal,8,9,from,3.0993268489837646
critical,26,ambiguous,long,,nonfinal,8,10,office.,5.240243911743164
critical,26,ambiguous,short,,nonfinal,6,0,Once,22.194265365600582
critical,26,ambiguous,short,,nonfinal,6,1,the,4.801140308380127
critical,26,ambiguous,short,,nonfinal,6,2,detective,14.331050872802734
critical,26,ambiguous,short,,nonfinal,6,3,investigated,10.40556526184082
critical,26,ambiguous,short,,nonfinal,6,4,the,1.4299023151397705
critical,26,ambiguous,short,,nonfinal,6,5,politician,15.658087730407717
critical,26,ambiguous,short,,nonfinal,6,6,resigned,15.633953094482422
critical,26,ambiguous,short,,nonfinal,6,7,from,2.221773624420166
critical,26,ambiguous,short,,nonfinal,6,8,office.,4.957929611206055
critical,26,unambiguous,long,comma,nonfinal,8,0,Once,22.194265365600582
critical,26,unambiguous,long,comma,nonfinal,8,1,the,4.801140308380127
critical,26,unambiguous,long,comma,nonfinal,8,2,detective,14.331050872802734
critical,26,unambiguous,long,comma,nonfinal,8,3,"investigated,",14.449267864227297
critical,26,unambiguous,long,comma,nonfinal,8,4,the,2.5626983642578125
critical,26,unambiguous,long,comma,nonfinal,8,5,politician,12.359783172607422
critical,26,unambiguous,long,comma,nonfinal,8,6,accepting,18.98355865478516
critical,26,unambiguous,long,comma,nonfinal,8,7,bribes,4.952774245874025
critical,26,unambiguous,long,comma,nonfinal,8,8,resigned,11.638389587402344
critical,26,unambiguous,long,comma,nonfinal,8,9,from,3.3304193019866943
critical,26,unambiguous,long,comma,nonfinal,8,10,office.,2.708689510822296
critical,26,unambiguous,short,comma,nonfinal,6,0,Once,22.194265365600582
critical,26,unambiguous,short,comma,nonfinal,6,1,the,4.801140308380127
critical,26,unambiguous,short,comma,nonfinal,6,2,detective,14.331050872802734
critical,26,unambiguous,short,comma,nonfinal,6,3,"investigated,",14.449267864227297
critical,26,unambiguous,short,comma,nonfinal,6,4,the,2.5626983642578125
critical,26,unambiguous,short,comma,nonfinal,6,5,politician,12.359783172607422
critical,26,unambiguous,short,comma,nonfinal,6,6,resigned,10.56696605682373
critical,26,unambiguous,short,comma,nonfinal,6,7,from,3.5605814456939697
critical,26,unambiguous,short,comma,nonfinal,6,8,office.,2.6688872575759888
critical,26,unambiguous,long,object,nonfinal,9,0,Once,22.194265365600582
critical,26,unambiguous,long,object,nonfinal,9,1,the,4.801140308380127
critical,26,unambiguous,long,object,nonfinal,9,2,detective,14.331050872802734
critical,26,unambiguous,long,object,nonfinal,9,3,investigated,10.40556526184082
critical,26,unambiguous,long,object,nonfinal,9,4,him,9.71103858947754
critical,26,unambiguous,long,object,nonfinal,9,5,the,7.164468288421631
critical,26,unambiguous,long,object,nonfinal,9,6,politician,13.170166015625
critical,26,unambiguous,long,object,nonfinal,9,7,accepting,20.42909049987793
critical,26,unambiguous,long,object,nonfinal,9,8,bribes,4.935849696397781
critical,26,unambiguous,long,object,nonfinal,9,9,resigned,11.911328315734863
critical,26,unambiguous,long,object,nonfinal,9,10,from,3.870095252990722
critical,26,unambiguous,long,object,nonfinal,9,11,office.,3.159777998924256
critical,26,unambiguous,short,object,nonfinal,7,0,Once,22.194265365600582
critical,26,unambiguous,short,object,nonfinal,7,1,the,4.801140308380127
critical,26,unambiguous,short,object,nonfinal,7,2,detective,14.331050872802734
critical,26,unambiguous,short,object,nonfinal,7,3,investigated,10.40556526184082
critical,26,unambiguous,short,object,nonfinal,7,4,him,9.71103858947754
critical,26,unambiguous,short,object,nonfinal,7,5,the,7.164468288421631
critical,26,unambiguous,short,object,nonfinal,7,6,politician,13.170166015625
critical,26,unambiguous,short,object,nonfinal,7,7,resigned,10.65519905090332
critical,26,unambiguous,short,object,nonfinal,7,8,from,3.363166093826294
critical,26,unambiguous,short,object,nonfinal,7,9,office.,3.4131290912628174
critical,27,ambiguous,long,,final,9,0,When,20.04004669189453
critical,27,ambiguous,long,,final,9,1,the,4.025614261627197
critical,27,ambiguous,long,,final,9,2,supervisor,14.117761611938477
critical,27,ambiguous,long,,final,9,3,called,6.605601787567139
critical,27,ambiguous,long,,final,9,4,the,3.6599159240722656
critical,27,ambiguous,long,,final,9,5,employees,8.210493087768555
critical,27,ambiguous,long,,final,9,6,who,5.018306255340576
critical,27,ambiguous,long,,final,9,7,were,2.04298734664917
critical,27,ambiguous,long,,final,9,8,available,10.000298500061035
critical,27,ambiguous,long,,final,9,9,gathered.,22.0582914352417
critical,27,ambiguous,short,,final,6,0,When,20.04004669189453
critical,27,ambiguous,short,,final,6,1,the,4.025614261627197
critical,27,ambiguous,short,,final,6,2,supervisor,14.117761611938477
critical,27,ambiguous,short,,final,6,3,called,6.605601787567139
critical,27,ambiguous,short,,final,6,4,the,3.6599159240722656
critical,27,ambiguous,short,,final,6,5,employees,8.210493087768555
critical,27,ambiguous,short,,final,6,6,gathered.,17.21638536453247
critical,27,unambiguous,long,comma,final,9,0,When,20.04004669189453
critical,27,unambiguous,long,comma,final,9,1,the,4.025614261627197
critical,27,unambiguous,long,comma,final,9,2,supervisor,14.117761611938477
critical,27,unambiguous,long,comma,final,9,3,"called,",10.68400239944458
critical,27,unambiguous,long,comma,final,9,4,the,3.2391529083251958
critical,27,unambiguous,long,comma,final,9,5,employees,8.079949378967285
critical,27,unambiguous,long,comma,final,9,6,who,5.854305744171143
critical,27,unambiguous,long,comma,final,9,7,were,1.9682960510253904
critical,27,unambiguous,long,comma,final,9,8,available,7.925872802734375
critical,27,unambiguous,long,comma,final,9,9,gathered.,15.301855325698853
critical,27,unambiguous,short,comma,final,6,0,When,20.04004669189453
critical,27,unambiguous,short,comma,final,6,1,the,4.025614261627197
critical,27,unambiguous,short,comma,final,6,2,supervisor,14.117761611938477
critical,27,unambiguous,short,comma,final,6,3,"called,",10.68400239944458
critical,27,unambiguous,short,comma,final,6,4,the,3.2391529083251958
critical,27,unambiguous,short,comma,final,6,5,employees,8.079949378967285
critical,27,unambiguous,short,comma,final,6,6,gathered.,12.628080368041992
critical,27,unambiguous,long,object,final,11,0,When,20.04004669189453
critical,27,unambiguous,long,object,final,11,1,the,4.025614261627197
critical,27,unambiguous,long,object,final,11,2,supervisor,14.117761611938477
critical,27,unambiguous,long,object,final,11,3,called,6.605601787567139
critical,27,unambiguous,long,object,final,11,4,the,3.6599159240722656
critical,27,unambiguous,long,object,final,11,5,team,8.456586837768555
critical,27,unambiguous,long,object,final,11,6,the,7.88676643371582
critical,27,unambiguous,long,object,final,11,7,employees,9.586774826049805
critical,27,unambiguous,long,object,final,11,8,who,6.223505973815918
critical,27,unambiguous,long,object,final,11,9,were,2.3496103286743164
critical,27,unambiguous,long,object,final,11,10,available,8.217830657958984
critical,27,unambiguous,long,object,final,11,11,gathered.,19.549145221710205
critical,27,unambiguous,short,object,final,8,0,When,20.04004669189453
critical,27,unambiguous,short,object,final,8,1,the,4.025614261627197
critical,27,unambiguous,short,object,final,8,2,supervisor,14.117761611938477
critical,27,unambiguous,short,object,final,8,3,called,6.605601787567139
critical,27,unambiguous,short,object,final,8,4,the,3.6599159240722656
critical,27,unambiguous,short,object,final,8,5,team,8.456586837768555
critical,27,unambiguous,short,object,final,8,6,the,7.88676643371582
critical,27,unambiguous,short,object,final,8,7,employees,9.586774826049805
critical,27,unambiguous,short,object,final,8,8,gathered.,14.320816040039062
critical,27,ambiguous,long,,nonfinal,9,0,When,20.04004669189453
critical,27,ambiguous,long,,nonfinal,9,1,the,4.025614261627197
critical,27,ambiguous,long,,nonfinal,9,2,supervisor,14.117761611938477
critical,27,ambiguous,long,,nonfinal,9,3,called,6.605601787567139
critical,27,ambiguous,long,,nonfinal,9,4,the,3.6599159240722656
critical,27,ambiguous,long,,nonfinal,9,5,employees,8.210493087768555
critical,27,ambiguous,long,,nonfinal,9,6,who,5.018306255340576
critical,27,ambiguous,long,,nonfinal,9,7,were,2.04298734664917
critical,27,ambiguous,long,,nonfinal,9,8,available,10.000298500061035
critical,27,ambiguous,long,,nonfinal,9,9,gathered,16.8388614654541
critical,27,ambiguous,long,,nonfinal,9,10,in,2.2573726177215576
critical,27,ambiguous,long,,nonfinal,9,11,the,0.7686702609062195
critical,27,ambiguous,long,,nonfinal,9,12,meeting,4.98750114440918
critical,27,ambiguous,long,,nonfinal,9,13,room.,2.1972585916519165
critical,27,ambiguous,short,,nonfinal,6,0,When,20.04004669189453
critical,27,ambiguous,short,,nonfinal,6,1,the,4.025614261627197
critical,27,ambiguous,short,,nonfinal,6,2,supervisor,14.117761611938477
critical,27,ambiguous,short,,nonfinal,6,3,called,6.605601787567139
critical,27,ambiguous,short,,nonfinal,6,4,the,3.6599159240722656
critical,27,ambiguous,short,,nonfinal,6,5,employees,8.210493087768555
critical,27,ambiguous,short,,nonfinal,6,6,gathered,9.86302375793457
critical,27,ambiguous,short,,nonfinal,6,7,in,2.0616769790649414
critical,27,ambiguous,short,,nonfinal,6,8,the,0.7502268552780151
critical,27,ambiguous,short,,nonfinal,6,9,meeting,4.271571636199951
critical,27,ambiguous,short,,nonfinal,6,10,room.,6.197386384010315
critical,27,unambiguous,long,comma,nonfinal,9,0,When,20.04004669189453
critical,27,unambiguous,long,comma,nonfinal,9,1,the,4.025614261627197
critical,27,unambiguous,long,comma,nonfinal,9,2,supervisor,14.117761611938477
critical,27,unambiguous,long,comma,nonfinal,9,3,"called,",10.68400239944458
critical,27,unambiguous,long,comma,nonfinal,9,4,the,3.2391529083251958
critical,27,unambiguous,long,comma,nonfinal,9,5,employees,8.079949378967285
critical,27,unambiguous,long,comma,nonfinal,9,6,who,5.854305744171143
critical,27,unambiguous,long,comma,nonfinal,9,7,were,1.9682960510253904
critical,27,unambiguous,long,comma,nonfinal,9,8,available,7.925872802734375
critical,27,unambiguous,long,comma,nonfinal,9,9,gathered,11.445425033569336
critical,27,unambiguous,long,comma,nonfinal,9,10,in,2.208048105239868
critical,27,unambiguous,long,comma,nonfinal,9,11,the,0.8665668964385986
critical,27,unambiguous,long,comma,nonfinal,9,12,meeting,5.39408016204834
critical,27,unambiguous,long,comma,nonfinal,9,13,room.,1.4115372598171234
critical,27,unambiguous,short,comma,nonfinal,6,0,When,20.04004669189453
critical,27,unambiguous,short,comma,nonfinal,6,1,the,4.025614261627197
critical,27,unambiguous,short,comma,nonfinal,6,2,supervisor,14.117761611938477
critical,27,unambiguous,short,comma,nonfinal,6,3,"called,",10.68400239944458
critical,27,unambiguous,short,comma,nonfinal,6,4,the,3.2391529083251958
critical,27,unambiguous,short,comma,nonfinal,6,5,employees,8.079949378967285
critical,27,unambiguous,short,comma,nonfinal,6,6,gathered,7.964265823364258
critical,27,unambiguous,short,comma,nonfinal,6,7,in,1.972762107849121
critical,27,unambiguous,short,comma,nonfinal,6,8,the,0.6756812930107117
critical,27,unambiguous,short,comma,nonfinal,6,9,meeting,5.3098225593566895
critical,27,unambiguous,short,comma,nonfinal,6,10,room.,2.108434319496155
critical,27,unambiguous,long,object,nonfinal,11,0,When,20.04004669189453
critical,27,unambiguous,long,object,nonfinal,11,1,the,4.025614261627197
critical,27,unambiguous,long,object,nonfinal,11,2,supervisor,14.117761611938477
critical,27,unambiguous,long,object,nonfinal,11,3,called,6.605601787567139
critical,27,unambiguous,long,object,nonfinal,11,4,the,3.6599159240722656
critical,27,unambiguous,long,object,nonfinal,11,5,team,8.456586837768555
critical,27,unambiguous,long,object,nonfinal,11,6,the,7.88676643371582
critical,27,unambiguous,long,object,nonfinal,11,7,employees,9.586774826049805
critical,27,unambiguous,long,object,nonfinal,11,8,who,6.223505973815918
critical,27,unambiguous,long,object,nonfinal,11,9,were,2.3496103286743164
critical,27,unambiguous,long,object,nonfinal,11,10,available,8.217830657958984
critical,27,unambiguous,long,object,nonfinal,11,11,gathered,15.133545875549316
critical,27,unambiguous,long,object,nonfinal,11,12,in,2.146749258041382
critical,27,unambiguous,long,object,nonfinal,11,13,the,0.7377340197563171
critical,27,unambiguous,long,object,nonfinal,11,14,meeting,4.767279148101807
critical,27,unambiguous,long,object,nonfinal,11,15,room.,1.5644326359033585
critical,27,unambiguous,short,object,nonfinal,8,0,When,20.04004669189453
critical,27,unambiguous,short,object,nonfinal,8,1,the,4.025614261627197
critical,27,unambiguous,short,object,nonfinal,8,2,supervisor,14.117761611938477
critical,27,unambiguous,short,object,nonfinal,8,3,called,6.605601787567139
critical,27,unambiguous,short,object,nonfinal,8,4,the,3.6599159240722656
critical,27,unambiguous,short,object,nonfinal,8,5,team,8.456586837768555
critical,27,unambiguous,short,object,nonfinal,8,6,the,7.88676643371582
critical,27,unambiguous,short,object,nonfinal,8,7,employees,9.586774826049805
critical,27,unambiguous,short,object,nonfinal,8,8,gathered,9.098243713378906
critical,27,unambiguous,short,object,nonfinal,8,9,in,2.4970574378967285
critical,27,unambiguous,short,object,nonfinal,8,10,the,0.7086455821990967
critical,27,unambiguous,short,object,nonfinal,8,11,meeting,4.447544097900391
critical,27,unambiguous,short,object,nonfinal,8,12,room.,3.635270237922669
critical,28,ambiguous,long,,final,8,0,As,18.927881240844727
critical,28,ambiguous,long,,final,8,1,the,3.407918691635132
critical,28,ambiguous,long,,final,8,2,guest,13.05403995513916
critical,28,ambiguous,long,,final,8,3,photographed,14.955739974975586
critical,28,ambiguous,long,,final,8,4,the,3.7674753665924072
critical,28,ambiguous,long,,final,8,5,couple,9.39303493499756
critical,28,ambiguous,long,,final,8,6,of,8.203719139099121
critical,28,ambiguous,long,,final,8,7,newlyweds,12.643249186920002
critical,28,ambiguous,long,,final,8,8,smiled.,22.22849178314209
critical,28,ambiguous,short,,final,6,0,As,18.927881240844727
critical,28,ambiguous,short,,final,6,1,the,3.407918691635132
critical,28,ambiguous,short,,final,6,2,guest,13.05403995513916
critical,28,ambiguous,short,,final,6,3,photographed,14.955739974975586
critical,28,ambiguous,short,,final,6,4,the,3.7674753665924072
critical,28,ambiguous,short,,final,6,5,couple,9.39303493499756
critical,28,ambiguous,short,,final,6,6,smiled.,21.00891923904419
critical,28,unambiguous,long,comma,final,8,0,As,18.927881240844727
critical,28,unambiguous,long,comma,final,8,1,the,3.407918691635132
critical,28,unambiguous,long,comma,final,8,2,guest,13.05403995513916
critical,28,unambiguous,long,comma,final,8,3,"photographed,",18.290905952453613
critical,28,unambiguous,long,comma,final,8,4,the,2.5006070137023926
critical,28,unambiguous,long,comma,final,8,5,couple,8.287040710449219
critical,28,unambiguous,long,comma,final,8,6,of,7.741073608398437
critical,28,unambiguous,long,comma,final,8,7,newlyweds,13.5688211012166
critical,28,unambiguous,long,comma,final,8,8,smiled.,14.094662189483644
critical,28,unambiguous,short,comma,final,6,0,As,18.927881240844727
critical,28,unambiguous,short,comma,final,6,1,the,3.407918691635132
critical,28,unambiguous,short,comma,final,6,2,guest,13.05403995513916
critical,28,unambiguous,short,comma,final,6,3,"photographed,",18.290905952453613
critical,28,unambiguous,short,comma,final,6,4,the,2.5006070137023926
critical,28,unambiguous,short,comma,final,6,5,couple,8.287040710449219
critical,28,unambiguous,short,comma,final,6,6,smiled.,14.195644855499268
critical,28,unambiguous,long,object,final,10,0,As,18.927881240844727
critical,28,unambiguous,long,object,final,10,1,the,3.407918691635132
critical,28,unambiguous,long,object,final,10,2,guest,13.05403995513916
critical,28,unambiguous,long,object,final,10,3,photographed,14.955739974975586
critical,28,unambiguous,long,object,final,10,4,the,3.7674753665924072
critical,28,unambiguous,long,object,final,10,5,ceremony,8.202352523803711
critical,28,unambiguous,long,object,final,10,6,the,8.302550315856934
critical,28,unambiguous,long,object,final,10,7,couple,5.701585292816162
critical,28,unambiguous,long,object,final,10,8,of,9.252847671508787
critical,28,unambiguous,long,object,final,10,9,newlyweds,10.988987111893948
critical,28,unambiguous,long,object,final,10,10,smiled.,15.308435440063477
critical,28,unambiguous,short,object,final,8,0,As,18.927881240844727
critical,28,unambiguous,short,object,final,8,1,the,3.407918691635132
critical,28,unambiguous,short,object,final,8,2,guest,13.05403995513916
critical,28,unambiguous,short,object,final,8,3,photographed,14.955739974975586
critical,28,unambiguous,short,object,final,8,4,the,3.7674753665924072
critical,28,unambiguous,short,object,final,8,5,ceremony,8.202352523803711
critical,28,unambiguous,short,object,final,8,6,the,8.302550315856934
critical,28,unambiguous,short,object,final,8,7,couple,5.701585292816162
critical,28,unambiguous,short,object,final,8,8,smiled.,14.984155178070068
critical,28,ambiguous,long,,nonfinal,8,0,As,18.927881240844727
critical,28,ambiguous,long,,nonfinal,8,1,the,3.407918691635132
critical,28,ambiguous,long,,nonfinal,8,2,guest,13.05403995513916
critical,28,ambiguous,long,,nonfinal,8,3,photographed,14.955739974975586
critical,28,ambiguous,long,,nonfinal,8,4,the,3.7674753665924072
critical,28,ambiguous,long,,nonfinal,8,5,couple,9.39303493499756
critical,28,ambiguous,long,,nonfinal,8,6,of,8.203719139099121
critical,28,ambiguous,long,,nonfinal,8,7,newlyweds,12.643249186920002
critical,28,ambiguous,long,,nonfinal,8,8,smiled,16.040576934814453
critical,28,ambiguous,long,,nonfinal,8,9,for,5.8226237297058105
critical,28,ambiguous,long,,nonfinal,8,10,the,0.9191647171974182
critical,28,ambiguous,long,,nonfinal,8,11,camera.,2.863396853208542
critical,28,ambiguous,short,,nonfinal,6,0,As,18.927881240844727
critical,28,ambiguous,short,,nonfinal,6,1,the,3.407918691635132
critical,28,ambiguous,short,,nonfinal,6,2,guest,13.05403995513916
critical,28,ambiguous,short,,nonfinal,6,3,photographed,14.955739974975586
critical,28,ambiguous,short,,nonfinal,6,4,the,3.7674753665924072
critical,28,ambiguous,short,,nonfinal,6,5,couple,9.39303493499756
critical,28,ambiguous,short,,nonfinal,6,6,smiled,14.721426010131836
critical,28,ambiguous,short,,nonfinal,6,7,for,5.89630937576294
critical,28,ambiguous,short,,nonfinal,6,8,the,0.8530229330062866
critical,28,ambiguous,short,,nonfinal,6,9,camera.,3.106525242328644
critical,28,unambiguous,long,comma,nonfinal,8,0,As,18.927881240844727
critical,28,unambiguous,long,comma,nonfinal,8,1,the,3.407918691635132
critical,28,unambiguous,long,comma,nonfinal,8,2,guest,13.05403995513916
critical,28,unambiguous,long,comma,nonfinal,8,3,"photographed,",18.290905952453613
critical,28,unambiguous,long,comma,nonfinal,8,4,the,2.5006070137023926
critical,28,unambiguous,long,comma,nonfinal,8,5,couple,8.287040710449219
critical,28,unambiguous,long,comma,nonfinal,8,6,of,7.741073608398437
critical,28,unambiguous,long,comma,nonfinal,8,7,newlyweds,13.5688211012166
critical,28,unambiguous,long,comma,nonfinal,8,8,smiled,8.647538185119629
critical,28,unambiguous,long,comma,nonfinal,8,9,for,5.619046211242676
critical,28,unambiguous,long,comma,nonfinal,8,10,the,0.9695748686790466
critical,28,unambiguous,long,comma,nonfinal,8,11,camera.,2.4415455162525177
critical,28,unambiguous,short,comma,nonfinal,6,0,As,18.927881240844727
critical,28,unambiguous,short,comma,nonfinal,6,1,the,3.407918691635132
critical,28,unambiguous,short,comma,nonfinal,6,2,guest,13.05403995513916
critical,28,unambiguous,short,comma,nonfinal,6,3,"photographed,",18.290905952453613
critical,28,unambiguous,short,comma,nonfinal,6,4,the,2.5006070137023926
critical,28,unambiguous,short,comma,nonfinal,6,5,couple,8.287040710449219
critical,28,unambiguous,short,comma,nonfinal,6,6,smiled,8.790399551391602
critical,28,unambiguous,short,comma,nonfinal,6,7,for,5.19990348815918
critical,28,unambiguous,short,comma,nonfinal,6,8,the,1.0290409326553345
critical,28,unambiguous,short,comma,nonfinal,6,9,camera.,2.541171580553055
critical,28,unambiguous,long,object,nonfinal,10,0,As,18.927881240844727
critical,28,unambiguous,long,object,nonfinal,10,1,the,3.407918691635132
critical,28,unambiguous,long,object,nonfinal,10,2,guest,13.05403995513916
critical,28,unambiguous,long,object,nonfinal,10,3,photographed,14.955739974975586
critical,28,unambiguous,long,object,nonfinal,10,4,the,3.7674753665924072
critical,28,unambiguous,long,object,nonfinal,10,5,ceremony,8.202352523803711
critical,28,unambiguous,long,object,nonfinal,10,6,the,8.302550315856934
critical,28,unambiguous,long,object,nonfinal,10,7,couple,5.701585292816162
critical,28,unambiguous,long,object,nonfinal,10,8,of,9.252847671508787
critical,28,unambiguous,long,object,nonfinal,10,9,newlyweds,10.988987111893948
critical,28,unambiguous,long,object,nonfinal,10,10,smiled,9.484881401062012
critical,28,unambiguous,long,object,nonfinal,10,11,for,5.906247615814209
critical,28,unambiguous,long,object,nonfinal,10,12,the,0.8259446024894714
critical,28,unambiguous,long,object,nonfinal,10,13,camera.,2.484841048717499
critical,28,unambiguous,short,object,nonfinal,8,0,As,18.927881240844727
critical,28,unambiguous,short,object,nonfinal,8,1,the,3.407918691635132
critical,28,unambiguous,short,object,nonfinal,8,2,guest,13.05403995513916
critical,28,unambiguous,short,object,nonfinal,8,3,photographed,14.955739974975586
critical,28,unambiguous,short,object,nonfinal,8,4,the,3.7674753665924072
critical,28,unambiguous,short,object,nonfinal,8,5,ceremony,8.202352523803711
critical,28,unambiguous,short,object,nonfinal,8,6,the,8.302550315856934
critical,28,unambiguous,short,object,nonfinal,8,7,couple,5.701585292816162
critical,28,unambiguous,short,object,nonfinal,8,8,smiled,9.09797191619873
critical,28,unambiguous,short,object,nonfinal,8,9,for,5.765890121459961
critical,28,unambiguous,short,object,nonfinal,8,10,the,0.926348090171814
critical,28,unambiguous,short,object,nonfinal,8,11,camera.,2.657525420188904
critical,29,ambiguous,long,,final,9,0,When,20.04004669189453
critical,29,ambiguous,long,,final,9,1,the,4.025614261627197
critical,29,ambiguous,long,,final,9,2,family,10.614096641540527
critical,29,ambiguous,long,,final,9,3,packed,12.267666816711426
critical,29,ambiguous,long,,final,9,4,the,4.618289947509766
critical,29,ambiguous,long,,final,9,5,vases,20.69037103652954
critical,29,ambiguous,long,,final,9,6,made,10.82343864440918
critical,29,ambiguous,long,,final,9,7,of,2.010636806488037
critical,29,ambiguous,long,,final,9,8,porcelain,7.747693349607289
critical,29,ambiguous,long,,final,9,9,shattered.,18.13156533241272
critical,29,ambiguous,short,,final,6,0,When,20.04004669189453
critical,29,ambiguous,short,,final,6,1,the,4.025614261627197
critical,29,ambiguous,short,,final,6,2,family,10.614096641540527
critical,29,ambiguous,short,,final,6,3,packed,12.267666816711426
critical,29,ambiguous,short,,final,6,4,the,4.618289947509766
critical,29,ambiguous,short,,final,6,5,vases,20.69037103652954
critical,29,ambiguous,short,,final,6,6,shattered.,19.943598985672
critical,29,unambiguous,long,comma,final,9,0,When,20.04004669189453
critical,29,unambiguous,long,comma,final,9,1,the,4.025614261627197
critical,29,unambiguous,long,comma,final,9,2,family,10.614096641540527
critical,29,unambiguous,long,comma,final,9,3,"packed,",20.52176094055176
critical,29,unambiguous,long,comma,final,9,4,the,2.791630506515503
critical,29,unambiguous,long,comma,final,9,5,vases,16.34729290008545
critical,29,unambiguous,long,comma,final,9,6,made,8.079041481018066
critical,29,unambiguous,long,comma,final,9,7,of,4.721042156219482
critical,29,unambiguous,long,comma,final,9,8,porcelain,7.420261594932526
critical,29,unambiguous,long,comma,final,9,9,shattered.,11.176904320716858
critical,29,unambiguous,short,comma,final,6,0,When,20.04004669189453
critical,29,unambiguous,short,comma,final,6,1,the,4.025614261627197
critical,29,unambiguous,short,comma,final,6,2,family,10.614096641540527
critical,29,unambiguous,short,comma,final,6,3,"packed,",20.52176094055176
critical,29,unambiguous,short,comma,final,6,4,the,2.791630506515503
critical,29,unambiguous,short,comma,final,6,5,vases,16.34729290008545
critical,29,unambiguous,short,comma,final,6,6,shattered.,11.66661262512207
critical,29,unambiguous,long,object,final,11,0,When,20.04004669189453
critical,29,unambiguous,long,object,final,11,1,the,4.025614261627197
critical,29,unambiguous,long,object,final,11,2,family,10.614096641540527
critical,29,unambiguous,long,object,final,11,3,packed,12.267666816711426
critical,29,unambiguous,long,object,final,11,4,their,2.6139657497406006
critical,29,unambiguous,long,object,final,11,5,belongings,3.800400972366333
critical,29,unambiguous,long,object,final,11,6,the,7.733060836791992
critical,29,unambiguous,long,object,final,11,7,vases,17.463242053985596
critical,29,unambiguous,long,object,final,11,8,made,7.46966028213501
critical,29,unambiguous,long,object,final,11,9,of,5.239406108856201
critical,29,unambiguous,long,object,final,11,10,porcelain,7.387721087783575
critical,29,unambiguous,long,object,final,11,11,shattered.,11.085978507995604
critical,29,unambiguous,short,object,final,8,0,When,20.04004669189453
critical,29,unambiguous,short,object,final,8,1,the,4.025614261627197
critical,29,unambiguous,short,object,final,8,2,family,10.614096641540527
critical,29,unambiguous,short,object,final,8,3,packed,12.267666816711426
critical,29,unambiguous,short,object,final,8,4,their,2.6139657497406006
critical,29,unambiguous,short,object,final,8,5,belongings,3.800400972366333
critical,29,unambiguous,short,object,final,8,6,the,7.733060836791992
critical,29,unambiguous,short,object,final,8,7,vases,17.463242053985596
critical,29,unambiguous,short,object,final,8,8,shattered.,13.105767011642456
critical,29,ambiguous,long,,nonfinal,9,0,When,20.04004669189453
critical,29,ambiguous,long,,nonfinal,9,1,the,4.025614261627197
critical,29,ambiguous,long,,nonfinal,9,2,family,10.614096641540527
critical,29,ambiguous,long,,nonfinal,9,3,packed,12.267666816711426
critical,29,ambiguous,long,,nonfinal,9,4,the,4.618289947509766
critical,29,ambiguous,long,,nonfinal,9,5,vases,20.69037103652954
critical,29,ambiguous,long,,nonfinal,9,6,made,10.82343864440918
critical,29,ambiguous,long,,nonfinal,9,7,of,2.010636806488037
critical,29,ambiguous,long,,nonfinal,9,8,porcelain,7.747693349607289
critical,29,ambiguous,long,,nonfinal,9,9,shattered,14.28663730621338
critical,29,ambiguous,long,,nonfinal,9,10,into,3.421696662902832
critical,29,ambiguous,long,,nonfinal,9,11,many,7.382473468780518
critical,29,ambiguous,long,,nonfinal,9,12,pieces.,3.253950297832489
critical,29,ambiguous,short,,nonfinal,6,0,When,20.04004669189453
critical,29,ambiguous,short,,nonfinal,6,1,the,4.025614261627197
critical,29,ambiguous,short,,nonfinal,6,2,family,10.614096641540527
critical,29,ambiguous,short,,nonfinal,6,3,packed,12.267666816711426
critical,29,ambiguous,short,,nonfinal,6,4,the,4.618289947509766
critical,29,ambiguous,short,,nonfinal,6,5,vases,20.69037103652954
critical,29,ambiguous,short,,nonfinal,6,6,shattered,15.97628116607666
critical,29,ambiguous,short,,nonfinal,6,7,into,3.9150116443634033
critical,29,ambiguous,short,,nonfinal,6,8,many,7.9636921882629395
critical,29,ambiguous,short,,nonfinal,6,9,pieces.,3.4570769667625427
critical,29,unambiguous,long,comma,nonfinal,9,0,When,20.04004669189453
critical,29,unambiguous,long,comma,nonfinal,9,1,the,4.025614261627197
critical,29,unambiguous,long,comma,nonfinal,9,2,family,10.614096641540527
critical,29,unambiguous,long,comma,nonfinal,9,3,"packed,",20.52176094055176
critical,29,unambiguous,long,comma,nonfinal,9,4,the,2.791630506515503
critical,29,unambiguous,long,comma,nonfinal,9,5,vases,16.34729290008545
critical,29,unambiguous,long,comma,nonfinal,9,6,made,8.079041481018066
critical,29,unambiguous,long,comma,nonfinal,9,7,of,4.721042156219482
critical,29,unambiguous,long,comma,nonfinal,9,8,porcelain,7.420261594932526
critical,29,unambiguous,long,comma,nonfinal,9,9,shattered,9.182021141052246
critical,29,unambiguous,long,comma,nonfinal,9,10,into,4.261612892150879
critical,29,unambiguous,long,comma,nonfinal,9,11,many,7.081783294677734
critical,29,unambiguous,long,comma,nonfinal,9,12,pieces.,1.6302524209022522
critical,29,unambiguous,short,comma,nonfinal,6,0,When,20.04004669189453
critical,29,unambiguous,short,comma,nonfinal,6,1,the,4.025614261627197
critical,29,unambiguous,short,comma,nonfinal,6,2,family,10.614096641540527
critical,29,unambiguous,short,comma,nonfinal,6,3,"packed,",20.52176094055176
critical,29,unambiguous,short,comma,nonfinal,6,4,the,2.791630506515503
critical,29,unambiguous,short,comma,nonfinal,6,5,vases,16.34729290008545
critical,29,unambiguous,short,comma,nonfinal,6,6,shattered,9.57613468170166
critical,29,unambiguous,short,comma,nonfinal,6,7,into,4.8709917068481445
critical,29,unambiguous,short,comma,nonfinal,6,8,many,6.874668121337891
critical,29,unambiguous,short,comma,nonfinal,6,9,pieces.,1.7845001816749573
critical,29,unambiguous,long,object,nonfinal,11,0,When,20.04004669189453
critical,29,unambiguous,long,object,nonfinal,11,1,the,4.025614261627197
critical,29,unambiguous,long,object,nonfinal,11,2,family,10.614096641540527
critical,29,unambiguous,long,object,nonfinal,11,3,packed,12.267666816711426
critical,29,unambiguous,long,object,nonfinal,11,4,their,2.6139657497406006
critical,29,unambiguous,long,object,nonfinal,11,5,belongings,3.800400972366333
critical,29,unambiguous,long,object,nonfinal,11,6,the,7.733060836791992
critical,29,unambiguous,long,object,nonfinal,11,7,vases,17.463242053985596
critical,29,unambiguous,long,object,nonfinal,11,8,made,7.46966028213501
critical,29,unambiguous,long,object,nonfinal,11,9,of,5.239406108856201
critical,29,unambiguous,long,object,nonfinal,11,10,porcelain,7.387721087783575
critical,29,unambiguous,long,object,nonfinal,11,11,shattered,8.909942626953125
critical,29,unambiguous,long,object,nonfinal,11,12,into,3.9205398559570312
critical,29,unambiguous,long,object,nonfinal,11,13,many,7.09288501739502
critical,29,unambiguous,long,object,nonfinal,11,14,pieces.,1.485330194234848
critical,29,unambiguous,short,object,nonfinal,8,0,When,20.04004669189453
critical,29,unambiguous,short,object,nonfinal,8,1,the,4.025614261627197
critical,29,unambiguous,short,object,nonfinal,8,2,family,10.614096641540527
critical,29,unambiguous,short,object,nonfinal,8,3,packed,12.267666816711426
critical,29,unambiguous,short,object,nonfinal,8,4,their,2.6139657497406006
critical,29,unambiguous,short,object,nonfinal,8,5,belongings,3.800400972366333
critical,29,unambiguous,short,object,nonfinal,8,6,the,7.733060836791992
critical,29,unambiguous,short,object,nonfinal,8,7,vases,17.463242053985596
critical,29,unambiguous,short,object,nonfinal,8,8,shattered,10.588348388671877
critical,29,unambiguous,short,object,nonfinal,8,9,into,4.430325508117676
critical,29,unambiguous,short,object,nonfinal,8,10,many,7.257043361663818
critical,29,unambiguous,short,object,nonfinal,8,11,pieces.,1.691831886768341
critical,30,ambiguous,long,,final,9,0,After,20.94694709777832
critical,30,ambiguous,long,,final,9,1,the,3.189217329025269
critical,30,ambiguous,long,,final,9,2,gardener,23.39157605171204
critical,30,ambiguous,long,,final,9,3,watered,14.399736747145653
critical,30,ambiguous,long,,final,9,4,the,0.7870751619338989
critical,30,ambiguous,long,,final,9,5,plants,2.8685123920440674
critical,30,ambiguous,long,,final,9,6,that,6.628219604492188
critical,30,ambiguous,long,,final,9,7,were,2.2320568561553955
critical,30,ambiguous,long,,final,9,8,wilting,8.374926042277366
critical,30,ambiguous,long,,final,9,9,revived.,24.798454523086548
critical,30,ambiguous,short,,final,6,0,After,20.94694709777832
critical,30,ambiguous,short,,final,6,1,the,3.189217329025269
critical,30,ambiguous,short,,final,6,2,gardener,23.39157605171204
critical,30,ambiguous,short,,final,6,3,watered,14.399736747145653
critical,30,ambiguous,short,,final,6,4,the,0.7870751619338989
critical,30,ambiguous,short,,final,6,5,plants,2.8685123920440674
critical,30,ambiguous,short,,final,6,6,revived.,22.87896728515625
critical,30,unambiguous,long,comma,final,9,0,After,20.94694709777832
critical,30,unambiguous,long,comma,final,9,1,the,3.189217329025269
critical,30,unambiguous,long,comma,final,9,2,gardener,23.39157605171204
critical,30,unambiguous,long,comma,final,9,3,"watered,",19.840811118483543
critical,30,unambiguous,long,comma,final,9,4,the,2.024533033370972
critical,30,unambiguous,long,comma,final,9,5,plants,4.8772807121276855
critical,30,unambiguous,long,comma,final,9,6,that,6.958841800689697
critical,30,unambiguous,long,comma,final,9,7,were,2.3061413764953613
critical,30,unambiguous,long,comma,final,9,8,wilting,8.638349542859942
critical,30,unambiguous,long,comma,final,9,9,revived.,16.045590043067932
critical,30,unambiguous,short,comma,final,6,0,After,20.94694709777832
critical,30,unambiguous,short,comma,final,6,1,the,3.189217329025269
critical,30,unambiguous,short,comma,final,6,2,gardener,23.39157605171204
critical,30,unambiguous,short,comma,final,6,3,"watered,",19.840811118483543
critical,30,unambiguous,short,comma,final,6,4,the,2.024533033370972
critical,30,unambiguous,short,comma,final,6,5,plants,4.8772807121276855
critical,30,unambiguous,short,comma,final,6,6,revived.,11.914889216423036
critical,30,unambiguous,long,object,final,12,0,After,20.94694709777832
critical,30,unambiguous,long,object,final,12,1,the,3.189217329025269
critical,30,unambiguous,long,object,final,12,2,gardener,23.39157605171204
critical,30,unambiguous,long,object,final,12,3,watered,14.399736747145653
critical,30,unambiguous,long,object,final,12,4,the,0.7870751619338989
critical,30,unambiguous,long,object,final,12,5,flower,4.693519115447998
critical,30,unambiguous,long,object,final,12,6,bed,2.6897480487823486
critical,30,unambiguous,long,object,final,12,7,the,6.631046772003174
critical,30,unambiguous,long,object,final,12,8,plants,5.549112319946289
critical,30,unambiguous,long,object,final,12,9,that,8.088233947753906
critical,30,unambiguous,long,object,final,12,10,were,1.825683832168579
critical,30,unambiguous,long,object,final,12,11,wilting,8.84244508575648
critical,30,unambiguous,long,object,final,12,12,revived.,17.17296874523163
critical,30,unambiguous,short,object,final,9,0,After,20.94694709777832
critical,30,unambiguous,short,object,final,9,1,the,3.189217329025269
critical,30,unambiguous,short,object,final,9,2,gardener,23.39157605171204
critical,30,unambiguous,short,object,final,9,3,watered,14.399736747145653
critical,30,unambiguous,short,object,final,9,4,the,0.7870751619338989
critical,30,unambiguous,short,object,final,9,5,flower,4.693519115447998
critical,30,unambiguous,short,object,final,9,6,bed,2.6897480487823486
critical,30,unambiguous,short,object,final,9,7,the,6.631046772003174
critical,30,unambiguous,short,object,final,9,8,plants,5.549112319946289
critical,30,unambiguous,short,object,final,9,9,revived.,15.76760458946228
critical,30,ambiguous,long,,nonfinal,9,0,After,20.94694709777832
critical,30,ambiguous,long,,nonfinal,9,1,the,3.189217329025269
critical,30,ambiguous,long,,nonfinal,9,2,gardener,23.39157605171204
critical,30,ambiguous,long,,nonfinal,9,3,watered,14.399736747145653
critical,30,ambiguous,long,,nonfinal,9,4,the,0.7870751619338989
critical,30,ambiguous,long,,nonfinal,9,5,plants,2.8685123920440674
critical,30,ambiguous,long,,nonfinal,9,6,that,6.628219604492188
critical,30,ambiguous,long,,nonfinal,9,7,were,2.2320568561553955
critical,30,ambiguous,long,,nonfinal,9,8,wilting,8.374926042277366
critical,30,ambiguous,long,,nonfinal,9,9,revived,22.169342041015625
critical,30,ambiguous,long,,nonfinal,9,10,in,5.2326741218566895
critical,30,ambiguous,long,,nonfinal,9,11,the,1.4151681661605835
critical,30,ambiguous,long,,nonfinal,9,12,afternoon,6.493393421173096
critical,30,ambiguous,long,,nonfinal,9,13,sun.,3.7341092228889465
critical,30,ambiguous,short,,nonfinal,6,0,After,20.94694709777832
critical,30,ambiguous,short,,nonfinal,6,1,the,3.189217329025269
critical,30,ambiguous,short,,nonfinal,6,2,gardener,23.39157605171204
critical,30,ambiguous,short,,nonfinal,6,3,watered,14.399736747145653
critical,30,ambiguous,short,,nonfinal,6,4,the,0.7870751619338989
critical,30,ambiguous,short,,nonfinal,6,5,plants,2.8685123920440674
critical,30,ambiguous,short,,nonfinal,6,6,revived,20.07911872863769
critical,30,ambiguous,short,,nonfinal,6,7,in,4.536160469055176
critical,30,ambiguous,short,,nonfinal,6,8,the,1.8050459623336792
critical,30,ambiguous,short,,nonfinal,6,9,afternoon,5.587954044342041
critical,30,ambiguous,short,,nonfinal,6,10,sun.,4.736091136932373
critical,30,unambiguous,long,comma,nonfinal,9,0,After,20.94694709777832
critical,30,unambiguous,long,comma,nonfinal,9,1,the,3.189217329025269
critical,30,unambiguous,long,comma,nonfinal,9,2,gardener,23.39157605171204
critical,30,unambiguous,long,comma,nonfinal,9,3,"watered,",19.840811118483543
critical,30,unambiguous,long,comma,nonfinal,9,4,the,2.024533033370972
critical,30,unambiguous,long,comma,nonfinal,9,5,plants,4.8772807121276855
critical,30,unambiguous,long,comma,nonfinal,9,6,that,6.958841800689697
critical,30,unambiguous,long,comma,nonfinal,9,7,were,2.3061413764953613
critical,30,unambiguous,long,comma,nonfinal,9,8,wilting,8.638349542859942
critical,30,unambiguous,long,comma,nonfinal,9,9,revived,14.404605865478516
critical,30,unambiguous,long,comma,nonfinal,9,10,in,5.105720520019531
critical,30,unambiguous,long,comma,nonfinal,9,11,the,1.5624555349349976
critical,30,unambiguous,long,comma,nonfinal,9,12,afternoon,5.958721160888672
critical,30,unambiguous,long,comma,nonfinal,9,13,sun.,2.8380879759788518
critical,30,unambiguous,short,comma,nonfinal,6,0,After,20.94694709777832
critical,30,unambiguous,short,comma,nonfinal,6,1,the,3.189217329025269
critical,30,unambiguous,short,comma,nonfinal,6,2,gardener,23.39157605171204
critical,30,unambiguous,short,comma,nonfinal,6,3,"watered,",19.840811118483543
critical,30,unambiguous,short,comma,nonfinal,6,4,the,2.024533033370972
critical,30,unambiguous,short,comma,nonfinal,6,5,plants,4.8772807121276855
critical,30,unambiguous,short,comma,nonfinal,6,6,revived,9.99032497406006
critical,30,unambiguous,short,comma,nonfinal,6,7,in,4.405261039733887
critical,30,unambiguous,short,comma,nonfinal,6,8,the,2.4083597660064697
critical,30,unambiguous,short,comma,nonfinal,6,9,afternoon,6.0179619789123535
critical,30,unambiguous,short,comma,nonfinal,6,10,sun.,3.6842275261878967
critical,30,unambiguous,long,object,nonfinal,12,0,After,20.94694709777832
critical,30,unambiguous,long,object,nonfinal,12,1,the,3.189217329025269
critical,30,unambiguous,long,object,nonfinal,12,2,gardener,23.39157605171204
critical,30,unambiguous,long,object,nonfinal,12,3,watered,14.399736747145653
critical,30,unambiguous,long,object,nonfinal,12,4,the,0.7870751619338989
critical,30,unambiguous,long,object,nonfinal,12,5,flower,4.693519115447998
critical,30,unambiguous,long,object,nonfinal,12,6,bed,2.6897480487823486
critical,30,unambiguous,long,object,nonfinal,12,7,the,6.631046772003174
critical,30,unambiguous,long,object,nonfinal,12,8,plants,5.549112319946289
critical,30,unambiguous,long,object,nonfinal,12,9,that,8.088233947753906
critical,30,unambiguous,long,object,nonfinal,12,10,were,1.825683832168579
critical,30,unambiguous,long,object,nonfinal,12,11,wilting,8.84244508575648
critical,30,unambiguous,long,object,nonfinal,12,12,revived,15.277274131774902
critical,30,unambiguous,long,object,nonfinal,12,13,in,5.337248802185059
critical,30,unambiguous,long,object,nonfinal,12,14,the,1.5656969547271729
critical,30,unambiguous,long,object,nonfinal,12,15,afternoon,6.087144374847412
critical,30,unambiguous,long,object,nonfinal,12,16,sun.,2.3254846930503845
critical,30,unambiguous,short,object,nonfinal,9,0,After,20.94694709777832
critical,30,unambiguous,short,object,nonfinal,9,1,the,3.189217329025269
critical,30,unambiguous,short,object,nonfinal,9,2,gardener,23.39157605171204
critical,30,unambiguous,short,object,nonfinal,9,3,watered,14.399736747145653
critical,30,unambiguous,short,object,nonfinal,9,4,the,0.7870751619338989
critical,30,unambiguous,short,object,nonfinal,9,5,flower,4.693519115447998
critical,30,unambiguous,short,object,nonfinal,9,6,bed,2.6897480487823486
critical,30,unambiguous,short,object,nonfinal,9,7,the,6.631046772003174
critical,30,unambiguous,short,object,nonfinal,9,8,plants,5.549112319946289
critical,30,unambiguous,short,object,nonfinal,9,9,revived,13.030975341796877
critical,30,unambiguous,short,object,nonfinal,9,10,in,5.0583343505859375
critical,30,unambiguous,short,object,nonfinal,9,11,the,2.677886724472046
critical,30,unambiguous,short,object,nonfinal,9,12,afternoon,5.497675895690918
critical,30,unambiguous,short,object,nonfinal,9,13,sun.,3.844442248344421
critical,31,ambiguous,long,,final,8,0,Because,21.15912437438965
critical,31,ambiguous,long,,final,8,1,the,4.03598165512085
critical,31,ambiguous,long,,final,8,2,bear,13.421675682067873
critical,31,ambiguous,long,,final,8,3,attacked,9.499170303344728
critical,31,ambiguous,long,,final,8,4,the,2.7397468090057373
critical,31,ambiguous,long,,final,8,5,campers,10.639851570129396
critical,31,ambiguous,long,,final,8,6,barbecuing,19.843541145324707
critical,31,ambiguous,long,,final,8,7,cheerfully,18.285451412200928
critical,31,ambiguous,long,,final,8,8,fled.,25.931979179382324
critical,31,ambiguous,short,,final,6,0,Because,21.15912437438965
critical,31,ambiguous,short,,final,6,1,the,4.03598165512085
critical,31,ambiguous,short,,final,6,2,bear,13.421675682067873
critical,31,ambiguous,short,,final,6,3,attacked,9.499170303344728
critical,31,ambiguous,short,,final,6,4,the,2.7397468090057373
critical,31,ambiguous,short,,final,6,5,campers,10.639851570129396
critical,31,ambiguous,short,,final,6,6,fled.,21.49276280403137
critical,31,unambiguous,long,comma,final,8,0,Because,21.15912437438965
critical,31,unambiguous,long,comma,final,8,1,the,4.03598165512085
critical,31,unambiguous,long,comma,final,8,2,bear,13.421675682067873
critical,31,unambiguous,long,comma,final,8,3,"attacked,",14.29981565475464
critical,31,unambiguous,long,comma,final,8,4,the,2.627908706665039
critical,31,unambiguous,long,comma,final,8,5,campers,11.937152981758118
critical,31,unambiguous,long,comma,final,8,6,barbecuing,26.56049156188965
critical,31,unambiguous,long,comma,final,8,7,cheerfully,15.901961743831636
critical,31,unambiguous,long,comma,final,8,8,fled.,15.664313077926636
critical,31,unambiguous,short,comma,final,6,0,Because,21.15912437438965
critical,31,unambiguous,short,comma,final,6,1,the,4.03598165512085
critical,31,unambiguous,short,comma,final,6,2,bear,13.421675682067873
critical,31,unambiguous,short,comma,final,6,3,"attacked,",14.29981565475464
critical,31,unambiguous,short,comma,final,6,4,the,2.627908706665039
critical,31,unambiguous,short,comma,final,6,5,campers,11.937152981758118
critical,31,unambiguous,short,comma,final,6,6,fled.,8.406070232391357
critical,31,unambiguous,long,object,final,10,0,Because,21.15912437438965
critical,31,unambiguous,long,object,final,10,1,the,4.03598165512085
critical,31,unambiguous,long,object,final,10,2,bear,13.421675682067873
critical,31,unambiguous,long,object,final,10,3,attacked,9.499170303344728
critical,31,unambiguous,long,object,final,10,4,the,2.7397468090057373
critical,31,unambiguous,long,object,final,10,5,campground,15.87164068222046
critical,31,unambiguous,long,object,final,10,6,the,7.218934535980225
critical,31,unambiguous,long,object,final,10,7,campers,7.744341433048248
critical,31,unambiguous,long,object,final,10,8,barbecuing,25.64270639419556
critical,31,unambiguous,long,object,final,10,9,cheerfully,17.671238660812378
critical,31,unambiguous,long,object,final,10,10,fled.,16.47251868247986
critical,31,unambiguous,short,object,final,8,0,Because,21.15912437438965
critical,31,unambiguous,short,object,final,8,1,the,4.03598165512085
critical,31,unambiguous,short,object,final,8,2,bear,13.421675682067873
critical,31,unambiguous,short,object,final,8,3,attacked,9.499170303344728
critical,31,unambiguous,short,object,final,8,4,the,2.7397468090057373
critical,31,unambiguous,short,object,final,8,5,campground,15.87164068222046
critical,31,unambiguous,short,object,final,8,6,the,7.218934535980225
critical,31,unambiguous,short,object,final,8,7,campers,7.744341433048248
critical,31,unambiguous,short,object,final,8,8,fled.,10.897709369659424
critical,31,ambiguous,long,,nonfinal,8,0,Because,21.15912437438965
critical,31,ambiguous,long,,nonfinal,8,1,the,4.03598165512085
critical,31,ambiguous,long,,nonfinal,8,2,bear,13.421675682067873
critical,31,ambiguous,long,,nonfinal,8,3,attacked,9.499170303344728
critical,31,ambiguous,long,,nonfinal,8,4,the,2.7397468090057373
critical,31,ambiguous,long,,nonfinal,8,5,campers,10.639851570129396
critical,31,ambiguous,long,,nonfinal,8,6,barbecuing,19.843541145324707
critical,31,ambiguous,long,,nonfinal,8,7,cheerfully,18.285451412200928
critical,31,ambiguous,long,,nonfinal,8,8,fled,21.85649681091309
critical,31,ambiguous,long,,nonfinal,8,9,in,4.897547245025635
critical,31,ambiguous,long,,nonfinal,8,10,a,2.510551691055298
critical,31,ambiguous,long,,nonfinal,8,11,panic.,5.778974771499634
critical,31,ambiguous,short,,nonfinal,6,0,Because,21.15912437438965
critical,31,ambiguous,short,,nonfinal,6,1,the,4.03598165512085
critical,31,ambiguous,short,,nonfinal,6,2,bear,13.421675682067873
critical,31,ambiguous,short,,nonfinal,6,3,attacked,9.499170303344728
critical,31,ambiguous,short,,nonfinal,6,4,the,2.7397468090057373
critical,31,ambiguous,short,,nonfinal,6,5,campers,10.639851570129396
critical,31,ambiguous,short,,nonfinal,6,6,fled,18.04043960571289
critical,31,ambiguous,short,,nonfinal,6,7,in,4.036375045776367
critical,31,ambiguous,short,,nonfinal,6,8,a,3.65057110786438
critical,31,ambiguous,short,,nonfinal,6,9,panic.,4.004742503166199
critical,31,unambiguous,long,comma,nonfinal,8,0,Because,21.15912437438965
critical,31,unambiguous,long,comma,nonfinal,8,1,the,4.03598165512085
critical,31,unambiguous,long,comma,nonfinal,8,2,bear,13.421675682067873
critical,31,unambiguous,long,comma,nonfinal,8,3,"attacked,",14.29981565475464
critical,31,unambiguous,long,comma,nonfinal,8,4,the,2.627908706665039
critical,31,unambiguous,long,comma,nonfinal,8,5,campers,11.937152981758118
critical,31,unambiguous,long,comma,nonfinal,8,6,barbecuing,26.56049156188965
critical,31,unambiguous,long,comma,nonfinal,8,7,cheerfully,15.901961743831636
critical,31,unambiguous,long,comma,nonfinal,8,8,fled,13.021368980407717
critical,31,unambiguous,long,comma,nonfinal,8,9,in,4.82923698425293
critical,31,unambiguous,long,comma,nonfinal,8,10,a,2.7840235233306885
critical,31,unambiguous,long,comma,nonfinal,8,11,panic.,4.6948360204696655
critical,31,unambiguous,short,comma,nonfinal,6,0,Because,21.15912437438965
critical,31,unambiguous,short,comma,nonfinal,6,1,the,4.03598165512085
critical,31,unambiguous,short,comma,nonfinal,6,2,bear,13.421675682067873
critical,31,unambiguous,short,comma,nonfinal,6,3,"attacked,",14.29981565475464
critical,31,unambiguous,short,comma,nonfinal,6,4,the,2.627908706665039
critical,31,unambiguous,short,comma,nonfinal,6,5,campers,11.937152981758118
critical,31,unambiguous,short,comma,nonfinal,6,6,fled,6.4292755126953125
critical,31,unambiguous,short,comma,nonfinal,6,7,in,4.109595775604248
critical,31,unambiguous,short,comma,nonfinal,6,8,a,2.4612271785736084
critical,31,unambiguous,short,comma,nonfinal,6,9,panic.,3.9127291440963754
critical,31,unambiguous,long,object,nonfinal,10,0,Because,21.15912437438965
critical,31,unambiguous,long,object,nonfinal,10,1,the,4.03598165512085
critical,31,unambiguous,long,object,nonfinal,10,2,bear,13.421675682067873
critical,31,unambiguous,long,object,nonfinal,10,3,attacked,9.499170303344728
critical,31,unambiguous,long,object,nonfinal,10,4,the,2.7397468090057373
critical,31,unambiguous,long,object,nonfinal,10,5,campground,15.87164068222046
critical,31,unambiguous,long,object,nonfinal,10,6,the,7.218934535980225
critical,31,unambiguous,long,object,nonfinal,10,7,campers,7.744341433048248
critical,31,unambiguous,long,object,nonfinal,10,8,barbecuing,25.64270639419556
critical,31,unambiguous,long,object,nonfinal,10,9,cheerfully,17.671238660812378
critical,31,unambiguous,long,object,nonfinal,10,10,fled,13.63228988647461
critical,31,unambiguous,long,object,nonfinal,10,11,in,4.383559703826904
critical,31,unambiguous,long,object,nonfinal,10,12,a,3.104039192199707
critical,31,unambiguous,long,object,nonfinal,10,13,panic.,3.8826555013656616
critical,31,unambiguous,short,object,nonfinal,8,0,Because,21.15912437438965
critical,31,unambiguous,short,object,nonfinal,8,1,the,4.03598165512085
critical,31,unambiguous,short,object,nonfinal,8,2,bear,13.421675682067873
critical,31,unambiguous,short,object,nonfinal,8,3,attacked,9.499170303344728
critical,31,unambiguous,short,object,nonfinal,8,4,the,2.7397468090057373
critical,31,unambiguous,short,object,nonfinal,8,5,campground,15.87164068222046
critical,31,unambiguous,short,object,nonfinal,8,6,the,7.218934535980225
critical,31,unambiguous,short,object,nonfinal,8,7,campers,7.744341433048248
critical,31,unambiguous,short,object,nonfinal,8,8,fled,8.293251037597656
critical,31,unambiguous,short,object,nonfinal,8,9,in,3.999950408935547
critical,31,unambiguous,short,object,nonfinal,8,10,a,2.79262113571167
critical,31,unambiguous,short,object,nonfinal,8,11,panic.,3.5472798347473145
critical,32,ambiguous,long,,final,10,0,As,18.927881240844727
critical,32,ambiguous,long,,final,10,1,the,3.407918691635132
critical,32,ambiguous,long,,final,10,2,news,9.188286781311035
critical,32,ambiguous,long,,final,10,3,channel,12.331050872802734
critical,32,ambiguous,long,,final,10,4,broadcasted,10.435492992401125
critical,32,ambiguous,long,,final,10,5,the,2.5800342559814453
critical,32,ambiguous,long,,final,10,6,message,9.3156156539917
critical,32,ambiguous,long,,final,10,7,from,4.517796993255615
critical,32,ambiguous,long,,final,10,8,the,1.414233922958374
critical,32,ambiguous,long,,final,10,9,president,4.795865535736084
critical,32,ambiguous,long,,final,10,10,spread.,21.746321201324463
critical,32,ambiguous,short,,final,7,0,As,18.927881240844727
critical,32,ambiguous,short,,final,7,1,the,3.407918691635132
critical,32,ambiguous,short,,final,7,2,news,9.188286781311035
critical,32,ambiguous,short,,final,7,3,channel,12.331050872802734
critical,32,ambiguous,short,,final,7,4,broadcasted,10.435492992401125
critical,32,ambiguous,short,,final,7,5,the,2.5800342559814453
critical,32,ambiguous,short,,final,7,6,message,9.3156156539917
critical,32,ambiguous,short,,final,7,7,spread.,15.339263916015623
critical,32,unambiguous,long,comma,final,10,0,As,18.927881240844727
critical,32,unambiguous,long,comma,final,10,1,the,3.407918691635132
critical,32,unambiguous,long,comma,final,10,2,news,9.188286781311035
critical,32,unambiguous,long,comma,final,10,3,channel,12.331050872802734
critical,32,unambiguous,long,comma,final,10,4,"broadcasted,",14.684041023254396
critical,32,unambiguous,long,comma,final,10,5,the,2.1148595809936523
critical,32,unambiguous,long,comma,final,10,6,message,10.409308433532717
critical,32,unambiguous,long,comma,final,10,7,from,4.4522318840026855
critical,32,unambiguous,long,comma,final,10,8,the,0.9322092533111572
critical,32,unambiguous,long,comma,final,10,9,president,5.461509704589844
critical,32,unambiguous,long,comma,final,10,10,spread.,14.527163982391356
critical,32,unambiguous,short,comma,final,7,0,As,18.927881240844727
critical,32,unambiguous,short,comma,final,7,1,the,3.407918691635132
critical,32,unambiguous,short,comma,final,7,2,news,9.188286781311035
critical,32,unambiguous,short,comma,final,7,3,channel,12.331050872802734
critical,32,unambiguous,short,comma,final,7,4,"broadcasted,",14.684041023254396
critical,32,unambiguous,short,comma,final,7,5,the,2.1148595809936523
critical,32,unambiguous,short,comma,final,7,6,message,10.409308433532717
critical,32,unambiguous,short,comma,final,7,7,spread.,9.582828044891356
critical,32,unambiguous,long,object,final,12,0,As,18.927881240844727
critical,32,unambiguous,long,object,final,12,1,the,3.407918691635132
critical,32,unambiguous,long,object,final,12,2,news,9.188286781311035
critical,32,unambiguous,long,object,final,12,3,channel,12.331050872802734
critical,32,unambiguous,long,object,final,12,4,broadcasted,10.435492992401125
critical,32,unambiguous,long,object,final,12,5,the,2.5800342559814453
critical,32,unambiguous,long,object,final,12,6,speech,8.061604499816895
critical,32,unambiguous,long,object,final,12,7,the,8.897595405578613
critical,32,unambiguous,long,object,final,12,8,message,9.638550758361816
critical,32,unambiguous,long,object,final,12,9,from,5.827358245849609
critical,32,unambiguous,long,object,final,12,10,the,1.1104053258895874
critical,32,unambiguous,long,object,final,12,11,president,3.673327922821045
critical,32,unambiguous,long,object,final,12,12,spread.,15.850982189178469
critical,32,unambiguous,short,object,final,9,0,As,18.927881240844727
critical,32,unambiguous,short,object,final,9,1,the,3.407918691635132
critical,32,unambiguous,short,object,final,9,2,news,9.188286781311035
critical,32,unambiguous,short,object,final,9,3,channel,12.331050872802734
critical,32,unambiguous,short,object,final,9,4,broadcasted,10.435492992401125
critical,32,unambiguous,short,object,final,9,5,the,2.5800342559814453
critical,32,unambiguous,short,object,final,9,6,speech,8.061604499816895
critical,32,unambiguous,short,object,final,9,7,the,8.897595405578613
critical,32,unambiguous,short,object,final,9,8,message,9.638550758361816
critical,32,unambiguous,short,object,final,9,9,spread.,11.041799068450928
critical,32,ambiguous,long,,nonfinal,10,0,As,18.927881240844727
critical,32,ambiguous,long,,nonfinal,10,1,the,3.407918691635132
critical,32,ambiguous,long,,nonfinal,10,2,news,9.188286781311035
critical,32,ambiguous,long,,nonfinal,10,3,channel,12.331050872802734
critical,32,ambiguous,long,,nonfinal,10,4,broadcasted,10.435492992401125
critical,32,ambiguous,long,,nonfinal,10,5,the,2.5800342559814453
critical,32,ambiguous,long,,nonfinal,10,6,message,9.3156156539917
critical,32,ambiguous,long,,nonfinal,10,7,from,4.517796993255615
critical,32,ambiguous,long,,nonfinal,10,8,the,1.414233922958374
critical,32,ambiguous,long,,nonfinal,10,9,president,4.795865535736084
critical,32,ambiguous,long,,nonfinal,10,10,spread,15.399758338928224
critical,32,ambiguous,long,,nonfinal,10,11,across,2.075039386749268
critical,32,ambiguous,long,,nonfinal,10,12,the,0.6929360032081604
critical,32,ambiguous,long,,nonfinal,10,13,country.,4.023502469062805
critical,32,ambiguous,short,,nonfinal,7,0,As,18.927881240844727
critical,32,ambiguous,short,,nonfinal,7,1,the,3.407918691635132
critical,32,ambiguous,short,,nonfinal,7,2,news,9.188286781311035
critical,32,ambiguous,short,,nonfinal,7,3,channel,12.331050872802734
critical,32,ambiguous,short,,nonfinal,7,4,broadcasted,10.435492992401125
critical,32,ambiguous,short,,nonfinal,7,5,the,2.5800342559814453
critical,32,ambiguous,short,,nonfinal,7,6,message,9.3156156539917
critical,32,ambiguous,short,,nonfinal,7,7,spread,10.083610534667969
critical,32,ambiguous,short,,nonfinal,7,8,across,3.218612670898437
critical,32,ambiguous,short,,nonfinal,7,9,the,0.9558025002479552
critical,32,ambiguous,short,,nonfinal,7,10,country.,4.192884683609009
critical,32,unambiguous,long,comma,nonfinal,10,0,As,18.927881240844727
critical,32,unambiguous,long,comma,nonfinal,10,1,the,3.407918691635132
critical,32,unambiguous,long,comma,nonfinal,10,2,news,9.188286781311035
critical,32,unambiguous,long,comma,nonfinal,10,3,channel,12.331050872802734
critical,32,unambiguous,long,comma,nonfinal,10,4,"broadcasted,",14.684041023254396
critical,32,unambiguous,long,comma,nonfinal,10,5,the,2.1148595809936523
critical,32,unambiguous,long,comma,nonfinal,10,6,message,10.409308433532717
critical,32,unambiguous,long,comma,nonfinal,10,7,from,4.4522318840026855
critical,32,unambiguous,long,comma,nonfinal,10,8,the,0.9322092533111572
critical,32,unambiguous,long,comma,nonfinal,10,9,president,5.461509704589844
critical,32,unambiguous,long,comma,nonfinal,10,10,spread,10.219372749328612
critical,32,unambiguous,long,comma,nonfinal,10,11,across,3.770542144775391
critical,32,unambiguous,long,comma,nonfinal,10,12,the,0.7063121199607849
critical,32,unambiguous,long,comma,nonfinal,10,13,country.,2.5992672443389893
critical,32,unambiguous,short,comma,nonfinal,7,0,As,18.927881240844727
critical,32,unambiguous,short,comma,nonfinal,7,1,the,3.407918691635132
critical,32,unambiguous,short,comma,nonfinal,7,2,news,9.188286781311035
critical,32,unambiguous,short,comma,nonfinal,7,3,channel,12.331050872802734
critical,32,unambiguous,short,comma,nonfinal,7,4,"broadcasted,",14.684041023254396
critical,32,unambiguous,short,comma,nonfinal,7,5,the,2.1148595809936523
critical,32,unambiguous,short,comma,nonfinal,7,6,message,10.409308433532717
critical,32,unambiguous,short,comma,nonfinal,7,7,spread,5.394893646240234
critical,32,unambiguous,short,comma,nonfinal,7,8,across,4.861773490905762
critical,32,unambiguous,short,comma,nonfinal,7,9,the,0.8728298544883728
critical,32,unambiguous,short,comma,nonfinal,7,10,country.,3.4827710390090942
critical,32,unambiguous,long,object,nonfinal,12,0,As,18.927881240844727
critical,32,unambiguous,long,object,nonfinal,12,1,the,3.407918691635132
critical,32,unambiguous,long,object,nonfinal,12,2,news,9.188286781311035
critical,32,unambiguous,long,object,nonfinal,12,3,channel,12.331050872802734
critical,32,unambiguous,long,object,nonfinal,12,4,broadcasted,10.435492992401125
critical,32,unambiguous,long,object,nonfinal,12,5,the,2.5800342559814453
critical,32,unambiguous,long,object,nonfinal,12,6,speech,8.061604499816895
critical,32,unambiguous,long,object,nonfinal,12,7,the,8.897595405578613
critical,32,unambiguous,long,object,nonfinal,12,8,message,9.638550758361816
critical,32,unambiguous,long,object,nonfinal,12,9,from,5.827358245849609
critical,32,unambiguous,long,object,nonfinal,12,10,the,1.1104053258895874
critical,32,unambiguous,long,object,nonfinal,12,11,president,3.673327922821045
critical,32,unambiguous,long,object,nonfinal,12,12,spread,11.508087158203123
critical,32,unambiguous,long,object,nonfinal,12,13,across,3.349357843399048
critical,32,unambiguous,long,object,nonfinal,12,14,the,0.6302104592323303
critical,32,unambiguous,long,object,nonfinal,12,15,country.,3.053205132484436
critical,32,unambiguous,short,object,nonfinal,9,0,As,18.927881240844727
critical,32,unambiguous,short,object,nonfinal,9,1,the,3.407918691635132
critical,32,unambiguous,short,object,nonfinal,9,2,news,9.188286781311035
critical,32,unambiguous,short,object,nonfinal,9,3,channel,12.331050872802734
critical,32,unambiguous,short,object,nonfinal,9,4,broadcasted,10.435492992401125
critical,32,unambiguous,short,object,nonfinal,9,5,the,2.5800342559814453
critical,32,unambiguous,short,object,nonfinal,9,6,speech,8.061604499816895
critical,32,unambiguous,short,object,nonfinal,9,7,the,8.897595405578613
critical,32,unambiguous,short,object,nonfinal,9,8,message,9.638550758361816
critical,32,unambiguous,short,object,nonfinal,9,9,spread,6.9002685546875
critical,32,unambiguous,short,object,nonfinal,9,10,across,4.538304328918457
critical,32,unambiguous,short,object,nonfinal,9,11,the,0.8887980580329895
critical,32,unambiguous,short,object,nonfinal,9,12,country.,3.4720133543014526
critical,33,ambiguous,long,,final,9,0,Before,22.595949172973636
critical,33,ambiguous,long,,final,9,1,the,2.942389249801636
critical,33,ambiguous,long,,final,9,2,recruiters,19.478119134902958
critical,33,ambiguous,long,,final,9,3,could,5.510358333587647
critical,33,ambiguous,long,,final,9,4,adapt,16.741147994995117
critical,33,ambiguous,long,,final,9,5,the,4.531634330749512
critical,33,ambiguous,long,,final,9,6,policy,10.619895935058594
critical,33,ambiguous,long,,final,9,7,for,5.1891703605651855
critical,33,ambiguous,long,,final,9,8,hiring,9.130850791931152
critical,33,ambiguous,long,,final,9,9,changed.,20.0259507894516
critical,33,ambiguous,short,,final,7,0,Before,22.595949172973636
critical,33,ambiguous,short,,final,7,1,the,2.942389249801636
critical,33,ambiguous,short,,final,7,2,recruiters,19.478119134902958
critical,33,ambiguous,short,,final,7,3,could,5.510358333587647
critical,33,ambiguous,short,,final,7,4,adapt,16.741147994995117
critical,33,ambiguous,short,,final,7,5,the,4.531634330749512
critical,33,ambiguous,short,,final,7,6,policy,10.619895935058594
critical,33,ambiguous,short,,final,7,7,changed.,16.864285469055176
critical,33,unambiguous,long,comma,final,9,0,Before,22.595949172973636
critical,33,unambiguous,long,comma,final,9,1,the,2.942389249801636
critical,33,unambiguous,long,comma,final,9,2,recruiters,19.478119134902958
critical,33,unambiguous,long,comma,final,9,3,could,5.510358333587647
critical,33,unambiguous,long,comma,final,9,4,"adapt,",20.328158378601078
critical,33,unambiguous,long,comma,final,9,5,the,2.2747015953063965
critical,33,unambiguous,long,comma,final,9,6,policy,14.418816566467283
critical,33,unambiguous,long,comma,final,9,7,for,7.996278285980225
critical,33,unambiguous,long,comma,final,9,8,hiring,6.282393932342529
critical,33,unambiguous,long,comma,final,9,9,changed.,10.875208973884584
critical,33,unambiguous,short,comma,final,7,0,Before,22.595949172973636
critical,33,unambiguous,short,comma,final,7,1,the,2.942389249801636
critical,33,unambiguous,short,comma,final,7,2,recruiters,19.478119134902958
critical,33,unambiguous,short,comma,final,7,3,could,5.510358333587647
critical,33,unambiguous,short,comma,final,7,4,"adapt,",20.328158378601078
critical,33,unambiguous,short,comma,final,7,5,the,2.2747015953063965
critical,33,unambiguous,short,comma,final,7,6,policy,14.418816566467283
critical,33,unambiguous,short,comma,final,7,7,changed.,5.392903804779053
critical,33,unambiguous,long,object,final,11,0,Before,22.595949172973636
critical,33,unambiguous,long,object,final,11,1,the,2.942389249801636
critical,33,unambiguous,long,object,final,11,2,recruiters,19.478119134902958
critical,33,unambiguous,long,object,final,11,3,could,5.510358333587647
critical,33,unambiguous,long,object,final,11,4,adapt,16.741147994995117
critical,33,unambiguous,long,object,final,11,5,their,3.7584922313690186
critical,33,unambiguous,long,object,final,11,6,strategies,6.567585468292236
critical,33,unambiguous,long,object,final,11,7,the,9.817301750183104
critical,33,unambiguous,long,object,final,11,8,policy,13.479336738586426
critical,33,unambiguous,long,object,final,11,9,for,8.154102325439453
critical,33,unambiguous,long,object,final,11,10,hiring,6.862231731414795
critical,33,unambiguous,long,object,final,11,11,changed.,9.594777345657349
critical,33,unambiguous,short,object,final,9,0,Before,22.595949172973636
critical,33,unambiguous,short,object,final,9,1,the,2.942389249801636
critical,33,unambiguous,short,object,final,9,2,recruiters,19.478119134902958
critical,33,unambiguous,short,object,final,9,3,could,5.510358333587647
critical,33,unambiguous,short,object,final,9,4,adapt,16.741147994995117
critical,33,unambiguous,short,object,final,9,5,their,3.7584922313690186
critical,33,unambiguous,short,object,final,9,6,strategies,6.567585468292236
critical,33,unambiguous,short,object,final,9,7,the,9.817301750183104
critical,33,unambiguous,short,object,final,9,8,policy,13.479336738586426
critical,33,unambiguous,short,object,final,9,9,changed.,4.904943823814392
critical,33,ambiguous,long,,nonfinal,9,0,Before,22.595949172973636
critical,33,ambiguous,long,,nonfinal,9,1,the,2.942389249801636
critical,33,ambiguous,long,,nonfinal,9,2,recruiters,19.478119134902958
critical,33,ambiguous,long,,nonfinal,9,3,could,5.510358333587647
critical,33,ambiguous,long,,nonfinal,9,4,adapt,16.741147994995117
critical,33,ambiguous,long,,nonfinal,9,5,the,4.531634330749512
critical,33,ambiguous,long,,nonfinal,9,6,policy,10.619895935058594
critical,33,ambiguous,long,,nonfinal,9,7,for,5.1891703605651855
critical,33,ambiguous,long,,nonfinal,9,8,hiring,9.130850791931152
critical,33,ambiguous,long,,nonfinal,9,9,changed,18.38182830810547
critical,33,ambiguous,long,,nonfinal,9,10,for,6.270081520080566
critical,33,ambiguous,long,,nonfinal,9,11,a,3.9830493927001953
critical,33,ambiguous,long,,nonfinal,9,12,second,4.771205902099609
critical,33,ambiguous,long,,nonfinal,9,13,time.,1.914164125919342
critical,33,ambiguous,short,,nonfinal,7,0,Before,22.595949172973636
critical,33,ambiguous,short,,nonfinal,7,1,the,2.942389249801636
critical,33,ambiguous,short,,nonfinal,7,2,recruiters,19.478119134902958
critical,33,ambiguous,short,,nonfinal,7,3,could,5.510358333587647
critical,33,ambiguous,short,,nonfinal,7,4,adapt,16.741147994995117
critical,33,ambiguous,short,,nonfinal,7,5,the,4.531634330749512
critical,33,ambiguous,short,,nonfinal,7,6,policy,10.619895935058594
critical,33,ambiguous,short,,nonfinal,7,7,changed,14.376907348632812
critical,33,ambiguous,short,,nonfinal,7,8,for,6.944865703582764
critical,33,ambiguous,short,,nonfinal,7,9,a,4.267062664031982
critical,33,ambiguous,short,,nonfinal,7,10,second,4.8034257888793945
critical,33,ambiguous,short,,nonfinal,7,11,time.,2.134368002414704
critical,33,unambiguous,long,comma,nonfinal,9,0,Before,22.595949172973636
critical,33,unambiguous,long,comma,nonfinal,9,1,the,2.942389249801636
critical,33,unambiguous,long,comma,nonfinal,9,2,recruiters,19.478119134902958
critical,33,unambiguous,long,comma,nonfinal,9,3,could,5.510358333587647
critical,33,unambiguous,long,comma,nonfinal,9,4,"adapt,",20.328158378601078
critical,33,unambiguous,long,comma,nonfinal,9,5,the,2.2747015953063965
critical,33,unambiguous,long,comma,nonfinal,9,6,policy,14.418816566467283
critical,33,unambiguous,long,comma,nonfinal,9,7,for,7.996278285980225
critical,33,unambiguous,long,comma,nonfinal,9,8,hiring,6.282393932342529
critical,33,unambiguous,long,comma,nonfinal,9,9,changed,10.055913925170898
critical,33,unambiguous,long,comma,nonfinal,9,10,for,8.067464828491211
critical,33,unambiguous,long,comma,nonfinal,9,11,a,3.957638502120972
critical,33,unambiguous,long,comma,nonfinal,9,12,second,5.721057891845703
critical,33,unambiguous,long,comma,nonfinal,9,13,time.,1.3923109769821167
critical,33,unambiguous,short,comma,nonfinal,7,0,Before,22.595949172973636
critical,33,unambiguous,short,comma,nonfinal,7,1,the,2.942389249801636
critical,33,unambiguous,short,comma,nonfinal,7,2,recruiters,19.478119134902958
critical,33,unambiguous,short,comma,nonfinal,7,3,could,5.510358333587647
critical,33,unambiguous,short,comma,nonfinal,7,4,"adapt,",20.328158378601078
critical,33,unambiguous,short,comma,nonfinal,7,5,the,2.2747015953063965
critical,33,unambiguous,short,comma,nonfinal,7,6,policy,14.418816566467283
critical,33,unambiguous,short,comma,nonfinal,7,7,changed,4.207076549530029
critical,33,unambiguous,short,comma,nonfinal,7,8,for,7.603596210479736
critical,33,unambiguous,short,comma,nonfinal,7,9,a,3.915241479873657
critical,33,unambiguous,short,comma,nonfinal,7,10,second,5.2177348136901855
critical,33,unambiguous,short,comma,nonfinal,7,11,time.,2.0797765254974365
critical,33,unambiguous,long,object,nonfinal,11,0,Before,22.595949172973636
critical,33,unambiguous,long,object,nonfinal,11,1,the,2.942389249801636
critical,33,unambiguous,long,object,nonfinal,11,2,recruiters,19.478119134902958
critical,33,unambiguous,long,object,nonfinal,11,3,could,5.510358333587647
critical,33,unambiguous,long,object,nonfinal,11,4,adapt,16.741147994995117
critical,33,unambiguous,long,object,nonfinal,11,5,their,3.7584922313690186
critical,33,unambiguous,long,object,nonfinal,11,6,strategies,6.567585468292236
critical,33,unambiguous,long,object,nonfinal,11,7,the,9.817301750183104
critical,33,unambiguous,long,object,nonfinal,11,8,policy,13.479336738586426
critical,33,unambiguous,long,object,nonfinal,11,9,for,8.154102325439453
critical,33,unambiguous,long,object,nonfinal,11,10,hiring,6.862231731414795
critical,33,unambiguous,long,object,nonfinal,11,11,changed,8.674213409423828
critical,33,unambiguous,long,object,nonfinal,11,12,for,8.667736053466797
critical,33,unambiguous,long,object,nonfinal,11,13,a,3.671536445617676
critical,33,unambiguous,long,object,nonfinal,11,14,second,4.64384126663208
critical,33,unambiguous,long,object,nonfinal,11,15,time.,1.3171284198760986
critical,33,unambiguous,short,object,nonfinal,9,0,Before,22.595949172973636
critical,33,unambiguous,short,object,nonfinal,9,1,the,2.942389249801636
critical,33,unambiguous,short,object,nonfinal,9,2,recruiters,19.478119134902958
critical,33,unambiguous,short,object,nonfinal,9,3,could,5.510358333587647
critical,33,unambiguous,short,object,nonfinal,9,4,adapt,16.741147994995117
critical,33,unambiguous,short,object,nonfinal,9,5,their,3.7584922313690186
critical,33,unambiguous,short,object,nonfinal,9,6,strategies,6.567585468292236
critical,33,unambiguous,short,object,nonfinal,9,7,the,9.817301750183104
critical,33,unambiguous,short,object,nonfinal,9,8,policy,13.479336738586426
critical,33,unambiguous,short,object,nonfinal,9,9,changed,3.528876304626465
critical,33,unambiguous,short,object,nonfinal,9,10,for,7.58274507522583
critical,33,unambiguous,short,object,nonfinal,9,11,a,4.070662975311279
critical,33,unambiguous,short,object,nonfinal,9,12,second,4.270305633544922
critical,33,unambiguous,short,object,nonfinal,9,13,time.,1.7199392914772034
critical,34,ambiguous,long,,final,9,0,After,20.94694709777832
critical,34,ambiguous,long,,final,9,1,the,3.189217329025269
critical,34,ambiguous,long,,final,9,2,doctor,12.64589786529541
critical,34,ambiguous,long,,final,9,3,left,6.123839855194092
critical,34,ambiguous,long,,final,9,4,the,2.5209147930145264
critical,34,ambiguous,long,,final,9,5,patient,5.320123672485352
critical,34,ambiguous,long,,final,9,6,with,4.492867946624756
critical,34,ambiguous,long,,final,9,7,cardiac,14.13920783996582
critical,34,ambiguous,long,,final,9,8,issues,6.430433750152588
critical,34,ambiguous,long,,final,9,9,recovered.,19.88164448738098
critical,34,ambiguous,short,,final,6,0,After,20.94694709777832
critical,34,ambiguous,short,,final,6,1,the,3.189217329025269
critical,34,ambiguous,short,,final,6,2,doctor,12.64589786529541
critical,34,ambiguous,short,,final,6,3,left,6.123839855194092
critical,34,ambiguous,short,,final,6,4,the,2.5209147930145264
critical,34,ambiguous,short,,final,6,5,patient,5.320123672485352
critical,34,ambiguous,short,,final,6,6,recovered.,17.12235951423645
critical,34,unambiguous,long,comma,final,9,0,After,20.94694709777832
critical,34,unambiguous,long,comma,final,9,1,the,3.189217329025269
critical,34,unambiguous,long,comma,final,9,2,doctor,12.64589786529541
critical,34,unambiguous,long,comma,final,9,3,"left,",7.06486839056015
critical,34,unambiguous,long,comma,final,9,4,the,2.542203426361084
critical,34,unambiguous,long,comma,final,9,5,patient,3.0929510593414307
critical,34,unambiguous,long,comma,final,9,6,with,10.157562255859377
critical,34,unambiguous,long,comma,final,9,7,cardiac,10.725092887878418
critical,34,unambiguous,long,comma,final,9,8,issues,5.75535249710083
critical,34,unambiguous,long,comma,final,9,9,recovered.,14.393194913864136
critical,34,unambiguous,short,comma,final,6,0,After,20.94694709777832
critical,34,unambiguous,short,comma,final,6,1,the,3.189217329025269
critical,34,unambiguous,short,comma,final,6,2,doctor,12.64589786529541
critical,34,unambiguous,short,comma,final,6,3,"left,",7.06486839056015
critical,34,unambiguous,short,comma,final,6,4,the,2.542203426361084
critical,34,unambiguous,short,comma,final,6,5,patient,3.0929510593414307
critical,34,unambiguous,short,comma,final,6,6,recovered.,15.27074122428894
critical,34,unambiguous,long,object,final,12,0,After,20.94694709777832
critical,34,unambiguous,long,object,final,12,1,the,3.189217329025269
critical,34,unambiguous,long,object,final,12,2,doctor,12.64589786529541
critical,34,unambiguous,long,object,final,12,3,left,6.123839855194092
critical,34,unambiguous,long,object,final,12,4,the,2.5209147930145264
critical,34,unambiguous,long,object,final,12,5,operating,7.501859664916992
critical,34,unambiguous,long,object,final,12,6,room,0.586273729801178
critical,34,unambiguous,long,object,final,12,7,the,6.754988670349121
critical,34,unambiguous,long,object,final,12,8,patient,2.555981397628784
critical,34,unambiguous,long,object,final,12,9,with,9.546725273132324
critical,34,unambiguous,long,object,final,12,10,cardiac,11.263799667358398
critical,34,unambiguous,long,object,final,12,11,issues,7.19178581237793
critical,34,unambiguous,long,object,final,12,12,recovered.,13.95670747756958
critical,34,unambiguous,short,object,final,9,0,After,20.94694709777832
critical,34,unambiguous,short,object,final,9,1,the,3.189217329025269
critical,34,unambiguous,short,object,final,9,2,doctor,12.64589786529541
critical,34,unambiguous,short,object,final,9,3,left,6.123839855194092
critical,34,unambiguous,short,object,final,9,4,the,2.5209147930145264
critical,34,unambiguous,short,object,final,9,5,operating,7.501859664916992
critical,34,unambiguous,short,object,final,9,6,room,0.586273729801178
critical,34,unambiguous,short,object,final,9,7,the,6.754988670349121
critical,34,unambiguous,short,object,final,9,8,patient,2.555981397628784
critical,34,unambiguous,short,object,final,9,9,recovered.,14.336610078811646
critical,34,ambiguous,long,,nonfinal,9,0,After,20.94694709777832
critical,34,ambiguous,long,,nonfinal,9,1,the,3.189217329025269
critical,34,ambiguous,long,,nonfinal,9,2,doctor,12.64589786529541
critical,34,ambiguous,long,,nonfinal,9,3,left,6.123839855194092
critical,34,ambiguous,long,,nonfinal,9,4,the,2.5209147930145264
critical,34,ambiguous,long,,nonfinal,9,5,patient,5.320123672485352
critical,34,ambiguous,long,,nonfinal,9,6,with,4.492867946624756
critical,34,ambiguous,long,,nonfinal,9,7,cardiac,14.13920783996582
critical,34,ambiguous,long,,nonfinal,9,8,issues,6.430433750152588
critical,34,ambiguous,long,,nonfinal,9,9,recovered,16.85883903503418
critical,34,ambiguous,long,,nonfinal,9,10,from,3.733327865600586
critical,34,ambiguous,long,,nonfinal,9,11,the,1.240473747253418
critical,34,ambiguous,long,,nonfinal,9,12,surgery.,5.937815070152283
critical,34,ambiguous,short,,nonfinal,6,0,After,20.94694709777832
critical,34,ambiguous,short,,nonfinal,6,1,the,3.189217329025269
critical,34,ambiguous,short,,nonfinal,6,2,doctor,12.64589786529541
critical,34,ambiguous,short,,nonfinal,6,3,left,6.123839855194092
critical,34,ambiguous,short,,nonfinal,6,4,the,2.5209147930145264
critical,34,ambiguous,short,,nonfinal,6,5,patient,5.320123672485352
critical,34,ambiguous,short,,nonfinal,6,6,recovered,13.915639877319336
critical,34,ambiguous,short,,nonfinal,6,7,from,3.919578075408936
critical,34,ambiguous,short,,nonfinal,6,8,the,0.992151379585266
critical,34,ambiguous,short,,nonfinal,6,9,surgery.,7.563239693641663
critical,34,unambiguous,long,comma,nonfinal,9,0,After,20.94694709777832
critical,34,unambiguous,long,comma,nonfinal,9,1,the,3.189217329025269
critical,34,unambiguous,long,comma,nonfinal,9,2,doctor,12.64589786529541
critical,34,unambiguous,long,comma,nonfinal,9,3,"left,",7.06486839056015
critical,34,unambiguous,long,comma,nonfinal,9,4,the,2.542203426361084
critical,34,unambiguous,long,comma,nonfinal,9,5,patient,3.0929510593414307
critical,34,unambiguous,long,comma,nonfinal,9,6,with,10.157562255859377
critical,34,unambiguous,long,comma,nonfinal,9,7,cardiac,10.725092887878418
critical,34,unambiguous,long,comma,nonfinal,9,8,issues,5.75535249710083
critical,34,unambiguous,long,comma,nonfinal,9,9,recovered,11.835678100585938
critical,34,unambiguous,long,comma,nonfinal,9,10,from,3.948861837387085
critical,34,unambiguous,long,comma,nonfinal,9,11,the,1.169477939605713
critical,34,unambiguous,long,comma,nonfinal,9,12,surgery.,5.940452456474304
critical,34,unambiguous,short,comma,nonfinal,6,0,After,20.94694709777832
critical,34,unambiguous,short,comma,nonfinal,6,1,the,3.189217329025269
critical,34,unambiguous,short,comma,nonfinal,6,2,doctor,12.64589786529541
critical,34,unambiguous,short,comma,nonfinal,6,3,"left,",7.06486839056015
critical,34,unambiguous,short,comma,nonfinal,6,4,the,2.542203426361084
critical,34,unambiguous,short,comma,nonfinal,6,5,patient,3.0929510593414307
critical,34,unambiguous,short,comma,nonfinal,6,6,recovered,12.137572288513184
critical,34,unambiguous,short,comma,nonfinal,6,7,from,3.4582738876342773
critical,34,unambiguous,short,comma,nonfinal,6,8,the,1.143664002418518
critical,34,unambiguous,short,comma,nonfinal,6,9,surgery.,7.914113283157349
critical,34,unambiguous,long,object,nonfinal,12,0,After,20.94694709777832
critical,34,unambiguous,long,object,nonfinal,12,1,the,3.189217329025269
critical,34,unambiguous,long,object,nonfinal,12,2,doctor,12.64589786529541
critical,34,unambiguous,long,object,nonfinal,12,3,left,6.123839855194092
critical,34,unambiguous,long,object,nonfinal,12,4,the,2.5209147930145264
critical,34,unambiguous,long,object,nonfinal,12,5,operating,7.501859664916992
critical,34,unambiguous,long,object,nonfinal,12,6,room,0.586273729801178
critical,34,unambiguous,long,object,nonfinal,12,7,the,6.754988670349121
critical,34,unambiguous,long,object,nonfinal,12,8,patient,2.555981397628784
critical,34,unambiguous,long,object,nonfinal,12,9,with,9.546725273132324
critical,34,unambiguous,long,object,nonfinal,12,10,cardiac,11.263799667358398
critical,34,unambiguous,long,object,nonfinal,12,11,issues,7.19178581237793
critical,34,unambiguous,long,object,nonfinal,12,12,recovered,11.638327598571776
critical,34,unambiguous,long,object,nonfinal,12,13,from,4.275953769683838
critical,34,unambiguous,long,object,nonfinal,12,14,the,1.1934040784835815
critical,34,unambiguous,long,object,nonfinal,12,15,surgery.,3.468347787857056
critical,34,unambiguous,short,object,nonfinal,9,0,After,20.94694709777832
critical,34,unambiguous,short,object,nonfinal,9,1,the,3.189217329025269
critical,34,unambiguous,short,object,nonfinal,9,2,doctor,12.64589786529541
critical,34,unambiguous,short,object,nonfinal,9,3,left,6.123839855194092
critical,34,unambiguous,short,object,nonfinal,9,4,the,2.5209147930145264
critical,34,unambiguous,short,object,nonfinal,9,5,operating,7.501859664916992
critical,34,unambiguous,short,object,nonfinal,9,6,room,0.586273729801178
critical,34,unambiguous,short,object,nonfinal,9,7,the,6.754988670349121
critical,34,unambiguous,short,object,nonfinal,9,8,patient,2.555981397628784
critical,34,unambiguous,short,object,nonfinal,9,9,recovered,11.007177352905272
critical,34,unambiguous,short,object,nonfinal,9,10,from,3.873968362808228
critical,34,unambiguous,short,object,nonfinal,9,11,the,1.2643613815307615
critical,34,unambiguous,short,object,nonfinal,9,12,surgery.,4.722384691238403
critical,35,ambiguous,long,,final,11,0,While,22.071142196655277
critical,35,ambiguous,long,,final,11,1,the,2.8811771869659424
critical,35,ambiguous,long,,final,11,2,tailor,20.31029891967773
critical,35,ambiguous,long,,final,11,3,was,5.53896951675415
critical,35,ambiguous,long,,final,11,4,measuring,9.02568817138672
critical,35,ambiguous,long,,final,11,5,the,2.220165252685547
critical,35,ambiguous,long,,final,11,6,suit,7.828421592712402
critical,35,ambiguous,long,,final,11,7,made,10.850215911865234
critical,35,ambiguous,long,,final,11,8,of,2.3339436054229736
critical,35,ambiguous,long,,final,11,9,vintage,12.677542686462402
critical,35,ambiguous,long,,final,11,10,tweed,7.448792845010757
critical,35,ambiguous,long,,final,11,11,ripped.,26.06460857391357
critical,35,ambiguous,short,,final,7,0,While,22.071142196655277
critical,35,ambiguous,short,,final,7,1,the,2.8811771869659424
critical,35,ambiguous,short,,final,7,2,tailor,20.31029891967773
critical,35,ambiguous,short,,final,7,3,was,5.53896951675415
critical,35,ambiguous,short,,final,7,4,measuring,9.02568817138672
critical,35,ambiguous,short,,final,7,5,the,2.220165252685547
critical,35,ambiguous,short,,final,7,6,suit,7.828421592712402
critical,35,ambiguous,short,,final,7,7,ripped.,29.314826011657715
critical,35,unambiguous,long,comma,final,11,0,While,22.071142196655277
critical,35,unambiguous,long,comma,final,11,1,the,2.8811771869659424
critical,35,unambiguous,long,comma,final,11,2,tailor,20.31029891967773
critical,35,unambiguous,long,comma,final,11,3,was,5.53896951675415
critical,35,unambiguous,long,comma,final,11,4,"measuring,",12.304779529571531
critical,35,unambiguous,long,comma,final,11,5,the,1.6704798936843872
critical,35,unambiguous,long,comma,final,11,6,suit,11.337934494018556
critical,35,unambiguous,long,comma,final,11,7,made,7.793601512908935
critical,35,unambiguous,long,comma,final,11,8,of,3.473905086517334
critical,35,unambiguous,long,comma,final,11,9,vintage,16.385156631469727
critical,35,unambiguous,long,comma,final,11,10,tweed,6.493474632501602
critical,35,unambiguous,long,comma,final,11,11,ripped.,18.451908588409424
critical,35,unambiguous,short,comma,final,7,0,While,22.071142196655277
critical,35,unambiguous,short,comma,final,7,1,the,2.8811771869659424
critical,35,unambiguous,short,comma,final,7,2,tailor,20.31029891967773
critical,35,unambiguous,short,comma,final,7,3,was,5.53896951675415
critical,35,unambiguous,short,comma,final,7,4,"measuring,",12.304779529571531
critical,35,unambiguous,short,comma,final,7,5,the,1.6704798936843872
critical,35,unambiguous,short,comma,final,7,6,suit,11.337934494018556
critical,35,unambiguous,short,comma,final,7,7,ripped.,14.914538979530334
critical,35,unambiguous,long,object,final,14,0,While,22.071142196655277
critical,35,unambiguous,long,object,final,14,1,the,2.8811771869659424
critical,35,unambiguous,long,object,final,14,2,tailor,20.31029891967773
critical,35,unambiguous,long,object,final,14,3,was,5.53896951675415
critical,35,unambiguous,long,object,final,14,4,measuring,9.02568817138672
critical,35,unambiguous,long,object,final,14,5,the,2.220165252685547
critical,35,unambiguous,long,object,final,14,6,client's,9.439314365386965
critical,35,unambiguous,long,object,final,14,7,inseam,12.67057933844626
critical,35,unambiguous,long,object,final,14,8,the,6.8111252784729
critical,35,unambiguous,long,object,final,14,9,suit,9.177175521850586
critical,35,unambiguous,long,object,final,14,10,made,7.43017578125
critical,35,unambiguous,long,object,final,14,11,of,5.293676853179932
critical,35,unambiguous,long,object,final,14,12,vintage,12.543726921081545
critical,35,unambiguous,long,object,final,14,13,tweed,6.960030615329742
critical,35,unambiguous,long,object,final,14,14,ripped.,18.516011238098145
critical,35,unambiguous,short,object,final,10,0,While,22.071142196655277
critical,35,unambiguous,short,object,final,10,1,the,2.8811771869659424
critical,35,unambiguous,short,object,final,10,2,tailor,20.31029891967773
critical,35,unambiguous,short,object,final,10,3,was,5.53896951675415
critical,35,unambiguous,short,object,final,10,4,measuring,9.02568817138672
critical,35,unambiguous,short,object,final,10,5,the,2.220165252685547
critical,35,unambiguous,short,object,final,10,6,client's,9.439314365386965
critical,35,unambiguous,short,object,final,10,7,inseam,12.67057933844626
critical,35,unambiguous,short,object,final,10,8,the,6.8111252784729
critical,35,unambiguous,short,object,final,10,9,suit,9.177175521850586
critical,35,unambiguous,short,object,final,10,10,ripped.,15.625652313232422
critical,35,ambiguous,long,,nonfinal,11,0,While,22.071142196655277
critical,35,ambiguous,long,,nonfinal,11,1,the,2.8811771869659424
critical,35,ambiguous,long,,nonfinal,11,2,tailor,20.31029891967773
critical,35,ambiguous,long,,nonfinal,11,3,was,5.53896951675415
critical,35,ambiguous,long,,nonfinal,11,4,measuring,9.02568817138672
critical,35,ambiguous,long,,nonfinal,11,5,the,2.220165252685547
critical,35,ambiguous,long,,nonfinal,11,6,suit,7.828421592712402
critical,35,ambiguous,long,,nonfinal,11,7,made,10.850215911865234
critical,35,ambiguous,long,,nonfinal,11,8,of,2.3339436054229736
critical,35,ambiguous,long,,nonfinal,11,9,vintage,12.677542686462402
critical,35,ambiguous,long,,nonfinal,11,10,tweed,7.448792845010757
critical,35,ambiguous,long,,nonfinal,11,11,ripped,15.48451805114746
critical,35,ambiguous,long,,nonfinal,11,12,along,7.425144672393799
critical,35,ambiguous,long,,nonfinal,11,13,a,5.7542009353637695
critical,35,ambiguous,long,,nonfinal,11,14,weak,14.58711051940918
critical,35,ambiguous,long,,nonfinal,11,15,seam.,6.39082407951355
critical,35,ambiguous,short,,nonfinal,7,0,While,22.071142196655277
critical,35,ambiguous,short,,nonfinal,7,1,the,2.8811771869659424
critical,35,ambiguous,short,,nonfinal,7,2,tailor,20.31029891967773
critical,35,ambiguous,short,,nonfinal,7,3,was,5.53896951675415
critical,35,ambiguous,short,,nonfinal,7,4,measuring,9.02568817138672
critical,35,ambiguous,short,,nonfinal,7,5,the,2.220165252685547
critical,35,ambiguous,short,,nonfinal,7,6,suit,7.828421592712402
critical,35,ambiguous,short,,nonfinal,7,7,ripped,19.53886032104492
critical,35,ambiguous,short,,nonfinal,7,8,along,9.419381141662598
critical,35,ambiguous,short,,nonfinal,7,9,a,5.328938961029053
critical,35,ambiguous,short,,nonfinal,7,10,weak,14.717110633850098
critical,35,ambiguous,short,,nonfinal,7,11,seam.,5.701250910758972
critical,35,unambiguous,long,comma,nonfinal,11,0,While,22.071142196655277
critical,35,unambiguous,long,comma,nonfinal,11,1,the,2.8811771869659424
critical,35,unambiguous,long,comma,nonfinal,11,2,tailor,20.31029891967773
critical,35,unambiguous,long,comma,nonfinal,11,3,was,5.53896951675415
critical,35,unambiguous,long,comma,nonfinal,11,4,"measuring,",12.304779529571531
critical,35,unambiguous,long,comma,nonfinal,11,5,the,1.6704798936843872
critical,35,unambiguous,long,comma,nonfinal,11,6,suit,11.337934494018556
critical,35,unambiguous,long,comma,nonfinal,11,7,made,7.793601512908935
critical,35,unambiguous,long,comma,nonfinal,11,8,of,3.473905086517334
critical,35,unambiguous,long,comma,nonfinal,11,9,vintage,16.385156631469727
critical,35,unambiguous,long,comma,nonfinal,11,10,tweed,6.493474632501602
critical,35,unambiguous,long,comma,nonfinal,11,11,ripped,11.739456176757812
critical,35,unambiguous,long,comma,nonfinal,11,12,along,7.91026496887207
critical,35,unambiguous,long,comma,nonfinal,11,13,a,5.611847400665283
critical,35,unambiguous,long,comma,nonfinal,11,14,weak,14.742259979248049
critical,35,unambiguous,long,comma,nonfinal,11,15,seam.,2.978119015693665
critical,35,unambiguous,short,comma,nonfinal,7,0,While,22.071142196655277
critical,35,unambiguous,short,comma,nonfinal,7,1,the,2.8811771869659424
critical,35,unambiguous,short,comma,nonfinal,7,2,tailor,20.31029891967773
critical,35,unambiguous,short,comma,nonfinal,7,3,was,5.53896951675415
critical,35,unambiguous,short,comma,nonfinal,7,4,"measuring,",12.304779529571531
critical,35,unambiguous,short,comma,nonfinal,7,5,the,1.6704798936843872
critical,35,unambiguous,short,comma,nonfinal,7,6,suit,11.337934494018556
critical,35,unambiguous,short,comma,nonfinal,7,7,ripped,13.143736839294434
critical,35,unambiguous,short,comma,nonfinal,7,8,along,7.78832483291626
critical,35,unambiguous,short,comma,nonfinal,7,9,a,6.016700267791748
critical,35,unambiguous,short,comma,nonfinal,7,10,weak,13.43236255645752
critical,35,unambiguous,short,comma,nonfinal,7,11,seam.,1.3933043479919434
critical,35,unambiguous,long,object,nonfinal,14,0,While,22.071142196655277
critical,35,unambiguous,long,object,nonfinal,14,1,the,2.8811771869659424
critical,35,unambiguous,long,object,nonfinal,14,2,tailor,20.31029891967773
critical,35,unambiguous,long,object,nonfinal,14,3,was,5.53896951675415
critical,35,unambiguous,long,object,nonfinal,14,4,measuring,9.02568817138672
critical,35,unambiguous,long,object,nonfinal,14,5,the,2.220165252685547
critical,35,unambiguous,long,object,nonfinal,14,6,client's,9.439314365386965
critical,35,unambiguous,long,object,nonfinal,14,7,inseam,12.67057933844626
critical,35,unambiguous,long,object,nonfinal,14,8,the,6.8111252784729
critical,35,unambiguous,long,object,nonfinal,14,9,suit,9.177175521850586
critical,35,unambiguous,long,object,nonfinal,14,10,made,7.43017578125
critical,35,unambiguous,long,object,nonfinal,14,11,of,5.293676853179932
critical,35,unambiguous,long,object,nonfinal,14,12,vintage,12.543726921081545
critical,35,unambiguous,long,object,nonfinal,14,13,tweed,6.960030615329742
critical,35,unambiguous,long,object,nonfinal,14,14,ripped,11.299652099609377
critical,35,unambiguous,long,object,nonfinal,14,15,along,7.6889328956604
critical,35,unambiguous,long,object,nonfinal,14,16,a,5.753055095672607
critical,35,unambiguous,long,object,nonfinal,14,17,weak,14.706498146057127
critical,35,unambiguous,long,object,nonfinal,14,18,seam.,3.523513078689575
critical,35,unambiguous,short,object,nonfinal,10,0,While,22.071142196655277
critical,35,unambiguous,short,object,nonfinal,10,1,the,2.8811771869659424
critical,35,unambiguous,short,object,nonfinal,10,2,tailor,20.31029891967773
critical,35,unambiguous,short,object,nonfinal,10,3,was,5.53896951675415
critical,35,unambiguous,short,object,nonfinal,10,4,measuring,9.02568817138672
critical,35,unambiguous,short,object,nonfinal,10,5,the,2.220165252685547
critical,35,unambiguous,short,object,nonfinal,10,6,client's,9.439314365386965
critical,35,unambiguous,short,object,nonfinal,10,7,inseam,12.67057933844626
critical,35,unambiguous,short,object,nonfinal,10,8,the,6.8111252784729
critical,35,unambiguous,short,object,nonfinal,10,9,suit,9.177175521850586
critical,35,unambiguous,short,object,nonfinal,10,10,ripped,12.986701011657717
critical,35,unambiguous,short,object,nonfinal,10,11,along,8.222742080688477
critical,35,unambiguous,short,object,nonfinal,10,12,a,6.397534370422363
critical,35,unambiguous,short,object,nonfinal,10,13,weak,14.550143241882324
critical,35,unambiguous,short,object,nonfinal,10,14,seam.,1.4440433830022812
critical,36,ambiguous,long,,final,8,0,As,18.927881240844727
critical,36,ambiguous,long,,final,8,1,the,3.407918691635132
critical,36,ambiguous,long,,final,8,2,musician,15.526042938232422
critical,36,ambiguous,long,,final,8,3,played,8.68802547454834
critical,36,ambiguous,long,,final,8,4,the,3.115936279296875
critical,36,ambiguous,long,,final,8,5,song,2.429823160171509
critical,36,ambiguous,long,,final,8,6,of,7.730646133422852
critical,36,ambiguous,long,,final,8,7,mourning,9.012104988098145
critical,36,ambiguous,long,,final,8,8,crescendoed.,29.429791510105133
critical,36,ambiguous,short,,final,6,0,As,18.927881240844727
critical,36,ambiguous,short,,final,6,1,the,3.407918691635132
critical,36,ambiguous,short,,final,6,2,musician,15.526042938232422
critical,36,ambiguous,short,,final,6,3,played,8.68802547454834
critical,36,ambiguous,short,,final,6,4,the,3.115936279296875
critical,36,ambiguous,short,,final,6,5,song,2.429823160171509
critical,36,ambiguous,short,,final,6,6,crescendoed.,27.65116617083549
critical,36,unambiguous,long,comma,final,8,0,As,18.927881240844727
critical,36,unambiguous,long,comma,final,8,1,the,3.407918691635132
critical,36,unambiguous,long,comma,final,8,2,musician,15.526042938232422
critical,36,unambiguous,long,comma,final,8,3,"played,",11.34088945388794
critical,36,unambiguous,long,comma,final,8,4,the,2.314126968383789
critical,36,unambiguous,long,comma,final,8,5,song,8.355966567993164
critical,36,unambiguous,long,comma,final,8,6,of,6.870499134063721
critical,36,unambiguous,long,comma,final,8,7,mourning,9.908939361572266
critical,36,unambiguous,long,comma,final,8,8,crescendoed.,15.075242467224598
critical,36,unambiguous,short,comma,final,6,0,As,18.927881240844727
critical,36,unambiguous,short,comma,final,6,1,the,3.407918691635132
critical,36,unambiguous,short,comma,final,6,2,musician,15.526042938232422
critical,36,unambiguous,short,comma,final,6,3,"played,",11.34088945388794
critical,36,unambiguous,short,comma,final,6,4,the,2.314126968383789
critical,36,unambiguous,short,comma,final,6,5,song,8.355966567993164
critical,36,unambiguous,short,comma,final,6,6,crescendoed.,13.884171366225928
critical,36,unambiguous,long,object,final,10,0,As,18.927881240844727
critical,36,unambiguous,long,object,final,10,1,the,3.407918691635132
critical,36,unambiguous,long,object,final,10,2,musician,15.526042938232422
critical,36,unambiguous,long,object,final,10,3,played,8.68802547454834
critical,36,unambiguous,long,object,final,10,4,the,3.115936279296875
critical,36,unambiguous,long,object,final,10,5,piano,4.312002658843994
critical,36,unambiguous,long,object,final,10,6,the,8.11044979095459
critical,36,unambiguous,long,object,final,10,7,song,4.800870895385742
critical,36,unambiguous,long,object,final,10,8,of,7.395784854888916
critical,36,unambiguous,long,object,final,10,9,mourning,11.07156467437744
critical,36,unambiguous,long,object,final,10,10,crescendoed.,17.418062537908554
critical,36,unambiguous,short,object,final,8,0,As,18.927881240844727
critical,36,unambiguous,short,object,final,8,1,the,3.407918691635132
critical,36,unambiguous,short,object,final,8,2,musician,15.526042938232422
critical,36,unambiguous,short,object,final,8,3,played,8.68802547454834
critical,36,unambiguous,short,object,final,8,4,the,3.115936279296875
critical,36,unambiguous,short,object,final,8,5,piano,4.312002658843994
critical,36,unambiguous,short,object,final,8,6,the,8.11044979095459
critical,36,unambiguous,short,object,final,8,7,song,4.800870895385742
critical,36,unambiguous,short,object,final,8,8,crescendoed.,15.851404340937734
critical,36,ambiguous,long,,nonfinal,8,0,As,18.927881240844727
critical,36,ambiguous,long,,nonfinal,8,1,the,3.407918691635132
critical,36,ambiguous,long,,nonfinal,8,2,musician,15.526042938232422
critical,36,ambiguous,long,,nonfinal,8,3,played,8.68802547454834
critical,36,ambiguous,long,,nonfinal,8,4,the,3.115936279296875
critical,36,ambiguous,long,,nonfinal,8,5,song,2.429823160171509
critical,36,ambiguous,long,,nonfinal,8,6,of,7.730646133422852
critical,36,ambiguous,long,,nonfinal,8,7,mourning,9.012104988098145
critical,36,ambiguous,long,,nonfinal,8,8,crescendoed,23.47576862573624
critical,36,ambiguous,long,,nonfinal,8,9,to,4.253652572631836
critical,36,ambiguous,long,,nonfinal,8,10,a,1.476343035697937
critical,36,ambiguous,long,,nonfinal,8,11,dramatic,7.838245391845703
critical,36,ambiguous,long,,nonfinal,8,12,climax.,7.2141273021698
critical,36,ambiguous,short,,nonfinal,6,0,As,18.927881240844727
critical,36,ambiguous,short,,nonfinal,6,1,the,3.407918691635132
critical,36,ambiguous,short,,nonfinal,6,2,musician,15.526042938232422
critical,36,ambiguous,short,,nonfinal,6,3,played,8.68802547454834
critical,36,ambiguous,short,,nonfinal,6,4,the,3.115936279296875
critical,36,ambiguous,short,,nonfinal,6,5,song,2.429823160171509
critical,36,ambiguous,short,,nonfinal,6,6,crescendoed,22.36499997973442
critical,36,ambiguous,short,,nonfinal,6,7,to,3.787033081054688
critical,36,ambiguous,short,,nonfinal,6,8,a,0.9106797575950624
critical,36,ambiguous,short,,nonfinal,6,9,dramatic,6.693372249603272
critical,36,ambiguous,short,,nonfinal,6,10,climax.,6.484514951705933
critical,36,unambiguous,long,comma,nonfinal,8,0,As,18.927881240844727
critical,36,unambiguous,long,comma,nonfinal,8,1,the,3.407918691635132
critical,36,unambiguous,long,comma,nonfinal,8,2,musician,15.526042938232422
critical,36,unambiguous,long,comma,nonfinal,8,3,"played,",11.34088945388794
critical,36,unambiguous,long,comma,nonfinal,8,4,the,2.314126968383789
critical,36,unambiguous,long,comma,nonfinal,8,5,song,8.355966567993164
critical,36,unambiguous,long,comma,nonfinal,8,6,of,6.870499134063721
critical,36,unambiguous,long,comma,nonfinal,8,7,mourning,9.908939361572266
critical,36,unambiguous,long,comma,nonfinal,8,8,crescendoed,12.978003449738026
critical,36,unambiguous,long,comma,nonfinal,8,9,to,3.9035892486572266
critical,36,unambiguous,long,comma,nonfinal,8,10,a,0.7556367516517639
critical,36,unambiguous,long,comma,nonfinal,8,11,dramatic,9.162667274475098
critical,36,unambiguous,long,comma,nonfinal,8,12,climax.,5.274927973747253
critical,36,unambiguous,short,comma,nonfinal,6,0,As,18.927881240844727
critical,36,unambiguous,short,comma,nonfinal,6,1,the,3.407918691635132
critical,36,unambiguous,short,comma,nonfinal,6,2,musician,15.526042938232422
critical,36,unambiguous,short,comma,nonfinal,6,3,"played,",11.34088945388794
critical,36,unambiguous,short,comma,nonfinal,6,4,the,2.314126968383789
critical,36,unambiguous,short,comma,nonfinal,6,5,song,8.355966567993164
critical,36,unambiguous,short,comma,nonfinal,6,6,crescendoed,10.572399258147923
critical,36,unambiguous,short,comma,nonfinal,6,7,to,2.7919883728027344
critical,36,unambiguous,short,comma,nonfinal,6,8,a,0.6584348678588867
critical,36,unambiguous,short,comma,nonfinal,6,9,dramatic,7.025383949279785
critical,36,unambiguous,short,comma,nonfinal,6,10,climax.,4.694903373718262
critical,36,unambiguous,long,object,nonfinal,10,0,As,18.927881240844727
critical,36,unambiguous,long,object,nonfinal,10,1,the,3.407918691635132
critical,36,unambiguous,long,object,nonfinal,10,2,musician,15.526042938232422
critical,36,unambiguous,long,object,nonfinal,10,3,played,8.68802547454834
critical,36,unambiguous,long,object,nonfinal,10,4,the,3.115936279296875
critical,36,unambiguous,long,object,nonfinal,10,5,piano,4.312002658843994
critical,36,unambiguous,long,object,nonfinal,10,6,the,8.11044979095459
critical,36,unambiguous,long,object,nonfinal,10,7,song,4.800870895385742
critical,36,unambiguous,long,object,nonfinal,10,8,of,7.395784854888916
critical,36,unambiguous,long,object,nonfinal,10,9,mourning,11.07156467437744
critical,36,unambiguous,long,object,nonfinal,10,10,crescendoed,14.571987718343737
critical,36,unambiguous,long,object,nonfinal,10,11,to,3.60676908493042
critical,36,unambiguous,long,object,nonfinal,10,12,a,0.8153215646743774
critical,36,unambiguous,long,object,nonfinal,10,13,dramatic,8.132067680358887
critical,36,unambiguous,long,object,nonfinal,10,14,climax.,5.157018065452576
critical,36,unambiguous,short,object,nonfinal,8,0,As,18.927881240844727
critical,36,unambiguous,short,object,nonfinal,8,1,the,3.407918691635132
critical,36,unambiguous,short,object,nonfinal,8,2,musician,15.526042938232422
critical,36,unambiguous,short,object,nonfinal,8,3,played,8.68802547454834
critical,36,unambiguous,short,object,nonfinal,8,4,the,3.115936279296875
critical,36,unambiguous,short,object,nonfinal,8,5,piano,4.312002658843994
critical,36,unambiguous,short,object,nonfinal,8,6,the,8.11044979095459
critical,36,unambiguous,short,object,nonfinal,8,7,song,4.800870895385742
critical,36,unambiguous,short,object,nonfinal,8,8,crescendoed,12.157837541773915
critical,36,unambiguous,short,object,nonfinal,8,9,to,2.7523319721221924
critical,36,unambiguous,short,object,nonfinal,8,10,a,0.6977570056915283
critical,36,unambiguous,short,object,nonfinal,8,11,dramatic,6.663437366485596
critical,36,unambiguous,short,object,nonfinal,8,12,climax.,4.6519434452056885
filler,1,,,,,-1,0,The,15.36176872253418
filler,1,,,,,-1,1,little,12.162273406982422
filler,1,,,,,-1,2,blonde,10.61303997039795
filler,1,,,,,-1,3,girls,8.624357223510742
filler,1,,,,,-1,4,turned,11.110401153564451
filler,1,,,,,-1,5,out,2.209016799926758
filler,1,,,,,-1,6,to,0.6397231817245483
filler,1,,,,,-1,7,be,0.1885535269975662
filler,1,,,,,-1,8,daughters,12.898189544677734
filler,1,,,,,-1,9,of,0.199962168931961
filler,1,,,,,-1,10,one,7.080083847045898
filler,1,,,,,-1,11,of,0.4384044110774994
filler,1,,,,,-1,12,the,0.6515899896621704
filler,1,,,,,-1,13,neighbors.,14.288778066635132
filler,2,,,,,-1,0,After,20.946901321411133
filler,2,,,,,-1,1,the,3.189235210418701
filler,2,,,,,-1,2,show,8.89893913269043
filler,2,,,,,-1,3,the,7.359979629516602
filler,2,,,,,-1,4,famous,12.139877319335938
filler,2,,,,,-1,5,violinist,10.619978547096252
filler,2,,,,,-1,6,met,10.463669776916504
filler,2,,,,,-1,7,with,2.278388977050781
filler,2,,,,,-1,8,some,5.550171852111816
filler,2,,,,,-1,9,of,3.077848196029663
filler,2,,,,,-1,10,his,1.9583154916763303
filler,2,,,,,-1,11,devoted,12.302571296691896
filler,2,,,,,-1,12,fans.,3.557491421699524
filler,3,,,,,-1,0,The,15.36176872253418
filler,3,,,,,-1,1,pharmacologist,23.91944026947021
filler,3,,,,,-1,2,made,11.901196479797363
filler,3,,,,,-1,3,sure,6.463313102722168
filler,3,,,,,-1,4,that,2.1632981300354004
filler,3,,,,,-1,5,the,1.7874830961227417
filler,3,,,,,-1,6,new,7.526791572570801
filler,3,,,,,-1,7,shipment,12.408806800842283
filler,3,,,,,-1,8,of,1.879786849021912
filler,3,,,,,-1,9,patches,12.355142593383787
filler,3,,,,,-1,10,didn't,7.554505705833435
filler,3,,,,,-1,11,have,3.3693602085113525
filler,3,,,,,-1,12,any,0.74907386302948
filler,3,,,,,-1,13,tears.,18.16430163383484
filler,4,,,,,-1,0,On,18.62166976928711
filler,4,,,,,-1,1,returning,14.397994041442873
filler,4,,,,,-1,2,from,1.5226752758026123
filler,4,,,,,-1,3,abroad,10.10886001586914
filler,4,,,,,-1,4,the,8.432859420776367
filler,4,,,,,-1,5,accountant,16.430866241455078
filler,4,,,,,-1,6,discovered,13.748702049255373
filler,4,,,,,-1,7,he,4.532623291015625
filler,4,,,,,-1,8,had,1.0350795984268188
filler,4,,,,,-1,9,a,4.111254692077637
filler,4,,,,,-1,10,serious,5.83935022354126
filler,4,,,,,-1,11,case,2.9119248390197754
filler,4,,,,,-1,12,of,0.0116012617945671
filler,4,,,,,-1,13,malaria.,8.622143626213074
filler,5,,,,,-1,0,The,15.36176872253418
filler,5,,,,,-1,1,coach,14.52660083770752
filler,5,,,,,-1,2,encouraged,13.112728118896484
filler,5,,,,,-1,3,his,2.9500362873077397
filler,5,,,,,-1,4,team,2.443887233734131
filler,5,,,,,-1,5,as,8.42187213897705
filler,5,,,,,-1,6,the,3.811021327972412
filler,5,,,,,-1,7,game,4.394881725311279
filler,5,,,,,-1,8,turned,8.495879173278809
filler,5,,,,,-1,9,increasingly,11.338988304138184
filler,5,,,,,-1,10,discouraging.,16.512417785823345
filler,6,,,,,-1,0,The,15.36176872253418
filler,6,,,,,-1,1,photographer,15.794612884521484
filler,6,,,,,-1,2,posed,12.496427536010742
filler,6,,,,,-1,3,the,3.970663785934448
filler,6,,,,,-1,4,newlyweds,12.54963206150569
filler,6,,,,,-1,5,in,2.3496408462524414
filler,6,,,,,-1,6,front,1.3615398406982422
filler,6,,,,,-1,7,of,0.0123524814844131
filler,6,,,,,-1,8,an,4.075687408447266
filler,6,,,,,-1,9,old,3.5734059810638428
filler,6,,,,,-1,10,oak,6.926993370056152
filler,6,,,,,-1,11,tree,0.4899689257144928
filler,6,,,,,-1,12,that,5.382269859313965
filler,6,,,,,-1,13,stood,4.632414817810059
filler,6,,,,,-1,14,by,7.611008167266846
filler,6,,,,,-1,15,the,0.6299793124198914
filler,6,,,,,-1,16,pond.,7.639895677566528
filler,7,,,,,-1,0,The,15.36176872253418
filler,7,,,,,-1,1,horse,14.786471366882324
filler,7,,,,,-1,2,galloped,14.990602254867554
filler,7,,,,,-1,3,furiously,8.451264792587608
filler,7,,,,,-1,4,around,5.142096996307373
filler,7,,,,,-1,5,the,0.5374801754951477
filler,7,,,,,-1,6,field,4.705673694610596
filler,7,,,,,-1,7,before,6.096070766448975
filler,7,,,,,-1,8,jumping,7.1081061363220215
filler,7,,,,,-1,9,over,3.392301321029663
filler,7,,,,,-1,10,the,1.3031070232391355
filler,7,,,,,-1,11,fence.,3.8335427045822144
filler,8,,,,,-1,0,The,15.36176872253418
filler,8,,,,,-1,1,talented,14.994745254516602
filler,8,,,,,-1,2,cartoonists,14.1571626663208
filler,8,,,,,-1,3,drew,11.157466888427734
filler,8,,,,,-1,4,a,3.1701107025146484
filler,8,,,,,-1,5,huge,6.842284202575684
filler,8,,,,,-1,6,illustration,10.92296314239502
filler,8,,,,,-1,7,of,1.0622446537017822
filler,8,,,,,-1,8,the,1.502981185913086
filler,8,,,,,-1,9,upcoming,7.360116004943848
filler,8,,,,,-1,10,mall,14.888154029846191
filler,8,,,,,-1,11,to,7.198007583618164
filler,8,,,,,-1,12,be,3.0107736587524414
filler,8,,,,,-1,13,opened,3.702062845230103
filler,8,,,,,-1,14,in,0.977282464504242
filler,8,,,,,-1,15,May.,11.004978775978088
filler,9,,,,,-1,0,The,15.36176872253418
filler,9,,,,,-1,1,protesters,15.76935577392578
filler,9,,,,,-1,2,rallied,8.75697702798061
filler,9,,,,,-1,3,outside,1.7665177583694458
filler,9,,,,,-1,4,the,0.9305251836776732
filler,9,,,,,-1,5,state,6.623887062072754
filler,9,,,,,-1,6,capital,4.126927375793457
filler,9,,,,,-1,7,to,4.778455257415772
filler,9,,,,,-1,8,petition,12.222692489624023
filler,9,,,,,-1,9,the,2.488600015640259
filler,9,,,,,-1,10,widely,19.266263961791992
filler,9,,,,,-1,11,controversial,9.512248992919922
filler,9,,,,,-1,12,bill.,5.467982053756714
filler,10,,,,,-1,0,The,15.36176872253418
filler,10,,,,,-1,1,small,12.819745063781738
filler,10,,,,,-1,2,orange,11.033757209777832
filler,10,,,,,-1,3,kitten,12.72667908668518
filler,10,,,,,-1,4,climbed,11.233386039733888
filler,10,,,,,-1,5,up,2.326439619064331
filler,10,,,,,-1,6,the,1.6805965900421145
filler,10,,,,,-1,7,curtains,9.073031425476074
filler,10,,,,,-1,8,behind,8.455832481384277
filler,10,,,,,-1,9,the,1.8450394868850708
filler,10,,,,,-1,10,couch,4.462422847747803
filler,10,,,,,-1,11,when,9.164302825927734
filler,10,,,,,-1,12,the,3.3741042613983154
filler,10,,,,,-1,13,vacuum,9.333396911621094
filler,10,,,,,-1,14,turned,9.117895126342772
filler,10,,,,,-1,15,on.,1.6566166877746582
filler,11,,,,,-1,0,The,15.36176872253418
filler,11,,,,,-1,1,captain,13.538996696472168
filler,11,,,,,-1,2,made,9.082000732421877
filler,11,,,,,-1,3,sure,6.772833824157715
filler,11,,,,,-1,4,the,2.550058364868164
filler,11,,,,,-1,5,sailors,9.37278652191162
filler,11,,,,,-1,6,fixed,14.96702003479004
filler,11,,,,,-1,7,the,2.7776808738708496
filler,11,,,,,-1,8,rudder,7.3801222062902525
filler,11,,,,,-1,9,before,4.6488423347473145
filler,11,,,,,-1,10,setting,6.114324569702148
filler,11,,,,,-1,11,sail.,3.116895198822021
filler,12,,,,,-1,0,The,15.36176872253418
filler,12,,,,,-1,1,student,13.413467407226562
filler,12,,,,,-1,2,felt,12.424306869506836
filler,12,,,,,-1,3,that,2.990813970565796
filler,12,,,,,-1,4,he,3.302343368530273
filler,12,,,,,-1,5,hadn't,10.576320946216583
filler,12,,,,,-1,6,prepared,7.713818073272705
filler,12,,,,,-1,7,sufficiently,6.588512420654297
filler,12,,,,,-1,8,after,9.46599292755127
filler,12,,,,,-1,9,he,4.416023254394531
filler,12,,,,,-1,10,finished,5.4316511154174805
filler,12,,,,,-1,11,the,2.235270977020264
filler,12,,,,,-1,12,midterm.,15.059186577796936
filler,13,,,,,-1,0,The,15.36176872253418
filler,13,,,,,-1,1,boys,12.833009719848633
filler,13,,,,,-1,2,rode,13.370959281921388
filler,13,,,,,-1,3,their,3.3913328647613525
filler,13,,,,,-1,4,bikes,0.6021759510040283
filler,13,,,,,-1,5,past,6.323609352111816
filler,13,,,,,-1,6,the,1.4865959882736206
filler,13,,,,,-1,7,yellow,10.222302436828612
filler,13,,,,,-1,8,wall,8.533014297485352
filler,13,,,,,-1,9,that,5.2888503074646
filler,13,,,,,-1,10,stood,7.75360107421875
filler,13,,,,,-1,11,in,2.022207736968994
filler,13,,,,,-1,12,front,2.1870222091674805
filler,13,,,,,-1,13,of,0.0318126641213893
filler,13,,,,,-1,14,the,0.7468037009239197
filler,13,,,,,-1,15,old,6.128159999847412
filler,13,,,,,-1,16,factory.,9.981927156448364
filler,14,,,,,-1,0,The,15.36176872253418
filler,14,,,,,-1,1,desert,15.89944553375244
filler,14,,,,,-1,2,bandits,18.372340202331543
filler,14,,,,,-1,3,joked,19.562981128692627
filler,14,,,,,-1,4,that,2.1709742546081543
filler,14,,,,,-1,5,the,2.8967504501342773
filler,14,,,,,-1,6,oasis,14.13110613822937
filler,14,,,,,-1,7,in,4.326866149902344
filler,14,,,,,-1,8,the,1.3507709503173828
filler,14,,,,,-1,9,horizon,11.684760093688965
filler,14,,,,,-1,10,was,1.4820308685302734
filler,14,,,,,-1,11,all,8.5006742477417
filler,14,,,,,-1,12,but,5.667133808135986
filler,14,,,,,-1,13,a,4.132941246032715
filler,14,,,,,-1,14,wild,12.514456748962402
filler,14,,,,,-1,15,fantasy.,8.391473889350891
filler,15,,,,,-1,0,The,15.36176872253418
filler,15,,,,,-1,1,carpenter,20.044894576072693
filler,15,,,,,-1,2,told,9.263788223266602
filler,15,,,,,-1,3,all,10.153470039367676
filler,15,,,,,-1,4,the,3.142396926879883
filler,15,,,,,-1,5,disappointed,18.26542091369629
filler,15,,,,,-1,6,applicants,9.958173751831056
filler,15,,,,,-1,7,that,1.1561994552612305
filler,15,,,,,-1,8,he,1.7232509851455688
filler,15,,,,,-1,9,was,2.696974039077759
filler,15,,,,,-1,10,not,3.529804944992065
filler,15,,,,,-1,11,taking,6.723460674285889
filler,15,,,,,-1,12,any,1.7040811777114868
filler,15,,,,,-1,13,new,5.6206889152526855
filler,15,,,,,-1,14,apprentices.,9.053232818841934
filler,16,,,,,-1,0,The,15.36176872253418
filler,16,,,,,-1,1,California,10.866756439208984
filler,16,,,,,-1,2,judges,14.607653617858888
filler,16,,,,,-1,3,requested,14.327659606933594
filler,16,,,,,-1,4,the,2.7014732360839844
filler,16,,,,,-1,5,opinions,9.444884300231934
filler,16,,,,,-1,6,of,0.1692226678133011
filler,16,,,,,-1,7,various,7.800464153289795
filler,16,,,,,-1,8,industry,11.124837875366213
filler,16,,,,,-1,9,leaders.,10.312860012054443
filler,17,,,,,-1,0,The,15.36176872253418
filler,17,,,,,-1,1,dance,15.219432830810549
filler,17,,,,,-1,2,troupe,8.403236324898899
filler,17,,,,,-1,3,forgot,17.76976203918457
filler,17,,,,,-1,4,most,12.003353118896484
filler,17,,,,,-1,5,of,0.197196677327156
filler,17,,,,,-1,6,the,2.134945869445801
filler,17,,,,,-1,7,steps,7.197001934051514
filler,17,,,,,-1,8,when,5.116477012634277
filler,17,,,,,-1,9,they,0.7224991321563721
filler,17,,,,,-1,10,performed,4.206644535064697
filler,17,,,,,-1,11,for,5.300081729888916
filler,17,,,,,-1,12,the,1.5436612367630005
filler,17,,,,,-1,13,prime,12.449906349182127
filler,17,,,,,-1,14,minister.,2.647858701646328
filler,18,,,,,-1,0,There,19.886817932128903
filler,18,,,,,-1,1,were,5.514036178588867
filler,18,,,,,-1,2,several,5.773364067077637
filler,18,,,,,-1,3,noblemen,19.070368766784668
filler,18,,,,,-1,4,who,2.038233757019043
filler,18,,,,,-1,5,kept,8.821481704711914
filler,18,,,,,-1,6,insisting,10.336968421936035
filler,18,,,,,-1,7,that,0.902165949344635
filler,18,,,,,-1,8,the,2.1882164478302
filler,18,,,,,-1,9,croutons,25.434033423662186
filler,18,,,,,-1,10,were,1.3599122762680054
filler,18,,,,,-1,11,too,5.903385639190674
filler,18,,,,,-1,12,soft.,7.237403869628906
filler,19,,,,,-1,0,The,15.36176872253418
filler,19,,,,,-1,1,priest,15.355780601501465
filler,19,,,,,-1,2,checked,16.57621955871582
filler,19,,,,,-1,3,twice,10.406084060668944
filler,19,,,,,-1,4,that,5.652852535247803
filler,19,,,,,-1,5,he,2.7815346717834477
filler,19,,,,,-1,6,had,1.991938829421997
filler,19,,,,,-1,7,all,6.118776798248291
filler,19,,,,,-1,8,the,0.9276413917541504
filler,19,,,,,-1,9,supplies,8.046889305114746
filler,19,,,,,-1,10,ready,8.998466491699219
filler,19,,,,,-1,11,for,3.812591075897217
filler,19,,,,,-1,12,the,1.1278401613235474
filler,19,,,,,-1,13,event,7.53326940536499
filler,19,,,,,-1,14,on,8.088749885559082
filler,19,,,,,-1,15,Sunday.,4.28632915019989
filler,20,,,,,-1,0,The,15.36176872253418
filler,20,,,,,-1,1,jeweler,19.18532657623291
filler,20,,,,,-1,2,showed,10.574204444885254
filler,20,,,,,-1,3,off,2.95833683013916
filler,20,,,,,-1,4,his,2.4330453872680664
filler,20,,,,,-1,5,collection,3.8252904415130615
filler,20,,,,,-1,6,of,0.8911370635032654
filler,20,,,,,-1,7,rare,6.804140090942383
filler,20,,,,,-1,8,and,3.0391619205474854
filler,20,,,,,-1,9,precious,4.678278923034668
filler,20,,,,,-1,10,stones,2.0712034702301025
filler,20,,,,,-1,11,at,2.6240439414978027
filler,20,,,,,-1,12,the,1.2580490112304688
filler,20,,,,,-1,13,convention.,13.61351466178894
filler,21,,,,,-1,0,The,15.36176872253418
filler,21,,,,,-1,1,serious,16.689746856689453
filler,21,,,,,-1,2,man,10.980914115905762
filler,21,,,,,-1,3,shifted,14.847061157226562
filler,21,,,,,-1,4,his,1.307655692100525
filler,21,,,,,-1,5,glasses,8.983787536621094
filler,21,,,,,-1,6,to,2.861948251724243
filler,21,,,,,-1,7,indicate,10.55795192718506
filler,21,,,,,-1,8,the,3.618868589401245
filler,21,,,,,-1,9,prisoners,14.137251853942873
filler,21,,,,,-1,10,would,6.660321235656738
filler,21,,,,,-1,11,be,1.3595737218856812
filler,21,,,,,-1,12,set,9.125787734985352
filler,21,,,,,-1,13,free.,1.888708010315895
filler,22,,,,,-1,0,The,15.36176872253418
filler,22,,,,,-1,1,doctor,13.597735404968262
filler,22,,,,,-1,2,made,9.25881576538086
filler,22,,,,,-1,3,the,2.4875996112823486
filler,22,,,,,-1,4,nurse,13.25900650024414
filler,22,,,,,-1,5,administer,10.097126007080078
filler,22,,,,,-1,6,the,2.15786075592041
filler,22,,,,,-1,7,shot,4.072394847869873
filler,22,,,,,-1,8,because,5.511247158050537
filler,22,,,,,-1,9,he,2.188565969467163
filler,22,,,,,-1,10,didn't,4.093797981739044
filler,22,,,,,-1,11,like,3.5974559783935547
filler,22,,,,,-1,12,to,5.777349948883057
filler,22,,,,,-1,13,give,5.767102241516113
filler,22,,,,,-1,14,shots,2.5696120262146
filler,22,,,,,-1,15,to,1.1846660375595093
filler,22,,,,,-1,16,children.,5.815564453601837
filler,23,,,,,-1,0,The,15.36176872253418
filler,23,,,,,-1,1,football,14.570367813110352
filler,23,,,,,-1,2,player,6.764636039733887
filler,23,,,,,-1,3,performed,14.160874366760254
filler,23,,,,,-1,4,a,2.1543922424316406
filler,23,,,,,-1,5,humorous,10.86638766527176
filler,23,,,,,-1,6,victory,8.788420677185059
filler,23,,,,,-1,7,dance,0.3231045007705688
filler,23,,,,,-1,8,at,4.150712013244629
filler,23,,,,,-1,9,the,1.362375020980835
filler,23,,,,,-1,10,end,2.217043399810791
filler,23,,,,,-1,11,zone.,15.200764894485474
filler,24,,,,,-1,0,The,15.36176872253418
filler,24,,,,,-1,1,journalists,17.140798568725586
filler,24,,,,,-1,2,were,6.2262864112854
filler,24,,,,,-1,3,riled,18.0539665222168
filler,24,,,,,-1,4,up,0.6015540361404419
filler,24,,,,,-1,5,to,5.193062782287598
filler,24,,,,,-1,6,hear,6.629349231719971
filler,24,,,,,-1,7,that,3.949355840682984
filler,24,,,,,-1,8,the,2.154240846633911
filler,24,,,,,-1,9,famous,11.694243431091309
filler,24,,,,,-1,10,British,7.497183322906494
filler,24,,,,,-1,11,actor,5.8554863929748535
filler,24,,,,,-1,12,threw,15.6087064743042
filler,24,,,,,-1,13,a,1.4683810472488403
filler,24,,,,,-1,14,fit,3.713420391082764
filler,24,,,,,-1,15,on,4.078245162963867
filler,24,,,,,-1,16,the,1.8513959646224976
filler,24,,,,,-1,17,set.,6.280389785766602
filler,25,,,,,-1,0,The,15.36176872253418
filler,25,,,,,-1,1,salesman,21.14586114883423
filler,25,,,,,-1,2,made,8.466360092163086
filler,25,,,,,-1,3,sure,6.1197357177734375
filler,25,,,,,-1,4,that,2.9851386547088623
filler,25,,,,,-1,5,there,5.81785249710083
filler,25,,,,,-1,6,were,2.0790390968322754
filler,25,,,,,-1,7,people,6.972198486328125
filler,25,,,,,-1,8,all,7.872672080993652
filler,25,,,,,-1,9,around,0.7499819397926331
filler,25,,,,,-1,10,to,5.143924236297607
filler,25,,,,,-1,11,witness,6.522604465484619
filler,25,,,,,-1,12,his,2.876195192337036
filler,25,,,,,-1,13,biggest,11.766642570495604
filler,25,,,,,-1,14,sale.,6.506354212760925
filler,26,,,,,-1,0,The,15.36176872253418
filler,26,,,,,-1,1,guides,17.975601196289062
filler,26,,,,,-1,2,were,5.605803489685059
filler,26,,,,,-1,3,in,6.853977680206299
filler,26,,,,,-1,4,the,2.922436475753784
filler,26,,,,,-1,5,process,5.1323652267456055
filler,26,,,,,-1,6,of,0.022927351295948
filler,26,,,,,-1,7,explaining,12.139948844909668
filler,26,,,,,-1,8,the,1.8214792013168333
filler,26,,,,,-1,9,delay,14.462632179260254
filler,26,,,,,-1,10,when,4.721312999725342
filler,26,,,,,-1,11,the,2.7939116954803467
filler,26,,,,,-1,12,boat,8.810914039611816
filler,26,,,,,-1,13,started,5.327974319458008
filler,26,,,,,-1,14,to,1.9626082181930544
filler,26,,,,,-1,15,move,3.9555487632751465
filler,26,,,,,-1,16,again.,6.987085402011871
filler,27,,,,,-1,0,The,15.36176872253418
filler,27,,,,,-1,1,detective's,20.91325092315674
filler,27,,,,,-1,2,computer,10.241275787353516
filler,27,,,,,-1,3,crashed,6.56383228302002
filler,27,,,,,-1,4,and,2.8767249584198
filler,27,,,,,-1,5,all,5.982303619384766
filler,27,,,,,-1,6,the,2.4120635986328125
filler,27,,,,,-1,7,important,8.623120307922363
filler,27,,,,,-1,8,documents,4.578690052032471
filler,27,,,,,-1,9,were,1.0760252475738523
filler,27,,,,,-1,10,lost.,1.9075821042060848
filler,28,,,,,-1,0,The,15.36176872253418
filler,28,,,,,-1,1,chiefs,17.609588623046875
filler,28,,,,,-1,2,perform,13.62413501739502
filler,28,,,,,-1,3,a,2.2582175731658936
filler,28,,,,,-1,4,ceremony,4.286784648895264
filler,28,,,,,-1,5,for,4.333027362823486
filler,28,,,,,-1,6,each,8.176206588745117
filler,28,,,,,-1,7,family's,14.539510726928713
filler,28,,,,,-1,8,oldest,8.804577827453613
filler,28,,,,,-1,9,child,1.926259398460388
filler,28,,,,,-1,10,every,8.122020721435547
filler,28,,,,,-1,11,time,6.326959609985352
filler,28,,,,,-1,12,there,5.247218132019043
filler,28,,,,,-1,13,is,0.6787536144256592
filler,28,,,,,-1,14,a,0.3488991260528564
filler,28,,,,,-1,15,full,9.352803230285645
filler,28,,,,,-1,16,moon.,2.4266504049301147
filler,29,,,,,-1,0,The,15.36176872253418
filler,29,,,,,-1,1,saleslady,26.012916207313538
filler,29,,,,,-1,2,found,9.815059661865234
filler,29,,,,,-1,3,herself,4.458222389221191
filler,29,,,,,-1,4,surrounded,7.667422771453857
filler,29,,,,,-1,5,by,0.1519776284694671
filler,29,,,,,-1,6,angry,7.961422443389893
filler,29,,,,,-1,7,shoppers,4.97081995010376
filler,29,,,,,-1,8,who,3.8972010612487793
filler,29,,,,,-1,9,wanted,3.674421787261963
filler,29,,,,,-1,10,their,5.644845962524414
filler,29,,,,,-1,11,money,2.9503486156463623
filler,29,,,,,-1,12,back.,1.1592758744955065
filler,30,,,,,-1,0,The,15.36176872253418
filler,30,,,,,-1,1,scientist,15.905186653137209
filler,30,,,,,-1,2,forgot,15.25837516784668
filler,30,,,,,-1,3,to,1.080626130104065
filler,30,,,,,-1,4,make,7.016927719116211
filler,30,,,,,-1,5,sure,4.113896369934082
filler,30,,,,,-1,6,that,2.694622755050659
filler,30,,,,,-1,7,the,1.3720582723617554
filler,30,,,,,-1,8,temperature,7.345813751220703
filler,30,,,,,-1,9,was,1.92487108707428
filler,30,,,,,-1,10,set,4.298586845397949
filler,30,,,,,-1,11,to,1.486986756324768
filler,30,,,,,-1,12,zero,6.276062488555908
filler,30,,,,,-1,13,degrees.,4.975156784057617
filler,31,,,,,-1,0,The,15.36176872253418
filler,31,,,,,-1,1,candy,17.164844512939453
filler,31,,,,,-1,2,shop,6.125497817993164
filler,31,,,,,-1,3,was,4.935997009277344
filler,31,,,,,-1,4,small,9.14829921722412
filler,31,,,,,-1,5,but,4.007586479187012
filler,31,,,,,-1,6,tidy,7.639364719390869
filler,31,,,,,-1,7,and,4.082002639770508
filler,31,,,,,-1,8,smelled,5.3028059005737305
filler,31,,,,,-1,9,deliciously,7.306264758110046
filler,31,,,,,-1,10,of,0.2192737460136413
filler,31,,,,,-1,11,chocolate.,5.196336030960083
filler,32,,,,,-1,0,The,15.36176872253418
filler,32,,,,,-1,1,virus,14.106663703918455
filler,32,,,,,-1,2,caused,7.824990272521973
filler,32,,,,,-1,3,an,5.306157112121582
filler,32,,,,,-1,4,unusual,6.701807498931885
filler,32,,,,,-1,5,amount,5.548154830932617
filler,32,,,,,-1,6,of,0.0122038889676332
filler,32,,,,,-1,7,workers,13.002779006958008
filler,32,,,,,-1,8,at,4.900022506713867
filler,32,,,,,-1,9,the,1.8681154251098635
filler,32,,,,,-1,10,city,8.820442199707031
filler,32,,,,,-1,11,hall,7.412126064300537
filler,32,,,,,-1,12,to,1.8509597778320312
filler,32,,,,,-1,13,call,8.109159469604492
filler,32,,,,,-1,14,in,1.4605811834335327
filler,32,,,,,-1,15,sick.,2.5434198267757893
filler,33,,,,,-1,0,The,15.36176872253418
filler,33,,,,,-1,1,furious,17.855913162231445
filler,33,,,,,-1,2,man,8.608399391174316
filler,33,,,,,-1,3,standing,10.139721870422363
filler,33,,,,,-1,4,at,4.217215538024902
filler,33,,,,,-1,5,the,0.3502309620380401
filler,33,,,,,-1,6,mayor's,14.58223283290863
filler,33,,,,,-1,7,door,6.733822345733643
filler,33,,,,,-1,8,was,5.899247169494629
filler,33,,,,,-1,9,angry,9.941746711730955
filler,33,,,,,-1,10,about,4.061883449554443
filler,33,,,,,-1,11,the,1.549320101737976
filler,33,,,,,-1,12,high,9.50694179534912
filler,33,,,,,-1,13,cost,2.6943228244781494
filler,33,,,,,-1,14,of,0.0580310747027397
filler,33,,,,,-1,15,electricity.,7.527706503868103
filler,34,,,,,-1,0,The,15.36176872253418
filler,34,,,,,-1,1,bartender,17.09837633371353
filler,34,,,,,-1,2,tried,9.481372833251951
filler,34,,,,,-1,3,several,8.191939353942871
filler,34,,,,,-1,4,times,2.148079872131348
filler,34,,,,,-1,5,to,0.2565871179103851
filler,34,,,,,-1,6,get,2.481382131576538
filler,34,,,,,-1,7,the,2.294508695602417
filler,34,,,,,-1,8,woman,5.4859137535095215
filler,34,,,,,-1,9,to,0.7511652112007141
filler,34,,,,,-1,10,order,6.304248332977295
filler,34,,,,,-1,11,from,6.9939165115356445
filler,34,,,,,-1,12,the,2.868945837020874
filler,34,,,,,-1,13,secret,14.428389549255373
filler,34,,,,,-1,14,menu.,2.3932926654815674
filler,35,,,,,-1,0,The,15.36176872253418
filler,35,,,,,-1,1,seamstress,23.1325364112854
filler,35,,,,,-1,2,fretted,16.688706450164318
filler,35,,,,,-1,3,over,1.117613434791565
filler,35,,,,,-1,4,whether,4.854394435882568
filler,35,,,,,-1,5,the,2.7471354007720947
filler,35,,,,,-1,6,dress,5.359676837921143
filler,35,,,,,-1,7,would,2.640742778778076
filler,35,,,,,-1,8,be,2.193326473236084
filler,35,,,,,-1,9,finished,6.075039386749268
filler,35,,,,,-1,10,in,2.582596063613892
filler,35,,,,,-1,11,time.,2.42833448946476
