item_category,item,ambiguity,length,resolution,finality,critical_word_index,word_index,word,surprisal
critical,1,ambiguous,long,,final,8,0,As,74.56287384033203
critical,1,ambiguous,long,,final,8,1,the,8.519684791564941
critical,1,ambiguous,long,,final,8,2,professor,14.23798370361328
critical,1,ambiguous,long,,final,8,3,wrote,7.707640647888184
critical,1,ambiguous,long,,final,8,4,the,2.239417791366577
critical,1,ambiguous,long,,final,8,5,textbook,9.828184127807615
critical,1,ambiguous,long,,final,8,6,on,3.633858442306519
critical,1,ambiguous,long,,final,8,7,biology,9.0574369430542
critical,1,ambiguous,long,,final,8,8,grew.,27.805163860321045
critical,1,ambiguous,short,,final,6,0,As,74.56287384033203
critical,1,ambiguous,short,,final,6,1,the,8.519684791564941
critical,1,ambiguous,short,,final,6,2,professor,14.23798370361328
critical,1,ambiguous,short,,final,6,3,wrote,7.707640647888184
critical,1,ambiguous,short,,final,6,4,the,2.239417791366577
critical,1,ambiguous,short,,final,6,5,textbook,9.828184127807615
critical,1,ambiguous,short,,final,6,6,grew.,26.829426288604736
critical,1,unambiguous,long,comma,final,8,0,As,74.56287384033203
critical,1,unambiguous,long,comma,final,8,1,the,8.519684791564941
critical,1,unambiguous,long,comma,final,8,2,professor,14.23798370361328
critical,1,unambiguous,long,comma,final,8,3,"wrote,",11.098731279373167
critical,1,unambiguous,long,comma,final,8,4,the,4.754976272583008
critical,1,unambiguous,long,comma,final,8,5,textbook,10.83306884765625
critical,1,unambiguous,long,comma,final,8,6,on,6.078092575073242
critical,1,unambiguous,long,comma,final,8,7,biology,8.825675964355469
critical,1,unambiguous,long,comma,final,8,8,grew.,17.20693826675415
critical,1,unambiguous,short,comma,final,6,0,As,74.56287384033203
critical,1,unambiguous,short,comma,final,6,1,the,8.519684791564941
critical,1,unambiguous,short,comma,final,6,2,professor,14.23798370361328
critical,1,unambiguous,short,comma,final,6,3,"wrote,",11.098731279373167
critical,1,unambiguous,short,comma,final,6,4,the,4.754976272583008
critical,1,unambiguous,short,comma,final,6,5,textbook,10.83306884765625
critical,1,unambiguous,short,comma,final,6,6,grew.,18.40572023391724
critical,1,unambiguous,long,object,final,11,0,As,74.56287384033203
critical,1,unambiguous,long,object,final,11,1,the,8.519684791564941
critical,1,unambiguous,long,object,final,11,2,professor,14.23798370361328
critical,1,unambiguous,long,object,final,11,3,wrote,7.707640647888184
critical,1,unambiguous,long,object,final,11,4,the,2.239417791366577
critical,1,unambiguous,long,object,final,11,5,new,8.881503105163574
critical,1,unambiguous,long,object,final,11,6,chapter,5.081132411956787
critical,1,unambiguous,long,object,final,11,7,the,8.003593444824219
critical,1,unambiguous,long,object,final,11,8,textbook,11.044665336608888
critical,1,unambiguous,long,object,final,11,9,on,7.938080787658691
critical,1,unambiguous,long,object,final,11,10,biology,9.679546356201172
critical,1,unambiguous,long,object,final,11,11,grew.,16.918910264968872
critical,1,unambiguous,short,object,final,9,0,As,74.56287384033203
critical,1,unambiguous,short,object,final,9,1,the,8.519684791564941
critical,1,unambiguous,short,object,final,9,2,professor,14.23798370361328
critical,1,unambiguous,short,object,final,9,3,wrote,7.707640647888184
critical,1,unambiguous,short,object,final,9,4,the,2.239417791366577
critical,1,unambiguous,short,object,final,9,5,new,8.881503105163574
critical,1,unambiguous,short,object,final,9,6,chapter,5.081132411956787
critical,1,unambiguous,short,object,final,9,7,the,8.003593444824219
critical,1,unambiguous,short,object,final,9,8,textbook,11.044665336608888
critical,1,unambiguous,short,object,final,9,9,grew.,18.450188159942627
critical,1,ambiguous,long,,nonfinal,8,0,As,74.56287384033203
critical,1,ambiguous,long,,nonfinal,8,1,the,8.519684791564941
critical,1,ambiguous,long,,nonfinal,8,2,professor,14.23798370361328
critical,1,ambiguous,long,,nonfinal,8,3,wrote,7.707640647888184
critical,1,ambiguous,long,,nonfinal,8,4,the,2.239417791366577
critical,1,ambiguous,long,,nonfinal,8,5,textbook,9.828184127807615
critical,1,ambiguous,long,,nonfinal,8,6,on,3.633858442306519
critical,1,ambiguous,long,,nonfinal,8,7,biology,9.0574369430542
critical,1,ambiguous,long,,nonfinal,8,8,grew,23.011707305908203
critical,1,ambiguous,long,,nonfinal,8,9,much,9.291399955749512
critical,1,ambiguous,long,,nonfinal,8,10,longer,6.137265682220459
critical,1,ambiguous,long,,nonfinal,8,11,than,3.0209949016571045
critical,1,ambiguous,long,,nonfinal,8,12,expected.,8.085748970508575
critical,1,ambiguous,short,,nonfinal,6,0,As,74.56287384033203
critical,1,ambiguous,short,,nonfinal,6,1,the,8.519684791564941
critical,1,ambiguous,short,,nonfinal,6,2,professor,14.23798370361328
critical,1,ambiguous,short,,nonfinal,6,3,wrote,7.707640647888184
critical,1,ambiguous,short,,nonfinal,6,4,the,2.239417791366577
critical,1,ambiguous,short,,nonfinal,6,5,textbook,9.828184127807615
critical,1,ambiguous,short,,nonfinal,6,6,grew,22.111961364746094
critical,1,ambiguous,short,,nonfinal,6,7,much,9.28329849243164
critical,1,ambiguous,short,,nonfinal,6,8,longer,6.039172172546387
critical,1,ambiguous,short,,nonfinal,6,9,than,2.637162685394287
critical,1,ambiguous,short,,nonfinal,6,10,expected.,7.246055722236633
critical,1,unambiguous,long,comma,nonfinal,8,0,As,74.56287384033203
critical,1,unambiguous,long,comma,nonfinal,8,1,the,8.519684791564941
critical,1,unambiguous,long,comma,nonfinal,8,2,professor,14.23798370361328
critical,1,unambiguous,long,comma,nonfinal,8,3,"wrote,",11.098731279373167
critical,1,unambiguous,long,comma,nonfinal,8,4,the,4.754976272583008
critical,1,unambiguous,long,comma,nonfinal,8,5,textbook,10.83306884765625
critical,1,unambiguous,long,comma,nonfinal,8,6,on,6.078092575073242
critical,1,unambiguous,long,comma,nonfinal,8,7,biology,8.825675964355469
critical,1,unambiguous,long,comma,nonfinal,8,8,grew,13.082700729370115
critical,1,unambiguous,long,comma,nonfinal,8,9,much,9.11590576171875
critical,1,unambiguous,long,comma,nonfinal,8,10,longer,5.097598552703857
critical,1,unambiguous,long,comma,nonfinal,8,11,than,1.729930758476257
critical,1,unambiguous,long,comma,nonfinal,8,12,expected.,9.141882479190826
critical,1,unambiguous,short,comma,nonfinal,6,0,As,74.56287384033203
critical,1,unambiguous,short,comma,nonfinal,6,1,the,8.519684791564941
critical,1,unambiguous,short,comma,nonfinal,6,2,professor,14.23798370361328
critical,1,unambiguous,short,comma,nonfinal,6,3,"wrote,",11.098731279373167
critical,1,unambiguous,short,comma,nonfinal,6,4,the,4.754976272583008
critical,1,unambiguous,short,comma,nonfinal,6,5,textbook,10.83306884765625
critical,1,unambiguous,short,comma,nonfinal,6,6,grew,14.53516960144043
critical,1,unambiguous,short,comma,nonfinal,6,7,much,9.458439826965332
critical,1,unambiguous,short,comma,nonfinal,6,8,longer,5.377789974212647
critical,1,unambiguous,short,comma,nonfinal,6,9,than,1.8104132413864136
critical,1,unambiguous,short,comma,nonfinal,6,10,expected.,7.623283803462982
critical,1,unambiguous,long,object,nonfinal,11,0,As,74.56287384033203
critical,1,unambiguous,long,object,nonfinal,11,1,the,8.519684791564941
critical,1,unambiguous,long,object,nonfinal,11,2,professor,14.23798370361328
critical,1,unambiguous,long,object,nonfinal,11,3,wrote,7.707640647888184
critical,1,unambiguous,long,object,nonfinal,11,4,the,2.239417791366577
critical,1,unambiguous,long,object,nonfinal,11,5,new,8.881503105163574
critical,1,unambiguous,long,object,nonfinal,11,6,chapter,5.081132411956787
critical,1,unambiguous,long,object,nonfinal,11,7,the,8.003593444824219
critical,1,unambiguous,long,object,nonfinal,11,8,textbook,11.044665336608888
critical,1,unambiguous,long,object,nonfinal,11,9,on,7.938080787658691
critical,1,unambiguous,long,object,nonfinal,11,10,biology,9.679546356201172
critical,1,unambiguous,long,object,nonfinal,11,11,grew,13.764863967895508
critical,1,unambiguous,long,object,nonfinal,11,12,much,9.23011302947998
critical,1,unambiguous,long,object,nonfinal,11,13,longer,5.264286994934082
critical,1,unambiguous,long,object,nonfinal,11,14,than,3.2758264541625977
critical,1,unambiguous,long,object,nonfinal,11,15,expected.,8.107058227062225
critical,1,unambiguous,short,object,nonfinal,9,0,As,74.56287384033203
critical,1,unambiguous,short,object,nonfinal,9,1,the,8.519684791564941
critical,1,unambiguous,short,object,nonfinal,9,2,professor,14.23798370361328
critical,1,unambiguous,short,object,nonfinal,9,3,wrote,7.707640647888184
critical,1,unambiguous,short,object,nonfinal,9,4,the,2.239417791366577
critical,1,unambiguous,short,object,nonfinal,9,5,new,8.881503105163574
critical,1,unambiguous,short,object,nonfinal,9,6,chapter,5.081132411956787
critical,1,unambiguous,short,object,nonfinal,9,7,the,8.003593444824219
critical,1,unambiguous,short,object,nonfinal,9,8,textbook,11.044665336608888
critical,1,unambiguous,short,object,nonfinal,9,9,grew,15.388511657714844
critical,1,unambiguous,short,object,nonfinal,9,10,much,9.418110847473145
critical,1,unambiguous,short,object,nonfinal,9,11,longer,5.090025901794434
critical,1,unambiguous,short,object,nonfinal,9,12,than,3.3813164234161377
critical,1,unambiguous,short,object,nonfinal,9,13,expected.,7.302498817443848
critical,2,ambiguous,long,,final,8,0,While,66.4471206665039
critical,2,ambiguous,long,,final,8,1,the,5.976608753204346
critical,2,ambiguous,long,,final,8,2,mom,16.735139846801758
critical,2,ambiguous,long,,final,8,3,dressed,16.07331657409668
critical,2,ambiguous,long,,final,8,4,the,5.022311687469482
critical,2,ambiguous,long,,final,8,5,baby,3.1050875186920166
critical,2,ambiguous,long,,final,8,6,fidgeting,25.82154583930969
critical,2,ambiguous,long,,final,8,7,restlessly,15.67609977722168
critical,2,ambiguous,long,,final,8,8,cried.,21.142737865448
critical,2,ambiguous,short,,final,6,0,While,66.4471206665039
critical,2,ambiguous,short,,final,6,1,the,5.976608753204346
critical,2,ambiguous,short,,final,6,2,mom,16.735139846801758
critical,2,ambiguous,short,,final,6,3,dressed,16.07331657409668
critical,2,ambiguous,short,,final,6,4,the,5.022311687469482
critical,2,ambiguous,short,,final,6,5,baby,3.1050875186920166
critical,2,ambiguous,short,,final,6,6,cried.,19.89323568344116
critical,2,unambiguous,long,comma,final,8,0,While,66.4471206665039
critical,2,unambiguous,long,comma,final,8,1,the,5.976608753204346
critical,2,unambiguous,long,comma,final,8,2,mom,16.735139846801758
critical,2,unambiguous,long,comma,final,8,3,"dressed,",24.999728202819824
critical,2,unambiguous,long,comma,final,8,4,the,2.9624383449554443
critical,2,unambiguous,long,comma,final,8,5,baby,5.659830570220947
critical,2,unambiguous,long,comma,final,8,6,fidgeting,23.68480110168457
critical,2,unambiguous,long,comma,final,8,7,restlessly,15.039638191461565
critical,2,unambiguous,long,comma,final,8,8,cried.,16.57206082344055
critical,2,unambiguous,short,comma,final,6,0,While,66.4471206665039
critical,2,unambiguous,short,comma,final,6,1,the,5.976608753204346
critical,2,unambiguous,short,comma,final,6,2,mom,16.735139846801758
critical,2,unambiguous,short,comma,final,6,3,"dressed,",24.999728202819824
critical,2,unambiguous,short,comma,final,6,4,the,2.9624383449554443
critical,2,unambiguous,short,comma,final,6,5,baby,5.659830570220947
critical,2,unambiguous,short,comma,final,6,6,cried.,10.980120182037354
critical,2,unambiguous,long,object,final,9,0,While,66.4471206665039
critical,2,unambiguous,long,object,final,9,1,the,5.976608753204346
critical,2,unambiguous,long,object,final,9,2,mom,16.735139846801758
critical,2,unambiguous,long,object,final,9,3,dressed,16.07331657409668
critical,2,unambiguous,long,object,final,9,4,herself,6.843555450439453
critical,2,unambiguous,long,object,final,9,5,the,7.713364124298096
critical,2,unambiguous,long,object,final,9,6,baby,7.895726203918457
critical,2,unambiguous,long,object,final,9,7,fidgeting,24.872488498687744
critical,2,unambiguous,long,object,final,9,8,restlessly,15.299135953187944
critical,2,unambiguous,long,object,final,9,9,cried.,19.320348978042603
critical,2,unambiguous,short,object,final,7,0,While,66.4471206665039
critical,2,unambiguous,short,object,final,7,1,the,5.976608753204346
critical,2,unambiguous,short,object,final,7,2,mom,16.735139846801758
critical,2,unambiguous,short,object,final,7,3,dressed,16.07331657409668
critical,2,unambiguous,short,object,final,7,4,herself,6.843555450439453
critical,2,unambiguous,short,object,final,7,5,the,7.713364124298096
critical,2,unambiguous,short,object,final,7,6,baby,7.895726203918457
critical,2,unambiguous,short,object,final,7,7,cried.,15.630487442016602
critical,2,ambiguous,long,,nonfinal,8,0,While,66.4471206665039
critical,2,ambiguous,long,,nonfinal,8,1,the,5.976608753204346
critical,2,ambiguous,long,,nonfinal,8,2,mom,16.735139846801758
critical,2,ambiguous,long,,nonfinal,8,3,dressed,16.07331657409668
critical,2,ambiguous,long,,nonfinal,8,4,the,5.022311687469482
critical,2,ambiguous,long,,nonfinal,8,5,baby,3.1050875186920166
critical,2,ambiguous,long,,nonfinal,8,6,fidgeting,25.82154583930969
critical,2,ambiguous,long,,nonfinal,8,7,restlessly,15.67609977722168
critical,2,ambiguous,long,,nonfinal,8,8,cried,17.00758171081543
critical,2,ambiguous,long,,nonfinal,8,9,loudly,6.415079593658447
critical,2,ambiguous,long,,nonfinal,8,10,in,4.622981548309326
critical,2,ambiguous,long,,nonfinal,8,11,her,3.133089065551758
critical,2,ambiguous,long,,nonfinal,8,12,crib.,10.396579563617706
critical,2,ambiguous,short,,nonfinal,6,0,While,66.4471206665039
critical,2,ambiguous,short,,nonfinal,6,1,the,5.976608753204346
critical,2,ambiguous,short,,nonfinal,6,2,mom,16.735139846801758
critical,2,ambiguous,short,,nonfinal,6,3,dressed,16.07331657409668
critical,2,ambiguous,short,,nonfinal,6,4,the,5.022311687469482
critical,2,ambiguous,short,,nonfinal,6,5,baby,3.1050875186920166
critical,2,ambiguous,short,,nonfinal,6,6,cried,15.786256790161133
critical,2,ambiguous,short,,nonfinal,6,7,loudly,8.55649185180664
critical,2,ambiguous,short,,nonfinal,6,8,in,5.090554237365723
critical,2,ambiguous,short,,nonfinal,6,9,her,3.50362491607666
critical,2,ambiguous,short,,nonfinal,6,10,crib.,10.495025508105757
critical,2,unambiguous,long,comma,nonfinal,8,0,While,66.4471206665039
critical,2,unambiguous,long,comma,nonfinal,8,1,the,5.976608753204346
critical,2,unambiguous,long,comma,nonfinal,8,2,mom,16.735139846801758
critical,2,unambiguous,long,comma,nonfinal,8,3,"dressed,",24.999728202819824
critical,2,unambiguous,long,comma,nonfinal,8,4,the,2.9624383449554443
critical,2,unambiguous,long,comma,nonfinal,8,5,baby,5.659830570220947
critical,2,unambiguous,long,comma,nonfinal,8,6,fidgeting,23.68480110168457
critical,2,unambiguous,long,comma,nonfinal,8,7,restlessly,15.039638191461565
critical,2,unambiguous,long,comma,nonfinal,8,8,cried,14.485858917236328
critical,2,unambiguous,long,comma,nonfinal,8,9,loudly,6.937158107757568
critical,2,unambiguous,long,comma,nonfinal,8,10,in,4.507981777191162
critical,2,unambiguous,long,comma,nonfinal,8,11,her,3.20458984375
critical,2,unambiguous,long,comma,nonfinal,8,12,crib.,8.145450472831726
critical,2,unambiguous,short,comma,nonfinal,6,0,While,66.4471206665039
critical,2,unambiguous,short,comma,nonfinal,6,1,the,5.976608753204346
critical,2,unambiguous,short,comma,nonfinal,6,2,mom,16.735139846801758
critical,2,unambiguous,short,comma,nonfinal,6,3,"dressed,",24.999728202819824
critical,2,unambiguous,short,comma,nonfinal,6,4,the,2.9624383449554443
critical,2,unambiguous,short,comma,nonfinal,6,5,baby,5.659830570220947
critical,2,unambiguous,short,comma,nonfinal,6,6,cried,8.6994047164917
critical,2,unambiguous,short,comma,nonfinal,6,7,loudly,10.121582984924316
critical,2,unambiguous,short,comma,nonfinal,6,8,in,5.609022617340088
critical,2,unambiguous,short,comma,nonfinal,6,9,her,3.428778171539306
critical,2,unambiguous,short,comma,nonfinal,6,10,crib.,8.550592225044966
critical,2,unambiguous,long,object,nonfinal,9,0,While,66.4471206665039
critical,2,unambiguous,long,object,nonfinal,9,1,the,5.976608753204346
critical,2,unambiguous,long,object,nonfinal,9,2,mom,16.735139846801758
critical,2,unambiguous,long,object,nonfinal,9,3,dressed,16.07331657409668
critical,2,unambiguous,long,object,nonfinal,9,4,herself,6.843555450439453
critical,2,unambiguous,long,object,nonfinal,9,5,the,7.713364124298096
critical,2,unambiguous,long,object,nonfinal,9,6,baby,7.895726203918457
critical,2,unambiguous,long,object,nonfinal,9,7,fidgeting,24.872488498687744
critical,2,unambiguous,long,object,nonfinal,9,8,restlessly,15.299135953187944
critical,2,unambiguous,long,object,nonfinal,9,9,cried,15.545778274536133
critical,2,unambiguous,long,object,nonfinal,9,10,loudly,5.777031898498535
critical,2,unambiguous,long,object,nonfinal,9,11,in,4.142992973327637
critical,2,unambiguous,long,object,nonfinal,9,12,her,2.854130506515503
critical,2,unambiguous,long,object,nonfinal,9,13,crib.,9.591051250696182
critical,2,unambiguous,short,object,nonfinal,7,0,While,66.4471206665039
critical,2,unambiguous,short,object,nonfinal,7,1,the,5.976608753204346
critical,2,unambiguous,short,object,nonfinal,7,2,mom,16.735139846801758
critical,2,unambiguous,short,object,nonfinal,7,3,dressed,16.07331657409668
critical,2,unambiguous,short,object,nonfinal,7,4,herself,6.843555450439453
critical,2,unambiguous,short,object,nonfinal,7,5,the,7.713364124298096
critical,2,unambiguous,short,object,nonfinal,7,6,baby,7.895726203918457
critical,2,unambiguous,short,object,nonfinal,7,7,cried,12.484454154968262
critical,2,unambiguous,short,object,nonfinal,7,8,loudly,7.4761433601379395
critical,2,unambiguous,short,object,nonfinal,7,9,in,4.713150024414063
critical,2,unambiguous,short,object,nonfinal,7,10,her,2.987181663513184
critical,2,unambiguous,short,object,nonfinal,7,11,crib.,9.668363846838474
critical,3,ambiguous,long,,final,10,0,When,66.00741577148438
critical,3,ambiguous,long,,final,10,1,the,3.466641902923584
critical,3,ambiguous,long,,final,10,2,stern,18.62788391113281
critical,3,ambiguous,long,,final,10,3,boss,14.811487197875977
critical,3,ambiguous,long,,final,10,4,entered,9.089049339294434
critical,3,ambiguous,long,,final,10,5,the,1.0195021629333496
critical,3,ambiguous,long,,final,10,6,office,7.932445049285889
critical,3,ambiguous,long,,final,10,7,bustling,21.192930221557617
critical,3,ambiguous,long,,final,10,8,with,1.5142837762832642
critical,3,ambiguous,long,,final,10,9,activity,5.294402122497559
critical,3,ambiguous,long,,final,10,10,quieted.,24.62707757949829
critical,3,ambiguous,short,,final,7,0,When,66.00741577148438
critical,3,ambiguous,short,,final,7,1,the,3.466641902923584
critical,3,ambiguous,short,,final,7,2,stern,18.62788391113281
critical,3,ambiguous,short,,final,7,3,boss,14.811487197875977
critical,3,ambiguous,short,,final,7,4,entered,9.089049339294434
critical,3,ambiguous,short,,final,7,5,the,1.0195021629333496
critical,3,ambiguous,short,,final,7,6,office,7.932445049285889
critical,3,ambiguous,short,,final,7,7,quieted.,28.32512998580933
critical,3,unambiguous,long,comma,final,10,0,When,66.00741577148438
critical,3,unambiguous,long,comma,final,10,1,the,3.466641902923584
critical,3,unambiguous,long,comma,final,10,2,stern,18.62788391113281
critical,3,unambiguous,long,comma,final,10,3,boss,14.811487197875977
critical,3,unambiguous,long,comma,final,10,4,"entered,",11.167766571044922
critical,3,unambiguous,long,comma,final,10,5,the,1.5062707662582395
critical,3,unambiguous,long,comma,final,10,6,office,12.784281730651855
critical,3,unambiguous,long,comma,final,10,7,bustling,20.94619846343994
critical,3,unambiguous,long,comma,final,10,8,with,1.3829056024551392
critical,3,unambiguous,long,comma,final,10,9,activity,3.1430392265319824
critical,3,unambiguous,long,comma,final,10,10,quieted.,20.666800141334534
critical,3,unambiguous,short,comma,final,7,0,When,66.00741577148438
critical,3,unambiguous,short,comma,final,7,1,the,3.466641902923584
critical,3,unambiguous,short,comma,final,7,2,stern,18.62788391113281
critical,3,unambiguous,short,comma,final,7,3,boss,14.811487197875977
critical,3,unambiguous,short,comma,final,7,4,"entered,",11.167766571044922
critical,3,unambiguous,short,comma,final,7,5,the,1.5062707662582395
critical,3,unambiguous,short,comma,final,7,6,office,12.784281730651855
critical,3,unambiguous,short,comma,final,7,7,quieted.,19.37177336215973
critical,3,unambiguous,long,object,final,12,0,When,66.00741577148438
critical,3,unambiguous,long,object,final,12,1,the,3.466641902923584
critical,3,unambiguous,long,object,final,12,2,stern,18.62788391113281
critical,3,unambiguous,long,object,final,12,3,boss,14.811487197875977
critical,3,unambiguous,long,object,final,12,4,entered,9.089049339294434
critical,3,unambiguous,long,object,final,12,5,the,1.0195021629333496
critical,3,unambiguous,long,object,final,12,6,room,3.5461556911468506
critical,3,unambiguous,long,object,final,12,7,the,5.61906099319458
critical,3,unambiguous,long,object,final,12,8,office,11.662723541259766
critical,3,unambiguous,long,object,final,12,9,bustling,20.25144386291504
critical,3,unambiguous,long,object,final,12,10,with,2.505079984664917
critical,3,unambiguous,long,object,final,12,11,activity,3.838234424591065
critical,3,unambiguous,long,object,final,12,12,quieted.,20.442787647247314
critical,3,unambiguous,short,object,final,9,0,When,66.00741577148438
critical,3,unambiguous,short,object,final,9,1,the,3.466641902923584
critical,3,unambiguous,short,object,final,9,2,stern,18.62788391113281
critical,3,unambiguous,short,object,final,9,3,boss,14.811487197875977
critical,3,unambiguous,short,object,final,9,4,entered,9.089049339294434
critical,3,unambiguous,short,object,final,9,5,the,1.0195021629333496
critical,3,unambiguous,short,object,final,9,6,room,3.5461556911468506
critical,3,unambiguous,short,object,final,9,7,the,5.61906099319458
critical,3,unambiguous,short,object,final,9,8,office,11.662723541259766
critical,3,unambiguous,short,object,final,9,9,quieted.,21.347289562225345
critical,3,ambiguous,long,,nonfinal,10,0,When,66.00741577148438
critical,3,ambiguous,long,,nonfinal,10,1,the,3.466641902923584
critical,3,ambiguous,long,,nonfinal,10,2,stern,18.62788391113281
critical,3,ambiguous,long,,nonfinal,10,3,boss,14.811487197875977
critical,3,ambiguous,long,,nonfinal,10,4,entered,9.089049339294434
critical,3,ambiguous,long,,nonfinal,10,5,the,1.0195021629333496
critical,3,ambiguous,long,,nonfinal,10,6,office,7.932445049285889
critical,3,ambiguous,long,,nonfinal,10,7,bustling,21.192930221557617
critical,3,ambiguous,long,,nonfinal,10,8,with,1.5142837762832642
critical,3,ambiguous,long,,nonfinal,10,9,activity,5.294402122497559
critical,3,ambiguous,long,,nonfinal,10,10,quieted,20.544490337371823
critical,3,ambiguous,long,,nonfinal,10,11,down,0.819705069065094
critical,3,ambiguous,long,,nonfinal,10,12,quickly.,10.767996430397034
critical,3,ambiguous,short,,nonfinal,7,0,When,66.00741577148438
critical,3,ambiguous,short,,nonfinal,7,1,the,3.466641902923584
critical,3,ambiguous,short,,nonfinal,7,2,stern,18.62788391113281
critical,3,ambiguous,short,,nonfinal,7,3,boss,14.811487197875977
critical,3,ambiguous,short,,nonfinal,7,4,entered,9.089049339294434
critical,3,ambiguous,short,,nonfinal,7,5,the,1.0195021629333496
critical,3,ambiguous,short,,nonfinal,7,6,office,7.932445049285889
critical,3,ambiguous,short,,nonfinal,7,7,quieted,22.88878345489502
critical,3,ambiguous,short,,nonfinal,7,8,down,0.5935795307159424
critical,3,ambiguous,short,,nonfinal,7,9,quickly.,11.508187174797058
critical,3,unambiguous,long,comma,nonfinal,10,0,When,66.00741577148438
critical,3,unambiguous,long,comma,nonfinal,10,1,the,3.466641902923584
critical,3,unambiguous,long,comma,nonfinal,10,2,stern,18.62788391113281
critical,3,unambiguous,long,comma,nonfinal,10,3,boss,14.811487197875977
critical,3,unambiguous,long,comma,nonfinal,10,4,"entered,",11.167766571044922
critical,3,unambiguous,long,comma,nonfinal,10,5,the,1.5062707662582395
critical,3,unambiguous,long,comma,nonfinal,10,6,office,12.784281730651855
critical,3,unambiguous,long,comma,nonfinal,10,7,bustling,20.94619846343994
critical,3,unambiguous,long,comma,nonfinal,10,8,with,1.3829056024551392
critical,3,unambiguous,long,comma,nonfinal,10,9,activity,3.1430392265319824
critical,3,unambiguous,long,comma,nonfinal,10,10,quieted,16.84987509250641
critical,3,unambiguous,long,comma,nonfinal,10,11,down,0.389115571975708
critical,3,unambiguous,long,comma,nonfinal,10,12,quickly.,10.554374635219574
critical,3,unambiguous,short,comma,nonfinal,7,0,When,66.00741577148438
critical,3,unambiguous,short,comma,nonfinal,7,1,the,3.466641902923584
critical,3,unambiguous,short,comma,nonfinal,7,2,stern,18.62788391113281
critical,3,unambiguous,short,comma,nonfinal,7,3,boss,14.811487197875977
critical,3,unambiguous,short,comma,nonfinal,7,4,"entered,",11.167766571044922
critical,3,unambiguous,short,comma,nonfinal,7,5,the,1.5062707662582395
critical,3,unambiguous,short,comma,nonfinal,7,6,office,12.784281730651855
critical,3,unambiguous,short,comma,nonfinal,7,7,quieted,14.842570424079897
critical,3,unambiguous,short,comma,nonfinal,7,8,down,0.2746438980102539
critical,3,unambiguous,short,comma,nonfinal,7,9,quickly.,11.214083194732666
critical,3,unambiguous,long,object,nonfinal,12,0,When,66.00741577148438
critical,3,unambiguous,long,object,nonfinal,12,1,the,3.466641902923584
critical,3,unambiguous,long,object,nonfinal,12,2,stern,18.62788391113281
critical,3,unambiguous,long,object,nonfinal,12,3,boss,14.811487197875977
critical,3,unambiguous,long,object,nonfinal,12,4,entered,9.089049339294434
critical,3,unambiguous,long,object,nonfinal,12,5,the,1.0195021629333496
critical,3,unambiguous,long,object,nonfinal,12,6,room,3.5461556911468506
critical,3,unambiguous,long,object,nonfinal,12,7,the,5.61906099319458
critical,3,unambiguous,long,object,nonfinal,12,8,office,11.662723541259766
critical,3,unambiguous,long,object,nonfinal,12,9,bustling,20.25144386291504
critical,3,unambiguous,long,object,nonfinal,12,10,with,2.505079984664917
critical,3,unambiguous,long,object,nonfinal,12,11,activity,3.838234424591065
critical,3,unambiguous,long,object,nonfinal,12,12,quieted,16.48559069633484
critical,3,unambiguous,long,object,nonfinal,12,13,down,0.4400994777679443
critical,3,unambiguous,long,object,nonfinal,12,14,quickly.,10.189473986625671
critical,3,unambiguous,short,object,nonfinal,9,0,When,66.00741577148438
critical,3,unambiguous,short,object,nonfinal,9,1,the,3.466641902923584
critical,3,unambiguous,short,object,nonfinal,9,2,stern,18.62788391113281
critical,3,unambiguous,short,object,nonfinal,9,3,boss,14.811487197875977
critical,3,unambiguous,short,object,nonfinal,9,4,entered,9.089049339294434
critical,3,unambiguous,short,object,nonfinal,9,5,the,1.0195021629333496
critical,3,unambiguous,short,object,nonfinal,9,6,room,3.5461556911468506
critical,3,unambiguous,short,object,nonfinal,9,7,the,5.61906099319458
critical,3,unambiguous,short,object,nonfinal,9,8,office,11.662723541259766
critical,3,unambiguous,short,object,nonfinal,9,9,quieted,16.222129821777344
critical,3,unambiguous,short,object,nonfinal,9,10,down,0.2308805137872696
critical,3,unambiguous,short,object,nonfinal,9,11,quickly.,11.203956842422484
critical,4,ambiguous,long,,final,8,0,After,73.70172119140625
critical,4,ambiguous,long,,final,8,1,the,7.122029781341553
critical,4,ambiguous,long,,final,8,2,politician,21.473119735717773
critical,4,ambiguous,long,,final,8,3,signed,13.882681846618652
critical,4,ambiguous,long,,final,8,4,the,1.4491230249404907
critical,4,ambiguous,long,,final,8,5,bill,4.140880107879639
critical,4,ambiguous,long,,final,8,6,increasing,16.659412384033203
critical,4,ambiguous,long,,final,8,7,taxes,6.444137573242188
critical,4,ambiguous,long,,final,8,8,passed.,16.77000856399536
critical,4,ambiguous,short,,final,6,0,After,73.70172119140625
critical,4,ambiguous,short,,final,6,1,the,7.122029781341553
critical,4,ambiguous,short,,final,6,2,politician,21.473119735717773
critical,4,ambiguous,short,,final,6,3,signed,13.882681846618652
critical,4,ambiguous,short,,final,6,4,the,1.4491230249404907
critical,4,ambiguous,short,,final,6,5,bill,4.140880107879639
critical,4,ambiguous,short,,final,6,6,passed.,14.984427452087402
critical,4,unambiguous,long,comma,final,8,0,After,73.70172119140625
critical,4,unambiguous,long,comma,final,8,1,the,7.122029781341553
critical,4,unambiguous,long,comma,final,8,2,politician,21.473119735717773
critical,4,unambiguous,long,comma,final,8,3,"signed,",20.45071315765381
critical,4,unambiguous,long,comma,final,8,4,the,2.1289966106414795
critical,4,unambiguous,long,comma,final,8,5,bill,6.4473958015441895
critical,4,unambiguous,long,comma,final,8,6,increasing,18.71409034729004
critical,4,unambiguous,long,comma,final,8,7,taxes,7.753252983093262
critical,4,unambiguous,long,comma,final,8,8,passed.,15.167494058609009
critical,4,unambiguous,short,comma,final,6,0,After,73.70172119140625
critical,4,unambiguous,short,comma,final,6,1,the,7.122029781341553
critical,4,unambiguous,short,comma,final,6,2,politician,21.473119735717773
critical,4,unambiguous,short,comma,final,6,3,"signed,",20.45071315765381
critical,4,unambiguous,short,comma,final,6,4,the,2.1289966106414795
critical,4,unambiguous,short,comma,final,6,5,bill,6.4473958015441895
critical,4,unambiguous,short,comma,final,6,6,passed.,8.747923612594604
critical,4,unambiguous,long,object,final,10,0,After,73.70172119140625
critical,4,unambiguous,long,object,final,10,1,the,7.122029781341553
critical,4,unambiguous,long,object,final,10,2,politician,21.473119735717773
critical,4,unambiguous,long,object,final,10,3,signed,13.882681846618652
critical,4,unambiguous,long,object,final,10,4,the,1.4491230249404907
critical,4,unambiguous,long,object,final,10,5,legislation,6.256932258605957
critical,4,unambiguous,long,object,final,10,6,the,6.617166042327881
critical,4,unambiguous,long,object,final,10,7,bill,4.603257179260254
critical,4,unambiguous,long,object,final,10,8,increasing,18.30736351013184
critical,4,unambiguous,long,object,final,10,9,taxes,6.311262607574463
critical,4,unambiguous,long,object,final,10,10,passed.,15.934190034866331
critical,4,unambiguous,short,object,final,8,0,After,73.70172119140625
critical,4,unambiguous,short,object,final,8,1,the,7.122029781341553
critical,4,unambiguous,short,object,final,8,2,politician,21.473119735717773
critical,4,unambiguous,short,object,final,8,3,signed,13.882681846618652
critical,4,unambiguous,short,object,final,8,4,the,1.4491230249404907
critical,4,unambiguous,short,object,final,8,5,legislation,6.256932258605957
critical,4,unambiguous,short,object,final,8,6,the,6.617166042327881
critical,4,unambiguous,short,object,final,8,7,bill,4.603257179260254
critical,4,unambiguous,short,object,final,8,8,passed.,9.003635883331299
critical,4,ambiguous,long,,nonfinal,8,0,After,73.70172119140625
critical,4,ambiguous,long,,nonfinal,8,1,the,7.122029781341553
critical,4,ambiguous,long,,nonfinal,8,2,politician,21.473119735717773
critical,4,ambiguous,long,,nonfinal,8,3,signed,13.882681846618652
critical,4,ambiguous,long,,nonfinal,8,4,the,1.4491230249404907
critical,4,ambiguous,long,,nonfinal,8,5,bill,4.140880107879639
critical,4,ambiguous,long,,nonfinal,8,6,increasing,16.659412384033203
critical,4,ambiguous,long,,nonfinal,8,7,taxes,6.444137573242188
critical,4,ambiguous,long,,nonfinal,8,8,passed,12.629569053649902
critical,4,ambiguous,long,,nonfinal,8,9,unanimously,13.169963836669922
critical,4,ambiguous,long,,nonfinal,8,10,without,9.771652221679688
critical,4,ambiguous,long,,nonfinal,8,11,amendments.,9.373467206954956
critical,4,ambiguous,short,,nonfinal,6,0,After,73.70172119140625
critical,4,ambiguous,short,,nonfinal,6,1,the,7.122029781341553
critical,4,ambiguous,short,,nonfinal,6,2,politician,21.473119735717773
critical,4,ambiguous,short,,nonfinal,6,3,signed,13.882681846618652
critical,4,ambiguous,short,,nonfinal,6,4,the,1.4491230249404907
critical,4,ambiguous,short,,nonfinal,6,5,bill,4.140880107879639
critical,4,ambiguous,short,,nonfinal,6,6,passed,10.560274124145508
critical,4,ambiguous,short,,nonfinal,6,7,unanimously,10.107230186462402
critical,4,ambiguous,short,,nonfinal,6,8,without,9.594221115112305
critical,4,ambiguous,short,,nonfinal,6,9,amendments.,10.531303644180298
critical,4,unambiguous,long,comma,nonfinal,8,0,After,73.70172119140625
critical,4,unambiguous,long,comma,nonfinal,8,1,the,7.122029781341553
critical,4,unambiguous,long,comma,nonfinal,8,2,politician,21.473119735717773
critical,4,unambiguous,long,comma,nonfinal,8,3,"signed,",20.45071315765381
critical,4,unambiguous,long,comma,nonfinal,8,4,the,2.1289966106414795
critical,4,unambiguous,long,comma,nonfinal,8,5,bill,6.4473958015441895
critical,4,unambiguous,long,comma,nonfinal,8,6,increasing,18.71409034729004
critical,4,unambiguous,long,comma,nonfinal,8,7,taxes,7.753252983093262
critical,4,unambiguous,long,comma,nonfinal,8,8,passed,12.389795303344728
critical,4,unambiguous,long,comma,nonfinal,8,9,unanimously,10.65792751312256
critical,4,unambiguous,long,comma,nonfinal,8,10,without,9.431055068969728
critical,4,unambiguous,long,comma,nonfinal,8,11,amendments.,9.107981085777284
critical,4,unambiguous,short,comma,nonfinal,6,0,After,73.70172119140625
critical,4,unambiguous,short,comma,nonfinal,6,1,the,7.122029781341553
critical,4,unambiguous,short,comma,nonfinal,6,2,politician,21.473119735717773
critical,4,unambiguous,short,comma,nonfinal,6,3,"signed,",20.45071315765381
critical,4,unambiguous,short,comma,nonfinal,6,4,the,2.1289966106414795
critical,4,unambiguous,short,comma,nonfinal,6,5,bill,6.4473958015441895
critical,4,unambiguous,short,comma,nonfinal,6,6,passed,6.0422539710998535
critical,4,unambiguous,short,comma,nonfinal,6,7,unanimously,8.338555335998535
critical,4,unambiguous,short,comma,nonfinal,6,8,without,8.865213394165039
critical,4,unambiguous,short,comma,nonfinal,6,9,amendments.,8.80859375
critical,4,unambiguous,long,object,nonfinal,10,0,After,73.70172119140625
critical,4,unambiguous,long,object,nonfinal,10,1,the,7.122029781341553
critical,4,unambiguous,long,object,nonfinal,10,2,politician,21.473119735717773
critical,4,unambiguous,long,object,nonfinal,10,3,signed,13.882681846618652
critical,4,unambiguous,long,object,nonfinal,10,4,the,1.4491230249404907
critical,4,unambiguous,long,object,nonfinal,10,5,legislation,6.256932258605957
critical,4,unambiguous,long,object,nonfinal,10,6,the,6.617166042327881
critical,4,unambiguous,long,object,nonfinal,10,7,bill,4.603257179260254
critical,4,unambiguous,long,object,nonfinal,10,8,increasing,18.30736351013184
critical,4,unambiguous,long,object,nonfinal,10,9,taxes,6.311262607574463
critical,4,unambiguous,long,object,nonfinal,10,10,passed,12.364347457885742
critical,4,unambiguous,long,object,nonfinal,10,11,unanimously,12.10757827758789
critical,4,unambiguous,long,object,nonfinal,10,12,without,9.240240097045898
critical,4,unambiguous,long,object,nonfinal,10,13,amendments.,9.159317016601562
critical,4,unambiguous,short,object,nonfinal,8,0,After,73.70172119140625
critical,4,unambiguous,short,object,nonfinal,8,1,the,7.122029781341553
critical,4,unambiguous,short,object,nonfinal,8,2,politician,21.473119735717773
critical,4,unambiguous,short,object,nonfinal,8,3,signed,13.882681846618652
critical,4,unambiguous,short,object,nonfinal,8,4,the,1.4491230249404907
critical,4,unambiguous,short,object,nonfinal,8,5,legislation,6.256932258605957
critical,4,unambiguous,short,object,nonfinal,8,6,the,6.617166042327881
critical,4,unambiguous,short,object,nonfinal,8,7,bill,4.603257179260254
critical,4,unambiguous,short,object,nonfinal,8,8,passed,5.876534461975098
critical,4,unambiguous,short,object,nonfinal,8,9,unanimously,9.684213638305664
critical,4,unambiguous,short,object,nonfinal,8,10,without,8.322793006896973
critical,4,unambiguous,short,object,nonfinal,8,11,amendments.,8.936537623405457
critical,5,ambiguous,long,,final,9,0,While,66.4471206665039
critical,5,ambiguous,long,,final,9,1,the,5.976608753204346
critical,5,ambiguous,long,,final,9,2,martial,20.634748458862305
critical,5,ambiguous,long,,final,9,3,artists,5.256934642791748
critical,5,ambiguous,long,,final,9,4,fought,12.341188430786133
critical,5,ambiguous,long,,final,9,5,the,3.793414354324341
critical,5,ambiguous,long,,final,9,6,spectator,21.482542514801025
critical,5,ambiguous,long,,final,9,7,watching,11.860143661499023
critical,5,ambiguous,long,,final,9,8,attentively,15.18572163581848
critical,5,ambiguous,long,,final,9,9,cheered.,25.5131778717041
critical,5,ambiguous,short,,final,7,0,While,66.4471206665039
critical,5,ambiguous,short,,final,7,1,the,5.976608753204346
critical,5,ambiguous,short,,final,7,2,martial,20.634748458862305
critical,5,ambiguous,short,,final,7,3,artists,5.256934642791748
critical,5,ambiguous,short,,final,7,4,fought,12.341188430786133
critical,5,ambiguous,short,,final,7,5,the,3.793414354324341
critical,5,ambiguous,short,,final,7,6,spectator,21.482542514801025
critical,5,ambiguous,short,,final,7,7,cheered.,36.66958475112915
critical,5,unambiguous,long,comma,final,9,0,While,66.4471206665039
critical,5,unambiguous,long,comma,final,9,1,the,5.976608753204346
critical,5,unambiguous,long,comma,final,9,2,martial,20.634748458862305
critical,5,unambiguous,long,comma,final,9,3,artists,5.256934642791748
critical,5,unambiguous,long,comma,final,9,4,"fought,",18.28138637542725
critical,5,unambiguous,long,comma,final,9,5,the,2.3516879081726074
critical,5,unambiguous,long,comma,final,9,6,spectator,15.80175495147705
critical,5,unambiguous,long,comma,final,9,7,watching,11.113348007202148
critical,5,unambiguous,long,comma,final,9,8,attentively,14.460146754980087
critical,5,unambiguous,long,comma,final,9,9,cheered.,18.593366384506226
critical,5,unambiguous,short,comma,final,7,0,While,66.4471206665039
critical,5,unambiguous,short,comma,final,7,1,the,5.976608753204346
critical,5,unambiguous,short,comma,final,7,2,martial,20.634748458862305
critical,5,unambiguous,short,comma,final,7,3,artists,5.256934642791748
critical,5,unambiguous,short,comma,final,7,4,"fought,",18.28138637542725
critical,5,unambiguous,short,comma,final,7,5,the,2.3516879081726074
critical,5,unambiguous,short,comma,final,7,6,spectator,15.80175495147705
critical,5,unambiguous,short,comma,final,7,7,cheered.,18.349453806877136
critical,5,unambiguous,long,object,final,11,0,While,66.4471206665039
critical,5,unambiguous,long,object,final,11,1,the,5.976608753204346
critical,5,unambiguous,long,object,final,11,2,martial,20.634748458862305
critical,5,unambiguous,long,object,final,11,3,artists,5.256934642791748
critical,5,unambiguous,long,object,final,11,4,fought,12.341188430786133
critical,5,unambiguous,long,object,final,11,5,each,9.000377655029297
critical,5,unambiguous,long,object,final,11,6,other,0.24065463244915
critical,5,unambiguous,long,object,final,11,7,the,8.591978073120117
critical,5,unambiguous,long,object,final,11,8,spectator,19.39678120613098
critical,5,unambiguous,long,object,final,11,9,watching,12.35193157196045
critical,5,unambiguous,long,object,final,11,10,attentively,15.21539568901062
critical,5,unambiguous,long,object,final,11,11,cheered.,21.064456939697266
critical,5,unambiguous,short,object,final,9,0,While,66.4471206665039
critical,5,unambiguous,short,object,final,9,1,the,5.976608753204346
critical,5,unambiguous,short,object,final,9,2,martial,20.634748458862305
critical,5,unambiguous,short,object,final,9,3,artists,5.256934642791748
critical,5,unambiguous,short,object,final,9,4,fought,12.341188430786133
critical,5,unambiguous,short,object,final,9,5,each,9.000377655029297
critical,5,unambiguous,short,object,final,9,6,other,0.24065463244915
critical,5,unambiguous,short,object,final,9,7,the,8.591978073120117
critical,5,unambiguous,short,object,final,9,8,spectator,19.39678120613098
critical,5,unambiguous,short,object,final,9,9,cheered.,25.65846872329712
critical,5,ambiguous,long,,nonfinal,9,0,While,66.4471206665039
critical,5,ambiguous,long,,nonfinal,9,1,the,5.976608753204346
critical,5,ambiguous,long,,nonfinal,9,2,martial,20.634748458862305
critical,5,ambiguous,long,,nonfinal,9,3,artists,5.256934642791748
critical,5,ambiguous,long,,nonfinal,9,4,fought,12.341188430786133
critical,5,ambiguous,long,,nonfinal,9,5,the,3.793414354324341
critical,5,ambiguous,long,,nonfinal,9,6,spectator,21.482542514801025
critical,5,ambiguous,long,,nonfinal,9,7,watching,11.860143661499023
critical,5,ambiguous,long,,nonfinal,9,8,attentively,15.18572163581848
critical,5,ambiguous,long,,nonfinal,9,9,cheered,20.84343910217285
critical,5,ambiguous,long,,nonfinal,9,10,for,6.268027305603027
critical,5,ambiguous,long,,nonfinal,9,11,the,1.369697332382202
critical,5,ambiguous,long,,nonfinal,9,12,underdog.,15.371517181396484
critical,5,ambiguous,short,,nonfinal,7,0,While,66.4471206665039
critical,5,ambiguous,short,,nonfinal,7,1,the,5.976608753204346
critical,5,ambiguous,short,,nonfinal,7,2,martial,20.634748458862305
critical,5,ambiguous,short,,nonfinal,7,3,artists,5.256934642791748
critical,5,ambiguous,short,,nonfinal,7,4,fought,12.341188430786133
critical,5,ambiguous,short,,nonfinal,7,5,the,3.793414354324341
critical,5,ambiguous,short,,nonfinal,7,6,spectator,21.482542514801025
critical,5,ambiguous,short,,nonfinal,7,7,cheered,31.46684837341309
critical,5,ambiguous,short,,nonfinal,7,8,for,4.886354446411133
critical,5,ambiguous,short,,nonfinal,7,9,the,1.792538046836853
critical,5,ambiguous,short,,nonfinal,7,10,underdog.,14.881226778030396
critical,5,unambiguous,long,comma,nonfinal,9,0,While,66.4471206665039
critical,5,unambiguous,long,comma,nonfinal,9,1,the,5.976608753204346
critical,5,unambiguous,long,comma,nonfinal,9,2,martial,20.634748458862305
critical,5,unambiguous,long,comma,nonfinal,9,3,artists,5.256934642791748
critical,5,unambiguous,long,comma,nonfinal,9,4,"fought,",18.28138637542725
critical,5,unambiguous,long,comma,nonfinal,9,5,the,2.3516879081726074
critical,5,unambiguous,long,comma,nonfinal,9,6,spectator,15.80175495147705
critical,5,unambiguous,long,comma,nonfinal,9,7,watching,11.113348007202148
critical,5,unambiguous,long,comma,nonfinal,9,8,attentively,14.460146754980087
critical,5,unambiguous,long,comma,nonfinal,9,9,cheered,16.847057342529297
critical,5,unambiguous,long,comma,nonfinal,9,10,for,6.40627384185791
critical,5,unambiguous,long,comma,nonfinal,9,11,the,1.2766231298446655
critical,5,unambiguous,long,comma,nonfinal,9,12,underdog.,15.3476539850235
critical,5,unambiguous,short,comma,nonfinal,7,0,While,66.4471206665039
critical,5,unambiguous,short,comma,nonfinal,7,1,the,5.976608753204346
critical,5,unambiguous,short,comma,nonfinal,7,2,martial,20.634748458862305
critical,5,unambiguous,short,comma,nonfinal,7,3,artists,5.256934642791748
critical,5,unambiguous,short,comma,nonfinal,7,4,"fought,",18.28138637542725
critical,5,unambiguous,short,comma,nonfinal,7,5,the,2.3516879081726074
critical,5,unambiguous,short,comma,nonfinal,7,6,spectator,15.80175495147705
critical,5,unambiguous,short,comma,nonfinal,7,7,cheered,16.416467905044556
critical,5,unambiguous,short,comma,nonfinal,7,8,for,4.677487850189209
critical,5,unambiguous,short,comma,nonfinal,7,9,the,1.4358267784118652
critical,5,unambiguous,short,comma,nonfinal,7,10,underdog.,14.250928163528442
critical,5,unambiguous,long,object,nonfinal,11,0,While,66.4471206665039
critical,5,unambiguous,long,object,nonfinal,11,1,the,5.976608753204346
critical,5,unambiguous,long,object,nonfinal,11,2,martial,20.634748458862305
critical,5,unambiguous,long,object,nonfinal,11,3,artists,5.256934642791748
critical,5,unambiguous,long,object,nonfinal,11,4,fought,12.341188430786133
critical,5,unambiguous,long,object,nonfinal,11,5,each,9.000377655029297
critical,5,unambiguous,long,object,nonfinal,11,6,other,0.24065463244915
critical,5,unambiguous,long,object,nonfinal,11,7,the,8.591978073120117
critical,5,unambiguous,long,object,nonfinal,11,8,spectator,19.39678120613098
critical,5,unambiguous,long,object,nonfinal,11,9,watching,12.35193157196045
critical,5,unambiguous,long,object,nonfinal,11,10,attentively,15.21539568901062
critical,5,unambiguous,long,object,nonfinal,11,11,cheered,17.484400033950806
critical,5,unambiguous,long,object,nonfinal,11,12,for,5.649087905883789
critical,5,unambiguous,long,object,nonfinal,11,13,the,1.3586024045944214
critical,5,unambiguous,long,object,nonfinal,11,14,underdog.,14.793875694274902
critical,5,unambiguous,short,object,nonfinal,9,0,While,66.4471206665039
critical,5,unambiguous,short,object,nonfinal,9,1,the,5.976608753204346
critical,5,unambiguous,short,object,nonfinal,9,2,martial,20.634748458862305
critical,5,unambiguous,short,object,nonfinal,9,3,artists,5.256934642791748
critical,5,unambiguous,short,object,nonfinal,9,4,fought,12.341188430786133
critical,5,unambiguous,short,object,nonfinal,9,5,each,9.000377655029297
critical,5,unambiguous,short,object,nonfinal,9,6,other,0.24065463244915
critical,5,unambiguous,short,object,nonfinal,9,7,the,8.591978073120117
critical,5,unambiguous,short,object,nonfinal,9,8,spectator,19.39678120613098
critical,5,unambiguous,short,object,nonfinal,9,9,cheered,21.24840450286865
critical,5,unambiguous,short,object,nonfinal,9,10,for,4.141584396362305
critical,5,unambiguous,short,object,nonfinal,9,11,the,1.7507998943328855
critical,5,unambiguous,short,object,nonfinal,9,12,underdog.,14.486475050449371
critical,6,ambiguous,long,,final,9,0,After,73.70172119140625
critical,6,ambiguous,long,,final,9,1,the,7.122029781341553
critical,6,ambiguous,long,,final,9,2,customer,14.29750919342041
critical,6,ambiguous,long,,final,9,3,emailed,12.731624603271484
critical,6,ambiguous,long,,final,9,4,the,1.8257347345352173
critical,6,ambiguous,long,,final,9,5,company,6.134271621704102
critical,6,ambiguous,long,,final,9,6,providing,11.690109252929688
critical,6,ambiguous,long,,final,9,7,phone,11.192069053649902
critical,6,ambiguous,long,,final,9,8,service,4.806048393249512
critical,6,ambiguous,long,,final,9,9,replied.,22.112401485443115
critical,6,ambiguous,short,,final,6,0,After,73.70172119140625
critical,6,ambiguous,short,,final,6,1,the,7.122029781341553
critical,6,ambiguous,short,,final,6,2,customer,14.29750919342041
critical,6,ambiguous,short,,final,6,3,emailed,12.731624603271484
critical,6,ambiguous,short,,final,6,4,the,1.8257347345352173
critical,6,ambiguous,short,,final,6,5,company,6.134271621704102
critical,6,ambiguous,short,,final,6,6,replied.,18.677546977996823
critical,6,unambiguous,long,comma,final,9,0,After,73.70172119140625
critical,6,unambiguous,long,comma,final,9,1,the,7.122029781341553
critical,6,unambiguous,long,comma,final,9,2,customer,14.29750919342041
critical,6,unambiguous,long,comma,final,9,3,"emailed,",17.250789165496826
critical,6,unambiguous,long,comma,final,9,4,the,1.9297279119491575
critical,6,unambiguous,long,comma,final,9,5,company,6.908980369567871
critical,6,unambiguous,long,comma,final,9,6,providing,14.27179718017578
critical,6,unambiguous,long,comma,final,9,7,phone,11.267532348632812
critical,6,unambiguous,long,comma,final,9,8,service,3.497020959854126
critical,6,unambiguous,long,comma,final,9,9,replied.,12.843982934951782
critical,6,unambiguous,short,comma,final,6,0,After,73.70172119140625
critical,6,unambiguous,short,comma,final,6,1,the,7.122029781341553
critical,6,unambiguous,short,comma,final,6,2,customer,14.29750919342041
critical,6,unambiguous,short,comma,final,6,3,"emailed,",17.250789165496826
critical,6,unambiguous,short,comma,final,6,4,the,1.9297279119491575
critical,6,unambiguous,short,comma,final,6,5,company,6.908980369567871
critical,6,unambiguous,short,comma,final,6,6,replied.,10.82197380065918
critical,6,unambiguous,long,object,final,12,0,After,73.70172119140625
critical,6,unambiguous,long,object,final,12,1,the,7.122029781341553
critical,6,unambiguous,long,object,final,12,2,customer,14.29750919342041
critical,6,unambiguous,long,object,final,12,3,emailed,12.731624603271484
critical,6,unambiguous,long,object,final,12,4,the,1.8257347345352173
critical,6,unambiguous,long,object,final,12,5,help,10.814841270446776
critical,6,unambiguous,long,object,final,12,6,desk,6.864160537719727
critical,6,unambiguous,long,object,final,12,7,the,7.237866401672363
critical,6,unambiguous,long,object,final,12,8,company,6.963839054107666
critical,6,unambiguous,long,object,final,12,9,providing,11.209152221679688
critical,6,unambiguous,long,object,final,12,10,phone,10.392881393432615
critical,6,unambiguous,long,object,final,12,11,service,3.577767372131348
critical,6,unambiguous,long,object,final,12,12,replied.,14.784893989562988
critical,6,unambiguous,short,object,final,9,0,After,73.70172119140625
critical,6,unambiguous,short,object,final,9,1,the,7.122029781341553
critical,6,unambiguous,short,object,final,9,2,customer,14.29750919342041
critical,6,unambiguous,short,object,final,9,3,emailed,12.731624603271484
critical,6,unambiguous,short,object,final,9,4,the,1.8257347345352173
critical,6,unambiguous,short,object,final,9,5,help,10.814841270446776
critical,6,unambiguous,short,object,final,9,6,desk,6.864160537719727
critical,6,unambiguous,short,object,final,9,7,the,7.237866401672363
critical,6,unambiguous,short,object,final,9,8,company,6.963839054107666
critical,6,unambiguous,short,object,final,9,9,replied.,11.117046356201172
critical,6,ambiguous,long,,nonfinal,9,0,After,73.70172119140625
critical,6,ambiguous,long,,nonfinal,9,1,the,7.122029781341553
critical,6,ambiguous,long,,nonfinal,9,2,customer,14.29750919342041
critical,6,ambiguous,long,,nonfinal,9,3,emailed,12.731624603271484
critical,6,ambiguous,long,,nonfinal,9,4,the,1.8257347345352173
critical,6,ambiguous,long,,nonfinal,9,5,company,6.134271621704102
critical,6,ambiguous,long,,nonfinal,9,6,providing,11.690109252929688
critical,6,ambiguous,long,,nonfinal,9,7,phone,11.192069053649902
critical,6,ambiguous,long,,nonfinal,9,8,service,4.806048393249512
critical,6,ambiguous,long,,nonfinal,9,9,replied,17.20288848876953
critical,6,ambiguous,long,,nonfinal,9,10,within,8.37747573852539
critical,6,ambiguous,long,,nonfinal,9,11,a,4.031339168548584
critical,6,ambiguous,long,,nonfinal,9,12,few,1.0497931241989136
critical,6,ambiguous,long,,nonfinal,9,13,hours.,4.4467833042144775
critical,6,ambiguous,short,,nonfinal,6,0,After,73.70172119140625
critical,6,ambiguous,short,,nonfinal,6,1,the,7.122029781341553
critical,6,ambiguous,short,,nonfinal,6,2,customer,14.29750919342041
critical,6,ambiguous,short,,nonfinal,6,3,emailed,12.731624603271484
critical,6,ambiguous,short,,nonfinal,6,4,the,1.8257347345352173
critical,6,ambiguous,short,,nonfinal,6,5,company,6.134271621704102
critical,6,ambiguous,short,,nonfinal,6,6,replied,14.229619026184082
critical,6,ambiguous,short,,nonfinal,6,7,within,8.98760986328125
critical,6,ambiguous,short,,nonfinal,6,8,a,3.817277431488037
critical,6,ambiguous,short,,nonfinal,6,9,few,0.7926721572875977
critical,6,ambiguous,short,,nonfinal,6,10,hours.,4.564249038696289
critical,6,unambiguous,long,comma,nonfinal,9,0,After,73.70172119140625
critical,6,unambiguous,long,comma,nonfinal,9,1,the,7.122029781341553
critical,6,unambiguous,long,comma,nonfinal,9,2,customer,14.29750919342041
critical,6,unambiguous,long,comma,nonfinal,9,3,"emailed,",17.250789165496826
critical,6,unambiguous,long,comma,nonfinal,9,4,the,1.9297279119491575
critical,6,unambiguous,long,comma,nonfinal,9,5,company,6.908980369567871
critical,6,unambiguous,long,comma,nonfinal,9,6,providing,14.27179718017578
critical,6,unambiguous,long,comma,nonfinal,9,7,phone,11.267532348632812
critical,6,unambiguous,long,comma,nonfinal,9,8,service,3.497020959854126
critical,6,unambiguous,long,comma,nonfinal,9,9,replied,9.285499572753906
critical,6,unambiguous,long,comma,nonfinal,9,10,within,8.46755599975586
critical,6,unambiguous,long,comma,nonfinal,9,11,a,3.621706962585449
critical,6,unambiguous,long,comma,nonfinal,9,12,few,0.910225749015808
critical,6,unambiguous,long,comma,nonfinal,9,13,hours.,4.214846253395081
critical,6,unambiguous,short,comma,nonfinal,6,0,After,73.70172119140625
critical,6,unambiguous,short,comma,nonfinal,6,1,the,7.122029781341553
critical,6,unambiguous,short,comma,nonfinal,6,2,customer,14.29750919342041
critical,6,unambiguous,short,comma,nonfinal,6,3,"emailed,",17.250789165496826
critical,6,unambiguous,short,comma,nonfinal,6,4,the,1.9297279119491575
critical,6,unambiguous,short,comma,nonfinal,6,5,company,6.908980369567871
critical,6,unambiguous,short,comma,nonfinal,6,6,replied,6.651771545410156
critical,6,unambiguous,short,comma,nonfinal,6,7,within,9.082797050476074
critical,6,unambiguous,short,comma,nonfinal,6,8,a,3.602863073348999
critical,6,unambiguous,short,comma,nonfinal,6,9,few,0.7675764560699463
critical,6,unambiguous,short,comma,nonfinal,6,10,hours.,4.40020227432251
critical,6,unambiguous,long,object,nonfinal,12,0,After,73.70172119140625
critical,6,unambiguous,long,object,nonfinal,12,1,the,7.122029781341553
critical,6,unambiguous,long,object,nonfinal,12,2,customer,14.29750919342041
critical,6,unambiguous,long,object,nonfinal,12,3,emailed,12.731624603271484
critical,6,unambiguous,long,object,nonfinal,12,4,the,1.8257347345352173
critical,6,unambiguous,long,object,nonfinal,12,5,help,10.814841270446776
critical,6,unambiguous,long,object,nonfinal,12,6,desk,6.864160537719727
critical,6,unambiguous,long,object,nonfinal,12,7,the,7.237866401672363
critical,6,unambiguous,long,object,nonfinal,12,8,company,6.963839054107666
critical,6,unambiguous,long,object,nonfinal,12,9,providing,11.209152221679688
critical,6,unambiguous,long,object,nonfinal,12,10,phone,10.392881393432615
critical,6,unambiguous,long,object,nonfinal,12,11,service,3.577767372131348
critical,6,unambiguous,long,object,nonfinal,12,12,replied,10.75478744506836
critical,6,unambiguous,long,object,nonfinal,12,13,within,7.428329467773437
critical,6,unambiguous,long,object,nonfinal,12,14,a,3.5195629596710205
critical,6,unambiguous,long,object,nonfinal,12,15,few,1.022672176361084
critical,6,unambiguous,long,object,nonfinal,12,16,hours.,3.8649150133132935
critical,6,unambiguous,short,object,nonfinal,9,0,After,73.70172119140625
critical,6,unambiguous,short,object,nonfinal,9,1,the,7.122029781341553
critical,6,unambiguous,short,object,nonfinal,9,2,customer,14.29750919342041
critical,6,unambiguous,short,object,nonfinal,9,3,emailed,12.731624603271484
critical,6,unambiguous,short,object,nonfinal,9,4,the,1.8257347345352173
critical,6,unambiguous,short,object,nonfinal,9,5,help,10.814841270446776
critical,6,unambiguous,short,object,nonfinal,9,6,desk,6.864160537719727
critical,6,unambiguous,short,object,nonfinal,9,7,the,7.237866401672363
critical,6,unambiguous,short,object,nonfinal,9,8,company,6.963839054107666
critical,6,unambiguous,short,object,nonfinal,9,9,replied,7.104550838470459
critical,6,unambiguous,short,object,nonfinal,9,10,within,8.6649751663208
critical,6,unambiguous,short,object,nonfinal,9,11,a,3.5181541442871094
critical,6,unambiguous,short,object,nonfinal,9,12,few,0.9093452095985411
critical,6,unambiguous,short,object,nonfinal,9,13,hours.,4.112966418266296
critical,7,ambiguous,long,,final,8,0,As,74.56287384033203
critical,7,ambiguous,long,,final,8,1,the,8.519684791564941
critical,7,ambiguous,long,,final,8,2,child,13.223588943481444
critical,7,ambiguous,long,,final,8,3,showered,23.08065414428711
critical,7,ambiguous,long,,final,8,4,the,5.431151390075684
critical,7,ambiguous,long,,final,8,5,cat,13.036911964416504
critical,7,ambiguous,long,,final,8,6,complaining,19.38330841064453
critical,7,ambiguous,long,,final,8,7,loudly,8.4451904296875
critical,7,ambiguous,long,,final,8,8,ran.,23.55289459228516
critical,7,ambiguous,short,,final,6,0,As,74.56287384033203
critical,7,ambiguous,short,,final,6,1,the,8.519684791564941
critical,7,ambiguous,short,,final,6,2,child,13.223588943481444
critical,7,ambiguous,short,,final,6,3,showered,23.08065414428711
critical,7,ambiguous,short,,final,6,4,the,5.431151390075684
critical,7,ambiguous,short,,final,6,5,cat,13.036911964416504
critical,7,ambiguous,short,,final,6,6,ran.,19.065253734588623
critical,7,unambiguous,long,comma,final,8,0,As,74.56287384033203
critical,7,unambiguous,long,comma,final,8,1,the,8.519684791564941
critical,7,unambiguous,long,comma,final,8,2,child,13.223588943481444
critical,7,unambiguous,long,comma,final,8,3,"showered,",25.8823037147522
critical,7,unambiguous,long,comma,final,8,4,the,3.10878586769104
critical,7,unambiguous,long,comma,final,8,5,cat,12.483397483825684
critical,7,unambiguous,long,comma,final,8,6,complaining,19.245677947998047
critical,7,unambiguous,long,comma,final,8,7,loudly,8.35519790649414
critical,7,unambiguous,long,comma,final,8,8,ran.,19.49505090713501
critical,7,unambiguous,short,comma,final,6,0,As,74.56287384033203
critical,7,unambiguous,short,comma,final,6,1,the,8.519684791564941
critical,7,unambiguous,short,comma,final,6,2,child,13.223588943481444
critical,7,unambiguous,short,comma,final,6,3,"showered,",25.8823037147522
critical,7,unambiguous,short,comma,final,6,4,the,3.10878586769104
critical,7,unambiguous,short,comma,final,6,5,cat,12.483397483825684
critical,7,unambiguous,short,comma,final,6,6,ran.,13.256168842315674
critical,7,unambiguous,long,object,final,9,0,As,74.56287384033203
critical,7,unambiguous,long,object,final,9,1,the,8.519684791564941
critical,7,unambiguous,long,object,final,9,2,child,13.223588943481444
critical,7,unambiguous,long,object,final,9,3,showered,23.08065414428711
critical,7,unambiguous,long,object,final,9,4,herself,9.626185417175291
critical,7,unambiguous,long,object,final,9,5,the,9.15993309020996
critical,7,unambiguous,long,object,final,9,6,cat,13.070813179016112
critical,7,unambiguous,long,object,final,9,7,complaining,22.551267623901367
critical,7,unambiguous,long,object,final,9,8,loudly,7.695400714874268
critical,7,unambiguous,long,object,final,9,9,ran.,23.212385177612305
critical,7,unambiguous,short,object,final,7,0,As,74.56287384033203
critical,7,unambiguous,short,object,final,7,1,the,8.519684791564941
critical,7,unambiguous,short,object,final,7,2,child,13.223588943481444
critical,7,unambiguous,short,object,final,7,3,showered,23.08065414428711
critical,7,unambiguous,short,object,final,7,4,herself,9.626185417175291
critical,7,unambiguous,short,object,final,7,5,the,9.15993309020996
critical,7,unambiguous,short,object,final,7,6,cat,13.070813179016112
critical,7,unambiguous,short,object,final,7,7,ran.,17.424082279205322
critical,7,ambiguous,long,,nonfinal,8,0,As,74.56287384033203
critical,7,ambiguous,long,,nonfinal,8,1,the,8.519684791564941
critical,7,ambiguous,long,,nonfinal,8,2,child,13.223588943481444
critical,7,ambiguous,long,,nonfinal,8,3,showered,23.08065414428711
critical,7,ambiguous,long,,nonfinal,8,4,the,5.431151390075684
critical,7,ambiguous,long,,nonfinal,8,5,cat,13.036911964416504
critical,7,ambiguous,long,,nonfinal,8,6,complaining,19.38330841064453
critical,7,ambiguous,long,,nonfinal,8,7,loudly,8.4451904296875
critical,7,ambiguous,long,,nonfinal,8,8,ran,16.78982162475586
critical,7,ambiguous,long,,nonfinal,8,9,around,7.514271259307861
critical,7,ambiguous,long,,nonfinal,8,10,the,1.5278443098068235
critical,7,ambiguous,long,,nonfinal,8,11,bathroom.,10.075706481933594
critical,7,ambiguous,short,,nonfinal,6,0,As,74.56287384033203
critical,7,ambiguous,short,,nonfinal,6,1,the,8.519684791564941
critical,7,ambiguous,short,,nonfinal,6,2,child,13.223588943481444
critical,7,ambiguous,short,,nonfinal,6,3,showered,23.08065414428711
critical,7,ambiguous,short,,nonfinal,6,4,the,5.431151390075684
critical,7,ambiguous,short,,nonfinal,6,5,cat,13.036911964416504
critical,7,ambiguous,short,,nonfinal,6,6,ran,13.34237575531006
critical,7,ambiguous,short,,nonfinal,6,7,around,7.30672550201416
critical,7,ambiguous,short,,nonfinal,6,8,the,2.325447559356689
critical,7,ambiguous,short,,nonfinal,6,9,bathroom.,11.198497772216797
critical,7,unambiguous,long,comma,nonfinal,8,0,As,74.56287384033203
critical,7,unambiguous,long,comma,nonfinal,8,1,the,8.519684791564941
critical,7,unambiguous,long,comma,nonfinal,8,2,child,13.223588943481444
critical,7,unambiguous,long,comma,nonfinal,8,3,"showered,",25.8823037147522
critical,7,unambiguous,long,comma,nonfinal,8,4,the,3.10878586769104
critical,7,unambiguous,long,comma,nonfinal,8,5,cat,12.483397483825684
critical,7,unambiguous,long,comma,nonfinal,8,6,complaining,19.245677947998047
critical,7,unambiguous,long,comma,nonfinal,8,7,loudly,8.35519790649414
critical,7,unambiguous,long,comma,nonfinal,8,8,ran,13.726384162902832
critical,7,unambiguous,long,comma,nonfinal,8,9,around,7.327066421508789
critical,7,unambiguous,long,comma,nonfinal,8,10,the,1.5628902912139893
critical,7,unambiguous,long,comma,nonfinal,8,11,bathroom.,10.04541540145874
critical,7,unambiguous,short,comma,nonfinal,6,0,As,74.56287384033203
critical,7,unambiguous,short,comma,nonfinal,6,1,the,8.519684791564941
critical,7,unambiguous,short,comma,nonfinal,6,2,child,13.223588943481444
critical,7,unambiguous,short,comma,nonfinal,6,3,"showered,",25.8823037147522
critical,7,unambiguous,short,comma,nonfinal,6,4,the,3.10878586769104
critical,7,unambiguous,short,comma,nonfinal,6,5,cat,12.483397483825684
critical,7,unambiguous,short,comma,nonfinal,6,6,ran,8.638998985290527
critical,7,unambiguous,short,comma,nonfinal,6,7,around,7.35999870300293
critical,7,unambiguous,short,comma,nonfinal,6,8,the,2.89102554321289
critical,7,unambiguous,short,comma,nonfinal,6,9,bathroom.,11.28981113433838
critical,7,unambiguous,long,object,nonfinal,9,0,As,74.56287384033203
critical,7,unambiguous,long,object,nonfinal,9,1,the,8.519684791564941
critical,7,unambiguous,long,object,nonfinal,9,2,child,13.223588943481444
critical,7,unambiguous,long,object,nonfinal,9,3,showered,23.08065414428711
critical,7,unambiguous,long,object,nonfinal,9,4,herself,9.626185417175291
critical,7,unambiguous,long,object,nonfinal,9,5,the,9.15993309020996
critical,7,unambiguous,long,object,nonfinal,9,6,cat,13.070813179016112
critical,7,unambiguous,long,object,nonfinal,9,7,complaining,22.551267623901367
critical,7,unambiguous,long,object,nonfinal,9,8,loudly,7.695400714874268
critical,7,unambiguous,long,object,nonfinal,9,9,ran,16.62101936340332
critical,7,unambiguous,long,object,nonfinal,9,10,around,7.464432239532471
critical,7,unambiguous,long,object,nonfinal,9,11,the,1.490420937538147
critical,7,unambiguous,long,object,nonfinal,9,12,bathroom.,9.607781887054443
critical,7,unambiguous,short,object,nonfinal,7,0,As,74.56287384033203
critical,7,unambiguous,short,object,nonfinal,7,1,the,8.519684791564941
critical,7,unambiguous,short,object,nonfinal,7,2,child,13.223588943481444
critical,7,unambiguous,short,object,nonfinal,7,3,showered,23.08065414428711
critical,7,unambiguous,short,object,nonfinal,7,4,herself,9.626185417175291
critical,7,unambiguous,short,object,nonfinal,7,5,the,9.15993309020996
critical,7,unambiguous,short,object,nonfinal,7,6,cat,13.070813179016112
critical,7,unambiguous,short,object,nonfinal,7,7,ran,12.648853302001951
critical,7,unambiguous,short,object,nonfinal,7,8,around,7.801947593688965
critical,7,unambiguous,short,object,nonfinal,7,9,the,2.646144390106201
critical,7,unambiguous,short,object,nonfinal,7,10,bathroom.,10.344274759292604
critical,8,ambiguous,long,,final,9,0,Because,63.27117919921875
critical,8,ambiguous,long,,final,9,1,the,5.940990447998047
critical,8,ambiguous,long,,final,9,2,majorette,41.37238907814026
critical,8,ambiguous,long,,final,9,3,spun,13.897298812866213
critical,8,ambiguous,long,,final,9,4,the,4.6263275146484375
critical,8,ambiguous,long,,final,9,5,baton,16.404403686523438
critical,8,ambiguous,long,,final,9,6,made,10.053692817687988
critical,8,ambiguous,long,,final,9,7,of,1.653234839439392
critical,8,ambiguous,long,,final,9,8,steel,7.410630702972412
critical,8,ambiguous,long,,final,9,9,flew.,18.31810522079468
critical,8,ambiguous,short,,final,6,0,Because,63.27117919921875
critical,8,ambiguous,short,,final,6,1,the,5.940990447998047
critical,8,ambiguous,short,,final,6,2,majorette,41.37238907814026
critical,8,ambiguous,short,,final,6,3,spun,13.897298812866213
critical,8,ambiguous,short,,final,6,4,the,4.6263275146484375
critical,8,ambiguous,short,,final,6,5,baton,16.404403686523438
critical,8,ambiguous,short,,final,6,6,flew.,15.770759582519531
critical,8,unambiguous,long,comma,final,9,0,Because,63.27117919921875
critical,8,unambiguous,long,comma,final,9,1,the,5.940990447998047
critical,8,unambiguous,long,comma,final,9,2,majorette,41.37238907814026
critical,8,unambiguous,long,comma,final,9,3,"spun,",20.778453826904297
critical,8,unambiguous,long,comma,final,9,4,the,1.981680393218994
critical,8,unambiguous,long,comma,final,9,5,baton,17.848948001861572
critical,8,unambiguous,long,comma,final,9,6,made,7.912544727325439
critical,8,unambiguous,long,comma,final,9,7,of,2.8150339126586914
critical,8,unambiguous,long,comma,final,9,8,steel,7.2714152336120605
critical,8,unambiguous,long,comma,final,9,9,flew.,15.814610481262209
critical,8,unambiguous,short,comma,final,6,0,Because,63.27117919921875
critical,8,unambiguous,short,comma,final,6,1,the,5.940990447998047
critical,8,unambiguous,short,comma,final,6,2,majorette,41.37238907814026
critical,8,unambiguous,short,comma,final,6,3,"spun,",20.778453826904297
critical,8,unambiguous,short,comma,final,6,4,the,1.981680393218994
critical,8,unambiguous,short,comma,final,6,5,baton,17.848948001861572
critical,8,unambiguous,short,comma,final,6,6,flew.,12.034756660461426
critical,8,unambiguous,long,object,final,10,0,Because,63.27117919921875
critical,8,unambiguous,long,object,final,10,1,the,5.940990447998047
critical,8,unambiguous,long,object,final,10,2,majorette,41.37238907814026
critical,8,unambiguous,long,object,final,10,3,spun,13.897298812866213
critical,8,unambiguous,long,object,final,10,4,herself,12.439105987548828
critical,8,unambiguous,long,object,final,10,5,the,8.349034309387207
critical,8,unambiguous,long,object,final,10,6,baton,13.827031016349792
critical,8,unambiguous,long,object,final,10,7,made,9.240592002868652
critical,8,unambiguous,long,object,final,10,8,of,2.170030355453491
critical,8,unambiguous,long,object,final,10,9,steel,7.529857158660889
critical,8,unambiguous,long,object,final,10,10,flew.,17.48994731903076
critical,8,unambiguous,short,object,final,7,0,Because,63.27117919921875
critical,8,unambiguous,short,object,final,7,1,the,5.940990447998047
critical,8,unambiguous,short,object,final,7,2,majorette,41.37238907814026
critical,8,unambiguous,short,object,final,7,3,spun,13.897298812866213
critical,8,unambiguous,short,object,final,7,4,herself,12.439105987548828
critical,8,unambiguous,short,object,final,7,5,the,8.349034309387207
critical,8,unambiguous,short,object,final,7,6,baton,13.827031016349792
critical,8,unambiguous,short,object,final,7,7,flew.,14.514564990997314
critical,8,ambiguous,long,,nonfinal,9,0,Because,63.27117919921875
critical,8,ambiguous,long,,nonfinal,9,1,the,5.940990447998047
critical,8,ambiguous,long,,nonfinal,9,2,majorette,41.37238907814026
critical,8,ambiguous,long,,nonfinal,9,3,spun,13.897298812866213
critical,8,ambiguous,long,,nonfinal,9,4,the,4.6263275146484375
critical,8,ambiguous,long,,nonfinal,9,5,baton,16.404403686523438
critical,8,ambiguous,long,,nonfinal,9,6,made,10.053692817687988
critical,8,ambiguous,long,,nonfinal,9,7,of,1.653234839439392
critical,8,ambiguous,long,,nonfinal,9,8,steel,7.410630702972412
critical,8,ambiguous,long,,nonfinal,9,9,flew,12.911433219909668
critical,8,ambiguous,long,,nonfinal,9,10,from,5.596607208251953
critical,8,ambiguous,long,,nonfinal,9,11,her,5.473330020904541
critical,8,ambiguous,long,,nonfinal,9,12,hands.,5.871867418289185
critical,8,ambiguous,short,,nonfinal,6,0,Because,63.27117919921875
critical,8,ambiguous,short,,nonfinal,6,1,the,5.940990447998047
critical,8,ambiguous,short,,nonfinal,6,2,majorette,41.37238907814026
critical,8,ambiguous,short,,nonfinal,6,3,spun,13.897298812866213
critical,8,ambiguous,short,,nonfinal,6,4,the,4.6263275146484375
critical,8,ambiguous,short,,nonfinal,6,5,baton,16.404403686523438
critical,8,ambiguous,short,,nonfinal,6,6,flew,11.137035369873049
critical,8,ambiguous,short,,nonfinal,6,7,from,6.230603694915772
critical,8,ambiguous,short,,nonfinal,6,8,her,5.611664295196533
critical,8,ambiguous,short,,nonfinal,6,9,hands.,6.770205736160278
critical,8,unambiguous,long,comma,nonfinal,9,0,Because,63.27117919921875
critical,8,unambiguous,long,comma,nonfinal,9,1,the,5.940990447998047
critical,8,unambiguous,long,comma,nonfinal,9,2,majorette,41.37238907814026
critical,8,unambiguous,long,comma,nonfinal,9,3,"spun,",20.778453826904297
critical,8,unambiguous,long,comma,nonfinal,9,4,the,1.981680393218994
critical,8,unambiguous,long,comma,nonfinal,9,5,baton,17.848948001861572
critical,8,unambiguous,long,comma,nonfinal,9,6,made,7.912544727325439
critical,8,unambiguous,long,comma,nonfinal,9,7,of,2.8150339126586914
critical,8,unambiguous,long,comma,nonfinal,9,8,steel,7.2714152336120605
critical,8,unambiguous,long,comma,nonfinal,9,9,flew,11.038941383361816
critical,8,unambiguous,long,comma,nonfinal,9,10,from,5.713456153869629
critical,8,unambiguous,long,comma,nonfinal,9,11,her,4.955301761627197
critical,8,unambiguous,long,comma,nonfinal,9,12,hands.,4.914884448051453
critical,8,unambiguous,short,comma,nonfinal,6,0,Because,63.27117919921875
critical,8,unambiguous,short,comma,nonfinal,6,1,the,5.940990447998047
critical,8,unambiguous,short,comma,nonfinal,6,2,majorette,41.37238907814026
critical,8,unambiguous,short,comma,nonfinal,6,3,"spun,",20.778453826904297
critical,8,unambiguous,short,comma,nonfinal,6,4,the,1.981680393218994
critical,8,unambiguous,short,comma,nonfinal,6,5,baton,17.848948001861572
critical,8,unambiguous,short,comma,nonfinal,6,6,flew,7.741893768310547
critical,8,unambiguous,short,comma,nonfinal,6,7,from,6.818459987640381
critical,8,unambiguous,short,comma,nonfinal,6,8,her,5.315623283386231
critical,8,unambiguous,short,comma,nonfinal,6,9,hands.,5.712311506271362
critical,8,unambiguous,long,object,nonfinal,10,0,Because,63.27117919921875
critical,8,unambiguous,long,object,nonfinal,10,1,the,5.940990447998047
critical,8,unambiguous,long,object,nonfinal,10,2,majorette,41.37238907814026
critical,8,unambiguous,long,object,nonfinal,10,3,spun,13.897298812866213
critical,8,unambiguous,long,object,nonfinal,10,4,herself,12.439105987548828
critical,8,unambiguous,long,object,nonfinal,10,5,the,8.349034309387207
critical,8,unambiguous,long,object,nonfinal,10,6,baton,13.827031016349792
critical,8,unambiguous,long,object,nonfinal,10,7,made,9.240592002868652
critical,8,unambiguous,long,object,nonfinal,10,8,of,2.170030355453491
critical,8,unambiguous,long,object,nonfinal,10,9,steel,7.529857158660889
critical,8,unambiguous,long,object,nonfinal,10,10,flew,12.813340187072754
critical,8,unambiguous,long,object,nonfinal,10,11,from,5.096982479095459
critical,8,unambiguous,long,object,nonfinal,10,12,her,1.546952247619629
critical,8,unambiguous,long,object,nonfinal,10,13,hands.,5.257683038711548
critical,8,unambiguous,short,object,nonfinal,7,0,Because,63.27117919921875
critical,8,unambiguous,short,object,nonfinal,7,1,the,5.940990447998047
critical,8,unambiguous,short,object,nonfinal,7,2,majorette,41.37238907814026
critical,8,unambiguous,short,object,nonfinal,7,3,spun,13.897298812866213
critical,8,unambiguous,short,object,nonfinal,7,4,herself,12.439105987548828
critical,8,unambiguous,short,object,nonfinal,7,5,the,8.349034309387207
critical,8,unambiguous,short,object,nonfinal,7,6,baton,13.827031016349792
critical,8,unambiguous,short,object,nonfinal,7,7,flew,10.529894828796388
critical,8,unambiguous,short,object,nonfinal,7,8,from,5.533207416534424
critical,8,unambiguous,short,object,nonfinal,7,9,her,1.6462785005569458
critical,8,unambiguous,short,object,nonfinal,7,10,hands.,5.883138418197632
critical,9,ambiguous,long,,final,9,0,After,73.70172119140625
critical,9,ambiguous,long,,final,9,1,the,7.122029781341553
critical,9,ambiguous,long,,final,9,2,teacher,16.114261627197266
critical,9,ambiguous,long,,final,9,3,finished,9.803263664245604
critical,9,ambiguous,long,,final,9,4,grading,11.22993278503418
critical,9,ambiguous,long,,final,9,5,the,1.7014009952545166
critical,9,ambiguous,long,,final,9,6,students,2.2491917610168457
critical,9,ambiguous,long,,final,9,7,studying,13.208091735839844
critical,9,ambiguous,long,,final,9,8,engineering,13.134653091430664
critical,9,ambiguous,long,,final,9,9,passed.,20.357550621032715
critical,9,ambiguous,short,,final,7,0,After,73.70172119140625
critical,9,ambiguous,short,,final,7,1,the,7.122029781341553
critical,9,ambiguous,short,,final,7,2,teacher,16.114261627197266
critical,9,ambiguous,short,,final,7,3,finished,9.803263664245604
critical,9,ambiguous,short,,final,7,4,grading,11.22993278503418
critical,9,ambiguous,short,,final,7,5,the,1.7014009952545166
critical,9,ambiguous,short,,final,7,6,students,2.2491917610168457
critical,9,ambiguous,short,,final,7,7,passed.,15.82737922668457
critical,9,unambiguous,long,comma,final,9,0,After,73.70172119140625
critical,9,unambiguous,long,comma,final,9,1,the,7.122029781341553
critical,9,unambiguous,long,comma,final,9,2,teacher,16.114261627197266
critical,9,unambiguous,long,comma,final,9,3,finished,9.803263664245604
critical,9,unambiguous,long,comma,final,9,4,"grading,",13.463715076446531
critical,9,unambiguous,long,comma,final,9,5,the,1.6161636114120483
critical,9,unambiguous,long,comma,final,9,6,students,3.7346816062927246
critical,9,unambiguous,long,comma,final,9,7,studying,14.757068634033203
critical,9,unambiguous,long,comma,final,9,8,engineering,13.404454231262209
critical,9,unambiguous,long,comma,final,9,9,passed.,17.17946481704712
critical,9,unambiguous,short,comma,final,7,0,After,73.70172119140625
critical,9,unambiguous,short,comma,final,7,1,the,7.122029781341553
critical,9,unambiguous,short,comma,final,7,2,teacher,16.114261627197266
critical,9,unambiguous,short,comma,final,7,3,finished,9.803263664245604
critical,9,unambiguous,short,comma,final,7,4,"grading,",13.463715076446531
critical,9,unambiguous,short,comma,final,7,5,the,1.6161636114120483
critical,9,unambiguous,short,comma,final,7,6,students,3.7346816062927246
critical,9,unambiguous,short,comma,final,7,7,passed.,13.802815675735474
critical,9,unambiguous,long,object,final,11,0,After,73.70172119140625
critical,9,unambiguous,long,object,final,11,1,the,7.122029781341553
critical,9,unambiguous,long,object,final,11,2,teacher,16.114261627197266
critical,9,unambiguous,long,object,final,11,3,finished,9.803263664245604
critical,9,unambiguous,long,object,final,11,4,grading,11.22993278503418
critical,9,unambiguous,long,object,final,11,5,the,1.7014009952545166
critical,9,unambiguous,long,object,final,11,6,final,6.996419429779053
critical,9,unambiguous,long,object,final,11,7,the,10.898229598999023
critical,9,unambiguous,long,object,final,11,8,students,3.893709182739258
critical,9,unambiguous,long,object,final,11,9,studying,13.836804389953612
critical,9,unambiguous,long,object,final,11,10,engineering,12.874361991882324
critical,9,unambiguous,long,object,final,11,11,passed.,17.51319408416748
critical,9,unambiguous,short,object,final,9,0,After,73.70172119140625
critical,9,unambiguous,short,object,final,9,1,the,7.122029781341553
critical,9,unambiguous,short,object,final,9,2,teacher,16.114261627197266
critical,9,unambiguous,short,object,final,9,3,finished,9.803263664245604
critical,9,unambiguous,short,object,final,9,4,grading,11.22993278503418
critical,9,unambiguous,short,object,final,9,5,the,1.7014009952545166
critical,9,unambiguous,short,object,final,9,6,final,6.996419429779053
critical,9,unambiguous,short,object,final,9,7,the,10.898229598999023
critical,9,unambiguous,short,object,final,9,8,students,3.893709182739258
critical,9,unambiguous,short,object,final,9,9,passed.,13.364917278289797
critical,9,ambiguous,long,,nonfinal,9,0,After,73.70172119140625
critical,9,ambiguous,long,,nonfinal,9,1,the,7.122029781341553
critical,9,ambiguous,long,,nonfinal,9,2,teacher,16.114261627197266
critical,9,ambiguous,long,,nonfinal,9,3,finished,9.803263664245604
critical,9,ambiguous,long,,nonfinal,9,4,grading,11.22993278503418
critical,9,ambiguous,long,,nonfinal,9,5,the,1.7014009952545166
critical,9,ambiguous,long,,nonfinal,9,6,students,2.2491917610168457
critical,9,ambiguous,long,,nonfinal,9,7,studying,13.208091735839844
critical,9,ambiguous,long,,nonfinal,9,8,engineering,13.134653091430664
critical,9,ambiguous,long,,nonfinal,9,9,passed,15.74610424041748
critical,9,ambiguous,long,,nonfinal,9,10,the,0.9322395324707032
critical,9,ambiguous,long,,nonfinal,9,11,class.,8.259569644927979
critical,9,ambiguous,short,,nonfinal,7,0,After,73.70172119140625
critical,9,ambiguous,short,,nonfinal,7,1,the,7.122029781341553
critical,9,ambiguous,short,,nonfinal,7,2,teacher,16.114261627197266
critical,9,ambiguous,short,,nonfinal,7,3,finished,9.803263664245604
critical,9,ambiguous,short,,nonfinal,7,4,grading,11.22993278503418
critical,9,ambiguous,short,,nonfinal,7,5,the,1.7014009952545166
critical,9,ambiguous,short,,nonfinal,7,6,students,2.2491917610168457
critical,9,ambiguous,short,,nonfinal,7,7,passed,10.536675453186035
critical,9,ambiguous,short,,nonfinal,7,8,the,0.9376108646392822
critical,9,ambiguous,short,,nonfinal,7,9,class.,7.527127265930176
critical,9,unambiguous,long,comma,nonfinal,9,0,After,73.70172119140625
critical,9,unambiguous,long,comma,nonfinal,9,1,the,7.122029781341553
critical,9,unambiguous,long,comma,nonfinal,9,2,teacher,16.114261627197266
critical,9,unambiguous,long,comma,nonfinal,9,3,finished,9.803263664245604
critical,9,unambiguous,long,comma,nonfinal,9,4,"grading,",13.463715076446531
critical,9,unambiguous,long,comma,nonfinal,9,5,the,1.6161636114120483
critical,9,unambiguous,long,comma,nonfinal,9,6,students,3.7346816062927246
critical,9,unambiguous,long,comma,nonfinal,9,7,studying,14.757068634033203
critical,9,unambiguous,long,comma,nonfinal,9,8,engineering,13.404454231262209
critical,9,unambiguous,long,comma,nonfinal,9,9,passed,12.5856294631958
critical,9,unambiguous,long,comma,nonfinal,9,10,the,0.8276300430297852
critical,9,unambiguous,long,comma,nonfinal,9,11,class.,7.79252564907074
critical,9,unambiguous,short,comma,nonfinal,7,0,After,73.70172119140625
critical,9,unambiguous,short,comma,nonfinal,7,1,the,7.122029781341553
critical,9,unambiguous,short,comma,nonfinal,7,2,teacher,16.114261627197266
critical,9,unambiguous,short,comma,nonfinal,7,3,finished,9.803263664245604
critical,9,unambiguous,short,comma,nonfinal,7,4,"grading,",13.463715076446531
critical,9,unambiguous,short,comma,nonfinal,7,5,the,1.6161636114120483
critical,9,unambiguous,short,comma,nonfinal,7,6,students,3.7346816062927246
critical,9,unambiguous,short,comma,nonfinal,7,7,passed,10.031943321228027
critical,9,unambiguous,short,comma,nonfinal,7,8,the,0.9232578873634338
critical,9,unambiguous,short,comma,nonfinal,7,9,class.,7.503440499305725
critical,9,unambiguous,long,object,nonfinal,11,0,After,73.70172119140625
critical,9,unambiguous,long,object,nonfinal,11,1,the,7.122029781341553
critical,9,unambiguous,long,object,nonfinal,11,2,teacher,16.114261627197266
critical,9,unambiguous,long,object,nonfinal,11,3,finished,9.803263664245604
critical,9,unambiguous,long,object,nonfinal,11,4,grading,11.22993278503418
critical,9,unambiguous,long,object,nonfinal,11,5,the,1.7014009952545166
critical,9,unambiguous,long,object,nonfinal,11,6,final,6.996419429779053
critical,9,unambiguous,long,object,nonfinal,11,7,the,10.898229598999023
critical,9,unambiguous,long,object,nonfinal,11,8,students,3.893709182739258
critical,9,unambiguous,long,object,nonfinal,11,9,studying,13.836804389953612
critical,9,unambiguous,long,object,nonfinal,11,10,engineering,12.874361991882324
critical,9,unambiguous,long,object,nonfinal,11,11,passed,12.721146583557127
critical,9,unambiguous,long,object,nonfinal,11,12,the,0.9620901942253112
critical,9,unambiguous,long,object,nonfinal,11,13,class.,8.28175950050354
critical,9,unambiguous,short,object,nonfinal,9,0,After,73.70172119140625
critical,9,unambiguous,short,object,nonfinal,9,1,the,7.122029781341553
critical,9,unambiguous,short,object,nonfinal,9,2,teacher,16.114261627197266
critical,9,unambiguous,short,object,nonfinal,9,3,finished,9.803263664245604
critical,9,unambiguous,short,object,nonfinal,9,4,grading,11.22993278503418
critical,9,unambiguous,short,object,nonfinal,9,5,the,1.7014009952545166
critical,9,unambiguous,short,object,nonfinal,9,6,final,6.996419429779053
critical,9,unambiguous,short,object,nonfinal,9,7,the,10.898229598999023
critical,9,unambiguous,short,object,nonfinal,9,8,students,3.893709182739258
critical,9,unambiguous,short,object,nonfinal,9,9,passed,8.599990844726562
critical,9,unambiguous,short,object,nonfinal,9,10,the,1.0081430673599243
critical,9,unambiguous,short,object,nonfinal,9,11,class.,7.698570489883423
critical,10,ambiguous,long,,final,10,0,Since,64.96882629394531
critical,10,ambiguous,long,,final,10,1,the,6.91360330581665
critical,10,ambiguous,long,,final,10,2,company,15.174846649169922
critical,10,ambiguous,long,,final,10,3,shut,15.216363906860352
critical,10,ambiguous,long,,final,10,4,down,0.0692113190889358
critical,10,ambiguous,long,,final,10,5,their,7.421989440917969
critical,10,ambiguous,long,,final,10,6,product,7.024332523345947
critical,10,ambiguous,long,,final,10,7,line,2.945443630218506
critical,10,ambiguous,long,,final,10,8,of,5.955519676208496
critical,10,ambiguous,long,,final,10,9,streetwear,18.48963737487793
critical,10,ambiguous,long,,final,10,10,disappeared.,17.51090431213379
critical,10,ambiguous,short,,final,8,0,Since,64.96882629394531
critical,10,ambiguous,short,,final,8,1,the,6.91360330581665
critical,10,ambiguous,short,,final,8,2,company,15.174846649169922
critical,10,ambiguous,short,,final,8,3,shut,15.216363906860352
critical,10,ambiguous,short,,final,8,4,down,0.0692113190889358
critical,10,ambiguous,short,,final,8,5,their,7.421989440917969
critical,10,ambiguous,short,,final,8,6,product,7.024332523345947
critical,10,ambiguous,short,,final,8,7,line,2.945443630218506
critical,10,ambiguous,short,,final,8,8,disappeared.,17.277470588684082
critical,10,unambiguous,long,comma,final,10,0,Since,64.96882629394531
critical,10,unambiguous,long,comma,final,10,1,the,6.91360330581665
critical,10,unambiguous,long,comma,final,10,2,company,15.174846649169922
critical,10,unambiguous,long,comma,final,10,3,shut,15.216363906860352
critical,10,unambiguous,long,comma,final,10,4,"down,",2.0158457309007645
critical,10,unambiguous,long,comma,final,10,5,their,7.472973346710205
critical,10,unambiguous,long,comma,final,10,6,product,7.313329696655273
critical,10,unambiguous,long,comma,final,10,7,line,4.2237396240234375
critical,10,unambiguous,long,comma,final,10,8,of,7.205021858215332
critical,10,unambiguous,long,comma,final,10,9,streetwear,17.513898849487305
critical,10,unambiguous,long,comma,final,10,10,disappeared.,11.247191667556764
critical,10,unambiguous,short,comma,final,8,0,Since,64.96882629394531
critical,10,unambiguous,short,comma,final,8,1,the,6.91360330581665
critical,10,unambiguous,short,comma,final,8,2,company,15.174846649169922
critical,10,unambiguous,short,comma,final,8,3,shut,15.216363906860352
critical,10,unambiguous,short,comma,final,8,4,"down,",2.0158457309007645
critical,10,unambiguous,short,comma,final,8,5,their,7.472973346710205
critical,10,unambiguous,short,comma,final,8,6,product,7.313329696655273
critical,10,unambiguous,short,comma,final,8,7,line,4.2237396240234375
critical,10,unambiguous,short,comma,final,8,8,disappeared.,10.41410219669342
critical,10,unambiguous,long,object,final,13,0,Since,64.96882629394531
critical,10,unambiguous,long,object,final,13,1,the,6.91360330581665
critical,10,unambiguous,long,object,final,13,2,company,15.174846649169922
critical,10,unambiguous,long,object,final,13,3,shut,15.216363906860352
critical,10,unambiguous,long,object,final,13,4,down,0.0692113190889358
critical,10,unambiguous,long,object,final,13,5,the,3.707032442092896
critical,10,unambiguous,long,object,final,13,6,clothing,15.797175407409668
critical,10,unambiguous,long,object,final,13,7,brand,5.156331539154053
critical,10,unambiguous,long,object,final,13,8,their,10.70741367340088
critical,10,unambiguous,long,object,final,13,9,product,6.494945526123047
critical,10,unambiguous,long,object,final,13,10,line,2.8083417415618896
critical,10,unambiguous,long,object,final,13,11,of,6.866273880004883
critical,10,unambiguous,long,object,final,13,12,streetwear,13.848780751228333
critical,10,unambiguous,long,object,final,13,13,disappeared.,12.718504548072817
critical,10,unambiguous,short,object,final,11,0,Since,64.96882629394531
critical,10,unambiguous,short,object,final,11,1,the,6.91360330581665
critical,10,unambiguous,short,object,final,11,2,company,15.174846649169922
critical,10,unambiguous,short,object,final,11,3,shut,15.216363906860352
critical,10,unambiguous,short,object,final,11,4,down,0.0692113190889358
critical,10,unambiguous,short,object,final,11,5,the,3.707032442092896
critical,10,unambiguous,short,object,final,11,6,clothing,15.797175407409668
critical,10,unambiguous,short,object,final,11,7,brand,5.156331539154053
critical,10,unambiguous,short,object,final,11,8,their,10.70741367340088
critical,10,unambiguous,short,object,final,11,9,product,6.494945526123047
critical,10,unambiguous,short,object,final,11,10,line,2.8083417415618896
critical,10,unambiguous,short,object,final,11,11,disappeared.,10.56458830833435
critical,10,ambiguous,long,,nonfinal,10,0,Since,64.96882629394531
critical,10,ambiguous,long,,nonfinal,10,1,the,6.91360330581665
critical,10,ambiguous,long,,nonfinal,10,2,company,15.174846649169922
critical,10,ambiguous,long,,nonfinal,10,3,shut,15.216363906860352
critical,10,ambiguous,long,,nonfinal,10,4,down,0.0692113190889358
critical,10,ambiguous,long,,nonfinal,10,5,their,7.421989440917969
critical,10,ambiguous,long,,nonfinal,10,6,product,7.024332523345947
critical,10,ambiguous,long,,nonfinal,10,7,line,2.945443630218506
critical,10,ambiguous,long,,nonfinal,10,8,of,5.955519676208496
critical,10,ambiguous,long,,nonfinal,10,9,streetwear,18.48963737487793
critical,10,ambiguous,long,,nonfinal,10,10,disappeared,15.96395206451416
critical,10,ambiguous,long,,nonfinal,10,11,from,2.973445177078247
critical,10,ambiguous,long,,nonfinal,10,12,the,0.7489967942237854
critical,10,ambiguous,long,,nonfinal,10,13,market.,3.658513903617859
critical,10,ambiguous,short,,nonfinal,8,0,Since,64.96882629394531
critical,10,ambiguous,short,,nonfinal,8,1,the,6.91360330581665
critical,10,ambiguous,short,,nonfinal,8,2,company,15.174846649169922
critical,10,ambiguous,short,,nonfinal,8,3,shut,15.216363906860352
critical,10,ambiguous,short,,nonfinal,8,4,down,0.0692113190889358
critical,10,ambiguous,short,,nonfinal,8,5,their,7.421989440917969
critical,10,ambiguous,short,,nonfinal,8,6,product,7.024332523345947
critical,10,ambiguous,short,,nonfinal,8,7,line,2.945443630218506
critical,10,ambiguous,short,,nonfinal,8,8,disappeared,15.69529628753662
critical,10,ambiguous,short,,nonfinal,8,9,from,3.2598884105682373
critical,10,ambiguous,short,,nonfinal,8,10,the,0.8587135076522827
critical,10,ambiguous,short,,nonfinal,8,11,market.,3.63280189037323
critical,10,unambiguous,long,comma,nonfinal,10,0,Since,64.96882629394531
critical,10,unambiguous,long,comma,nonfinal,10,1,the,6.91360330581665
critical,10,unambiguous,long,comma,nonfinal,10,2,company,15.174846649169922
critical,10,unambiguous,long,comma,nonfinal,10,3,shut,15.216363906860352
critical,10,unambiguous,long,comma,nonfinal,10,4,"down,",2.0158457309007645
critical,10,unambiguous,long,comma,nonfinal,10,5,their,7.472973346710205
critical,10,unambiguous,long,comma,nonfinal,10,6,product,7.313329696655273
critical,10,unambiguous,long,comma,nonfinal,10,7,line,4.2237396240234375
critical,10,unambiguous,long,comma,nonfinal,10,8,of,7.205021858215332
critical,10,unambiguous,long,comma,nonfinal,10,9,streetwear,17.513898849487305
critical,10,unambiguous,long,comma,nonfinal,10,10,disappeared,10.208669662475586
critical,10,unambiguous,long,comma,nonfinal,10,11,from,3.207319498062134
critical,10,unambiguous,long,comma,nonfinal,10,12,the,0.7133345007896423
critical,10,unambiguous,long,comma,nonfinal,10,13,market.,2.648697853088379
critical,10,unambiguous,short,comma,nonfinal,8,0,Since,64.96882629394531
critical,10,unambiguous,short,comma,nonfinal,8,1,the,6.91360330581665
critical,10,unambiguous,short,comma,nonfinal,8,2,company,15.174846649169922
critical,10,unambiguous,short,comma,nonfinal,8,3,shut,15.216363906860352
critical,10,unambiguous,short,comma,nonfinal,8,4,"down,",2.0158457309007645
critical,10,unambiguous,short,comma,nonfinal,8,5,their,7.472973346710205
critical,10,unambiguous,short,comma,nonfinal,8,6,product,7.313329696655273
critical,10,unambiguous,short,comma,nonfinal,8,7,line,4.2237396240234375
critical,10,unambiguous,short,comma,nonfinal,8,8,disappeared,9.370208740234377
critical,10,unambiguous,short,comma,nonfinal,8,9,from,3.7769479751586914
critical,10,unambiguous,short,comma,nonfinal,8,10,the,0.8520212769508362
critical,10,unambiguous,short,comma,nonfinal,8,11,market.,2.164834976196289
critical,10,unambiguous,long,object,nonfinal,13,0,Since,64.96882629394531
critical,10,unambiguous,long,object,nonfinal,13,1,the,6.91360330581665
critical,10,unambiguous,long,object,nonfinal,13,2,company,15.174846649169922
critical,10,unambiguous,long,object,nonfinal,13,3,shut,15.216363906860352
critical,10,unambiguous,long,object,nonfinal,13,4,down,0.0692113190889358
critical,10,unambiguous,long,object,nonfinal,13,5,the,3.707032442092896
critical,10,unambiguous,long,object,nonfinal,13,6,clothing,15.797175407409668
critical,10,unambiguous,long,object,nonfinal,13,7,brand,5.156331539154053
critical,10,unambiguous,long,object,nonfinal,13,8,their,10.70741367340088
critical,10,unambiguous,long,object,nonfinal,13,9,product,6.494945526123047
critical,10,unambiguous,long,object,nonfinal,13,10,line,2.8083417415618896
critical,10,unambiguous,long,object,nonfinal,13,11,of,6.866273880004883
critical,10,unambiguous,long,object,nonfinal,13,12,streetwear,13.848780751228333
critical,10,unambiguous,long,object,nonfinal,13,13,disappeared,11.295621871948242
critical,10,unambiguous,long,object,nonfinal,13,14,from,3.033410787582397
critical,10,unambiguous,long,object,nonfinal,13,15,the,0.577289342880249
critical,10,unambiguous,long,object,nonfinal,13,16,market.,3.9030429124832153
critical,10,unambiguous,short,object,nonfinal,11,0,Since,64.96882629394531
critical,10,unambiguous,short,object,nonfinal,11,1,the,6.91360330581665
critical,10,unambiguous,short,object,nonfinal,11,2,company,15.174846649169922
critical,10,unambiguous,short,object,nonfinal,11,3,shut,15.216363906860352
critical,10,unambiguous,short,object,nonfinal,11,4,down,0.0692113190889358
critical,10,unambiguous,short,object,nonfinal,11,5,the,3.707032442092896
critical,10,unambiguous,short,object,nonfinal,11,6,clothing,15.797175407409668
critical,10,unambiguous,short,object,nonfinal,11,7,brand,5.156331539154053
critical,10,unambiguous,short,object,nonfinal,11,8,their,10.70741367340088
critical,10,unambiguous,short,object,nonfinal,11,9,product,6.494945526123047
critical,10,unambiguous,short,object,nonfinal,11,10,line,2.8083417415618896
critical,10,unambiguous,short,object,nonfinal,11,11,disappeared,9.192249298095703
critical,10,unambiguous,short,object,nonfinal,11,12,from,3.2760026454925537
critical,10,unambiguous,short,object,nonfinal,11,13,the,0.6147127747535706
critical,10,unambiguous,short,object,nonfinal,11,14,market.,3.881821811199188
critical,11,ambiguous,long,,final,7,0,Because,63.27117919921875
critical,11,ambiguous,long,,final,7,1,the,5.940990447998047
critical,11,ambiguous,long,,final,7,2,employees,15.020926475524902
critical,11,ambiguous,long,,final,7,3,mopped,28.960623741149902
critical,11,ambiguous,long,,final,7,4,the,4.005715370178223
critical,11,ambiguous,long,,final,7,5,bathroom,12.240982055664062
critical,11,ambiguous,long,,final,7,6,downstairs,11.65471076965332
critical,11,ambiguous,long,,final,7,7,sparkled.,25.326061248779297
critical,11,ambiguous,short,,final,6,0,Because,63.27117919921875
critical,11,ambiguous,short,,final,6,1,the,5.940990447998047
critical,11,ambiguous,short,,final,6,2,employees,15.020926475524902
critical,11,ambiguous,short,,final,6,3,mopped,28.960623741149902
critical,11,ambiguous,short,,final,6,4,the,4.005715370178223
critical,11,ambiguous,short,,final,6,5,bathroom,12.240982055664062
critical,11,ambiguous,short,,final,6,6,sparkled.,31.175208806991577
critical,11,unambiguous,long,comma,final,7,0,Because,63.27117919921875
critical,11,unambiguous,long,comma,final,7,1,the,5.940990447998047
critical,11,unambiguous,long,comma,final,7,2,employees,15.020926475524902
critical,11,unambiguous,long,comma,final,7,3,"mopped,",38.85123825073242
critical,11,unambiguous,long,comma,final,7,4,the,2.445378541946411
critical,11,unambiguous,long,comma,final,7,5,bathroom,15.45437717437744
critical,11,unambiguous,long,comma,final,7,6,downstairs,13.561367988586426
critical,11,unambiguous,long,comma,final,7,7,sparkled.,21.61735427379608
critical,11,unambiguous,short,comma,final,6,0,Because,63.27117919921875
critical,11,unambiguous,short,comma,final,6,1,the,5.940990447998047
critical,11,unambiguous,short,comma,final,6,2,employees,15.020926475524902
critical,11,unambiguous,short,comma,final,6,3,"mopped,",38.85123825073242
critical,11,unambiguous,short,comma,final,6,4,the,2.445378541946411
critical,11,unambiguous,short,comma,final,6,5,bathroom,15.45437717437744
critical,11,unambiguous,short,comma,final,6,6,sparkled.,26.45087599754333
critical,11,unambiguous,long,object,final,9,0,Because,63.27117919921875
critical,11,unambiguous,long,object,final,9,1,the,5.940990447998047
critical,11,unambiguous,long,object,final,9,2,employees,15.020926475524902
critical,11,unambiguous,long,object,final,9,3,mopped,28.960623741149902
critical,11,unambiguous,long,object,final,9,4,the,4.005715370178223
critical,11,unambiguous,long,object,final,9,5,floor,0.6446515321731567
critical,11,unambiguous,long,object,final,9,6,the,6.963750839233398
critical,11,unambiguous,long,object,final,9,7,bathroom,12.55798053741455
critical,11,unambiguous,long,object,final,9,8,downstairs,11.957356452941896
critical,11,unambiguous,long,object,final,9,9,sparkled.,22.044686555862427
critical,11,unambiguous,short,object,final,8,0,Because,63.27117919921875
critical,11,unambiguous,short,object,final,8,1,the,5.940990447998047
critical,11,unambiguous,short,object,final,8,2,employees,15.020926475524902
critical,11,unambiguous,short,object,final,8,3,mopped,28.960623741149902
critical,11,unambiguous,short,object,final,8,4,the,4.005715370178223
critical,11,unambiguous,short,object,final,8,5,floor,0.6446515321731567
critical,11,unambiguous,short,object,final,8,6,the,6.963750839233398
critical,11,unambiguous,short,object,final,8,7,bathroom,12.55798053741455
critical,11,unambiguous,short,object,final,8,8,sparkled.,22.569759130477905
critical,11,ambiguous,long,,nonfinal,7,0,Because,63.27117919921875
critical,11,ambiguous,long,,nonfinal,7,1,the,5.940990447998047
critical,11,ambiguous,long,,nonfinal,7,2,employees,15.020926475524902
critical,11,ambiguous,long,,nonfinal,7,3,mopped,28.960623741149902
critical,11,ambiguous,long,,nonfinal,7,4,the,4.005715370178223
critical,11,ambiguous,long,,nonfinal,7,5,bathroom,12.240982055664062
critical,11,ambiguous,long,,nonfinal,7,6,downstairs,11.65471076965332
critical,11,ambiguous,long,,nonfinal,7,7,sparkled,22.582792043685917
critical,11,ambiguous,long,,nonfinal,7,8,brilliantly,11.332781791687012
critical,11,ambiguous,long,,nonfinal,7,9,in,3.8266992568969727
critical,11,ambiguous,long,,nonfinal,7,10,the,0.9402525424957277
critical,11,ambiguous,long,,nonfinal,7,11,light.,6.995362758636475
critical,11,ambiguous,short,,nonfinal,6,0,Because,63.27117919921875
critical,11,ambiguous,short,,nonfinal,6,1,the,5.940990447998047
critical,11,ambiguous,short,,nonfinal,6,2,employees,15.020926475524902
critical,11,ambiguous,short,,nonfinal,6,3,mopped,28.960623741149902
critical,11,ambiguous,short,,nonfinal,6,4,the,4.005715370178223
critical,11,ambiguous,short,,nonfinal,6,5,bathroom,12.240982055664062
critical,11,ambiguous,short,,nonfinal,6,6,sparkled,28.162931442260746
critical,11,ambiguous,short,,nonfinal,6,7,brilliantly,13.40621566772461
critical,11,ambiguous,short,,nonfinal,6,8,in,3.5905354022979736
critical,11,ambiguous,short,,nonfinal,6,9,the,0.946328341960907
critical,11,ambiguous,short,,nonfinal,6,10,light.,7.359734773635864
critical,11,unambiguous,long,comma,nonfinal,7,0,Because,63.27117919921875
critical,11,unambiguous,long,comma,nonfinal,7,1,the,5.940990447998047
critical,11,unambiguous,long,comma,nonfinal,7,2,employees,15.020926475524902
critical,11,unambiguous,long,comma,nonfinal,7,3,"mopped,",38.85123825073242
critical,11,unambiguous,long,comma,nonfinal,7,4,the,2.445378541946411
critical,11,unambiguous,long,comma,nonfinal,7,5,bathroom,15.45437717437744
critical,11,unambiguous,long,comma,nonfinal,7,6,downstairs,13.561367988586426
critical,11,unambiguous,long,comma,nonfinal,7,7,sparkled,19.30370604991913
critical,11,unambiguous,long,comma,nonfinal,7,8,brilliantly,11.772440910339355
critical,11,unambiguous,long,comma,nonfinal,7,9,in,4.718873500823975
critical,11,unambiguous,long,comma,nonfinal,7,10,the,0.7356124520301819
critical,11,unambiguous,long,comma,nonfinal,7,11,light.,6.778130650520325
critical,11,unambiguous,short,comma,nonfinal,6,0,Because,63.27117919921875
critical,11,unambiguous,short,comma,nonfinal,6,1,the,5.940990447998047
critical,11,unambiguous,short,comma,nonfinal,6,2,employees,15.020926475524902
critical,11,unambiguous,short,comma,nonfinal,6,3,"mopped,",38.85123825073242
critical,11,unambiguous,short,comma,nonfinal,6,4,the,2.445378541946411
critical,11,unambiguous,short,comma,nonfinal,6,5,bathroom,15.45437717437744
critical,11,unambiguous,short,comma,nonfinal,6,6,sparkled,22.93289804458618
critical,11,unambiguous,short,comma,nonfinal,6,7,brilliantly,13.557053565979004
critical,11,unambiguous,short,comma,nonfinal,6,8,in,4.389899730682373
critical,11,unambiguous,short,comma,nonfinal,6,9,the,0.8539584875106812
critical,11,unambiguous,short,comma,nonfinal,6,10,light.,6.800320506095886
critical,11,unambiguous,long,object,nonfinal,9,0,Because,63.27117919921875
critical,11,unambiguous,long,object,nonfinal,9,1,the,5.940990447998047
critical,11,unambiguous,long,object,nonfinal,9,2,employees,15.020926475524902
critical,11,unambiguous,long,object,nonfinal,9,3,mopped,28.960623741149902
critical,11,unambiguous,long,object,nonfinal,9,4,the,4.005715370178223
critical,11,unambiguous,long,object,nonfinal,9,5,floor,0.6446515321731567
critical,11,unambiguous,long,object,nonfinal,9,6,the,6.963750839233398
critical,11,unambiguous,long,object,nonfinal,9,7,bathroom,12.55798053741455
critical,11,unambiguous,long,object,nonfinal,9,8,downstairs,11.957356452941896
critical,11,unambiguous,long,object,nonfinal,9,9,sparkled,19.699426651000977
critical,11,unambiguous,long,object,nonfinal,9,10,brilliantly,11.2633056640625
critical,11,unambiguous,long,object,nonfinal,9,11,in,4.544700622558594
critical,11,unambiguous,long,object,nonfinal,9,12,the,0.8512288331985474
critical,11,unambiguous,long,object,nonfinal,9,13,light.,6.624738693237305
critical,11,unambiguous,short,object,nonfinal,8,0,Because,63.27117919921875
critical,11,unambiguous,short,object,nonfinal,8,1,the,5.940990447998047
critical,11,unambiguous,short,object,nonfinal,8,2,employees,15.020926475524902
critical,11,unambiguous,short,object,nonfinal,8,3,mopped,28.960623741149902
critical,11,unambiguous,short,object,nonfinal,8,4,the,4.005715370178223
critical,11,unambiguous,short,object,nonfinal,8,5,floor,0.6446515321731567
critical,11,unambiguous,short,object,nonfinal,8,6,the,6.963750839233398
critical,11,unambiguous,short,object,nonfinal,8,7,bathroom,12.55798053741455
critical,11,unambiguous,short,object,nonfinal,8,8,sparkled,19.888568878173828
critical,11,unambiguous,short,object,nonfinal,8,9,brilliantly,12.181192398071287
critical,11,unambiguous,short,object,nonfinal,8,10,in,4.2071852684021
critical,11,unambiguous,short,object,nonfinal,8,11,the,0.778671383857727
critical,11,unambiguous,short,object,nonfinal,8,12,light.,6.417192816734314
critical,12,ambiguous,long,,final,8,0,As,74.56287384033203
critical,12,ambiguous,long,,final,8,1,the,8.519684791564941
critical,12,ambiguous,long,,final,8,2,journalist,16.49712562561035
critical,12,ambiguous,long,,final,8,3,recorded,14.44077491760254
critical,12,ambiguous,long,,final,8,4,the,1.3527907133102417
critical,12,ambiguous,long,,final,8,5,demonstrators,17.067635625600815
critical,12,ambiguous,long,,final,8,6,protesting,7.562613487243652
critical,12,ambiguous,long,,final,8,7,angrily,13.700055122375488
critical,12,ambiguous,long,,final,8,8,shouted.,22.699464321136475
critical,12,ambiguous,short,,final,6,0,As,74.56287384033203
critical,12,ambiguous,short,,final,6,1,the,8.519684791564941
critical,12,ambiguous,short,,final,6,2,journalist,16.49712562561035
critical,12,ambiguous,short,,final,6,3,recorded,14.44077491760254
critical,12,ambiguous,short,,final,6,4,the,1.3527907133102417
critical,12,ambiguous,short,,final,6,5,demonstrators,17.067635625600815
critical,12,ambiguous,short,,final,6,6,shouted.,17.840582370758057
critical,12,unambiguous,long,comma,final,8,0,As,74.56287384033203
critical,12,unambiguous,long,comma,final,8,1,the,8.519684791564941
critical,12,unambiguous,long,comma,final,8,2,journalist,16.49712562561035
critical,12,unambiguous,long,comma,final,8,3,"recorded,",19.930482864379883
critical,12,unambiguous,long,comma,final,8,4,the,2.7296204566955566
critical,12,unambiguous,long,comma,final,8,5,demonstrators,14.071031033992767
critical,12,unambiguous,long,comma,final,8,6,protesting,10.80207347869873
critical,12,unambiguous,long,comma,final,8,7,angrily,13.75271224975586
critical,12,unambiguous,long,comma,final,8,8,shouted.,15.43368434906006
critical,12,unambiguous,short,comma,final,6,0,As,74.56287384033203
critical,12,unambiguous,short,comma,final,6,1,the,8.519684791564941
critical,12,unambiguous,short,comma,final,6,2,journalist,16.49712562561035
critical,12,unambiguous,short,comma,final,6,3,"recorded,",19.930482864379883
critical,12,unambiguous,short,comma,final,6,4,the,2.7296204566955566
critical,12,unambiguous,short,comma,final,6,5,demonstrators,14.071031033992767
critical,12,unambiguous,short,comma,final,6,6,shouted.,13.660430431365969
critical,12,unambiguous,long,object,final,10,0,As,74.56287384033203
critical,12,unambiguous,long,object,final,10,1,the,8.519684791564941
critical,12,unambiguous,long,object,final,10,2,journalist,16.49712562561035
critical,12,unambiguous,long,object,final,10,3,recorded,14.44077491760254
critical,12,unambiguous,long,object,final,10,4,the,1.3527907133102417
critical,12,unambiguous,long,object,final,10,5,commotion,13.767505526542664
critical,12,unambiguous,long,object,final,10,6,the,7.681840419769287
critical,12,unambiguous,long,object,final,10,7,demonstrators,12.125541538000109
critical,12,unambiguous,long,object,final,10,8,protesting,11.731759071350098
critical,12,unambiguous,long,object,final,10,9,angrily,12.969550132751465
critical,12,unambiguous,long,object,final,10,10,shouted.,14.091196060180664
critical,12,unambiguous,short,object,final,8,0,As,74.56287384033203
critical,12,unambiguous,short,object,final,8,1,the,8.519684791564941
critical,12,unambiguous,short,object,final,8,2,journalist,16.49712562561035
critical,12,unambiguous,short,object,final,8,3,recorded,14.44077491760254
critical,12,unambiguous,short,object,final,8,4,the,1.3527907133102417
critical,12,unambiguous,short,object,final,8,5,commotion,13.767505526542664
critical,12,unambiguous,short,object,final,8,6,the,7.681840419769287
critical,12,unambiguous,short,object,final,8,7,demonstrators,12.125541538000109
critical,12,unambiguous,short,object,final,8,8,shouted.,11.560227870941162
critical,12,ambiguous,long,,nonfinal,8,0,As,74.56287384033203
critical,12,ambiguous,long,,nonfinal,8,1,the,8.519684791564941
critical,12,ambiguous,long,,nonfinal,8,2,journalist,16.49712562561035
critical,12,ambiguous,long,,nonfinal,8,3,recorded,14.44077491760254
critical,12,ambiguous,long,,nonfinal,8,4,the,1.3527907133102417
critical,12,ambiguous,long,,nonfinal,8,5,demonstrators,17.067635625600815
critical,12,ambiguous,long,,nonfinal,8,6,protesting,7.562613487243652
critical,12,ambiguous,long,,nonfinal,8,7,angrily,13.700055122375488
critical,12,ambiguous,long,,nonfinal,8,8,shouted,15.034530639648438
critical,12,ambiguous,long,,nonfinal,8,9,to,7.387912273406982
critical,12,ambiguous,long,,nonfinal,8,10,demand,12.108811378479004
critical,12,ambiguous,long,,nonfinal,8,11,immediate,7.146817207336426
critical,12,ambiguous,long,,nonfinal,8,12,change.,9.28470778465271
critical,12,ambiguous,short,,nonfinal,6,0,As,74.56287384033203
critical,12,ambiguous,short,,nonfinal,6,1,the,8.519684791564941
critical,12,ambiguous,short,,nonfinal,6,2,journalist,16.49712562561035
critical,12,ambiguous,short,,nonfinal,6,3,recorded,14.44077491760254
critical,12,ambiguous,short,,nonfinal,6,4,the,1.3527907133102417
critical,12,ambiguous,short,,nonfinal,6,5,demonstrators,17.067635625600815
critical,12,ambiguous,short,,nonfinal,6,6,shouted,11.712474822998049
critical,12,ambiguous,short,,nonfinal,6,7,to,7.213915348052978
critical,12,ambiguous,short,,nonfinal,6,8,demand,11.472436904907228
critical,12,ambiguous,short,,nonfinal,6,9,immediate,7.446204662322998
critical,12,ambiguous,short,,nonfinal,6,10,change.,8.84443187713623
critical,12,unambiguous,long,comma,nonfinal,8,0,As,74.56287384033203
critical,12,unambiguous,long,comma,nonfinal,8,1,the,8.519684791564941
critical,12,unambiguous,long,comma,nonfinal,8,2,journalist,16.49712562561035
critical,12,unambiguous,long,comma,nonfinal,8,3,"recorded,",19.930482864379883
critical,12,unambiguous,long,comma,nonfinal,8,4,the,2.7296204566955566
critical,12,unambiguous,long,comma,nonfinal,8,5,demonstrators,14.071031033992767
critical,12,unambiguous,long,comma,nonfinal,8,6,protesting,10.80207347869873
critical,12,unambiguous,long,comma,nonfinal,8,7,angrily,13.75271224975586
critical,12,unambiguous,long,comma,nonfinal,8,8,shouted,7.614125728607178
critical,12,unambiguous,long,comma,nonfinal,8,9,to,7.434845447540283
critical,12,unambiguous,long,comma,nonfinal,8,10,demand,11.943971633911133
critical,12,unambiguous,long,comma,nonfinal,8,11,immediate,7.129822731018066
critical,12,unambiguous,long,comma,nonfinal,8,12,change.,9.491989135742188
critical,12,unambiguous,short,comma,nonfinal,6,0,As,74.56287384033203
critical,12,unambiguous,short,comma,nonfinal,6,1,the,8.519684791564941
critical,12,unambiguous,short,comma,nonfinal,6,2,journalist,16.49712562561035
critical,12,unambiguous,short,comma,nonfinal,6,3,"recorded,",19.930482864379883
critical,12,unambiguous,short,comma,nonfinal,6,4,the,2.7296204566955566
critical,12,unambiguous,short,comma,nonfinal,6,5,demonstrators,14.071031033992767
critical,12,unambiguous,short,comma,nonfinal,6,6,shouted,7.683073043823242
critical,12,unambiguous,short,comma,nonfinal,6,7,to,7.065366268157959
critical,12,unambiguous,short,comma,nonfinal,6,8,demand,11.175338745117188
critical,12,unambiguous,short,comma,nonfinal,6,9,immediate,7.219198703765869
critical,12,unambiguous,short,comma,nonfinal,6,10,change.,8.897352933883667
critical,12,unambiguous,long,object,nonfinal,10,0,As,74.56287384033203
critical,12,unambiguous,long,object,nonfinal,10,1,the,8.519684791564941
critical,12,unambiguous,long,object,nonfinal,10,2,journalist,16.49712562561035
critical,12,unambiguous,long,object,nonfinal,10,3,recorded,14.44077491760254
critical,12,unambiguous,long,object,nonfinal,10,4,the,1.3527907133102417
critical,12,unambiguous,long,object,nonfinal,10,5,commotion,13.767505526542664
critical,12,unambiguous,long,object,nonfinal,10,6,the,7.681840419769287
critical,12,unambiguous,long,object,nonfinal,10,7,demonstrators,12.125541538000109
critical,12,unambiguous,long,object,nonfinal,10,8,protesting,11.731759071350098
critical,12,unambiguous,long,object,nonfinal,10,9,angrily,12.969550132751465
critical,12,unambiguous,long,object,nonfinal,10,10,shouted,6.952391624450684
critical,12,unambiguous,long,object,nonfinal,10,11,to,6.972644329071045
critical,12,unambiguous,long,object,nonfinal,10,12,demand,13.26585578918457
critical,12,unambiguous,long,object,nonfinal,10,13,immediate,6.471434593200684
critical,12,unambiguous,long,object,nonfinal,10,14,change.,9.504581093788149
critical,12,unambiguous,short,object,nonfinal,8,0,As,74.56287384033203
critical,12,unambiguous,short,object,nonfinal,8,1,the,8.519684791564941
critical,12,unambiguous,short,object,nonfinal,8,2,journalist,16.49712562561035
critical,12,unambiguous,short,object,nonfinal,8,3,recorded,14.44077491760254
critical,12,unambiguous,short,object,nonfinal,8,4,the,1.3527907133102417
critical,12,unambiguous,short,object,nonfinal,8,5,commotion,13.767505526542664
critical,12,unambiguous,short,object,nonfinal,8,6,the,7.681840419769287
critical,12,unambiguous,short,object,nonfinal,8,7,demonstrators,12.125541538000109
critical,12,unambiguous,short,object,nonfinal,8,8,shouted,6.4525909423828125
critical,12,unambiguous,short,object,nonfinal,8,9,to,7.004432201385498
critical,12,unambiguous,short,object,nonfinal,8,10,demand,12.66989803314209
critical,12,unambiguous,short,object,nonfinal,8,11,immediate,6.703636169433594
critical,12,unambiguous,short,object,nonfinal,8,12,change.,9.292280435562134
critical,13,ambiguous,long,,final,12,0,Whenever,68.6549072265625
critical,13,ambiguous,long,,final,12,1,the,5.7476654052734375
critical,13,ambiguous,long,,final,12,2,wildlife,22.043190002441406
critical,13,ambiguous,long,,final,12,3,documentary,14.933707237243652
critical,13,ambiguous,long,,final,12,4,crew,11.252387046813965
critical,13,ambiguous,long,,final,12,5,tries,7.883222103118896
critical,13,ambiguous,long,,final,12,6,to,0.0891117751598358
critical,13,ambiguous,long,,final,12,7,film,6.145630836486816
critical,13,ambiguous,long,,final,12,8,the,1.8164008855819704
critical,13,ambiguous,long,,final,12,9,bear,12.373416900634766
critical,13,ambiguous,long,,final,12,10,hunting,8.304654121398926
critical,13,ambiguous,long,,final,12,11,cautiously,20.276451110839844
critical,13,ambiguous,long,,final,12,12,leaves.,21.89367246627808
critical,13,ambiguous,short,,final,10,0,Whenever,68.6549072265625
critical,13,ambiguous,short,,final,10,1,the,5.7476654052734375
critical,13,ambiguous,short,,final,10,2,wildlife,22.043190002441406
critical,13,ambiguous,short,,final,10,3,documentary,14.933707237243652
critical,13,ambiguous,short,,final,10,4,crew,11.252387046813965
critical,13,ambiguous,short,,final,10,5,tries,7.883222103118896
critical,13,ambiguous,short,,final,10,6,to,0.0891117751598358
critical,13,ambiguous,short,,final,10,7,film,6.145630836486816
critical,13,ambiguous,short,,final,10,8,the,1.8164008855819704
critical,13,ambiguous,short,,final,10,9,bear,12.373416900634766
critical,13,ambiguous,short,,final,10,10,leaves.,21.41914319992065
critical,13,unambiguous,long,comma,final,12,0,Whenever,68.6549072265625
critical,13,unambiguous,long,comma,final,12,1,the,5.7476654052734375
critical,13,unambiguous,long,comma,final,12,2,wildlife,22.043190002441406
critical,13,unambiguous,long,comma,final,12,3,documentary,14.933707237243652
critical,13,unambiguous,long,comma,final,12,4,crew,11.252387046813965
critical,13,unambiguous,long,comma,final,12,5,tries,7.883222103118896
critical,13,unambiguous,long,comma,final,12,6,to,0.0891117751598358
critical,13,unambiguous,long,comma,final,12,7,"film,",11.119688034057615
critical,13,unambiguous,long,comma,final,12,8,the,2.658560037612915
critical,13,unambiguous,long,comma,final,12,9,bear,13.00908660888672
critical,13,unambiguous,long,comma,final,12,10,hunting,11.21628475189209
critical,13,unambiguous,long,comma,final,12,11,cautiously,18.598737716674805
critical,13,unambiguous,long,comma,final,12,12,leaves.,14.171678066253662
critical,13,unambiguous,short,comma,final,10,0,Whenever,68.6549072265625
critical,13,unambiguous,short,comma,final,10,1,the,5.7476654052734375
critical,13,unambiguous,short,comma,final,10,2,wildlife,22.043190002441406
critical,13,unambiguous,short,comma,final,10,3,documentary,14.933707237243652
critical,13,unambiguous,short,comma,final,10,4,crew,11.252387046813965
critical,13,unambiguous,short,comma,final,10,5,tries,7.883222103118896
critical,13,unambiguous,short,comma,final,10,6,to,0.0891117751598358
critical,13,unambiguous,short,comma,final,10,7,"film,",11.119688034057615
critical,13,unambiguous,short,comma,final,10,8,the,2.658560037612915
critical,13,unambiguous,short,comma,final,10,9,bear,13.00908660888672
critical,13,unambiguous,short,comma,final,10,10,leaves.,15.29270839691162
critical,13,unambiguous,long,object,final,14,0,Whenever,68.6549072265625
critical,13,unambiguous,long,object,final,14,1,the,5.7476654052734375
critical,13,unambiguous,long,object,final,14,2,wildlife,22.043190002441406
critical,13,unambiguous,long,object,final,14,3,documentary,14.933707237243652
critical,13,unambiguous,long,object,final,14,4,crew,11.252387046813965
critical,13,unambiguous,long,object,final,14,5,tries,7.883222103118896
critical,13,unambiguous,long,object,final,14,6,to,0.0891117751598358
critical,13,unambiguous,long,object,final,14,7,film,6.145630836486816
critical,13,unambiguous,long,object,final,14,8,a,2.285998821258545
critical,13,unambiguous,long,object,final,14,9,scene,6.941120624542236
critical,13,unambiguous,long,object,final,14,10,the,7.080159664154053
critical,13,unambiguous,long,object,final,14,11,bear,13.038585662841797
critical,13,unambiguous,long,object,final,14,12,hunting,10.78270149230957
critical,13,unambiguous,long,object,final,14,13,cautiously,17.591211318969727
critical,13,unambiguous,long,object,final,14,14,leaves.,15.08903694152832
critical,13,unambiguous,short,object,final,12,0,Whenever,68.6549072265625
critical,13,unambiguous,short,object,final,12,1,the,5.7476654052734375
critical,13,unambiguous,short,object,final,12,2,wildlife,22.043190002441406
critical,13,unambiguous,short,object,final,12,3,documentary,14.933707237243652
critical,13,unambiguous,short,object,final,12,4,crew,11.252387046813965
critical,13,unambiguous,short,object,final,12,5,tries,7.883222103118896
critical,13,unambiguous,short,object,final,12,6,to,0.0891117751598358
critical,13,unambiguous,short,object,final,12,7,film,6.145630836486816
critical,13,unambiguous,short,object,final,12,8,a,2.285998821258545
critical,13,unambiguous,short,object,final,12,9,scene,6.941120624542236
critical,13,unambiguous,short,object,final,12,10,the,7.080159664154053
critical,13,unambiguous,short,object,final,12,11,bear,13.038585662841797
critical,13,unambiguous,short,object,final,12,12,leaves.,14.88342809677124
critical,13,ambiguous,long,,nonfinal,12,0,Whenever,68.6549072265625
critical,13,ambiguous,long,,nonfinal,12,1,the,5.7476654052734375
critical,13,ambiguous,long,,nonfinal,12,2,wildlife,22.043190002441406
critical,13,ambiguous,long,,nonfinal,12,3,documentary,14.933707237243652
critical,13,ambiguous,long,,nonfinal,12,4,crew,11.252387046813965
critical,13,ambiguous,long,,nonfinal,12,5,tries,7.883222103118896
critical,13,ambiguous,long,,nonfinal,12,6,to,0.0891117751598358
critical,13,ambiguous,long,,nonfinal,12,7,film,6.145630836486816
critical,13,ambiguous,long,,nonfinal,12,8,the,1.8164008855819704
critical,13,ambiguous,long,,nonfinal,12,9,bear,12.373416900634766
critical,13,ambiguous,long,,nonfinal,12,10,hunting,8.304654121398926
critical,13,ambiguous,long,,nonfinal,12,11,cautiously,20.276451110839844
critical,13,ambiguous,long,,nonfinal,12,12,leaves,13.969504356384276
critical,13,ambiguous,long,,nonfinal,12,13,the,1.713640570640564
critical,13,ambiguous,long,,nonfinal,12,14,area,4.521894454956055
critical,13,ambiguous,long,,nonfinal,12,15,quickly.,15.012340307235718
critical,13,ambiguous,short,,nonfinal,10,0,Whenever,68.6549072265625
critical,13,ambiguous,short,,nonfinal,10,1,the,5.7476654052734375
critical,13,ambiguous,short,,nonfinal,10,2,wildlife,22.043190002441406
critical,13,ambiguous,short,,nonfinal,10,3,documentary,14.933707237243652
critical,13,ambiguous,short,,nonfinal,10,4,crew,11.252387046813965
critical,13,ambiguous,short,,nonfinal,10,5,tries,7.883222103118896
critical,13,ambiguous,short,,nonfinal,10,6,to,0.0891117751598358
critical,13,ambiguous,short,,nonfinal,10,7,film,6.145630836486816
critical,13,ambiguous,short,,nonfinal,10,8,the,1.8164008855819704
critical,13,ambiguous,short,,nonfinal,10,9,bear,12.373416900634766
critical,13,ambiguous,short,,nonfinal,10,10,leaves,16.083179473876953
critical,13,ambiguous,short,,nonfinal,10,11,the,2.43622088432312
critical,13,ambiguous,short,,nonfinal,10,12,area,5.012449264526367
critical,13,ambiguous,short,,nonfinal,10,13,quickly.,16.4705331325531
critical,13,unambiguous,long,comma,nonfinal,12,0,Whenever,68.6549072265625
critical,13,unambiguous,long,comma,nonfinal,12,1,the,5.7476654052734375
critical,13,unambiguous,long,comma,nonfinal,12,2,wildlife,22.043190002441406
critical,13,unambiguous,long,comma,nonfinal,12,3,documentary,14.933707237243652
critical,13,unambiguous,long,comma,nonfinal,12,4,crew,11.252387046813965
critical,13,unambiguous,long,comma,nonfinal,12,5,tries,7.883222103118896
critical,13,unambiguous,long,comma,nonfinal,12,6,to,0.0891117751598358
critical,13,unambiguous,long,comma,nonfinal,12,7,"film,",11.119688034057615
critical,13,unambiguous,long,comma,nonfinal,12,8,the,2.658560037612915
critical,13,unambiguous,long,comma,nonfinal,12,9,bear,13.00908660888672
critical,13,unambiguous,long,comma,nonfinal,12,10,hunting,11.21628475189209
critical,13,unambiguous,long,comma,nonfinal,12,11,cautiously,18.598737716674805
critical,13,unambiguous,long,comma,nonfinal,12,12,leaves,8.723179817199707
critical,13,unambiguous,long,comma,nonfinal,12,13,the,1.1249041557312012
critical,13,unambiguous,long,comma,nonfinal,12,14,area,4.175749778747559
critical,13,unambiguous,long,comma,nonfinal,12,15,quickly.,13.817696690559387
critical,13,unambiguous,short,comma,nonfinal,10,0,Whenever,68.6549072265625
critical,13,unambiguous,short,comma,nonfinal,10,1,the,5.7476654052734375
critical,13,unambiguous,short,comma,nonfinal,10,2,wildlife,22.043190002441406
critical,13,unambiguous,short,comma,nonfinal,10,3,documentary,14.933707237243652
critical,13,unambiguous,short,comma,nonfinal,10,4,crew,11.252387046813965
critical,13,unambiguous,short,comma,nonfinal,10,5,tries,7.883222103118896
critical,13,unambiguous,short,comma,nonfinal,10,6,to,0.0891117751598358
critical,13,unambiguous,short,comma,nonfinal,10,7,"film,",11.119688034057615
critical,13,unambiguous,short,comma,nonfinal,10,8,the,2.658560037612915
critical,13,unambiguous,short,comma,nonfinal,10,9,bear,13.00908660888672
critical,13,unambiguous,short,comma,nonfinal,10,10,leaves,12.079136848449709
critical,13,unambiguous,short,comma,nonfinal,10,11,the,1.564123034477234
critical,13,unambiguous,short,comma,nonfinal,10,12,area,5.268866062164307
critical,13,unambiguous,short,comma,nonfinal,10,13,quickly.,12.718064665794373
critical,13,unambiguous,long,object,nonfinal,14,0,Whenever,68.6549072265625
critical,13,unambiguous,long,object,nonfinal,14,1,the,5.7476654052734375
critical,13,unambiguous,long,object,nonfinal,14,2,wildlife,22.043190002441406
critical,13,unambiguous,long,object,nonfinal,14,3,documentary,14.933707237243652
critical,13,unambiguous,long,object,nonfinal,14,4,crew,11.252387046813965
critical,13,unambiguous,long,object,nonfinal,14,5,tries,7.883222103118896
critical,13,unambiguous,long,object,nonfinal,14,6,to,0.0891117751598358
critical,13,unambiguous,long,object,nonfinal,14,7,film,6.145630836486816
critical,13,unambiguous,long,object,nonfinal,14,8,a,2.285998821258545
critical,13,unambiguous,long,object,nonfinal,14,9,scene,6.941120624542236
critical,13,unambiguous,long,object,nonfinal,14,10,the,7.080159664154053
critical,13,unambiguous,long,object,nonfinal,14,11,bear,13.038585662841797
critical,13,unambiguous,long,object,nonfinal,14,12,hunting,10.78270149230957
critical,13,unambiguous,long,object,nonfinal,14,13,cautiously,17.591211318969727
critical,13,unambiguous,long,object,nonfinal,14,14,leaves,9.825806617736816
critical,13,unambiguous,long,object,nonfinal,14,15,the,1.259188175201416
critical,13,unambiguous,long,object,nonfinal,14,16,area,4.064712047576904
critical,13,unambiguous,long,object,nonfinal,14,17,quickly.,14.496954441070557
critical,13,unambiguous,short,object,nonfinal,12,0,Whenever,68.6549072265625
critical,13,unambiguous,short,object,nonfinal,12,1,the,5.7476654052734375
critical,13,unambiguous,short,object,nonfinal,12,2,wildlife,22.043190002441406
critical,13,unambiguous,short,object,nonfinal,12,3,documentary,14.933707237243652
critical,13,unambiguous,short,object,nonfinal,12,4,crew,11.252387046813965
critical,13,unambiguous,short,object,nonfinal,12,5,tries,7.883222103118896
critical,13,unambiguous,short,object,nonfinal,12,6,to,0.0891117751598358
critical,13,unambiguous,short,object,nonfinal,12,7,film,6.145630836486816
critical,13,unambiguous,short,object,nonfinal,12,8,a,2.285998821258545
critical,13,unambiguous,short,object,nonfinal,12,9,scene,6.941120624542236
critical,13,unambiguous,short,object,nonfinal,12,10,the,7.080159664154053
critical,13,unambiguous,short,object,nonfinal,12,11,bear,13.038585662841797
critical,13,unambiguous,short,object,nonfinal,12,12,leaves,10.260446548461914
critical,13,unambiguous,short,object,nonfinal,12,13,the,2.544792890548706
critical,13,unambiguous,short,object,nonfinal,12,14,area,4.992020606994629
critical,13,unambiguous,short,object,nonfinal,12,15,quickly.,15.315690517425535
critical,14,ambiguous,long,,final,9,0,While,66.4471206665039
critical,14,ambiguous,long,,final,9,1,the,5.976608753204346
critical,14,ambiguous,long,,final,9,2,mechanic,18.803464889526367
critical,14,ambiguous,long,,final,9,3,inspected,26.243682861328125
critical,14,ambiguous,long,,final,9,4,the,1.555229425430298
critical,14,ambiguous,long,,final,9,5,engine,7.480986595153809
critical,14,ambiguous,long,,final,9,6,running,10.990863800048828
critical,14,ambiguous,long,,final,9,7,on,3.0848348140716557
critical,14,ambiguous,long,,final,9,8,diesel,10.199248313903809
critical,14,ambiguous,long,,final,9,9,hissed.,22.83515691757202
critical,14,ambiguous,short,,final,6,0,While,66.4471206665039
critical,14,ambiguous,short,,final,6,1,the,5.976608753204346
critical,14,ambiguous,short,,final,6,2,mechanic,18.803464889526367
critical,14,ambiguous,short,,final,6,3,inspected,26.243682861328125
critical,14,ambiguous,short,,final,6,4,the,1.555229425430298
critical,14,ambiguous,short,,final,6,5,engine,7.480986595153809
critical,14,ambiguous,short,,final,6,6,hissed.,25.46245765686035
critical,14,unambiguous,long,comma,final,9,0,While,66.4471206665039
critical,14,unambiguous,long,comma,final,9,1,the,5.976608753204346
critical,14,unambiguous,long,comma,final,9,2,mechanic,18.803464889526367
critical,14,unambiguous,long,comma,final,9,3,"inspected,",32.70877742767334
critical,14,unambiguous,long,comma,final,9,4,the,2.243027925491333
critical,14,unambiguous,long,comma,final,9,5,engine,7.879964351654053
critical,14,unambiguous,long,comma,final,9,6,running,10.175296783447266
critical,14,unambiguous,long,comma,final,9,7,on,3.4404895305633545
critical,14,unambiguous,long,comma,final,9,8,diesel,9.38209629058838
critical,14,unambiguous,long,comma,final,9,9,hissed.,22.821860313415527
critical,14,unambiguous,short,comma,final,6,0,While,66.4471206665039
critical,14,unambiguous,short,comma,final,6,1,the,5.976608753204346
critical,14,unambiguous,short,comma,final,6,2,mechanic,18.803464889526367
critical,14,unambiguous,short,comma,final,6,3,"inspected,",32.70877742767334
critical,14,unambiguous,short,comma,final,6,4,the,2.243027925491333
critical,14,unambiguous,short,comma,final,6,5,engine,7.879964351654053
critical,14,unambiguous,short,comma,final,6,6,hissed.,19.00828230381012
critical,14,unambiguous,long,object,final,11,0,While,66.4471206665039
critical,14,unambiguous,long,object,final,11,1,the,5.976608753204346
critical,14,unambiguous,long,object,final,11,2,mechanic,18.803464889526367
critical,14,unambiguous,long,object,final,11,3,inspected,26.243682861328125
critical,14,unambiguous,long,object,final,11,4,the,1.555229425430298
critical,14,unambiguous,long,object,final,11,5,vehicle,5.407640933990479
critical,14,unambiguous,long,object,final,11,6,the,6.877016544342041
critical,14,unambiguous,long,object,final,11,7,engine,5.4953436851501465
critical,14,unambiguous,long,object,final,11,8,running,9.085262298583984
critical,14,unambiguous,long,object,final,11,9,on,3.937824726104736
critical,14,unambiguous,long,object,final,11,10,diesel,7.924168109893799
critical,14,unambiguous,long,object,final,11,11,hissed.,23.625364303588867
critical,14,unambiguous,short,object,final,8,0,While,66.4471206665039
critical,14,unambiguous,short,object,final,8,1,the,5.976608753204346
critical,14,unambiguous,short,object,final,8,2,mechanic,18.803464889526367
critical,14,unambiguous,short,object,final,8,3,inspected,26.243682861328125
critical,14,unambiguous,short,object,final,8,4,the,1.555229425430298
critical,14,unambiguous,short,object,final,8,5,vehicle,5.407640933990479
critical,14,unambiguous,short,object,final,8,6,the,6.877016544342041
critical,14,unambiguous,short,object,final,8,7,engine,5.4953436851501465
critical,14,unambiguous,short,object,final,8,8,hissed.,23.017518758773804
critical,14,ambiguous,long,,nonfinal,9,0,While,66.4471206665039
critical,14,ambiguous,long,,nonfinal,9,1,the,5.976608753204346
critical,14,ambiguous,long,,nonfinal,9,2,mechanic,18.803464889526367
critical,14,ambiguous,long,,nonfinal,9,3,inspected,26.243682861328125
critical,14,ambiguous,long,,nonfinal,9,4,the,1.555229425430298
critical,14,ambiguous,long,,nonfinal,9,5,engine,7.480986595153809
critical,14,ambiguous,long,,nonfinal,9,6,running,10.990863800048828
critical,14,ambiguous,long,,nonfinal,9,7,on,3.0848348140716557
critical,14,ambiguous,long,,nonfinal,9,8,diesel,10.199248313903809
critical,14,ambiguous,long,,nonfinal,9,9,hissed,18.008151531219482
critical,14,ambiguous,long,,nonfinal,9,10,as,6.014340400695801
critical,14,ambiguous,long,,nonfinal,9,11,steam,11.51822566986084
critical,14,ambiguous,long,,nonfinal,9,12,escaped.,12.01952338218689
critical,14,ambiguous,short,,nonfinal,6,0,While,66.4471206665039
critical,14,ambiguous,short,,nonfinal,6,1,the,5.976608753204346
critical,14,ambiguous,short,,nonfinal,6,2,mechanic,18.803464889526367
critical,14,ambiguous,short,,nonfinal,6,3,inspected,26.243682861328125
critical,14,ambiguous,short,,nonfinal,6,4,the,1.555229425430298
critical,14,ambiguous,short,,nonfinal,6,5,engine,7.480986595153809
critical,14,ambiguous,short,,nonfinal,6,6,hissed,20.397879600524902
critical,14,ambiguous,short,,nonfinal,6,7,as,6.143165111541748
critical,14,ambiguous,short,,nonfinal,6,8,steam,13.085078239440918
critical,14,ambiguous,short,,nonfinal,6,9,escaped.,13.204216480255129
critical,14,unambiguous,long,comma,nonfinal,9,0,While,66.4471206665039
critical,14,unambiguous,long,comma,nonfinal,9,1,the,5.976608753204346
critical,14,unambiguous,long,comma,nonfinal,9,2,mechanic,18.803464889526367
critical,14,unambiguous,long,comma,nonfinal,9,3,"inspected,",32.70877742767334
critical,14,unambiguous,long,comma,nonfinal,9,4,the,2.243027925491333
critical,14,unambiguous,long,comma,nonfinal,9,5,engine,7.879964351654053
critical,14,unambiguous,long,comma,nonfinal,9,6,running,10.175296783447266
critical,14,unambiguous,long,comma,nonfinal,9,7,on,3.4404895305633545
critical,14,unambiguous,long,comma,nonfinal,9,8,diesel,9.38209629058838
critical,14,unambiguous,long,comma,nonfinal,9,9,hissed,18.681684970855716
critical,14,unambiguous,long,comma,nonfinal,9,10,as,5.122430324554443
critical,14,unambiguous,long,comma,nonfinal,9,11,steam,11.264715194702148
critical,14,unambiguous,long,comma,nonfinal,9,12,escaped.,10.85640287399292
critical,14,unambiguous,short,comma,nonfinal,6,0,While,66.4471206665039
critical,14,unambiguous,short,comma,nonfinal,6,1,the,5.976608753204346
critical,14,unambiguous,short,comma,nonfinal,6,2,mechanic,18.803464889526367
critical,14,unambiguous,short,comma,nonfinal,6,3,"inspected,",32.70877742767334
critical,14,unambiguous,short,comma,nonfinal,6,4,the,2.243027925491333
critical,14,unambiguous,short,comma,nonfinal,6,5,engine,7.879964351654053
critical,14,unambiguous,short,comma,nonfinal,6,6,hissed,15.8568776845932
critical,14,unambiguous,short,comma,nonfinal,6,7,as,5.6488237380981445
critical,14,unambiguous,short,comma,nonfinal,6,8,steam,11.107625007629396
critical,14,unambiguous,short,comma,nonfinal,6,9,escaped.,10.60993719100952
critical,14,unambiguous,long,object,nonfinal,11,0,While,66.4471206665039
critical,14,unambiguous,long,object,nonfinal,11,1,the,5.976608753204346
critical,14,unambiguous,long,object,nonfinal,11,2,mechanic,18.803464889526367
critical,14,unambiguous,long,object,nonfinal,11,3,inspected,26.243682861328125
critical,14,unambiguous,long,object,nonfinal,11,4,the,1.555229425430298
critical,14,unambiguous,long,object,nonfinal,11,5,vehicle,5.407640933990479
critical,14,unambiguous,long,object,nonfinal,11,6,the,6.877016544342041
critical,14,unambiguous,long,object,nonfinal,11,7,engine,5.4953436851501465
critical,14,unambiguous,long,object,nonfinal,11,8,running,9.085262298583984
critical,14,unambiguous,long,object,nonfinal,11,9,on,3.937824726104736
critical,14,unambiguous,long,object,nonfinal,11,10,diesel,7.924168109893799
critical,14,unambiguous,long,object,nonfinal,11,11,hissed,19.395724773406982
critical,14,unambiguous,long,object,nonfinal,11,12,as,5.639049530029297
critical,14,unambiguous,long,object,nonfinal,11,13,steam,10.965767860412598
critical,14,unambiguous,long,object,nonfinal,11,14,escaped.,10.8523530960083
critical,14,unambiguous,short,object,nonfinal,8,0,While,66.4471206665039
critical,14,unambiguous,short,object,nonfinal,8,1,the,5.976608753204346
critical,14,unambiguous,short,object,nonfinal,8,2,mechanic,18.803464889526367
critical,14,unambiguous,short,object,nonfinal,8,3,inspected,26.243682861328125
critical,14,unambiguous,short,object,nonfinal,8,4,the,1.555229425430298
critical,14,unambiguous,short,object,nonfinal,8,5,vehicle,5.407640933990479
critical,14,unambiguous,short,object,nonfinal,8,6,the,6.877016544342041
critical,14,unambiguous,short,object,nonfinal,8,7,engine,5.4953436851501465
critical,14,unambiguous,short,object,nonfinal,8,8,hissed,19.00986647605896
critical,14,unambiguous,short,object,nonfinal,8,9,as,6.026756286621094
critical,14,unambiguous,short,object,nonfinal,8,10,steam,11.30284309387207
critical,14,unambiguous,short,object,nonfinal,8,11,escaped.,11.050652742385864
critical,15,ambiguous,long,,final,10,0,After,73.70172119140625
critical,15,ambiguous,long,,final,10,1,the,7.122029781341553
critical,15,ambiguous,long,,final,10,2,college,19.202619552612305
critical,15,ambiguous,long,,final,10,3,shut,16.60939598083496
critical,15,ambiguous,long,,final,10,4,down,0.3838322460651397
critical,15,ambiguous,long,,final,10,5,the,3.083249807357788
critical,15,ambiguous,long,,final,10,6,parties,13.38015079498291
critical,15,ambiguous,long,,final,10,7,in,5.387388229370117
critical,15,ambiguous,long,,final,10,8,the,1.872139811515808
critical,15,ambiguous,long,,final,10,9,fraternity,12.985092163085938
critical,15,ambiguous,long,,final,10,10,stopped.,16.33501672744751
critical,15,ambiguous,short,,final,7,0,After,73.70172119140625
critical,15,ambiguous,short,,final,7,1,the,7.122029781341553
critical,15,ambiguous,short,,final,7,2,college,19.202619552612305
critical,15,ambiguous,short,,final,7,3,shut,16.60939598083496
critical,15,ambiguous,short,,final,7,4,down,0.3838322460651397
critical,15,ambiguous,short,,final,7,5,the,3.083249807357788
critical,15,ambiguous,short,,final,7,6,parties,13.38015079498291
critical,15,ambiguous,short,,final,7,7,stopped.,12.265197277069092
critical,15,unambiguous,long,comma,final,10,0,After,73.70172119140625
critical,15,unambiguous,long,comma,final,10,1,the,7.122029781341553
critical,15,unambiguous,long,comma,final,10,2,college,19.202619552612305
critical,15,unambiguous,long,comma,final,10,3,shut,16.60939598083496
critical,15,unambiguous,long,comma,final,10,4,"down,",2.1282921135425568
critical,15,unambiguous,long,comma,final,10,5,the,2.7704780101776123
critical,15,unambiguous,long,comma,final,10,6,parties,12.354132652282717
critical,15,unambiguous,long,comma,final,10,7,in,5.785309314727783
critical,15,unambiguous,long,comma,final,10,8,the,1.415397882461548
critical,15,unambiguous,long,comma,final,10,9,fraternity,11.97549593448639
critical,15,unambiguous,long,comma,final,10,10,stopped.,14.046463966369627
critical,15,unambiguous,short,comma,final,7,0,After,73.70172119140625
critical,15,unambiguous,short,comma,final,7,1,the,7.122029781341553
critical,15,unambiguous,short,comma,final,7,2,college,19.202619552612305
critical,15,unambiguous,short,comma,final,7,3,shut,16.60939598083496
critical,15,unambiguous,short,comma,final,7,4,"down,",2.1282921135425568
critical,15,unambiguous,short,comma,final,7,5,the,2.7704780101776123
critical,15,unambiguous,short,comma,final,7,6,parties,12.354132652282717
critical,15,unambiguous,short,comma,final,7,7,stopped.,12.172651052474976
critical,15,unambiguous,long,object,final,12,0,After,73.70172119140625
critical,15,unambiguous,long,object,final,12,1,the,7.122029781341553
critical,15,unambiguous,long,object,final,12,2,college,19.202619552612305
critical,15,unambiguous,long,object,final,12,3,shut,16.60939598083496
critical,15,unambiguous,long,object,final,12,4,down,0.3838322460651397
critical,15,unambiguous,long,object,final,12,5,the,3.083249807357788
critical,15,unambiguous,long,object,final,12,6,campus,7.732383728027344
critical,15,unambiguous,long,object,final,12,7,the,7.754573822021484
critical,15,unambiguous,long,object,final,12,8,parties,12.638110160827637
critical,15,unambiguous,long,object,final,12,9,in,5.795787811279297
critical,15,unambiguous,long,object,final,12,10,the,1.1811712980270386
critical,15,unambiguous,long,object,final,12,11,fraternity,12.127654671669006
critical,15,unambiguous,long,object,final,12,12,stopped.,14.081334114074709
critical,15,unambiguous,short,object,final,9,0,After,73.70172119140625
critical,15,unambiguous,short,object,final,9,1,the,7.122029781341553
critical,15,unambiguous,short,object,final,9,2,college,19.202619552612305
critical,15,unambiguous,short,object,final,9,3,shut,16.60939598083496
critical,15,unambiguous,short,object,final,9,4,down,0.3838322460651397
critical,15,unambiguous,short,object,final,9,5,the,3.083249807357788
critical,15,unambiguous,short,object,final,9,6,campus,7.732383728027344
critical,15,unambiguous,short,object,final,9,7,the,7.754573822021484
critical,15,unambiguous,short,object,final,9,8,parties,12.638110160827637
critical,15,unambiguous,short,object,final,9,9,stopped.,12.051222801208496
critical,15,ambiguous,long,,nonfinal,10,0,After,73.70172119140625
critical,15,ambiguous,long,,nonfinal,10,1,the,7.122029781341553
critical,15,ambiguous,long,,nonfinal,10,2,college,19.202619552612305
critical,15,ambiguous,long,,nonfinal,10,3,shut,16.60939598083496
critical,15,ambiguous,long,,nonfinal,10,4,down,0.3838322460651397
critical,15,ambiguous,long,,nonfinal,10,5,the,3.083249807357788
critical,15,ambiguous,long,,nonfinal,10,6,parties,13.38015079498291
critical,15,ambiguous,long,,nonfinal,10,7,in,5.387388229370117
critical,15,ambiguous,long,,nonfinal,10,8,the,1.872139811515808
critical,15,ambiguous,long,,nonfinal,10,9,fraternity,12.985092163085938
critical,15,ambiguous,long,,nonfinal,10,10,stopped,11.595273971557615
critical,15,ambiguous,long,,nonfinal,10,11,for,8.349034309387207
critical,15,ambiguous,long,,nonfinal,10,12,the,1.86139714717865
critical,15,ambiguous,long,,nonfinal,10,13,year.,11.214435338974
critical,15,ambiguous,short,,nonfinal,7,0,After,73.70172119140625
critical,15,ambiguous,short,,nonfinal,7,1,the,7.122029781341553
critical,15,ambiguous,short,,nonfinal,7,2,college,19.202619552612305
critical,15,ambiguous,short,,nonfinal,7,3,shut,16.60939598083496
critical,15,ambiguous,short,,nonfinal,7,4,down,0.3838322460651397
critical,15,ambiguous,short,,nonfinal,7,5,the,3.083249807357788
critical,15,ambiguous,short,,nonfinal,7,6,parties,13.38015079498291
critical,15,ambiguous,short,,nonfinal,7,7,stopped,8.871641159057617
critical,15,ambiguous,short,,nonfinal,7,8,for,6.782533168792725
critical,15,ambiguous,short,,nonfinal,7,9,the,2.1813013553619385
critical,15,ambiguous,short,,nonfinal,7,10,year.,10.29073715209961
critical,15,unambiguous,long,comma,nonfinal,10,0,After,73.70172119140625
critical,15,unambiguous,long,comma,nonfinal,10,1,the,7.122029781341553
critical,15,unambiguous,long,comma,nonfinal,10,2,college,19.202619552612305
critical,15,unambiguous,long,comma,nonfinal,10,3,shut,16.60939598083496
critical,15,unambiguous,long,comma,nonfinal,10,4,"down,",2.1282921135425568
critical,15,unambiguous,long,comma,nonfinal,10,5,the,2.7704780101776123
critical,15,unambiguous,long,comma,nonfinal,10,6,parties,12.354132652282717
critical,15,unambiguous,long,comma,nonfinal,10,7,in,5.785309314727783
critical,15,unambiguous,long,comma,nonfinal,10,8,the,1.415397882461548
critical,15,unambiguous,long,comma,nonfinal,10,9,fraternity,11.97549593448639
critical,15,unambiguous,long,comma,nonfinal,10,10,stopped,9.662551879882812
critical,15,unambiguous,long,comma,nonfinal,10,11,for,8.842670440673828
critical,15,unambiguous,long,comma,nonfinal,10,12,the,2.238625288009644
critical,15,unambiguous,long,comma,nonfinal,10,13,year.,11.510828733444214
critical,15,unambiguous,short,comma,nonfinal,7,0,After,73.70172119140625
critical,15,unambiguous,short,comma,nonfinal,7,1,the,7.122029781341553
critical,15,unambiguous,short,comma,nonfinal,7,2,college,19.202619552612305
critical,15,unambiguous,short,comma,nonfinal,7,3,shut,16.60939598083496
critical,15,unambiguous,short,comma,nonfinal,7,4,"down,",2.1282921135425568
critical,15,unambiguous,short,comma,nonfinal,7,5,the,2.7704780101776123
critical,15,unambiguous,short,comma,nonfinal,7,6,parties,12.354132652282717
critical,15,unambiguous,short,comma,nonfinal,7,7,stopped,9.22711944580078
critical,15,unambiguous,short,comma,nonfinal,7,8,for,7.016936302185059
critical,15,unambiguous,short,comma,nonfinal,7,9,the,2.840569972991944
critical,15,unambiguous,short,comma,nonfinal,7,10,year.,10.347180843353271
critical,15,unambiguous,long,object,nonfinal,12,0,After,73.70172119140625
critical,15,unambiguous,long,object,nonfinal,12,1,the,7.122029781341553
critical,15,unambiguous,long,object,nonfinal,12,2,college,19.202619552612305
critical,15,unambiguous,long,object,nonfinal,12,3,shut,16.60939598083496
critical,15,unambiguous,long,object,nonfinal,12,4,down,0.3838322460651397
critical,15,unambiguous,long,object,nonfinal,12,5,the,3.083249807357788
critical,15,unambiguous,long,object,nonfinal,12,6,campus,7.732383728027344
critical,15,unambiguous,long,object,nonfinal,12,7,the,7.754573822021484
critical,15,unambiguous,long,object,nonfinal,12,8,parties,12.638110160827637
critical,15,unambiguous,long,object,nonfinal,12,9,in,5.795787811279297
critical,15,unambiguous,long,object,nonfinal,12,10,the,1.1811712980270386
critical,15,unambiguous,long,object,nonfinal,12,11,fraternity,12.127654671669006
critical,15,unambiguous,long,object,nonfinal,12,12,stopped,9.98633098602295
critical,15,unambiguous,long,object,nonfinal,12,13,for,7.430619239807129
critical,15,unambiguous,long,object,nonfinal,12,14,the,1.9505088329315183
critical,15,unambiguous,long,object,nonfinal,12,15,year.,11.879339575767515
critical,15,unambiguous,short,object,nonfinal,9,0,After,73.70172119140625
critical,15,unambiguous,short,object,nonfinal,9,1,the,7.122029781341553
critical,15,unambiguous,short,object,nonfinal,9,2,college,19.202619552612305
critical,15,unambiguous,short,object,nonfinal,9,3,shut,16.60939598083496
critical,15,unambiguous,short,object,nonfinal,9,4,down,0.3838322460651397
critical,15,unambiguous,short,object,nonfinal,9,5,the,3.083249807357788
critical,15,unambiguous,short,object,nonfinal,9,6,campus,7.732383728027344
critical,15,unambiguous,short,object,nonfinal,9,7,the,7.754573822021484
critical,15,unambiguous,short,object,nonfinal,9,8,parties,12.638110160827637
critical,15,unambiguous,short,object,nonfinal,9,9,stopped,9.230905532836914
critical,15,unambiguous,short,object,nonfinal,9,10,for,5.920297622680664
critical,15,unambiguous,short,object,nonfinal,9,11,the,2.4708266258239746
critical,15,unambiguous,short,object,nonfinal,9,12,year.,11.273079872131348
critical,16,ambiguous,long,,final,8,0,Before,70.05127716064453
critical,16,ambiguous,long,,final,8,1,the,8.332876205444336
critical,16,ambiguous,long,,final,8,2,fans,16.309743881225586
critical,16,ambiguous,long,,final,8,3,notice,9.395920753479004
critical,16,ambiguous,long,,final,8,4,the,2.404080867767334
critical,16,ambiguous,long,,final,8,5,celebrity,13.747957229614258
critical,16,ambiguous,long,,final,8,6,shopping,16.074373245239258
critical,16,ambiguous,long,,final,8,7,discreetly,20.24704204499721
critical,16,ambiguous,long,,final,8,8,flees.,28.679903507232662
critical,16,ambiguous,short,,final,6,0,Before,70.05127716064453
critical,16,ambiguous,short,,final,6,1,the,8.332876205444336
critical,16,ambiguous,short,,final,6,2,fans,16.309743881225586
critical,16,ambiguous,short,,final,6,3,notice,9.395920753479004
critical,16,ambiguous,short,,final,6,4,the,2.404080867767334
critical,16,ambiguous,short,,final,6,5,celebrity,13.747957229614258
critical,16,ambiguous,short,,final,6,6,flees.,32.67047357559204
critical,16,unambiguous,long,comma,final,8,0,Before,70.05127716064453
critical,16,unambiguous,long,comma,final,8,1,the,8.332876205444336
critical,16,unambiguous,long,comma,final,8,2,fans,16.309743881225586
critical,16,unambiguous,long,comma,final,8,3,"notice,",12.795024394989014
critical,16,unambiguous,long,comma,final,8,4,the,3.0961060523986816
critical,16,unambiguous,long,comma,final,8,5,celebrity,14.042325019836426
critical,16,unambiguous,long,comma,final,8,6,shopping,15.39353084564209
critical,16,unambiguous,long,comma,final,8,7,discreetly,20.34654356539249
critical,16,unambiguous,long,comma,final,8,8,flees.,21.632500171661377
critical,16,unambiguous,short,comma,final,6,0,Before,70.05127716064453
critical,16,unambiguous,short,comma,final,6,1,the,8.332876205444336
critical,16,unambiguous,short,comma,final,6,2,fans,16.309743881225586
critical,16,unambiguous,short,comma,final,6,3,"notice,",12.795024394989014
critical,16,unambiguous,short,comma,final,6,4,the,3.0961060523986816
critical,16,unambiguous,short,comma,final,6,5,celebrity,14.042325019836426
critical,16,unambiguous,short,comma,final,6,6,flees.,28.939754247665405
critical,16,unambiguous,long,object,final,9,0,Before,70.05127716064453
critical,16,unambiguous,long,object,final,9,1,the,8.332876205444336
critical,16,unambiguous,long,object,final,9,2,fans,16.309743881225586
critical,16,unambiguous,long,object,final,9,3,notice,9.395920753479004
critical,16,unambiguous,long,object,final,9,4,him,7.354275226593018
critical,16,unambiguous,long,object,final,9,5,the,8.21052360534668
critical,16,unambiguous,long,object,final,9,6,celebrity,13.507830619812012
critical,16,unambiguous,long,object,final,9,7,shopping,15.744694709777832
critical,16,unambiguous,long,object,final,9,8,discreetly,20.14181593060493
critical,16,unambiguous,long,object,final,9,9,flees.,26.983609914779663
critical,16,unambiguous,short,object,final,7,0,Before,70.05127716064453
critical,16,unambiguous,short,object,final,7,1,the,8.332876205444336
critical,16,unambiguous,short,object,final,7,2,fans,16.309743881225586
critical,16,unambiguous,short,object,final,7,3,notice,9.395920753479004
critical,16,unambiguous,short,object,final,7,4,him,7.354275226593018
critical,16,unambiguous,short,object,final,7,5,the,8.21052360534668
critical,16,unambiguous,short,object,final,7,6,celebrity,13.507830619812012
critical,16,unambiguous,short,object,final,7,7,flees.,31.937679052352905
critical,16,ambiguous,long,,nonfinal,8,0,Before,70.05127716064453
critical,16,ambiguous,long,,nonfinal,8,1,the,8.332876205444336
critical,16,ambiguous,long,,nonfinal,8,2,fans,16.309743881225586
critical,16,ambiguous,long,,nonfinal,8,3,notice,9.395920753479004
critical,16,ambiguous,long,,nonfinal,8,4,the,2.404080867767334
critical,16,ambiguous,long,,nonfinal,8,5,celebrity,13.747957229614258
critical,16,ambiguous,long,,nonfinal,8,6,shopping,16.074373245239258
critical,16,ambiguous,long,,nonfinal,8,7,discreetly,20.24704204499721
critical,16,ambiguous,long,,nonfinal,8,8,flees,25.16650438308716
critical,16,ambiguous,long,,nonfinal,8,9,in,5.797548770904541
critical,16,ambiguous,long,,nonfinal,8,10,his,5.557774543762207
critical,16,ambiguous,long,,nonfinal,8,11,limousine.,13.843056827783585
critical,16,ambiguous,short,,nonfinal,6,0,Before,70.05127716064453
critical,16,ambiguous,short,,nonfinal,6,1,the,8.332876205444336
critical,16,ambiguous,short,,nonfinal,6,2,fans,16.309743881225586
critical,16,ambiguous,short,,nonfinal,6,3,notice,9.395920753479004
critical,16,ambiguous,short,,nonfinal,6,4,the,2.404080867767334
critical,16,ambiguous,short,,nonfinal,6,5,celebrity,13.747957229614258
critical,16,ambiguous,short,,nonfinal,6,6,flees,29.44563102722168
critical,16,ambiguous,short,,nonfinal,6,7,in,4.911450386047363
critical,16,ambiguous,short,,nonfinal,6,8,his,5.527924060821533
critical,16,ambiguous,short,,nonfinal,6,9,limousine.,17.762654036283493
critical,16,unambiguous,long,comma,nonfinal,8,0,Before,70.05127716064453
critical,16,unambiguous,long,comma,nonfinal,8,1,the,8.332876205444336
critical,16,unambiguous,long,comma,nonfinal,8,2,fans,16.309743881225586
critical,16,unambiguous,long,comma,nonfinal,8,3,"notice,",12.795024394989014
critical,16,unambiguous,long,comma,nonfinal,8,4,the,3.0961060523986816
critical,16,unambiguous,long,comma,nonfinal,8,5,celebrity,14.042325019836426
critical,16,unambiguous,long,comma,nonfinal,8,6,shopping,15.39353084564209
critical,16,unambiguous,long,comma,nonfinal,8,7,discreetly,20.34654356539249
critical,16,unambiguous,long,comma,nonfinal,8,8,flees,18.353591918945312
critical,16,unambiguous,long,comma,nonfinal,8,9,in,5.73661470413208
critical,16,unambiguous,long,comma,nonfinal,8,10,his,4.188605785369873
critical,16,unambiguous,long,comma,nonfinal,8,11,limousine.,12.826812215149404
critical,16,unambiguous,short,comma,nonfinal,6,0,Before,70.05127716064453
critical,16,unambiguous,short,comma,nonfinal,6,1,the,8.332876205444336
critical,16,unambiguous,short,comma,nonfinal,6,2,fans,16.309743881225586
critical,16,unambiguous,short,comma,nonfinal,6,3,"notice,",12.795024394989014
critical,16,unambiguous,short,comma,nonfinal,6,4,the,3.0961060523986816
critical,16,unambiguous,short,comma,nonfinal,6,5,celebrity,14.042325019836426
critical,16,unambiguous,short,comma,nonfinal,6,6,flees,25.348954677581787
critical,16,unambiguous,short,comma,nonfinal,6,7,in,5.335347652435303
critical,16,unambiguous,short,comma,nonfinal,6,8,his,4.71332597732544
critical,16,unambiguous,short,comma,nonfinal,6,9,limousine.,14.59064432233572
critical,16,unambiguous,long,object,nonfinal,9,0,Before,70.05127716064453
critical,16,unambiguous,long,object,nonfinal,9,1,the,8.332876205444336
critical,16,unambiguous,long,object,nonfinal,9,2,fans,16.309743881225586
critical,16,unambiguous,long,object,nonfinal,9,3,notice,9.395920753479004
critical,16,unambiguous,long,object,nonfinal,9,4,him,7.354275226593018
critical,16,unambiguous,long,object,nonfinal,9,5,the,8.21052360534668
critical,16,unambiguous,long,object,nonfinal,9,6,celebrity,13.507830619812012
critical,16,unambiguous,long,object,nonfinal,9,7,shopping,15.744694709777832
critical,16,unambiguous,long,object,nonfinal,9,8,discreetly,20.14181593060493
critical,16,unambiguous,long,object,nonfinal,9,9,flees,23.72107982635498
critical,16,unambiguous,long,object,nonfinal,9,10,in,5.663969039916992
critical,16,unambiguous,long,object,nonfinal,9,11,his,3.36960506439209
critical,16,unambiguous,long,object,nonfinal,9,12,limousine.,13.667034305632114
critical,16,unambiguous,short,object,nonfinal,7,0,Before,70.05127716064453
critical,16,unambiguous,short,object,nonfinal,7,1,the,8.332876205444336
critical,16,unambiguous,short,object,nonfinal,7,2,fans,16.309743881225586
critical,16,unambiguous,short,object,nonfinal,7,3,notice,9.395920753479004
critical,16,unambiguous,short,object,nonfinal,7,4,him,7.354275226593018
critical,16,unambiguous,short,object,nonfinal,7,5,the,8.21052360534668
critical,16,unambiguous,short,object,nonfinal,7,6,celebrity,13.507830619812012
critical,16,unambiguous,short,object,nonfinal,7,7,flees,28.66695976257324
critical,16,unambiguous,short,object,nonfinal,7,8,in,5.018613338470459
critical,16,unambiguous,short,object,nonfinal,7,9,his,4.220569610595703
critical,16,unambiguous,short,object,nonfinal,7,10,limousine.,17.223228193819523
critical,17,ambiguous,long,,final,8,0,While,66.4471206665039
critical,17,ambiguous,long,,final,8,1,the,5.976608753204346
critical,17,ambiguous,long,,final,8,2,chef,19.570512771606445
critical,17,ambiguous,long,,final,8,3,cooked,9.855700492858888
critical,17,ambiguous,long,,final,8,4,the,1.682909369468689
critical,17,ambiguous,long,,final,8,5,stew,7.307782173156738
critical,17,ambiguous,long,,final,8,6,with,4.766335487365723
critical,17,ambiguous,long,,final,8,7,vegetables,6.415783882141113
critical,17,ambiguous,long,,final,8,8,simmered.,20.03253924101591
critical,17,ambiguous,short,,final,6,0,While,66.4471206665039
critical,17,ambiguous,short,,final,6,1,the,5.976608753204346
critical,17,ambiguous,short,,final,6,2,chef,19.570512771606445
critical,17,ambiguous,short,,final,6,3,cooked,9.855700492858888
critical,17,ambiguous,short,,final,6,4,the,1.682909369468689
critical,17,ambiguous,short,,final,6,5,stew,7.307782173156738
critical,17,ambiguous,short,,final,6,6,simmered.,21.370712261646982
critical,17,unambiguous,long,comma,final,8,0,While,66.4471206665039
critical,17,unambiguous,long,comma,final,8,1,the,5.976608753204346
critical,17,unambiguous,long,comma,final,8,2,chef,19.570512771606445
critical,17,unambiguous,long,comma,final,8,3,"cooked,",16.309348106384277
critical,17,unambiguous,long,comma,final,8,4,the,2.0702638626098637
critical,17,unambiguous,long,comma,final,8,5,stew,8.729696273803711
critical,17,unambiguous,long,comma,final,8,6,with,9.270002365112305
critical,17,unambiguous,long,comma,final,8,7,vegetables,4.339620113372803
critical,17,unambiguous,long,comma,final,8,8,simmered.,15.636651441454887
critical,17,unambiguous,short,comma,final,6,0,While,66.4471206665039
critical,17,unambiguous,short,comma,final,6,1,the,5.976608753204346
critical,17,unambiguous,short,comma,final,6,2,chef,19.570512771606445
critical,17,unambiguous,short,comma,final,6,3,"cooked,",16.309348106384277
critical,17,unambiguous,short,comma,final,6,4,the,2.0702638626098637
critical,17,unambiguous,short,comma,final,6,5,stew,8.729696273803711
critical,17,unambiguous,short,comma,final,6,6,simmered.,15.025460351724178
critical,17,unambiguous,long,object,final,11,0,While,66.4471206665039
critical,17,unambiguous,long,object,final,11,1,the,5.976608753204346
critical,17,unambiguous,long,object,final,11,2,chef,19.570512771606445
critical,17,unambiguous,long,object,final,11,3,cooked,9.855700492858888
critical,17,unambiguous,long,object,final,11,4,the,1.682909369468689
critical,17,unambiguous,long,object,final,11,5,main,9.293513298034668
critical,17,unambiguous,long,object,final,11,6,course,0.7438015937805176
critical,17,unambiguous,long,object,final,11,7,the,6.503574848175049
critical,17,unambiguous,long,object,final,11,8,stew,9.386940002441406
critical,17,unambiguous,long,object,final,11,9,with,6.966040134429932
critical,17,unambiguous,long,object,final,11,10,vegetables,5.216825485229492
critical,17,unambiguous,long,object,final,11,11,simmered.,17.185189090669155
critical,17,unambiguous,short,object,final,9,0,While,66.4471206665039
critical,17,unambiguous,short,object,final,9,1,the,5.976608753204346
critical,17,unambiguous,short,object,final,9,2,chef,19.570512771606445
critical,17,unambiguous,short,object,final,9,3,cooked,9.855700492858888
critical,17,unambiguous,short,object,final,9,4,the,1.682909369468689
critical,17,unambiguous,short,object,final,9,5,main,9.293513298034668
critical,17,unambiguous,short,object,final,9,6,course,0.7438015937805176
critical,17,unambiguous,short,object,final,9,7,the,6.503574848175049
critical,17,unambiguous,short,object,final,9,8,stew,9.386940002441406
critical,17,unambiguous,short,object,final,9,9,simmered.,16.95950359199196
critical,17,ambiguous,long,,nonfinal,8,0,While,66.4471206665039
critical,17,ambiguous,long,,nonfinal,8,1,the,5.976608753204346
critical,17,ambiguous,long,,nonfinal,8,2,chef,19.570512771606445
critical,17,ambiguous,long,,nonfinal,8,3,cooked,9.855700492858888
critical,17,ambiguous,long,,nonfinal,8,4,the,1.682909369468689
critical,17,ambiguous,long,,nonfinal,8,5,stew,7.307782173156738
critical,17,ambiguous,long,,nonfinal,8,6,with,4.766335487365723
critical,17,ambiguous,long,,nonfinal,8,7,vegetables,6.415783882141113
critical,17,ambiguous,long,,nonfinal,8,8,simmered,13.327494494616984
critical,17,ambiguous,long,,nonfinal,8,9,on,6.672464370727539
critical,17,ambiguous,long,,nonfinal,8,10,the,1.7360947132110596
critical,17,ambiguous,long,,nonfinal,8,11,back,10.762184143066406
critical,17,ambiguous,long,,nonfinal,8,12,burner.,4.8355467319488525
critical,17,ambiguous,short,,nonfinal,6,0,While,66.4471206665039
critical,17,ambiguous,short,,nonfinal,6,1,the,5.976608753204346
critical,17,ambiguous,short,,nonfinal,6,2,chef,19.570512771606445
critical,17,ambiguous,short,,nonfinal,6,3,cooked,9.855700492858888
critical,17,ambiguous,short,,nonfinal,6,4,the,1.682909369468689
critical,17,ambiguous,short,,nonfinal,6,5,stew,7.307782173156738
critical,17,ambiguous,short,,nonfinal,6,6,simmered,14.518263321369886
critical,17,ambiguous,short,,nonfinal,6,7,on,5.996729373931885
critical,17,ambiguous,short,,nonfinal,6,8,the,1.1780012845993042
critical,17,ambiguous,short,,nonfinal,6,9,back,10.182252883911133
critical,17,ambiguous,short,,nonfinal,6,10,burner.,4.543291687965393
critical,17,unambiguous,long,comma,nonfinal,8,0,While,66.4471206665039
critical,17,unambiguous,long,comma,nonfinal,8,1,the,5.976608753204346
critical,17,unambiguous,long,comma,nonfinal,8,2,chef,19.570512771606445
critical,17,unambiguous,long,comma,nonfinal,8,3,"cooked,",16.309348106384277
critical,17,unambiguous,long,comma,nonfinal,8,4,the,2.0702638626098637
critical,17,unambiguous,long,comma,nonfinal,8,5,stew,8.729696273803711
critical,17,unambiguous,long,comma,nonfinal,8,6,with,9.270002365112305
critical,17,unambiguous,long,comma,nonfinal,8,7,vegetables,4.339620113372803
critical,17,unambiguous,long,comma,nonfinal,8,8,simmered,11.517080709338188
critical,17,unambiguous,long,comma,nonfinal,8,9,on,6.637770652770996
critical,17,unambiguous,long,comma,nonfinal,8,10,the,1.3814966678619385
critical,17,unambiguous,long,comma,nonfinal,8,11,back,10.127923011779783
critical,17,unambiguous,long,comma,nonfinal,8,12,burner.,4.067441940307617
critical,17,unambiguous,short,comma,nonfinal,6,0,While,66.4471206665039
critical,17,unambiguous,short,comma,nonfinal,6,1,the,5.976608753204346
critical,17,unambiguous,short,comma,nonfinal,6,2,chef,19.570512771606445
critical,17,unambiguous,short,comma,nonfinal,6,3,"cooked,",16.309348106384277
critical,17,unambiguous,short,comma,nonfinal,6,4,the,2.0702638626098637
critical,17,unambiguous,short,comma,nonfinal,6,5,stew,8.729696273803711
critical,17,unambiguous,short,comma,nonfinal,6,6,simmered,11.673466314096004
critical,17,unambiguous,short,comma,nonfinal,6,7,on,7.323279857635498
critical,17,unambiguous,short,comma,nonfinal,6,8,the,1.4725457429885864
critical,17,unambiguous,short,comma,nonfinal,6,9,back,11.057520866394045
critical,17,unambiguous,short,comma,nonfinal,6,10,burner.,3.0887973308563232
critical,17,unambiguous,long,object,nonfinal,11,0,While,66.4471206665039
critical,17,unambiguous,long,object,nonfinal,11,1,the,5.976608753204346
critical,17,unambiguous,long,object,nonfinal,11,2,chef,19.570512771606445
critical,17,unambiguous,long,object,nonfinal,11,3,cooked,9.855700492858888
critical,17,unambiguous,long,object,nonfinal,11,4,the,1.682909369468689
critical,17,unambiguous,long,object,nonfinal,11,5,main,9.293513298034668
critical,17,unambiguous,long,object,nonfinal,11,6,course,0.7438015937805176
critical,17,unambiguous,long,object,nonfinal,11,7,the,6.503574848175049
critical,17,unambiguous,long,object,nonfinal,11,8,stew,9.386940002441406
critical,17,unambiguous,long,object,nonfinal,11,9,with,6.966040134429932
critical,17,unambiguous,long,object,nonfinal,11,10,vegetables,5.216825485229492
critical,17,unambiguous,long,object,nonfinal,11,11,simmered,13.188191257417202
critical,17,unambiguous,long,object,nonfinal,11,12,on,6.391921043395996
critical,17,unambiguous,long,object,nonfinal,11,13,the,1.1463896036148071
critical,17,unambiguous,long,object,nonfinal,11,14,back,9.562609672546388
critical,17,unambiguous,long,object,nonfinal,11,15,burner.,3.964417338371277
critical,17,unambiguous,short,object,nonfinal,9,0,While,66.4471206665039
critical,17,unambiguous,short,object,nonfinal,9,1,the,5.976608753204346
critical,17,unambiguous,short,object,nonfinal,9,2,chef,19.570512771606445
critical,17,unambiguous,short,object,nonfinal,9,3,cooked,9.855700492858888
critical,17,unambiguous,short,object,nonfinal,9,4,the,1.682909369468689
critical,17,unambiguous,short,object,nonfinal,9,5,main,9.293513298034668
critical,17,unambiguous,short,object,nonfinal,9,6,course,0.7438015937805176
critical,17,unambiguous,short,object,nonfinal,9,7,the,6.503574848175049
critical,17,unambiguous,short,object,nonfinal,9,8,stew,9.386940002441406
critical,17,unambiguous,short,object,nonfinal,9,9,simmered,12.669722498394547
critical,17,unambiguous,short,object,nonfinal,9,10,on,5.231530666351318
critical,17,unambiguous,short,object,nonfinal,9,11,the,0.9401644468307496
critical,17,unambiguous,short,object,nonfinal,9,12,back,8.900435447692871
critical,17,unambiguous,short,object,nonfinal,9,13,burner.,3.7945592403411865
critical,18,ambiguous,long,,final,9,0,Once,70.9433364868164
critical,18,ambiguous,long,,final,9,1,the,6.823302745819092
critical,18,ambiguous,long,,final,9,2,contractor,14.869690895080566
critical,18,ambiguous,long,,final,9,3,remodeled,20.13829338550568
critical,18,ambiguous,long,,final,9,4,the,0.8557196259498596
critical,18,ambiguous,long,,final,9,5,house,6.129164218902588
critical,18,ambiguous,long,,final,9,6,that,8.051671981811523
critical,18,ambiguous,long,,final,9,7,was,2.7337591648101807
critical,18,ambiguous,long,,final,9,8,neglected,11.833991050720217
critical,18,ambiguous,long,,final,9,9,transformed.,28.70579242706299
critical,18,ambiguous,short,,final,6,0,Once,70.9433364868164
critical,18,ambiguous,short,,final,6,1,the,6.823302745819092
critical,18,ambiguous,short,,final,6,2,contractor,14.869690895080566
critical,18,ambiguous,short,,final,6,3,remodeled,20.13829338550568
critical,18,ambiguous,short,,final,6,4,the,0.8557196259498596
critical,18,ambiguous,short,,final,6,5,house,6.129164218902588
critical,18,ambiguous,short,,final,6,6,transformed.,25.13005018234253
critical,18,unambiguous,long,comma,final,9,0,Once,70.9433364868164
critical,18,unambiguous,long,comma,final,9,1,the,6.823302745819092
critical,18,unambiguous,long,comma,final,9,2,contractor,14.869690895080566
critical,18,unambiguous,long,comma,final,9,3,"remodeled,",24.174211621284485
critical,18,unambiguous,long,comma,final,9,4,the,2.3367185592651367
critical,18,unambiguous,long,comma,final,9,5,house,8.900171279907227
critical,18,unambiguous,long,comma,final,9,6,that,10.009048461914062
critical,18,unambiguous,long,comma,final,9,7,was,2.6995937824249268
critical,18,unambiguous,long,comma,final,9,8,neglected,12.221961975097656
critical,18,unambiguous,long,comma,final,9,9,transformed.,20.965218544006348
critical,18,unambiguous,short,comma,final,6,0,Once,70.9433364868164
critical,18,unambiguous,short,comma,final,6,1,the,6.823302745819092
critical,18,unambiguous,short,comma,final,6,2,contractor,14.869690895080566
critical,18,unambiguous,short,comma,final,6,3,"remodeled,",24.174211621284485
critical,18,unambiguous,short,comma,final,6,4,the,2.3367185592651367
critical,18,unambiguous,short,comma,final,6,5,house,8.900171279907227
critical,18,unambiguous,short,comma,final,6,6,transformed.,16.760499000549316
critical,18,unambiguous,long,object,final,11,0,Once,70.9433364868164
critical,18,unambiguous,long,object,final,11,1,the,6.823302745819092
critical,18,unambiguous,long,object,final,11,2,contractor,14.869690895080566
critical,18,unambiguous,long,object,final,11,3,remodeled,20.13829338550568
critical,18,unambiguous,long,object,final,11,4,the,0.8557196259498596
critical,18,unambiguous,long,object,final,11,5,exterior,7.160465717315674
critical,18,unambiguous,long,object,final,11,6,the,10.19546127319336
critical,18,unambiguous,long,object,final,11,7,house,8.154607772827148
critical,18,unambiguous,long,object,final,11,8,that,9.251334190368652
critical,18,unambiguous,long,object,final,11,9,was,2.622281312942505
critical,18,unambiguous,long,object,final,11,10,neglected,12.572773933410645
critical,18,unambiguous,long,object,final,11,11,transformed.,24.87600946426392
critical,18,unambiguous,short,object,final,8,0,Once,70.9433364868164
critical,18,unambiguous,short,object,final,8,1,the,6.823302745819092
critical,18,unambiguous,short,object,final,8,2,contractor,14.869690895080566
critical,18,unambiguous,short,object,final,8,3,remodeled,20.13829338550568
critical,18,unambiguous,short,object,final,8,4,the,0.8557196259498596
critical,18,unambiguous,short,object,final,8,5,exterior,7.160465717315674
critical,18,unambiguous,short,object,final,8,6,the,10.19546127319336
critical,18,unambiguous,short,object,final,8,7,house,8.154607772827148
critical,18,unambiguous,short,object,final,8,8,transformed.,21.012328624725345
critical,18,ambiguous,long,,nonfinal,9,0,Once,70.9433364868164
critical,18,ambiguous,long,,nonfinal,9,1,the,6.823302745819092
critical,18,ambiguous,long,,nonfinal,9,2,contractor,14.869690895080566
critical,18,ambiguous,long,,nonfinal,9,3,remodeled,20.13829338550568
critical,18,ambiguous,long,,nonfinal,9,4,the,0.8557196259498596
critical,18,ambiguous,long,,nonfinal,9,5,house,6.129164218902588
critical,18,ambiguous,long,,nonfinal,9,6,that,8.051671981811523
critical,18,ambiguous,long,,nonfinal,9,7,was,2.7337591648101807
critical,18,ambiguous,long,,nonfinal,9,8,neglected,11.833991050720217
critical,18,ambiguous,long,,nonfinal,9,9,transformed,21.82393264770508
critical,18,ambiguous,long,,nonfinal,9,10,into,1.153610110282898
critical,18,ambiguous,long,,nonfinal,9,11,a,0.6354057192802429
critical,18,ambiguous,long,,nonfinal,9,12,modern,4.720106601715088
critical,18,ambiguous,long,,nonfinal,9,13,masterpiece.,9.346874713897703
critical,18,ambiguous,short,,nonfinal,6,0,Once,70.9433364868164
critical,18,ambiguous,short,,nonfinal,6,1,the,6.823302745819092
critical,18,ambiguous,short,,nonfinal,6,2,contractor,14.869690895080566
critical,18,ambiguous,short,,nonfinal,6,3,remodeled,20.13829338550568
critical,18,ambiguous,short,,nonfinal,6,4,the,0.8557196259498596
critical,18,ambiguous,short,,nonfinal,6,5,house,6.129164218902588
critical,18,ambiguous,short,,nonfinal,6,6,transformed,18.385644912719727
critical,18,ambiguous,short,,nonfinal,6,7,into,1.4570480585098269
critical,18,ambiguous,short,,nonfinal,6,8,a,0.7452985048294067
critical,18,ambiguous,short,,nonfinal,6,9,modern,4.496798515319824
critical,18,ambiguous,short,,nonfinal,6,10,masterpiece.,10.674745440483091
critical,18,unambiguous,long,comma,nonfinal,9,0,Once,70.9433364868164
critical,18,unambiguous,long,comma,nonfinal,9,1,the,6.823302745819092
critical,18,unambiguous,long,comma,nonfinal,9,2,contractor,14.869690895080566
critical,18,unambiguous,long,comma,nonfinal,9,3,"remodeled,",24.174211621284485
critical,18,unambiguous,long,comma,nonfinal,9,4,the,2.3367185592651367
critical,18,unambiguous,long,comma,nonfinal,9,5,house,8.900171279907227
critical,18,unambiguous,long,comma,nonfinal,9,6,that,10.009048461914062
critical,18,unambiguous,long,comma,nonfinal,9,7,was,2.6995937824249268
critical,18,unambiguous,long,comma,nonfinal,9,8,neglected,12.221961975097656
critical,18,unambiguous,long,comma,nonfinal,9,9,transformed,15.892715454101562
critical,18,unambiguous,long,comma,nonfinal,9,10,into,0.4706546068191528
critical,18,unambiguous,long,comma,nonfinal,9,11,a,0.7088437080383301
critical,18,unambiguous,long,comma,nonfinal,9,12,modern,4.727062702178955
critical,18,unambiguous,long,comma,nonfinal,9,13,masterpiece.,8.148972749710083
critical,18,unambiguous,short,comma,nonfinal,6,0,Once,70.9433364868164
critical,18,unambiguous,short,comma,nonfinal,6,1,the,6.823302745819092
critical,18,unambiguous,short,comma,nonfinal,6,2,contractor,14.869690895080566
critical,18,unambiguous,short,comma,nonfinal,6,3,"remodeled,",24.174211621284485
critical,18,unambiguous,short,comma,nonfinal,6,4,the,2.3367185592651367
critical,18,unambiguous,short,comma,nonfinal,6,5,house,8.900171279907227
critical,18,unambiguous,short,comma,nonfinal,6,6,transformed,11.700675964355469
critical,18,unambiguous,short,comma,nonfinal,6,7,into,0.508870542049408
critical,18,unambiguous,short,comma,nonfinal,6,8,a,0.7370213270187378
critical,18,unambiguous,short,comma,nonfinal,6,9,modern,4.657323360443115
critical,18,unambiguous,short,comma,nonfinal,6,10,masterpiece.,9.304168224334717
critical,18,unambiguous,long,object,nonfinal,11,0,Once,70.9433364868164
critical,18,unambiguous,long,object,nonfinal,11,1,the,6.823302745819092
critical,18,unambiguous,long,object,nonfinal,11,2,contractor,14.869690895080566
critical,18,unambiguous,long,object,nonfinal,11,3,remodeled,20.13829338550568
critical,18,unambiguous,long,object,nonfinal,11,4,the,0.8557196259498596
critical,18,unambiguous,long,object,nonfinal,11,5,exterior,7.160465717315674
critical,18,unambiguous,long,object,nonfinal,11,6,the,10.19546127319336
critical,18,unambiguous,long,object,nonfinal,11,7,house,8.154607772827148
critical,18,unambiguous,long,object,nonfinal,11,8,that,9.251334190368652
critical,18,unambiguous,long,object,nonfinal,11,9,was,2.622281312942505
critical,18,unambiguous,long,object,nonfinal,11,10,neglected,12.572773933410645
critical,18,unambiguous,long,object,nonfinal,11,11,transformed,18.22617530822754
critical,18,unambiguous,long,object,nonfinal,11,12,into,0.8374041318893433
critical,18,unambiguous,long,object,nonfinal,11,13,a,0.7988359928131104
critical,18,unambiguous,long,object,nonfinal,11,14,modern,5.156331539154053
critical,18,unambiguous,long,object,nonfinal,11,15,masterpiece.,9.70332133769989
critical,18,unambiguous,short,object,nonfinal,8,0,Once,70.9433364868164
critical,18,unambiguous,short,object,nonfinal,8,1,the,6.823302745819092
critical,18,unambiguous,short,object,nonfinal,8,2,contractor,14.869690895080566
critical,18,unambiguous,short,object,nonfinal,8,3,remodeled,20.13829338550568
critical,18,unambiguous,short,object,nonfinal,8,4,the,0.8557196259498596
critical,18,unambiguous,short,object,nonfinal,8,5,exterior,7.160465717315674
critical,18,unambiguous,short,object,nonfinal,8,6,the,10.19546127319336
critical,18,unambiguous,short,object,nonfinal,8,7,house,8.154607772827148
critical,18,unambiguous,short,object,nonfinal,8,8,transformed,14.164986610412598
critical,18,unambiguous,short,object,nonfinal,8,9,into,0.6844524145126343
critical,18,unambiguous,short,object,nonfinal,8,10,a,0.8982502222061157
critical,18,unambiguous,short,object,nonfinal,8,11,modern,5.629451751708984
critical,18,unambiguous,short,object,nonfinal,8,12,masterpiece.,10.464294195175173
critical,19,ambiguous,long,,final,8,0,When,66.00741577148438
critical,19,ambiguous,long,,final,8,1,the,3.466641902923584
critical,19,ambiguous,long,,final,8,2,boy,13.969240188598633
critical,19,ambiguous,long,,final,8,3,hid,17.57210350036621
critical,19,ambiguous,long,,final,8,4,his,2.6976566314697266
critical,19,ambiguous,long,,final,8,5,toy,10.753291130065918
critical,19,ambiguous,long,,final,8,6,from,4.175661563873291
critical,19,ambiguous,long,,final,8,7,childhood,13.621685981750488
critical,19,ambiguous,long,,final,8,8,fell.,24.235673427581787
critical,19,ambiguous,short,,final,6,0,When,66.00741577148438
critical,19,ambiguous,short,,final,6,1,the,3.466641902923584
critical,19,ambiguous,short,,final,6,2,boy,13.969240188598633
critical,19,ambiguous,short,,final,6,3,hid,17.57210350036621
critical,19,ambiguous,short,,final,6,4,his,2.6976566314697266
critical,19,ambiguous,short,,final,6,5,toy,10.753291130065918
critical,19,ambiguous,short,,final,6,6,fell.,22.08897876739502
critical,19,unambiguous,long,comma,final,8,0,When,66.00741577148438
critical,19,unambiguous,long,comma,final,8,1,the,3.466641902923584
critical,19,unambiguous,long,comma,final,8,2,boy,13.969240188598633
critical,19,unambiguous,long,comma,final,8,3,"hid,",21.25492072105408
critical,19,unambiguous,long,comma,final,8,4,his,5.07523250579834
critical,19,unambiguous,long,comma,final,8,5,toy,12.383278846740724
critical,19,unambiguous,long,comma,final,8,6,from,9.547552108764648
critical,19,unambiguous,long,comma,final,8,7,childhood,10.545392990112305
critical,19,unambiguous,long,comma,final,8,8,fell.,17.67380666732788
critical,19,unambiguous,short,comma,final,6,0,When,66.00741577148438
critical,19,unambiguous,short,comma,final,6,1,the,3.466641902923584
critical,19,unambiguous,short,comma,final,6,2,boy,13.969240188598633
critical,19,unambiguous,short,comma,final,6,3,"hid,",21.25492072105408
critical,19,unambiguous,short,comma,final,6,4,his,5.07523250579834
critical,19,unambiguous,short,comma,final,6,5,toy,12.383278846740724
critical,19,unambiguous,short,comma,final,6,6,fell.,12.398512840270996
critical,19,unambiguous,long,object,final,9,0,When,66.00741577148438
critical,19,unambiguous,long,object,final,9,1,the,3.466641902923584
critical,19,unambiguous,long,object,final,9,2,boy,13.969240188598633
critical,19,unambiguous,long,object,final,9,3,hid,17.57210350036621
critical,19,unambiguous,long,object,final,9,4,himself,4.517931938171387
critical,19,unambiguous,long,object,final,9,5,his,11.149803161621094
critical,19,unambiguous,long,object,final,9,6,toy,11.229493141174316
critical,19,unambiguous,long,object,final,9,7,from,5.116442680358887
critical,19,unambiguous,long,object,final,9,8,childhood,12.603944778442385
critical,19,unambiguous,long,object,final,9,9,fell.,22.80909252166748
critical,19,unambiguous,short,object,final,7,0,When,66.00741577148438
critical,19,unambiguous,short,object,final,7,1,the,3.466641902923584
critical,19,unambiguous,short,object,final,7,2,boy,13.969240188598633
critical,19,unambiguous,short,object,final,7,3,hid,17.57210350036621
critical,19,unambiguous,short,object,final,7,4,himself,4.517931938171387
critical,19,unambiguous,short,object,final,7,5,his,11.149803161621094
critical,19,unambiguous,short,object,final,7,6,toy,11.229493141174316
critical,19,unambiguous,short,object,final,7,7,fell.,19.113155364990234
critical,19,ambiguous,long,,nonfinal,8,0,When,66.00741577148438
critical,19,ambiguous,long,,nonfinal,8,1,the,3.466641902923584
critical,19,ambiguous,long,,nonfinal,8,2,boy,13.969240188598633
critical,19,ambiguous,long,,nonfinal,8,3,hid,17.57210350036621
critical,19,ambiguous,long,,nonfinal,8,4,his,2.6976566314697266
critical,19,ambiguous,long,,nonfinal,8,5,toy,10.753291130065918
critical,19,ambiguous,long,,nonfinal,8,6,from,4.175661563873291
critical,19,ambiguous,long,,nonfinal,8,7,childhood,13.621685981750488
critical,19,ambiguous,long,,nonfinal,8,8,fell,17.915077209472656
critical,19,ambiguous,long,,nonfinal,8,9,off,4.385937213897705
critical,19,ambiguous,long,,nonfinal,8,10,the,1.8954744338989256
critical,19,ambiguous,long,,nonfinal,8,11,table.,7.572211503982544
critical,19,ambiguous,short,,nonfinal,6,0,When,66.00741577148438
critical,19,ambiguous,short,,nonfinal,6,1,the,3.466641902923584
critical,19,ambiguous,short,,nonfinal,6,2,boy,13.969240188598633
critical,19,ambiguous,short,,nonfinal,6,3,hid,17.57210350036621
critical,19,ambiguous,short,,nonfinal,6,4,his,2.6976566314697266
critical,19,ambiguous,short,,nonfinal,6,5,toy,10.753291130065918
critical,19,ambiguous,short,,nonfinal,6,6,fell,16.41576385498047
critical,19,ambiguous,short,,nonfinal,6,7,off,2.642974376678467
critical,19,ambiguous,short,,nonfinal,6,8,the,1.8041613101959229
critical,19,ambiguous,short,,nonfinal,6,9,table.,6.27806544303894
critical,19,unambiguous,long,comma,nonfinal,8,0,When,66.00741577148438
critical,19,unambiguous,long,comma,nonfinal,8,1,the,3.466641902923584
critical,19,unambiguous,long,comma,nonfinal,8,2,boy,13.969240188598633
critical,19,unambiguous,long,comma,nonfinal,8,3,"hid,",21.25492072105408
critical,19,unambiguous,long,comma,nonfinal,8,4,his,5.07523250579834
critical,19,unambiguous,long,comma,nonfinal,8,5,toy,12.383278846740724
critical,19,unambiguous,long,comma,nonfinal,8,6,from,9.547552108764648
critical,19,unambiguous,long,comma,nonfinal,8,7,childhood,10.545392990112305
critical,19,unambiguous,long,comma,nonfinal,8,8,fell,12.20338249206543
critical,19,unambiguous,long,comma,nonfinal,8,9,off,4.14959716796875
critical,19,unambiguous,long,comma,nonfinal,8,10,the,3.2866570949554443
critical,19,unambiguous,long,comma,nonfinal,8,11,table.,5.28374707698822
critical,19,unambiguous,short,comma,nonfinal,6,0,When,66.00741577148438
critical,19,unambiguous,short,comma,nonfinal,6,1,the,3.466641902923584
critical,19,unambiguous,short,comma,nonfinal,6,2,boy,13.969240188598633
critical,19,unambiguous,short,comma,nonfinal,6,3,"hid,",21.25492072105408
critical,19,unambiguous,short,comma,nonfinal,6,4,his,5.07523250579834
critical,19,unambiguous,short,comma,nonfinal,6,5,toy,12.383278846740724
critical,19,unambiguous,short,comma,nonfinal,6,6,fell,7.553279876708984
critical,19,unambiguous,short,comma,nonfinal,6,7,off,3.05947494506836
critical,19,unambiguous,short,comma,nonfinal,6,8,the,2.392017126083374
critical,19,unambiguous,short,comma,nonfinal,6,9,table.,4.83616316318512
critical,19,unambiguous,long,object,nonfinal,9,0,When,66.00741577148438
critical,19,unambiguous,long,object,nonfinal,9,1,the,3.466641902923584
critical,19,unambiguous,long,object,nonfinal,9,2,boy,13.969240188598633
critical,19,unambiguous,long,object,nonfinal,9,3,hid,17.57210350036621
critical,19,unambiguous,long,object,nonfinal,9,4,himself,4.517931938171387
critical,19,unambiguous,long,object,nonfinal,9,5,his,11.149803161621094
critical,19,unambiguous,long,object,nonfinal,9,6,toy,11.229493141174316
critical,19,unambiguous,long,object,nonfinal,9,7,from,5.116442680358887
critical,19,unambiguous,long,object,nonfinal,9,8,childhood,12.603944778442385
critical,19,unambiguous,long,object,nonfinal,9,9,fell,16.964874267578125
critical,19,unambiguous,long,object,nonfinal,9,10,off,3.892388343811035
critical,19,unambiguous,long,object,nonfinal,9,11,the,2.48799729347229
critical,19,unambiguous,long,object,nonfinal,9,12,table.,6.792571544647217
critical,19,unambiguous,short,object,nonfinal,7,0,When,66.00741577148438
critical,19,unambiguous,short,object,nonfinal,7,1,the,3.466641902923584
critical,19,unambiguous,short,object,nonfinal,7,2,boy,13.969240188598633
critical,19,unambiguous,short,object,nonfinal,7,3,hid,17.57210350036621
critical,19,unambiguous,short,object,nonfinal,7,4,himself,4.517931938171387
critical,19,unambiguous,short,object,nonfinal,7,5,his,11.149803161621094
critical,19,unambiguous,short,object,nonfinal,7,6,toy,11.229493141174316
critical,19,unambiguous,short,object,nonfinal,7,7,fell,13.691601753234863
critical,19,unambiguous,short,object,nonfinal,7,8,off,2.3199000358581543
critical,19,unambiguous,short,object,nonfinal,7,9,the,2.240122079849243
critical,19,unambiguous,short,object,nonfinal,7,10,table.,5.741105556488037
critical,20,ambiguous,long,,final,8,0,As,74.56287384033203
critical,20,ambiguous,long,,final,8,1,the,8.519684791564941
critical,20,ambiguous,long,,final,8,2,doctor,13.729201316833496
critical,20,ambiguous,long,,final,8,3,lectured,17.89975607395172
critical,20,ambiguous,long,,final,8,4,the,3.3175644874572754
critical,20,ambiguous,long,,final,8,5,student,5.919240951538086
critical,20,ambiguous,long,,final,8,6,watching,12.34946632385254
critical,20,ambiguous,long,,final,8,7,quietly,15.3092622756958
critical,20,ambiguous,long,,final,8,8,listened.,18.739977598190308
critical,20,ambiguous,short,,final,6,0,As,74.56287384033203
critical,20,ambiguous,short,,final,6,1,the,8.519684791564941
critical,20,ambiguous,short,,final,6,2,doctor,13.729201316833496
critical,20,ambiguous,short,,final,6,3,lectured,17.89975607395172
critical,20,ambiguous,short,,final,6,4,the,3.3175644874572754
critical,20,ambiguous,short,,final,6,5,student,5.919240951538086
critical,20,ambiguous,short,,final,6,6,listened.,21.451107501983643
critical,20,unambiguous,long,comma,final,8,0,As,74.56287384033203
critical,20,unambiguous,long,comma,final,8,1,the,8.519684791564941
critical,20,unambiguous,long,comma,final,8,2,doctor,13.729201316833496
critical,20,unambiguous,long,comma,final,8,3,"lectured,",22.51481258869171
critical,20,unambiguous,long,comma,final,8,4,the,2.9591801166534424
critical,20,unambiguous,long,comma,final,8,5,student,6.389015197753906
critical,20,unambiguous,long,comma,final,8,6,watching,13.337620735168455
critical,20,unambiguous,long,comma,final,8,7,quietly,13.266648292541504
critical,20,unambiguous,long,comma,final,8,8,listened.,10.606855273246763
critical,20,unambiguous,short,comma,final,6,0,As,74.56287384033203
critical,20,unambiguous,short,comma,final,6,1,the,8.519684791564941
critical,20,unambiguous,short,comma,final,6,2,doctor,13.729201316833496
critical,20,unambiguous,short,comma,final,6,3,"lectured,",22.51481258869171
critical,20,unambiguous,short,comma,final,6,4,the,2.9591801166534424
critical,20,unambiguous,short,comma,final,6,5,student,6.389015197753906
critical,20,unambiguous,short,comma,final,6,6,listened.,13.2194504737854
critical,20,unambiguous,long,object,final,10,0,As,74.56287384033203
critical,20,unambiguous,long,object,final,10,1,the,8.519684791564941
critical,20,unambiguous,long,object,final,10,2,doctor,13.729201316833496
critical,20,unambiguous,long,object,final,10,3,lectured,17.89975607395172
critical,20,unambiguous,long,object,final,10,4,the,3.3175644874572754
critical,20,unambiguous,long,object,final,10,5,nurse,7.190316677093506
critical,20,unambiguous,long,object,final,10,6,the,6.739914894104004
critical,20,unambiguous,long,object,final,10,7,student,7.821671962738037
critical,20,unambiguous,long,object,final,10,8,watching,14.008159637451172
critical,20,unambiguous,long,object,final,10,9,quietly,14.217995643615724
critical,20,unambiguous,long,object,final,10,10,listened.,15.373455047607422
critical,20,unambiguous,short,object,final,8,0,As,74.56287384033203
critical,20,unambiguous,short,object,final,8,1,the,8.519684791564941
critical,20,unambiguous,short,object,final,8,2,doctor,13.729201316833496
critical,20,unambiguous,short,object,final,8,3,lectured,17.89975607395172
critical,20,unambiguous,short,object,final,8,4,the,3.3175644874572754
critical,20,unambiguous,short,object,final,8,5,nurse,7.190316677093506
critical,20,unambiguous,short,object,final,8,6,the,6.739914894104004
critical,20,unambiguous,short,object,final,8,7,student,7.821671962738037
critical,20,unambiguous,short,object,final,8,8,listened.,16.401498317718506
critical,20,ambiguous,long,,nonfinal,8,0,As,74.56287384033203
critical,20,ambiguous,long,,nonfinal,8,1,the,8.519684791564941
critical,20,ambiguous,long,,nonfinal,8,2,doctor,13.729201316833496
critical,20,ambiguous,long,,nonfinal,8,3,lectured,17.89975607395172
critical,20,ambiguous,long,,nonfinal,8,4,the,3.3175644874572754
critical,20,ambiguous,long,,nonfinal,8,5,student,5.919240951538086
critical,20,ambiguous,long,,nonfinal,8,6,watching,12.34946632385254
critical,20,ambiguous,long,,nonfinal,8,7,quietly,15.3092622756958
critical,20,ambiguous,long,,nonfinal,8,8,listened,15.47956085205078
critical,20,ambiguous,long,,nonfinal,8,9,carefully,4.470029830932617
critical,20,ambiguous,long,,nonfinal,8,10,for,5.29343318939209
critical,20,ambiguous,long,,nonfinal,8,11,insightful,18.050241470336918
critical,20,ambiguous,long,,nonfinal,8,12,tips.,11.577926874160768
critical,20,ambiguous,short,,nonfinal,6,0,As,74.56287384033203
critical,20,ambiguous,short,,nonfinal,6,1,the,8.519684791564941
critical,20,ambiguous,short,,nonfinal,6,2,doctor,13.729201316833496
critical,20,ambiguous,short,,nonfinal,6,3,lectured,17.89975607395172
critical,20,ambiguous,short,,nonfinal,6,4,the,3.3175644874572754
critical,20,ambiguous,short,,nonfinal,6,5,student,5.919240951538086
critical,20,ambiguous,short,,nonfinal,6,6,listened,17.312076568603516
critical,20,ambiguous,short,,nonfinal,6,7,carefully,6.106358051300049
critical,20,ambiguous,short,,nonfinal,6,8,for,5.987483501434326
critical,20,ambiguous,short,,nonfinal,6,9,insightful,17.20253562927246
critical,20,ambiguous,short,,nonfinal,6,10,tips.,11.411943197250366
critical,20,unambiguous,long,comma,nonfinal,8,0,As,74.56287384033203
critical,20,unambiguous,long,comma,nonfinal,8,1,the,8.519684791564941
critical,20,unambiguous,long,comma,nonfinal,8,2,doctor,13.729201316833496
critical,20,unambiguous,long,comma,nonfinal,8,3,"lectured,",22.51481258869171
critical,20,unambiguous,long,comma,nonfinal,8,4,the,2.9591801166534424
critical,20,unambiguous,long,comma,nonfinal,8,5,student,6.389015197753906
critical,20,unambiguous,long,comma,nonfinal,8,6,watching,13.337620735168455
critical,20,unambiguous,long,comma,nonfinal,8,7,quietly,13.266648292541504
critical,20,unambiguous,long,comma,nonfinal,8,8,listened,8.700285911560059
critical,20,unambiguous,long,comma,nonfinal,8,9,carefully,6.446691036224365
critical,20,unambiguous,long,comma,nonfinal,8,10,for,5.67955493927002
critical,20,unambiguous,long,comma,nonfinal,8,11,insightful,18.45476722717285
critical,20,unambiguous,long,comma,nonfinal,8,12,tips.,11.638949155807495
critical,20,unambiguous,short,comma,nonfinal,6,0,As,74.56287384033203
critical,20,unambiguous,short,comma,nonfinal,6,1,the,8.519684791564941
critical,20,unambiguous,short,comma,nonfinal,6,2,doctor,13.729201316833496
critical,20,unambiguous,short,comma,nonfinal,6,3,"lectured,",22.51481258869171
critical,20,unambiguous,short,comma,nonfinal,6,4,the,2.9591801166534424
critical,20,unambiguous,short,comma,nonfinal,6,5,student,6.389015197753906
critical,20,unambiguous,short,comma,nonfinal,6,6,listened,10.765002250671388
critical,20,unambiguous,short,comma,nonfinal,6,7,carefully,5.692499160766602
critical,20,unambiguous,short,comma,nonfinal,6,8,for,6.594799995422363
critical,20,unambiguous,short,comma,nonfinal,6,9,insightful,17.524377822875977
critical,20,unambiguous,short,comma,nonfinal,6,10,tips.,11.56815266609192
critical,20,unambiguous,long,object,nonfinal,10,0,As,74.56287384033203
critical,20,unambiguous,long,object,nonfinal,10,1,the,8.519684791564941
critical,20,unambiguous,long,object,nonfinal,10,2,doctor,13.729201316833496
critical,20,unambiguous,long,object,nonfinal,10,3,lectured,17.89975607395172
critical,20,unambiguous,long,object,nonfinal,10,4,the,3.3175644874572754
critical,20,unambiguous,long,object,nonfinal,10,5,nurse,7.190316677093506
critical,20,unambiguous,long,object,nonfinal,10,6,the,6.739914894104004
critical,20,unambiguous,long,object,nonfinal,10,7,student,7.821671962738037
critical,20,unambiguous,long,object,nonfinal,10,8,watching,14.008159637451172
critical,20,unambiguous,long,object,nonfinal,10,9,quietly,14.217995643615724
critical,20,unambiguous,long,object,nonfinal,10,10,listened,12.521614074707031
critical,20,unambiguous,long,object,nonfinal,10,11,carefully,4.8838887214660645
critical,20,unambiguous,long,object,nonfinal,10,12,for,5.413628578186035
critical,20,unambiguous,long,object,nonfinal,10,13,insightful,19.27632141113281
critical,20,unambiguous,long,object,nonfinal,10,14,tips.,11.674699306488035
critical,20,unambiguous,short,object,nonfinal,8,0,As,74.56287384033203
critical,20,unambiguous,short,object,nonfinal,8,1,the,8.519684791564941
critical,20,unambiguous,short,object,nonfinal,8,2,doctor,13.729201316833496
critical,20,unambiguous,short,object,nonfinal,8,3,lectured,17.89975607395172
critical,20,unambiguous,short,object,nonfinal,8,4,the,3.3175644874572754
critical,20,unambiguous,short,object,nonfinal,8,5,nurse,7.190316677093506
critical,20,unambiguous,short,object,nonfinal,8,6,the,6.739914894104004
critical,20,unambiguous,short,object,nonfinal,8,7,student,7.821671962738037
critical,20,unambiguous,short,object,nonfinal,8,8,listened,12.369102478027344
critical,20,unambiguous,short,object,nonfinal,8,9,carefully,7.118463516235352
critical,20,unambiguous,short,object,nonfinal,8,10,for,6.28044319152832
critical,20,unambiguous,short,object,nonfinal,8,11,insightful,18.841064453125
critical,20,unambiguous,short,object,nonfinal,8,12,tips.,11.282325744628906
critical,21,ambiguous,long,,final,9,0,As,74.56287384033203
critical,21,ambiguous,long,,final,9,1,the,8.519684791564941
critical,21,ambiguous,long,,final,9,2,teenager,17.05883026123047
critical,21,ambiguous,long,,final,9,3,drove,17.148910522460938
critical,21,ambiguous,long,,final,9,4,the,3.7386441230773926
critical,21,ambiguous,long,,final,9,5,car,3.839995622634888
critical,21,ambiguous,long,,final,9,6,for,6.449156761169434
critical,21,ambiguous,long,,final,9,7,the,2.389904022216797
critical,21,ambiguous,long,,final,9,8,family,8.054224967956543
critical,21,ambiguous,long,,final,9,9,sputtered.,33.87075209617615
critical,21,ambiguous,short,,final,6,0,As,74.56287384033203
critical,21,ambiguous,short,,final,6,1,the,8.519684791564941
critical,21,ambiguous,short,,final,6,2,teenager,17.05883026123047
critical,21,ambiguous,short,,final,6,3,drove,17.148910522460938
critical,21,ambiguous,short,,final,6,4,the,3.7386441230773926
critical,21,ambiguous,short,,final,6,5,car,3.839995622634888
critical,21,ambiguous,short,,final,6,6,sputtered.,28.371181964874268
critical,21,unambiguous,long,comma,final,9,0,As,74.56287384033203
critical,21,unambiguous,long,comma,final,9,1,the,8.519684791564941
critical,21,unambiguous,long,comma,final,9,2,teenager,17.05883026123047
critical,21,unambiguous,long,comma,final,9,3,"drove,",23.02623748779297
critical,21,unambiguous,long,comma,final,9,4,the,3.434325695037842
critical,21,unambiguous,long,comma,final,9,5,car,5.618709087371826
critical,21,unambiguous,long,comma,final,9,6,for,10.431889533996582
critical,21,unambiguous,long,comma,final,9,7,the,2.813537120819092
critical,21,unambiguous,long,comma,final,9,8,family,7.51911449432373
critical,21,unambiguous,long,comma,final,9,9,sputtered.,24.39945650100708
critical,21,unambiguous,short,comma,final,6,0,As,74.56287384033203
critical,21,unambiguous,short,comma,final,6,1,the,8.519684791564941
critical,21,unambiguous,short,comma,final,6,2,teenager,17.05883026123047
critical,21,unambiguous,short,comma,final,6,3,"drove,",23.02623748779297
critical,21,unambiguous,short,comma,final,6,4,the,3.434325695037842
critical,21,unambiguous,short,comma,final,6,5,car,5.618709087371826
critical,21,unambiguous,short,comma,final,6,6,sputtered.,17.053457975387573
critical,21,unambiguous,long,object,final,11,0,As,74.56287384033203
critical,21,unambiguous,long,object,final,11,1,the,8.519684791564941
critical,21,unambiguous,long,object,final,11,2,teenager,17.05883026123047
critical,21,unambiguous,long,object,final,11,3,drove,17.148910522460938
critical,21,unambiguous,long,object,final,11,4,his,4.426266670227051
critical,21,unambiguous,long,object,final,11,5,friends,6.488869667053223
critical,21,unambiguous,long,object,final,11,6,the,9.110886573791504
critical,21,unambiguous,long,object,final,11,7,car,5.442246437072754
critical,21,unambiguous,long,object,final,11,8,for,7.817445278167725
critical,21,unambiguous,long,object,final,11,9,the,2.478487253189087
critical,21,unambiguous,long,object,final,11,10,family,7.866580009460449
critical,21,unambiguous,long,object,final,11,11,sputtered.,34.77094030380249
critical,21,unambiguous,short,object,final,8,0,As,74.56287384033203
critical,21,unambiguous,short,object,final,8,1,the,8.519684791564941
critical,21,unambiguous,short,object,final,8,2,teenager,17.05883026123047
critical,21,unambiguous,short,object,final,8,3,drove,17.148910522460938
critical,21,unambiguous,short,object,final,8,4,his,4.426266670227051
critical,21,unambiguous,short,object,final,8,5,friends,6.488869667053223
critical,21,unambiguous,short,object,final,8,6,the,9.110886573791504
critical,21,unambiguous,short,object,final,8,7,car,5.442246437072754
critical,21,unambiguous,short,object,final,8,8,sputtered.,21.559943199157715
critical,21,ambiguous,long,,nonfinal,9,0,As,74.56287384033203
critical,21,ambiguous,long,,nonfinal,9,1,the,8.519684791564941
critical,21,ambiguous,long,,nonfinal,9,2,teenager,17.05883026123047
critical,21,ambiguous,long,,nonfinal,9,3,drove,17.148910522460938
critical,21,ambiguous,long,,nonfinal,9,4,the,3.7386441230773926
critical,21,ambiguous,long,,nonfinal,9,5,car,3.839995622634888
critical,21,ambiguous,long,,nonfinal,9,6,for,6.449156761169434
critical,21,ambiguous,long,,nonfinal,9,7,the,2.389904022216797
critical,21,ambiguous,long,,nonfinal,9,8,family,8.054224967956543
critical,21,ambiguous,long,,nonfinal,9,9,sputtered,31.476357460021973
critical,21,ambiguous,long,,nonfinal,9,10,to,5.43713903427124
critical,21,ambiguous,long,,nonfinal,9,11,a,2.762993335723877
critical,21,ambiguous,long,,nonfinal,9,12,halt.,1.8499498963356016
critical,21,ambiguous,short,,nonfinal,6,0,As,74.56287384033203
critical,21,ambiguous,short,,nonfinal,6,1,the,8.519684791564941
critical,21,ambiguous,short,,nonfinal,6,2,teenager,17.05883026123047
critical,21,ambiguous,short,,nonfinal,6,3,drove,17.148910522460938
critical,21,ambiguous,short,,nonfinal,6,4,the,3.7386441230773926
critical,21,ambiguous,short,,nonfinal,6,5,car,3.839995622634888
critical,21,ambiguous,short,,nonfinal,6,6,sputtered,25.246193885803223
critical,21,ambiguous,short,,nonfinal,6,7,to,5.199126243591309
critical,21,ambiguous,short,,nonfinal,6,8,a,1.902342677116394
critical,21,ambiguous,short,,nonfinal,6,9,halt.,2.410420775413513
critical,21,unambiguous,long,comma,nonfinal,9,0,As,74.56287384033203
critical,21,unambiguous,long,comma,nonfinal,9,1,the,8.519684791564941
critical,21,unambiguous,long,comma,nonfinal,9,2,teenager,17.05883026123047
critical,21,unambiguous,long,comma,nonfinal,9,3,"drove,",23.02623748779297
critical,21,unambiguous,long,comma,nonfinal,9,4,the,3.434325695037842
critical,21,unambiguous,long,comma,nonfinal,9,5,car,5.618709087371826
critical,21,unambiguous,long,comma,nonfinal,9,6,for,10.431889533996582
critical,21,unambiguous,long,comma,nonfinal,9,7,the,2.813537120819092
critical,21,unambiguous,long,comma,nonfinal,9,8,family,7.51911449432373
critical,21,unambiguous,long,comma,nonfinal,9,9,sputtered,22.166730880737305
critical,21,unambiguous,long,comma,nonfinal,9,10,to,5.075056552886963
critical,21,unambiguous,long,comma,nonfinal,9,11,a,1.3881889581680298
critical,21,unambiguous,long,comma,nonfinal,9,12,halt.,1.895210325717926
critical,21,unambiguous,short,comma,nonfinal,6,0,As,74.56287384033203
critical,21,unambiguous,short,comma,nonfinal,6,1,the,8.519684791564941
critical,21,unambiguous,short,comma,nonfinal,6,2,teenager,17.05883026123047
critical,21,unambiguous,short,comma,nonfinal,6,3,"drove,",23.02623748779297
critical,21,unambiguous,short,comma,nonfinal,6,4,the,3.434325695037842
critical,21,unambiguous,short,comma,nonfinal,6,5,car,5.618709087371826
critical,21,unambiguous,short,comma,nonfinal,6,6,sputtered,14.54283046722412
critical,21,unambiguous,short,comma,nonfinal,6,7,to,4.546638011932373
critical,21,unambiguous,short,comma,nonfinal,6,8,a,3.2766189575195312
critical,21,unambiguous,short,comma,nonfinal,6,9,halt.,2.204195618629456
critical,21,unambiguous,long,object,nonfinal,11,0,As,74.56287384033203
critical,21,unambiguous,long,object,nonfinal,11,1,the,8.519684791564941
critical,21,unambiguous,long,object,nonfinal,11,2,teenager,17.05883026123047
critical,21,unambiguous,long,object,nonfinal,11,3,drove,17.148910522460938
critical,21,unambiguous,long,object,nonfinal,11,4,his,4.426266670227051
critical,21,unambiguous,long,object,nonfinal,11,5,friends,6.488869667053223
critical,21,unambiguous,long,object,nonfinal,11,6,the,9.110886573791504
critical,21,unambiguous,long,object,nonfinal,11,7,car,5.442246437072754
critical,21,unambiguous,long,object,nonfinal,11,8,for,7.817445278167725
critical,21,unambiguous,long,object,nonfinal,11,9,the,2.478487253189087
critical,21,unambiguous,long,object,nonfinal,11,10,family,7.866580009460449
critical,21,unambiguous,long,object,nonfinal,11,11,sputtered,32.43862438201904
critical,21,unambiguous,long,object,nonfinal,11,12,to,4.926507472991943
critical,21,unambiguous,long,object,nonfinal,11,13,a,2.212120532989502
critical,21,unambiguous,long,object,nonfinal,11,14,halt.,1.7678825855255127
critical,21,unambiguous,short,object,nonfinal,8,0,As,74.56287384033203
critical,21,unambiguous,short,object,nonfinal,8,1,the,8.519684791564941
critical,21,unambiguous,short,object,nonfinal,8,2,teenager,17.05883026123047
critical,21,unambiguous,short,object,nonfinal,8,3,drove,17.148910522460938
critical,21,unambiguous,short,object,nonfinal,8,4,his,4.426266670227051
critical,21,unambiguous,short,object,nonfinal,8,5,friends,6.488869667053223
critical,21,unambiguous,short,object,nonfinal,8,6,the,9.110886573791504
critical,21,unambiguous,short,object,nonfinal,8,7,car,5.442246437072754
critical,21,unambiguous,short,object,nonfinal,8,8,sputtered,18.78374147415161
critical,21,unambiguous,short,object,nonfinal,8,9,to,3.9758646488189697
critical,21,unambiguous,short,object,nonfinal,8,10,a,2.5828325748443604
critical,21,unambiguous,short,object,nonfinal,8,11,halt.,2.429792881011963
critical,22,ambiguous,long,,final,11,0,When,66.00741577148438
critical,22,ambiguous,long,,final,11,1,the,3.466641902923584
critical,22,ambiguous,long,,final,11,2,original,9.74294662475586
critical,22,ambiguous,long,,final,11,3,members,14.815096855163574
critical,22,ambiguous,long,,final,11,4,left,11.144783973693848
critical,22,ambiguous,long,,final,11,5,the,1.0074385404586792
critical,22,ambiguous,long,,final,11,6,company,8.742287635803223
critical,22,ambiguous,long,,final,11,7,that,7.601181983947754
critical,22,ambiguous,long,,final,11,8,was,2.934965133666992
critical,22,ambiguous,long,,final,11,9,recently,10.935916900634766
critical,22,ambiguous,long,,final,11,10,acquired,4.427939414978027
critical,22,ambiguous,long,,final,11,11,failed.,18.80284881591797
critical,22,ambiguous,short,,final,7,0,When,66.00741577148438
critical,22,ambiguous,short,,final,7,1,the,3.466641902923584
critical,22,ambiguous,short,,final,7,2,original,9.74294662475586
critical,22,ambiguous,short,,final,7,3,members,14.815096855163574
critical,22,ambiguous,short,,final,7,4,left,11.144783973693848
critical,22,ambiguous,short,,final,7,5,the,1.0074385404586792
critical,22,ambiguous,short,,final,7,6,company,8.742287635803223
critical,22,ambiguous,short,,final,7,7,failed.,17.781233549118042
critical,22,unambiguous,long,comma,final,11,0,When,66.00741577148438
critical,22,unambiguous,long,comma,final,11,1,the,3.466641902923584
critical,22,unambiguous,long,comma,final,11,2,original,9.74294662475586
critical,22,unambiguous,long,comma,final,11,3,members,14.815096855163574
critical,22,unambiguous,long,comma,final,11,4,"left,",14.442271947860718
critical,22,unambiguous,long,comma,final,11,5,the,2.1257386207580566
critical,22,unambiguous,long,comma,final,11,6,company,11.967394828796388
critical,22,unambiguous,long,comma,final,11,7,that,7.150339603424072
critical,22,unambiguous,long,comma,final,11,8,was,3.924000024795532
critical,22,unambiguous,long,comma,final,11,9,recently,11.816732406616213
critical,22,unambiguous,long,comma,final,11,10,acquired,3.8351526260375977
critical,22,unambiguous,long,comma,final,11,11,failed.,11.967483043670654
critical,22,unambiguous,short,comma,final,7,0,When,66.00741577148438
critical,22,unambiguous,short,comma,final,7,1,the,3.466641902923584
critical,22,unambiguous,short,comma,final,7,2,original,9.74294662475586
critical,22,unambiguous,short,comma,final,7,3,members,14.815096855163574
critical,22,unambiguous,short,comma,final,7,4,"left,",14.442271947860718
critical,22,unambiguous,short,comma,final,7,5,the,2.1257386207580566
critical,22,unambiguous,short,comma,final,7,6,company,11.967394828796388
critical,22,unambiguous,short,comma,final,7,7,failed.,11.908397912979126
critical,22,unambiguous,long,object,final,14,0,When,66.00741577148438
critical,22,unambiguous,long,object,final,14,1,the,3.466641902923584
critical,22,unambiguous,long,object,final,14,2,original,9.74294662475586
critical,22,unambiguous,long,object,final,14,3,members,14.815096855163574
critical,22,unambiguous,long,object,final,14,4,left,11.144783973693848
critical,22,unambiguous,long,object,final,14,5,the,1.0074385404586792
critical,22,unambiguous,long,object,final,14,6,engineering,13.61525821685791
critical,22,unambiguous,long,object,final,14,7,team,1.7950916290283203
critical,22,unambiguous,long,object,final,14,8,the,6.773816108703613
critical,22,unambiguous,long,object,final,14,9,company,8.980565071105957
critical,22,unambiguous,long,object,final,14,10,that,7.169183254241943
critical,22,unambiguous,long,object,final,14,11,was,4.045692443847656
critical,22,unambiguous,long,object,final,14,12,recently,11.767861366271973
critical,22,unambiguous,long,object,final,14,13,acquired,4.281856060028076
critical,22,unambiguous,long,object,final,14,14,failed.,13.10876488685608
critical,22,unambiguous,short,object,final,10,0,When,66.00741577148438
critical,22,unambiguous,short,object,final,10,1,the,3.466641902923584
critical,22,unambiguous,short,object,final,10,2,original,9.74294662475586
critical,22,unambiguous,short,object,final,10,3,members,14.815096855163574
critical,22,unambiguous,short,object,final,10,4,left,11.144783973693848
critical,22,unambiguous,short,object,final,10,5,the,1.0074385404586792
critical,22,unambiguous,short,object,final,10,6,engineering,13.61525821685791
critical,22,unambiguous,short,object,final,10,7,team,1.7950916290283203
critical,22,unambiguous,short,object,final,10,8,the,6.773816108703613
critical,22,unambiguous,short,object,final,10,9,company,8.980565071105957
critical,22,unambiguous,short,object,final,10,10,failed.,12.436728715896606
critical,22,ambiguous,long,,nonfinal,11,0,When,66.00741577148438
critical,22,ambiguous,long,,nonfinal,11,1,the,3.466641902923584
critical,22,ambiguous,long,,nonfinal,11,2,original,9.74294662475586
critical,22,ambiguous,long,,nonfinal,11,3,members,14.815096855163574
critical,22,ambiguous,long,,nonfinal,11,4,left,11.144783973693848
critical,22,ambiguous,long,,nonfinal,11,5,the,1.0074385404586792
critical,22,ambiguous,long,,nonfinal,11,6,company,8.742287635803223
critical,22,ambiguous,long,,nonfinal,11,7,that,7.601181983947754
critical,22,ambiguous,long,,nonfinal,11,8,was,2.934965133666992
critical,22,ambiguous,long,,nonfinal,11,9,recently,10.935916900634766
critical,22,ambiguous,long,,nonfinal,11,10,acquired,4.427939414978027
critical,22,ambiguous,long,,nonfinal,11,11,failed,15.644576072692873
critical,22,ambiguous,long,,nonfinal,11,12,to,1.0711904764175415
critical,22,ambiguous,long,,nonfinal,11,13,create,6.630902290344238
critical,22,ambiguous,long,,nonfinal,11,14,a,1.4817914962768557
critical,22,ambiguous,long,,nonfinal,11,15,successful,6.877368927001953
critical,22,ambiguous,long,,nonfinal,11,16,product.,4.589168548583984
critical,22,ambiguous,short,,nonfinal,7,0,When,66.00741577148438
critical,22,ambiguous,short,,nonfinal,7,1,the,3.466641902923584
critical,22,ambiguous,short,,nonfinal,7,2,original,9.74294662475586
critical,22,ambiguous,short,,nonfinal,7,3,members,14.815096855163574
critical,22,ambiguous,short,,nonfinal,7,4,left,11.144783973693848
critical,22,ambiguous,short,,nonfinal,7,5,the,1.0074385404586792
critical,22,ambiguous,short,,nonfinal,7,6,company,8.742287635803223
critical,22,ambiguous,short,,nonfinal,7,7,failed,14.133638381958008
critical,22,ambiguous,short,,nonfinal,7,8,to,1.2028329372406006
critical,22,ambiguous,short,,nonfinal,7,9,create,6.338383197784424
critical,22,ambiguous,short,,nonfinal,7,10,a,1.939502000808716
critical,22,ambiguous,short,,nonfinal,7,11,successful,6.970266819000244
critical,22,ambiguous,short,,nonfinal,7,12,product.,4.530787825584412
critical,22,unambiguous,long,comma,nonfinal,11,0,When,66.00741577148438
critical,22,unambiguous,long,comma,nonfinal,11,1,the,3.466641902923584
critical,22,unambiguous,long,comma,nonfinal,11,2,original,9.74294662475586
critical,22,unambiguous,long,comma,nonfinal,11,3,members,14.815096855163574
critical,22,unambiguous,long,comma,nonfinal,11,4,"left,",14.442271947860718
critical,22,unambiguous,long,comma,nonfinal,11,5,the,2.1257386207580566
critical,22,unambiguous,long,comma,nonfinal,11,6,company,11.967394828796388
critical,22,unambiguous,long,comma,nonfinal,11,7,that,7.150339603424072
critical,22,unambiguous,long,comma,nonfinal,11,8,was,3.924000024795532
critical,22,unambiguous,long,comma,nonfinal,11,9,recently,11.816732406616213
critical,22,unambiguous,long,comma,nonfinal,11,10,acquired,3.8351526260375977
critical,22,unambiguous,long,comma,nonfinal,11,11,failed,9.335075378417969
critical,22,unambiguous,long,comma,nonfinal,11,12,to,0.8109875917434692
critical,22,unambiguous,long,comma,nonfinal,11,13,create,6.254026412963867
critical,22,unambiguous,long,comma,nonfinal,11,14,a,1.3113168478012085
critical,22,unambiguous,long,comma,nonfinal,11,15,successful,7.786097526550293
critical,22,unambiguous,long,comma,nonfinal,11,16,product.,4.326940417289734
critical,22,unambiguous,short,comma,nonfinal,7,0,When,66.00741577148438
critical,22,unambiguous,short,comma,nonfinal,7,1,the,3.466641902923584
critical,22,unambiguous,short,comma,nonfinal,7,2,original,9.74294662475586
critical,22,unambiguous,short,comma,nonfinal,7,3,members,14.815096855163574
critical,22,unambiguous,short,comma,nonfinal,7,4,"left,",14.442271947860718
critical,22,unambiguous,short,comma,nonfinal,7,5,the,2.1257386207580566
critical,22,unambiguous,short,comma,nonfinal,7,6,company,11.967394828796388
critical,22,unambiguous,short,comma,nonfinal,7,7,failed,9.76231861114502
critical,22,unambiguous,short,comma,nonfinal,7,8,to,1.220620036125183
critical,22,unambiguous,short,comma,nonfinal,7,9,create,5.884283065795898
critical,22,unambiguous,short,comma,nonfinal,7,10,a,1.542197346687317
critical,22,unambiguous,short,comma,nonfinal,7,11,successful,7.806614398956299
critical,22,unambiguous,short,comma,nonfinal,7,12,product.,3.6481233835220337
critical,22,unambiguous,long,object,nonfinal,14,0,When,66.00741577148438
critical,22,unambiguous,long,object,nonfinal,14,1,the,3.466641902923584
critical,22,unambiguous,long,object,nonfinal,14,2,original,9.74294662475586
critical,22,unambiguous,long,object,nonfinal,14,3,members,14.815096855163574
critical,22,unambiguous,long,object,nonfinal,14,4,left,11.144783973693848
critical,22,unambiguous,long,object,nonfinal,14,5,the,1.0074385404586792
critical,22,unambiguous,long,object,nonfinal,14,6,engineering,13.61525821685791
critical,22,unambiguous,long,object,nonfinal,14,7,team,1.7950916290283203
critical,22,unambiguous,long,object,nonfinal,14,8,the,6.773816108703613
critical,22,unambiguous,long,object,nonfinal,14,9,company,8.980565071105957
critical,22,unambiguous,long,object,nonfinal,14,10,that,7.169183254241943
critical,22,unambiguous,long,object,nonfinal,14,11,was,4.045692443847656
critical,22,unambiguous,long,object,nonfinal,14,12,recently,11.767861366271973
critical,22,unambiguous,long,object,nonfinal,14,13,acquired,4.281856060028076
critical,22,unambiguous,long,object,nonfinal,14,14,failed,10.137433052062988
critical,22,unambiguous,long,object,nonfinal,14,15,to,0.8638206720352173
critical,22,unambiguous,long,object,nonfinal,14,16,create,6.159631252288818
critical,22,unambiguous,long,object,nonfinal,14,17,a,1.3524385690689087
critical,22,unambiguous,long,object,nonfinal,14,18,successful,7.289642810821533
critical,22,unambiguous,long,object,nonfinal,14,19,product.,4.000872254371643
critical,22,unambiguous,short,object,nonfinal,10,0,When,66.00741577148438
critical,22,unambiguous,short,object,nonfinal,10,1,the,3.466641902923584
critical,22,unambiguous,short,object,nonfinal,10,2,original,9.74294662475586
critical,22,unambiguous,short,object,nonfinal,10,3,members,14.815096855163574
critical,22,unambiguous,short,object,nonfinal,10,4,left,11.144783973693848
critical,22,unambiguous,short,object,nonfinal,10,5,the,1.0074385404586792
critical,22,unambiguous,short,object,nonfinal,10,6,engineering,13.61525821685791
critical,22,unambiguous,short,object,nonfinal,10,7,team,1.7950916290283203
critical,22,unambiguous,short,object,nonfinal,10,8,the,6.773816108703613
critical,22,unambiguous,short,object,nonfinal,10,9,company,8.980565071105957
critical,22,unambiguous,short,object,nonfinal,10,10,failed,9.867720603942873
critical,22,unambiguous,short,object,nonfinal,10,11,to,1.2082042694091797
critical,22,unambiguous,short,object,nonfinal,10,12,create,5.725343704223633
critical,22,unambiguous,short,object,nonfinal,10,13,a,1.636064052581787
critical,22,unambiguous,short,object,nonfinal,10,14,successful,6.727058410644531
critical,22,unambiguous,short,object,nonfinal,10,15,product.,3.0298004150390625
critical,23,ambiguous,long,,final,12,0,After,73.70172119140625
critical,23,ambiguous,long,,final,12,1,the,7.122029781341553
critical,23,ambiguous,long,,final,12,2,director,19.1207275390625
critical,23,ambiguous,long,,final,12,3,finished,10.061089515686035
critical,23,ambiguous,long,,final,12,4,filming,7.534788131713867
critical,23,ambiguous,long,,final,12,5,the,2.307396173477173
critical,23,ambiguous,long,,final,12,6,actors,6.418601512908936
critical,23,ambiguous,long,,final,12,7,exhausted,17.424169540405273
critical,23,ambiguous,long,,final,12,8,from,4.604930400848389
critical,23,ambiguous,long,,final,12,9,the,1.4218260049819946
critical,23,ambiguous,long,,final,12,10,long,8.468700408935547
critical,23,ambiguous,long,,final,12,11,day,4.516787052154541
critical,23,ambiguous,long,,final,12,12,left.,14.711368322372437
critical,23,ambiguous,short,,final,7,0,After,73.70172119140625
critical,23,ambiguous,short,,final,7,1,the,7.122029781341553
critical,23,ambiguous,short,,final,7,2,director,19.1207275390625
critical,23,ambiguous,short,,final,7,3,finished,10.061089515686035
critical,23,ambiguous,short,,final,7,4,filming,7.534788131713867
critical,23,ambiguous,short,,final,7,5,the,2.307396173477173
critical,23,ambiguous,short,,final,7,6,actors,6.418601512908936
critical,23,ambiguous,short,,final,7,7,left.,14.08371114730835
critical,23,unambiguous,long,comma,final,12,0,After,73.70172119140625
critical,23,unambiguous,long,comma,final,12,1,the,7.122029781341553
critical,23,unambiguous,long,comma,final,12,2,director,19.1207275390625
critical,23,unambiguous,long,comma,final,12,3,finished,10.061089515686035
critical,23,unambiguous,long,comma,final,12,4,"filming,",9.2944815158844
critical,23,unambiguous,long,comma,final,12,5,the,1.9779820442199707
critical,23,unambiguous,long,comma,final,12,6,actors,6.0676140785217285
critical,23,unambiguous,long,comma,final,12,7,exhausted,17.731393814086914
critical,23,unambiguous,long,comma,final,12,8,from,6.512820720672607
critical,23,unambiguous,long,comma,final,12,9,the,1.2534645795822144
critical,23,unambiguous,long,comma,final,12,10,long,8.297962188720703
critical,23,unambiguous,long,comma,final,12,11,day,4.16650390625
critical,23,unambiguous,long,comma,final,12,12,left.,13.93850803375244
critical,23,unambiguous,short,comma,final,7,0,After,73.70172119140625
critical,23,unambiguous,short,comma,final,7,1,the,7.122029781341553
critical,23,unambiguous,short,comma,final,7,2,director,19.1207275390625
critical,23,unambiguous,short,comma,final,7,3,finished,10.061089515686035
critical,23,unambiguous,short,comma,final,7,4,"filming,",9.2944815158844
critical,23,unambiguous,short,comma,final,7,5,the,1.9779820442199707
critical,23,unambiguous,short,comma,final,7,6,actors,6.0676140785217285
critical,23,unambiguous,short,comma,final,7,7,left.,11.08948540687561
critical,23,unambiguous,long,object,final,15,0,After,73.70172119140625
critical,23,unambiguous,long,object,final,15,1,the,7.122029781341553
critical,23,unambiguous,long,object,final,15,2,director,19.1207275390625
critical,23,unambiguous,long,object,final,15,3,finished,10.061089515686035
critical,23,unambiguous,long,object,final,15,4,filming,7.534788131713867
critical,23,unambiguous,long,object,final,15,5,the,2.307396173477173
critical,23,unambiguous,long,object,final,15,6,final,6.875607490539551
critical,23,unambiguous,long,object,final,15,7,scene,2.084528684616089
critical,23,unambiguous,long,object,final,15,8,the,5.64996862411499
critical,23,unambiguous,long,object,final,15,9,actors,5.930688381195068
critical,23,unambiguous,long,object,final,15,10,exhausted,17.56021499633789
critical,23,unambiguous,long,object,final,15,11,from,6.316105365753174
critical,23,unambiguous,long,object,final,15,12,the,1.2954668998718262
critical,23,unambiguous,long,object,final,15,13,long,8.34692096710205
critical,23,unambiguous,long,object,final,15,14,day,5.538754940032959
critical,23,unambiguous,long,object,final,15,15,left.,13.862164497375488
critical,23,unambiguous,short,object,final,10,0,After,73.70172119140625
critical,23,unambiguous,short,object,final,10,1,the,7.122029781341553
critical,23,unambiguous,short,object,final,10,2,director,19.1207275390625
critical,23,unambiguous,short,object,final,10,3,finished,10.061089515686035
critical,23,unambiguous,short,object,final,10,4,filming,7.534788131713867
critical,23,unambiguous,short,object,final,10,5,the,2.307396173477173
critical,23,unambiguous,short,object,final,10,6,final,6.875607490539551
critical,23,unambiguous,short,object,final,10,7,scene,2.084528684616089
critical,23,unambiguous,short,object,final,10,8,the,5.64996862411499
critical,23,unambiguous,short,object,final,10,9,actors,5.930688381195068
critical,23,unambiguous,short,object,final,10,10,left.,11.302050352096558
critical,23,ambiguous,long,,nonfinal,12,0,After,73.70172119140625
critical,23,ambiguous,long,,nonfinal,12,1,the,7.122029781341553
critical,23,ambiguous,long,,nonfinal,12,2,director,19.1207275390625
critical,23,ambiguous,long,,nonfinal,12,3,finished,10.061089515686035
critical,23,ambiguous,long,,nonfinal,12,4,filming,7.534788131713867
critical,23,ambiguous,long,,nonfinal,12,5,the,2.307396173477173
critical,23,ambiguous,long,,nonfinal,12,6,actors,6.418601512908936
critical,23,ambiguous,long,,nonfinal,12,7,exhausted,17.424169540405273
critical,23,ambiguous,long,,nonfinal,12,8,from,4.604930400848389
critical,23,ambiguous,long,,nonfinal,12,9,the,1.4218260049819946
critical,23,ambiguous,long,,nonfinal,12,10,long,8.468700408935547
critical,23,ambiguous,long,,nonfinal,12,11,day,4.516787052154541
critical,23,ambiguous,long,,nonfinal,12,12,left,11.446460723876951
critical,23,ambiguous,long,,nonfinal,12,13,to,3.824938058853149
critical,23,ambiguous,long,,nonfinal,12,14,go,2.325183391571045
critical,23,ambiguous,long,,nonfinal,12,15,home.,4.533693790435791
critical,23,ambiguous,short,,nonfinal,7,0,After,73.70172119140625
critical,23,ambiguous,short,,nonfinal,7,1,the,7.122029781341553
critical,23,ambiguous,short,,nonfinal,7,2,director,19.1207275390625
critical,23,ambiguous,short,,nonfinal,7,3,finished,10.061089515686035
critical,23,ambiguous,short,,nonfinal,7,4,filming,7.534788131713867
critical,23,ambiguous,short,,nonfinal,7,5,the,2.307396173477173
critical,23,ambiguous,short,,nonfinal,7,6,actors,6.418601512908936
critical,23,ambiguous,short,,nonfinal,7,7,left,10.387685775756836
critical,23,ambiguous,short,,nonfinal,7,8,to,5.203352928161621
critical,23,ambiguous,short,,nonfinal,7,9,go,1.9734032154083248
critical,23,ambiguous,short,,nonfinal,7,10,home.,4.534222006797791
critical,23,unambiguous,long,comma,nonfinal,12,0,After,73.70172119140625
critical,23,unambiguous,long,comma,nonfinal,12,1,the,7.122029781341553
critical,23,unambiguous,long,comma,nonfinal,12,2,director,19.1207275390625
critical,23,unambiguous,long,comma,nonfinal,12,3,finished,10.061089515686035
critical,23,unambiguous,long,comma,nonfinal,12,4,"filming,",9.2944815158844
critical,23,unambiguous,long,comma,nonfinal,12,5,the,1.9779820442199707
critical,23,unambiguous,long,comma,nonfinal,12,6,actors,6.0676140785217285
critical,23,unambiguous,long,comma,nonfinal,12,7,exhausted,17.731393814086914
critical,23,unambiguous,long,comma,nonfinal,12,8,from,6.512820720672607
critical,23,unambiguous,long,comma,nonfinal,12,9,the,1.2534645795822144
critical,23,unambiguous,long,comma,nonfinal,12,10,long,8.297962188720703
critical,23,unambiguous,long,comma,nonfinal,12,11,day,4.16650390625
critical,23,unambiguous,long,comma,nonfinal,12,12,left,10.43303394317627
critical,23,unambiguous,long,comma,nonfinal,12,13,to,3.5129587650299072
critical,23,unambiguous,long,comma,nonfinal,12,14,go,1.9247968196868896
critical,23,unambiguous,long,comma,nonfinal,12,15,home.,3.544922709465027
critical,23,unambiguous,short,comma,nonfinal,7,0,After,73.70172119140625
critical,23,unambiguous,short,comma,nonfinal,7,1,the,7.122029781341553
critical,23,unambiguous,short,comma,nonfinal,7,2,director,19.1207275390625
critical,23,unambiguous,short,comma,nonfinal,7,3,finished,10.061089515686035
critical,23,unambiguous,short,comma,nonfinal,7,4,"filming,",9.2944815158844
critical,23,unambiguous,short,comma,nonfinal,7,5,the,1.9779820442199707
critical,23,unambiguous,short,comma,nonfinal,7,6,actors,6.0676140785217285
critical,23,unambiguous,short,comma,nonfinal,7,7,left,7.847119808197021
critical,23,unambiguous,short,comma,nonfinal,7,8,to,4.9707112312316895
critical,23,unambiguous,short,comma,nonfinal,7,9,go,2.1534759998321533
critical,23,unambiguous,short,comma,nonfinal,7,10,home.,3.772016942501068
critical,23,unambiguous,long,object,nonfinal,15,0,After,73.70172119140625
critical,23,unambiguous,long,object,nonfinal,15,1,the,7.122029781341553
critical,23,unambiguous,long,object,nonfinal,15,2,director,19.1207275390625
critical,23,unambiguous,long,object,nonfinal,15,3,finished,10.061089515686035
critical,23,unambiguous,long,object,nonfinal,15,4,filming,7.534788131713867
critical,23,unambiguous,long,object,nonfinal,15,5,the,2.307396173477173
critical,23,unambiguous,long,object,nonfinal,15,6,final,6.875607490539551
critical,23,unambiguous,long,object,nonfinal,15,7,scene,2.084528684616089
critical,23,unambiguous,long,object,nonfinal,15,8,the,5.64996862411499
critical,23,unambiguous,long,object,nonfinal,15,9,actors,5.930688381195068
critical,23,unambiguous,long,object,nonfinal,15,10,exhausted,17.56021499633789
critical,23,unambiguous,long,object,nonfinal,15,11,from,6.316105365753174
critical,23,unambiguous,long,object,nonfinal,15,12,the,1.2954668998718262
critical,23,unambiguous,long,object,nonfinal,15,13,long,8.34692096710205
critical,23,unambiguous,long,object,nonfinal,15,14,day,5.538754940032959
critical,23,unambiguous,long,object,nonfinal,15,15,left,10.895675659179688
critical,23,unambiguous,long,object,nonfinal,15,16,to,3.4955239295959477
critical,23,unambiguous,long,object,nonfinal,15,17,go,2.3250954151153564
critical,23,unambiguous,long,object,nonfinal,15,18,home.,3.570018529891968
critical,23,unambiguous,short,object,nonfinal,10,0,After,73.70172119140625
critical,23,unambiguous,short,object,nonfinal,10,1,the,7.122029781341553
critical,23,unambiguous,short,object,nonfinal,10,2,director,19.1207275390625
critical,23,unambiguous,short,object,nonfinal,10,3,finished,10.061089515686035
critical,23,unambiguous,short,object,nonfinal,10,4,filming,7.534788131713867
critical,23,unambiguous,short,object,nonfinal,10,5,the,2.307396173477173
critical,23,unambiguous,short,object,nonfinal,10,6,final,6.875607490539551
critical,23,unambiguous,short,object,nonfinal,10,7,scene,2.084528684616089
critical,23,unambiguous,short,object,nonfinal,10,8,the,5.64996862411499
critical,23,unambiguous,short,object,nonfinal,10,9,actors,5.930688381195068
critical,23,unambiguous,short,object,nonfinal,10,10,left,7.785040855407715
critical,23,unambiguous,short,object,nonfinal,10,11,to,4.935049057006836
critical,23,unambiguous,short,object,nonfinal,10,12,go,1.901814341545105
critical,23,unambiguous,short,object,nonfinal,10,13,home.,3.682288885116577
critical,24,ambiguous,long,,final,8,0,After,73.70172119140625
critical,24,ambiguous,long,,final,8,1,our,14.75649642944336
critical,24,ambiguous,long,,final,8,2,team,9.553187370300291
critical,24,ambiguous,long,,final,8,3,won,10.804715156555176
critical,24,ambiguous,long,,final,8,4,the,0.8389011025428772
critical,24,ambiguous,long,,final,8,5,tournament,3.711963415145874
critical,24,ambiguous,long,,final,8,6,in,4.479099750518799
critical,24,ambiguous,long,,final,8,7,basketball,12.472214698791504
critical,24,ambiguous,long,,final,8,8,advanced.,21.358824729919437
critical,24,ambiguous,short,,final,6,0,After,73.70172119140625
critical,24,ambiguous,short,,final,6,1,our,14.75649642944336
critical,24,ambiguous,short,,final,6,2,team,9.553187370300291
critical,24,ambiguous,short,,final,6,3,won,10.804715156555176
critical,24,ambiguous,short,,final,6,4,the,0.8389011025428772
critical,24,ambiguous,short,,final,6,5,tournament,3.711963415145874
critical,24,ambiguous,short,,final,6,6,advanced.,23.26451349258423
critical,24,unambiguous,long,comma,final,8,0,After,73.70172119140625
critical,24,unambiguous,long,comma,final,8,1,our,14.75649642944336
critical,24,unambiguous,long,comma,final,8,2,team,9.553187370300291
critical,24,unambiguous,long,comma,final,8,3,"won,",16.284472942352295
critical,24,unambiguous,long,comma,final,8,4,the,5.081748962402344
critical,24,unambiguous,long,comma,final,8,5,tournament,6.118685722351074
critical,24,unambiguous,long,comma,final,8,6,in,8.647628784179688
critical,24,unambiguous,long,comma,final,8,7,basketball,11.910951614379885
critical,24,unambiguous,long,comma,final,8,8,advanced.,17.943167209625244
critical,24,unambiguous,short,comma,final,6,0,After,73.70172119140625
critical,24,unambiguous,short,comma,final,6,1,our,14.75649642944336
critical,24,unambiguous,short,comma,final,6,2,team,9.553187370300291
critical,24,unambiguous,short,comma,final,6,3,"won,",16.284472942352295
critical,24,unambiguous,short,comma,final,6,4,the,5.081748962402344
critical,24,unambiguous,short,comma,final,6,5,tournament,6.118685722351074
critical,24,unambiguous,short,comma,final,6,6,advanced.,19.334702014923096
critical,24,unambiguous,long,object,final,10,0,After,73.70172119140625
critical,24,unambiguous,long,object,final,10,1,our,14.75649642944336
critical,24,unambiguous,long,object,final,10,2,team,9.553187370300291
critical,24,unambiguous,long,object,final,10,3,won,10.804715156555176
critical,24,unambiguous,long,object,final,10,4,the,0.8389011025428772
critical,24,unambiguous,long,object,final,10,5,semifinals,10.327368021011353
critical,24,unambiguous,long,object,final,10,6,the,7.329795837402344
critical,24,unambiguous,long,object,final,10,7,tournament,4.3330159187316895
critical,24,unambiguous,long,object,final,10,8,in,6.045159816741943
critical,24,unambiguous,long,object,final,10,9,basketball,11.194535255432127
critical,24,unambiguous,long,object,final,10,10,advanced.,19.731566905975345
critical,24,unambiguous,short,object,final,8,0,After,73.70172119140625
critical,24,unambiguous,short,object,final,8,1,our,14.75649642944336
critical,24,unambiguous,short,object,final,8,2,team,9.553187370300291
critical,24,unambiguous,short,object,final,8,3,won,10.804715156555176
critical,24,unambiguous,short,object,final,8,4,the,0.8389011025428772
critical,24,unambiguous,short,object,final,8,5,semifinals,10.327368021011353
critical,24,unambiguous,short,object,final,8,6,the,7.329795837402344
critical,24,unambiguous,short,object,final,8,7,tournament,4.3330159187316895
critical,24,unambiguous,short,object,final,8,8,advanced.,19.31418514251709
critical,24,ambiguous,long,,nonfinal,8,0,After,73.70172119140625
critical,24,ambiguous,long,,nonfinal,8,1,our,14.75649642944336
critical,24,ambiguous,long,,nonfinal,8,2,team,9.553187370300291
critical,24,ambiguous,long,,nonfinal,8,3,won,10.804715156555176
critical,24,ambiguous,long,,nonfinal,8,4,the,0.8389011025428772
critical,24,ambiguous,long,,nonfinal,8,5,tournament,3.711963415145874
critical,24,ambiguous,long,,nonfinal,8,6,in,4.479099750518799
critical,24,ambiguous,long,,nonfinal,8,7,basketball,12.472214698791504
critical,24,ambiguous,long,,nonfinal,8,8,advanced,15.25123405456543
critical,24,ambiguous,long,,nonfinal,8,9,to,1.0755051374435425
critical,24,ambiguous,long,,nonfinal,8,10,the,0.9681659936904908
critical,24,ambiguous,long,,nonfinal,8,11,final,4.329934120178223
critical,24,ambiguous,long,,nonfinal,8,12,round.,3.801779627799988
critical,24,ambiguous,short,,nonfinal,6,0,After,73.70172119140625
critical,24,ambiguous,short,,nonfinal,6,1,our,14.75649642944336
critical,24,ambiguous,short,,nonfinal,6,2,team,9.553187370300291
critical,24,ambiguous,short,,nonfinal,6,3,won,10.804715156555176
critical,24,ambiguous,short,,nonfinal,6,4,the,0.8389011025428772
critical,24,ambiguous,short,,nonfinal,6,5,tournament,3.711963415145874
critical,24,ambiguous,short,,nonfinal,6,6,advanced,17.209491729736328
critical,24,ambiguous,short,,nonfinal,6,7,to,0.8228750824928284
critical,24,ambiguous,short,,nonfinal,6,8,the,0.6396323442459106
critical,24,ambiguous,short,,nonfinal,6,9,final,3.743310928344727
critical,24,ambiguous,short,,nonfinal,6,10,round.,3.997526168823242
critical,24,unambiguous,long,comma,nonfinal,8,0,After,73.70172119140625
critical,24,unambiguous,long,comma,nonfinal,8,1,our,14.75649642944336
critical,24,unambiguous,long,comma,nonfinal,8,2,team,9.553187370300291
critical,24,unambiguous,long,comma,nonfinal,8,3,"won,",16.284472942352295
critical,24,unambiguous,long,comma,nonfinal,8,4,the,5.081748962402344
critical,24,unambiguous,long,comma,nonfinal,8,5,tournament,6.118685722351074
critical,24,unambiguous,long,comma,nonfinal,8,6,in,8.647628784179688
critical,24,unambiguous,long,comma,nonfinal,8,7,basketball,11.910951614379885
critical,24,unambiguous,long,comma,nonfinal,8,8,advanced,13.31912899017334
critical,24,unambiguous,long,comma,nonfinal,8,9,to,0.5034991502761841
critical,24,unambiguous,long,comma,nonfinal,8,10,the,0.6502870321273804
critical,24,unambiguous,long,comma,nonfinal,8,11,final,3.869229793548584
critical,24,unambiguous,long,comma,nonfinal,8,12,round.,2.63460910320282
critical,24,unambiguous,short,comma,nonfinal,6,0,After,73.70172119140625
critical,24,unambiguous,short,comma,nonfinal,6,1,our,14.75649642944336
critical,24,unambiguous,short,comma,nonfinal,6,2,team,9.553187370300291
critical,24,unambiguous,short,comma,nonfinal,6,3,"won,",16.284472942352295
critical,24,unambiguous,short,comma,nonfinal,6,4,the,5.081748962402344
critical,24,unambiguous,short,comma,nonfinal,6,5,tournament,6.118685722351074
critical,24,unambiguous,short,comma,nonfinal,6,6,advanced,15.134649276733398
critical,24,unambiguous,short,comma,nonfinal,6,7,to,0.5729746222496033
critical,24,unambiguous,short,comma,nonfinal,6,8,the,0.5886484384536743
critical,24,unambiguous,short,comma,nonfinal,6,9,final,3.824762105941773
critical,24,unambiguous,short,comma,nonfinal,6,10,round.,2.369739294052124
critical,24,unambiguous,long,object,nonfinal,10,0,After,73.70172119140625
critical,24,unambiguous,long,object,nonfinal,10,1,our,14.75649642944336
critical,24,unambiguous,long,object,nonfinal,10,2,team,9.553187370300291
critical,24,unambiguous,long,object,nonfinal,10,3,won,10.804715156555176
critical,24,unambiguous,long,object,nonfinal,10,4,the,0.8389011025428772
critical,24,unambiguous,long,object,nonfinal,10,5,semifinals,10.327368021011353
critical,24,unambiguous,long,object,nonfinal,10,6,the,7.329795837402344
critical,24,unambiguous,long,object,nonfinal,10,7,tournament,4.3330159187316895
critical,24,unambiguous,long,object,nonfinal,10,8,in,6.045159816741943
critical,24,unambiguous,long,object,nonfinal,10,9,basketball,11.194535255432127
critical,24,unambiguous,long,object,nonfinal,10,10,advanced,14.345059394836426
critical,24,unambiguous,long,object,nonfinal,10,11,to,0.2948085367679596
critical,24,unambiguous,long,object,nonfinal,10,12,the,0.4819256365299225
critical,24,unambiguous,long,object,nonfinal,10,13,final,3.4462130069732666
critical,24,unambiguous,long,object,nonfinal,10,14,round.,7.394956827163696
critical,24,unambiguous,short,object,nonfinal,8,0,After,73.70172119140625
critical,24,unambiguous,short,object,nonfinal,8,1,our,14.75649642944336
critical,24,unambiguous,short,object,nonfinal,8,2,team,9.553187370300291
critical,24,unambiguous,short,object,nonfinal,8,3,won,10.804715156555176
critical,24,unambiguous,short,object,nonfinal,8,4,the,0.8389011025428772
critical,24,unambiguous,short,object,nonfinal,8,5,semifinals,10.327368021011353
critical,24,unambiguous,short,object,nonfinal,8,6,the,7.329795837402344
critical,24,unambiguous,short,object,nonfinal,8,7,tournament,4.3330159187316895
critical,24,unambiguous,short,object,nonfinal,8,8,advanced,14.18629550933838
critical,24,unambiguous,short,object,nonfinal,8,9,to,0.3684225976467132
critical,24,unambiguous,short,object,nonfinal,8,10,the,0.4835987091064453
critical,24,unambiguous,short,object,nonfinal,8,11,final,2.9447391033172607
critical,24,unambiguous,short,object,nonfinal,8,12,round.,6.31575334072113
critical,25,ambiguous,long,,final,13,0,When,66.00741577148438
critical,25,ambiguous,long,,final,13,1,the,3.466641902923584
critical,25,ambiguous,long,,final,13,2,clumsy,21.375378921628
critical,25,ambiguous,long,,final,13,3,librarian,14.412509202957152
critical,25,ambiguous,long,,final,13,4,tried,8.553762435913086
critical,25,ambiguous,long,,final,13,5,to,0.1705627590417862
critical,25,ambiguous,long,,final,13,6,organize,9.288053512573242
critical,25,ambiguous,long,,final,13,7,the,1.2089086771011353
critical,25,ambiguous,long,,final,13,8,stack,9.912540435791016
critical,25,ambiguous,long,,final,13,9,of,0.9988091588020324
critical,25,ambiguous,long,,final,13,10,books,2.8669865131378174
critical,25,ambiguous,long,,final,13,11,leaning,15.872374534606934
critical,25,ambiguous,long,,final,13,12,precariously,11.445403611578511
critical,25,ambiguous,long,,final,13,13,toppled.,24.835680961608887
critical,25,ambiguous,short,,final,11,0,When,66.00741577148438
critical,25,ambiguous,short,,final,11,1,the,3.466641902923584
critical,25,ambiguous,short,,final,11,2,clumsy,21.375378921628
critical,25,ambiguous,short,,final,11,3,librarian,14.412509202957152
critical,25,ambiguous,short,,final,11,4,tried,8.553762435913086
critical,25,ambiguous,short,,final,11,5,to,0.1705627590417862
critical,25,ambiguous,short,,final,11,6,organize,9.288053512573242
critical,25,ambiguous,short,,final,11,7,the,1.2089086771011353
critical,25,ambiguous,short,,final,11,8,stack,9.912540435791016
critical,25,ambiguous,short,,final,11,9,of,0.9988091588020324
critical,25,ambiguous,short,,final,11,10,books,2.8669865131378174
critical,25,ambiguous,short,,final,11,11,toppled.,25.08910483121872
critical,25,unambiguous,long,comma,final,13,0,When,66.00741577148438
critical,25,unambiguous,long,comma,final,13,1,the,3.466641902923584
critical,25,unambiguous,long,comma,final,13,2,clumsy,21.375378921628
critical,25,unambiguous,long,comma,final,13,3,librarian,14.412509202957152
critical,25,unambiguous,long,comma,final,13,4,tried,8.553762435913086
critical,25,unambiguous,long,comma,final,13,5,to,0.1705627590417862
critical,25,unambiguous,long,comma,final,13,6,"organize,",16.52142906188965
critical,25,unambiguous,long,comma,final,13,7,the,2.973973512649536
critical,25,unambiguous,long,comma,final,13,8,stack,11.34836769104004
critical,25,unambiguous,long,comma,final,13,9,of,0.9792609214782716
critical,25,unambiguous,long,comma,final,13,10,books,2.1048696041107178
critical,25,unambiguous,long,comma,final,13,11,leaning,15.800434112548828
critical,25,unambiguous,long,comma,final,13,12,precariously,9.831882255006349
critical,25,unambiguous,long,comma,final,13,13,toppled.,19.771807685494423
critical,25,unambiguous,short,comma,final,11,0,When,66.00741577148438
critical,25,unambiguous,short,comma,final,11,1,the,3.466641902923584
critical,25,unambiguous,short,comma,final,11,2,clumsy,21.375378921628
critical,25,unambiguous,short,comma,final,11,3,librarian,14.412509202957152
critical,25,unambiguous,short,comma,final,11,4,tried,8.553762435913086
critical,25,unambiguous,short,comma,final,11,5,to,0.1705627590417862
critical,25,unambiguous,short,comma,final,11,6,"organize,",16.52142906188965
critical,25,unambiguous,short,comma,final,11,7,the,2.973973512649536
critical,25,unambiguous,short,comma,final,11,8,stack,11.34836769104004
critical,25,unambiguous,short,comma,final,11,9,of,0.9792609214782716
critical,25,unambiguous,short,comma,final,11,10,books,2.1048696041107178
critical,25,unambiguous,short,comma,final,11,11,toppled.,15.827555000782011
critical,25,unambiguous,long,object,final,16,0,When,66.00741577148438
critical,25,unambiguous,long,object,final,16,1,the,3.466641902923584
critical,25,unambiguous,long,object,final,16,2,clumsy,21.375378921628
critical,25,unambiguous,long,object,final,16,3,librarian,14.412509202957152
critical,25,unambiguous,long,object,final,16,4,tried,8.553762435913086
critical,25,unambiguous,long,object,final,16,5,to,0.1705627590417862
critical,25,unambiguous,long,object,final,16,6,organize,9.288053512573242
critical,25,unambiguous,long,object,final,16,7,the,1.2089086771011353
critical,25,unambiguous,long,object,final,16,8,reading,11.269293785095217
critical,25,unambiguous,long,object,final,16,9,room,6.51370096206665
critical,25,unambiguous,long,object,final,16,10,the,7.49833345413208
critical,25,unambiguous,long,object,final,16,11,stack,13.017539978027344
critical,25,unambiguous,long,object,final,16,12,of,0.6418337225914001
critical,25,unambiguous,long,object,final,16,13,books,0.7617648243904114
critical,25,unambiguous,long,object,final,16,14,leaning,15.578535079956056
critical,25,unambiguous,long,object,final,16,15,precariously,10.784462398209143
critical,25,unambiguous,long,object,final,16,16,toppled.,21.217937387526035
critical,25,unambiguous,short,object,final,14,0,When,66.00741577148438
critical,25,unambiguous,short,object,final,14,1,the,3.466641902923584
critical,25,unambiguous,short,object,final,14,2,clumsy,21.375378921628
critical,25,unambiguous,short,object,final,14,3,librarian,14.412509202957152
critical,25,unambiguous,short,object,final,14,4,tried,8.553762435913086
critical,25,unambiguous,short,object,final,14,5,to,0.1705627590417862
critical,25,unambiguous,short,object,final,14,6,organize,9.288053512573242
critical,25,unambiguous,short,object,final,14,7,the,1.2089086771011353
critical,25,unambiguous,short,object,final,14,8,reading,11.269293785095217
critical,25,unambiguous,short,object,final,14,9,room,6.51370096206665
critical,25,unambiguous,short,object,final,14,10,the,7.49833345413208
critical,25,unambiguous,short,object,final,14,11,stack,13.017539978027344
critical,25,unambiguous,short,object,final,14,12,of,0.6418337225914001
critical,25,unambiguous,short,object,final,14,13,books,0.7617648243904114
critical,25,unambiguous,short,object,final,14,14,toppled.,20.056489776819944
critical,25,ambiguous,long,,nonfinal,13,0,When,66.00741577148438
critical,25,ambiguous,long,,nonfinal,13,1,the,3.466641902923584
critical,25,ambiguous,long,,nonfinal,13,2,clumsy,21.375378921628
critical,25,ambiguous,long,,nonfinal,13,3,librarian,14.412509202957152
critical,25,ambiguous,long,,nonfinal,13,4,tried,8.553762435913086
critical,25,ambiguous,long,,nonfinal,13,5,to,0.1705627590417862
critical,25,ambiguous,long,,nonfinal,13,6,organize,9.288053512573242
critical,25,ambiguous,long,,nonfinal,13,7,the,1.2089086771011353
critical,25,ambiguous,long,,nonfinal,13,8,stack,9.912540435791016
critical,25,ambiguous,long,,nonfinal,13,9,of,0.9988091588020324
critical,25,ambiguous,long,,nonfinal,13,10,books,2.8669865131378174
critical,25,ambiguous,long,,nonfinal,13,11,leaning,15.872374534606934
critical,25,ambiguous,long,,nonfinal,13,12,precariously,11.445403611578511
critical,25,ambiguous,long,,nonfinal,13,13,toppled,19.163434505462646
critical,25,ambiguous,long,,nonfinal,13,14,over,3.1264848709106445
critical,25,ambiguous,long,,nonfinal,13,15,onto,6.237560272216797
critical,25,ambiguous,long,,nonfinal,13,16,the,0.6238704919815063
critical,25,ambiguous,long,,nonfinal,13,17,floor.,3.765236735343933
critical,25,ambiguous,short,,nonfinal,11,0,When,66.00741577148438
critical,25,ambiguous,short,,nonfinal,11,1,the,3.466641902923584
critical,25,ambiguous,short,,nonfinal,11,2,clumsy,21.375378921628
critical,25,ambiguous,short,,nonfinal,11,3,librarian,14.412509202957152
critical,25,ambiguous,short,,nonfinal,11,4,tried,8.553762435913086
critical,25,ambiguous,short,,nonfinal,11,5,to,0.1705627590417862
critical,25,ambiguous,short,,nonfinal,11,6,organize,9.288053512573242
critical,25,ambiguous,short,,nonfinal,11,7,the,1.2089086771011353
critical,25,ambiguous,short,,nonfinal,11,8,stack,9.912540435791016
critical,25,ambiguous,short,,nonfinal,11,9,of,0.9988091588020324
critical,25,ambiguous,short,,nonfinal,11,10,books,2.8669865131378174
critical,25,ambiguous,short,,nonfinal,11,11,toppled,18.72580164670944
critical,25,ambiguous,short,,nonfinal,11,12,over,5.959129810333252
critical,25,ambiguous,short,,nonfinal,11,13,onto,7.322575569152832
critical,25,ambiguous,short,,nonfinal,11,14,the,0.6291537880897522
critical,25,ambiguous,short,,nonfinal,11,15,floor.,3.5299534797668457
critical,25,unambiguous,long,comma,nonfinal,13,0,When,66.00741577148438
critical,25,unambiguous,long,comma,nonfinal,13,1,the,3.466641902923584
critical,25,unambiguous,long,comma,nonfinal,13,2,clumsy,21.375378921628
critical,25,unambiguous,long,comma,nonfinal,13,3,librarian,14.412509202957152
critical,25,unambiguous,long,comma,nonfinal,13,4,tried,8.553762435913086
critical,25,unambiguous,long,comma,nonfinal,13,5,to,0.1705627590417862
critical,25,unambiguous,long,comma,nonfinal,13,6,"organize,",16.52142906188965
critical,25,unambiguous,long,comma,nonfinal,13,7,the,2.973973512649536
critical,25,unambiguous,long,comma,nonfinal,13,8,stack,11.34836769104004
critical,25,unambiguous,long,comma,nonfinal,13,9,of,0.9792609214782716
critical,25,unambiguous,long,comma,nonfinal,13,10,books,2.1048696041107178
critical,25,unambiguous,long,comma,nonfinal,13,11,leaning,15.800434112548828
critical,25,unambiguous,long,comma,nonfinal,13,12,precariously,9.831882255006349
critical,25,unambiguous,long,comma,nonfinal,13,13,toppled,15.969675794243813
critical,25,unambiguous,long,comma,nonfinal,13,14,over,2.692020893096924
critical,25,unambiguous,long,comma,nonfinal,13,15,onto,6.724417209625244
critical,25,unambiguous,long,comma,nonfinal,13,16,the,0.6457081437110901
critical,25,unambiguous,long,comma,nonfinal,13,17,floor.,2.3893755674362183
critical,25,unambiguous,short,comma,nonfinal,11,0,When,66.00741577148438
critical,25,unambiguous,short,comma,nonfinal,11,1,the,3.466641902923584
critical,25,unambiguous,short,comma,nonfinal,11,2,clumsy,21.375378921628
critical,25,unambiguous,short,comma,nonfinal,11,3,librarian,14.412509202957152
critical,25,unambiguous,short,comma,nonfinal,11,4,tried,8.553762435913086
critical,25,unambiguous,short,comma,nonfinal,11,5,to,0.1705627590417862
critical,25,unambiguous,short,comma,nonfinal,11,6,"organize,",16.52142906188965
critical,25,unambiguous,short,comma,nonfinal,11,7,the,2.973973512649536
critical,25,unambiguous,short,comma,nonfinal,11,8,stack,11.34836769104004
critical,25,unambiguous,short,comma,nonfinal,11,9,of,0.9792609214782716
critical,25,unambiguous,short,comma,nonfinal,11,10,books,2.1048696041107178
critical,25,unambiguous,short,comma,nonfinal,11,11,toppled,12.877972662448885
critical,25,unambiguous,short,comma,nonfinal,11,12,over,4.528058052062988
critical,25,unambiguous,short,comma,nonfinal,11,13,onto,7.286384582519531
critical,25,unambiguous,short,comma,nonfinal,11,14,the,0.5525458455085754
critical,25,unambiguous,short,comma,nonfinal,11,15,floor.,2.2660104036331177
critical,25,unambiguous,long,object,nonfinal,16,0,When,66.00741577148438
critical,25,unambiguous,long,object,nonfinal,16,1,the,3.466641902923584
critical,25,unambiguous,long,object,nonfinal,16,2,clumsy,21.375378921628
critical,25,unambiguous,long,object,nonfinal,16,3,librarian,14.412509202957152
critical,25,unambiguous,long,object,nonfinal,16,4,tried,8.553762435913086
critical,25,unambiguous,long,object,nonfinal,16,5,to,0.1705627590417862
critical,25,unambiguous,long,object,nonfinal,16,6,organize,9.288053512573242
critical,25,unambiguous,long,object,nonfinal,16,7,the,1.2089086771011353
critical,25,unambiguous,long,object,nonfinal,16,8,reading,11.269293785095217
critical,25,unambiguous,long,object,nonfinal,16,9,room,6.51370096206665
critical,25,unambiguous,long,object,nonfinal,16,10,the,7.49833345413208
critical,25,unambiguous,long,object,nonfinal,16,11,stack,13.017539978027344
critical,25,unambiguous,long,object,nonfinal,16,12,of,0.6418337225914001
critical,25,unambiguous,long,object,nonfinal,16,13,books,0.7617648243904114
critical,25,unambiguous,long,object,nonfinal,16,14,leaning,15.578535079956056
critical,25,unambiguous,long,object,nonfinal,16,15,precariously,10.784462398209143
critical,25,unambiguous,long,object,nonfinal,16,16,toppled,16.573382295668125
critical,25,unambiguous,long,object,nonfinal,16,17,over,2.5961289405822754
critical,25,unambiguous,long,object,nonfinal,16,18,onto,5.942839622497559
critical,25,unambiguous,long,object,nonfinal,16,19,the,0.6175305247306824
critical,25,unambiguous,long,object,nonfinal,16,20,floor.,2.5933992862701416
critical,25,unambiguous,short,object,nonfinal,14,0,When,66.00741577148438
critical,25,unambiguous,short,object,nonfinal,14,1,the,3.466641902923584
critical,25,unambiguous,short,object,nonfinal,14,2,clumsy,21.375378921628
critical,25,unambiguous,short,object,nonfinal,14,3,librarian,14.412509202957152
critical,25,unambiguous,short,object,nonfinal,14,4,tried,8.553762435913086
critical,25,unambiguous,short,object,nonfinal,14,5,to,0.1705627590417862
critical,25,unambiguous,short,object,nonfinal,14,6,organize,9.288053512573242
critical,25,unambiguous,short,object,nonfinal,14,7,the,1.2089086771011353
critical,25,unambiguous,short,object,nonfinal,14,8,reading,11.269293785095217
critical,25,unambiguous,short,object,nonfinal,14,9,room,6.51370096206665
critical,25,unambiguous,short,object,nonfinal,14,10,the,7.49833345413208
critical,25,unambiguous,short,object,nonfinal,14,11,stack,13.017539978027344
critical,25,unambiguous,short,object,nonfinal,14,12,of,0.6418337225914001
critical,25,unambiguous,short,object,nonfinal,14,13,books,0.7617648243904114
critical,25,unambiguous,short,object,nonfinal,14,14,toppled,15.764331173151731
critical,25,unambiguous,short,object,nonfinal,14,15,over,4.23518705368042
critical,25,unambiguous,short,object,nonfinal,14,16,onto,6.262039661407471
critical,25,unambiguous,short,object,nonfinal,14,17,the,0.5595021843910217
critical,25,unambiguous,short,object,nonfinal,14,18,floor.,2.561259150505066
critical,26,ambiguous,long,,final,8,0,Once,70.9433364868164
critical,26,ambiguous,long,,final,8,1,the,6.823302745819092
critical,26,ambiguous,long,,final,8,2,detective,15.342899322509766
critical,26,ambiguous,long,,final,8,3,investigated,13.702520370483398
critical,26,ambiguous,long,,final,8,4,the,0.7659914493560791
critical,26,ambiguous,long,,final,8,5,politician,17.553874969482422
critical,26,ambiguous,long,,final,8,6,accepting,16.05720329284668
critical,26,ambiguous,long,,final,8,7,bribes,4.95274820830673
critical,26,ambiguous,long,,final,8,8,resigned.,23.134103536605835
critical,26,ambiguous,short,,final,6,0,Once,70.9433364868164
critical,26,ambiguous,short,,final,6,1,the,6.823302745819092
critical,26,ambiguous,short,,final,6,2,detective,15.342899322509766
critical,26,ambiguous,short,,final,6,3,investigated,13.702520370483398
critical,26,ambiguous,short,,final,6,4,the,0.7659914493560791
critical,26,ambiguous,short,,final,6,5,politician,17.553874969482422
critical,26,ambiguous,short,,final,6,6,resigned.,19.56752038002014
critical,26,unambiguous,long,comma,final,8,0,Once,70.9433364868164
critical,26,unambiguous,long,comma,final,8,1,the,6.823302745819092
critical,26,unambiguous,long,comma,final,8,2,detective,15.342899322509766
critical,26,unambiguous,long,comma,final,8,3,"investigated,",17.475946187973022
critical,26,unambiguous,long,comma,final,8,4,the,2.1288204193115234
critical,26,unambiguous,long,comma,final,8,5,politician,15.146888732910156
critical,26,unambiguous,long,comma,final,8,6,accepting,17.075824737548828
critical,26,unambiguous,long,comma,final,8,7,bribes,7.170856250450015
critical,26,unambiguous,long,comma,final,8,8,resigned.,19.18826639652252
critical,26,unambiguous,short,comma,final,6,0,Once,70.9433364868164
critical,26,unambiguous,short,comma,final,6,1,the,6.823302745819092
critical,26,unambiguous,short,comma,final,6,2,detective,15.342899322509766
critical,26,unambiguous,short,comma,final,6,3,"investigated,",17.475946187973022
critical,26,unambiguous,short,comma,final,6,4,the,2.1288204193115234
critical,26,unambiguous,short,comma,final,6,5,politician,15.146888732910156
critical,26,unambiguous,short,comma,final,6,6,resigned.,15.12108850479126
critical,26,unambiguous,long,object,final,9,0,Once,70.9433364868164
critical,26,unambiguous,long,object,final,9,1,the,6.823302745819092
critical,26,unambiguous,long,object,final,9,2,detective,15.342899322509766
critical,26,unambiguous,long,object,final,9,3,investigated,13.702520370483398
critical,26,unambiguous,long,object,final,9,4,him,6.626587867736816
critical,26,unambiguous,long,object,final,9,5,the,6.187897205352783
critical,26,unambiguous,long,object,final,9,6,politician,16.994901657104492
critical,26,unambiguous,long,object,final,9,7,accepting,17.356103897094727
critical,26,unambiguous,long,object,final,9,8,bribes,5.959746550768614
critical,26,unambiguous,long,object,final,9,9,resigned.,20.206799507141117
critical,26,unambiguous,short,object,final,7,0,Once,70.9433364868164
critical,26,unambiguous,short,object,final,7,1,the,6.823302745819092
critical,26,unambiguous,short,object,final,7,2,detective,15.342899322509766
critical,26,unambiguous,short,object,final,7,3,investigated,13.702520370483398
critical,26,unambiguous,short,object,final,7,4,him,6.626587867736816
critical,26,unambiguous,short,object,final,7,5,the,6.187897205352783
critical,26,unambiguous,short,object,final,7,6,politician,16.994901657104492
critical,26,unambiguous,short,object,final,7,7,resigned.,16.46524977684021
critical,26,ambiguous,long,,nonfinal,8,0,Once,70.9433364868164
critical,26,ambiguous,long,,nonfinal,8,1,the,6.823302745819092
critical,26,ambiguous,long,,nonfinal,8,2,detective,15.342899322509766
critical,26,ambiguous,long,,nonfinal,8,3,investigated,13.702520370483398
critical,26,ambiguous,long,,nonfinal,8,4,the,0.7659914493560791
critical,26,ambiguous,long,,nonfinal,8,5,politician,17.553874969482422
critical,26,ambiguous,long,,nonfinal,8,6,accepting,16.05720329284668
critical,26,ambiguous,long,,nonfinal,8,7,bribes,4.95274820830673
critical,26,ambiguous,long,,nonfinal,8,8,resigned,20.63826942443848
critical,26,ambiguous,long,,nonfinal,8,9,from,2.977583646774292
critical,26,ambiguous,long,,nonfinal,8,10,office.,8.95916759967804
critical,26,ambiguous,short,,nonfinal,6,0,Once,70.9433364868164
critical,26,ambiguous,short,,nonfinal,6,1,the,6.823302745819092
critical,26,ambiguous,short,,nonfinal,6,2,detective,15.342899322509766
critical,26,ambiguous,short,,nonfinal,6,3,investigated,13.702520370483398
critical,26,ambiguous,short,,nonfinal,6,4,the,0.7659914493560791
critical,26,ambiguous,short,,nonfinal,6,5,politician,17.553874969482422
critical,26,ambiguous,short,,nonfinal,6,6,resigned,16.24053382873535
critical,26,ambiguous,short,,nonfinal,6,7,from,2.4329628944396973
critical,26,ambiguous,short,,nonfinal,6,8,office.,8.275331735610962
critical,26,unambiguous,long,comma,nonfinal,8,0,Once,70.9433364868164
critical,26,unambiguous,long,comma,nonfinal,8,1,the,6.823302745819092
critical,26,unambiguous,long,comma,nonfinal,8,2,detective,15.342899322509766
critical,26,unambiguous,long,comma,nonfinal,8,3,"investigated,",17.475946187973022
critical,26,unambiguous,long,comma,nonfinal,8,4,the,2.1288204193115234
critical,26,unambiguous,long,comma,nonfinal,8,5,politician,15.146888732910156
critical,26,unambiguous,long,comma,nonfinal,8,6,accepting,17.075824737548828
critical,26,unambiguous,long,comma,nonfinal,8,7,bribes,7.170856250450015
critical,26,unambiguous,long,comma,nonfinal,8,8,resigned,17.29155921936035
critical,26,unambiguous,long,comma,nonfinal,8,9,from,2.937430620193481
critical,26,unambiguous,long,comma,nonfinal,8,10,office.,8.238965034484863
critical,26,unambiguous,short,comma,nonfinal,6,0,Once,70.9433364868164
critical,26,unambiguous,short,comma,nonfinal,6,1,the,6.823302745819092
critical,26,unambiguous,short,comma,nonfinal,6,2,detective,15.342899322509766
critical,26,unambiguous,short,comma,nonfinal,6,3,"investigated,",17.475946187973022
critical,26,unambiguous,short,comma,nonfinal,6,4,the,2.1288204193115234
critical,26,unambiguous,short,comma,nonfinal,6,5,politician,15.146888732910156
critical,26,unambiguous,short,comma,nonfinal,6,6,resigned,12.85181999206543
critical,26,unambiguous,short,comma,nonfinal,6,7,from,2.6268601417541504
critical,26,unambiguous,short,comma,nonfinal,6,8,office.,7.434317350387573
critical,26,unambiguous,long,object,nonfinal,9,0,Once,70.9433364868164
critical,26,unambiguous,long,object,nonfinal,9,1,the,6.823302745819092
critical,26,unambiguous,long,object,nonfinal,9,2,detective,15.342899322509766
critical,26,unambiguous,long,object,nonfinal,9,3,investigated,13.702520370483398
critical,26,unambiguous,long,object,nonfinal,9,4,him,6.626587867736816
critical,26,unambiguous,long,object,nonfinal,9,5,the,6.187897205352783
critical,26,unambiguous,long,object,nonfinal,9,6,politician,16.994901657104492
critical,26,unambiguous,long,object,nonfinal,9,7,accepting,17.356103897094727
critical,26,unambiguous,long,object,nonfinal,9,8,bribes,5.959746550768614
critical,26,unambiguous,long,object,nonfinal,9,9,resigned,17.65082359313965
critical,26,unambiguous,long,object,nonfinal,9,10,from,3.1131887435913086
critical,26,unambiguous,long,object,nonfinal,9,11,office.,8.468524932861328
critical,26,unambiguous,short,object,nonfinal,7,0,Once,70.9433364868164
critical,26,unambiguous,short,object,nonfinal,7,1,the,6.823302745819092
critical,26,unambiguous,short,object,nonfinal,7,2,detective,15.342899322509766
critical,26,unambiguous,short,object,nonfinal,7,3,investigated,13.702520370483398
critical,26,unambiguous,short,object,nonfinal,7,4,him,6.626587867736816
critical,26,unambiguous,short,object,nonfinal,7,5,the,6.187897205352783
critical,26,unambiguous,short,object,nonfinal,7,6,politician,16.994901657104492
critical,26,unambiguous,short,object,nonfinal,7,7,resigned,13.713615417480469
critical,26,unambiguous,short,object,nonfinal,7,8,from,2.710776805877685
critical,26,unambiguous,short,object,nonfinal,7,9,office.,7.812250137329102
critical,27,ambiguous,long,,final,9,0,When,66.00741577148438
critical,27,ambiguous,long,,final,9,1,the,3.466641902923584
critical,27,ambiguous,long,,final,9,2,supervisor,15.18677806854248
critical,27,ambiguous,long,,final,9,3,called,8.572781562805176
critical,27,ambiguous,long,,final,9,4,the,1.5828787088394165
critical,27,ambiguous,long,,final,9,5,employees,11.623011589050291
critical,27,ambiguous,long,,final,9,6,who,6.3312506675720215
critical,27,ambiguous,long,,final,9,7,were,2.554126739501953
critical,27,ambiguous,long,,final,9,8,available,8.761396408081055
critical,27,ambiguous,long,,final,9,9,gathered.,23.476198196411133
critical,27,ambiguous,short,,final,6,0,When,66.00741577148438
critical,27,ambiguous,short,,final,6,1,the,3.466641902923584
critical,27,ambiguous,short,,final,6,2,supervisor,15.18677806854248
critical,27,ambiguous,short,,final,6,3,called,8.572781562805176
critical,27,ambiguous,short,,final,6,4,the,1.5828787088394165
critical,27,ambiguous,short,,final,6,5,employees,11.623011589050291
critical,27,ambiguous,short,,final,6,6,gathered.,21.467044830322266
critical,27,unambiguous,long,comma,final,9,0,When,66.00741577148438
critical,27,unambiguous,long,comma,final,9,1,the,3.466641902923584
critical,27,unambiguous,long,comma,final,9,2,supervisor,15.18677806854248
critical,27,unambiguous,long,comma,final,9,3,"called,",13.570966243743896
critical,27,unambiguous,long,comma,final,9,4,the,1.9909261465072632
critical,27,unambiguous,long,comma,final,9,5,employees,11.15244483947754
critical,27,unambiguous,long,comma,final,9,6,who,6.476013660430908
critical,27,unambiguous,long,comma,final,9,7,were,2.5272698402404785
critical,27,unambiguous,long,comma,final,9,8,available,9.076017379760742
critical,27,unambiguous,long,comma,final,9,9,gathered.,16.320839881896973
critical,27,unambiguous,short,comma,final,6,0,When,66.00741577148438
critical,27,unambiguous,short,comma,final,6,1,the,3.466641902923584
critical,27,unambiguous,short,comma,final,6,2,supervisor,15.18677806854248
critical,27,unambiguous,short,comma,final,6,3,"called,",13.570966243743896
critical,27,unambiguous,short,comma,final,6,4,the,1.9909261465072632
critical,27,unambiguous,short,comma,final,6,5,employees,11.15244483947754
critical,27,unambiguous,short,comma,final,6,6,gathered.,15.84921646118164
critical,27,unambiguous,long,object,final,11,0,When,66.00741577148438
critical,27,unambiguous,long,object,final,11,1,the,3.466641902923584
critical,27,unambiguous,long,object,final,11,2,supervisor,15.18677806854248
critical,27,unambiguous,long,object,final,11,3,called,8.572781562805176
critical,27,unambiguous,long,object,final,11,4,the,1.5828787088394165
critical,27,unambiguous,long,object,final,11,5,team,9.899332046508787
critical,27,unambiguous,long,object,final,11,6,the,6.765450477600098
critical,27,unambiguous,long,object,final,11,7,employees,8.883880615234375
critical,27,unambiguous,long,object,final,11,8,who,5.794466972351074
critical,27,unambiguous,long,object,final,11,9,were,2.354857921600342
critical,27,unambiguous,long,object,final,11,10,available,8.792215347290039
critical,27,unambiguous,long,object,final,11,11,gathered.,19.24937677383423
critical,27,unambiguous,short,object,final,8,0,When,66.00741577148438
critical,27,unambiguous,short,object,final,8,1,the,3.466641902923584
critical,27,unambiguous,short,object,final,8,2,supervisor,15.18677806854248
critical,27,unambiguous,short,object,final,8,3,called,8.572781562805176
critical,27,unambiguous,short,object,final,8,4,the,1.5828787088394165
critical,27,unambiguous,short,object,final,8,5,team,9.899332046508787
critical,27,unambiguous,short,object,final,8,6,the,6.765450477600098
critical,27,unambiguous,short,object,final,8,7,employees,8.883880615234375
critical,27,unambiguous,short,object,final,8,8,gathered.,15.92811393737793
critical,27,ambiguous,long,,nonfinal,9,0,When,66.00741577148438
critical,27,ambiguous,long,,nonfinal,9,1,the,3.466641902923584
critical,27,ambiguous,long,,nonfinal,9,2,supervisor,15.18677806854248
critical,27,ambiguous,long,,nonfinal,9,3,called,8.572781562805176
critical,27,ambiguous,long,,nonfinal,9,4,the,1.5828787088394165
critical,27,ambiguous,long,,nonfinal,9,5,employees,11.623011589050291
critical,27,ambiguous,long,,nonfinal,9,6,who,6.3312506675720215
critical,27,ambiguous,long,,nonfinal,9,7,were,2.554126739501953
critical,27,ambiguous,long,,nonfinal,9,8,available,8.761396408081055
critical,27,ambiguous,long,,nonfinal,9,9,gathered,16.50293731689453
critical,27,ambiguous,long,,nonfinal,9,10,in,5.619853496551514
critical,27,ambiguous,long,,nonfinal,9,11,the,0.9012441039085388
critical,27,ambiguous,long,,nonfinal,9,12,meeting,5.159677505493164
critical,27,ambiguous,long,,nonfinal,9,13,room.,3.45669174194336
critical,27,ambiguous,short,,nonfinal,6,0,When,66.00741577148438
critical,27,ambiguous,short,,nonfinal,6,1,the,3.466641902923584
critical,27,ambiguous,short,,nonfinal,6,2,supervisor,15.18677806854248
critical,27,ambiguous,short,,nonfinal,6,3,called,8.572781562805176
critical,27,ambiguous,short,,nonfinal,6,4,the,1.5828787088394165
critical,27,ambiguous,short,,nonfinal,6,5,employees,11.623011589050291
critical,27,ambiguous,short,,nonfinal,6,6,gathered,15.040165901184082
critical,27,ambiguous,short,,nonfinal,6,7,in,3.836913585662842
critical,27,ambiguous,short,,nonfinal,6,8,the,1.1002486944198608
critical,27,ambiguous,short,,nonfinal,6,9,meeting,4.004570484161377
critical,27,ambiguous,short,,nonfinal,6,10,room.,4.768008470535278
critical,27,unambiguous,long,comma,nonfinal,9,0,When,66.00741577148438
critical,27,unambiguous,long,comma,nonfinal,9,1,the,3.466641902923584
critical,27,unambiguous,long,comma,nonfinal,9,2,supervisor,15.18677806854248
critical,27,unambiguous,long,comma,nonfinal,9,3,"called,",13.570966243743896
critical,27,unambiguous,long,comma,nonfinal,9,4,the,1.9909261465072632
critical,27,unambiguous,long,comma,nonfinal,9,5,employees,11.15244483947754
critical,27,unambiguous,long,comma,nonfinal,9,6,who,6.476013660430908
critical,27,unambiguous,long,comma,nonfinal,9,7,were,2.5272698402404785
critical,27,unambiguous,long,comma,nonfinal,9,8,available,9.076017379760742
critical,27,unambiguous,long,comma,nonfinal,9,9,gathered,11.926273345947266
critical,27,unambiguous,long,comma,nonfinal,9,10,in,3.81762957572937
critical,27,unambiguous,long,comma,nonfinal,9,11,the,0.9899156093597412
critical,27,unambiguous,long,comma,nonfinal,9,12,meeting,4.973264694213867
critical,27,unambiguous,long,comma,nonfinal,9,13,room.,3.171569287776947
critical,27,unambiguous,short,comma,nonfinal,6,0,When,66.00741577148438
critical,27,unambiguous,short,comma,nonfinal,6,1,the,3.466641902923584
critical,27,unambiguous,short,comma,nonfinal,6,2,supervisor,15.18677806854248
critical,27,unambiguous,short,comma,nonfinal,6,3,"called,",13.570966243743896
critical,27,unambiguous,short,comma,nonfinal,6,4,the,1.9909261465072632
critical,27,unambiguous,short,comma,nonfinal,6,5,employees,11.15244483947754
critical,27,unambiguous,short,comma,nonfinal,6,6,gathered,10.684783935546877
critical,27,unambiguous,short,comma,nonfinal,6,7,in,3.4936747550964355
critical,27,unambiguous,short,comma,nonfinal,6,8,the,1.3468029499053955
critical,27,unambiguous,short,comma,nonfinal,6,9,meeting,4.164038181304932
critical,27,unambiguous,short,comma,nonfinal,6,10,room.,3.8451026678085327
critical,27,unambiguous,long,object,nonfinal,11,0,When,66.00741577148438
critical,27,unambiguous,long,object,nonfinal,11,1,the,3.466641902923584
critical,27,unambiguous,long,object,nonfinal,11,2,supervisor,15.18677806854248
critical,27,unambiguous,long,object,nonfinal,11,3,called,8.572781562805176
critical,27,unambiguous,long,object,nonfinal,11,4,the,1.5828787088394165
critical,27,unambiguous,long,object,nonfinal,11,5,team,9.899332046508787
critical,27,unambiguous,long,object,nonfinal,11,6,the,6.765450477600098
critical,27,unambiguous,long,object,nonfinal,11,7,employees,8.883880615234375
critical,27,unambiguous,long,object,nonfinal,11,8,who,5.794466972351074
critical,27,unambiguous,long,object,nonfinal,11,9,were,2.354857921600342
critical,27,unambiguous,long,object,nonfinal,11,10,available,8.792215347290039
critical,27,unambiguous,long,object,nonfinal,11,11,gathered,13.524913787841797
critical,27,unambiguous,long,object,nonfinal,11,12,in,4.357671737670898
critical,27,unambiguous,long,object,nonfinal,11,13,the,0.8074654340744019
critical,27,unambiguous,long,object,nonfinal,11,14,meeting,5.582958698272705
critical,27,unambiguous,long,object,nonfinal,11,15,room.,3.0459144711494446
critical,27,unambiguous,short,object,nonfinal,8,0,When,66.00741577148438
critical,27,unambiguous,short,object,nonfinal,8,1,the,3.466641902923584
critical,27,unambiguous,short,object,nonfinal,8,2,supervisor,15.18677806854248
critical,27,unambiguous,short,object,nonfinal,8,3,called,8.572781562805176
critical,27,unambiguous,short,object,nonfinal,8,4,the,1.5828787088394165
critical,27,unambiguous,short,object,nonfinal,8,5,team,9.899332046508787
critical,27,unambiguous,short,object,nonfinal,8,6,the,6.765450477600098
critical,27,unambiguous,short,object,nonfinal,8,7,employees,8.883880615234375
critical,27,unambiguous,short,object,nonfinal,8,8,gathered,10.76341724395752
critical,27,unambiguous,short,object,nonfinal,8,9,in,3.662388324737549
critical,27,unambiguous,short,object,nonfinal,8,10,the,1.0423964262008667
critical,27,unambiguous,short,object,nonfinal,8,11,meeting,4.858088970184326
critical,27,unambiguous,short,object,nonfinal,8,12,room.,3.598372220993042
critical,28,ambiguous,long,,final,8,0,As,74.56287384033203
critical,28,ambiguous,long,,final,8,1,the,8.519684791564941
critical,28,ambiguous,long,,final,8,2,guest,11.41801929473877
critical,28,ambiguous,long,,final,8,3,photographed,16.94559097290039
critical,28,ambiguous,long,,final,8,4,the,4.077832221984863
critical,28,ambiguous,long,,final,8,5,couple,11.07883071899414
critical,28,ambiguous,long,,final,8,6,of,5.081396579742432
critical,28,ambiguous,long,,final,8,7,newlyweds,16.78876432031393
critical,28,ambiguous,long,,final,8,8,smiled.,18.978167295455933
critical,28,ambiguous,short,,final,6,0,As,74.56287384033203
critical,28,ambiguous,short,,final,6,1,the,8.519684791564941
critical,28,ambiguous,short,,final,6,2,guest,11.41801929473877
critical,28,ambiguous,short,,final,6,3,photographed,16.94559097290039
critical,28,ambiguous,short,,final,6,4,the,4.077832221984863
critical,28,ambiguous,short,,final,6,5,couple,11.07883071899414
critical,28,ambiguous,short,,final,6,6,smiled.,15.719951391220093
critical,28,unambiguous,long,comma,final,8,0,As,74.56287384033203
critical,28,unambiguous,long,comma,final,8,1,the,8.519684791564941
critical,28,unambiguous,long,comma,final,8,2,guest,11.41801929473877
critical,28,unambiguous,long,comma,final,8,3,"photographed,",20.12596559524536
critical,28,unambiguous,long,comma,final,8,4,the,2.73816180229187
critical,28,unambiguous,long,comma,final,8,5,couple,11.52659034729004
critical,28,unambiguous,long,comma,final,8,6,of,6.008881092071533
critical,28,unambiguous,long,comma,final,8,7,newlyweds,16.9527236353606
critical,28,unambiguous,long,comma,final,8,8,smiled.,15.632776975631714
critical,28,unambiguous,short,comma,final,6,0,As,74.56287384033203
critical,28,unambiguous,short,comma,final,6,1,the,8.519684791564941
critical,28,unambiguous,short,comma,final,6,2,guest,11.41801929473877
critical,28,unambiguous,short,comma,final,6,3,"photographed,",20.12596559524536
critical,28,unambiguous,short,comma,final,6,4,the,2.73816180229187
critical,28,unambiguous,short,comma,final,6,5,couple,11.52659034729004
critical,28,unambiguous,short,comma,final,6,6,smiled.,13.169787406921388
critical,28,unambiguous,long,object,final,10,0,As,74.56287384033203
critical,28,unambiguous,long,object,final,10,1,the,8.519684791564941
critical,28,unambiguous,long,object,final,10,2,guest,11.41801929473877
critical,28,unambiguous,long,object,final,10,3,photographed,16.94559097290039
critical,28,unambiguous,long,object,final,10,4,the,4.077832221984863
critical,28,unambiguous,long,object,final,10,5,ceremony,10.93952751159668
critical,28,unambiguous,long,object,final,10,6,the,7.940546035766602
critical,28,unambiguous,long,object,final,10,7,couple,9.575553894042969
critical,28,unambiguous,long,object,final,10,8,of,5.962299823760986
critical,28,unambiguous,long,object,final,10,9,newlyweds,15.276506510563197
critical,28,unambiguous,long,object,final,10,10,smiled.,14.61389136314392
critical,28,unambiguous,short,object,final,8,0,As,74.56287384033203
critical,28,unambiguous,short,object,final,8,1,the,8.519684791564941
critical,28,unambiguous,short,object,final,8,2,guest,11.41801929473877
critical,28,unambiguous,short,object,final,8,3,photographed,16.94559097290039
critical,28,unambiguous,short,object,final,8,4,the,4.077832221984863
critical,28,unambiguous,short,object,final,8,5,ceremony,10.93952751159668
critical,28,unambiguous,short,object,final,8,6,the,7.940546035766602
critical,28,unambiguous,short,object,final,8,7,couple,9.575553894042969
critical,28,unambiguous,short,object,final,8,8,smiled.,12.956077098846436
critical,28,ambiguous,long,,nonfinal,8,0,As,74.56287384033203
critical,28,ambiguous,long,,nonfinal,8,1,the,8.519684791564941
critical,28,ambiguous,long,,nonfinal,8,2,guest,11.41801929473877
critical,28,ambiguous,long,,nonfinal,8,3,photographed,16.94559097290039
critical,28,ambiguous,long,,nonfinal,8,4,the,4.077832221984863
critical,28,ambiguous,long,,nonfinal,8,5,couple,11.07883071899414
critical,28,ambiguous,long,,nonfinal,8,6,of,5.081396579742432
critical,28,ambiguous,long,,nonfinal,8,7,newlyweds,16.78876432031393
critical,28,ambiguous,long,,nonfinal,8,8,smiled,15.511173248291016
critical,28,ambiguous,long,,nonfinal,8,9,for,6.9164652824401855
critical,28,ambiguous,long,,nonfinal,8,10,the,1.136351227760315
critical,28,ambiguous,long,,nonfinal,8,11,camera.,6.468969106674194
critical,28,ambiguous,short,,nonfinal,6,0,As,74.56287384033203
critical,28,ambiguous,short,,nonfinal,6,1,the,8.519684791564941
critical,28,ambiguous,short,,nonfinal,6,2,guest,11.41801929473877
critical,28,ambiguous,short,,nonfinal,6,3,photographed,16.94559097290039
critical,28,ambiguous,short,,nonfinal,6,4,the,4.077832221984863
critical,28,ambiguous,short,,nonfinal,6,5,couple,11.07883071899414
critical,28,ambiguous,short,,nonfinal,6,6,smiled,12.580610275268556
critical,28,ambiguous,short,,nonfinal,6,7,for,6.477510452270508
critical,28,ambiguous,short,,nonfinal,6,8,the,1.4936789274215698
critical,28,ambiguous,short,,nonfinal,6,9,camera.,5.508463978767395
critical,28,unambiguous,long,comma,nonfinal,8,0,As,74.56287384033203
critical,28,unambiguous,long,comma,nonfinal,8,1,the,8.519684791564941
critical,28,unambiguous,long,comma,nonfinal,8,2,guest,11.41801929473877
critical,28,unambiguous,long,comma,nonfinal,8,3,"photographed,",20.12596559524536
critical,28,unambiguous,long,comma,nonfinal,8,4,the,2.73816180229187
critical,28,unambiguous,long,comma,nonfinal,8,5,couple,11.52659034729004
critical,28,unambiguous,long,comma,nonfinal,8,6,of,6.008881092071533
critical,28,unambiguous,long,comma,nonfinal,8,7,newlyweds,16.9527236353606
critical,28,unambiguous,long,comma,nonfinal,8,8,smiled,12.582371711730955
critical,28,unambiguous,long,comma,nonfinal,8,9,for,7.51911449432373
critical,28,unambiguous,long,comma,nonfinal,8,10,the,0.9631468653678894
critical,28,unambiguous,long,comma,nonfinal,8,11,camera.,6.2605427503585815
critical,28,unambiguous,short,comma,nonfinal,6,0,As,74.56287384033203
critical,28,unambiguous,short,comma,nonfinal,6,1,the,8.519684791564941
critical,28,unambiguous,short,comma,nonfinal,6,2,guest,11.41801929473877
critical,28,unambiguous,short,comma,nonfinal,6,3,"photographed,",20.12596559524536
critical,28,unambiguous,short,comma,nonfinal,6,4,the,2.73816180229187
critical,28,unambiguous,short,comma,nonfinal,6,5,couple,11.52659034729004
critical,28,unambiguous,short,comma,nonfinal,6,6,smiled,10.490358352661133
critical,28,unambiguous,short,comma,nonfinal,6,7,for,6.99509859085083
critical,28,unambiguous,short,comma,nonfinal,6,8,the,1.1938512325286863
critical,28,unambiguous,short,comma,nonfinal,6,9,camera.,4.848842978477478
critical,28,unambiguous,long,object,nonfinal,10,0,As,74.56287384033203
critical,28,unambiguous,long,object,nonfinal,10,1,the,8.519684791564941
critical,28,unambiguous,long,object,nonfinal,10,2,guest,11.41801929473877
critical,28,unambiguous,long,object,nonfinal,10,3,photographed,16.94559097290039
critical,28,unambiguous,long,object,nonfinal,10,4,the,4.077832221984863
critical,28,unambiguous,long,object,nonfinal,10,5,ceremony,10.93952751159668
critical,28,unambiguous,long,object,nonfinal,10,6,the,7.940546035766602
critical,28,unambiguous,long,object,nonfinal,10,7,couple,9.575553894042969
critical,28,unambiguous,long,object,nonfinal,10,8,of,5.962299823760986
critical,28,unambiguous,long,object,nonfinal,10,9,newlyweds,15.276506510563197
critical,28,unambiguous,long,object,nonfinal,10,10,smiled,11.11273193359375
critical,28,unambiguous,long,object,nonfinal,10,11,for,7.508459568023682
critical,28,unambiguous,long,object,nonfinal,10,12,the,0.8462977409362793
critical,28,unambiguous,long,object,nonfinal,10,13,camera.,7.374967932701111
critical,28,unambiguous,short,object,nonfinal,8,0,As,74.56287384033203
critical,28,unambiguous,short,object,nonfinal,8,1,the,8.519684791564941
critical,28,unambiguous,short,object,nonfinal,8,2,guest,11.41801929473877
critical,28,unambiguous,short,object,nonfinal,8,3,photographed,16.94559097290039
critical,28,unambiguous,short,object,nonfinal,8,4,the,4.077832221984863
critical,28,unambiguous,short,object,nonfinal,8,5,ceremony,10.93952751159668
critical,28,unambiguous,short,object,nonfinal,8,6,the,7.940546035766602
critical,28,unambiguous,short,object,nonfinal,8,7,couple,9.575553894042969
critical,28,unambiguous,short,object,nonfinal,8,8,smiled,9.601441383361816
critical,28,unambiguous,short,object,nonfinal,8,9,for,7.010067939758301
critical,28,unambiguous,short,object,nonfinal,8,10,the,1.250910997390747
critical,28,unambiguous,short,object,nonfinal,8,11,camera.,5.893264651298523
critical,29,ambiguous,long,,final,9,0,When,66.00741577148438
critical,29,ambiguous,long,,final,9,1,the,3.466641902923584
critical,29,ambiguous,long,,final,9,2,family,13.52570629119873
critical,29,ambiguous,long,,final,9,3,packed,16.62735939025879
critical,29,ambiguous,long,,final,9,4,the,2.5218985080718994
critical,29,ambiguous,long,,final,9,5,vases,19.53132915496826
critical,29,ambiguous,long,,final,9,6,made,11.779132843017578
critical,29,ambiguous,long,,final,9,7,of,2.1383304595947266
critical,29,ambiguous,long,,final,9,8,porcelain,10.697815909981728
critical,29,ambiguous,long,,final,9,9,shattered.,23.46800923347473
critical,29,ambiguous,short,,final,6,0,When,66.00741577148438
critical,29,ambiguous,short,,final,6,1,the,3.466641902923584
critical,29,ambiguous,short,,final,6,2,family,13.52570629119873
critical,29,ambiguous,short,,final,6,3,packed,16.62735939025879
critical,29,ambiguous,short,,final,6,4,the,2.5218985080718994
critical,29,ambiguous,short,,final,6,5,vases,19.53132915496826
critical,29,ambiguous,short,,final,6,6,shattered.,24.346623182296756
critical,29,unambiguous,long,comma,final,9,0,When,66.00741577148438
critical,29,unambiguous,long,comma,final,9,1,the,3.466641902923584
critical,29,unambiguous,long,comma,final,9,2,family,13.52570629119873
critical,29,unambiguous,long,comma,final,9,3,"packed,",22.33623695373535
critical,29,unambiguous,long,comma,final,9,4,the,1.8479247093200684
critical,29,unambiguous,long,comma,final,9,5,vases,23.150922775268555
critical,29,unambiguous,long,comma,final,9,6,made,9.93649196624756
critical,29,unambiguous,long,comma,final,9,7,of,1.8653595447540283
critical,29,unambiguous,long,comma,final,9,8,porcelain,10.2440679166466
critical,29,unambiguous,long,comma,final,9,9,shattered.,20.40360403060913
critical,29,unambiguous,short,comma,final,6,0,When,66.00741577148438
critical,29,unambiguous,short,comma,final,6,1,the,3.466641902923584
critical,29,unambiguous,short,comma,final,6,2,family,13.52570629119873
critical,29,unambiguous,short,comma,final,6,3,"packed,",22.33623695373535
critical,29,unambiguous,short,comma,final,6,4,the,1.8479247093200684
critical,29,unambiguous,short,comma,final,6,5,vases,23.150922775268555
critical,29,unambiguous,short,comma,final,6,6,shattered.,18.541853189468384
critical,29,unambiguous,long,object,final,11,0,When,66.00741577148438
critical,29,unambiguous,long,object,final,11,1,the,3.466641902923584
critical,29,unambiguous,long,object,final,11,2,family,13.52570629119873
critical,29,unambiguous,long,object,final,11,3,packed,16.62735939025879
critical,29,unambiguous,long,object,final,11,4,their,7.562085151672363
critical,29,unambiguous,long,object,final,11,5,belongings,3.9388813972473145
critical,29,unambiguous,long,object,final,11,6,the,8.381790161132812
critical,29,unambiguous,long,object,final,11,7,vases,19.524813175201416
critical,29,unambiguous,long,object,final,11,8,made,9.184236526489258
critical,29,unambiguous,long,object,final,11,9,of,2.814769744873047
critical,29,unambiguous,long,object,final,11,10,porcelain,10.252697312505916
critical,29,unambiguous,long,object,final,11,11,shattered.,19.575093030929565
critical,29,unambiguous,short,object,final,8,0,When,66.00741577148438
critical,29,unambiguous,short,object,final,8,1,the,3.466641902923584
critical,29,unambiguous,short,object,final,8,2,family,13.52570629119873
critical,29,unambiguous,short,object,final,8,3,packed,16.62735939025879
critical,29,unambiguous,short,object,final,8,4,their,7.562085151672363
critical,29,unambiguous,short,object,final,8,5,belongings,3.9388813972473145
critical,29,unambiguous,short,object,final,8,6,the,8.381790161132812
critical,29,unambiguous,short,object,final,8,7,vases,19.524813175201416
critical,29,unambiguous,short,object,final,8,8,shattered.,17.39713764190674
critical,29,ambiguous,long,,nonfinal,9,0,When,66.00741577148438
critical,29,ambiguous,long,,nonfinal,9,1,the,3.466641902923584
critical,29,ambiguous,long,,nonfinal,9,2,family,13.52570629119873
critical,29,ambiguous,long,,nonfinal,9,3,packed,16.62735939025879
critical,29,ambiguous,long,,nonfinal,9,4,the,2.5218985080718994
critical,29,ambiguous,long,,nonfinal,9,5,vases,19.53132915496826
critical,29,ambiguous,long,,nonfinal,9,6,made,11.779132843017578
critical,29,ambiguous,long,,nonfinal,9,7,of,2.1383304595947266
critical,29,ambiguous,long,,nonfinal,9,8,porcelain,10.697815909981728
critical,29,ambiguous,long,,nonfinal,9,9,shattered,19.93999290466309
critical,29,ambiguous,long,,nonfinal,9,10,into,4.169585704803467
critical,29,ambiguous,long,,nonfinal,9,11,many,6.823566913604736
critical,29,ambiguous,long,,nonfinal,9,12,pieces.,3.3573654890060425
critical,29,ambiguous,short,,nonfinal,6,0,When,66.00741577148438
critical,29,ambiguous,short,,nonfinal,6,1,the,3.466641902923584
critical,29,ambiguous,short,,nonfinal,6,2,family,13.52570629119873
critical,29,ambiguous,short,,nonfinal,6,3,packed,16.62735939025879
critical,29,ambiguous,short,,nonfinal,6,4,the,2.5218985080718994
critical,29,ambiguous,short,,nonfinal,6,5,vases,19.53132915496826
critical,29,ambiguous,short,,nonfinal,6,6,shattered,20.77052879333496
critical,29,ambiguous,short,,nonfinal,6,7,into,4.070083618164063
critical,29,ambiguous,short,,nonfinal,6,8,many,7.513919353485107
critical,29,ambiguous,short,,nonfinal,6,9,pieces.,3.3691649436950684
critical,29,unambiguous,long,comma,nonfinal,9,0,When,66.00741577148438
critical,29,unambiguous,long,comma,nonfinal,9,1,the,3.466641902923584
critical,29,unambiguous,long,comma,nonfinal,9,2,family,13.52570629119873
critical,29,unambiguous,long,comma,nonfinal,9,3,"packed,",22.33623695373535
critical,29,unambiguous,long,comma,nonfinal,9,4,the,1.8479247093200684
critical,29,unambiguous,long,comma,nonfinal,9,5,vases,23.150922775268555
critical,29,unambiguous,long,comma,nonfinal,9,6,made,9.93649196624756
critical,29,unambiguous,long,comma,nonfinal,9,7,of,1.8653595447540283
critical,29,unambiguous,long,comma,nonfinal,9,8,porcelain,10.2440679166466
critical,29,unambiguous,long,comma,nonfinal,9,9,shattered,17.42108917236328
critical,29,unambiguous,long,comma,nonfinal,9,10,into,3.055248260498047
critical,29,unambiguous,long,comma,nonfinal,9,11,many,6.238000392913818
critical,29,unambiguous,long,comma,nonfinal,9,12,pieces.,3.678326368331909
critical,29,unambiguous,short,comma,nonfinal,6,0,When,66.00741577148438
critical,29,unambiguous,short,comma,nonfinal,6,1,the,3.466641902923584
critical,29,unambiguous,short,comma,nonfinal,6,2,family,13.52570629119873
critical,29,unambiguous,short,comma,nonfinal,6,3,"packed,",22.33623695373535
critical,29,unambiguous,short,comma,nonfinal,6,4,the,1.8479247093200684
critical,29,unambiguous,short,comma,nonfinal,6,5,vases,23.150922775268555
critical,29,unambiguous,short,comma,nonfinal,6,6,shattered,16.120601654052734
critical,29,unambiguous,short,comma,nonfinal,6,7,into,3.707384586334229
critical,29,unambiguous,short,comma,nonfinal,6,8,many,6.460427761077881
critical,29,unambiguous,short,comma,nonfinal,6,9,pieces.,3.481435179710388
critical,29,unambiguous,long,object,nonfinal,11,0,When,66.00741577148438
critical,29,unambiguous,long,object,nonfinal,11,1,the,3.466641902923584
critical,29,unambiguous,long,object,nonfinal,11,2,family,13.52570629119873
critical,29,unambiguous,long,object,nonfinal,11,3,packed,16.62735939025879
critical,29,unambiguous,long,object,nonfinal,11,4,their,7.562085151672363
critical,29,unambiguous,long,object,nonfinal,11,5,belongings,3.9388813972473145
critical,29,unambiguous,long,object,nonfinal,11,6,the,8.381790161132812
critical,29,unambiguous,long,object,nonfinal,11,7,vases,19.524813175201416
critical,29,unambiguous,long,object,nonfinal,11,8,made,9.184236526489258
critical,29,unambiguous,long,object,nonfinal,11,9,of,2.814769744873047
critical,29,unambiguous,long,object,nonfinal,11,10,porcelain,10.252697312505916
critical,29,unambiguous,long,object,nonfinal,11,11,shattered,16.68283462524414
critical,29,unambiguous,long,object,nonfinal,11,12,into,3.8442223072052
critical,29,unambiguous,long,object,nonfinal,11,13,many,6.747663497924805
critical,29,unambiguous,long,object,nonfinal,11,14,pieces.,3.489624261856079
critical,29,unambiguous,short,object,nonfinal,8,0,When,66.00741577148438
critical,29,unambiguous,short,object,nonfinal,8,1,the,3.466641902923584
critical,29,unambiguous,short,object,nonfinal,8,2,family,13.52570629119873
critical,29,unambiguous,short,object,nonfinal,8,3,packed,16.62735939025879
critical,29,unambiguous,short,object,nonfinal,8,4,their,7.562085151672363
critical,29,unambiguous,short,object,nonfinal,8,5,belongings,3.9388813972473145
critical,29,unambiguous,short,object,nonfinal,8,6,the,8.381790161132812
critical,29,unambiguous,short,object,nonfinal,8,7,vases,19.524813175201416
critical,29,unambiguous,short,object,nonfinal,8,8,shattered,14.785775184631348
critical,29,unambiguous,short,object,nonfinal,8,9,into,4.082851409912109
critical,29,unambiguous,short,object,nonfinal,8,10,many,7.732912063598633
critical,29,unambiguous,short,object,nonfinal,8,11,pieces.,2.933292031288147
critical,30,ambiguous,long,,final,9,0,After,73.70172119140625
critical,30,ambiguous,long,,final,9,1,the,7.122029781341553
critical,30,ambiguous,long,,final,9,2,gardener,28.729655265808105
critical,30,ambiguous,long,,final,9,3,watered,17.68860024213791
critical,30,ambiguous,long,,final,9,4,the,0.966316819190979
critical,30,ambiguous,long,,final,9,5,plants,3.975248098373413
critical,30,ambiguous,long,,final,9,6,that,7.505641937255859
critical,30,ambiguous,long,,final,9,7,were,2.6915807723999023
critical,30,ambiguous,long,,final,9,8,wilting,9.852398786693811
critical,30,ambiguous,long,,final,9,9,revived.,24.861480712890625
critical,30,ambiguous,short,,final,6,0,After,73.70172119140625
critical,30,ambiguous,short,,final,6,1,the,7.122029781341553
critical,30,ambiguous,short,,final,6,2,gardener,28.729655265808105
critical,30,ambiguous,short,,final,6,3,watered,17.68860024213791
critical,30,ambiguous,short,,final,6,4,the,0.966316819190979
critical,30,ambiguous,short,,final,6,5,plants,3.975248098373413
critical,30,ambiguous,short,,final,6,6,revived.,23.578341722488403
critical,30,unambiguous,long,comma,final,9,0,After,73.70172119140625
critical,30,unambiguous,long,comma,final,9,1,the,7.122029781341553
critical,30,unambiguous,long,comma,final,9,2,gardener,28.729655265808105
critical,30,unambiguous,long,comma,final,9,3,"watered,",21.51538747549057
critical,30,unambiguous,long,comma,final,9,4,the,3.1568639278411865
critical,30,unambiguous,long,comma,final,9,5,plants,6.121591567993164
critical,30,unambiguous,long,comma,final,9,6,that,6.252265453338623
critical,30,unambiguous,long,comma,final,9,7,were,2.5961289405822754
critical,30,unambiguous,long,comma,final,9,8,wilting,9.190048625692723
critical,30,unambiguous,long,comma,final,9,9,revived.,20.082377672195435
critical,30,unambiguous,short,comma,final,6,0,After,73.70172119140625
critical,30,unambiguous,short,comma,final,6,1,the,7.122029781341553
critical,30,unambiguous,short,comma,final,6,2,gardener,28.729655265808105
critical,30,unambiguous,short,comma,final,6,3,"watered,",21.51538747549057
critical,30,unambiguous,short,comma,final,6,4,the,3.1568639278411865
critical,30,unambiguous,short,comma,final,6,5,plants,6.121591567993164
critical,30,unambiguous,short,comma,final,6,6,revived.,18.41707944869995
critical,30,unambiguous,long,object,final,12,0,After,73.70172119140625
critical,30,unambiguous,long,object,final,12,1,the,7.122029781341553
critical,30,unambiguous,long,object,final,12,2,gardener,28.729655265808105
critical,30,unambiguous,long,object,final,12,3,watered,17.68860024213791
critical,30,unambiguous,long,object,final,12,4,the,0.966316819190979
critical,30,unambiguous,long,object,final,12,5,flower,7.068976879119873
critical,30,unambiguous,long,object,final,12,6,bed,6.760783672332764
critical,30,unambiguous,long,object,final,12,7,the,6.811855792999268
critical,30,unambiguous,long,object,final,12,8,plants,7.005928993225098
critical,30,unambiguous,long,object,final,12,9,that,5.8067946434021
critical,30,unambiguous,long,object,final,12,10,were,2.867426872253418
critical,30,unambiguous,long,object,final,12,11,wilting,9.072935077594591
critical,30,unambiguous,long,object,final,12,12,revived.,21.01532220840454
critical,30,unambiguous,short,object,final,9,0,After,73.70172119140625
critical,30,unambiguous,short,object,final,9,1,the,7.122029781341553
critical,30,unambiguous,short,object,final,9,2,gardener,28.729655265808105
critical,30,unambiguous,short,object,final,9,3,watered,17.68860024213791
critical,30,unambiguous,short,object,final,9,4,the,0.966316819190979
critical,30,unambiguous,short,object,final,9,5,flower,7.068976879119873
critical,30,unambiguous,short,object,final,9,6,bed,6.760783672332764
critical,30,unambiguous,short,object,final,9,7,the,6.811855792999268
critical,30,unambiguous,short,object,final,9,8,plants,7.005928993225098
critical,30,unambiguous,short,object,final,9,9,revived.,19.484572410583496
critical,30,ambiguous,long,,nonfinal,9,0,After,73.70172119140625
critical,30,ambiguous,long,,nonfinal,9,1,the,7.122029781341553
critical,30,ambiguous,long,,nonfinal,9,2,gardener,28.729655265808105
critical,30,ambiguous,long,,nonfinal,9,3,watered,17.68860024213791
critical,30,ambiguous,long,,nonfinal,9,4,the,0.966316819190979
critical,30,ambiguous,long,,nonfinal,9,5,plants,3.975248098373413
critical,30,ambiguous,long,,nonfinal,9,6,that,7.505641937255859
critical,30,ambiguous,long,,nonfinal,9,7,were,2.6915807723999023
critical,30,ambiguous,long,,nonfinal,9,8,wilting,9.852398786693811
critical,30,ambiguous,long,,nonfinal,9,9,revived,22.205650329589844
critical,30,ambiguous,long,,nonfinal,9,10,in,4.261691570281982
critical,30,ambiguous,long,,nonfinal,9,11,the,0.8701606392860413
critical,30,ambiguous,long,,nonfinal,9,12,afternoon,8.65176773071289
critical,30,ambiguous,long,,nonfinal,9,13,sun.,6.351239323616028
critical,30,ambiguous,short,,nonfinal,6,0,After,73.70172119140625
critical,30,ambiguous,short,,nonfinal,6,1,the,7.122029781341553
critical,30,ambiguous,short,,nonfinal,6,2,gardener,28.729655265808105
critical,30,ambiguous,short,,nonfinal,6,3,watered,17.68860024213791
critical,30,ambiguous,short,,nonfinal,6,4,the,0.966316819190979
critical,30,ambiguous,short,,nonfinal,6,5,plants,3.975248098373413
critical,30,ambiguous,short,,nonfinal,6,6,revived,19.9549617767334
critical,30,ambiguous,short,,nonfinal,6,7,in,4.8098344802856445
critical,30,ambiguous,short,,nonfinal,6,8,the,1.1878634691238403
critical,30,ambiguous,short,,nonfinal,6,9,afternoon,7.362112045288086
critical,30,ambiguous,short,,nonfinal,6,10,sun.,7.477288126945496
critical,30,unambiguous,long,comma,nonfinal,9,0,After,73.70172119140625
critical,30,unambiguous,long,comma,nonfinal,9,1,the,7.122029781341553
critical,30,unambiguous,long,comma,nonfinal,9,2,gardener,28.729655265808105
critical,30,unambiguous,long,comma,nonfinal,9,3,"watered,",21.51538747549057
critical,30,unambiguous,long,comma,nonfinal,9,4,the,3.1568639278411865
critical,30,unambiguous,long,comma,nonfinal,9,5,plants,6.121591567993164
critical,30,unambiguous,long,comma,nonfinal,9,6,that,6.252265453338623
critical,30,unambiguous,long,comma,nonfinal,9,7,were,2.5961289405822754
critical,30,unambiguous,long,comma,nonfinal,9,8,wilting,9.190048625692723
critical,30,unambiguous,long,comma,nonfinal,9,9,revived,17.54964828491211
critical,30,unambiguous,long,comma,nonfinal,9,10,in,4.236507892608643
critical,30,unambiguous,long,comma,nonfinal,9,11,the,0.8465619087219238
critical,30,unambiguous,long,comma,nonfinal,9,12,afternoon,8.241606712341309
critical,30,unambiguous,long,comma,nonfinal,9,13,sun.,7.215060114860535
critical,30,unambiguous,short,comma,nonfinal,6,0,After,73.70172119140625
critical,30,unambiguous,short,comma,nonfinal,6,1,the,7.122029781341553
critical,30,unambiguous,short,comma,nonfinal,6,2,gardener,28.729655265808105
critical,30,unambiguous,short,comma,nonfinal,6,3,"watered,",21.51538747549057
critical,30,unambiguous,short,comma,nonfinal,6,4,the,3.1568639278411865
critical,30,unambiguous,short,comma,nonfinal,6,5,plants,6.121591567993164
critical,30,unambiguous,short,comma,nonfinal,6,6,revived,15.99785327911377
critical,30,unambiguous,short,comma,nonfinal,6,7,in,4.84056568145752
critical,30,unambiguous,short,comma,nonfinal,6,8,the,1.1679630279541016
critical,30,unambiguous,short,comma,nonfinal,6,9,afternoon,7.092487335205078
critical,30,unambiguous,short,comma,nonfinal,6,10,sun.,7.370213150978088
critical,30,unambiguous,long,object,nonfinal,12,0,After,73.70172119140625
critical,30,unambiguous,long,object,nonfinal,12,1,the,7.122029781341553
critical,30,unambiguous,long,object,nonfinal,12,2,gardener,28.729655265808105
critical,30,unambiguous,long,object,nonfinal,12,3,watered,17.68860024213791
critical,30,unambiguous,long,object,nonfinal,12,4,the,0.966316819190979
critical,30,unambiguous,long,object,nonfinal,12,5,flower,7.068976879119873
critical,30,unambiguous,long,object,nonfinal,12,6,bed,6.760783672332764
critical,30,unambiguous,long,object,nonfinal,12,7,the,6.811855792999268
critical,30,unambiguous,long,object,nonfinal,12,8,plants,7.005928993225098
critical,30,unambiguous,long,object,nonfinal,12,9,that,5.8067946434021
critical,30,unambiguous,long,object,nonfinal,12,10,were,2.867426872253418
critical,30,unambiguous,long,object,nonfinal,12,11,wilting,9.072935077594591
critical,30,unambiguous,long,object,nonfinal,12,12,revived,18.425004959106445
critical,30,unambiguous,long,object,nonfinal,12,13,in,4.681978702545166
critical,30,unambiguous,long,object,nonfinal,12,14,the,0.693169891834259
critical,30,unambiguous,long,object,nonfinal,12,15,afternoon,8.591801643371582
critical,30,unambiguous,long,object,nonfinal,12,16,sun.,7.128589987754822
critical,30,unambiguous,short,object,nonfinal,9,0,After,73.70172119140625
critical,30,unambiguous,short,object,nonfinal,9,1,the,7.122029781341553
critical,30,unambiguous,short,object,nonfinal,9,2,gardener,28.729655265808105
critical,30,unambiguous,short,object,nonfinal,9,3,watered,17.68860024213791
critical,30,unambiguous,short,object,nonfinal,9,4,the,0.966316819190979
critical,30,unambiguous,short,object,nonfinal,9,5,flower,7.068976879119873
critical,30,unambiguous,short,object,nonfinal,9,6,bed,6.760783672332764
critical,30,unambiguous,short,object,nonfinal,9,7,the,6.811855792999268
critical,30,unambiguous,short,object,nonfinal,9,8,plants,7.005928993225098
critical,30,unambiguous,short,object,nonfinal,9,9,revived,16.31361961364746
critical,30,unambiguous,short,object,nonfinal,9,10,in,5.507583141326904
critical,30,unambiguous,short,object,nonfinal,9,11,the,1.0106085538864136
critical,30,unambiguous,short,object,nonfinal,9,12,afternoon,6.960669040679932
critical,30,unambiguous,short,object,nonfinal,9,13,sun.,6.411645293235779
critical,31,ambiguous,long,,final,8,0,Because,63.27117919921875
critical,31,ambiguous,long,,final,8,1,the,5.940990447998047
critical,31,ambiguous,long,,final,8,2,bear,17.549076080322266
critical,31,ambiguous,long,,final,8,3,attacked,9.611127853393556
critical,31,ambiguous,long,,final,8,4,the,1.9973541498184204
critical,31,ambiguous,long,,final,8,5,campers,18.03518486022949
critical,31,ambiguous,long,,final,8,6,barbecuing,21.53062129020691
critical,31,ambiguous,long,,final,8,7,cheerfully,18.14349246025085
critical,31,ambiguous,long,,final,8,8,fled.,18.16823530197144
critical,31,ambiguous,short,,final,6,0,Because,63.27117919921875
critical,31,ambiguous,short,,final,6,1,the,5.940990447998047
critical,31,ambiguous,short,,final,6,2,bear,17.549076080322266
critical,31,ambiguous,short,,final,6,3,attacked,9.611127853393556
critical,31,ambiguous,short,,final,6,4,the,1.9973541498184204
critical,31,ambiguous,short,,final,6,5,campers,18.03518486022949
critical,31,ambiguous,short,,final,6,6,fled.,15.608473777770996
critical,31,unambiguous,long,comma,final,8,0,Because,63.27117919921875
critical,31,unambiguous,long,comma,final,8,1,the,5.940990447998047
critical,31,unambiguous,long,comma,final,8,2,bear,17.549076080322266
critical,31,unambiguous,long,comma,final,8,3,"attacked,",14.77318286895752
critical,31,unambiguous,long,comma,final,8,4,the,2.4958341121673584
critical,31,unambiguous,long,comma,final,8,5,campers,20.78479385375977
critical,31,unambiguous,long,comma,final,8,6,barbecuing,22.56905436515808
critical,31,unambiguous,long,comma,final,8,7,cheerfully,16.658794581890106
critical,31,unambiguous,long,comma,final,8,8,fled.,10.814488768577576
critical,31,unambiguous,short,comma,final,6,0,Because,63.27117919921875
critical,31,unambiguous,short,comma,final,6,1,the,5.940990447998047
critical,31,unambiguous,short,comma,final,6,2,bear,17.549076080322266
critical,31,unambiguous,short,comma,final,6,3,"attacked,",14.77318286895752
critical,31,unambiguous,short,comma,final,6,4,the,2.4958341121673584
critical,31,unambiguous,short,comma,final,6,5,campers,20.78479385375977
critical,31,unambiguous,short,comma,final,6,6,fled.,8.106618165969849
critical,31,unambiguous,long,object,final,10,0,Because,63.27117919921875
critical,31,unambiguous,long,object,final,10,1,the,5.940990447998047
critical,31,unambiguous,long,object,final,10,2,bear,17.549076080322266
critical,31,unambiguous,long,object,final,10,3,attacked,9.611127853393556
critical,31,unambiguous,long,object,final,10,4,the,1.9973541498184204
critical,31,unambiguous,long,object,final,10,5,campground,19.491087913513184
critical,31,unambiguous,long,object,final,10,6,the,6.280090808868408
critical,31,unambiguous,long,object,final,10,7,campers,13.57554531097412
critical,31,unambiguous,long,object,final,10,8,barbecuing,21.7126305103302
critical,31,unambiguous,long,object,final,10,9,cheerfully,17.70621085166931
critical,31,unambiguous,long,object,final,10,10,fled.,13.188718795776367
critical,31,unambiguous,short,object,final,8,0,Because,63.27117919921875
critical,31,unambiguous,short,object,final,8,1,the,5.940990447998047
critical,31,unambiguous,short,object,final,8,2,bear,17.549076080322266
critical,31,unambiguous,short,object,final,8,3,attacked,9.611127853393556
critical,31,unambiguous,short,object,final,8,4,the,1.9973541498184204
critical,31,unambiguous,short,object,final,8,5,campground,19.491087913513184
critical,31,unambiguous,short,object,final,8,6,the,6.280090808868408
critical,31,unambiguous,short,object,final,8,7,campers,13.57554531097412
critical,31,unambiguous,short,object,final,8,8,fled.,11.351537585258484
critical,31,ambiguous,long,,nonfinal,8,0,Because,63.27117919921875
critical,31,ambiguous,long,,nonfinal,8,1,the,5.940990447998047
critical,31,ambiguous,long,,nonfinal,8,2,bear,17.549076080322266
critical,31,ambiguous,long,,nonfinal,8,3,attacked,9.611127853393556
critical,31,ambiguous,long,,nonfinal,8,4,the,1.9973541498184204
critical,31,ambiguous,long,,nonfinal,8,5,campers,18.03518486022949
critical,31,ambiguous,long,,nonfinal,8,6,barbecuing,21.53062129020691
critical,31,ambiguous,long,,nonfinal,8,7,cheerfully,18.14349246025085
critical,31,ambiguous,long,,nonfinal,8,8,fled,16.059139251708984
critical,31,ambiguous,long,,nonfinal,8,9,in,4.819961071014404
critical,31,ambiguous,long,,nonfinal,8,10,a,3.245447397232056
critical,31,ambiguous,long,,nonfinal,8,11,panic.,4.130489468574524
critical,31,ambiguous,short,,nonfinal,6,0,Because,63.27117919921875
critical,31,ambiguous,short,,nonfinal,6,1,the,5.940990447998047
critical,31,ambiguous,short,,nonfinal,6,2,bear,17.549076080322266
critical,31,ambiguous,short,,nonfinal,6,3,attacked,9.611127853393556
critical,31,ambiguous,short,,nonfinal,6,4,the,1.9973541498184204
critical,31,ambiguous,short,,nonfinal,6,5,campers,18.03518486022949
critical,31,ambiguous,short,,nonfinal,6,6,fled,13.54322910308838
critical,31,ambiguous,short,,nonfinal,6,7,in,4.600967884063721
critical,31,ambiguous,short,,nonfinal,6,8,a,3.5411365032196045
critical,31,ambiguous,short,,nonfinal,6,9,panic.,3.732832431793213
critical,31,unambiguous,long,comma,nonfinal,8,0,Because,63.27117919921875
critical,31,unambiguous,long,comma,nonfinal,8,1,the,5.940990447998047
critical,31,unambiguous,long,comma,nonfinal,8,2,bear,17.549076080322266
critical,31,unambiguous,long,comma,nonfinal,8,3,"attacked,",14.77318286895752
critical,31,unambiguous,long,comma,nonfinal,8,4,the,2.4958341121673584
critical,31,unambiguous,long,comma,nonfinal,8,5,campers,20.78479385375977
critical,31,unambiguous,long,comma,nonfinal,8,6,barbecuing,22.56905436515808
critical,31,unambiguous,long,comma,nonfinal,8,7,cheerfully,16.658794581890106
critical,31,unambiguous,long,comma,nonfinal,8,8,fled,9.092923164367676
critical,31,unambiguous,long,comma,nonfinal,8,9,in,4.768360614776611
critical,31,unambiguous,long,comma,nonfinal,8,10,a,3.892388343811035
critical,31,unambiguous,long,comma,nonfinal,8,11,panic.,3.2642911672592163
critical,31,unambiguous,short,comma,nonfinal,6,0,Because,63.27117919921875
critical,31,unambiguous,short,comma,nonfinal,6,1,the,5.940990447998047
critical,31,unambiguous,short,comma,nonfinal,6,2,bear,17.549076080322266
critical,31,unambiguous,short,comma,nonfinal,6,3,"attacked,",14.77318286895752
critical,31,unambiguous,short,comma,nonfinal,6,4,the,2.4958341121673584
critical,31,unambiguous,short,comma,nonfinal,6,5,campers,20.78479385375977
critical,31,unambiguous,short,comma,nonfinal,6,6,fled,6.388662815093994
critical,31,unambiguous,short,comma,nonfinal,6,7,in,5.217617988586426
critical,31,unambiguous,short,comma,nonfinal,6,8,a,3.67339539527893
critical,31,unambiguous,short,comma,nonfinal,6,9,panic.,3.022579908370972
critical,31,unambiguous,long,object,nonfinal,10,0,Because,63.27117919921875
critical,31,unambiguous,long,object,nonfinal,10,1,the,5.940990447998047
critical,31,unambiguous,long,object,nonfinal,10,2,bear,17.549076080322266
critical,31,unambiguous,long,object,nonfinal,10,3,attacked,9.611127853393556
critical,31,unambiguous,long,object,nonfinal,10,4,the,1.9973541498184204
critical,31,unambiguous,long,object,nonfinal,10,5,campground,19.491087913513184
critical,31,unambiguous,long,object,nonfinal,10,6,the,6.280090808868408
critical,31,unambiguous,long,object,nonfinal,10,7,campers,13.57554531097412
critical,31,unambiguous,long,object,nonfinal,10,8,barbecuing,21.7126305103302
critical,31,unambiguous,long,object,nonfinal,10,9,cheerfully,17.70621085166931
critical,31,unambiguous,long,object,nonfinal,10,10,fled,11.021506309509276
critical,31,unambiguous,long,object,nonfinal,10,11,in,4.671411991119385
critical,31,unambiguous,long,object,nonfinal,10,12,a,3.771136522293091
critical,31,unambiguous,long,object,nonfinal,10,13,panic.,4.557028412818909
critical,31,unambiguous,short,object,nonfinal,8,0,Because,63.27117919921875
critical,31,unambiguous,short,object,nonfinal,8,1,the,5.940990447998047
critical,31,unambiguous,short,object,nonfinal,8,2,bear,17.549076080322266
critical,31,unambiguous,short,object,nonfinal,8,3,attacked,9.611127853393556
critical,31,unambiguous,short,object,nonfinal,8,4,the,1.9973541498184204
critical,31,unambiguous,short,object,nonfinal,8,5,campground,19.491087913513184
critical,31,unambiguous,short,object,nonfinal,8,6,the,6.280090808868408
critical,31,unambiguous,short,object,nonfinal,8,7,campers,13.57554531097412
critical,31,unambiguous,short,object,nonfinal,8,8,fled,9.406840324401855
critical,31,unambiguous,short,object,nonfinal,8,9,in,4.773819923400879
critical,31,unambiguous,short,object,nonfinal,8,10,a,3.5794403553009038
critical,31,unambiguous,short,object,nonfinal,8,11,panic.,4.321745157241821
critical,32,ambiguous,long,,final,10,0,As,74.56287384033203
critical,32,ambiguous,long,,final,10,1,the,8.519684791564941
critical,32,ambiguous,long,,final,10,2,news,12.245296478271484
critical,32,ambiguous,long,,final,10,3,channel,8.24063777923584
critical,32,ambiguous,long,,final,10,4,broadcasted,10.525667905807495
critical,32,ambiguous,long,,final,10,5,the,3.856990098953247
critical,32,ambiguous,long,,final,10,6,message,8.013895988464355
critical,32,ambiguous,long,,final,10,7,from,3.430979490280152
critical,32,ambiguous,long,,final,10,8,the,1.288158297538757
critical,32,ambiguous,long,,final,10,9,president,7.026358127593994
critical,32,ambiguous,long,,final,10,10,spread.,22.32320499420166
critical,32,ambiguous,short,,final,7,0,As,74.56287384033203
critical,32,ambiguous,short,,final,7,1,the,8.519684791564941
critical,32,ambiguous,short,,final,7,2,news,12.245296478271484
critical,32,ambiguous,short,,final,7,3,channel,8.24063777923584
critical,32,ambiguous,short,,final,7,4,broadcasted,10.525667905807495
critical,32,ambiguous,short,,final,7,5,the,3.856990098953247
critical,32,ambiguous,short,,final,7,6,message,8.013895988464355
critical,32,ambiguous,short,,final,7,7,spread.,17.140544414520264
critical,32,unambiguous,long,comma,final,10,0,As,74.56287384033203
critical,32,unambiguous,long,comma,final,10,1,the,8.519684791564941
critical,32,unambiguous,long,comma,final,10,2,news,12.245296478271484
critical,32,unambiguous,long,comma,final,10,3,channel,8.24063777923584
critical,32,unambiguous,long,comma,final,10,4,"broadcasted,",15.239786386489868
critical,32,unambiguous,long,comma,final,10,5,the,2.1444942951202397
critical,32,unambiguous,long,comma,final,10,6,message,8.068225860595703
critical,32,unambiguous,long,comma,final,10,7,from,5.308050632476807
critical,32,unambiguous,long,comma,final,10,8,the,0.9021246433258056
critical,32,unambiguous,long,comma,final,10,9,president,6.327464580535889
critical,32,unambiguous,long,comma,final,10,10,spread.,18.353943824768063
critical,32,unambiguous,short,comma,final,7,0,As,74.56287384033203
critical,32,unambiguous,short,comma,final,7,1,the,8.519684791564941
critical,32,unambiguous,short,comma,final,7,2,news,12.245296478271484
critical,32,unambiguous,short,comma,final,7,3,channel,8.24063777923584
critical,32,unambiguous,short,comma,final,7,4,"broadcasted,",15.239786386489868
critical,32,unambiguous,short,comma,final,7,5,the,2.1444942951202397
critical,32,unambiguous,short,comma,final,7,6,message,8.068225860595703
critical,32,unambiguous,short,comma,final,7,7,spread.,16.25462245941162
critical,32,unambiguous,long,object,final,12,0,As,74.56287384033203
critical,32,unambiguous,long,object,final,12,1,the,8.519684791564941
critical,32,unambiguous,long,object,final,12,2,news,12.245296478271484
critical,32,unambiguous,long,object,final,12,3,channel,8.24063777923584
critical,32,unambiguous,long,object,final,12,4,broadcasted,10.525667905807495
critical,32,unambiguous,long,object,final,12,5,the,3.856990098953247
critical,32,unambiguous,long,object,final,12,6,speech,10.740962982177734
critical,32,unambiguous,long,object,final,12,7,the,7.184504985809326
critical,32,unambiguous,long,object,final,12,8,message,8.295584678649902
critical,32,unambiguous,long,object,final,12,9,from,5.842280864715576
critical,32,unambiguous,long,object,final,12,10,the,1.2615656852722168
critical,32,unambiguous,long,object,final,12,11,president,3.595730781555176
critical,32,unambiguous,long,object,final,12,12,spread.,18.666979789733887
critical,32,unambiguous,short,object,final,9,0,As,74.56287384033203
critical,32,unambiguous,short,object,final,9,1,the,8.519684791564941
critical,32,unambiguous,short,object,final,9,2,news,12.245296478271484
critical,32,unambiguous,short,object,final,9,3,channel,8.24063777923584
critical,32,unambiguous,short,object,final,9,4,broadcasted,10.525667905807495
critical,32,unambiguous,short,object,final,9,5,the,3.856990098953247
critical,32,unambiguous,short,object,final,9,6,speech,10.740962982177734
critical,32,unambiguous,short,object,final,9,7,the,7.184504985809326
critical,32,unambiguous,short,object,final,9,8,message,8.295584678649902
critical,32,unambiguous,short,object,final,9,9,spread.,14.949909210205078
critical,32,ambiguous,long,,nonfinal,10,0,As,74.56287384033203
critical,32,ambiguous,long,,nonfinal,10,1,the,8.519684791564941
critical,32,ambiguous,long,,nonfinal,10,2,news,12.245296478271484
critical,32,ambiguous,long,,nonfinal,10,3,channel,8.24063777923584
critical,32,ambiguous,long,,nonfinal,10,4,broadcasted,10.525667905807495
critical,32,ambiguous,long,,nonfinal,10,5,the,3.856990098953247
critical,32,ambiguous,long,,nonfinal,10,6,message,8.013895988464355
critical,32,ambiguous,long,,nonfinal,10,7,from,3.430979490280152
critical,32,ambiguous,long,,nonfinal,10,8,the,1.288158297538757
critical,32,ambiguous,long,,nonfinal,10,9,president,7.026358127593994
critical,32,ambiguous,long,,nonfinal,10,10,spread,17.250085830688477
critical,32,ambiguous,long,,nonfinal,10,11,across,3.040807247161865
critical,32,ambiguous,long,,nonfinal,10,12,the,0.4822778701782226
critical,32,ambiguous,long,,nonfinal,10,13,country.,4.251477122306824
critical,32,ambiguous,short,,nonfinal,7,0,As,74.56287384033203
critical,32,ambiguous,short,,nonfinal,7,1,the,8.519684791564941
critical,32,ambiguous,short,,nonfinal,7,2,news,12.245296478271484
critical,32,ambiguous,short,,nonfinal,7,3,channel,8.24063777923584
critical,32,ambiguous,short,,nonfinal,7,4,broadcasted,10.525667905807495
critical,32,ambiguous,short,,nonfinal,7,5,the,3.856990098953247
critical,32,ambiguous,short,,nonfinal,7,6,message,8.013895988464355
critical,32,ambiguous,short,,nonfinal,7,7,spread,12.553577423095703
critical,32,ambiguous,short,,nonfinal,7,8,across,3.248441219329834
critical,32,ambiguous,short,,nonfinal,7,9,the,0.6633191704750061
critical,32,ambiguous,short,,nonfinal,7,10,country.,5.480814695358276
critical,32,unambiguous,long,comma,nonfinal,10,0,As,74.56287384033203
critical,32,unambiguous,long,comma,nonfinal,10,1,the,8.519684791564941
critical,32,unambiguous,long,comma,nonfinal,10,2,news,12.245296478271484
critical,32,unambiguous,long,comma,nonfinal,10,3,channel,8.24063777923584
critical,32,unambiguous,long,comma,nonfinal,10,4,"broadcasted,",15.239786386489868
critical,32,unambiguous,long,comma,nonfinal,10,5,the,2.1444942951202397
critical,32,unambiguous,long,comma,nonfinal,10,6,message,8.068225860595703
critical,32,unambiguous,long,comma,nonfinal,10,7,from,5.308050632476807
critical,32,unambiguous,long,comma,nonfinal,10,8,the,0.9021246433258056
critical,32,unambiguous,long,comma,nonfinal,10,9,president,6.327464580535889
critical,32,unambiguous,long,comma,nonfinal,10,10,spread,14.713921546936035
critical,32,unambiguous,long,comma,nonfinal,10,11,across,2.8344061374664307
critical,32,unambiguous,long,comma,nonfinal,10,12,the,0.4876492321491241
critical,32,unambiguous,long,comma,nonfinal,10,13,country.,4.51440966129303
critical,32,unambiguous,short,comma,nonfinal,7,0,As,74.56287384033203
critical,32,unambiguous,short,comma,nonfinal,7,1,the,8.519684791564941
critical,32,unambiguous,short,comma,nonfinal,7,2,news,12.245296478271484
critical,32,unambiguous,short,comma,nonfinal,7,3,channel,8.24063777923584
critical,32,unambiguous,short,comma,nonfinal,7,4,"broadcasted,",15.239786386489868
critical,32,unambiguous,short,comma,nonfinal,7,5,the,2.1444942951202397
critical,32,unambiguous,short,comma,nonfinal,7,6,message,8.068225860595703
critical,32,unambiguous,short,comma,nonfinal,7,7,spread,11.47367000579834
critical,32,unambiguous,short,comma,nonfinal,7,8,across,3.737147092819214
critical,32,unambiguous,short,comma,nonfinal,7,9,the,0.7980434894561768
critical,32,unambiguous,short,comma,nonfinal,7,10,country.,6.038291692733765
critical,32,unambiguous,long,object,nonfinal,12,0,As,74.56287384033203
critical,32,unambiguous,long,object,nonfinal,12,1,the,8.519684791564941
critical,32,unambiguous,long,object,nonfinal,12,2,news,12.245296478271484
critical,32,unambiguous,long,object,nonfinal,12,3,channel,8.24063777923584
critical,32,unambiguous,long,object,nonfinal,12,4,broadcasted,10.525667905807495
critical,32,unambiguous,long,object,nonfinal,12,5,the,3.856990098953247
critical,32,unambiguous,long,object,nonfinal,12,6,speech,10.740962982177734
critical,32,unambiguous,long,object,nonfinal,12,7,the,7.184504985809326
critical,32,unambiguous,long,object,nonfinal,12,8,message,8.295584678649902
critical,32,unambiguous,long,object,nonfinal,12,9,from,5.842280864715576
critical,32,unambiguous,long,object,nonfinal,12,10,the,1.2615656852722168
critical,32,unambiguous,long,object,nonfinal,12,11,president,3.595730781555176
critical,32,unambiguous,long,object,nonfinal,12,12,spread,14.974564552307127
critical,32,unambiguous,long,object,nonfinal,12,13,across,3.229949712753296
critical,32,unambiguous,long,object,nonfinal,12,14,the,0.3659570515155792
critical,32,unambiguous,long,object,nonfinal,12,15,country.,4.12344491481781
critical,32,unambiguous,short,object,nonfinal,9,0,As,74.56287384033203
critical,32,unambiguous,short,object,nonfinal,9,1,the,8.519684791564941
critical,32,unambiguous,short,object,nonfinal,9,2,news,12.245296478271484
critical,32,unambiguous,short,object,nonfinal,9,3,channel,8.24063777923584
critical,32,unambiguous,short,object,nonfinal,9,4,broadcasted,10.525667905807495
critical,32,unambiguous,short,object,nonfinal,9,5,the,3.856990098953247
critical,32,unambiguous,short,object,nonfinal,9,6,speech,10.740962982177734
critical,32,unambiguous,short,object,nonfinal,9,7,the,7.184504985809326
critical,32,unambiguous,short,object,nonfinal,9,8,message,8.295584678649902
critical,32,unambiguous,short,object,nonfinal,9,9,spread,10.526988983154297
critical,32,unambiguous,short,object,nonfinal,9,10,across,3.951385259628296
critical,32,unambiguous,short,object,nonfinal,9,11,the,0.5788743495941162
critical,32,unambiguous,short,object,nonfinal,9,12,country.,4.717816948890686
critical,33,ambiguous,long,,final,9,0,Before,70.05127716064453
critical,33,ambiguous,long,,final,9,1,the,8.332876205444336
critical,33,ambiguous,long,,final,9,2,recruiters,26.080341339111328
critical,33,ambiguous,long,,final,9,3,could,7.768926620483398
critical,33,ambiguous,long,,final,9,4,adapt,13.9845609664917
critical,33,ambiguous,long,,final,9,5,the,2.260462999343872
critical,33,ambiguous,long,,final,9,6,policy,11.756678581237791
critical,33,ambiguous,long,,final,9,7,for,4.601584434509277
critical,33,ambiguous,long,,final,9,8,hiring,9.09406852722168
critical,33,ambiguous,long,,final,9,9,changed.,18.803730010986328
critical,33,ambiguous,short,,final,7,0,Before,70.05127716064453
critical,33,ambiguous,short,,final,7,1,the,8.332876205444336
critical,33,ambiguous,short,,final,7,2,recruiters,26.080341339111328
critical,33,ambiguous,short,,final,7,3,could,7.768926620483398
critical,33,ambiguous,short,,final,7,4,adapt,13.9845609664917
critical,33,ambiguous,short,,final,7,5,the,2.260462999343872
critical,33,ambiguous,short,,final,7,6,policy,11.756678581237791
critical,33,ambiguous,short,,final,7,7,changed.,17.58575177192688
critical,33,unambiguous,long,comma,final,9,0,Before,70.05127716064453
critical,33,unambiguous,long,comma,final,9,1,the,8.332876205444336
critical,33,unambiguous,long,comma,final,9,2,recruiters,26.080341339111328
critical,33,unambiguous,long,comma,final,9,3,could,7.768926620483398
critical,33,unambiguous,long,comma,final,9,4,"adapt,",17.51565909385681
critical,33,unambiguous,long,comma,final,9,5,the,2.406634330749512
critical,33,unambiguous,long,comma,final,9,6,policy,12.608524322509766
critical,33,unambiguous,long,comma,final,9,7,for,6.869531631469727
critical,33,unambiguous,long,comma,final,9,8,hiring,6.868563175201416
critical,33,unambiguous,long,comma,final,9,9,changed.,13.390629887580872
critical,33,unambiguous,short,comma,final,7,0,Before,70.05127716064453
critical,33,unambiguous,short,comma,final,7,1,the,8.332876205444336
critical,33,unambiguous,short,comma,final,7,2,recruiters,26.080341339111328
critical,33,unambiguous,short,comma,final,7,3,could,7.768926620483398
critical,33,unambiguous,short,comma,final,7,4,"adapt,",17.51565909385681
critical,33,unambiguous,short,comma,final,7,5,the,2.406634330749512
critical,33,unambiguous,short,comma,final,7,6,policy,12.608524322509766
critical,33,unambiguous,short,comma,final,7,7,changed.,9.3364839553833
critical,33,unambiguous,long,object,final,11,0,Before,70.05127716064453
critical,33,unambiguous,long,object,final,11,1,the,8.332876205444336
critical,33,unambiguous,long,object,final,11,2,recruiters,26.080341339111328
critical,33,unambiguous,long,object,final,11,3,could,7.768926620483398
critical,33,unambiguous,long,object,final,11,4,adapt,13.9845609664917
critical,33,unambiguous,long,object,final,11,5,their,3.973399162292481
critical,33,unambiguous,long,object,final,11,6,strategies,8.267582893371582
critical,33,unambiguous,long,object,final,11,7,the,6.753563404083252
critical,33,unambiguous,long,object,final,11,8,policy,12.74923610687256
critical,33,unambiguous,long,object,final,11,9,for,6.765538692474365
critical,33,unambiguous,long,object,final,11,10,hiring,8.114278793334961
critical,33,unambiguous,long,object,final,11,11,changed.,15.117478489875792
critical,33,unambiguous,short,object,final,9,0,Before,70.05127716064453
critical,33,unambiguous,short,object,final,9,1,the,8.332876205444336
critical,33,unambiguous,short,object,final,9,2,recruiters,26.080341339111328
critical,33,unambiguous,short,object,final,9,3,could,7.768926620483398
critical,33,unambiguous,short,object,final,9,4,adapt,13.9845609664917
critical,33,unambiguous,short,object,final,9,5,their,3.973399162292481
critical,33,unambiguous,short,object,final,9,6,strategies,8.267582893371582
critical,33,unambiguous,short,object,final,9,7,the,6.753563404083252
critical,33,unambiguous,short,object,final,9,8,policy,12.74923610687256
critical,33,unambiguous,short,object,final,9,9,changed.,11.172345161437988
critical,33,ambiguous,long,,nonfinal,9,0,Before,70.05127716064453
critical,33,ambiguous,long,,nonfinal,9,1,the,8.332876205444336
critical,33,ambiguous,long,,nonfinal,9,2,recruiters,26.080341339111328
critical,33,ambiguous,long,,nonfinal,9,3,could,7.768926620483398
critical,33,ambiguous,long,,nonfinal,9,4,adapt,13.9845609664917
critical,33,ambiguous,long,,nonfinal,9,5,the,2.260462999343872
critical,33,ambiguous,long,,nonfinal,9,6,policy,11.756678581237791
critical,33,ambiguous,long,,nonfinal,9,7,for,4.601584434509277
critical,33,ambiguous,long,,nonfinal,9,8,hiring,9.09406852722168
critical,33,ambiguous,long,,nonfinal,9,9,changed,16.585973739624023
critical,33,ambiguous,long,,nonfinal,9,10,for,7.5059943199157715
critical,33,ambiguous,long,,nonfinal,9,11,a,4.923865795135498
critical,33,ambiguous,long,,nonfinal,9,12,second,7.549405574798584
critical,33,ambiguous,long,,nonfinal,9,13,time.,3.762595176696777
critical,33,ambiguous,short,,nonfinal,7,0,Before,70.05127716064453
critical,33,ambiguous,short,,nonfinal,7,1,the,8.332876205444336
critical,33,ambiguous,short,,nonfinal,7,2,recruiters,26.080341339111328
critical,33,ambiguous,short,,nonfinal,7,3,could,7.768926620483398
critical,33,ambiguous,short,,nonfinal,7,4,adapt,13.9845609664917
critical,33,ambiguous,short,,nonfinal,7,5,the,2.260462999343872
critical,33,ambiguous,short,,nonfinal,7,6,policy,11.756678581237791
critical,33,ambiguous,short,,nonfinal,7,7,changed,14.574971199035645
critical,33,ambiguous,short,,nonfinal,7,8,for,6.777162075042725
critical,33,ambiguous,short,,nonfinal,7,9,a,4.381622791290283
critical,33,ambiguous,short,,nonfinal,7,10,second,6.809390068054199
critical,33,ambiguous,short,,nonfinal,7,11,time.,3.602599024772644
critical,33,unambiguous,long,comma,nonfinal,9,0,Before,70.05127716064453
critical,33,unambiguous,long,comma,nonfinal,9,1,the,8.332876205444336
critical,33,unambiguous,long,comma,nonfinal,9,2,recruiters,26.080341339111328
critical,33,unambiguous,long,comma,nonfinal,9,3,could,7.768926620483398
critical,33,unambiguous,long,comma,nonfinal,9,4,"adapt,",17.51565909385681
critical,33,unambiguous,long,comma,nonfinal,9,5,the,2.406634330749512
critical,33,unambiguous,long,comma,nonfinal,9,6,policy,12.608524322509766
critical,33,unambiguous,long,comma,nonfinal,9,7,for,6.869531631469727
critical,33,unambiguous,long,comma,nonfinal,9,8,hiring,6.868563175201416
critical,33,unambiguous,long,comma,nonfinal,9,9,changed,12.161996841430664
critical,33,unambiguous,long,comma,nonfinal,9,10,for,7.527303695678711
critical,33,unambiguous,long,comma,nonfinal,9,11,a,4.341997623443604
critical,33,unambiguous,long,comma,nonfinal,9,12,second,7.239363193511963
critical,33,unambiguous,long,comma,nonfinal,9,13,time.,2.940424382686615
critical,33,unambiguous,short,comma,nonfinal,7,0,Before,70.05127716064453
critical,33,unambiguous,short,comma,nonfinal,7,1,the,8.332876205444336
critical,33,unambiguous,short,comma,nonfinal,7,2,recruiters,26.080341339111328
critical,33,unambiguous,short,comma,nonfinal,7,3,could,7.768926620483398
critical,33,unambiguous,short,comma,nonfinal,7,4,"adapt,",17.51565909385681
critical,33,unambiguous,short,comma,nonfinal,7,5,the,2.406634330749512
critical,33,unambiguous,short,comma,nonfinal,7,6,policy,12.608524322509766
critical,33,unambiguous,short,comma,nonfinal,7,7,changed,7.341683387756348
critical,33,unambiguous,short,comma,nonfinal,7,8,for,7.042736053466797
critical,33,unambiguous,short,comma,nonfinal,7,9,a,3.9209182262420654
critical,33,unambiguous,short,comma,nonfinal,7,10,second,6.4834980964660645
critical,33,unambiguous,short,comma,nonfinal,7,11,time.,3.07488477230072
critical,33,unambiguous,long,object,nonfinal,11,0,Before,70.05127716064453
critical,33,unambiguous,long,object,nonfinal,11,1,the,8.332876205444336
critical,33,unambiguous,long,object,nonfinal,11,2,recruiters,26.080341339111328
critical,33,unambiguous,long,object,nonfinal,11,3,could,7.768926620483398
critical,33,unambiguous,long,object,nonfinal,11,4,adapt,13.9845609664917
critical,33,unambiguous,long,object,nonfinal,11,5,their,3.973399162292481
critical,33,unambiguous,long,object,nonfinal,11,6,strategies,8.267582893371582
critical,33,unambiguous,long,object,nonfinal,11,7,the,6.753563404083252
critical,33,unambiguous,long,object,nonfinal,11,8,policy,12.74923610687256
critical,33,unambiguous,long,object,nonfinal,11,9,for,6.765538692474365
critical,33,unambiguous,long,object,nonfinal,11,10,hiring,8.114278793334961
critical,33,unambiguous,long,object,nonfinal,11,11,changed,13.785028457641602
critical,33,unambiguous,long,object,nonfinal,11,12,for,7.090109825134277
critical,33,unambiguous,long,object,nonfinal,11,13,a,4.636542320251465
critical,33,unambiguous,long,object,nonfinal,11,14,second,7.146905422210693
critical,33,unambiguous,long,object,nonfinal,11,15,time.,3.3505852818489075
critical,33,unambiguous,short,object,nonfinal,9,0,Before,70.05127716064453
critical,33,unambiguous,short,object,nonfinal,9,1,the,8.332876205444336
critical,33,unambiguous,short,object,nonfinal,9,2,recruiters,26.080341339111328
critical,33,unambiguous,short,object,nonfinal,9,3,could,7.768926620483398
critical,33,unambiguous,short,object,nonfinal,9,4,adapt,13.9845609664917
critical,33,unambiguous,short,object,nonfinal,9,5,their,3.973399162292481
critical,33,unambiguous,short,object,nonfinal,9,6,strategies,8.267582893371582
critical,33,unambiguous,short,object,nonfinal,9,7,the,6.753563404083252
critical,33,unambiguous,short,object,nonfinal,9,8,policy,12.74923610687256
critical,33,unambiguous,short,object,nonfinal,9,9,changed,9.078218460083008
critical,33,unambiguous,short,object,nonfinal,9,10,for,7.078927040100098
critical,33,unambiguous,short,object,nonfinal,9,11,a,4.059164524078369
critical,33,unambiguous,short,object,nonfinal,9,12,second,6.552973747253418
critical,33,unambiguous,short,object,nonfinal,9,13,time.,3.287713944911957
critical,34,ambiguous,long,,final,9,0,After,73.70172119140625
critical,34,ambiguous,long,,final,9,1,the,7.122029781341553
critical,34,ambiguous,long,,final,9,2,doctor,14.86255931854248
critical,34,ambiguous,long,,final,9,3,left,11.987207412719728
critical,34,ambiguous,long,,final,9,4,the,3.21233868598938
critical,34,ambiguous,long,,final,9,5,patient,3.5355889797210693
critical,34,ambiguous,long,,final,9,6,with,4.110060691833496
critical,34,ambiguous,long,,final,9,7,cardiac,12.20531940460205
critical,34,ambiguous,long,,final,9,8,issues,7.849849224090576
critical,34,ambiguous,long,,final,9,9,recovered.,18.30102276802063
critical,34,ambiguous,short,,final,6,0,After,73.70172119140625
critical,34,ambiguous,short,,final,6,1,the,7.122029781341553
critical,34,ambiguous,short,,final,6,2,doctor,14.86255931854248
critical,34,ambiguous,short,,final,6,3,left,11.987207412719728
critical,34,ambiguous,short,,final,6,4,the,3.21233868598938
critical,34,ambiguous,short,,final,6,5,patient,3.5355889797210693
critical,34,ambiguous,short,,final,6,6,recovered.,16.56889057159424
critical,34,unambiguous,long,comma,final,9,0,After,73.70172119140625
critical,34,unambiguous,long,comma,final,9,1,the,7.122029781341553
critical,34,unambiguous,long,comma,final,9,2,doctor,14.86255931854248
critical,34,unambiguous,long,comma,final,9,3,"left,",13.520599246025084
critical,34,unambiguous,long,comma,final,9,4,the,2.435692548751831
critical,34,unambiguous,long,comma,final,9,5,patient,2.4747891426086426
critical,34,unambiguous,long,comma,final,9,6,with,8.019179344177246
critical,34,unambiguous,long,comma,final,9,7,cardiac,10.000507354736328
critical,34,unambiguous,long,comma,final,9,8,issues,7.2054619789123535
critical,34,unambiguous,long,comma,final,9,9,recovered.,14.14411687850952
critical,34,unambiguous,short,comma,final,6,0,After,73.70172119140625
critical,34,unambiguous,short,comma,final,6,1,the,7.122029781341553
critical,34,unambiguous,short,comma,final,6,2,doctor,14.86255931854248
critical,34,unambiguous,short,comma,final,6,3,"left,",13.520599246025084
critical,34,unambiguous,short,comma,final,6,4,the,2.435692548751831
critical,34,unambiguous,short,comma,final,6,5,patient,2.4747891426086426
critical,34,unambiguous,short,comma,final,6,6,recovered.,13.391069889068604
critical,34,unambiguous,long,object,final,12,0,After,73.70172119140625
critical,34,unambiguous,long,object,final,12,1,the,7.122029781341553
critical,34,unambiguous,long,object,final,12,2,doctor,14.86255931854248
critical,34,unambiguous,long,object,final,12,3,left,11.987207412719728
critical,34,unambiguous,long,object,final,12,4,the,3.21233868598938
critical,34,unambiguous,long,object,final,12,5,operating,12.641104698181152
critical,34,unambiguous,long,object,final,12,6,room,0.321665346622467
critical,34,unambiguous,long,object,final,12,7,the,5.040538787841797
critical,34,unambiguous,long,object,final,12,8,patient,1.868353486061096
critical,34,unambiguous,long,object,final,12,9,with,7.146553039550781
critical,34,unambiguous,long,object,final,12,10,cardiac,11.322566986083984
critical,34,unambiguous,long,object,final,12,11,issues,8.454524040222168
critical,34,unambiguous,long,object,final,12,12,recovered.,13.93525004386902
critical,34,unambiguous,short,object,final,9,0,After,73.70172119140625
critical,34,unambiguous,short,object,final,9,1,the,7.122029781341553
critical,34,unambiguous,short,object,final,9,2,doctor,14.86255931854248
critical,34,unambiguous,short,object,final,9,3,left,11.987207412719728
critical,34,unambiguous,short,object,final,9,4,the,3.21233868598938
critical,34,unambiguous,short,object,final,9,5,operating,12.641104698181152
critical,34,unambiguous,short,object,final,9,6,room,0.321665346622467
critical,34,unambiguous,short,object,final,9,7,the,5.040538787841797
critical,34,unambiguous,short,object,final,9,8,patient,1.868353486061096
critical,34,unambiguous,short,object,final,9,9,recovered.,11.347750425338743
critical,34,ambiguous,long,,nonfinal,9,0,After,73.70172119140625
critical,34,ambiguous,long,,nonfinal,9,1,the,7.122029781341553
critical,34,ambiguous,long,,nonfinal,9,2,doctor,14.86255931854248
critical,34,ambiguous,long,,nonfinal,9,3,left,11.987207412719728
critical,34,ambiguous,long,,nonfinal,9,4,the,3.21233868598938
critical,34,ambiguous,long,,nonfinal,9,5,patient,3.5355889797210693
critical,34,ambiguous,long,,nonfinal,9,6,with,4.110060691833496
critical,34,ambiguous,long,,nonfinal,9,7,cardiac,12.20531940460205
critical,34,ambiguous,long,,nonfinal,9,8,issues,7.849849224090576
critical,34,ambiguous,long,,nonfinal,9,9,recovered,16.271968841552734
critical,34,ambiguous,long,,nonfinal,9,10,from,3.605945110321045
critical,34,ambiguous,long,,nonfinal,9,11,the,0.9001874327659607
critical,34,ambiguous,long,,nonfinal,9,12,surgery.,5.7443636655807495
critical,34,ambiguous,short,,nonfinal,6,0,After,73.70172119140625
critical,34,ambiguous,short,,nonfinal,6,1,the,7.122029781341553
critical,34,ambiguous,short,,nonfinal,6,2,doctor,14.86255931854248
critical,34,ambiguous,short,,nonfinal,6,3,left,11.987207412719728
critical,34,ambiguous,short,,nonfinal,6,4,the,3.21233868598938
critical,34,ambiguous,short,,nonfinal,6,5,patient,3.5355889797210693
critical,34,ambiguous,short,,nonfinal,6,6,recovered,14.433730125427246
critical,34,ambiguous,short,,nonfinal,6,7,from,2.9936978816986084
critical,34,ambiguous,short,,nonfinal,6,8,the,0.8017418384552002
critical,34,ambiguous,short,,nonfinal,6,9,surgery.,7.028295397758484
critical,34,unambiguous,long,comma,nonfinal,9,0,After,73.70172119140625
critical,34,unambiguous,long,comma,nonfinal,9,1,the,7.122029781341553
critical,34,unambiguous,long,comma,nonfinal,9,2,doctor,14.86255931854248
critical,34,unambiguous,long,comma,nonfinal,9,3,"left,",13.520599246025084
critical,34,unambiguous,long,comma,nonfinal,9,4,the,2.435692548751831
critical,34,unambiguous,long,comma,nonfinal,9,5,patient,2.4747891426086426
critical,34,unambiguous,long,comma,nonfinal,9,6,with,8.019179344177246
critical,34,unambiguous,long,comma,nonfinal,9,7,cardiac,10.000507354736328
critical,34,unambiguous,long,comma,nonfinal,9,8,issues,7.2054619789123535
critical,34,unambiguous,long,comma,nonfinal,9,9,recovered,12.410311698913574
critical,34,unambiguous,long,comma,nonfinal,9,10,from,4.031691551208496
critical,34,unambiguous,long,comma,nonfinal,9,11,the,0.7873007655143738
critical,34,unambiguous,long,comma,nonfinal,9,12,surgery.,5.62002968788147
critical,34,unambiguous,short,comma,nonfinal,6,0,After,73.70172119140625
critical,34,unambiguous,short,comma,nonfinal,6,1,the,7.122029781341553
critical,34,unambiguous,short,comma,nonfinal,6,2,doctor,14.86255931854248
critical,34,unambiguous,short,comma,nonfinal,6,3,"left,",13.520599246025084
critical,34,unambiguous,short,comma,nonfinal,6,4,the,2.435692548751831
critical,34,unambiguous,short,comma,nonfinal,6,5,patient,2.4747891426086426
critical,34,unambiguous,short,comma,nonfinal,6,6,recovered,11.749722480773926
critical,34,unambiguous,short,comma,nonfinal,6,7,from,3.989689350128174
critical,34,unambiguous,short,comma,nonfinal,6,8,the,0.6353176832199097
critical,34,unambiguous,short,comma,nonfinal,6,9,surgery.,6.871204614639282
critical,34,unambiguous,long,object,nonfinal,12,0,After,73.70172119140625
critical,34,unambiguous,long,object,nonfinal,12,1,the,7.122029781341553
critical,34,unambiguous,long,object,nonfinal,12,2,doctor,14.86255931854248
critical,34,unambiguous,long,object,nonfinal,12,3,left,11.987207412719728
critical,34,unambiguous,long,object,nonfinal,12,4,the,3.21233868598938
critical,34,unambiguous,long,object,nonfinal,12,5,operating,12.641104698181152
critical,34,unambiguous,long,object,nonfinal,12,6,room,0.321665346622467
critical,34,unambiguous,long,object,nonfinal,12,7,the,5.040538787841797
critical,34,unambiguous,long,object,nonfinal,12,8,patient,1.868353486061096
critical,34,unambiguous,long,object,nonfinal,12,9,with,7.146553039550781
critical,34,unambiguous,long,object,nonfinal,12,10,cardiac,11.322566986083984
critical,34,unambiguous,long,object,nonfinal,12,11,issues,8.454524040222168
critical,34,unambiguous,long,object,nonfinal,12,12,recovered,12.227068901062012
critical,34,unambiguous,long,object,nonfinal,12,13,from,3.682993173599243
critical,34,unambiguous,long,object,nonfinal,12,14,the,0.7503176331520081
critical,34,unambiguous,long,object,nonfinal,12,15,surgery.,4.683123350143433
critical,34,unambiguous,short,object,nonfinal,9,0,After,73.70172119140625
critical,34,unambiguous,short,object,nonfinal,9,1,the,7.122029781341553
critical,34,unambiguous,short,object,nonfinal,9,2,doctor,14.86255931854248
critical,34,unambiguous,short,object,nonfinal,9,3,left,11.987207412719728
critical,34,unambiguous,short,object,nonfinal,9,4,the,3.21233868598938
critical,34,unambiguous,short,object,nonfinal,9,5,operating,12.641104698181152
critical,34,unambiguous,short,object,nonfinal,9,6,room,0.321665346622467
critical,34,unambiguous,short,object,nonfinal,9,7,the,5.040538787841797
critical,34,unambiguous,short,object,nonfinal,9,8,patient,1.868353486061096
critical,34,unambiguous,short,object,nonfinal,9,9,recovered,9.664752960205078
critical,34,unambiguous,short,object,nonfinal,9,10,from,4.372905254364014
critical,34,unambiguous,short,object,nonfinal,9,11,the,0.48095703125
critical,34,unambiguous,short,object,nonfinal,9,12,surgery.,6.1022197008132935
critical,35,ambiguous,long,,final,11,0,While,66.4471206665039
critical,35,ambiguous,long,,final,11,1,the,5.976608753204346
critical,35,ambiguous,long,,final,11,2,tailor,18.6912841796875
critical,35,ambiguous,long,,final,11,3,was,6.375454425811768
critical,35,ambiguous,long,,final,11,4,measuring,11.610419273376465
critical,35,ambiguous,long,,final,11,5,the,0.8684875965118408
critical,35,ambiguous,long,,final,11,6,suit,14.383187294006348
critical,35,ambiguous,long,,final,11,7,made,9.515148162841797
critical,35,ambiguous,long,,final,11,8,of,1.4388206005096436
critical,35,ambiguous,long,,final,11,9,vintage,14.17229461669922
critical,35,ambiguous,long,,final,11,10,tweed,14.289407968521118
critical,35,ambiguous,long,,final,11,11,ripped.,21.033021450042725
critical,35,ambiguous,short,,final,7,0,While,66.4471206665039
critical,35,ambiguous,short,,final,7,1,the,5.976608753204346
critical,35,ambiguous,short,,final,7,2,tailor,18.6912841796875
critical,35,ambiguous,short,,final,7,3,was,6.375454425811768
critical,35,ambiguous,short,,final,7,4,measuring,11.610419273376465
critical,35,ambiguous,short,,final,7,5,the,0.8684875965118408
critical,35,ambiguous,short,,final,7,6,suit,14.383187294006348
critical,35,ambiguous,short,,final,7,7,ripped.,24.288418769836422
critical,35,unambiguous,long,comma,final,11,0,While,66.4471206665039
critical,35,unambiguous,long,comma,final,11,1,the,5.976608753204346
critical,35,unambiguous,long,comma,final,11,2,tailor,18.6912841796875
critical,35,unambiguous,long,comma,final,11,3,was,6.375454425811768
critical,35,unambiguous,long,comma,final,11,4,"measuring,",18.048569202423096
critical,35,unambiguous,long,comma,final,11,5,the,2.1762821674346924
critical,35,unambiguous,long,comma,final,11,6,suit,11.232574462890623
critical,35,unambiguous,long,comma,final,11,7,made,8.613286972045898
critical,35,unambiguous,long,comma,final,11,8,of,3.685282707214356
critical,35,unambiguous,long,comma,final,11,9,vintage,14.584745407104492
critical,35,unambiguous,long,comma,final,11,10,tweed,14.242650985717772
critical,35,unambiguous,long,comma,final,11,11,ripped.,20.40043306350708
critical,35,unambiguous,short,comma,final,7,0,While,66.4471206665039
critical,35,unambiguous,short,comma,final,7,1,the,5.976608753204346
critical,35,unambiguous,short,comma,final,7,2,tailor,18.6912841796875
critical,35,unambiguous,short,comma,final,7,3,was,6.375454425811768
critical,35,unambiguous,short,comma,final,7,4,"measuring,",18.048569202423096
critical,35,unambiguous,short,comma,final,7,5,the,2.1762821674346924
critical,35,unambiguous,short,comma,final,7,6,suit,11.232574462890623
critical,35,unambiguous,short,comma,final,7,7,ripped.,21.77444553375244
critical,35,unambiguous,long,object,final,14,0,While,66.4471206665039
critical,35,unambiguous,long,object,final,14,1,the,5.976608753204346
critical,35,unambiguous,long,object,final,14,2,tailor,18.6912841796875
critical,35,unambiguous,long,object,final,14,3,was,6.375454425811768
critical,35,unambiguous,long,object,final,14,4,measuring,11.610419273376465
critical,35,unambiguous,long,object,final,14,5,the,0.8684875965118408
critical,35,unambiguous,long,object,final,14,6,client's,15.488366842269896
critical,35,unambiguous,long,object,final,14,7,inseam,24.873984813690186
critical,35,unambiguous,long,object,final,14,8,the,7.879260063171387
critical,35,unambiguous,long,object,final,14,9,suit,10.920507431030272
critical,35,unambiguous,long,object,final,14,10,made,9.21399974822998
critical,35,unambiguous,long,object,final,14,11,of,2.2330777645111084
critical,35,unambiguous,long,object,final,14,12,vintage,14.043910026550291
critical,35,unambiguous,long,object,final,14,13,tweed,13.361043214797974
critical,35,unambiguous,long,object,final,14,14,ripped.,20.666095733642575
critical,35,unambiguous,short,object,final,10,0,While,66.4471206665039
critical,35,unambiguous,short,object,final,10,1,the,5.976608753204346
critical,35,unambiguous,short,object,final,10,2,tailor,18.6912841796875
critical,35,unambiguous,short,object,final,10,3,was,6.375454425811768
critical,35,unambiguous,short,object,final,10,4,measuring,11.610419273376465
critical,35,unambiguous,short,object,final,10,5,the,0.8684875965118408
critical,35,unambiguous,short,object,final,10,6,client's,15.488366842269896
critical,35,unambiguous,short,object,final,10,7,inseam,24.873984813690186
critical,35,unambiguous,short,object,final,10,8,the,7.879260063171387
critical,35,unambiguous,short,object,final,10,9,suit,10.920507431030272
critical,35,unambiguous,short,object,final,10,10,ripped.,21.335930824279785
critical,35,ambiguous,long,,nonfinal,11,0,While,66.4471206665039
critical,35,ambiguous,long,,nonfinal,11,1,the,5.976608753204346
critical,35,ambiguous,long,,nonfinal,11,2,tailor,18.6912841796875
critical,35,ambiguous,long,,nonfinal,11,3,was,6.375454425811768
critical,35,ambiguous,long,,nonfinal,11,4,measuring,11.610419273376465
critical,35,ambiguous,long,,nonfinal,11,5,the,0.8684875965118408
critical,35,ambiguous,long,,nonfinal,11,6,suit,14.383187294006348
critical,35,ambiguous,long,,nonfinal,11,7,made,9.515148162841797
critical,35,ambiguous,long,,nonfinal,11,8,of,1.4388206005096436
critical,35,ambiguous,long,,nonfinal,11,9,vintage,14.17229461669922
critical,35,ambiguous,long,,nonfinal,11,10,tweed,14.289407968521118
critical,35,ambiguous,long,,nonfinal,11,11,ripped,14.900774955749512
critical,35,ambiguous,long,,nonfinal,11,12,along,10.378087997436523
critical,35,ambiguous,long,,nonfinal,11,13,a,5.201239585876465
critical,35,ambiguous,long,,nonfinal,11,14,weak,13.076624870300291
critical,35,ambiguous,long,,nonfinal,11,15,seam.,10.517743587493896
critical,35,ambiguous,short,,nonfinal,7,0,While,66.4471206665039
critical,35,ambiguous,short,,nonfinal,7,1,the,5.976608753204346
critical,35,ambiguous,short,,nonfinal,7,2,tailor,18.6912841796875
critical,35,ambiguous,short,,nonfinal,7,3,was,6.375454425811768
critical,35,ambiguous,short,,nonfinal,7,4,measuring,11.610419273376465
critical,35,ambiguous,short,,nonfinal,7,5,the,0.8684875965118408
critical,35,ambiguous,short,,nonfinal,7,6,suit,14.383187294006348
critical,35,ambiguous,short,,nonfinal,7,7,ripped,18.890640258789062
critical,35,ambiguous,short,,nonfinal,7,8,along,9.317288398742676
critical,35,ambiguous,short,,nonfinal,7,9,a,4.666921138763428
critical,35,ambiguous,short,,nonfinal,7,10,weak,12.78208065032959
critical,35,ambiguous,short,,nonfinal,7,11,seam.,10.18031620979309
critical,35,unambiguous,long,comma,nonfinal,11,0,While,66.4471206665039
critical,35,unambiguous,long,comma,nonfinal,11,1,the,5.976608753204346
critical,35,unambiguous,long,comma,nonfinal,11,2,tailor,18.6912841796875
critical,35,unambiguous,long,comma,nonfinal,11,3,was,6.375454425811768
critical,35,unambiguous,long,comma,nonfinal,11,4,"measuring,",18.048569202423096
critical,35,unambiguous,long,comma,nonfinal,11,5,the,2.1762821674346924
critical,35,unambiguous,long,comma,nonfinal,11,6,suit,11.232574462890623
critical,35,unambiguous,long,comma,nonfinal,11,7,made,8.613286972045898
critical,35,unambiguous,long,comma,nonfinal,11,8,of,3.685282707214356
critical,35,unambiguous,long,comma,nonfinal,11,9,vintage,14.584745407104492
critical,35,unambiguous,long,comma,nonfinal,11,10,tweed,14.242650985717772
critical,35,unambiguous,long,comma,nonfinal,11,11,ripped,14.603148460388184
critical,35,unambiguous,long,comma,nonfinal,11,12,along,9.29685878753662
critical,35,unambiguous,long,comma,nonfinal,11,13,a,5.119788646697998
critical,35,unambiguous,long,comma,nonfinal,11,14,weak,12.492379188537598
critical,35,unambiguous,long,comma,nonfinal,11,15,seam.,9.883834838867188
critical,35,unambiguous,short,comma,nonfinal,7,0,While,66.4471206665039
critical,35,unambiguous,short,comma,nonfinal,7,1,the,5.976608753204346
critical,35,unambiguous,short,comma,nonfinal,7,2,tailor,18.6912841796875
critical,35,unambiguous,short,comma,nonfinal,7,3,was,6.375454425811768
critical,35,unambiguous,short,comma,nonfinal,7,4,"measuring,",18.048569202423096
critical,35,unambiguous,short,comma,nonfinal,7,5,the,2.1762821674346924
critical,35,unambiguous,short,comma,nonfinal,7,6,suit,11.232574462890623
critical,35,unambiguous,short,comma,nonfinal,7,7,ripped,16.681777954101562
critical,35,unambiguous,short,comma,nonfinal,7,8,along,9.199294090270996
critical,35,unambiguous,short,comma,nonfinal,7,9,a,5.143475532531738
critical,35,unambiguous,short,comma,nonfinal,7,10,weak,12.253573417663574
critical,35,unambiguous,short,comma,nonfinal,7,11,seam.,10.206732988357544
critical,35,unambiguous,long,object,nonfinal,14,0,While,66.4471206665039
critical,35,unambiguous,long,object,nonfinal,14,1,the,5.976608753204346
critical,35,unambiguous,long,object,nonfinal,14,2,tailor,18.6912841796875
critical,35,unambiguous,long,object,nonfinal,14,3,was,6.375454425811768
critical,35,unambiguous,long,object,nonfinal,14,4,measuring,11.610419273376465
critical,35,unambiguous,long,object,nonfinal,14,5,the,0.8684875965118408
critical,35,unambiguous,long,object,nonfinal,14,6,client's,15.488366842269896
critical,35,unambiguous,long,object,nonfinal,14,7,inseam,24.873984813690186
critical,35,unambiguous,long,object,nonfinal,14,8,the,7.879260063171387
critical,35,unambiguous,long,object,nonfinal,14,9,suit,10.920507431030272
critical,35,unambiguous,long,object,nonfinal,14,10,made,9.21399974822998
critical,35,unambiguous,long,object,nonfinal,14,11,of,2.2330777645111084
critical,35,unambiguous,long,object,nonfinal,14,12,vintage,14.043910026550291
critical,35,unambiguous,long,object,nonfinal,14,13,tweed,13.361043214797974
critical,35,unambiguous,long,object,nonfinal,14,14,ripped,14.551108360290527
critical,35,unambiguous,long,object,nonfinal,14,15,along,10.262824058532717
critical,35,unambiguous,long,object,nonfinal,14,16,a,5.155274868011475
critical,35,unambiguous,long,object,nonfinal,14,17,weak,13.12364673614502
critical,35,unambiguous,long,object,nonfinal,14,18,seam.,8.605010271072388
critical,35,unambiguous,short,object,nonfinal,10,0,While,66.4471206665039
critical,35,unambiguous,short,object,nonfinal,10,1,the,5.976608753204346
critical,35,unambiguous,short,object,nonfinal,10,2,tailor,18.6912841796875
critical,35,unambiguous,short,object,nonfinal,10,3,was,6.375454425811768
critical,35,unambiguous,short,object,nonfinal,10,4,measuring,11.610419273376465
critical,35,unambiguous,short,object,nonfinal,10,5,the,0.8684875965118408
critical,35,unambiguous,short,object,nonfinal,10,6,client's,15.488366842269896
critical,35,unambiguous,short,object,nonfinal,10,7,inseam,24.873984813690186
critical,35,unambiguous,short,object,nonfinal,10,8,the,7.879260063171387
critical,35,unambiguous,short,object,nonfinal,10,9,suit,10.920507431030272
critical,35,unambiguous,short,object,nonfinal,10,10,ripped,15.598435401916504
critical,35,unambiguous,short,object,nonfinal,10,11,along,8.84487247467041
critical,35,unambiguous,short,object,nonfinal,10,12,a,5.489531993865967
critical,35,unambiguous,short,object,nonfinal,10,13,weak,12.85129165649414
critical,35,unambiguous,short,object,nonfinal,10,14,seam.,7.300209641456604
critical,36,ambiguous,long,,final,8,0,As,74.56287384033203
critical,36,ambiguous,long,,final,8,1,the,8.519684791564941
critical,36,ambiguous,long,,final,8,2,musician,16.8780517578125
critical,36,ambiguous,long,,final,8,3,played,11.667478561401367
critical,36,ambiguous,long,,final,8,4,the,1.8826184272766116
critical,36,ambiguous,long,,final,8,5,song,3.406412124633789
critical,36,ambiguous,long,,final,8,6,of,6.919723033905029
critical,36,ambiguous,long,,final,8,7,mourning,13.381912231445312
critical,36,ambiguous,long,,final,8,8,crescendoed.,27.85865731164813
critical,36,ambiguous,short,,final,6,0,As,74.56287384033203
critical,36,ambiguous,short,,final,6,1,the,8.519684791564941
critical,36,ambiguous,short,,final,6,2,musician,16.8780517578125
critical,36,ambiguous,short,,final,6,3,played,11.667478561401367
critical,36,ambiguous,short,,final,6,4,the,1.8826184272766116
critical,36,ambiguous,short,,final,6,5,song,3.406412124633789
critical,36,ambiguous,short,,final,6,6,crescendoed.,28.432006780989468
critical,36,unambiguous,long,comma,final,8,0,As,74.56287384033203
critical,36,unambiguous,long,comma,final,8,1,the,8.519684791564941
critical,36,unambiguous,long,comma,final,8,2,musician,16.8780517578125
critical,36,unambiguous,long,comma,final,8,3,"played,",16.33228635787964
critical,36,unambiguous,long,comma,final,8,4,the,2.622721672058105
critical,36,unambiguous,long,comma,final,8,5,song,4.283881187438965
critical,36,unambiguous,long,comma,final,8,6,of,9.252126693725586
critical,36,unambiguous,long,comma,final,8,7,mourning,12.083627700805664
critical,36,unambiguous,long,comma,final,8,8,crescendoed.,21.66472820937633
critical,36,unambiguous,short,comma,final,6,0,As,74.56287384033203
critical,36,unambiguous,short,comma,final,6,1,the,8.519684791564941
critical,36,unambiguous,short,comma,final,6,2,musician,16.8780517578125
critical,36,unambiguous,short,comma,final,6,3,"played,",16.33228635787964
critical,36,unambiguous,short,comma,final,6,4,the,2.622721672058105
critical,36,unambiguous,short,comma,final,6,5,song,4.283881187438965
critical,36,unambiguous,short,comma,final,6,6,crescendoed.,20.747987564187497
critical,36,unambiguous,long,object,final,10,0,As,74.56287384033203
critical,36,unambiguous,long,object,final,10,1,the,8.519684791564941
critical,36,unambiguous,long,object,final,10,2,musician,16.8780517578125
critical,36,unambiguous,long,object,final,10,3,played,11.667478561401367
critical,36,unambiguous,long,object,final,10,4,the,1.8826184272766116
critical,36,unambiguous,long,object,final,10,5,piano,4.540385723114014
critical,36,unambiguous,long,object,final,10,6,the,7.37109375
critical,36,unambiguous,long,object,final,10,7,song,5.732652187347412
critical,36,unambiguous,long,object,final,10,8,of,6.849895477294922
critical,36,unambiguous,long,object,final,10,9,mourning,11.934814453125
critical,36,unambiguous,long,object,final,10,10,crescendoed.,25.49354050308466
critical,36,unambiguous,short,object,final,8,0,As,74.56287384033203
critical,36,unambiguous,short,object,final,8,1,the,8.519684791564941
critical,36,unambiguous,short,object,final,8,2,musician,16.8780517578125
critical,36,unambiguous,short,object,final,8,3,played,11.667478561401367
critical,36,unambiguous,short,object,final,8,4,the,1.8826184272766116
critical,36,unambiguous,short,object,final,8,5,piano,4.540385723114014
critical,36,unambiguous,short,object,final,8,6,the,7.37109375
critical,36,unambiguous,short,object,final,8,7,song,5.732652187347412
critical,36,unambiguous,short,object,final,8,8,crescendoed.,21.800246224738657
critical,36,ambiguous,long,,nonfinal,8,0,As,74.56287384033203
critical,36,ambiguous,long,,nonfinal,8,1,the,8.519684791564941
critical,36,ambiguous,long,,nonfinal,8,2,musician,16.8780517578125
critical,36,ambiguous,long,,nonfinal,8,3,played,11.667478561401367
critical,36,ambiguous,long,,nonfinal,8,4,the,1.8826184272766116
critical,36,ambiguous,long,,nonfinal,8,5,song,3.406412124633789
critical,36,ambiguous,long,,nonfinal,8,6,of,6.919723033905029
critical,36,ambiguous,long,,nonfinal,8,7,mourning,13.381912231445312
critical,36,ambiguous,long,,nonfinal,8,8,crescendoed,24.926421832293272
critical,36,ambiguous,long,,nonfinal,8,9,to,5.517797946929932
critical,36,ambiguous,long,,nonfinal,8,10,a,2.287407636642456
critical,36,ambiguous,long,,nonfinal,8,11,dramatic,10.333443641662598
critical,36,ambiguous,long,,nonfinal,8,12,climax.,2.771975040435791
critical,36,ambiguous,short,,nonfinal,6,0,As,74.56287384033203
critical,36,ambiguous,short,,nonfinal,6,1,the,8.519684791564941
critical,36,ambiguous,short,,nonfinal,6,2,musician,16.8780517578125
critical,36,ambiguous,short,,nonfinal,6,3,played,11.667478561401367
critical,36,ambiguous,short,,nonfinal,6,4,the,1.8826184272766116
critical,36,ambiguous,short,,nonfinal,6,5,song,3.406412124633789
critical,36,ambiguous,short,,nonfinal,6,6,crescendoed,25.029557173140347
critical,36,ambiguous,short,,nonfinal,6,7,to,5.346266269683838
critical,36,ambiguous,short,,nonfinal,6,8,a,1.8714354038238523
critical,36,ambiguous,short,,nonfinal,6,9,dramatic,10.824087142944336
critical,36,ambiguous,short,,nonfinal,6,10,climax.,2.518816590309143
critical,36,unambiguous,long,comma,nonfinal,8,0,As,74.56287384033203
critical,36,unambiguous,long,comma,nonfinal,8,1,the,8.519684791564941
critical,36,unambiguous,long,comma,nonfinal,8,2,musician,16.8780517578125
critical,36,unambiguous,long,comma,nonfinal,8,3,"played,",16.33228635787964
critical,36,unambiguous,long,comma,nonfinal,8,4,the,2.622721672058105
critical,36,unambiguous,long,comma,nonfinal,8,5,song,4.283881187438965
critical,36,unambiguous,long,comma,nonfinal,8,6,of,9.252126693725586
critical,36,unambiguous,long,comma,nonfinal,8,7,mourning,12.083627700805664
critical,36,unambiguous,long,comma,nonfinal,8,8,crescendoed,19.815306589007378
critical,36,unambiguous,long,comma,nonfinal,8,9,to,5.584015369415283
critical,36,unambiguous,long,comma,nonfinal,8,10,a,1.288422465324402
critical,36,unambiguous,long,comma,nonfinal,8,11,dramatic,10.804010391235352
critical,36,unambiguous,long,comma,nonfinal,8,12,climax.,2.309597611427307
critical,36,unambiguous,short,comma,nonfinal,6,0,As,74.56287384033203
critical,36,unambiguous,short,comma,nonfinal,6,1,the,8.519684791564941
critical,36,unambiguous,short,comma,nonfinal,6,2,musician,16.8780517578125
critical,36,unambiguous,short,comma,nonfinal,6,3,"played,",16.33228635787964
critical,36,unambiguous,short,comma,nonfinal,6,4,the,2.622721672058105
critical,36,unambiguous,short,comma,nonfinal,6,5,song,4.283881187438965
critical,36,unambiguous,short,comma,nonfinal,6,6,crescendoed,18.18866568384692
critical,36,unambiguous,short,comma,nonfinal,6,7,to,4.86715841293335
critical,36,unambiguous,short,comma,nonfinal,6,8,a,1.1734224557876587
critical,36,unambiguous,short,comma,nonfinal,6,9,dramatic,10.926231384277344
critical,36,unambiguous,short,comma,nonfinal,6,10,climax.,2.2580853700637817
critical,36,unambiguous,long,object,nonfinal,10,0,As,74.56287384033203
critical,36,unambiguous,long,object,nonfinal,10,1,the,8.519684791564941
critical,36,unambiguous,long,object,nonfinal,10,2,musician,16.8780517578125
critical,36,unambiguous,long,object,nonfinal,10,3,played,11.667478561401367
critical,36,unambiguous,long,object,nonfinal,10,4,the,1.8826184272766116
critical,36,unambiguous,long,object,nonfinal,10,5,piano,4.540385723114014
critical,36,unambiguous,long,object,nonfinal,10,6,the,7.37109375
critical,36,unambiguous,long,object,nonfinal,10,7,song,5.732652187347412
critical,36,unambiguous,long,object,nonfinal,10,8,of,6.849895477294922
critical,36,unambiguous,long,object,nonfinal,10,9,mourning,11.934814453125
critical,36,unambiguous,long,object,nonfinal,10,10,crescendoed,23.455857016146183
critical,36,unambiguous,long,object,nonfinal,10,11,to,5.797460556030273
critical,36,unambiguous,long,object,nonfinal,10,12,a,1.7598695755004885
critical,36,unambiguous,long,object,nonfinal,10,13,dramatic,10.663474082946776
critical,36,unambiguous,long,object,nonfinal,10,14,climax.,2.7932844161987305
critical,36,unambiguous,short,object,nonfinal,8,0,As,74.56287384033203
critical,36,unambiguous,short,object,nonfinal,8,1,the,8.519684791564941
critical,36,unambiguous,short,object,nonfinal,8,2,musician,16.8780517578125
critical,36,unambiguous,short,object,nonfinal,8,3,played,11.667478561401367
critical,36,unambiguous,short,object,nonfinal,8,4,the,1.8826184272766116
critical,36,unambiguous,short,object,nonfinal,8,5,piano,4.540385723114014
critical,36,unambiguous,short,object,nonfinal,8,6,the,7.37109375
critical,36,unambiguous,short,object,nonfinal,8,7,song,5.732652187347412
critical,36,unambiguous,short,object,nonfinal,8,8,crescendoed,19.49654816184193
critical,36,unambiguous,short,object,nonfinal,8,9,to,5.541396617889404
critical,36,unambiguous,short,object,nonfinal,8,10,a,1.6787707805633545
critical,36,unambiguous,short,object,nonfinal,8,11,dramatic,10.361268997192385
critical,36,unambiguous,short,object,nonfinal,8,12,climax.,2.6612898111343384
filler,1,,,,,-1,0,The,65.7948226928711
filler,1,,,,,-1,1,little,18.653947830200195
filler,1,,,,,-1,2,blonde,11.79507064819336
filler,1,,,,,-1,3,girls,8.199604034423828
filler,1,,,,,-1,4,turned,10.152402877807615
filler,1,,,,,-1,5,out,4.924306392669678
filler,1,,,,,-1,6,to,1.3039201498031616
filler,1,,,,,-1,7,be,0.1038169860839843
filler,1,,,,,-1,8,daughters,16.192983627319336
filler,1,,,,,-1,9,of,0.6583881378173828
filler,1,,,,,-1,10,one,7.890971183776855
filler,1,,,,,-1,11,of,0.7389585375785828
filler,1,,,,,-1,12,the,0.5004172325134277
filler,1,,,,,-1,13,neighbors.,13.683237314224243
filler,2,,,,,-1,0,After,73.7018051147461
filler,2,,,,,-1,1,the,7.122382164001465
filler,2,,,,,-1,2,show,11.869301795959473
filler,2,,,,,-1,3,the,6.311878681182861
filler,2,,,,,-1,4,famous,14.347965240478516
filler,2,,,,,-1,5,violinist,13.691338062286375
filler,2,,,,,-1,6,met,13.967126846313477
filler,2,,,,,-1,7,with,2.2410027980804443
filler,2,,,,,-1,8,some,5.603034973144531
filler,2,,,,,-1,9,of,2.397740840911865
filler,2,,,,,-1,10,his,2.6201679706573486
filler,2,,,,,-1,11,devoted,12.398689270019531
filler,2,,,,,-1,12,fans.,3.6578094959259033
filler,3,,,,,-1,0,The,65.7948226928711
filler,3,,,,,-1,1,pharmacologist,30.435503005981445
filler,3,,,,,-1,2,made,11.522628784179688
filler,3,,,,,-1,3,sure,5.680435657501221
filler,3,,,,,-1,4,that,0.8853942155838013
filler,3,,,,,-1,5,the,1.359923243522644
filler,3,,,,,-1,6,new,8.301836013793945
filler,3,,,,,-1,7,shipment,13.038321495056152
filler,3,,,,,-1,8,of,3.2122507095336914
filler,3,,,,,-1,9,patches,14.01150608062744
filler,3,,,,,-1,10,didn't,10.086361579596996
filler,3,,,,,-1,11,have,3.7298386096954346
filler,3,,,,,-1,12,any,1.6806199550628662
filler,3,,,,,-1,13,tears.,15.452176332473757
filler,4,,,,,-1,0,On,70.69119262695312
filler,4,,,,,-1,1,returning,15.455081939697266
filler,4,,,,,-1,2,from,3.470956563949585
filler,4,,,,,-1,3,abroad,18.67992401123047
filler,4,,,,,-1,4,the,4.4250335693359375
filler,4,,,,,-1,5,accountant,16.36433982849121
filler,4,,,,,-1,6,discovered,13.769795417785645
filler,4,,,,,-1,7,he,6.37290096282959
filler,4,,,,,-1,8,had,1.4593374729156494
filler,4,,,,,-1,9,a,3.617568254470825
filler,4,,,,,-1,10,serious,7.633585929870605
filler,4,,,,,-1,11,case,5.320730209350586
filler,4,,,,,-1,12,of,0.8903253078460693
filler,4,,,,,-1,13,malaria.,10.548122644424438
filler,5,,,,,-1,0,The,65.7948226928711
filler,5,,,,,-1,1,coach,17.414396286010742
filler,5,,,,,-1,2,encouraged,15.569906234741213
filler,5,,,,,-1,3,his,5.129034519195557
filler,5,,,,,-1,4,team,3.967763662338257
filler,5,,,,,-1,5,as,8.210259437561035
filler,5,,,,,-1,6,the,5.279872894287109
filler,5,,,,,-1,7,game,7.226683616638184
filler,5,,,,,-1,8,turned,9.819906234741213
filler,5,,,,,-1,9,increasingly,11.948463439941406
filler,5,,,,,-1,10,discouraging.,15.788898970931768
filler,6,,,,,-1,0,The,65.7948226928711
filler,6,,,,,-1,1,photographer,15.954530715942385
filler,6,,,,,-1,2,posed,14.91336727142334
filler,6,,,,,-1,3,the,1.9535027742385864
filler,6,,,,,-1,4,newlyweds,19.798752397298813
filler,6,,,,,-1,5,in,2.358996629714966
filler,6,,,,,-1,6,front,5.299685478210449
filler,6,,,,,-1,7,of,0.0464931018650531
filler,6,,,,,-1,8,an,5.530653953552246
filler,6,,,,,-1,9,old,6.205596446990967
filler,6,,,,,-1,10,oak,8.753911018371582
filler,6,,,,,-1,11,tree,1.1823160648345947
filler,6,,,,,-1,12,that,5.532238960266113
filler,6,,,,,-1,13,stood,6.185519695281982
filler,6,,,,,-1,14,by,7.061491966247559
filler,6,,,,,-1,15,the,0.9641155004501344
filler,6,,,,,-1,16,pond.,7.7603853940963745
filler,7,,,,,-1,0,The,65.7948226928711
filler,7,,,,,-1,1,horse,19.44367027282715
filler,7,,,,,-1,2,galloped,12.741839200258257
filler,7,,,,,-1,3,furiously,9.517965936334804
filler,7,,,,,-1,4,around,5.926549434661865
filler,7,,,,,-1,5,the,1.021615505218506
filler,7,,,,,-1,6,field,6.4178972244262695
filler,7,,,,,-1,7,before,6.411645412445068
filler,7,,,,,-1,8,jumping,8.591273307800293
filler,7,,,,,-1,9,over,5.203441143035889
filler,7,,,,,-1,10,the,1.7206850051879885
filler,7,,,,,-1,11,fence.,4.593659400939941
filler,8,,,,,-1,0,The,65.7948226928711
filler,8,,,,,-1,1,talented,15.516324043273926
filler,8,,,,,-1,2,cartoonists,21.61286497116089
filler,8,,,,,-1,3,drew,12.482253074645996
filler,8,,,,,-1,4,a,4.276749134063721
filler,8,,,,,-1,5,huge,6.392361164093018
filler,8,,,,,-1,6,illustration,8.585461616516113
filler,8,,,,,-1,7,of,0.7175611257553101
filler,8,,,,,-1,8,the,1.3317456245422363
filler,8,,,,,-1,9,upcoming,10.95555305480957
filler,8,,,,,-1,10,mall,15.222704887390137
filler,8,,,,,-1,11,to,6.4840264320373535
filler,8,,,,,-1,12,be,3.921886920928955
filler,8,,,,,-1,13,opened,4.303693771362305
filler,8,,,,,-1,14,in,1.3748044967651367
filler,8,,,,,-1,15,May.,8.780416250228882
filler,9,,,,,-1,0,The,65.7948226928711
filler,9,,,,,-1,1,protesters,16.343294143676758
filler,9,,,,,-1,2,rallied,10.58686649799347
filler,9,,,,,-1,3,outside,5.178785800933838
filler,9,,,,,-1,4,the,0.7308574914932251
filler,9,,,,,-1,5,state,8.110933303833008
filler,9,,,,,-1,6,capital,2.216787576675415
filler,9,,,,,-1,7,to,4.27155351638794
filler,9,,,,,-1,8,petition,8.829463005065918
filler,9,,,,,-1,9,the,1.1460373401641846
filler,9,,,,,-1,10,widely,19.33329391479492
filler,9,,,,,-1,11,controversial,7.415385723114014
filler,9,,,,,-1,12,bill.,9.837429761886597
filler,10,,,,,-1,0,The,65.7948226928711
filler,10,,,,,-1,1,small,13.555116653442385
filler,10,,,,,-1,2,orange,11.408684730529783
filler,10,,,,,-1,3,kitten,17.374947547912598
filler,10,,,,,-1,4,climbed,15.976896286010742
filler,10,,,,,-1,5,up,2.239946126937866
filler,10,,,,,-1,6,the,2.0116190910339355
filler,10,,,,,-1,7,curtains,12.481284141540527
filler,10,,,,,-1,8,behind,8.11181354522705
filler,10,,,,,-1,9,the,0.4625535309314728
filler,10,,,,,-1,10,couch,9.109390258789062
filler,10,,,,,-1,11,when,8.392621040344238
filler,10,,,,,-1,12,the,2.253418445587158
filler,10,,,,,-1,13,vacuum,11.98500633239746
filler,10,,,,,-1,14,turned,10.99817180633545
filler,10,,,,,-1,15,on.,4.898682355880737
filler,11,,,,,-1,0,The,65.7948226928711
filler,11,,,,,-1,1,captain,22.70747756958008
filler,11,,,,,-1,2,made,9.098118782043455
filler,11,,,,,-1,3,sure,6.062154293060303
filler,11,,,,,-1,4,the,2.7668678760528564
filler,11,,,,,-1,5,sailors,10.503830909729004
filler,11,,,,,-1,6,fixed,13.842968940734863
filler,11,,,,,-1,7,the,1.2774156332015991
filler,11,,,,,-1,8,rudder,10.937150359153748
filler,11,,,,,-1,9,before,5.769459247589111
filler,11,,,,,-1,10,setting,6.685760974884033
filler,11,,,,,-1,11,sail.,5.594757914543152
filler,12,,,,,-1,0,The,65.7948226928711
filler,12,,,,,-1,1,student,10.63727855682373
filler,12,,,,,-1,2,felt,13.475162506103516
filler,12,,,,,-1,3,that,2.1807730197906494
filler,12,,,,,-1,4,he,2.5548312664031982
filler,12,,,,,-1,5,hadn't,9.509908139705658
filler,12,,,,,-1,6,prepared,9.530381202697754
filler,12,,,,,-1,7,sufficiently,8.469405174255371
filler,12,,,,,-1,8,after,9.20783519744873
filler,12,,,,,-1,9,he,5.587449550628662
filler,12,,,,,-1,10,finished,4.0386481285095215
filler,12,,,,,-1,11,the,2.0188395977020264
filler,12,,,,,-1,12,midterm.,18.57135272026062
filler,13,,,,,-1,0,The,65.7948226928711
filler,13,,,,,-1,1,boys,22.72288703918457
filler,13,,,,,-1,2,rode,20.920486450195312
filler,13,,,,,-1,3,their,4.240470409393311
filler,13,,,,,-1,4,bikes,3.7964963912963863
filler,13,,,,,-1,5,past,8.894270896911621
filler,13,,,,,-1,6,the,1.132124662399292
filler,13,,,,,-1,7,yellow,10.25428295135498
filler,13,,,,,-1,8,wall,7.689853191375732
filler,13,,,,,-1,9,that,5.642395973205566
filler,13,,,,,-1,10,stood,5.649352073669434
filler,13,,,,,-1,11,in,3.1658456325531006
filler,13,,,,,-1,12,front,2.678900718688965
filler,13,,,,,-1,13,of,0.0299387406557798
filler,13,,,,,-1,14,the,0.546470046043396
filler,13,,,,,-1,15,old,8.565385818481445
filler,13,,,,,-1,16,factory.,9.61324143409729
filler,14,,,,,-1,0,The,65.7948226928711
filler,14,,,,,-1,1,desert,24.381317138671875
filler,14,,,,,-1,2,bandits,24.740933895111084
filler,14,,,,,-1,3,joked,17.227631092071533
filler,14,,,,,-1,4,that,2.7296204566955566
filler,14,,,,,-1,5,the,2.6137399673461914
filler,14,,,,,-1,6,oasis,13.715905666351318
filler,14,,,,,-1,7,in,6.479183673858643
filler,14,,,,,-1,8,the,0.9211446046829224
filler,14,,,,,-1,9,horizon,12.78489875793457
filler,14,,,,,-1,10,was,1.364414095878601
filler,14,,,,,-1,11,all,7.422165870666504
filler,14,,,,,-1,12,but,4.369030952453613
filler,14,,,,,-1,13,a,4.820841312408447
filler,14,,,,,-1,14,wild,10.280346870422363
filler,14,,,,,-1,15,fantasy.,10.928168654441832
filler,15,,,,,-1,0,The,65.7948226928711
filler,15,,,,,-1,1,carpenter,28.03261137008667
filler,15,,,,,-1,2,told,11.416434288024902
filler,15,,,,,-1,3,all,9.27510929107666
filler,15,,,,,-1,4,the,1.622327446937561
filler,15,,,,,-1,5,disappointed,17.452436447143555
filler,15,,,,,-1,6,applicants,9.741449356079102
filler,15,,,,,-1,7,that,2.0702638626098637
filler,15,,,,,-1,8,he,2.371324300765991
filler,15,,,,,-1,9,was,2.6360180377960205
filler,15,,,,,-1,10,not,2.9841878414154053
filler,15,,,,,-1,11,taking,8.364091873168945
filler,15,,,,,-1,12,any,3.264995574951172
filler,15,,,,,-1,13,new,7.251779079437256
filler,15,,,,,-1,14,apprentices.,13.054435245867351
filler,16,,,,,-1,0,The,65.7948226928711
filler,16,,,,,-1,1,California,22.392637252807617
filler,16,,,,,-1,2,judges,23.194246292114254
filler,16,,,,,-1,3,requested,13.129898071289062
filler,16,,,,,-1,4,the,2.320692539215088
filler,16,,,,,-1,5,opinions,10.317330360412598
filler,16,,,,,-1,6,of,0.6417456865310669
filler,16,,,,,-1,7,various,8.990955352783203
filler,16,,,,,-1,8,industry,13.303719520568848
filler,16,,,,,-1,9,leaders.,9.101112842559814
filler,17,,,,,-1,0,The,65.7948226928711
filler,17,,,,,-1,1,dance,15.777143478393556
filler,17,,,,,-1,2,troupe,11.145004272460938
filler,17,,,,,-1,3,forgot,19.810287475585938
filler,17,,,,,-1,4,most,9.22773551940918
filler,17,,,,,-1,5,of,0.2241883277893066
filler,17,,,,,-1,6,the,0.9417494535446168
filler,17,,,,,-1,7,steps,8.551560401916504
filler,17,,,,,-1,8,when,7.215324401855469
filler,17,,,,,-1,9,they,4.116929054260254
filler,17,,,,,-1,10,performed,6.547162055969238
filler,17,,,,,-1,11,for,6.369819164276123
filler,17,,,,,-1,12,the,1.3799117803573608
filler,17,,,,,-1,13,prime,16.098060607910156
filler,17,,,,,-1,14,minister.,8.887931108474731
filler,18,,,,,-1,0,There,65.41905975341797
filler,18,,,,,-1,1,were,6.460471630096436
filler,18,,,,,-1,2,several,4.362338542938232
filler,18,,,,,-1,3,noblemen,26.116443157196045
filler,18,,,,,-1,4,who,1.9994674921035769
filler,18,,,,,-1,5,kept,10.337406158447266
filler,18,,,,,-1,6,insisting,8.181905746459961
filler,18,,,,,-1,7,that,1.0532273054122925
filler,18,,,,,-1,8,the,2.23783278465271
filler,18,,,,,-1,9,croutons,33.78683590888977
filler,18,,,,,-1,10,were,1.272924780845642
filler,18,,,,,-1,11,too,6.166323661804199
filler,18,,,,,-1,12,soft.,7.872303605079651
filler,19,,,,,-1,0,The,65.7948226928711
filler,19,,,,,-1,1,priest,16.561317443847656
filler,19,,,,,-1,2,checked,18.03536033630371
filler,19,,,,,-1,3,twice,10.298662185668944
filler,19,,,,,-1,4,that,6.664275646209717
filler,19,,,,,-1,5,he,3.08650803565979
filler,19,,,,,-1,6,had,2.611802816390991
filler,19,,,,,-1,7,all,8.580970764160156
filler,19,,,,,-1,8,the,1.0902104377746582
filler,19,,,,,-1,9,supplies,9.317288398742676
filler,19,,,,,-1,10,ready,5.538843154907227
filler,19,,,,,-1,11,for,3.4563393592834477
filler,19,,,,,-1,12,the,1.2796169519424438
filler,19,,,,,-1,13,event,6.572345733642578
filler,19,,,,,-1,14,on,7.824753761291504
filler,19,,,,,-1,15,Sunday.,7.481690883636475
filler,20,,,,,-1,0,The,65.7948226928711
filler,20,,,,,-1,1,jeweler,20.517547339200974
filler,20,,,,,-1,2,showed,11.274489402770996
filler,20,,,,,-1,3,off,7.657008647918701
filler,20,,,,,-1,4,his,3.37251091003418
filler,20,,,,,-1,5,collection,6.67915678024292
filler,20,,,,,-1,6,of,0.9675496220588684
filler,20,,,,,-1,7,rare,6.161568641662598
filler,20,,,,,-1,8,and,4.103720664978027
filler,20,,,,,-1,9,precious,4.285994529724121
filler,20,,,,,-1,10,stones,3.3946127891540527
filler,20,,,,,-1,11,at,5.137839794158936
filler,20,,,,,-1,12,the,1.0853673219680786
filler,20,,,,,-1,13,convention.,13.886556267738342
filler,21,,,,,-1,0,The,65.7948226928711
filler,21,,,,,-1,1,serious,25.571382522583008
filler,21,,,,,-1,2,man,11.461254119873049
filler,21,,,,,-1,3,shifted,19.65002822875977
filler,21,,,,,-1,4,his,1.8783036470413208
filler,21,,,,,-1,5,glasses,10.653700828552246
filler,21,,,,,-1,6,to,2.2838854789733887
filler,21,,,,,-1,7,indicate,8.242839813232422
filler,21,,,,,-1,8,the,2.113234758377075
filler,21,,,,,-1,9,prisoners,14.586858749389648
filler,21,,,,,-1,10,would,5.920121669769287
filler,21,,,,,-1,11,be,1.5840234756469729
filler,21,,,,,-1,12,set,9.473761558532717
filler,21,,,,,-1,13,free.,2.714651107788086
filler,22,,,,,-1,0,The,65.7948226928711
filler,22,,,,,-1,1,doctor,19.957693099975582
filler,22,,,,,-1,2,made,7.411643028259277
filler,22,,,,,-1,3,the,2.621577024459839
filler,22,,,,,-1,4,nurse,12.45152187347412
filler,22,,,,,-1,5,administer,8.599198341369629
filler,22,,,,,-1,6,the,1.2716920375823977
filler,22,,,,,-1,7,shot,10.30482578277588
filler,22,,,,,-1,8,because,10.93327522277832
filler,22,,,,,-1,9,he,2.8970134258270264
filler,22,,,,,-1,10,didn't,4.977579817175865
filler,22,,,,,-1,11,like,4.032308101654053
filler,22,,,,,-1,12,to,3.705095052719116
filler,22,,,,,-1,13,give,5.464436531066895
filler,22,,,,,-1,14,shots,10.080902099609377
filler,22,,,,,-1,15,to,1.5459836721420288
filler,22,,,,,-1,16,children.,8.188949584960938
filler,23,,,,,-1,0,The,65.7948226928711
filler,23,,,,,-1,1,football,19.33426284790039
filler,23,,,,,-1,2,player,8.110448837280273
filler,23,,,,,-1,3,performed,11.84816837310791
filler,23,,,,,-1,4,a,3.5564582347869877
filler,23,,,,,-1,5,humorous,21.171091556549072
filler,23,,,,,-1,6,victory,6.849015235900879
filler,23,,,,,-1,7,dance,9.073904037475586
filler,23,,,,,-1,8,at,4.464482307434082
filler,23,,,,,-1,9,the,0.5061408281326294
filler,23,,,,,-1,10,end,1.674808382987976
filler,23,,,,,-1,11,zone.,14.263431549072266
filler,24,,,,,-1,0,The,65.7948226928711
filler,24,,,,,-1,1,journalists,18.38872528076172
filler,24,,,,,-1,2,were,4.03054666519165
filler,24,,,,,-1,3,riled,17.93017888069153
filler,24,,,,,-1,4,up,1.1577486991882324
filler,24,,,,,-1,5,to,6.539589405059815
filler,24,,,,,-1,6,hear,7.4459404945373535
filler,24,,,,,-1,7,that,3.9778900146484375
filler,24,,,,,-1,8,the,3.0360524654388428
filler,24,,,,,-1,9,famous,13.433953285217283
filler,24,,,,,-1,10,British,8.97607421875
filler,24,,,,,-1,11,actor,5.958249568939209
filler,24,,,,,-1,12,threw,15.588132858276367
filler,24,,,,,-1,13,a,2.047985792160034
filler,24,,,,,-1,14,fit,4.9658684730529785
filler,24,,,,,-1,15,on,4.74854850769043
filler,24,,,,,-1,16,the,1.538851261138916
filler,24,,,,,-1,17,set.,11.296238899230955
filler,25,,,,,-1,0,The,65.7948226928711
filler,25,,,,,-1,1,salesman,32.98976182937622
filler,25,,,,,-1,2,made,7.490936756134033
filler,25,,,,,-1,3,sure,5.98968505859375
filler,25,,,,,-1,4,that,1.1884799003601074
filler,25,,,,,-1,5,there,5.649616241455078
filler,25,,,,,-1,6,were,2.5797507762908936
filler,25,,,,,-1,7,people,7.30531644821167
filler,25,,,,,-1,8,all,8.731369018554688
filler,25,,,,,-1,9,around,1.905953049659729
filler,25,,,,,-1,10,to,5.936676025390625
filler,25,,,,,-1,11,witness,6.863368034362793
filler,25,,,,,-1,12,his,4.0420823097229
filler,25,,,,,-1,13,biggest,11.983068466186523
filler,25,,,,,-1,14,sale.,6.564332842826843
filler,26,,,,,-1,0,The,65.7948226928711
filler,26,,,,,-1,1,guides,18.36222076416016
filler,26,,,,,-1,2,were,4.182441711425781
filler,26,,,,,-1,3,in,9.03269386291504
filler,26,,,,,-1,4,the,1.86333429813385
filler,26,,,,,-1,5,process,7.1472578048706055
filler,26,,,,,-1,6,of,0.3634034693241119
filler,26,,,,,-1,7,explaining,10.211311340332031
filler,26,,,,,-1,8,the,1.0923237800598145
filler,26,,,,,-1,9,delay,13.756851196289062
filler,26,,,,,-1,10,when,8.216510772705078
filler,26,,,,,-1,11,the,1.4436635971069336
filler,26,,,,,-1,12,boat,12.189558029174805
filler,26,,,,,-1,13,started,5.111775875091553
filler,26,,,,,-1,14,to,1.175535798072815
filler,26,,,,,-1,15,move,2.2754323482513428
filler,26,,,,,-1,16,again.,11.217957496643066
filler,27,,,,,-1,0,The,65.7948226928711
filler,27,,,,,-1,1,detective's,25.209519386291504
filler,27,,,,,-1,2,computer,7.879964351654053
filler,27,,,,,-1,3,crashed,6.792131423950195
filler,27,,,,,-1,4,and,3.0100760459899902
filler,27,,,,,-1,5,all,6.253410339355469
filler,27,,,,,-1,6,the,1.8038090467453003
filler,27,,,,,-1,7,important,9.021158218383787
filler,27,,,,,-1,8,documents,7.896518707275391
filler,27,,,,,-1,9,were,1.4097623825073242
filler,27,,,,,-1,10,lost.,3.706063747406006
filler,28,,,,,-1,0,The,65.7948226928711
filler,28,,,,,-1,1,chiefs,20.79914665222168
filler,28,,,,,-1,2,perform,11.35567569732666
filler,28,,,,,-1,3,a,3.492706298828125
filler,28,,,,,-1,4,ceremony,4.659436702728272
filler,28,,,,,-1,5,for,5.400244235992432
filler,28,,,,,-1,6,each,6.620423793792725
filler,28,,,,,-1,7,family's,15.328898429870604
filler,28,,,,,-1,8,oldest,11.962552070617676
filler,28,,,,,-1,9,child,2.1785717010498047
filler,28,,,,,-1,10,every,8.73304271697998
filler,28,,,,,-1,11,time,5.887365341186523
filler,28,,,,,-1,12,there,5.174999237060547
filler,28,,,,,-1,13,is,0.5814279317855835
filler,28,,,,,-1,14,a,0.3848889172077179
filler,28,,,,,-1,15,full,8.846193313598633
filler,28,,,,,-1,16,moon.,4.954509139060974
filler,29,,,,,-1,0,The,65.7948226928711
filler,29,,,,,-1,1,saleslady,55.17679023742676
filler,29,,,,,-1,2,found,12.727222442626951
filler,29,,,,,-1,3,herself,4.718521595001221
filler,29,,,,,-1,4,surrounded,8.788076400756836
filler,29,,,,,-1,5,by,0.1201071813702583
filler,29,,,,,-1,6,angry,9.270002365112305
filler,29,,,,,-1,7,shoppers,7.692494869232178
filler,29,,,,,-1,8,who,3.391178607940674
filler,29,,,,,-1,9,wanted,4.749781131744385
filler,29,,,,,-1,10,their,7.184945106506348
filler,29,,,,,-1,11,money,1.8957386016845703
filler,29,,,,,-1,12,back.,2.062779188156128
filler,30,,,,,-1,0,The,65.7948226928711
filler,30,,,,,-1,1,scientist,15.812057495117188
filler,30,,,,,-1,2,forgot,19.286359786987305
filler,30,,,,,-1,3,to,1.4095863103866575
filler,30,,,,,-1,4,make,5.635439395904541
filler,30,,,,,-1,5,sure,1.4477142095565796
filler,30,,,,,-1,6,that,0.8048237562179565
filler,30,,,,,-1,7,the,1.3274308443069458
filler,30,,,,,-1,8,temperature,6.751538276672363
filler,30,,,,,-1,9,was,1.8043373823165891
filler,30,,,,,-1,10,set,3.0391342639923096
filler,30,,,,,-1,11,to,0.6985412240028381
filler,30,,,,,-1,12,zero,1.905248522758484
filler,30,,,,,-1,13,degrees.,15.866827726364136
filler,31,,,,,-1,0,The,65.7948226928711
filler,31,,,,,-1,1,candy,22.610441207885746
filler,31,,,,,-1,2,shop,9.72031593322754
filler,31,,,,,-1,3,was,4.361898422241211
filler,31,,,,,-1,4,small,12.510430335998535
filler,31,,,,,-1,5,but,3.803452730178833
filler,31,,,,,-1,6,tidy,9.80634593963623
filler,31,,,,,-1,7,and,1.5334798097610474
filler,31,,,,,-1,8,smelled,9.72744846343994
filler,31,,,,,-1,9,deliciously,11.610419273376465
filler,31,,,,,-1,10,of,2.7296204566955566
filler,31,,,,,-1,11,chocolate.,5.428773999214172
filler,32,,,,,-1,0,The,65.7948226928711
filler,32,,,,,-1,1,virus,14.003141403198242
filler,32,,,,,-1,2,caused,10.817482948303224
filler,32,,,,,-1,3,an,4.376163005828857
filler,32,,,,,-1,4,unusual,7.265163421630859
filler,32,,,,,-1,5,amount,8.420358657836914
filler,32,,,,,-1,6,of,0.0071324645541608
filler,32,,,,,-1,7,workers,15.52499771118164
filler,32,,,,,-1,8,at,7.322663307189941
filler,32,,,,,-1,9,the,1.1554592847824097
filler,32,,,,,-1,10,city,8.305710792541504
filler,32,,,,,-1,11,hall,6.257108688354492
filler,32,,,,,-1,12,to,1.7501834630966189
filler,32,,,,,-1,13,call,8.108731269836426
filler,32,,,,,-1,14,in,5.752376556396484
filler,32,,,,,-1,15,sick.,3.71213960647583
filler,33,,,,,-1,0,The,65.7948226928711
filler,33,,,,,-1,1,furious,15.126372337341309
filler,33,,,,,-1,2,man,7.781783103942871
filler,33,,,,,-1,3,standing,7.5712432861328125
filler,33,,,,,-1,4,at,3.8872811794281006
filler,33,,,,,-1,5,the,0.3693031668663025
filler,33,,,,,-1,6,mayor's,17.14574059844017
filler,33,,,,,-1,7,door,3.205206155776977
filler,33,,,,,-1,8,was,3.598372459411621
filler,33,,,,,-1,9,angry,8.298930168151855
filler,33,,,,,-1,10,about,6.942617416381836
filler,33,,,,,-1,11,the,1.5191268920898438
filler,33,,,,,-1,12,high,10.9705228805542
filler,33,,,,,-1,13,cost,4.288636207580566
filler,33,,,,,-1,14,of,0.2527181804180145
filler,33,,,,,-1,15,electricity.,8.090680360794067
filler,34,,,,,-1,0,The,65.7948226928711
filler,34,,,,,-1,1,bartender,26.38708066940308
filler,34,,,,,-1,2,tried,12.371567726135254
filler,34,,,,,-1,3,several,7.094512939453125
filler,34,,,,,-1,4,times,3.4603018760681152
filler,34,,,,,-1,5,to,1.1776491403579712
filler,34,,,,,-1,6,get,2.90458607673645
filler,34,,,,,-1,7,the,1.7938588857650757
filler,34,,,,,-1,8,woman,9.940101623535156
filler,34,,,,,-1,9,to,0.9051185250282288
filler,34,,,,,-1,10,order,9.870274543762209
filler,34,,,,,-1,11,from,7.560148239135742
filler,34,,,,,-1,12,the,1.345218062400818
filler,34,,,,,-1,13,secret,12.430741310119627
filler,34,,,,,-1,14,menu.,7.463375568389893
filler,35,,,,,-1,0,The,65.7948226928711
filler,35,,,,,-1,1,seamstress,26.11027956008911
filler,35,,,,,-1,2,fretted,21.66772329807281
filler,35,,,,,-1,3,over,9.548696517944336
filler,35,,,,,-1,4,whether,12.203558921813965
filler,35,,,,,-1,5,the,2.3423540592193604
filler,35,,,,,-1,6,dress,9.15605926513672
filler,35,,,,,-1,7,would,3.1808149814605717
filler,35,,,,,-1,8,be,1.7991421222686768
filler,35,,,,,-1,9,finished,5.78451681137085
filler,35,,,,,-1,10,in,5.068188190460205
filler,35,,,,,-1,11,time.,6.0990495681762695
