item_category,item,ambiguity,length,resolution,finality,critical_word_index,word_index,word,surprisal
critical,1,ambiguous,short,,final,6,0,As,18.614870071411133
critical,1,ambiguous,short,,final,6,1,the,3.726266860961914
critical,1,ambiguous,short,,final,6,2,professor,10.481715202331545
critical,1,ambiguous,short,,final,6,3,wrote,6.736709117889404
critical,1,ambiguous,short,,final,6,4,the,5.075433731079102
critical,1,ambiguous,short,,final,6,5,textbook,7.55967903137207
critical,1,ambiguous,short,,final,6,6,grew.,22.05019521713257
critical,1,ambiguous,short,,nonfinal,6,0,As,18.614870071411133
critical,1,ambiguous,short,,nonfinal,6,1,the,3.726266860961914
critical,1,ambiguous,short,,nonfinal,6,2,professor,10.481715202331545
critical,1,ambiguous,short,,nonfinal,6,3,wrote,6.736709117889404
critical,1,ambiguous,short,,nonfinal,6,4,the,5.075433731079102
critical,1,ambiguous,short,,nonfinal,6,5,textbook,7.55967903137207
critical,1,ambiguous,short,,nonfinal,6,6,grew,17.013673782348633
critical,1,ambiguous,short,,nonfinal,6,7,much,7.879309177398682
critical,1,ambiguous,short,,nonfinal,6,8,longer,4.938012599945068
critical,1,ambiguous,short,,nonfinal,6,9,than,1.769550085067749
critical,1,ambiguous,short,,nonfinal,6,10,expected.,4.4409496784210205
critical,1,ambiguous,long,,final,8,0,As,18.614870071411133
critical,1,ambiguous,long,,final,8,1,the,3.726266860961914
critical,1,ambiguous,long,,final,8,2,professor,10.481715202331545
critical,1,ambiguous,long,,final,8,3,wrote,6.736709117889404
critical,1,ambiguous,long,,final,8,4,the,5.075433731079102
critical,1,ambiguous,long,,final,8,5,textbook,7.55967903137207
critical,1,ambiguous,long,,final,8,6,on,5.487736701965332
critical,1,ambiguous,long,,final,8,7,biology,10.51075839996338
critical,1,ambiguous,long,,final,8,8,grew.,23.018978595733643
critical,1,ambiguous,long,,nonfinal,8,0,As,18.614870071411133
critical,1,ambiguous,long,,nonfinal,8,1,the,3.726266860961914
critical,1,ambiguous,long,,nonfinal,8,2,professor,10.481715202331545
critical,1,ambiguous,long,,nonfinal,8,3,wrote,6.736709117889404
critical,1,ambiguous,long,,nonfinal,8,4,the,5.075433731079102
critical,1,ambiguous,long,,nonfinal,8,5,textbook,7.55967903137207
critical,1,ambiguous,long,,nonfinal,8,6,on,5.487733840942383
critical,1,ambiguous,long,,nonfinal,8,7,biology,10.51075839996338
critical,1,ambiguous,long,,nonfinal,8,8,grew,16.46958351135254
critical,1,ambiguous,long,,nonfinal,8,9,much,8.499650955200195
critical,1,ambiguous,long,,nonfinal,8,10,longer,7.134279251098633
critical,1,ambiguous,long,,nonfinal,8,11,than,1.197057008743286
critical,1,ambiguous,long,,nonfinal,8,12,expected.,4.931548833847046
critical,1,unambiguous,short,comma,final,6,0,As,18.614870071411133
critical,1,unambiguous,short,comma,final,6,1,the,3.726266860961914
critical,1,unambiguous,short,comma,final,6,2,professor,10.481715202331545
critical,1,unambiguous,short,comma,final,6,3,"wrote,",8.386848211288452
critical,1,unambiguous,short,comma,final,6,4,the,2.467425346374512
critical,1,unambiguous,short,comma,final,6,5,textbook,9.72890567779541
critical,1,unambiguous,short,comma,final,6,6,grew.,22.278366565704346
critical,1,unambiguous,short,comma,nonfinal,6,0,As,18.614870071411133
critical,1,unambiguous,short,comma,nonfinal,6,1,the,3.726266860961914
critical,1,unambiguous,short,comma,nonfinal,6,2,professor,10.481715202331545
critical,1,unambiguous,short,comma,nonfinal,6,3,"wrote,",8.386848211288452
critical,1,unambiguous,short,comma,nonfinal,6,4,the,2.467425346374512
critical,1,unambiguous,short,comma,nonfinal,6,5,textbook,9.72890567779541
critical,1,unambiguous,short,comma,nonfinal,6,6,grew,15.239514350891112
critical,1,unambiguous,short,comma,nonfinal,6,7,much,7.635556221008301
critical,1,unambiguous,short,comma,nonfinal,6,8,longer,5.890015125274658
critical,1,unambiguous,short,comma,nonfinal,6,9,than,1.2143763303756714
critical,1,unambiguous,short,comma,nonfinal,6,10,expected.,5.120435357093811
critical,1,unambiguous,long,comma,final,8,0,As,18.614870071411133
critical,1,unambiguous,long,comma,final,8,1,the,3.726266860961914
critical,1,unambiguous,long,comma,final,8,2,professor,10.481715202331545
critical,1,unambiguous,long,comma,final,8,3,"wrote,",8.386848211288452
critical,1,unambiguous,long,comma,final,8,4,the,2.467425346374512
critical,1,unambiguous,long,comma,final,8,5,textbook,9.72890567779541
critical,1,unambiguous,long,comma,final,8,6,on,7.186911582946777
critical,1,unambiguous,long,comma,final,8,7,biology,12.028858184814451
critical,1,unambiguous,long,comma,final,8,8,grew.,20.85620355606079
critical,1,unambiguous,long,comma,nonfinal,8,0,As,18.614870071411133
critical,1,unambiguous,long,comma,nonfinal,8,1,the,3.726266860961914
critical,1,unambiguous,long,comma,nonfinal,8,2,professor,10.481715202331545
critical,1,unambiguous,long,comma,nonfinal,8,3,"wrote,",8.386848211288452
critical,1,unambiguous,long,comma,nonfinal,8,4,the,2.467425346374512
critical,1,unambiguous,long,comma,nonfinal,8,5,textbook,9.72890567779541
critical,1,unambiguous,long,comma,nonfinal,8,6,on,7.186911582946777
critical,1,unambiguous,long,comma,nonfinal,8,7,biology,12.028858184814451
critical,1,unambiguous,long,comma,nonfinal,8,8,grew,14.12025260925293
critical,1,unambiguous,long,comma,nonfinal,8,9,much,8.226919174194336
critical,1,unambiguous,long,comma,nonfinal,8,10,longer,6.863497257232666
critical,1,unambiguous,long,comma,nonfinal,8,11,than,0.9043810963630676
critical,1,unambiguous,long,comma,nonfinal,8,12,expected.,5.656644344329834
critical,1,unambiguous,short,object,final,9,0,As,18.614870071411133
critical,1,unambiguous,short,object,final,9,1,the,3.726266860961914
critical,1,unambiguous,short,object,final,9,2,professor,10.481715202331545
critical,1,unambiguous,short,object,final,9,3,wrote,6.736709117889404
critical,1,unambiguous,short,object,final,9,4,the,5.075433731079102
critical,1,unambiguous,short,object,final,9,5,new,9.03323745727539
critical,1,unambiguous,short,object,final,9,6,chapter,6.071364402770996
critical,1,unambiguous,short,object,final,9,7,the,6.312737464904785
critical,1,unambiguous,short,object,final,9,8,textbook,9.07086181640625
critical,1,unambiguous,short,object,final,9,9,grew.,16.034951210021973
critical,1,unambiguous,short,object,nonfinal,9,0,As,18.614870071411133
critical,1,unambiguous,short,object,nonfinal,9,1,the,3.726266860961914
critical,1,unambiguous,short,object,nonfinal,9,2,professor,10.481715202331545
critical,1,unambiguous,short,object,nonfinal,9,3,wrote,6.736709117889404
critical,1,unambiguous,short,object,nonfinal,9,4,the,5.075433731079102
critical,1,unambiguous,short,object,nonfinal,9,5,new,9.03323745727539
critical,1,unambiguous,short,object,nonfinal,9,6,chapter,6.071364402770996
critical,1,unambiguous,short,object,nonfinal,9,7,the,6.312737464904785
critical,1,unambiguous,short,object,nonfinal,9,8,textbook,9.07086181640625
critical,1,unambiguous,short,object,nonfinal,9,9,grew,10.808860778808594
critical,1,unambiguous,short,object,nonfinal,9,10,much,6.232282638549805
critical,1,unambiguous,short,object,nonfinal,9,11,longer,3.498564481735229
critical,1,unambiguous,short,object,nonfinal,9,12,than,2.122849225997925
critical,1,unambiguous,short,object,nonfinal,9,13,expected.,5.265679478645325
critical,1,unambiguous,long,object,final,11,0,As,18.614870071411133
critical,1,unambiguous,long,object,final,11,1,the,3.726266860961914
critical,1,unambiguous,long,object,final,11,2,professor,10.481715202331545
critical,1,unambiguous,long,object,final,11,3,wrote,6.736709117889404
critical,1,unambiguous,long,object,final,11,4,the,5.075433731079102
critical,1,unambiguous,long,object,final,11,5,new,9.03323745727539
critical,1,unambiguous,long,object,final,11,6,chapter,6.071364402770996
critical,1,unambiguous,long,object,final,11,7,the,6.312737464904785
critical,1,unambiguous,long,object,final,11,8,textbook,9.07086181640625
critical,1,unambiguous,long,object,final,11,9,on,8.073490142822266
critical,1,unambiguous,long,object,final,11,10,biology,10.719478607177734
critical,1,unambiguous,long,object,final,11,11,grew.,15.32974624633789
critical,1,unambiguous,long,object,nonfinal,11,0,As,18.614870071411133
critical,1,unambiguous,long,object,nonfinal,11,1,the,3.726266860961914
critical,1,unambiguous,long,object,nonfinal,11,2,professor,10.481715202331545
critical,1,unambiguous,long,object,nonfinal,11,3,wrote,6.736709117889404
critical,1,unambiguous,long,object,nonfinal,11,4,the,5.075433731079102
critical,1,unambiguous,long,object,nonfinal,11,5,new,9.03323745727539
critical,1,unambiguous,long,object,nonfinal,11,6,chapter,6.071364402770996
critical,1,unambiguous,long,object,nonfinal,11,7,the,6.312737464904785
critical,1,unambiguous,long,object,nonfinal,11,8,textbook,9.07086181640625
critical,1,unambiguous,long,object,nonfinal,11,9,on,8.073490142822266
critical,1,unambiguous,long,object,nonfinal,11,10,biology,10.719478607177734
critical,1,unambiguous,long,object,nonfinal,11,11,grew,10.232271194458008
critical,1,unambiguous,long,object,nonfinal,11,12,much,6.35018253326416
critical,1,unambiguous,long,object,nonfinal,11,13,longer,3.650800943374634
critical,1,unambiguous,long,object,nonfinal,11,14,than,1.8929290771484373
critical,1,unambiguous,long,object,nonfinal,11,15,expected.,5.987092852592468
critical,2,ambiguous,short,,final,6,0,While,18.67967414855957
critical,2,ambiguous,short,,final,6,1,the,7.724239349365234
critical,2,ambiguous,short,,final,6,2,mom,14.497159957885742
critical,2,ambiguous,short,,final,6,3,dressed,18.04695701599121
critical,2,ambiguous,short,,final,6,4,the,4.142855644226074
critical,2,ambiguous,short,,final,6,5,baby,3.4229748249053955
critical,2,ambiguous,short,,final,6,6,cried.,23.33124542236328
critical,2,ambiguous,short,,nonfinal,6,0,While,18.67967414855957
critical,2,ambiguous,short,,nonfinal,6,1,the,7.724239349365234
critical,2,ambiguous,short,,nonfinal,6,2,mom,14.497159957885742
critical,2,ambiguous,short,,nonfinal,6,3,dressed,18.04695701599121
critical,2,ambiguous,short,,nonfinal,6,4,the,4.142855644226074
critical,2,ambiguous,short,,nonfinal,6,5,baby,3.4229748249053955
critical,2,ambiguous,short,,nonfinal,6,6,cried,19.12409019470215
critical,2,ambiguous,short,,nonfinal,6,7,loudly,5.864978313446045
critical,2,ambiguous,short,,nonfinal,6,8,in,5.41255521774292
critical,2,ambiguous,short,,nonfinal,6,9,her,2.528510808944702
critical,2,ambiguous,short,,nonfinal,6,10,crib.,9.04698610305786
critical,2,ambiguous,long,,final,8,0,While,18.67967414855957
critical,2,ambiguous,long,,final,8,1,the,7.724239349365234
critical,2,ambiguous,long,,final,8,2,mom,14.497159957885742
critical,2,ambiguous,long,,final,8,3,dressed,18.04695701599121
critical,2,ambiguous,long,,final,8,4,the,4.142855644226074
critical,2,ambiguous,long,,final,8,5,baby,3.4229748249053955
critical,2,ambiguous,long,,final,8,6,fidgeting,21.030128717422485
critical,2,ambiguous,long,,final,8,7,restlessly,13.771494388580322
critical,2,ambiguous,long,,final,8,8,cried.,24.17118215560913
critical,2,ambiguous,long,,nonfinal,8,0,While,18.67967414855957
critical,2,ambiguous,long,,nonfinal,8,1,the,7.724239349365234
critical,2,ambiguous,long,,nonfinal,8,2,mom,14.497159957885742
critical,2,ambiguous,long,,nonfinal,8,3,dressed,18.04695701599121
critical,2,ambiguous,long,,nonfinal,8,4,the,4.142855644226074
critical,2,ambiguous,long,,nonfinal,8,5,baby,3.4229748249053955
critical,2,ambiguous,long,,nonfinal,8,6,fidgeting,21.030128717422485
critical,2,ambiguous,long,,nonfinal,8,7,restlessly,13.771494388580322
critical,2,ambiguous,long,,nonfinal,8,8,cried,19.442102432250977
critical,2,ambiguous,long,,nonfinal,8,9,loudly,5.797013759613037
critical,2,ambiguous,long,,nonfinal,8,10,in,4.953221321105957
critical,2,ambiguous,long,,nonfinal,8,11,her,1.8109828233718872
critical,2,ambiguous,long,,nonfinal,8,12,crib.,7.357006311416626
critical,2,unambiguous,short,comma,final,6,0,While,18.67967414855957
critical,2,unambiguous,short,comma,final,6,1,the,7.724239349365234
critical,2,unambiguous,short,comma,final,6,2,mom,14.497159957885742
critical,2,unambiguous,short,comma,final,6,3,"dressed,",25.51652240753174
critical,2,unambiguous,short,comma,final,6,4,the,2.4390358924865723
critical,2,unambiguous,short,comma,final,6,5,baby,3.3915555477142334
critical,2,unambiguous,short,comma,final,6,6,cried.,6.655981540679932
critical,2,unambiguous,short,comma,nonfinal,6,0,While,18.67967414855957
critical,2,unambiguous,short,comma,nonfinal,6,1,the,7.724239349365234
critical,2,unambiguous,short,comma,nonfinal,6,2,mom,14.497159957885742
critical,2,unambiguous,short,comma,nonfinal,6,3,"dressed,",25.51652240753174
critical,2,unambiguous,short,comma,nonfinal,6,4,the,2.439038753509521
critical,2,unambiguous,short,comma,nonfinal,6,5,baby,3.3915555477142334
critical,2,unambiguous,short,comma,nonfinal,6,6,cried,4.512199878692627
critical,2,unambiguous,short,comma,nonfinal,6,7,loudly,4.936933994293213
critical,2,unambiguous,short,comma,nonfinal,6,8,in,5.720654487609863
critical,2,unambiguous,short,comma,nonfinal,6,9,her,1.8341935873031616
critical,2,unambiguous,short,comma,nonfinal,6,10,crib.,4.865186929702759
critical,2,unambiguous,long,comma,final,8,0,While,18.67967414855957
critical,2,unambiguous,long,comma,final,8,1,the,7.724239349365234
critical,2,unambiguous,long,comma,final,8,2,mom,14.497159957885742
critical,2,unambiguous,long,comma,final,8,3,"dressed,",25.51652240753174
critical,2,unambiguous,long,comma,final,8,4,the,2.4390358924865723
critical,2,unambiguous,long,comma,final,8,5,baby,3.3915555477142334
critical,2,unambiguous,long,comma,final,8,6,fidgeting,18.52241802215576
critical,2,unambiguous,long,comma,final,8,7,restlessly,13.417884327471256
critical,2,unambiguous,long,comma,final,8,8,cried.,16.967755794525146
critical,2,unambiguous,long,comma,nonfinal,8,0,While,18.67967414855957
critical,2,unambiguous,long,comma,nonfinal,8,1,the,7.724239349365234
critical,2,unambiguous,long,comma,nonfinal,8,2,mom,14.497159957885742
critical,2,unambiguous,long,comma,nonfinal,8,3,"dressed,",25.51652240753174
critical,2,unambiguous,long,comma,nonfinal,8,4,the,2.4390358924865723
critical,2,unambiguous,long,comma,nonfinal,8,5,baby,3.3915555477142334
critical,2,unambiguous,long,comma,nonfinal,8,6,fidgeting,18.52241802215576
critical,2,unambiguous,long,comma,nonfinal,8,7,restlessly,13.417884327471256
critical,2,unambiguous,long,comma,nonfinal,8,8,cried,14.140702247619627
critical,2,unambiguous,long,comma,nonfinal,8,9,loudly,4.414054393768311
critical,2,unambiguous,long,comma,nonfinal,8,10,in,5.124053955078125
critical,2,unambiguous,long,comma,nonfinal,8,11,her,1.6686416864395142
critical,2,unambiguous,long,comma,nonfinal,8,12,crib.,3.7369710206985474
critical,2,unambiguous,short,object,final,7,0,While,18.67967414855957
critical,2,unambiguous,short,object,final,7,1,the,7.724239349365234
critical,2,unambiguous,short,object,final,7,2,mom,14.497159957885742
critical,2,unambiguous,short,object,final,7,3,dressed,18.04695701599121
critical,2,unambiguous,short,object,final,7,4,herself,3.770572423934937
critical,2,unambiguous,short,object,final,7,5,the,8.842976570129395
critical,2,unambiguous,short,object,final,7,6,baby,9.08531093597412
critical,2,unambiguous,short,object,final,7,7,cried.,13.391824960708618
critical,2,unambiguous,short,object,nonfinal,7,0,While,18.67967414855957
critical,2,unambiguous,short,object,nonfinal,7,1,the,7.724239349365234
critical,2,unambiguous,short,object,nonfinal,7,2,mom,14.497159957885742
critical,2,unambiguous,short,object,nonfinal,7,3,dressed,18.04695701599121
critical,2,unambiguous,short,object,nonfinal,7,4,herself,3.770572423934937
critical,2,unambiguous,short,object,nonfinal,7,5,the,8.842976570129395
critical,2,unambiguous,short,object,nonfinal,7,6,baby,9.085308074951172
critical,2,unambiguous,short,object,nonfinal,7,7,cried,9.866018295288086
critical,2,unambiguous,short,object,nonfinal,7,8,loudly,4.5905609130859375
critical,2,unambiguous,short,object,nonfinal,7,9,in,5.622009754180908
critical,2,unambiguous,short,object,nonfinal,7,10,her,1.9753129482269287
critical,2,unambiguous,short,object,nonfinal,7,11,crib.,8.182836771011353
critical,2,unambiguous,long,object,final,9,0,While,18.67967414855957
critical,2,unambiguous,long,object,final,9,1,the,7.724239349365234
critical,2,unambiguous,long,object,final,9,2,mom,14.497159957885742
critical,2,unambiguous,long,object,final,9,3,dressed,18.04695701599121
critical,2,unambiguous,long,object,final,9,4,herself,3.770572423934937
critical,2,unambiguous,long,object,final,9,5,the,8.842976570129395
critical,2,unambiguous,long,object,final,9,6,baby,9.085308074951172
critical,2,unambiguous,long,object,final,9,7,fidgeting,20.721111536026
critical,2,unambiguous,long,object,final,9,8,restlessly,13.301988333463669
critical,2,unambiguous,long,object,final,9,9,cried.,17.766757011413574
critical,2,unambiguous,long,object,nonfinal,9,0,While,18.67967414855957
critical,2,unambiguous,long,object,nonfinal,9,1,the,7.724239349365234
critical,2,unambiguous,long,object,nonfinal,9,2,mom,14.497159957885742
critical,2,unambiguous,long,object,nonfinal,9,3,dressed,18.04695701599121
critical,2,unambiguous,long,object,nonfinal,9,4,herself,3.770572423934937
critical,2,unambiguous,long,object,nonfinal,9,5,the,8.842976570129395
critical,2,unambiguous,long,object,nonfinal,9,6,baby,9.085308074951172
critical,2,unambiguous,long,object,nonfinal,9,7,fidgeting,20.721111536026
critical,2,unambiguous,long,object,nonfinal,9,8,restlessly,13.301988437771795
critical,2,unambiguous,long,object,nonfinal,9,9,cried,14.05062198638916
critical,2,unambiguous,long,object,nonfinal,9,10,loudly,4.344720840454102
critical,2,unambiguous,long,object,nonfinal,9,11,in,5.311816215515137
critical,2,unambiguous,long,object,nonfinal,9,12,her,1.6975045204162598
critical,2,unambiguous,long,object,nonfinal,9,13,crib.,6.315643072128296
critical,3,ambiguous,short,,final,7,0,When,16.867658615112305
critical,3,ambiguous,short,,final,7,1,the,2.8016717433929443
critical,3,ambiguous,short,,final,7,2,stern,13.582672119140623
critical,3,ambiguous,short,,final,7,3,boss,14.907659530639648
critical,3,ambiguous,short,,final,7,4,entered,13.853608131408691
critical,3,ambiguous,short,,final,7,5,the,0.3458337187767029
critical,3,ambiguous,short,,final,7,6,office,12.37415885925293
critical,3,ambiguous,short,,final,7,7,quieted.,31.51215362548828
critical,3,ambiguous,short,,nonfinal,7,0,When,16.867658615112305
critical,3,ambiguous,short,,nonfinal,7,1,the,2.8016717433929443
critical,3,ambiguous,short,,nonfinal,7,2,stern,13.582672119140623
critical,3,ambiguous,short,,nonfinal,7,3,boss,14.907659530639648
critical,3,ambiguous,short,,nonfinal,7,4,entered,13.853608131408691
critical,3,ambiguous,short,,nonfinal,7,5,the,0.3458337187767029
critical,3,ambiguous,short,,nonfinal,7,6,office,12.37415885925293
critical,3,ambiguous,short,,nonfinal,7,7,quieted,23.99643611907959
critical,3,ambiguous,short,,nonfinal,7,8,down,3.1606199741363525
critical,3,ambiguous,short,,nonfinal,7,9,quickly.,11.763939380645752
critical,3,ambiguous,long,,final,10,0,When,16.867658615112305
critical,3,ambiguous,long,,final,10,1,the,2.8016717433929443
critical,3,ambiguous,long,,final,10,2,stern,13.582672119140623
critical,3,ambiguous,long,,final,10,3,boss,14.907659530639648
critical,3,ambiguous,long,,final,10,4,entered,13.853608131408691
critical,3,ambiguous,long,,final,10,5,the,0.3458337187767029
critical,3,ambiguous,long,,final,10,6,office,12.37415885925293
critical,3,ambiguous,long,,final,10,7,bustling,18.206769943237305
critical,3,ambiguous,long,,final,10,8,with,0.6873747706413269
critical,3,ambiguous,long,,final,10,9,activity,4.6873555183410645
critical,3,ambiguous,long,,final,10,10,quieted.,29.62419867515564
critical,3,ambiguous,long,,nonfinal,10,0,When,16.867658615112305
critical,3,ambiguous,long,,nonfinal,10,1,the,2.8016717433929443
critical,3,ambiguous,long,,nonfinal,10,2,stern,13.582672119140623
critical,3,ambiguous,long,,nonfinal,10,3,boss,14.907662391662598
critical,3,ambiguous,long,,nonfinal,10,4,entered,13.853608131408691
critical,3,ambiguous,long,,nonfinal,10,5,the,0.3458337187767029
critical,3,ambiguous,long,,nonfinal,10,6,office,12.37415885925293
critical,3,ambiguous,long,,nonfinal,10,7,bustling,18.206769943237305
critical,3,ambiguous,long,,nonfinal,10,8,with,0.6873747706413269
critical,3,ambiguous,long,,nonfinal,10,9,activity,4.6873555183410645
critical,3,ambiguous,long,,nonfinal,10,10,quieted,22.931599855422974
critical,3,ambiguous,long,,nonfinal,10,11,down,0.4942781329154968
critical,3,ambiguous,long,,nonfinal,10,12,quickly.,10.887471675872805
critical,3,unambiguous,short,comma,final,7,0,When,16.867658615112305
critical,3,unambiguous,short,comma,final,7,1,the,2.8016717433929443
critical,3,unambiguous,short,comma,final,7,2,stern,13.582672119140623
critical,3,unambiguous,short,comma,final,7,3,boss,14.907659530639648
critical,3,unambiguous,short,comma,final,7,4,"entered,",19.06669950485229
critical,3,unambiguous,short,comma,final,7,5,the,1.3837531805038452
critical,3,unambiguous,short,comma,final,7,6,office,15.048319816589355
critical,3,unambiguous,short,comma,final,7,7,quieted.,16.88596537709236
critical,3,unambiguous,short,comma,nonfinal,7,0,When,16.867658615112305
critical,3,unambiguous,short,comma,nonfinal,7,1,the,2.8016717433929443
critical,3,unambiguous,short,comma,nonfinal,7,2,stern,13.582672119140623
critical,3,unambiguous,short,comma,nonfinal,7,3,boss,14.907659530639648
critical,3,unambiguous,short,comma,nonfinal,7,4,"entered,",19.06669950485229
critical,3,unambiguous,short,comma,nonfinal,7,5,the,1.3837531805038452
critical,3,unambiguous,short,comma,nonfinal,7,6,office,15.048319816589355
critical,3,unambiguous,short,comma,nonfinal,7,7,quieted,14.511760130524635
critical,3,unambiguous,short,comma,nonfinal,7,8,down,1.93060839176178
critical,3,unambiguous,short,comma,nonfinal,7,9,quickly.,9.428402781486511
critical,3,unambiguous,long,comma,final,10,0,When,16.867658615112305
critical,3,unambiguous,long,comma,final,10,1,the,2.8016717433929443
critical,3,unambiguous,long,comma,final,10,2,stern,13.582672119140623
critical,3,unambiguous,long,comma,final,10,3,boss,14.907659530639648
critical,3,unambiguous,long,comma,final,10,4,"entered,",19.06669950485229
critical,3,unambiguous,long,comma,final,10,5,the,1.3837531805038452
critical,3,unambiguous,long,comma,final,10,6,office,15.048319816589355
critical,3,unambiguous,long,comma,final,10,7,bustling,15.62216091156006
critical,3,unambiguous,long,comma,final,10,8,with,0.8742579817771912
critical,3,unambiguous,long,comma,final,10,9,activity,2.339635372161865
critical,3,unambiguous,long,comma,final,10,10,quieted.,14.449424758553503
critical,3,unambiguous,long,comma,nonfinal,10,0,When,16.867658615112305
critical,3,unambiguous,long,comma,nonfinal,10,1,the,2.8016717433929443
critical,3,unambiguous,long,comma,nonfinal,10,2,stern,13.582672119140623
critical,3,unambiguous,long,comma,nonfinal,10,3,boss,14.907659530639648
critical,3,unambiguous,long,comma,nonfinal,10,4,"entered,",19.06669950485229
critical,3,unambiguous,long,comma,nonfinal,10,5,the,1.3837531805038452
critical,3,unambiguous,long,comma,nonfinal,10,6,office,15.048319816589355
critical,3,unambiguous,long,comma,nonfinal,10,7,bustling,15.62216091156006
critical,3,unambiguous,long,comma,nonfinal,10,8,with,0.8742579817771912
critical,3,unambiguous,long,comma,nonfinal,10,9,activity,2.339635372161865
critical,3,unambiguous,long,comma,nonfinal,10,10,quieted,11.337460532784462
critical,3,unambiguous,long,comma,nonfinal,10,11,down,0.6844001412391663
critical,3,unambiguous,long,comma,nonfinal,10,12,quickly.,9.78560107946396
critical,3,unambiguous,short,object,final,9,0,When,16.867658615112305
critical,3,unambiguous,short,object,final,9,1,the,2.8016717433929443
critical,3,unambiguous,short,object,final,9,2,stern,13.582672119140623
critical,3,unambiguous,short,object,final,9,3,boss,14.907659530639648
critical,3,unambiguous,short,object,final,9,4,entered,13.853608131408691
critical,3,unambiguous,short,object,final,9,5,the,0.3458337187767029
critical,3,unambiguous,short,object,final,9,6,room,5.683899879455566
critical,3,unambiguous,short,object,final,9,7,the,5.967833518981934
critical,3,unambiguous,short,object,final,9,8,office,10.541643142700195
critical,3,unambiguous,short,object,final,9,9,quieted.,15.06600186228752
critical,3,unambiguous,short,object,nonfinal,9,0,When,16.867658615112305
critical,3,unambiguous,short,object,nonfinal,9,1,the,2.8016717433929443
critical,3,unambiguous,short,object,nonfinal,9,2,stern,13.582672119140623
critical,3,unambiguous,short,object,nonfinal,9,3,boss,14.907659530639648
critical,3,unambiguous,short,object,nonfinal,9,4,entered,13.853608131408691
critical,3,unambiguous,short,object,nonfinal,9,5,the,0.3458337187767029
critical,3,unambiguous,short,object,nonfinal,9,6,room,5.683899879455566
critical,3,unambiguous,short,object,nonfinal,9,7,the,5.967833518981934
critical,3,unambiguous,short,object,nonfinal,9,8,office,10.541643142700195
critical,3,unambiguous,short,object,nonfinal,9,9,quieted,12.11373946070671
critical,3,unambiguous,short,object,nonfinal,9,10,down,1.225724458694458
critical,3,unambiguous,short,object,nonfinal,9,11,quickly.,10.539641499519348
critical,3,unambiguous,long,object,final,12,0,When,16.867658615112305
critical,3,unambiguous,long,object,final,12,1,the,2.8016717433929443
critical,3,unambiguous,long,object,final,12,2,stern,13.582672119140623
critical,3,unambiguous,long,object,final,12,3,boss,14.907662391662598
critical,3,unambiguous,long,object,final,12,4,entered,13.853608131408691
critical,3,unambiguous,long,object,final,12,5,the,0.3458337187767029
critical,3,unambiguous,long,object,final,12,6,room,5.683899879455566
critical,3,unambiguous,long,object,final,12,7,the,5.967833518981934
critical,3,unambiguous,long,object,final,12,8,office,10.541643142700195
critical,3,unambiguous,long,object,final,12,9,bustling,15.323119163513184
critical,3,unambiguous,long,object,final,12,10,with,0.8336012959480286
critical,3,unambiguous,long,object,final,12,11,activity,2.7896740436553955
critical,3,unambiguous,long,object,final,12,12,quieted.,13.12246471643448
critical,3,unambiguous,long,object,nonfinal,12,0,When,16.867658615112305
critical,3,unambiguous,long,object,nonfinal,12,1,the,2.8016717433929443
critical,3,unambiguous,long,object,nonfinal,12,2,stern,13.582672119140623
critical,3,unambiguous,long,object,nonfinal,12,3,boss,14.907659530639648
critical,3,unambiguous,long,object,nonfinal,12,4,entered,13.853608131408691
critical,3,unambiguous,long,object,nonfinal,12,5,the,0.3458337187767029
critical,3,unambiguous,long,object,nonfinal,12,6,room,5.683899879455566
critical,3,unambiguous,long,object,nonfinal,12,7,the,5.967833518981934
critical,3,unambiguous,long,object,nonfinal,12,8,office,10.541643142700195
critical,3,unambiguous,long,object,nonfinal,12,9,bustling,15.323119163513184
critical,3,unambiguous,long,object,nonfinal,12,10,with,0.8336012959480286
critical,3,unambiguous,long,object,nonfinal,12,11,activity,2.7896740436553955
critical,3,unambiguous,long,object,nonfinal,12,12,quieted,9.59589034318924
critical,3,unambiguous,long,object,nonfinal,12,13,down,0.8094273805618286
critical,3,unambiguous,long,object,nonfinal,12,14,quickly.,11.439684391021729
critical,4,ambiguous,short,,final,6,0,After,18.19958877563477
critical,4,ambiguous,short,,final,6,1,the,2.606558084487915
critical,4,ambiguous,short,,final,6,2,politician,17.042924880981445
critical,4,ambiguous,short,,final,6,3,signed,9.697328567504885
critical,4,ambiguous,short,,final,6,4,the,0.8393716216087341
critical,4,ambiguous,short,,final,6,5,bill,1.3335754871368408
critical,4,ambiguous,short,,final,6,6,passed.,17.56453037261963
critical,4,ambiguous,short,,nonfinal,6,0,After,18.19958877563477
critical,4,ambiguous,short,,nonfinal,6,1,the,2.606558084487915
critical,4,ambiguous,short,,nonfinal,6,2,politician,17.042924880981445
critical,4,ambiguous,short,,nonfinal,6,3,signed,9.697328567504885
critical,4,ambiguous,short,,nonfinal,6,4,the,0.8393743634223938
critical,4,ambiguous,short,,nonfinal,6,5,bill,1.3335754871368408
critical,4,ambiguous,short,,nonfinal,6,6,passed,9.220252990722656
critical,4,ambiguous,short,,nonfinal,6,7,unanimously,6.713938236236572
critical,4,ambiguous,short,,nonfinal,6,8,without,10.471492767333984
critical,4,ambiguous,short,,nonfinal,6,9,amendments.,10.872316360473633
critical,4,ambiguous,long,,final,8,0,After,18.19958877563477
critical,4,ambiguous,long,,final,8,1,the,2.606558084487915
critical,4,ambiguous,long,,final,8,2,politician,17.042924880981445
critical,4,ambiguous,long,,final,8,3,signed,9.697328567504885
critical,4,ambiguous,long,,final,8,4,the,0.8393743634223938
critical,4,ambiguous,long,,final,8,5,bill,1.3335754871368408
critical,4,ambiguous,long,,final,8,6,increasing,13.416509628295898
critical,4,ambiguous,long,,final,8,7,taxes,3.846335411071777
critical,4,ambiguous,long,,final,8,8,passed.,21.196681022644043
critical,4,ambiguous,long,,nonfinal,8,0,After,18.19958877563477
critical,4,ambiguous,long,,nonfinal,8,1,the,2.606558084487915
critical,4,ambiguous,long,,nonfinal,8,2,politician,17.042924880981445
critical,4,ambiguous,long,,nonfinal,8,3,signed,9.697328567504885
critical,4,ambiguous,long,,nonfinal,8,4,the,0.8393743634223938
critical,4,ambiguous,long,,nonfinal,8,5,bill,1.3335754871368408
critical,4,ambiguous,long,,nonfinal,8,6,increasing,13.416509628295898
critical,4,ambiguous,long,,nonfinal,8,7,taxes,3.846335411071777
critical,4,ambiguous,long,,nonfinal,8,8,passed,11.687877655029297
critical,4,ambiguous,long,,nonfinal,8,9,unanimously,7.370173454284668
critical,4,ambiguous,long,,nonfinal,8,10,without,10.87204933166504
critical,4,ambiguous,long,,nonfinal,8,11,amendments.,13.386892795562744
critical,4,unambiguous,short,comma,final,6,0,After,18.19958877563477
critical,4,unambiguous,short,comma,final,6,1,the,2.606558084487915
critical,4,unambiguous,short,comma,final,6,2,politician,17.042924880981445
critical,4,unambiguous,short,comma,final,6,3,"signed,",16.672173023223877
critical,4,unambiguous,short,comma,final,6,4,the,1.781096339225769
critical,4,unambiguous,short,comma,final,6,5,bill,7.398300170898437
critical,4,unambiguous,short,comma,final,6,6,passed.,6.503355979919434
critical,4,unambiguous,short,comma,nonfinal,6,0,After,18.19958877563477
critical,4,unambiguous,short,comma,nonfinal,6,1,the,2.606558084487915
critical,4,unambiguous,short,comma,nonfinal,6,2,politician,17.042924880981445
critical,4,unambiguous,short,comma,nonfinal,6,3,"signed,",16.672173023223877
critical,4,unambiguous,short,comma,nonfinal,6,4,the,1.781096339225769
critical,4,unambiguous,short,comma,nonfinal,6,5,bill,7.398300170898437
critical,4,unambiguous,short,comma,nonfinal,6,6,passed,2.4801740646362305
critical,4,unambiguous,short,comma,nonfinal,6,7,unanimously,6.385545253753662
critical,4,unambiguous,short,comma,nonfinal,6,8,without,8.586159706115723
critical,4,unambiguous,short,comma,nonfinal,6,9,amendments.,8.092853784561157
critical,4,unambiguous,long,comma,final,8,0,After,18.19958877563477
critical,4,unambiguous,long,comma,final,8,1,the,2.606558084487915
critical,4,unambiguous,long,comma,final,8,2,politician,17.042924880981445
critical,4,unambiguous,long,comma,final,8,3,"signed,",16.672173023223877
critical,4,unambiguous,long,comma,final,8,4,the,1.781096339225769
critical,4,unambiguous,long,comma,final,8,5,bill,7.398300170898437
critical,4,unambiguous,long,comma,final,8,6,increasing,18.755184173583984
critical,4,unambiguous,long,comma,final,8,7,taxes,5.011145114898682
critical,4,unambiguous,long,comma,final,8,8,passed.,8.372665882110596
critical,4,unambiguous,long,comma,nonfinal,8,0,After,18.19958877563477
critical,4,unambiguous,long,comma,nonfinal,8,1,the,2.606558084487915
critical,4,unambiguous,long,comma,nonfinal,8,2,politician,17.042924880981445
critical,4,unambiguous,long,comma,nonfinal,8,3,"signed,",16.672170162200928
critical,4,unambiguous,long,comma,nonfinal,8,4,the,1.781096339225769
critical,4,unambiguous,long,comma,nonfinal,8,5,bill,7.398300170898437
critical,4,unambiguous,long,comma,nonfinal,8,6,increasing,18.755184173583984
critical,4,unambiguous,long,comma,nonfinal,8,7,taxes,5.011145114898682
critical,4,unambiguous,long,comma,nonfinal,8,8,passed,4.765097141265869
critical,4,unambiguous,long,comma,nonfinal,8,9,unanimously,6.287835597991943
critical,4,unambiguous,long,comma,nonfinal,8,10,without,8.705856323242188
critical,4,unambiguous,long,comma,nonfinal,8,11,amendments.,9.461113691329956
critical,4,unambiguous,short,object,final,8,0,After,18.19958877563477
critical,4,unambiguous,short,object,final,8,1,the,2.606558084487915
critical,4,unambiguous,short,object,final,8,2,politician,17.042924880981445
critical,4,unambiguous,short,object,final,8,3,signed,9.697328567504885
critical,4,unambiguous,short,object,final,8,4,the,0.8393743634223938
critical,4,unambiguous,short,object,final,8,5,legislation,4.709578514099121
critical,4,unambiguous,short,object,final,8,6,the,5.748521327972412
critical,4,unambiguous,short,object,final,8,7,bill,6.65636157989502
critical,4,unambiguous,short,object,final,8,8,passed.,6.844295740127564
critical,4,unambiguous,short,object,nonfinal,8,0,After,18.19958877563477
critical,4,unambiguous,short,object,nonfinal,8,1,the,2.606558084487915
critical,4,unambiguous,short,object,nonfinal,8,2,politician,17.042924880981445
critical,4,unambiguous,short,object,nonfinal,8,3,signed,9.697328567504885
critical,4,unambiguous,short,object,nonfinal,8,4,the,0.8393743634223938
critical,4,unambiguous,short,object,nonfinal,8,5,legislation,4.709578514099121
critical,4,unambiguous,short,object,nonfinal,8,6,the,5.748521327972412
critical,4,unambiguous,short,object,nonfinal,8,7,bill,6.65636157989502
critical,4,unambiguous,short,object,nonfinal,8,8,passed,2.7791130542755127
critical,4,unambiguous,short,object,nonfinal,8,9,unanimously,6.882556915283203
critical,4,unambiguous,short,object,nonfinal,8,10,without,8.786772727966309
critical,4,unambiguous,short,object,nonfinal,8,11,amendments.,8.714948177337646
critical,4,unambiguous,long,object,final,10,0,After,18.19958877563477
critical,4,unambiguous,long,object,final,10,1,the,2.606558084487915
critical,4,unambiguous,long,object,final,10,2,politician,17.042924880981445
critical,4,unambiguous,long,object,final,10,3,signed,9.697328567504885
critical,4,unambiguous,long,object,final,10,4,the,0.8393743634223938
critical,4,unambiguous,long,object,final,10,5,legislation,4.709578514099121
critical,4,unambiguous,long,object,final,10,6,the,5.748521327972412
critical,4,unambiguous,long,object,final,10,7,bill,6.65636157989502
critical,4,unambiguous,long,object,final,10,8,increasing,17.301294326782227
critical,4,unambiguous,long,object,final,10,9,taxes,4.8551225662231445
critical,4,unambiguous,long,object,final,10,10,passed.,11.144045352935793
critical,4,unambiguous,long,object,nonfinal,10,0,After,18.19958877563477
critical,4,unambiguous,long,object,nonfinal,10,1,the,2.606558084487915
critical,4,unambiguous,long,object,nonfinal,10,2,politician,17.042924880981445
critical,4,unambiguous,long,object,nonfinal,10,3,signed,9.697328567504885
critical,4,unambiguous,long,object,nonfinal,10,4,the,0.8393743634223938
critical,4,unambiguous,long,object,nonfinal,10,5,legislation,4.709578514099121
critical,4,unambiguous,long,object,nonfinal,10,6,the,5.748521327972412
critical,4,unambiguous,long,object,nonfinal,10,7,bill,6.65636157989502
critical,4,unambiguous,long,object,nonfinal,10,8,increasing,17.301294326782227
critical,4,unambiguous,long,object,nonfinal,10,9,taxes,4.8551225662231445
critical,4,unambiguous,long,object,nonfinal,10,10,passed,5.267702102661133
critical,4,unambiguous,long,object,nonfinal,10,11,unanimously,6.582382678985596
critical,4,unambiguous,long,object,nonfinal,10,12,without,9.51823616027832
critical,4,unambiguous,long,object,nonfinal,10,13,amendments.,10.55993676185608
critical,5,ambiguous,short,,final,7,0,While,18.67967414855957
critical,5,ambiguous,short,,final,7,1,the,7.724239349365234
critical,5,ambiguous,short,,final,7,2,martial,16.075719833374023
critical,5,ambiguous,short,,final,7,3,artists,5.444561958312988
critical,5,ambiguous,short,,final,7,4,fought,10.093927383422852
critical,5,ambiguous,short,,final,7,5,the,5.53040885925293
critical,5,ambiguous,short,,final,7,6,spectator,15.967031478881836
critical,5,ambiguous,short,,final,7,7,cheered.,21.2306809425354
critical,5,ambiguous,short,,nonfinal,7,0,While,18.67967414855957
critical,5,ambiguous,short,,nonfinal,7,1,the,7.724239349365234
critical,5,ambiguous,short,,nonfinal,7,2,martial,16.075719833374023
critical,5,ambiguous,short,,nonfinal,7,3,artists,5.444561958312988
critical,5,ambiguous,short,,nonfinal,7,4,fought,10.093927383422852
critical,5,ambiguous,short,,nonfinal,7,5,the,5.53040885925293
critical,5,ambiguous,short,,nonfinal,7,6,spectator,15.967031478881836
critical,5,ambiguous,short,,nonfinal,7,7,cheered,16.512258529663086
critical,5,ambiguous,short,,nonfinal,7,8,for,4.327848434448242
critical,5,ambiguous,short,,nonfinal,7,9,the,2.6354730129241943
critical,5,ambiguous,short,,nonfinal,7,10,underdog.,13.407266855239868
critical,5,ambiguous,long,,final,9,0,While,18.67967414855957
critical,5,ambiguous,long,,final,9,1,the,7.724239349365234
critical,5,ambiguous,long,,final,9,2,martial,16.075719833374023
critical,5,ambiguous,long,,final,9,3,artists,5.444561958312988
critical,5,ambiguous,long,,final,9,4,fought,10.093927383422852
critical,5,ambiguous,long,,final,9,5,the,5.53040885925293
critical,5,ambiguous,long,,final,9,6,spectator,15.967031478881836
critical,5,ambiguous,long,,final,9,7,watching,10.602389335632324
critical,5,ambiguous,long,,final,9,8,attentively,10.01033959724009
critical,5,ambiguous,long,,final,9,9,cheered.,25.545310020446777
critical,5,ambiguous,long,,nonfinal,9,0,While,18.67967414855957
critical,5,ambiguous,long,,nonfinal,9,1,the,7.724239349365234
critical,5,ambiguous,long,,nonfinal,9,2,martial,16.075719833374023
critical,5,ambiguous,long,,nonfinal,9,3,artists,5.444561958312988
critical,5,ambiguous,long,,nonfinal,9,4,fought,10.093927383422852
critical,5,ambiguous,long,,nonfinal,9,5,the,5.53040885925293
critical,5,ambiguous,long,,nonfinal,9,6,spectator,15.967031478881836
critical,5,ambiguous,long,,nonfinal,9,7,watching,10.602389335632324
critical,5,ambiguous,long,,nonfinal,9,8,attentively,10.01033959724009
critical,5,ambiguous,long,,nonfinal,9,9,cheered,20.4384765625
critical,5,ambiguous,long,,nonfinal,9,10,for,3.628040075302124
critical,5,ambiguous,long,,nonfinal,9,11,the,1.8643840551376345
critical,5,ambiguous,long,,nonfinal,9,12,underdog.,14.014512687921524
critical,5,unambiguous,short,comma,final,7,0,While,18.67967414855957
critical,5,unambiguous,short,comma,final,7,1,the,7.724239349365234
critical,5,unambiguous,short,comma,final,7,2,martial,16.075719833374023
critical,5,unambiguous,short,comma,final,7,3,artists,5.444561958312988
critical,5,unambiguous,short,comma,final,7,4,"fought,",13.62095308303833
critical,5,unambiguous,short,comma,final,7,5,the,1.846924424171448
critical,5,unambiguous,short,comma,final,7,6,spectator,12.694430351257324
critical,5,unambiguous,short,comma,final,7,7,cheered.,10.958350419998167
critical,5,unambiguous,short,comma,nonfinal,7,0,While,18.67967414855957
critical,5,unambiguous,short,comma,nonfinal,7,1,the,7.724239349365234
critical,5,unambiguous,short,comma,nonfinal,7,2,martial,16.075719833374023
critical,5,unambiguous,short,comma,nonfinal,7,3,artists,5.444561958312988
critical,5,unambiguous,short,comma,nonfinal,7,4,"fought,",13.62095022201538
critical,5,unambiguous,short,comma,nonfinal,7,5,the,1.846924424171448
critical,5,unambiguous,short,comma,nonfinal,7,6,spectator,12.694430351257324
critical,5,unambiguous,short,comma,nonfinal,7,7,cheered,8.293981552124023
critical,5,unambiguous,short,comma,nonfinal,7,8,for,4.44192361831665
critical,5,unambiguous,short,comma,nonfinal,7,9,the,1.5441275835037231
critical,5,unambiguous,short,comma,nonfinal,7,10,underdog.,11.331329584121704
critical,5,unambiguous,long,comma,final,9,0,While,18.67967414855957
critical,5,unambiguous,long,comma,final,9,1,the,7.724239349365234
critical,5,unambiguous,long,comma,final,9,2,martial,16.075719833374023
critical,5,unambiguous,long,comma,final,9,3,artists,5.444561958312988
critical,5,unambiguous,long,comma,final,9,4,"fought,",13.62095022201538
critical,5,unambiguous,long,comma,final,9,5,the,1.846924424171448
critical,5,unambiguous,long,comma,final,9,6,spectator,12.694430351257324
critical,5,unambiguous,long,comma,final,9,7,watching,7.642604827880859
critical,5,unambiguous,long,comma,final,9,8,attentively,13.156059965316672
critical,5,unambiguous,long,comma,final,9,9,cheered.,14.40820837020874
critical,5,unambiguous,long,comma,nonfinal,9,0,While,18.67967414855957
critical,5,unambiguous,long,comma,nonfinal,9,1,the,7.724239349365234
critical,5,unambiguous,long,comma,nonfinal,9,2,martial,16.075719833374023
critical,5,unambiguous,long,comma,nonfinal,9,3,artists,5.444561958312988
critical,5,unambiguous,long,comma,nonfinal,9,4,"fought,",13.62095022201538
critical,5,unambiguous,long,comma,nonfinal,9,5,the,1.846924424171448
critical,5,unambiguous,long,comma,nonfinal,9,6,spectator,12.694430351257324
critical,5,unambiguous,long,comma,nonfinal,9,7,watching,7.642604827880859
critical,5,unambiguous,long,comma,nonfinal,9,8,attentively,13.156059965316672
critical,5,unambiguous,long,comma,nonfinal,9,9,cheered,10.51667022705078
critical,5,unambiguous,long,comma,nonfinal,9,10,for,3.0247318744659424
critical,5,unambiguous,long,comma,nonfinal,9,11,the,1.5344539880752563
critical,5,unambiguous,long,comma,nonfinal,9,12,underdog.,11.90813359618187
critical,5,unambiguous,short,object,final,9,0,While,18.67967414855957
critical,5,unambiguous,short,object,final,9,1,the,7.724239349365234
critical,5,unambiguous,short,object,final,9,2,martial,16.075719833374023
critical,5,unambiguous,short,object,final,9,3,artists,5.444561958312988
critical,5,unambiguous,short,object,final,9,4,fought,10.093927383422852
critical,5,unambiguous,short,object,final,9,5,each,4.470448017120361
critical,5,unambiguous,short,object,final,9,6,other,0.0145676182582974
critical,5,unambiguous,short,object,final,9,7,the,8.211074829101562
critical,5,unambiguous,short,object,final,9,8,spectator,12.805675506591797
critical,5,unambiguous,short,object,final,9,9,cheered.,12.393337488174438
critical,5,unambiguous,short,object,nonfinal,9,0,While,18.67967414855957
critical,5,unambiguous,short,object,nonfinal,9,1,the,7.724239349365234
critical,5,unambiguous,short,object,nonfinal,9,2,martial,16.075719833374023
critical,5,unambiguous,short,object,nonfinal,9,3,artists,5.444561958312988
critical,5,unambiguous,short,object,nonfinal,9,4,fought,10.093927383422852
critical,5,unambiguous,short,object,nonfinal,9,5,each,4.470448017120361
critical,5,unambiguous,short,object,nonfinal,9,6,other,0.0145676182582974
critical,5,unambiguous,short,object,nonfinal,9,7,the,8.211074829101562
critical,5,unambiguous,short,object,nonfinal,9,8,spectator,12.805675506591797
critical,5,unambiguous,short,object,nonfinal,9,9,cheered,8.61190414428711
critical,5,unambiguous,short,object,nonfinal,9,10,for,3.746882677078247
critical,5,unambiguous,short,object,nonfinal,9,11,the,0.9870070219039916
critical,5,unambiguous,short,object,nonfinal,9,12,underdog.,11.164063602685928
critical,5,unambiguous,long,object,final,11,0,While,18.67967414855957
critical,5,unambiguous,long,object,final,11,1,the,7.724239349365234
critical,5,unambiguous,long,object,final,11,2,martial,16.075719833374023
critical,5,unambiguous,long,object,final,11,3,artists,5.444561958312988
critical,5,unambiguous,long,object,final,11,4,fought,10.093927383422852
critical,5,unambiguous,long,object,final,11,5,each,4.470448017120361
critical,5,unambiguous,long,object,final,11,6,other,0.0145676182582974
critical,5,unambiguous,long,object,final,11,7,the,8.211074829101562
critical,5,unambiguous,long,object,final,11,8,spectator,12.805675506591797
critical,5,unambiguous,long,object,final,11,9,watching,8.020462989807129
critical,5,unambiguous,long,object,final,11,10,attentively,12.55121951107867
critical,5,unambiguous,long,object,final,11,11,cheered.,15.207034587860107
critical,5,unambiguous,long,object,nonfinal,11,0,While,18.67967414855957
critical,5,unambiguous,long,object,nonfinal,11,1,the,7.724239349365234
critical,5,unambiguous,long,object,nonfinal,11,2,martial,16.075719833374023
critical,5,unambiguous,long,object,nonfinal,11,3,artists,5.444561958312988
critical,5,unambiguous,long,object,nonfinal,11,4,fought,10.0939302444458
critical,5,unambiguous,long,object,nonfinal,11,5,each,4.470448017120361
critical,5,unambiguous,long,object,nonfinal,11,6,other,0.0145676182582974
critical,5,unambiguous,long,object,nonfinal,11,7,the,8.211074829101562
critical,5,unambiguous,long,object,nonfinal,11,8,spectator,12.805675506591797
critical,5,unambiguous,long,object,nonfinal,11,9,watching,8.020462989807129
critical,5,unambiguous,long,object,nonfinal,11,10,attentively,12.55121951107867
critical,5,unambiguous,long,object,nonfinal,11,11,cheered,10.616776466369627
critical,5,unambiguous,long,object,nonfinal,11,12,for,3.059004545211792
critical,5,unambiguous,long,object,nonfinal,11,13,the,1.222072958946228
critical,5,unambiguous,long,object,nonfinal,11,14,underdog.,11.911848813295364
critical,6,ambiguous,short,,final,6,0,After,18.19958877563477
critical,6,ambiguous,short,,final,6,1,the,2.606558084487915
critical,6,ambiguous,short,,final,6,2,customer,11.20640468597412
critical,6,ambiguous,short,,final,6,3,emailed,17.81021499633789
critical,6,ambiguous,short,,final,6,4,the,2.865189552307129
critical,6,ambiguous,short,,final,6,5,company,5.797921657562256
critical,6,ambiguous,short,,final,6,6,replied.,21.610658645629883
critical,6,ambiguous,short,,nonfinal,6,0,After,18.19958877563477
critical,6,ambiguous,short,,nonfinal,6,1,the,2.606558084487915
critical,6,ambiguous,short,,nonfinal,6,2,customer,11.20640468597412
critical,6,ambiguous,short,,nonfinal,6,3,emailed,17.81021499633789
critical,6,ambiguous,short,,nonfinal,6,4,the,2.865189552307129
critical,6,ambiguous,short,,nonfinal,6,5,company,5.797921657562256
critical,6,ambiguous,short,,nonfinal,6,6,replied,15.389809608459473
critical,6,ambiguous,short,,nonfinal,6,7,within,9.942901611328123
critical,6,ambiguous,short,,nonfinal,6,8,a,3.4020891189575195
critical,6,ambiguous,short,,nonfinal,6,9,few,1.64356529712677
critical,6,ambiguous,short,,nonfinal,6,10,hours.,5.325592756271362
critical,6,ambiguous,long,,final,9,0,After,18.19958877563477
critical,6,ambiguous,long,,final,9,1,the,2.606558084487915
critical,6,ambiguous,long,,final,9,2,customer,11.20640468597412
critical,6,ambiguous,long,,final,9,3,emailed,17.81021499633789
critical,6,ambiguous,long,,final,9,4,the,2.865189552307129
critical,6,ambiguous,long,,final,9,5,company,5.797921657562256
critical,6,ambiguous,long,,final,9,6,providing,11.055124282836914
critical,6,ambiguous,long,,final,9,7,phone,11.658296585083008
critical,6,ambiguous,long,,final,9,8,service,10.40567111968994
critical,6,ambiguous,long,,final,9,9,replied.,25.52843332290649
critical,6,ambiguous,long,,nonfinal,9,0,After,18.19958877563477
critical,6,ambiguous,long,,nonfinal,9,1,the,2.606558084487915
critical,6,ambiguous,long,,nonfinal,9,2,customer,11.20640468597412
critical,6,ambiguous,long,,nonfinal,9,3,emailed,17.81021499633789
critical,6,ambiguous,long,,nonfinal,9,4,the,2.865189552307129
critical,6,ambiguous,long,,nonfinal,9,5,company,5.797921657562256
critical,6,ambiguous,long,,nonfinal,9,6,providing,11.055124282836914
critical,6,ambiguous,long,,nonfinal,9,7,phone,11.658296585083008
critical,6,ambiguous,long,,nonfinal,9,8,service,10.40567111968994
critical,6,ambiguous,long,,nonfinal,9,9,replied,19.22079086303711
critical,6,ambiguous,long,,nonfinal,9,10,within,8.516011238098145
critical,6,ambiguous,long,,nonfinal,9,11,a,3.7808775901794434
critical,6,ambiguous,long,,nonfinal,9,12,few,1.966001033782959
critical,6,ambiguous,long,,nonfinal,9,13,hours.,5.485795021057129
critical,6,unambiguous,short,comma,final,6,0,After,18.19958877563477
critical,6,unambiguous,short,comma,final,6,1,the,2.606558084487915
critical,6,unambiguous,short,comma,final,6,2,customer,11.20640468597412
critical,6,unambiguous,short,comma,final,6,3,"emailed,",23.54706239700317
critical,6,unambiguous,short,comma,final,6,4,the,2.5593247413635254
critical,6,unambiguous,short,comma,final,6,5,company,5.504257678985596
critical,6,unambiguous,short,comma,final,6,6,replied.,10.2684645652771
critical,6,unambiguous,short,comma,nonfinal,6,0,After,18.19958877563477
critical,6,unambiguous,short,comma,nonfinal,6,1,the,2.606558084487915
critical,6,unambiguous,short,comma,nonfinal,6,2,customer,11.20640468597412
critical,6,unambiguous,short,comma,nonfinal,6,3,"emailed,",23.54706239700317
critical,6,unambiguous,short,comma,nonfinal,6,4,the,2.5593247413635254
critical,6,unambiguous,short,comma,nonfinal,6,5,company,5.504257678985596
critical,6,unambiguous,short,comma,nonfinal,6,6,replied,5.002042293548584
critical,6,unambiguous,short,comma,nonfinal,6,7,within,8.479950904846191
critical,6,unambiguous,short,comma,nonfinal,6,8,a,3.6387317180633545
critical,6,unambiguous,short,comma,nonfinal,6,9,few,1.3743146657943726
critical,6,unambiguous,short,comma,nonfinal,6,10,hours.,3.880440354347229
critical,6,unambiguous,long,comma,final,9,0,After,18.19958877563477
critical,6,unambiguous,long,comma,final,9,1,the,2.606558084487915
critical,6,unambiguous,long,comma,final,9,2,customer,11.20640468597412
critical,6,unambiguous,long,comma,final,9,3,"emailed,",23.54706239700317
critical,6,unambiguous,long,comma,final,9,4,the,2.5593247413635254
critical,6,unambiguous,long,comma,final,9,5,company,5.504257678985596
critical,6,unambiguous,long,comma,final,9,6,providing,15.047422409057615
critical,6,unambiguous,long,comma,final,9,7,phone,12.614644050598145
critical,6,unambiguous,long,comma,final,9,8,service,3.053305625915528
critical,6,unambiguous,long,comma,final,9,9,replied.,11.566675186157228
critical,6,unambiguous,long,comma,nonfinal,9,0,After,18.19958877563477
critical,6,unambiguous,long,comma,nonfinal,9,1,the,2.606558084487915
critical,6,unambiguous,long,comma,nonfinal,9,2,customer,11.206401824951172
critical,6,unambiguous,long,comma,nonfinal,9,3,"emailed,",23.54706239700317
critical,6,unambiguous,long,comma,nonfinal,9,4,the,2.5593247413635254
critical,6,unambiguous,long,comma,nonfinal,9,5,company,5.504257678985596
critical,6,unambiguous,long,comma,nonfinal,9,6,providing,15.047422409057615
critical,6,unambiguous,long,comma,nonfinal,9,7,phone,12.614644050598145
critical,6,unambiguous,long,comma,nonfinal,9,8,service,3.053305625915528
critical,6,unambiguous,long,comma,nonfinal,9,9,replied,6.197594165802002
critical,6,unambiguous,long,comma,nonfinal,9,10,within,8.108134269714355
critical,6,unambiguous,long,comma,nonfinal,9,11,a,3.802869319915772
critical,6,unambiguous,long,comma,nonfinal,9,12,few,1.434362769126892
critical,6,unambiguous,long,comma,nonfinal,9,13,hours.,4.132016539573669
critical,6,unambiguous,short,object,final,9,0,After,18.19958877563477
critical,6,unambiguous,short,object,final,9,1,the,2.606558084487915
critical,6,unambiguous,short,object,final,9,2,customer,11.20640468597412
critical,6,unambiguous,short,object,final,9,3,emailed,17.81021499633789
critical,6,unambiguous,short,object,final,9,4,the,2.865189552307129
critical,6,unambiguous,short,object,final,9,5,help,9.651893615722656
critical,6,unambiguous,short,object,final,9,6,desk,2.504295825958252
critical,6,unambiguous,short,object,final,9,7,the,5.642219543457031
critical,6,unambiguous,short,object,final,9,8,company,7.326005458831787
critical,6,unambiguous,short,object,final,9,9,replied.,13.023736953735352
critical,6,unambiguous,short,object,nonfinal,9,0,After,18.19958877563477
critical,6,unambiguous,short,object,nonfinal,9,1,the,2.606558084487915
critical,6,unambiguous,short,object,nonfinal,9,2,customer,11.20640468597412
critical,6,unambiguous,short,object,nonfinal,9,3,emailed,17.81021499633789
critical,6,unambiguous,short,object,nonfinal,9,4,the,2.865189552307129
critical,6,unambiguous,short,object,nonfinal,9,5,help,9.651893615722656
critical,6,unambiguous,short,object,nonfinal,9,6,desk,2.5042929649353027
critical,6,unambiguous,short,object,nonfinal,9,7,the,5.642219543457031
critical,6,unambiguous,short,object,nonfinal,9,8,company,7.326005458831787
critical,6,unambiguous,short,object,nonfinal,9,9,replied,5.434123516082764
critical,6,unambiguous,short,object,nonfinal,9,10,within,10.41135597229004
critical,6,unambiguous,short,object,nonfinal,9,11,a,3.053999185562134
critical,6,unambiguous,short,object,nonfinal,9,12,few,1.1150336265563965
critical,6,unambiguous,short,object,nonfinal,9,13,hours.,5.038367986679077
critical,6,unambiguous,long,object,final,12,0,After,18.19958877563477
critical,6,unambiguous,long,object,final,12,1,the,2.606558084487915
critical,6,unambiguous,long,object,final,12,2,customer,11.20640468597412
critical,6,unambiguous,long,object,final,12,3,emailed,17.81021499633789
critical,6,unambiguous,long,object,final,12,4,the,2.865189552307129
critical,6,unambiguous,long,object,final,12,5,help,9.651893615722656
critical,6,unambiguous,long,object,final,12,6,desk,2.504295825958252
critical,6,unambiguous,long,object,final,12,7,the,5.642219543457031
critical,6,unambiguous,long,object,final,12,8,company,7.326005458831787
critical,6,unambiguous,long,object,final,12,9,providing,12.648539543151855
critical,6,unambiguous,long,object,final,12,10,phone,10.63870620727539
critical,6,unambiguous,long,object,final,12,11,service,2.916074514389038
critical,6,unambiguous,long,object,final,12,12,replied.,14.08189821243286
critical,6,unambiguous,long,object,nonfinal,12,0,After,18.19958877563477
critical,6,unambiguous,long,object,nonfinal,12,1,the,2.606558084487915
critical,6,unambiguous,long,object,nonfinal,12,2,customer,11.20640468597412
critical,6,unambiguous,long,object,nonfinal,12,3,emailed,17.81021499633789
critical,6,unambiguous,long,object,nonfinal,12,4,the,2.865189552307129
critical,6,unambiguous,long,object,nonfinal,12,5,help,9.651893615722656
critical,6,unambiguous,long,object,nonfinal,12,6,desk,2.504295825958252
critical,6,unambiguous,long,object,nonfinal,12,7,the,5.642219543457031
critical,6,unambiguous,long,object,nonfinal,12,8,company,7.326005458831787
critical,6,unambiguous,long,object,nonfinal,12,9,providing,12.648539543151855
critical,6,unambiguous,long,object,nonfinal,12,10,phone,10.63870620727539
critical,6,unambiguous,long,object,nonfinal,12,11,service,2.916074514389038
critical,6,unambiguous,long,object,nonfinal,12,12,replied,7.188840389251709
critical,6,unambiguous,long,object,nonfinal,12,13,within,9.23576545715332
critical,6,unambiguous,long,object,nonfinal,12,14,a,3.19050931930542
critical,6,unambiguous,long,object,nonfinal,12,15,few,1.1161893606185913
critical,6,unambiguous,long,object,nonfinal,12,16,hours.,5.057475924491882
critical,7,ambiguous,short,,final,6,0,As,18.614870071411133
critical,7,ambiguous,short,,final,6,1,the,3.726266860961914
critical,7,ambiguous,short,,final,6,2,child,9.710074424743652
critical,7,ambiguous,short,,final,6,3,showered,15.956498071551325
critical,7,ambiguous,short,,final,6,4,the,4.667514324188232
critical,7,ambiguous,short,,final,6,5,cat,7.715872287750244
critical,7,ambiguous,short,,final,6,6,ran.,16.243885040283203
critical,7,ambiguous,short,,nonfinal,6,0,As,18.614870071411133
critical,7,ambiguous,short,,nonfinal,6,1,the,3.726266860961914
critical,7,ambiguous,short,,nonfinal,6,2,child,9.710074424743652
critical,7,ambiguous,short,,nonfinal,6,3,showered,15.956498071551325
critical,7,ambiguous,short,,nonfinal,6,4,the,4.667514324188232
critical,7,ambiguous,short,,nonfinal,6,5,cat,7.715872287750244
critical,7,ambiguous,short,,nonfinal,6,6,ran,7.086949348449707
critical,7,ambiguous,short,,nonfinal,6,7,around,6.725612640380859
critical,7,ambiguous,short,,nonfinal,6,8,the,1.545042634010315
critical,7,ambiguous,short,,nonfinal,6,9,bathroom.,9.214682817459106
critical,7,ambiguous,long,,final,8,0,As,18.614870071411133
critical,7,ambiguous,long,,final,8,1,the,3.726266860961914
critical,7,ambiguous,long,,final,8,2,child,9.710074424743652
critical,7,ambiguous,long,,final,8,3,showered,15.956498071551325
critical,7,ambiguous,long,,final,8,4,the,4.667514324188232
critical,7,ambiguous,long,,final,8,5,cat,7.715872287750244
critical,7,ambiguous,long,,final,8,6,complaining,19.077163696289062
critical,7,ambiguous,long,,final,8,7,loudly,5.632359027862549
critical,7,ambiguous,long,,final,8,8,ran.,22.92836093902588
critical,7,ambiguous,long,,nonfinal,8,0,As,18.614870071411133
critical,7,ambiguous,long,,nonfinal,8,1,the,3.726266860961914
critical,7,ambiguous,long,,nonfinal,8,2,child,9.710074424743652
critical,7,ambiguous,long,,nonfinal,8,3,showered,15.956498071551325
critical,7,ambiguous,long,,nonfinal,8,4,the,4.667514324188232
critical,7,ambiguous,long,,nonfinal,8,5,cat,7.715872287750244
critical,7,ambiguous,long,,nonfinal,8,6,complaining,19.077163696289062
critical,7,ambiguous,long,,nonfinal,8,7,loudly,5.632359027862549
critical,7,ambiguous,long,,nonfinal,8,8,ran,11.917149543762209
critical,7,ambiguous,long,,nonfinal,8,9,around,7.103240966796875
critical,7,ambiguous,long,,nonfinal,8,10,the,1.1921727657318115
critical,7,ambiguous,long,,nonfinal,8,11,bathroom.,8.62053108215332
critical,7,unambiguous,short,comma,final,6,0,As,18.614870071411133
critical,7,unambiguous,short,comma,final,6,1,the,3.726266860961914
critical,7,unambiguous,short,comma,final,6,2,child,9.710074424743652
critical,7,unambiguous,short,comma,final,6,3,"showered,",17.293039843440056
critical,7,unambiguous,short,comma,final,6,4,the,2.971022367477417
critical,7,unambiguous,short,comma,final,6,5,cat,7.801652908325195
critical,7,unambiguous,short,comma,final,6,6,ran.,14.264689445495604
critical,7,unambiguous,short,comma,nonfinal,6,0,As,18.614870071411133
critical,7,unambiguous,short,comma,nonfinal,6,1,the,3.726266860961914
critical,7,unambiguous,short,comma,nonfinal,6,2,child,9.710074424743652
critical,7,unambiguous,short,comma,nonfinal,6,3,"showered,",17.293039843440056
critical,7,unambiguous,short,comma,nonfinal,6,4,the,2.971022367477417
critical,7,unambiguous,short,comma,nonfinal,6,5,cat,7.801652908325195
critical,7,unambiguous,short,comma,nonfinal,6,6,ran,4.947381019592285
critical,7,unambiguous,short,comma,nonfinal,6,7,around,5.5074567794799805
critical,7,unambiguous,short,comma,nonfinal,6,8,the,1.5679341554641724
critical,7,unambiguous,short,comma,nonfinal,6,9,bathroom.,8.198366165161133
critical,7,unambiguous,long,comma,final,8,0,As,18.614870071411133
critical,7,unambiguous,long,comma,final,8,1,the,3.726266860961914
critical,7,unambiguous,long,comma,final,8,2,child,9.710074424743652
critical,7,unambiguous,long,comma,final,8,3,"showered,",17.293039843440056
critical,7,unambiguous,long,comma,final,8,4,the,2.971022367477417
critical,7,unambiguous,long,comma,final,8,5,cat,7.801652908325195
critical,7,unambiguous,long,comma,final,8,6,complaining,20.85922241210937
critical,7,unambiguous,long,comma,final,8,7,loudly,5.430594444274902
critical,7,unambiguous,long,comma,final,8,8,ran.,21.67647647857666
critical,7,unambiguous,long,comma,nonfinal,8,0,As,18.614870071411133
critical,7,unambiguous,long,comma,nonfinal,8,1,the,3.726266860961914
critical,7,unambiguous,long,comma,nonfinal,8,2,child,9.710074424743652
critical,7,unambiguous,long,comma,nonfinal,8,3,"showered,",17.293039843440056
critical,7,unambiguous,long,comma,nonfinal,8,4,the,2.971022367477417
critical,7,unambiguous,long,comma,nonfinal,8,5,cat,7.801652908325195
critical,7,unambiguous,long,comma,nonfinal,8,6,complaining,20.85922241210937
critical,7,unambiguous,long,comma,nonfinal,8,7,loudly,5.430594444274902
critical,7,unambiguous,long,comma,nonfinal,8,8,ran,11.415928840637209
critical,7,unambiguous,long,comma,nonfinal,8,9,around,5.847825527191162
critical,7,unambiguous,long,comma,nonfinal,8,10,the,1.2847076654434204
critical,7,unambiguous,long,comma,nonfinal,8,11,bathroom.,7.044674634933472
critical,7,unambiguous,short,object,final,7,0,As,18.614870071411133
critical,7,unambiguous,short,object,final,7,1,the,3.726266860961914
critical,7,unambiguous,short,object,final,7,2,child,9.710074424743652
critical,7,unambiguous,short,object,final,7,3,showered,15.956498071551325
critical,7,unambiguous,short,object,final,7,4,herself,7.475399017333984
critical,7,unambiguous,short,object,final,7,5,the,7.20622444152832
critical,7,unambiguous,short,object,final,7,6,cat,8.10194206237793
critical,7,unambiguous,short,object,final,7,7,ran.,14.67064380645752
critical,7,unambiguous,short,object,nonfinal,7,0,As,18.614870071411133
critical,7,unambiguous,short,object,nonfinal,7,1,the,3.726266860961914
critical,7,unambiguous,short,object,nonfinal,7,2,child,9.710074424743652
critical,7,unambiguous,short,object,nonfinal,7,3,showered,15.956498071551325
critical,7,unambiguous,short,object,nonfinal,7,4,herself,7.475399017333984
critical,7,unambiguous,short,object,nonfinal,7,5,the,7.20622444152832
critical,7,unambiguous,short,object,nonfinal,7,6,cat,8.10194206237793
critical,7,unambiguous,short,object,nonfinal,7,7,ran,4.799668312072754
critical,7,unambiguous,short,object,nonfinal,7,8,around,5.976273059844971
critical,7,unambiguous,short,object,nonfinal,7,9,the,1.7187092304229736
critical,7,unambiguous,short,object,nonfinal,7,10,bathroom.,8.559970140457153
critical,7,unambiguous,long,object,final,9,0,As,18.614870071411133
critical,7,unambiguous,long,object,final,9,1,the,3.726266860961914
critical,7,unambiguous,long,object,final,9,2,child,9.710074424743652
critical,7,unambiguous,long,object,final,9,3,showered,15.956498071551325
critical,7,unambiguous,long,object,final,9,4,herself,7.475399017333984
critical,7,unambiguous,long,object,final,9,5,the,7.20622444152832
critical,7,unambiguous,long,object,final,9,6,cat,8.10194206237793
critical,7,unambiguous,long,object,final,9,7,complaining,21.35765647888184
critical,7,unambiguous,long,object,final,9,8,loudly,5.385120868682861
critical,7,unambiguous,long,object,final,9,9,ran.,19.979382514953613
critical,7,unambiguous,long,object,nonfinal,9,0,As,18.614870071411133
critical,7,unambiguous,long,object,nonfinal,9,1,the,3.726266860961914
critical,7,unambiguous,long,object,nonfinal,9,2,child,9.710074424743652
critical,7,unambiguous,long,object,nonfinal,9,3,showered,15.956498071551325
critical,7,unambiguous,long,object,nonfinal,9,4,herself,7.475399017333984
critical,7,unambiguous,long,object,nonfinal,9,5,the,7.20622444152832
critical,7,unambiguous,long,object,nonfinal,9,6,cat,8.10194206237793
critical,7,unambiguous,long,object,nonfinal,9,7,complaining,21.35765647888184
critical,7,unambiguous,long,object,nonfinal,9,8,loudly,5.385120868682861
critical,7,unambiguous,long,object,nonfinal,9,9,ran,9.239529609680176
critical,7,unambiguous,long,object,nonfinal,9,10,around,5.472845554351807
critical,7,unambiguous,long,object,nonfinal,9,11,the,1.370839238166809
critical,7,unambiguous,long,object,nonfinal,9,12,bathroom.,7.647409439086914
critical,8,ambiguous,short,,final,6,0,Because,23.872631072998047
critical,8,ambiguous,short,,final,6,1,the,8.49134635925293
critical,8,ambiguous,short,,final,6,2,majorette,27.625742733478543
critical,8,ambiguous,short,,final,6,3,spun,16.98011016845703
critical,8,ambiguous,short,,final,6,4,the,2.5747921466827397
critical,8,ambiguous,short,,final,6,5,baton,9.211070135235786
critical,8,ambiguous,short,,final,6,6,flew.,27.046929359436035
critical,8,ambiguous,short,,nonfinal,6,0,Because,23.872631072998047
critical,8,ambiguous,short,,nonfinal,6,1,the,8.49134635925293
critical,8,ambiguous,short,,nonfinal,6,2,majorette,27.625742733478543
critical,8,ambiguous,short,,nonfinal,6,3,spun,16.98011016845703
critical,8,ambiguous,short,,nonfinal,6,4,the,2.5747921466827397
critical,8,ambiguous,short,,nonfinal,6,5,baton,9.211070135235786
critical,8,ambiguous,short,,nonfinal,6,6,flew,19.50756072998047
critical,8,ambiguous,short,,nonfinal,6,7,from,6.157944679260254
critical,8,ambiguous,short,,nonfinal,6,8,her,2.161332130432129
critical,8,ambiguous,short,,nonfinal,6,9,hands.,7.105984687805176
critical,8,ambiguous,long,,final,9,0,Because,23.872631072998047
critical,8,ambiguous,long,,final,9,1,the,8.49134635925293
critical,8,ambiguous,long,,final,9,2,majorette,27.625742733478543
critical,8,ambiguous,long,,final,9,3,spun,16.98011016845703
critical,8,ambiguous,long,,final,9,4,the,2.5747921466827397
critical,8,ambiguous,long,,final,9,5,baton,9.211070135235786
critical,8,ambiguous,long,,final,9,6,made,13.879596710205078
critical,8,ambiguous,long,,final,9,7,of,4.838964462280273
critical,8,ambiguous,long,,final,9,8,steel,6.48058557510376
critical,8,ambiguous,long,,final,9,9,flew.,26.92536401748657
critical,8,ambiguous,long,,nonfinal,9,0,Because,23.872631072998047
critical,8,ambiguous,long,,nonfinal,9,1,the,8.49134635925293
critical,8,ambiguous,long,,nonfinal,9,2,majorette,27.625742733478543
critical,8,ambiguous,long,,nonfinal,9,3,spun,16.98011016845703
critical,8,ambiguous,long,,nonfinal,9,4,the,2.5747921466827397
critical,8,ambiguous,long,,nonfinal,9,5,baton,9.211070135235786
critical,8,ambiguous,long,,nonfinal,9,6,made,13.879596710205078
critical,8,ambiguous,long,,nonfinal,9,7,of,4.838964462280273
critical,8,ambiguous,long,,nonfinal,9,8,steel,6.48058557510376
critical,8,ambiguous,long,,nonfinal,9,9,flew,19.112489700317383
critical,8,ambiguous,long,,nonfinal,9,10,from,6.094741821289063
critical,8,ambiguous,long,,nonfinal,9,11,her,2.0866270065307617
critical,8,ambiguous,long,,nonfinal,9,12,hands.,6.127997636795044
critical,8,unambiguous,short,comma,final,6,0,Because,23.872631072998047
critical,8,unambiguous,short,comma,final,6,1,the,8.49134635925293
critical,8,unambiguous,short,comma,final,6,2,majorette,27.625742733478543
critical,8,unambiguous,short,comma,final,6,3,"spun,",21.75615501403809
critical,8,unambiguous,short,comma,final,6,4,the,2.583337545394897
critical,8,unambiguous,short,comma,final,6,5,baton,11.254840582609177
critical,8,unambiguous,short,comma,final,6,6,flew.,8.977116107940674
critical,8,unambiguous,short,comma,nonfinal,6,0,Because,23.872631072998047
critical,8,unambiguous,short,comma,nonfinal,6,1,the,8.49134635925293
critical,8,unambiguous,short,comma,nonfinal,6,2,majorette,27.625742733478543
critical,8,unambiguous,short,comma,nonfinal,6,3,"spun,",21.75615501403809
critical,8,unambiguous,short,comma,nonfinal,6,4,the,2.583337545394897
critical,8,unambiguous,short,comma,nonfinal,6,5,baton,11.254843324422836
critical,8,unambiguous,short,comma,nonfinal,6,6,flew,5.090283393859863
critical,8,unambiguous,short,comma,nonfinal,6,7,from,6.3390631675720215
critical,8,unambiguous,short,comma,nonfinal,6,8,her,1.6855634450912476
critical,8,unambiguous,short,comma,nonfinal,6,9,hands.,5.804180383682251
critical,8,unambiguous,long,comma,final,9,0,Because,23.872631072998047
critical,8,unambiguous,long,comma,final,9,1,the,8.49134635925293
critical,8,unambiguous,long,comma,final,9,2,majorette,27.625742733478543
critical,8,unambiguous,long,comma,final,9,3,"spun,",21.75615501403809
critical,8,unambiguous,long,comma,final,9,4,the,2.583337545394897
critical,8,unambiguous,long,comma,final,9,5,baton,11.254843324422836
critical,8,unambiguous,long,comma,final,9,6,made,8.933283805847168
critical,8,unambiguous,long,comma,final,9,7,of,9.238261222839355
critical,8,unambiguous,long,comma,final,9,8,steel,6.182894706726074
critical,8,unambiguous,long,comma,final,9,9,flew.,13.27939796447754
critical,8,unambiguous,long,comma,nonfinal,9,0,Because,23.872631072998047
critical,8,unambiguous,long,comma,nonfinal,9,1,the,8.49134635925293
critical,8,unambiguous,long,comma,nonfinal,9,2,majorette,27.625742733478543
critical,8,unambiguous,long,comma,nonfinal,9,3,"spun,",21.75615501403809
critical,8,unambiguous,long,comma,nonfinal,9,4,the,2.583337545394897
critical,8,unambiguous,long,comma,nonfinal,9,5,baton,11.254840582609177
critical,8,unambiguous,long,comma,nonfinal,9,6,made,8.933283805847168
critical,8,unambiguous,long,comma,nonfinal,9,7,of,9.238261222839355
critical,8,unambiguous,long,comma,nonfinal,9,8,steel,6.182894706726074
critical,8,unambiguous,long,comma,nonfinal,9,9,flew,7.451329708099365
critical,8,unambiguous,long,comma,nonfinal,9,10,from,5.761297702789307
critical,8,unambiguous,long,comma,nonfinal,9,11,her,1.4587554931640625
critical,8,unambiguous,long,comma,nonfinal,9,12,hands.,5.339312791824341
critical,8,unambiguous,short,object,final,7,0,Because,23.872631072998047
critical,8,unambiguous,short,object,final,7,1,the,8.49134635925293
critical,8,unambiguous,short,object,final,7,2,majorette,27.625742733478543
critical,8,unambiguous,short,object,final,7,3,spun,16.98011016845703
critical,8,unambiguous,short,object,final,7,4,herself,8.300470352172852
critical,8,unambiguous,short,object,final,7,5,the,7.672107219696045
critical,8,unambiguous,short,object,final,7,6,baton,14.12557053565979
critical,8,unambiguous,short,object,final,7,7,flew.,23.97036600112915
critical,8,unambiguous,short,object,nonfinal,7,0,Because,23.872631072998047
critical,8,unambiguous,short,object,nonfinal,7,1,the,8.49134635925293
critical,8,unambiguous,short,object,nonfinal,7,2,majorette,27.625742733478543
critical,8,unambiguous,short,object,nonfinal,7,3,spun,16.98011016845703
critical,8,unambiguous,short,object,nonfinal,7,4,herself,8.300470352172852
critical,8,unambiguous,short,object,nonfinal,7,5,the,7.672107219696045
critical,8,unambiguous,short,object,nonfinal,7,6,baton,14.12557053565979
critical,8,unambiguous,short,object,nonfinal,7,7,flew,16.599037170410156
critical,8,unambiguous,short,object,nonfinal,7,8,from,5.282302379608154
critical,8,unambiguous,short,object,nonfinal,7,9,her,1.4833475351333618
critical,8,unambiguous,short,object,nonfinal,7,10,hands.,6.961422681808472
critical,8,unambiguous,long,object,final,10,0,Because,23.872631072998047
critical,8,unambiguous,long,object,final,10,1,the,8.49134635925293
critical,8,unambiguous,long,object,final,10,2,majorette,27.625742733478543
critical,8,unambiguous,long,object,final,10,3,spun,16.98011016845703
critical,8,unambiguous,long,object,final,10,4,herself,8.300470352172852
critical,8,unambiguous,long,object,final,10,5,the,7.672107219696045
critical,8,unambiguous,long,object,final,10,6,baton,14.12557053565979
critical,8,unambiguous,long,object,final,10,7,made,13.283774375915527
critical,8,unambiguous,long,object,final,10,8,of,5.378329277038574
critical,8,unambiguous,long,object,final,10,9,steel,7.517806053161621
critical,8,unambiguous,long,object,final,10,10,flew.,23.16675472259521
critical,8,unambiguous,long,object,nonfinal,10,0,Because,23.872631072998047
critical,8,unambiguous,long,object,nonfinal,10,1,the,8.49134635925293
critical,8,unambiguous,long,object,nonfinal,10,2,majorette,27.625742733478543
critical,8,unambiguous,long,object,nonfinal,10,3,spun,16.98011016845703
critical,8,unambiguous,long,object,nonfinal,10,4,herself,8.300470352172852
critical,8,unambiguous,long,object,nonfinal,10,5,the,7.672107219696045
critical,8,unambiguous,long,object,nonfinal,10,6,baton,14.12557053565979
critical,8,unambiguous,long,object,nonfinal,10,7,made,13.283774375915527
critical,8,unambiguous,long,object,nonfinal,10,8,of,5.378329277038574
critical,8,unambiguous,long,object,nonfinal,10,9,steel,7.517806053161621
critical,8,unambiguous,long,object,nonfinal,10,10,flew,16.211158752441406
critical,8,unambiguous,long,object,nonfinal,10,11,from,5.297742366790772
critical,8,unambiguous,long,object,nonfinal,10,12,her,1.197318434715271
critical,8,unambiguous,long,object,nonfinal,10,13,hands.,6.394243240356445
critical,9,ambiguous,short,,final,7,0,After,18.19958877563477
critical,9,ambiguous,short,,final,7,1,the,2.606558084487915
critical,9,ambiguous,short,,final,7,2,teacher,11.136486053466797
critical,9,ambiguous,short,,final,7,3,finished,10.12697410583496
critical,9,ambiguous,short,,final,7,4,grading,6.5499043464660645
critical,9,ambiguous,short,,final,7,5,the,1.2843306064605713
critical,9,ambiguous,short,,final,7,6,students,3.449542760848999
critical,9,ambiguous,short,,final,7,7,passed.,30.188055992126465
critical,9,ambiguous,short,,nonfinal,7,0,After,18.19958877563477
critical,9,ambiguous,short,,nonfinal,7,1,the,2.606558084487915
critical,9,ambiguous,short,,nonfinal,7,2,teacher,11.136486053466797
critical,9,ambiguous,short,,nonfinal,7,3,finished,10.12697410583496
critical,9,ambiguous,short,,nonfinal,7,4,grading,6.5499043464660645
critical,9,ambiguous,short,,nonfinal,7,5,the,1.2843306064605713
critical,9,ambiguous,short,,nonfinal,7,6,students,3.449542760848999
critical,9,ambiguous,short,,nonfinal,7,7,passed,20.90294647216797
critical,9,ambiguous,short,,nonfinal,7,8,the,3.425107479095459
critical,9,ambiguous,short,,nonfinal,7,9,class.,8.989088535308838
critical,9,ambiguous,long,,final,9,0,After,18.19958877563477
critical,9,ambiguous,long,,final,9,1,the,2.606558084487915
critical,9,ambiguous,long,,final,9,2,teacher,11.136486053466797
critical,9,ambiguous,long,,final,9,3,finished,10.12697410583496
critical,9,ambiguous,long,,final,9,4,grading,6.5499043464660645
critical,9,ambiguous,long,,final,9,5,the,1.2843306064605713
critical,9,ambiguous,long,,final,9,6,students,3.449542760848999
critical,9,ambiguous,long,,final,9,7,studying,18.18590545654297
critical,9,ambiguous,long,,final,9,8,engineering,12.770812034606934
critical,9,ambiguous,long,,final,9,9,passed.,23.995036125183105
critical,9,ambiguous,long,,nonfinal,9,0,After,18.19958877563477
critical,9,ambiguous,long,,nonfinal,9,1,the,2.606558084487915
critical,9,ambiguous,long,,nonfinal,9,2,teacher,11.136486053466797
critical,9,ambiguous,long,,nonfinal,9,3,finished,10.12697410583496
critical,9,ambiguous,long,,nonfinal,9,4,grading,6.5499043464660645
critical,9,ambiguous,long,,nonfinal,9,5,the,1.2843306064605713
critical,9,ambiguous,long,,nonfinal,9,6,students,3.449542760848999
critical,9,ambiguous,long,,nonfinal,9,7,studying,18.18590545654297
critical,9,ambiguous,long,,nonfinal,9,8,engineering,12.770812034606934
critical,9,ambiguous,long,,nonfinal,9,9,passed,16.943138122558594
critical,9,ambiguous,long,,nonfinal,9,10,the,1.4366302490234375
critical,9,ambiguous,long,,nonfinal,9,11,class.,8.319829940795898
critical,9,unambiguous,short,comma,final,7,0,After,18.19958877563477
critical,9,unambiguous,short,comma,final,7,1,the,2.606558084487915
critical,9,unambiguous,short,comma,final,7,2,teacher,11.136486053466797
critical,9,unambiguous,short,comma,final,7,3,finished,10.12697410583496
critical,9,unambiguous,short,comma,final,7,4,"grading,",9.771232843399048
critical,9,unambiguous,short,comma,final,7,5,the,2.21332049369812
critical,9,unambiguous,short,comma,final,7,6,students,2.236699104309082
critical,9,unambiguous,short,comma,final,7,7,passed.,18.544192790985107
critical,9,unambiguous,short,comma,nonfinal,7,0,After,18.19958877563477
critical,9,unambiguous,short,comma,nonfinal,7,1,the,2.606558084487915
critical,9,unambiguous,short,comma,nonfinal,7,2,teacher,11.136486053466797
critical,9,unambiguous,short,comma,nonfinal,7,3,finished,10.12697410583496
critical,9,unambiguous,short,comma,nonfinal,7,4,"grading,",9.771232843399048
critical,9,unambiguous,short,comma,nonfinal,7,5,the,2.21332049369812
critical,9,unambiguous,short,comma,nonfinal,7,6,students,2.236699104309082
critical,9,unambiguous,short,comma,nonfinal,7,7,passed,11.464462280273438
critical,9,unambiguous,short,comma,nonfinal,7,8,the,1.913338661193848
critical,9,unambiguous,short,comma,nonfinal,7,9,class.,6.969181299209595
critical,9,unambiguous,long,comma,final,9,0,After,18.19958877563477
critical,9,unambiguous,long,comma,final,9,1,the,2.606558084487915
critical,9,unambiguous,long,comma,final,9,2,teacher,11.136486053466797
critical,9,unambiguous,long,comma,final,9,3,finished,10.12697410583496
critical,9,unambiguous,long,comma,final,9,4,"grading,",9.771232843399048
critical,9,unambiguous,long,comma,final,9,5,the,2.21332049369812
critical,9,unambiguous,long,comma,final,9,6,students,2.236699104309082
critical,9,unambiguous,long,comma,final,9,7,studying,17.675373077392578
critical,9,unambiguous,long,comma,final,9,8,engineering,13.020495414733888
critical,9,unambiguous,long,comma,final,9,9,passed.,15.599133014678957
critical,9,unambiguous,long,comma,nonfinal,9,0,After,18.19958877563477
critical,9,unambiguous,long,comma,nonfinal,9,1,the,2.606558084487915
critical,9,unambiguous,long,comma,nonfinal,9,2,teacher,11.136486053466797
critical,9,unambiguous,long,comma,nonfinal,9,3,finished,10.12697410583496
critical,9,unambiguous,long,comma,nonfinal,9,4,"grading,",9.771230220794678
critical,9,unambiguous,long,comma,nonfinal,9,5,the,2.21332049369812
critical,9,unambiguous,long,comma,nonfinal,9,6,students,2.236699104309082
critical,9,unambiguous,long,comma,nonfinal,9,7,studying,17.675373077392578
critical,9,unambiguous,long,comma,nonfinal,9,8,engineering,13.020495414733888
critical,9,unambiguous,long,comma,nonfinal,9,9,passed,9.816322326660156
critical,9,unambiguous,long,comma,nonfinal,9,10,the,1.6636857986450195
critical,9,unambiguous,long,comma,nonfinal,9,11,class.,8.359730958938599
critical,9,unambiguous,short,object,final,9,0,After,18.19958877563477
critical,9,unambiguous,short,object,final,9,1,the,2.606558084487915
critical,9,unambiguous,short,object,final,9,2,teacher,11.136486053466797
critical,9,unambiguous,short,object,final,9,3,finished,10.12697410583496
critical,9,unambiguous,short,object,final,9,4,grading,6.5499043464660645
critical,9,unambiguous,short,object,final,9,5,the,1.2843306064605713
critical,9,unambiguous,short,object,final,9,6,final,3.156393527984619
critical,9,unambiguous,short,object,final,9,7,the,15.66008758544922
critical,9,unambiguous,short,object,final,9,8,students,1.8992085456848145
critical,9,unambiguous,short,object,final,9,9,passed.,17.752761363983154
critical,9,unambiguous,short,object,nonfinal,9,0,After,18.19958877563477
critical,9,unambiguous,short,object,nonfinal,9,1,the,2.606558084487915
critical,9,unambiguous,short,object,nonfinal,9,2,teacher,11.136486053466797
critical,9,unambiguous,short,object,nonfinal,9,3,finished,10.12697410583496
critical,9,unambiguous,short,object,nonfinal,9,4,grading,6.5499043464660645
critical,9,unambiguous,short,object,nonfinal,9,5,the,1.2843306064605713
critical,9,unambiguous,short,object,nonfinal,9,6,final,3.156393527984619
critical,9,unambiguous,short,object,nonfinal,9,7,the,15.66008758544922
critical,9,unambiguous,short,object,nonfinal,9,8,students,1.8992085456848145
critical,9,unambiguous,short,object,nonfinal,9,9,passed,10.46177864074707
critical,9,unambiguous,short,object,nonfinal,9,10,the,1.608821988105774
critical,9,unambiguous,short,object,nonfinal,9,11,class.,7.065319776535034
critical,9,unambiguous,long,object,final,11,0,After,18.19958877563477
critical,9,unambiguous,long,object,final,11,1,the,2.606558084487915
critical,9,unambiguous,long,object,final,11,2,teacher,11.136486053466797
critical,9,unambiguous,long,object,final,11,3,finished,10.12697410583496
critical,9,unambiguous,long,object,final,11,4,grading,6.5499043464660645
critical,9,unambiguous,long,object,final,11,5,the,1.2843306064605713
critical,9,unambiguous,long,object,final,11,6,final,3.156393527984619
critical,9,unambiguous,long,object,final,11,7,the,15.66008758544922
critical,9,unambiguous,long,object,final,11,8,students,1.8992085456848145
critical,9,unambiguous,long,object,final,11,9,studying,15.593751907348633
critical,9,unambiguous,long,object,final,11,10,engineering,10.572996139526367
critical,9,unambiguous,long,object,final,11,11,passed.,16.17131519317627
critical,9,unambiguous,long,object,nonfinal,11,0,After,18.19958877563477
critical,9,unambiguous,long,object,nonfinal,11,1,the,2.606558084487915
critical,9,unambiguous,long,object,nonfinal,11,2,teacher,11.136486053466797
critical,9,unambiguous,long,object,nonfinal,11,3,finished,10.12697410583496
critical,9,unambiguous,long,object,nonfinal,11,4,grading,6.5499043464660645
critical,9,unambiguous,long,object,nonfinal,11,5,the,1.2843306064605713
critical,9,unambiguous,long,object,nonfinal,11,6,final,3.156393527984619
critical,9,unambiguous,long,object,nonfinal,11,7,the,15.66008758544922
critical,9,unambiguous,long,object,nonfinal,11,8,students,1.8992085456848145
critical,9,unambiguous,long,object,nonfinal,11,9,studying,15.593751907348633
critical,9,unambiguous,long,object,nonfinal,11,10,engineering,10.572996139526367
critical,9,unambiguous,long,object,nonfinal,11,11,passed,9.897385597229004
critical,9,unambiguous,long,object,nonfinal,11,12,the,1.8641791343688965
critical,9,unambiguous,long,object,nonfinal,11,13,class.,8.721174001693726
critical,10,ambiguous,short,,final,8,0,Since,19.18470764160156
critical,10,ambiguous,short,,final,8,1,the,2.1523478031158447
critical,10,ambiguous,short,,final,8,2,company,11.61193561553955
critical,10,ambiguous,short,,final,8,3,shut,14.303106307983398
critical,10,ambiguous,short,,final,8,4,down,0.0867040231823921
critical,10,ambiguous,short,,final,8,5,their,7.28825569152832
critical,10,ambiguous,short,,final,8,6,product,9.130239486694336
critical,10,ambiguous,short,,final,8,7,line,1.562727928161621
critical,10,ambiguous,short,,final,8,8,disappeared.,25.548203706741333
critical,10,ambiguous,short,,nonfinal,8,0,Since,19.18470764160156
critical,10,ambiguous,short,,nonfinal,8,1,the,2.1523478031158447
critical,10,ambiguous,short,,nonfinal,8,2,company,11.61193561553955
critical,10,ambiguous,short,,nonfinal,8,3,shut,14.303106307983398
critical,10,ambiguous,short,,nonfinal,8,4,down,0.0867040231823921
critical,10,ambiguous,short,,nonfinal,8,5,their,7.28825569152832
critical,10,ambiguous,short,,nonfinal,8,6,product,9.130239486694336
critical,10,ambiguous,short,,nonfinal,8,7,line,1.562727928161621
critical,10,ambiguous,short,,nonfinal,8,8,disappeared,22.250652313232425
critical,10,ambiguous,short,,nonfinal,8,9,from,3.516296625137329
critical,10,ambiguous,short,,nonfinal,8,10,the,0.6244263648986816
critical,10,ambiguous,short,,nonfinal,8,11,market.,4.748762845993042
critical,10,ambiguous,long,,final,10,0,Since,19.18470764160156
critical,10,ambiguous,long,,final,10,1,the,2.1523478031158447
critical,10,ambiguous,long,,final,10,2,company,11.61193561553955
critical,10,ambiguous,long,,final,10,3,shut,14.303106307983398
critical,10,ambiguous,long,,final,10,4,down,0.0867040231823921
critical,10,ambiguous,long,,final,10,5,their,7.28825569152832
critical,10,ambiguous,long,,final,10,6,product,9.130239486694336
critical,10,ambiguous,long,,final,10,7,line,1.562727928161621
critical,10,ambiguous,long,,final,10,8,of,7.366742134094238
critical,10,ambiguous,long,,final,10,9,streetwear,16.389694690704346
critical,10,ambiguous,long,,final,10,10,disappeared.,29.61061286926269
critical,10,ambiguous,long,,nonfinal,10,0,Since,19.18470764160156
critical,10,ambiguous,long,,nonfinal,10,1,the,2.1523478031158447
critical,10,ambiguous,long,,nonfinal,10,2,company,11.61193561553955
critical,10,ambiguous,long,,nonfinal,10,3,shut,14.303106307983398
critical,10,ambiguous,long,,nonfinal,10,4,down,0.0867040231823921
critical,10,ambiguous,long,,nonfinal,10,5,their,7.28825569152832
critical,10,ambiguous,long,,nonfinal,10,6,product,9.130239486694336
critical,10,ambiguous,long,,nonfinal,10,7,line,1.562727928161621
critical,10,ambiguous,long,,nonfinal,10,8,of,7.366742134094238
critical,10,ambiguous,long,,nonfinal,10,9,streetwear,16.389694690704346
critical,10,ambiguous,long,,nonfinal,10,10,disappeared,25.44251823425293
critical,10,ambiguous,long,,nonfinal,10,11,from,3.626296758651733
critical,10,ambiguous,long,,nonfinal,10,12,the,0.5889951586723328
critical,10,ambiguous,long,,nonfinal,10,13,market.,5.23115348815918
critical,10,unambiguous,short,comma,final,8,0,Since,19.18470764160156
critical,10,unambiguous,short,comma,final,8,1,the,2.1523478031158447
critical,10,unambiguous,short,comma,final,8,2,company,11.61193561553955
critical,10,unambiguous,short,comma,final,8,3,shut,14.303106307983398
critical,10,unambiguous,short,comma,final,8,4,"down,",1.6736360862851145
critical,10,unambiguous,short,comma,final,8,5,their,7.398751258850098
critical,10,unambiguous,short,comma,final,8,6,product,8.281448364257812
critical,10,unambiguous,short,comma,final,8,7,line,5.257977485656738
critical,10,unambiguous,short,comma,final,8,8,disappeared.,14.194686651229858
critical,10,unambiguous,short,comma,nonfinal,8,0,Since,19.18470764160156
critical,10,unambiguous,short,comma,nonfinal,8,1,the,2.1523478031158447
critical,10,unambiguous,short,comma,nonfinal,8,2,company,11.61193561553955
critical,10,unambiguous,short,comma,nonfinal,8,3,shut,14.303106307983398
critical,10,unambiguous,short,comma,nonfinal,8,4,"down,",1.6736360862851145
critical,10,unambiguous,short,comma,nonfinal,8,5,their,7.398751258850098
critical,10,unambiguous,short,comma,nonfinal,8,6,product,8.281448364257812
critical,10,unambiguous,short,comma,nonfinal,8,7,line,5.257977485656738
critical,10,unambiguous,short,comma,nonfinal,8,8,disappeared,11.916183471679688
critical,10,unambiguous,short,comma,nonfinal,8,9,from,4.400141716003418
critical,10,unambiguous,short,comma,nonfinal,8,10,the,0.4987083971500397
critical,10,unambiguous,short,comma,nonfinal,8,11,market.,2.349442631006241
critical,10,unambiguous,long,comma,final,10,0,Since,19.18470764160156
critical,10,unambiguous,long,comma,final,10,1,the,2.1523478031158447
critical,10,unambiguous,long,comma,final,10,2,company,11.61193561553955
critical,10,unambiguous,long,comma,final,10,3,shut,14.303106307983398
critical,10,unambiguous,long,comma,final,10,4,"down,",1.6736360862851145
critical,10,unambiguous,long,comma,final,10,5,their,7.398751258850098
critical,10,unambiguous,long,comma,final,10,6,product,8.281448364257812
critical,10,unambiguous,long,comma,final,10,7,line,5.257977485656738
critical,10,unambiguous,long,comma,final,10,8,of,8.044456481933594
critical,10,unambiguous,long,comma,final,10,9,streetwear,16.41171407699585
critical,10,unambiguous,long,comma,final,10,10,disappeared.,18.503463983535767
critical,10,unambiguous,long,comma,nonfinal,10,0,Since,19.18470764160156
critical,10,unambiguous,long,comma,nonfinal,10,1,the,2.1523478031158447
critical,10,unambiguous,long,comma,nonfinal,10,2,company,11.61193561553955
critical,10,unambiguous,long,comma,nonfinal,10,3,shut,14.303106307983398
critical,10,unambiguous,long,comma,nonfinal,10,4,"down,",1.6736360862851145
critical,10,unambiguous,long,comma,nonfinal,10,5,their,7.398751258850098
critical,10,unambiguous,long,comma,nonfinal,10,6,product,8.281448364257812
critical,10,unambiguous,long,comma,nonfinal,10,7,line,5.257977485656738
critical,10,unambiguous,long,comma,nonfinal,10,8,of,8.044456481933594
critical,10,unambiguous,long,comma,nonfinal,10,9,streetwear,16.41171407699585
critical,10,unambiguous,long,comma,nonfinal,10,10,disappeared,16.263198852539062
critical,10,unambiguous,long,comma,nonfinal,10,11,from,4.206822395324707
critical,10,unambiguous,long,comma,nonfinal,10,12,the,0.5404052734375
critical,10,unambiguous,long,comma,nonfinal,10,13,market.,2.518546938896179
critical,10,unambiguous,short,object,final,11,0,Since,19.18470764160156
critical,10,unambiguous,short,object,final,11,1,the,2.1523478031158447
critical,10,unambiguous,short,object,final,11,2,company,11.61193561553955
critical,10,unambiguous,short,object,final,11,3,shut,14.303106307983398
critical,10,unambiguous,short,object,final,11,4,down,0.0867040231823921
critical,10,unambiguous,short,object,final,11,5,the,4.754802703857422
critical,10,unambiguous,short,object,final,11,6,clothing,14.119539260864258
critical,10,unambiguous,short,object,final,11,7,brand,9.673677444458008
critical,10,unambiguous,short,object,final,11,8,their,13.750975608825684
critical,10,unambiguous,short,object,final,11,9,product,6.350196361541748
critical,10,unambiguous,short,object,final,11,10,line,2.776160478591919
critical,10,unambiguous,short,object,final,11,11,disappeared.,11.315548658370972
critical,10,unambiguous,short,object,nonfinal,11,0,Since,19.18470764160156
critical,10,unambiguous,short,object,nonfinal,11,1,the,2.1523478031158447
critical,10,unambiguous,short,object,nonfinal,11,2,company,11.61193561553955
critical,10,unambiguous,short,object,nonfinal,11,3,shut,14.303106307983398
critical,10,unambiguous,short,object,nonfinal,11,4,down,0.0867040231823921
critical,10,unambiguous,short,object,nonfinal,11,5,the,4.754802703857422
critical,10,unambiguous,short,object,nonfinal,11,6,clothing,14.119539260864258
critical,10,unambiguous,short,object,nonfinal,11,7,brand,9.673677444458008
critical,10,unambiguous,short,object,nonfinal,11,8,their,13.750975608825684
critical,10,unambiguous,short,object,nonfinal,11,9,product,6.350196361541748
critical,10,unambiguous,short,object,nonfinal,11,10,line,2.776160478591919
critical,10,unambiguous,short,object,nonfinal,11,11,disappeared,8.633973121643066
critical,10,unambiguous,short,object,nonfinal,11,12,from,4.220536708831787
critical,10,unambiguous,short,object,nonfinal,11,13,the,0.5772343277931213
critical,10,unambiguous,short,object,nonfinal,11,14,market.,3.729475259780884
critical,10,unambiguous,long,object,final,13,0,Since,19.18470764160156
critical,10,unambiguous,long,object,final,13,1,the,2.1523478031158447
critical,10,unambiguous,long,object,final,13,2,company,11.61193561553955
critical,10,unambiguous,long,object,final,13,3,shut,14.303106307983398
critical,10,unambiguous,long,object,final,13,4,down,0.0867040231823921
critical,10,unambiguous,long,object,final,13,5,the,4.754802703857422
critical,10,unambiguous,long,object,final,13,6,clothing,14.119539260864258
critical,10,unambiguous,long,object,final,13,7,brand,9.673677444458008
critical,10,unambiguous,long,object,final,13,8,their,13.750975608825684
critical,10,unambiguous,long,object,final,13,9,product,6.350196361541748
critical,10,unambiguous,long,object,final,13,10,line,2.776160478591919
critical,10,unambiguous,long,object,final,13,11,of,8.242177963256836
critical,10,unambiguous,long,object,final,13,12,streetwear,12.425476610660551
critical,10,unambiguous,long,object,final,13,13,disappeared.,14.874809980392456
critical,10,unambiguous,long,object,nonfinal,13,0,Since,19.18470764160156
critical,10,unambiguous,long,object,nonfinal,13,1,the,2.1523478031158447
critical,10,unambiguous,long,object,nonfinal,13,2,company,11.61193561553955
critical,10,unambiguous,long,object,nonfinal,13,3,shut,14.303106307983398
critical,10,unambiguous,long,object,nonfinal,13,4,down,0.0867040231823921
critical,10,unambiguous,long,object,nonfinal,13,5,the,4.754802703857422
critical,10,unambiguous,long,object,nonfinal,13,6,clothing,14.119539260864258
critical,10,unambiguous,long,object,nonfinal,13,7,brand,9.673677444458008
critical,10,unambiguous,long,object,nonfinal,13,8,their,13.750975608825684
critical,10,unambiguous,long,object,nonfinal,13,9,product,6.350196361541748
critical,10,unambiguous,long,object,nonfinal,13,10,line,2.776160478591919
critical,10,unambiguous,long,object,nonfinal,13,11,of,8.242177963256836
critical,10,unambiguous,long,object,nonfinal,13,12,streetwear,12.425476610660551
critical,10,unambiguous,long,object,nonfinal,13,13,disappeared,11.864208221435549
critical,10,unambiguous,long,object,nonfinal,13,14,from,4.712431907653809
critical,10,unambiguous,long,object,nonfinal,13,15,the,0.5771792531013489
critical,10,unambiguous,long,object,nonfinal,13,16,market.,3.984097719192505
critical,11,ambiguous,short,,final,6,0,Because,23.872631072998047
critical,11,ambiguous,short,,final,6,1,the,8.49134635925293
critical,11,ambiguous,short,,final,6,2,employees,12.906478881835938
critical,11,ambiguous,short,,final,6,3,mopped,22.49044752120972
critical,11,ambiguous,short,,final,6,4,the,1.4123159646987915
critical,11,ambiguous,short,,final,6,5,bathroom,6.549831390380859
critical,11,ambiguous,short,,final,6,6,sparkled.,32.004910945892334
critical,11,ambiguous,short,,nonfinal,6,0,Because,23.872631072998047
critical,11,ambiguous,short,,nonfinal,6,1,the,8.49134635925293
critical,11,ambiguous,short,,nonfinal,6,2,employees,12.906478881835938
critical,11,ambiguous,short,,nonfinal,6,3,mopped,22.49044752120972
critical,11,ambiguous,short,,nonfinal,6,4,the,1.4123159646987915
critical,11,ambiguous,short,,nonfinal,6,5,bathroom,6.549831390380859
critical,11,ambiguous,short,,nonfinal,6,6,sparkled,27.235614776611328
critical,11,ambiguous,short,,nonfinal,6,7,brilliantly,12.41622829437256
critical,11,ambiguous,short,,nonfinal,6,8,in,4.253169536590576
critical,11,ambiguous,short,,nonfinal,6,9,the,0.5163359642028809
critical,11,ambiguous,short,,nonfinal,6,10,light.,6.190995693206787
critical,11,ambiguous,long,,final,7,0,Because,23.872631072998047
critical,11,ambiguous,long,,final,7,1,the,8.49134635925293
critical,11,ambiguous,long,,final,7,2,employees,12.906478881835938
critical,11,ambiguous,long,,final,7,3,mopped,22.49044752120972
critical,11,ambiguous,long,,final,7,4,the,1.4123159646987915
critical,11,ambiguous,long,,final,7,5,bathroom,6.549831390380859
critical,11,ambiguous,long,,final,7,6,downstairs,10.648809432983398
critical,11,ambiguous,long,,final,7,7,sparkled.,30.012082815170288
critical,11,ambiguous,long,,nonfinal,7,0,Because,23.872631072998047
critical,11,ambiguous,long,,nonfinal,7,1,the,8.49134635925293
critical,11,ambiguous,long,,nonfinal,7,2,employees,12.906478881835938
critical,11,ambiguous,long,,nonfinal,7,3,mopped,22.49044752120972
critical,11,ambiguous,long,,nonfinal,7,4,the,1.4123159646987915
critical,11,ambiguous,long,,nonfinal,7,5,bathroom,6.549831390380859
critical,11,ambiguous,long,,nonfinal,7,6,downstairs,10.648809432983398
critical,11,ambiguous,long,,nonfinal,7,7,sparkled,25.49966406822205
critical,11,ambiguous,long,,nonfinal,7,8,brilliantly,10.415895462036133
critical,11,ambiguous,long,,nonfinal,7,9,in,4.060444355010986
critical,11,ambiguous,long,,nonfinal,7,10,the,0.4781557917594909
critical,11,ambiguous,long,,nonfinal,7,11,light.,6.205060958862305
critical,11,unambiguous,short,comma,final,6,0,Because,23.872631072998047
critical,11,unambiguous,short,comma,final,6,1,the,8.49134635925293
critical,11,unambiguous,short,comma,final,6,2,employees,12.906478881835938
critical,11,unambiguous,short,comma,final,6,3,"mopped,",28.41836452484131
critical,11,unambiguous,short,comma,final,6,4,the,3.88892126083374
critical,11,unambiguous,short,comma,final,6,5,bathroom,8.932364463806152
critical,11,unambiguous,short,comma,final,6,6,sparkled.,19.953280210494995
critical,11,unambiguous,short,comma,nonfinal,6,0,Because,23.872631072998047
critical,11,unambiguous,short,comma,nonfinal,6,1,the,8.49134635925293
critical,11,unambiguous,short,comma,nonfinal,6,2,employees,12.906478881835938
critical,11,unambiguous,short,comma,nonfinal,6,3,"mopped,",28.41836452484131
critical,11,unambiguous,short,comma,nonfinal,6,4,the,3.88892126083374
critical,11,unambiguous,short,comma,nonfinal,6,5,bathroom,8.932364463806152
critical,11,unambiguous,short,comma,nonfinal,6,6,sparkled,17.237173318862915
critical,11,unambiguous,short,comma,nonfinal,6,7,brilliantly,10.049686431884766
critical,11,unambiguous,short,comma,nonfinal,6,8,in,5.055640697479248
critical,11,unambiguous,short,comma,nonfinal,6,9,the,0.5272877812385559
critical,11,unambiguous,short,comma,nonfinal,6,10,light.,5.262671828269959
critical,11,unambiguous,long,comma,final,7,0,Because,23.872631072998047
critical,11,unambiguous,long,comma,final,7,1,the,8.49134635925293
critical,11,unambiguous,long,comma,final,7,2,employees,12.906478881835938
critical,11,unambiguous,long,comma,final,7,3,"mopped,",28.41836452484131
critical,11,unambiguous,long,comma,final,7,4,the,3.88892126083374
critical,11,unambiguous,long,comma,final,7,5,bathroom,8.932364463806152
critical,11,unambiguous,long,comma,final,7,6,downstairs,13.660225868225098
critical,11,unambiguous,long,comma,final,7,7,sparkled.,17.757958095520735
critical,11,unambiguous,long,comma,nonfinal,7,0,Because,23.872631072998047
critical,11,unambiguous,long,comma,nonfinal,7,1,the,8.49134635925293
critical,11,unambiguous,long,comma,nonfinal,7,2,employees,12.906478881835938
critical,11,unambiguous,long,comma,nonfinal,7,3,"mopped,",28.41836452484131
critical,11,unambiguous,long,comma,nonfinal,7,4,the,3.8889238834381104
critical,11,unambiguous,long,comma,nonfinal,7,5,bathroom,8.932364463806152
critical,11,unambiguous,long,comma,nonfinal,7,6,downstairs,13.660225868225098
critical,11,unambiguous,long,comma,nonfinal,7,7,sparkled,14.996907394379376
critical,11,unambiguous,long,comma,nonfinal,7,8,brilliantly,9.989110946655272
critical,11,unambiguous,long,comma,nonfinal,7,9,in,5.13951587677002
critical,11,unambiguous,long,comma,nonfinal,7,10,the,0.7988965511322021
critical,11,unambiguous,long,comma,nonfinal,7,11,light.,5.242655873298645
critical,11,unambiguous,short,object,final,8,0,Because,23.872631072998047
critical,11,unambiguous,short,object,final,8,1,the,8.49134635925293
critical,11,unambiguous,short,object,final,8,2,employees,12.906478881835938
critical,11,unambiguous,short,object,final,8,3,mopped,22.49044752120972
critical,11,unambiguous,short,object,final,8,4,the,1.4123159646987915
critical,11,unambiguous,short,object,final,8,5,floor,1.2605557441711426
critical,11,unambiguous,short,object,final,8,6,the,7.916555404663086
critical,11,unambiguous,short,object,final,8,7,bathroom,9.68825626373291
critical,11,unambiguous,short,object,final,8,8,sparkled.,21.820142805576324
critical,11,unambiguous,short,object,nonfinal,8,0,Because,23.872631072998047
critical,11,unambiguous,short,object,nonfinal,8,1,the,8.49134635925293
critical,11,unambiguous,short,object,nonfinal,8,2,employees,12.906478881835938
critical,11,unambiguous,short,object,nonfinal,8,3,mopped,22.49044752120972
critical,11,unambiguous,short,object,nonfinal,8,4,the,1.4123159646987915
critical,11,unambiguous,short,object,nonfinal,8,5,floor,1.2605557441711426
critical,11,unambiguous,short,object,nonfinal,8,6,the,7.916555404663086
critical,11,unambiguous,short,object,nonfinal,8,7,bathroom,9.68825626373291
critical,11,unambiguous,short,object,nonfinal,8,8,sparkled,18.867951929569244
critical,11,unambiguous,short,object,nonfinal,8,9,brilliantly,10.547308921813965
critical,11,unambiguous,short,object,nonfinal,8,10,in,5.683661937713623
critical,11,unambiguous,short,object,nonfinal,8,11,the,0.4046159982681274
critical,11,unambiguous,short,object,nonfinal,8,12,light.,5.0474512577056885
critical,11,unambiguous,long,object,final,9,0,Because,23.872631072998047
critical,11,unambiguous,long,object,final,9,1,the,8.49134635925293
critical,11,unambiguous,long,object,final,9,2,employees,12.906478881835938
critical,11,unambiguous,long,object,final,9,3,mopped,22.49044752120972
critical,11,unambiguous,long,object,final,9,4,the,1.4123159646987915
critical,11,unambiguous,long,object,final,9,5,floor,1.2605557441711426
critical,11,unambiguous,long,object,final,9,6,the,7.916555404663086
critical,11,unambiguous,long,object,final,9,7,bathroom,9.68825626373291
critical,11,unambiguous,long,object,final,9,8,downstairs,11.411486625671388
critical,11,unambiguous,long,object,final,9,9,sparkled.,23.22660206258297
critical,11,unambiguous,long,object,nonfinal,9,0,Because,23.872631072998047
critical,11,unambiguous,long,object,nonfinal,9,1,the,8.49134635925293
critical,11,unambiguous,long,object,nonfinal,9,2,employees,12.906478881835938
critical,11,unambiguous,long,object,nonfinal,9,3,mopped,22.49044752120972
critical,11,unambiguous,long,object,nonfinal,9,4,the,1.4123159646987915
critical,11,unambiguous,long,object,nonfinal,9,5,floor,1.2605557441711426
critical,11,unambiguous,long,object,nonfinal,9,6,the,7.916555404663086
critical,11,unambiguous,long,object,nonfinal,9,7,bathroom,9.68825626373291
critical,11,unambiguous,long,object,nonfinal,9,8,downstairs,11.411486625671388
critical,11,unambiguous,long,object,nonfinal,9,9,sparkled,20.039028868079185
critical,11,unambiguous,long,object,nonfinal,9,10,brilliantly,10.333725929260254
critical,11,unambiguous,long,object,nonfinal,9,11,in,5.391295433044434
critical,11,unambiguous,long,object,nonfinal,9,12,the,0.5175824761390686
critical,11,unambiguous,long,object,nonfinal,9,13,light.,5.485897064208984
critical,12,ambiguous,short,,final,6,0,As,18.614870071411133
critical,12,ambiguous,short,,final,6,1,the,3.726266860961914
critical,12,ambiguous,short,,final,6,2,journalist,13.029732704162598
critical,12,ambiguous,short,,final,6,3,recorded,13.607919692993164
critical,12,ambiguous,short,,final,6,4,the,1.804956555366516
critical,12,ambiguous,short,,final,6,5,demonstrators,13.801898956298828
critical,12,ambiguous,short,,final,6,6,shouted.,22.9397611618042
critical,12,ambiguous,short,,nonfinal,6,0,As,18.614870071411133
critical,12,ambiguous,short,,nonfinal,6,1,the,3.726266860961914
critical,12,ambiguous,short,,nonfinal,6,2,journalist,13.029732704162598
critical,12,ambiguous,short,,nonfinal,6,3,recorded,13.607919692993164
critical,12,ambiguous,short,,nonfinal,6,4,the,1.804956555366516
critical,12,ambiguous,short,,nonfinal,6,5,demonstrators,13.801898956298828
critical,12,ambiguous,short,,nonfinal,6,6,shouted,13.067648887634276
critical,12,ambiguous,short,,nonfinal,6,7,to,6.528699398040772
critical,12,ambiguous,short,,nonfinal,6,8,demand,9.963560104370115
critical,12,ambiguous,short,,nonfinal,6,9,immediate,7.5859055519104
critical,12,ambiguous,short,,nonfinal,6,10,change.,10.70839500427246
critical,12,ambiguous,long,,final,8,0,As,18.614870071411133
critical,12,ambiguous,long,,final,8,1,the,3.726266860961914
critical,12,ambiguous,long,,final,8,2,journalist,13.029732704162598
critical,12,ambiguous,long,,final,8,3,recorded,13.607919692993164
critical,12,ambiguous,long,,final,8,4,the,1.804956555366516
critical,12,ambiguous,long,,final,8,5,demonstrators,13.801898956298828
critical,12,ambiguous,long,,final,8,6,protesting,8.155763626098633
critical,12,ambiguous,long,,final,8,7,angrily,16.1983585357666
critical,12,ambiguous,long,,final,8,8,shouted.,22.97826766967773
critical,12,ambiguous,long,,nonfinal,8,0,As,18.614870071411133
critical,12,ambiguous,long,,nonfinal,8,1,the,3.726266860961914
critical,12,ambiguous,long,,nonfinal,8,2,journalist,13.029732704162598
critical,12,ambiguous,long,,nonfinal,8,3,recorded,13.607919692993164
critical,12,ambiguous,long,,nonfinal,8,4,the,1.804956555366516
critical,12,ambiguous,long,,nonfinal,8,5,demonstrators,13.801898956298828
critical,12,ambiguous,long,,nonfinal,8,6,protesting,8.155763626098633
critical,12,ambiguous,long,,nonfinal,8,7,angrily,16.1983585357666
critical,12,ambiguous,long,,nonfinal,8,8,shouted,13.565814018249512
critical,12,ambiguous,long,,nonfinal,8,9,to,6.04347038269043
critical,12,ambiguous,long,,nonfinal,8,10,demand,13.62324333190918
critical,12,ambiguous,long,,nonfinal,8,11,immediate,6.795575141906738
critical,12,ambiguous,long,,nonfinal,8,12,change.,9.460458755493164
critical,12,unambiguous,short,comma,final,6,0,As,18.614870071411133
critical,12,unambiguous,short,comma,final,6,1,the,3.726266860961914
critical,12,unambiguous,short,comma,final,6,2,journalist,13.029732704162598
critical,12,unambiguous,short,comma,final,6,3,"recorded,",15.99023151397705
critical,12,unambiguous,short,comma,final,6,4,the,2.09394645690918
critical,12,unambiguous,short,comma,final,6,5,demonstrators,12.912473678588867
critical,12,unambiguous,short,comma,final,6,6,shouted.,17.361328125
critical,12,unambiguous,short,comma,nonfinal,6,0,As,18.614870071411133
critical,12,unambiguous,short,comma,nonfinal,6,1,the,3.726266860961914
critical,12,unambiguous,short,comma,nonfinal,6,2,journalist,13.029732704162598
critical,12,unambiguous,short,comma,nonfinal,6,3,"recorded,",15.99023151397705
critical,12,unambiguous,short,comma,nonfinal,6,4,the,2.09394645690918
critical,12,unambiguous,short,comma,nonfinal,6,5,demonstrators,12.912473678588867
critical,12,unambiguous,short,comma,nonfinal,6,6,shouted,8.1322660446167
critical,12,unambiguous,short,comma,nonfinal,6,7,to,7.357707977294922
critical,12,unambiguous,short,comma,nonfinal,6,8,demand,7.486593246459961
critical,12,unambiguous,short,comma,nonfinal,6,9,immediate,7.560232162475586
critical,12,unambiguous,short,comma,nonfinal,6,10,change.,8.632354259490967
critical,12,unambiguous,long,comma,final,8,0,As,18.614870071411133
critical,12,unambiguous,long,comma,final,8,1,the,3.726266860961914
critical,12,unambiguous,long,comma,final,8,2,journalist,13.029732704162598
critical,12,unambiguous,long,comma,final,8,3,"recorded,",15.99023151397705
critical,12,unambiguous,long,comma,final,8,4,the,2.09394645690918
critical,12,unambiguous,long,comma,final,8,5,demonstrators,12.912473678588867
critical,12,unambiguous,long,comma,final,8,6,protesting,10.870277404785156
critical,12,unambiguous,long,comma,final,8,7,angrily,16.700077056884766
critical,12,unambiguous,long,comma,final,8,8,shouted.,15.578845500946043
critical,12,unambiguous,long,comma,nonfinal,8,0,As,18.614870071411133
critical,12,unambiguous,long,comma,nonfinal,8,1,the,3.726266860961914
critical,12,unambiguous,long,comma,nonfinal,8,2,journalist,13.029732704162598
critical,12,unambiguous,long,comma,nonfinal,8,3,"recorded,",15.99023151397705
critical,12,unambiguous,long,comma,nonfinal,8,4,the,2.09394645690918
critical,12,unambiguous,long,comma,nonfinal,8,5,demonstrators,12.912473678588867
critical,12,unambiguous,long,comma,nonfinal,8,6,protesting,10.870277404785156
critical,12,unambiguous,long,comma,nonfinal,8,7,angrily,16.7000789642334
critical,12,unambiguous,long,comma,nonfinal,8,8,shouted,7.420008182525635
critical,12,unambiguous,long,comma,nonfinal,8,9,to,6.905564308166504
critical,12,unambiguous,long,comma,nonfinal,8,10,demand,11.811274528503418
critical,12,unambiguous,long,comma,nonfinal,8,11,immediate,6.981364727020264
critical,12,unambiguous,long,comma,nonfinal,8,12,change.,8.134409070014954
critical,12,unambiguous,short,object,final,8,0,As,18.614870071411133
critical,12,unambiguous,short,object,final,8,1,the,3.726266860961914
critical,12,unambiguous,short,object,final,8,2,journalist,13.029732704162598
critical,12,unambiguous,short,object,final,8,3,recorded,13.607919692993164
critical,12,unambiguous,short,object,final,8,4,the,1.804956555366516
critical,12,unambiguous,short,object,final,8,5,commotion,11.047436319291592
critical,12,unambiguous,short,object,final,8,6,the,6.892276287078857
critical,12,unambiguous,short,object,final,8,7,demonstrators,11.813758850097656
critical,12,unambiguous,short,object,final,8,8,shouted.,14.702712535858154
critical,12,unambiguous,short,object,nonfinal,8,0,As,18.614870071411133
critical,12,unambiguous,short,object,nonfinal,8,1,the,3.726266860961914
critical,12,unambiguous,short,object,nonfinal,8,2,journalist,13.029732704162598
critical,12,unambiguous,short,object,nonfinal,8,3,recorded,13.607919692993164
critical,12,unambiguous,short,object,nonfinal,8,4,the,1.804956555366516
critical,12,unambiguous,short,object,nonfinal,8,5,commotion,11.047436319291592
critical,12,unambiguous,short,object,nonfinal,8,6,the,6.892276287078857
critical,12,unambiguous,short,object,nonfinal,8,7,demonstrators,11.813758850097656
critical,12,unambiguous,short,object,nonfinal,8,8,shouted,6.900527000427246
critical,12,unambiguous,short,object,nonfinal,8,9,to,5.991323947906494
critical,12,unambiguous,short,object,nonfinal,8,10,demand,9.118525505065918
critical,12,unambiguous,short,object,nonfinal,8,11,immediate,7.24188232421875
critical,12,unambiguous,short,object,nonfinal,8,12,change.,8.244225025177002
critical,12,unambiguous,long,object,final,10,0,As,18.614870071411133
critical,12,unambiguous,long,object,final,10,1,the,3.726266860961914
critical,12,unambiguous,long,object,final,10,2,journalist,13.029732704162598
critical,12,unambiguous,long,object,final,10,3,recorded,13.607919692993164
critical,12,unambiguous,long,object,final,10,4,the,1.804956555366516
critical,12,unambiguous,long,object,final,10,5,commotion,11.047436319291592
critical,12,unambiguous,long,object,final,10,6,the,6.892276287078857
critical,12,unambiguous,long,object,final,10,7,demonstrators,11.813758850097656
critical,12,unambiguous,long,object,final,10,8,protesting,12.929006576538086
critical,12,unambiguous,long,object,final,10,9,angrily,15.059027671813965
critical,12,unambiguous,long,object,final,10,10,shouted.,13.143654346466064
critical,12,unambiguous,long,object,nonfinal,10,0,As,18.614870071411133
critical,12,unambiguous,long,object,nonfinal,10,1,the,3.726266860961914
critical,12,unambiguous,long,object,nonfinal,10,2,journalist,13.029732704162598
critical,12,unambiguous,long,object,nonfinal,10,3,recorded,13.607919692993164
critical,12,unambiguous,long,object,nonfinal,10,4,the,1.804956555366516
critical,12,unambiguous,long,object,nonfinal,10,5,commotion,11.047436319291592
critical,12,unambiguous,long,object,nonfinal,10,6,the,6.892276287078857
critical,12,unambiguous,long,object,nonfinal,10,7,demonstrators,11.813758850097656
critical,12,unambiguous,long,object,nonfinal,10,8,protesting,12.929006576538086
critical,12,unambiguous,long,object,nonfinal,10,9,angrily,15.059027671813965
critical,12,unambiguous,long,object,nonfinal,10,10,shouted,5.966967105865479
critical,12,unambiguous,long,object,nonfinal,10,11,to,5.953597545623779
critical,12,unambiguous,long,object,nonfinal,10,12,demand,12.868358612060549
critical,12,unambiguous,long,object,nonfinal,10,13,immediate,6.66548490524292
critical,12,unambiguous,long,object,nonfinal,10,14,change.,8.488555788993835
critical,13,ambiguous,short,,final,10,0,Whenever,21.575241088867188
critical,13,ambiguous,short,,final,10,1,the,4.322208881378174
critical,13,ambiguous,short,,final,10,2,wildlife,16.228269577026367
critical,13,ambiguous,short,,final,10,3,documentary,12.550663948059082
critical,13,ambiguous,short,,final,10,4,crew,7.428597927093506
critical,13,ambiguous,short,,final,10,5,tries,8.733382225036621
critical,13,ambiguous,short,,final,10,6,to,0.0793624222278595
critical,13,ambiguous,short,,final,10,7,film,3.4979124069213867
critical,13,ambiguous,short,,final,10,8,the,2.582756996154785
critical,13,ambiguous,short,,final,10,9,bear,9.63726806640625
critical,13,ambiguous,short,,final,10,10,leaves.,22.95172643661499
critical,13,ambiguous,short,,nonfinal,10,0,Whenever,21.575241088867188
critical,13,ambiguous,short,,nonfinal,10,1,the,4.322208881378174
critical,13,ambiguous,short,,nonfinal,10,2,wildlife,16.228269577026367
critical,13,ambiguous,short,,nonfinal,10,3,documentary,12.550663948059082
critical,13,ambiguous,short,,nonfinal,10,4,crew,7.428597927093506
critical,13,ambiguous,short,,nonfinal,10,5,tries,8.733382225036621
critical,13,ambiguous,short,,nonfinal,10,6,to,0.0793624222278595
critical,13,ambiguous,short,,nonfinal,10,7,film,3.4979124069213867
critical,13,ambiguous,short,,nonfinal,10,8,the,2.582756996154785
critical,13,ambiguous,short,,nonfinal,10,9,bear,9.63726806640625
critical,13,ambiguous,short,,nonfinal,10,10,leaves,15.545881271362305
critical,13,ambiguous,short,,nonfinal,10,11,the,3.310368776321411
critical,13,ambiguous,short,,nonfinal,10,12,area,4.730791568756104
critical,13,ambiguous,short,,nonfinal,10,13,quickly.,8.610901355743408
critical,13,ambiguous,long,,final,12,0,Whenever,21.575241088867188
critical,13,ambiguous,long,,final,12,1,the,4.322208881378174
critical,13,ambiguous,long,,final,12,2,wildlife,16.228269577026367
critical,13,ambiguous,long,,final,12,3,documentary,12.550663948059082
critical,13,ambiguous,long,,final,12,4,crew,7.428597927093506
critical,13,ambiguous,long,,final,12,5,tries,8.733382225036621
critical,13,ambiguous,long,,final,12,6,to,0.0793624222278595
critical,13,ambiguous,long,,final,12,7,film,3.4979124069213867
critical,13,ambiguous,long,,final,12,8,the,2.582756996154785
critical,13,ambiguous,long,,final,12,9,bear,9.63726806640625
critical,13,ambiguous,long,,final,12,10,hunting,9.403982162475586
critical,13,ambiguous,long,,final,12,11,cautiously,16.383617401123047
critical,13,ambiguous,long,,final,12,12,leaves.,22.8402099609375
critical,13,ambiguous,long,,nonfinal,12,0,Whenever,21.575241088867188
critical,13,ambiguous,long,,nonfinal,12,1,the,4.322208881378174
critical,13,ambiguous,long,,nonfinal,12,2,wildlife,16.228269577026367
critical,13,ambiguous,long,,nonfinal,12,3,documentary,12.550663948059082
critical,13,ambiguous,long,,nonfinal,12,4,crew,7.428597927093506
critical,13,ambiguous,long,,nonfinal,12,5,tries,8.733382225036621
critical,13,ambiguous,long,,nonfinal,12,6,to,0.0793624222278595
critical,13,ambiguous,long,,nonfinal,12,7,film,3.4979124069213867
critical,13,ambiguous,long,,nonfinal,12,8,the,2.582756996154785
critical,13,ambiguous,long,,nonfinal,12,9,bear,9.63726806640625
critical,13,ambiguous,long,,nonfinal,12,10,hunting,9.403982162475586
critical,13,ambiguous,long,,nonfinal,12,11,cautiously,16.383617401123047
critical,13,ambiguous,long,,nonfinal,12,12,leaves,14.73515510559082
critical,13,ambiguous,long,,nonfinal,12,13,the,2.1676225662231445
critical,13,ambiguous,long,,nonfinal,12,14,area,6.199853420257568
critical,13,ambiguous,long,,nonfinal,12,15,quickly.,13.06401228904724
critical,13,unambiguous,short,comma,final,10,0,Whenever,21.575241088867188
critical,13,unambiguous,short,comma,final,10,1,the,4.322208881378174
critical,13,unambiguous,short,comma,final,10,2,wildlife,16.228269577026367
critical,13,unambiguous,short,comma,final,10,3,documentary,12.550663948059082
critical,13,unambiguous,short,comma,final,10,4,crew,7.428597927093506
critical,13,unambiguous,short,comma,final,10,5,tries,8.733382225036621
critical,13,unambiguous,short,comma,final,10,6,to,0.0793624222278595
critical,13,unambiguous,short,comma,final,10,7,"film,",10.465299606323242
critical,13,unambiguous,short,comma,final,10,8,the,2.853588342666626
critical,13,unambiguous,short,comma,final,10,9,bear,7.555263996124268
critical,13,unambiguous,short,comma,final,10,10,leaves.,11.377476215362549
critical,13,unambiguous,short,comma,nonfinal,10,0,Whenever,21.575241088867188
critical,13,unambiguous,short,comma,nonfinal,10,1,the,4.322208881378174
critical,13,unambiguous,short,comma,nonfinal,10,2,wildlife,16.228269577026367
critical,13,unambiguous,short,comma,nonfinal,10,3,documentary,12.550663948059082
critical,13,unambiguous,short,comma,nonfinal,10,4,crew,7.428597927093506
critical,13,unambiguous,short,comma,nonfinal,10,5,tries,8.733382225036621
critical,13,unambiguous,short,comma,nonfinal,10,6,to,0.0793624222278595
critical,13,unambiguous,short,comma,nonfinal,10,7,"film,",10.465299606323242
critical,13,unambiguous,short,comma,nonfinal,10,8,the,2.853588342666626
critical,13,unambiguous,short,comma,nonfinal,10,9,bear,7.555263996124268
critical,13,unambiguous,short,comma,nonfinal,10,10,leaves,8.279309272766113
critical,13,unambiguous,short,comma,nonfinal,10,11,the,2.0085289478302
critical,13,unambiguous,short,comma,nonfinal,10,12,area,4.619236469268799
critical,13,unambiguous,short,comma,nonfinal,10,13,quickly.,8.24636173248291
critical,13,unambiguous,long,comma,final,12,0,Whenever,21.575241088867188
critical,13,unambiguous,long,comma,final,12,1,the,4.322208881378174
critical,13,unambiguous,long,comma,final,12,2,wildlife,16.228269577026367
critical,13,unambiguous,long,comma,final,12,3,documentary,12.550663948059082
critical,13,unambiguous,long,comma,final,12,4,crew,7.428597927093506
critical,13,unambiguous,long,comma,final,12,5,tries,8.733382225036621
critical,13,unambiguous,long,comma,final,12,6,to,0.0793624222278595
critical,13,unambiguous,long,comma,final,12,7,"film,",10.465299606323242
critical,13,unambiguous,long,comma,final,12,8,the,2.853588342666626
critical,13,unambiguous,long,comma,final,12,9,bear,7.555263996124268
critical,13,unambiguous,long,comma,final,12,10,hunting,15.731258392333984
critical,13,unambiguous,long,comma,final,12,11,cautiously,16.288114547729492
critical,13,unambiguous,long,comma,final,12,12,leaves.,10.878875255584717
critical,13,unambiguous,long,comma,nonfinal,12,0,Whenever,21.575241088867188
critical,13,unambiguous,long,comma,nonfinal,12,1,the,4.322208881378174
critical,13,unambiguous,long,comma,nonfinal,12,2,wildlife,16.228269577026367
critical,13,unambiguous,long,comma,nonfinal,12,3,documentary,12.550663948059082
critical,13,unambiguous,long,comma,nonfinal,12,4,crew,7.428597927093506
critical,13,unambiguous,long,comma,nonfinal,12,5,tries,8.733382225036621
critical,13,unambiguous,long,comma,nonfinal,12,6,to,0.0793624222278595
critical,13,unambiguous,long,comma,nonfinal,12,7,"film,",10.465299606323242
critical,13,unambiguous,long,comma,nonfinal,12,8,the,2.853588342666626
critical,13,unambiguous,long,comma,nonfinal,12,9,bear,7.555263996124268
critical,13,unambiguous,long,comma,nonfinal,12,10,hunting,15.731258392333984
critical,13,unambiguous,long,comma,nonfinal,12,11,cautiously,16.288114547729492
critical,13,unambiguous,long,comma,nonfinal,12,12,leaves,7.416330814361572
critical,13,unambiguous,long,comma,nonfinal,12,13,the,1.4275109767913818
critical,13,unambiguous,long,comma,nonfinal,12,14,area,3.0956215858459477
critical,13,unambiguous,long,comma,nonfinal,12,15,quickly.,13.014071106910706
critical,13,unambiguous,short,object,final,12,0,Whenever,21.575241088867188
critical,13,unambiguous,short,object,final,12,1,the,4.322208881378174
critical,13,unambiguous,short,object,final,12,2,wildlife,16.228269577026367
critical,13,unambiguous,short,object,final,12,3,documentary,12.550663948059082
critical,13,unambiguous,short,object,final,12,4,crew,7.428597927093506
critical,13,unambiguous,short,object,final,12,5,tries,8.733382225036621
critical,13,unambiguous,short,object,final,12,6,to,0.0793624222278595
critical,13,unambiguous,short,object,final,12,7,film,3.4979124069213867
critical,13,unambiguous,short,object,final,12,8,a,1.487919569015503
critical,13,unambiguous,short,object,final,12,9,scene,7.609280109405518
critical,13,unambiguous,short,object,final,12,10,the,8.452646255493164
critical,13,unambiguous,short,object,final,12,11,bear,7.543732643127441
critical,13,unambiguous,short,object,final,12,12,leaves.,11.545312404632568
critical,13,unambiguous,short,object,nonfinal,12,0,Whenever,21.575241088867188
critical,13,unambiguous,short,object,nonfinal,12,1,the,4.322208881378174
critical,13,unambiguous,short,object,nonfinal,12,2,wildlife,16.228269577026367
critical,13,unambiguous,short,object,nonfinal,12,3,documentary,12.550663948059082
critical,13,unambiguous,short,object,nonfinal,12,4,crew,7.428597927093506
critical,13,unambiguous,short,object,nonfinal,12,5,tries,8.733382225036621
critical,13,unambiguous,short,object,nonfinal,12,6,to,0.0793624222278595
critical,13,unambiguous,short,object,nonfinal,12,7,film,3.4979124069213867
critical,13,unambiguous,short,object,nonfinal,12,8,a,1.487919569015503
critical,13,unambiguous,short,object,nonfinal,12,9,scene,7.609280109405518
critical,13,unambiguous,short,object,nonfinal,12,10,the,8.452646255493164
critical,13,unambiguous,short,object,nonfinal,12,11,bear,7.543732643127441
critical,13,unambiguous,short,object,nonfinal,12,12,leaves,8.288178443908691
critical,13,unambiguous,short,object,nonfinal,12,13,the,1.9767987728118896
critical,13,unambiguous,short,object,nonfinal,12,14,area,5.772326469421387
critical,13,unambiguous,short,object,nonfinal,12,15,quickly.,8.600951075553894
critical,13,unambiguous,long,object,final,14,0,Whenever,21.575241088867188
critical,13,unambiguous,long,object,final,14,1,the,4.322208881378174
critical,13,unambiguous,long,object,final,14,2,wildlife,16.228269577026367
critical,13,unambiguous,long,object,final,14,3,documentary,12.550663948059082
critical,13,unambiguous,long,object,final,14,4,crew,7.428597927093506
critical,13,unambiguous,long,object,final,14,5,tries,8.733382225036621
critical,13,unambiguous,long,object,final,14,6,to,0.0793624222278595
critical,13,unambiguous,long,object,final,14,7,film,3.4979124069213867
critical,13,unambiguous,long,object,final,14,8,a,1.487919569015503
critical,13,unambiguous,long,object,final,14,9,scene,7.609280109405518
critical,13,unambiguous,long,object,final,14,10,the,8.452646255493164
critical,13,unambiguous,long,object,final,14,11,bear,7.543732643127441
critical,13,unambiguous,long,object,final,14,12,hunting,14.389190673828123
critical,13,unambiguous,long,object,final,14,13,cautiously,16.336257934570312
critical,13,unambiguous,long,object,final,14,14,leaves.,12.009969234466553
critical,13,unambiguous,long,object,nonfinal,14,0,Whenever,21.575241088867188
critical,13,unambiguous,long,object,nonfinal,14,1,the,4.322208881378174
critical,13,unambiguous,long,object,nonfinal,14,2,wildlife,16.228269577026367
critical,13,unambiguous,long,object,nonfinal,14,3,documentary,12.550663948059082
critical,13,unambiguous,long,object,nonfinal,14,4,crew,7.428597927093506
critical,13,unambiguous,long,object,nonfinal,14,5,tries,8.733382225036621
critical,13,unambiguous,long,object,nonfinal,14,6,to,0.0793624222278595
critical,13,unambiguous,long,object,nonfinal,14,7,film,3.4979124069213867
critical,13,unambiguous,long,object,nonfinal,14,8,a,1.487919569015503
critical,13,unambiguous,long,object,nonfinal,14,9,scene,7.609280109405518
critical,13,unambiguous,long,object,nonfinal,14,10,the,8.452646255493164
critical,13,unambiguous,long,object,nonfinal,14,11,bear,7.543732643127441
critical,13,unambiguous,long,object,nonfinal,14,12,hunting,14.389190673828123
critical,13,unambiguous,long,object,nonfinal,14,13,cautiously,16.336257934570312
critical,13,unambiguous,long,object,nonfinal,14,14,leaves,7.986373424530029
critical,13,unambiguous,long,object,nonfinal,14,15,the,1.3664833307266235
critical,13,unambiguous,long,object,nonfinal,14,16,area,4.674151420593262
critical,13,unambiguous,long,object,nonfinal,14,17,quickly.,12.75082266330719
critical,14,ambiguous,short,,final,6,0,While,18.67967414855957
critical,14,ambiguous,short,,final,6,1,the,7.724239349365234
critical,14,ambiguous,short,,final,6,2,mechanic,15.50444221496582
critical,14,ambiguous,short,,final,6,3,inspected,12.401347160339355
critical,14,ambiguous,short,,final,6,4,the,0.7769185304641724
critical,14,ambiguous,short,,final,6,5,engine,3.657073497772217
critical,14,ambiguous,short,,final,6,6,hissed.,28.914429187774655
critical,14,ambiguous,short,,nonfinal,6,0,While,18.67967414855957
critical,14,ambiguous,short,,nonfinal,6,1,the,7.724239349365234
critical,14,ambiguous,short,,nonfinal,6,2,mechanic,15.50444221496582
critical,14,ambiguous,short,,nonfinal,6,3,inspected,12.401347160339355
critical,14,ambiguous,short,,nonfinal,6,4,the,0.7769185304641724
critical,14,ambiguous,short,,nonfinal,6,5,engine,3.657073497772217
critical,14,ambiguous,short,,nonfinal,6,6,hissed,23.70832061767578
critical,14,ambiguous,short,,nonfinal,6,7,as,4.717308044433594
critical,14,ambiguous,short,,nonfinal,6,8,steam,13.125310897827148
critical,14,ambiguous,short,,nonfinal,6,9,escaped.,7.732351064682007
critical,14,ambiguous,long,,final,9,0,While,18.67967414855957
critical,14,ambiguous,long,,final,9,1,the,7.724239349365234
critical,14,ambiguous,long,,final,9,2,mechanic,15.50444221496582
critical,14,ambiguous,long,,final,9,3,inspected,12.401347160339355
critical,14,ambiguous,long,,final,9,4,the,0.7769185304641724
critical,14,ambiguous,long,,final,9,5,engine,3.657073497772217
critical,14,ambiguous,long,,final,9,6,running,10.839750289916992
critical,14,ambiguous,long,,final,9,7,on,4.17119026184082
critical,14,ambiguous,long,,final,9,8,diesel,7.488804340362549
critical,14,ambiguous,long,,final,9,9,hissed.,30.79084348678589
critical,14,ambiguous,long,,nonfinal,9,0,While,18.67967414855957
critical,14,ambiguous,long,,nonfinal,9,1,the,7.724239349365234
critical,14,ambiguous,long,,nonfinal,9,2,mechanic,15.50444221496582
critical,14,ambiguous,long,,nonfinal,9,3,inspected,12.401347160339355
critical,14,ambiguous,long,,nonfinal,9,4,the,0.7769185304641724
critical,14,ambiguous,long,,nonfinal,9,5,engine,3.657073497772217
critical,14,ambiguous,long,,nonfinal,9,6,running,10.839750289916992
critical,14,ambiguous,long,,nonfinal,9,7,on,4.17119026184082
critical,14,ambiguous,long,,nonfinal,9,8,diesel,7.488804340362549
critical,14,ambiguous,long,,nonfinal,9,9,hissed,24.50802993774414
critical,14,ambiguous,long,,nonfinal,9,10,as,4.701854228973389
critical,14,ambiguous,long,,nonfinal,9,11,steam,13.076690673828123
critical,14,ambiguous,long,,nonfinal,9,12,escaped.,7.875140428543091
critical,14,unambiguous,short,comma,final,6,0,While,18.67967414855957
critical,14,unambiguous,short,comma,final,6,1,the,7.724239349365234
critical,14,unambiguous,short,comma,final,6,2,mechanic,15.50444221496582
critical,14,unambiguous,short,comma,final,6,3,"inspected,",18.30886173248291
critical,14,unambiguous,short,comma,final,6,4,the,2.3585081100463867
critical,14,unambiguous,short,comma,final,6,5,engine,6.144400596618652
critical,14,unambiguous,short,comma,final,6,6,hissed.,18.55767184495926
critical,14,unambiguous,short,comma,nonfinal,6,0,While,18.67967414855957
critical,14,unambiguous,short,comma,nonfinal,6,1,the,7.724239349365234
critical,14,unambiguous,short,comma,nonfinal,6,2,mechanic,15.50444221496582
critical,14,unambiguous,short,comma,nonfinal,6,3,"inspected,",18.30886173248291
critical,14,unambiguous,short,comma,nonfinal,6,4,the,2.3585054874420166
critical,14,unambiguous,short,comma,nonfinal,6,5,engine,6.144400596618652
critical,14,unambiguous,short,comma,nonfinal,6,6,hissed,14.88872891664505
critical,14,unambiguous,short,comma,nonfinal,6,7,as,3.931030750274658
critical,14,unambiguous,short,comma,nonfinal,6,8,steam,11.906949996948242
critical,14,unambiguous,short,comma,nonfinal,6,9,escaped.,6.6731908321380615
critical,14,unambiguous,long,comma,final,9,0,While,18.67967414855957
critical,14,unambiguous,long,comma,final,9,1,the,7.724239349365234
critical,14,unambiguous,long,comma,final,9,2,mechanic,15.50444221496582
critical,14,unambiguous,long,comma,final,9,3,"inspected,",18.30886173248291
critical,14,unambiguous,long,comma,final,9,4,the,2.3585054874420166
critical,14,unambiguous,long,comma,final,9,5,engine,6.144400596618652
critical,14,unambiguous,long,comma,final,9,6,running,11.020806312561035
critical,14,unambiguous,long,comma,final,9,7,on,5.358697414398193
critical,14,unambiguous,long,comma,final,9,8,diesel,5.43117618560791
critical,14,unambiguous,long,comma,final,9,9,hissed.,24.293993949890137
critical,14,unambiguous,long,comma,nonfinal,9,0,While,18.67967414855957
critical,14,unambiguous,long,comma,nonfinal,9,1,the,7.724239349365234
critical,14,unambiguous,long,comma,nonfinal,9,2,mechanic,15.50444221496582
critical,14,unambiguous,long,comma,nonfinal,9,3,"inspected,",18.30886173248291
critical,14,unambiguous,long,comma,nonfinal,9,4,the,2.3585054874420166
critical,14,unambiguous,long,comma,nonfinal,9,5,engine,6.144400596618652
critical,14,unambiguous,long,comma,nonfinal,9,6,running,11.020806312561035
critical,14,unambiguous,long,comma,nonfinal,9,7,on,5.358697414398193
critical,14,unambiguous,long,comma,nonfinal,9,8,diesel,5.43117618560791
critical,14,unambiguous,long,comma,nonfinal,9,9,hissed,20.31436777114868
critical,14,unambiguous,long,comma,nonfinal,9,10,as,4.768704414367676
critical,14,unambiguous,long,comma,nonfinal,9,11,steam,12.400912284851074
critical,14,unambiguous,long,comma,nonfinal,9,12,escaped.,7.159956693649292
critical,14,unambiguous,short,object,final,8,0,While,18.67967414855957
critical,14,unambiguous,short,object,final,8,1,the,7.724239349365234
critical,14,unambiguous,short,object,final,8,2,mechanic,15.50444221496582
critical,14,unambiguous,short,object,final,8,3,inspected,12.401347160339355
critical,14,unambiguous,short,object,final,8,4,the,0.7769185304641724
critical,14,unambiguous,short,object,final,8,5,vehicle,3.305192708969116
critical,14,unambiguous,short,object,final,8,6,the,7.456116676330566
critical,14,unambiguous,short,object,final,8,7,engine,5.50645112991333
critical,14,unambiguous,short,object,final,8,8,hissed.,22.127175092697144
critical,14,unambiguous,short,object,nonfinal,8,0,While,18.67967414855957
critical,14,unambiguous,short,object,nonfinal,8,1,the,7.724239349365234
critical,14,unambiguous,short,object,nonfinal,8,2,mechanic,15.50444221496582
critical,14,unambiguous,short,object,nonfinal,8,3,inspected,12.401347160339355
critical,14,unambiguous,short,object,nonfinal,8,4,the,0.7769185304641724
critical,14,unambiguous,short,object,nonfinal,8,5,vehicle,3.305192708969116
critical,14,unambiguous,short,object,nonfinal,8,6,the,7.456116676330566
critical,14,unambiguous,short,object,nonfinal,8,7,engine,5.50645112991333
critical,14,unambiguous,short,object,nonfinal,8,8,hissed,17.55835270881653
critical,14,unambiguous,short,object,nonfinal,8,9,as,4.633215427398682
critical,14,unambiguous,short,object,nonfinal,8,10,steam,14.87388038635254
critical,14,unambiguous,short,object,nonfinal,8,11,escaped.,6.733112335205078
critical,14,unambiguous,long,object,final,11,0,While,18.67967414855957
critical,14,unambiguous,long,object,final,11,1,the,7.724239349365234
critical,14,unambiguous,long,object,final,11,2,mechanic,15.50444221496582
critical,14,unambiguous,long,object,final,11,3,inspected,12.401347160339355
critical,14,unambiguous,long,object,final,11,4,the,0.7769185304641724
critical,14,unambiguous,long,object,final,11,5,vehicle,3.305192708969116
critical,14,unambiguous,long,object,final,11,6,the,7.456116676330566
critical,14,unambiguous,long,object,final,11,7,engine,5.50645112991333
critical,14,unambiguous,long,object,final,11,8,running,10.950194358825684
critical,14,unambiguous,long,object,final,11,9,on,6.390061855316162
critical,14,unambiguous,long,object,final,11,10,diesel,5.050750732421875
critical,14,unambiguous,long,object,final,11,11,hissed.,28.57065200805664
critical,14,unambiguous,long,object,nonfinal,11,0,While,18.67967414855957
critical,14,unambiguous,long,object,nonfinal,11,1,the,7.724239349365234
critical,14,unambiguous,long,object,nonfinal,11,2,mechanic,15.50444221496582
critical,14,unambiguous,long,object,nonfinal,11,3,inspected,12.401347160339355
critical,14,unambiguous,long,object,nonfinal,11,4,the,0.7769185304641724
critical,14,unambiguous,long,object,nonfinal,11,5,vehicle,3.305192708969116
critical,14,unambiguous,long,object,nonfinal,11,6,the,7.456116676330566
critical,14,unambiguous,long,object,nonfinal,11,7,engine,5.50645112991333
critical,14,unambiguous,long,object,nonfinal,11,8,running,10.950194358825684
critical,14,unambiguous,long,object,nonfinal,11,9,on,6.390061855316162
critical,14,unambiguous,long,object,nonfinal,11,10,diesel,5.050750732421875
critical,14,unambiguous,long,object,nonfinal,11,11,hissed,23.78194522857666
critical,14,unambiguous,long,object,nonfinal,11,12,as,4.827951908111572
critical,14,unambiguous,long,object,nonfinal,11,13,steam,14.19715404510498
critical,14,unambiguous,long,object,nonfinal,11,14,escaped.,7.490003824234009
critical,15,ambiguous,short,,final,7,0,After,18.19958877563477
critical,15,ambiguous,short,,final,7,1,the,2.606558084487915
critical,15,ambiguous,short,,final,7,2,college,11.42972183227539
critical,15,ambiguous,short,,final,7,3,shut,13.073983192443848
critical,15,ambiguous,short,,final,7,4,down,0.4560016691684723
critical,15,ambiguous,short,,final,7,5,the,4.012419700622559
critical,15,ambiguous,short,,final,7,6,parties,13.783971786499023
critical,15,ambiguous,short,,final,7,7,stopped.,16.184670448303223
critical,15,ambiguous,short,,nonfinal,7,0,After,18.19958877563477
critical,15,ambiguous,short,,nonfinal,7,1,the,2.606558084487915
critical,15,ambiguous,short,,nonfinal,7,2,college,11.42972183227539
critical,15,ambiguous,short,,nonfinal,7,3,shut,13.073983192443848
critical,15,ambiguous,short,,nonfinal,7,4,down,0.4560016691684723
critical,15,ambiguous,short,,nonfinal,7,5,the,4.012419700622559
critical,15,ambiguous,short,,nonfinal,7,6,parties,13.783971786499023
critical,15,ambiguous,short,,nonfinal,7,7,stopped,10.945853233337402
critical,15,ambiguous,short,,nonfinal,7,8,for,7.443996429443359
critical,15,ambiguous,short,,nonfinal,7,9,the,2.446641683578491
critical,15,ambiguous,short,,nonfinal,7,10,year.,7.294480323791504
critical,15,ambiguous,long,,final,10,0,After,18.19958877563477
critical,15,ambiguous,long,,final,10,1,the,2.606558084487915
critical,15,ambiguous,long,,final,10,2,college,11.42972183227539
critical,15,ambiguous,long,,final,10,3,shut,13.073983192443848
critical,15,ambiguous,long,,final,10,4,down,0.4560016691684723
critical,15,ambiguous,long,,final,10,5,the,4.012419700622559
critical,15,ambiguous,long,,final,10,6,parties,13.783971786499023
critical,15,ambiguous,long,,final,10,7,in,3.181530475616455
critical,15,ambiguous,long,,final,10,8,the,3.153359651565552
critical,15,ambiguous,long,,final,10,9,fraternity,16.108734130859375
critical,15,ambiguous,long,,final,10,10,stopped.,23.928768634796143
critical,15,ambiguous,long,,nonfinal,10,0,After,18.19958877563477
critical,15,ambiguous,long,,nonfinal,10,1,the,2.606558084487915
critical,15,ambiguous,long,,nonfinal,10,2,college,11.42972183227539
critical,15,ambiguous,long,,nonfinal,10,3,shut,13.073983192443848
critical,15,ambiguous,long,,nonfinal,10,4,down,0.4560016691684723
critical,15,ambiguous,long,,nonfinal,10,5,the,4.012419700622559
critical,15,ambiguous,long,,nonfinal,10,6,parties,13.783971786499023
critical,15,ambiguous,long,,nonfinal,10,7,in,3.181530475616455
critical,15,ambiguous,long,,nonfinal,10,8,the,3.153359651565552
critical,15,ambiguous,long,,nonfinal,10,9,fraternity,16.108734130859375
critical,15,ambiguous,long,,nonfinal,10,10,stopped,18.325122833251957
critical,15,ambiguous,long,,nonfinal,10,11,for,8.3721342086792
critical,15,ambiguous,long,,nonfinal,10,12,the,2.1570916175842285
critical,15,ambiguous,long,,nonfinal,10,13,year.,7.087341785430908
critical,15,unambiguous,short,comma,final,7,0,After,18.19958877563477
critical,15,unambiguous,short,comma,final,7,1,the,2.606558084487915
critical,15,unambiguous,short,comma,final,7,2,college,11.42972183227539
critical,15,unambiguous,short,comma,final,7,3,shut,13.073983192443848
critical,15,unambiguous,short,comma,final,7,4,"down,",1.5037722885608673
critical,15,unambiguous,short,comma,final,7,5,the,2.2244813442230225
critical,15,unambiguous,short,comma,final,7,6,parties,11.995015144348145
critical,15,unambiguous,short,comma,final,7,7,stopped.,19.197568893432617
critical,15,unambiguous,short,comma,nonfinal,7,0,After,18.19958877563477
critical,15,unambiguous,short,comma,nonfinal,7,1,the,2.606558084487915
critical,15,unambiguous,short,comma,nonfinal,7,2,college,11.42972183227539
critical,15,unambiguous,short,comma,nonfinal,7,3,shut,13.073983192443848
critical,15,unambiguous,short,comma,nonfinal,7,4,"down,",1.5037722885608673
critical,15,unambiguous,short,comma,nonfinal,7,5,the,2.2244813442230225
critical,15,unambiguous,short,comma,nonfinal,7,6,parties,11.995015144348145
critical,15,unambiguous,short,comma,nonfinal,7,7,stopped,11.01255702972412
critical,15,unambiguous,short,comma,nonfinal,7,8,for,9.33525562286377
critical,15,unambiguous,short,comma,nonfinal,7,9,the,4.130582809448242
critical,15,unambiguous,short,comma,nonfinal,7,10,year.,7.973851680755615
critical,15,unambiguous,long,comma,final,10,0,After,18.19958877563477
critical,15,unambiguous,long,comma,final,10,1,the,2.606558084487915
critical,15,unambiguous,long,comma,final,10,2,college,11.42972183227539
critical,15,unambiguous,long,comma,final,10,3,shut,13.073983192443848
critical,15,unambiguous,long,comma,final,10,4,"down,",1.5037722885608673
critical,15,unambiguous,long,comma,final,10,5,the,2.2244813442230225
critical,15,unambiguous,long,comma,final,10,6,parties,11.995015144348145
critical,15,unambiguous,long,comma,final,10,7,in,7.302574634552002
critical,15,unambiguous,long,comma,final,10,8,the,1.3362914323806765
critical,15,unambiguous,long,comma,final,10,9,fraternity,16.336519241333008
critical,15,unambiguous,long,comma,final,10,10,stopped.,17.545016288757324
critical,15,unambiguous,long,comma,nonfinal,10,0,After,18.19958877563477
critical,15,unambiguous,long,comma,nonfinal,10,1,the,2.606558084487915
critical,15,unambiguous,long,comma,nonfinal,10,2,college,11.42971897125244
critical,15,unambiguous,long,comma,nonfinal,10,3,shut,13.073983192443848
critical,15,unambiguous,long,comma,nonfinal,10,4,"down,",1.5037722885608673
critical,15,unambiguous,long,comma,nonfinal,10,5,the,2.2244813442230225
critical,15,unambiguous,long,comma,nonfinal,10,6,parties,11.995015144348145
critical,15,unambiguous,long,comma,nonfinal,10,7,in,7.302574634552002
critical,15,unambiguous,long,comma,nonfinal,10,8,the,1.3362914323806765
critical,15,unambiguous,long,comma,nonfinal,10,9,fraternity,16.336519241333008
critical,15,unambiguous,long,comma,nonfinal,10,10,stopped,10.019508361816406
critical,15,unambiguous,long,comma,nonfinal,10,11,for,9.769952774047852
critical,15,unambiguous,long,comma,nonfinal,10,12,the,2.844138860702514
critical,15,unambiguous,long,comma,nonfinal,10,13,year.,6.733951687812805
critical,15,unambiguous,short,object,final,9,0,After,18.19958877563477
critical,15,unambiguous,short,object,final,9,1,the,2.606558084487915
critical,15,unambiguous,short,object,final,9,2,college,11.42972183227539
critical,15,unambiguous,short,object,final,9,3,shut,13.073983192443848
critical,15,unambiguous,short,object,final,9,4,down,0.4560016691684723
critical,15,unambiguous,short,object,final,9,5,the,4.012419700622559
critical,15,unambiguous,short,object,final,9,6,campus,7.35440731048584
critical,15,unambiguous,short,object,final,9,7,the,7.740017414093018
critical,15,unambiguous,short,object,final,9,8,parties,13.00601577758789
critical,15,unambiguous,short,object,final,9,9,stopped.,14.403006076812744
critical,15,unambiguous,short,object,nonfinal,9,0,After,18.19958877563477
critical,15,unambiguous,short,object,nonfinal,9,1,the,2.606558084487915
critical,15,unambiguous,short,object,nonfinal,9,2,college,11.42972183227539
critical,15,unambiguous,short,object,nonfinal,9,3,shut,13.073983192443848
critical,15,unambiguous,short,object,nonfinal,9,4,down,0.4560016691684723
critical,15,unambiguous,short,object,nonfinal,9,5,the,4.012419700622559
critical,15,unambiguous,short,object,nonfinal,9,6,campus,7.35440731048584
critical,15,unambiguous,short,object,nonfinal,9,7,the,7.740017414093018
critical,15,unambiguous,short,object,nonfinal,9,8,parties,13.00601577758789
critical,15,unambiguous,short,object,nonfinal,9,9,stopped,8.654618263244629
critical,15,unambiguous,short,object,nonfinal,9,10,for,7.771989345550537
critical,15,unambiguous,short,object,nonfinal,9,11,the,2.7997233867645264
critical,15,unambiguous,short,object,nonfinal,9,12,year.,7.445700168609619
critical,15,unambiguous,long,object,final,12,0,After,18.19958877563477
critical,15,unambiguous,long,object,final,12,1,the,2.606558084487915
critical,15,unambiguous,long,object,final,12,2,college,11.42972183227539
critical,15,unambiguous,long,object,final,12,3,shut,13.073983192443848
critical,15,unambiguous,long,object,final,12,4,down,0.4560016691684723
critical,15,unambiguous,long,object,final,12,5,the,4.012419700622559
critical,15,unambiguous,long,object,final,12,6,campus,7.35440731048584
critical,15,unambiguous,long,object,final,12,7,the,7.740017414093018
critical,15,unambiguous,long,object,final,12,8,parties,13.00601577758789
critical,15,unambiguous,long,object,final,12,9,in,7.071434020996094
critical,15,unambiguous,long,object,final,12,10,the,1.4113432168960571
critical,15,unambiguous,long,object,final,12,11,fraternity,11.800175666809082
critical,15,unambiguous,long,object,final,12,12,stopped.,14.622375965118408
critical,15,unambiguous,long,object,nonfinal,12,0,After,18.19958877563477
critical,15,unambiguous,long,object,nonfinal,12,1,the,2.606558084487915
critical,15,unambiguous,long,object,nonfinal,12,2,college,11.42971897125244
critical,15,unambiguous,long,object,nonfinal,12,3,shut,13.073983192443848
critical,15,unambiguous,long,object,nonfinal,12,4,down,0.4560016691684723
critical,15,unambiguous,long,object,nonfinal,12,5,the,4.012419700622559
critical,15,unambiguous,long,object,nonfinal,12,6,campus,7.35440731048584
critical,15,unambiguous,long,object,nonfinal,12,7,the,7.740017414093018
critical,15,unambiguous,long,object,nonfinal,12,8,parties,13.00601577758789
critical,15,unambiguous,long,object,nonfinal,12,9,in,7.071434020996094
critical,15,unambiguous,long,object,nonfinal,12,10,the,1.4113432168960571
critical,15,unambiguous,long,object,nonfinal,12,11,fraternity,11.800175666809082
critical,15,unambiguous,long,object,nonfinal,12,12,stopped,8.493753433227539
critical,15,unambiguous,long,object,nonfinal,12,13,for,8.934853553771973
critical,15,unambiguous,long,object,nonfinal,12,14,the,2.089352607727051
critical,15,unambiguous,long,object,nonfinal,12,15,year.,6.6102135181427
critical,16,ambiguous,short,,final,6,0,Before,18.481420516967773
critical,16,ambiguous,short,,final,6,1,the,3.6051745414733887
critical,16,ambiguous,short,,final,6,2,fans,15.938050270080566
critical,16,ambiguous,short,,final,6,3,notice,12.88899040222168
critical,16,ambiguous,short,,final,6,4,the,1.9758274555206297
critical,16,ambiguous,short,,final,6,5,celebrity,14.850382804870604
critical,16,ambiguous,short,,final,6,6,flees.,23.7674807831645
critical,16,ambiguous,short,,nonfinal,6,0,Before,18.481420516967773
critical,16,ambiguous,short,,nonfinal,6,1,the,3.6051745414733887
critical,16,ambiguous,short,,nonfinal,6,2,fans,15.938050270080566
critical,16,ambiguous,short,,nonfinal,6,3,notice,12.88899040222168
critical,16,ambiguous,short,,nonfinal,6,4,the,1.9758274555206297
critical,16,ambiguous,short,,nonfinal,6,5,celebrity,14.850382804870604
critical,16,ambiguous,short,,nonfinal,6,6,flees,17.171532087028027
critical,16,ambiguous,short,,nonfinal,6,7,in,5.35336446762085
critical,16,ambiguous,short,,nonfinal,6,8,his,5.9998650550842285
critical,16,ambiguous,short,,nonfinal,6,9,limousine.,13.19834869983606
critical,16,ambiguous,long,,final,8,0,Before,18.481420516967773
critical,16,ambiguous,long,,final,8,1,the,3.6051745414733887
critical,16,ambiguous,long,,final,8,2,fans,15.938050270080566
critical,16,ambiguous,long,,final,8,3,notice,12.88899040222168
critical,16,ambiguous,long,,final,8,4,the,1.9758274555206297
critical,16,ambiguous,long,,final,8,5,celebrity,14.850382804870604
critical,16,ambiguous,long,,final,8,6,shopping,12.032608032226562
critical,16,ambiguous,long,,final,8,7,discreetly,18.78528561070561
critical,16,ambiguous,long,,final,8,8,flees.,22.98593717813492
critical,16,ambiguous,long,,nonfinal,8,0,Before,18.481420516967773
critical,16,ambiguous,long,,nonfinal,8,1,the,3.6051745414733887
critical,16,ambiguous,long,,nonfinal,8,2,fans,15.938050270080566
critical,16,ambiguous,long,,nonfinal,8,3,notice,12.88899040222168
critical,16,ambiguous,long,,nonfinal,8,4,the,1.9758274555206297
critical,16,ambiguous,long,,nonfinal,8,5,celebrity,14.850382804870604
critical,16,ambiguous,long,,nonfinal,8,6,shopping,12.032608032226562
critical,16,ambiguous,long,,nonfinal,8,7,discreetly,18.78528561070561
critical,16,ambiguous,long,,nonfinal,8,8,flees,16.564445078372955
critical,16,ambiguous,long,,nonfinal,8,9,in,5.2891764640808105
critical,16,ambiguous,long,,nonfinal,8,10,his,8.49671745300293
critical,16,ambiguous,long,,nonfinal,8,11,limousine.,12.356093291193249
critical,16,unambiguous,short,comma,final,6,0,Before,18.481420516967773
critical,16,unambiguous,short,comma,final,6,1,the,3.6051745414733887
critical,16,unambiguous,short,comma,final,6,2,fans,15.938050270080566
critical,16,unambiguous,short,comma,final,6,3,"notice,",16.011800527572632
critical,16,unambiguous,short,comma,final,6,4,the,2.123453140258789
critical,16,unambiguous,short,comma,final,6,5,celebrity,14.91962432861328
critical,16,unambiguous,short,comma,final,6,6,flees.,21.099509179592133
critical,16,unambiguous,short,comma,nonfinal,6,0,Before,18.481420516967773
critical,16,unambiguous,short,comma,nonfinal,6,1,the,3.6051745414733887
critical,16,unambiguous,short,comma,nonfinal,6,2,fans,15.938050270080566
critical,16,unambiguous,short,comma,nonfinal,6,3,"notice,",16.011800527572632
critical,16,unambiguous,short,comma,nonfinal,6,4,the,2.123453140258789
critical,16,unambiguous,short,comma,nonfinal,6,5,celebrity,14.91962432861328
critical,16,unambiguous,short,comma,nonfinal,6,6,flees,17.030237138271332
critical,16,unambiguous,short,comma,nonfinal,6,7,in,5.405198574066162
critical,16,unambiguous,short,comma,nonfinal,6,8,his,5.43598747253418
critical,16,unambiguous,short,comma,nonfinal,6,9,limousine.,10.620099172228947
critical,16,unambiguous,long,comma,final,8,0,Before,18.481420516967773
critical,16,unambiguous,long,comma,final,8,1,the,3.6051745414733887
critical,16,unambiguous,long,comma,final,8,2,fans,15.938050270080566
critical,16,unambiguous,long,comma,final,8,3,"notice,",16.011800527572632
critical,16,unambiguous,long,comma,final,8,4,the,2.123453140258789
critical,16,unambiguous,long,comma,final,8,5,celebrity,14.91962432861328
critical,16,unambiguous,long,comma,final,8,6,shopping,13.569519996643066
critical,16,unambiguous,long,comma,final,8,7,discreetly,20.75215961225331
critical,16,unambiguous,long,comma,final,8,8,flees.,19.02050372213125
critical,16,unambiguous,long,comma,nonfinal,8,0,Before,18.481420516967773
critical,16,unambiguous,long,comma,nonfinal,8,1,the,3.6051745414733887
critical,16,unambiguous,long,comma,nonfinal,8,2,fans,15.938050270080566
critical,16,unambiguous,long,comma,nonfinal,8,3,"notice,",16.011800527572632
critical,16,unambiguous,long,comma,nonfinal,8,4,the,2.123453140258789
critical,16,unambiguous,long,comma,nonfinal,8,5,celebrity,14.91962432861328
critical,16,unambiguous,long,comma,nonfinal,8,6,shopping,13.569519996643066
critical,16,unambiguous,long,comma,nonfinal,8,7,discreetly,20.75215961225331
critical,16,unambiguous,long,comma,nonfinal,8,8,flees,14.335401736199856
critical,16,unambiguous,long,comma,nonfinal,8,9,in,5.9678473472595215
critical,16,unambiguous,long,comma,nonfinal,8,10,his,6.354405403137207
critical,16,unambiguous,long,comma,nonfinal,8,11,limousine.,10.18811186531093
critical,16,unambiguous,short,object,final,7,0,Before,18.481420516967773
critical,16,unambiguous,short,object,final,7,1,the,3.6051745414733887
critical,16,unambiguous,short,object,final,7,2,fans,15.938050270080566
critical,16,unambiguous,short,object,final,7,3,notice,12.88899040222168
critical,16,unambiguous,short,object,final,7,4,him,7.743027687072754
critical,16,unambiguous,short,object,final,7,5,the,7.151697635650635
critical,16,unambiguous,short,object,final,7,6,celebrity,15.578336715698242
critical,16,unambiguous,short,object,final,7,7,flees.,20.20375839713961
critical,16,unambiguous,short,object,nonfinal,7,0,Before,18.481420516967773
critical,16,unambiguous,short,object,nonfinal,7,1,the,3.6051745414733887
critical,16,unambiguous,short,object,nonfinal,7,2,fans,15.938050270080566
critical,16,unambiguous,short,object,nonfinal,7,3,notice,12.88899040222168
critical,16,unambiguous,short,object,nonfinal,7,4,him,7.743027687072754
critical,16,unambiguous,short,object,nonfinal,7,5,the,7.151697635650635
critical,16,unambiguous,short,object,nonfinal,7,6,celebrity,15.578336715698242
critical,16,unambiguous,short,object,nonfinal,7,7,flees,16.62044207099825
critical,16,unambiguous,short,object,nonfinal,7,8,in,4.991109848022461
critical,16,unambiguous,short,object,nonfinal,7,9,his,4.662984848022461
critical,16,unambiguous,short,object,nonfinal,7,10,limousine.,10.673847339930944
critical,16,unambiguous,long,object,final,9,0,Before,18.481420516967773
critical,16,unambiguous,long,object,final,9,1,the,3.6051745414733887
critical,16,unambiguous,long,object,final,9,2,fans,15.938050270080566
critical,16,unambiguous,long,object,final,9,3,notice,12.88899040222168
critical,16,unambiguous,long,object,final,9,4,him,7.743027687072754
critical,16,unambiguous,long,object,final,9,5,the,7.151697635650635
critical,16,unambiguous,long,object,final,9,6,celebrity,15.578336715698242
critical,16,unambiguous,long,object,final,9,7,shopping,13.885719299316406
critical,16,unambiguous,long,object,final,9,8,discreetly,20.40604307502508
critical,16,unambiguous,long,object,final,9,9,flees.,18.96860182285309
critical,16,unambiguous,long,object,nonfinal,9,0,Before,18.481420516967773
critical,16,unambiguous,long,object,nonfinal,9,1,the,3.6051745414733887
critical,16,unambiguous,long,object,nonfinal,9,2,fans,15.938050270080566
critical,16,unambiguous,long,object,nonfinal,9,3,notice,12.88899040222168
critical,16,unambiguous,long,object,nonfinal,9,4,him,7.743027687072754
critical,16,unambiguous,long,object,nonfinal,9,5,the,7.151697635650635
critical,16,unambiguous,long,object,nonfinal,9,6,celebrity,15.578336715698242
critical,16,unambiguous,long,object,nonfinal,9,7,shopping,13.885719299316406
critical,16,unambiguous,long,object,nonfinal,9,8,discreetly,20.40604307502508
critical,16,unambiguous,long,object,nonfinal,9,9,flees,14.648835301399233
critical,16,unambiguous,long,object,nonfinal,9,10,in,5.696072101593018
critical,16,unambiguous,long,object,nonfinal,9,11,his,4.838020324707031
critical,16,unambiguous,long,object,nonfinal,9,12,limousine.,10.218672539805992
critical,17,ambiguous,short,,final,6,0,While,18.67967414855957
critical,17,ambiguous,short,,final,6,1,the,7.724239349365234
critical,17,ambiguous,short,,final,6,2,chef,14.49208927154541
critical,17,ambiguous,short,,final,6,3,cooked,9.66514015197754
critical,17,ambiguous,short,,final,6,4,the,2.6898388862609863
critical,17,ambiguous,short,,final,6,5,stew,7.0053019523620605
critical,17,ambiguous,short,,final,6,6,simmered.,24.115429759025574
critical,17,ambiguous,short,,nonfinal,6,0,While,18.67967414855957
critical,17,ambiguous,short,,nonfinal,6,1,the,7.724239349365234
critical,17,ambiguous,short,,nonfinal,6,2,chef,14.49208927154541
critical,17,ambiguous,short,,nonfinal,6,3,cooked,9.66514015197754
critical,17,ambiguous,short,,nonfinal,6,4,the,2.6898388862609863
critical,17,ambiguous,short,,nonfinal,6,5,stew,7.0053019523620605
critical,17,ambiguous,short,,nonfinal,6,6,simmered,15.701279520988464
critical,17,ambiguous,short,,nonfinal,6,7,on,5.073632717132568
critical,17,ambiguous,short,,nonfinal,6,8,the,0.5627685189247131
critical,17,ambiguous,short,,nonfinal,6,9,back,9.500706672668455
critical,17,ambiguous,short,,nonfinal,6,10,burner.,4.748586773872376
critical,17,ambiguous,long,,final,8,0,While,18.67967414855957
critical,17,ambiguous,long,,final,8,1,the,7.724239349365234
critical,17,ambiguous,long,,final,8,2,chef,14.49208927154541
critical,17,ambiguous,long,,final,8,3,cooked,9.66514015197754
critical,17,ambiguous,long,,final,8,4,the,2.6898388862609863
critical,17,ambiguous,long,,final,8,5,stew,7.0053019523620605
critical,17,ambiguous,long,,final,8,6,with,5.483456134796143
critical,17,ambiguous,long,,final,8,7,vegetables,5.714849948883057
critical,17,ambiguous,long,,final,8,8,simmered.,26.833308219909668
critical,17,ambiguous,long,,nonfinal,8,0,While,18.67967414855957
critical,17,ambiguous,long,,nonfinal,8,1,the,7.724239349365234
critical,17,ambiguous,long,,nonfinal,8,2,chef,14.49208927154541
critical,17,ambiguous,long,,nonfinal,8,3,cooked,9.66514015197754
critical,17,ambiguous,long,,nonfinal,8,4,the,2.6898388862609863
critical,17,ambiguous,long,,nonfinal,8,5,stew,7.005304336547852
critical,17,ambiguous,long,,nonfinal,8,6,with,5.483456134796143
critical,17,ambiguous,long,,nonfinal,8,7,vegetables,5.714849948883057
critical,17,ambiguous,long,,nonfinal,8,8,simmered,13.909907221794128
critical,17,ambiguous,long,,nonfinal,8,9,on,6.690070152282715
critical,17,ambiguous,long,,nonfinal,8,10,the,0.65140700340271
critical,17,ambiguous,long,,nonfinal,8,11,back,10.272915840148926
critical,17,ambiguous,long,,nonfinal,8,12,burner.,5.964823424816132
critical,17,unambiguous,short,comma,final,6,0,While,18.67967414855957
critical,17,unambiguous,short,comma,final,6,1,the,7.724239349365234
critical,17,unambiguous,short,comma,final,6,2,chef,14.49208927154541
critical,17,unambiguous,short,comma,final,6,3,"cooked,",14.632293701171877
critical,17,unambiguous,short,comma,final,6,4,the,2.0212860107421875
critical,17,unambiguous,short,comma,final,6,5,stew,11.51966381072998
critical,17,unambiguous,short,comma,final,6,6,simmered.,10.863652310334146
critical,17,unambiguous,short,comma,nonfinal,6,0,While,18.67967414855957
critical,17,unambiguous,short,comma,nonfinal,6,1,the,7.724239349365234
critical,17,unambiguous,short,comma,nonfinal,6,2,chef,14.49208927154541
critical,17,unambiguous,short,comma,nonfinal,6,3,"cooked,",14.632293701171877
critical,17,unambiguous,short,comma,nonfinal,6,4,the,2.0212860107421875
critical,17,unambiguous,short,comma,nonfinal,6,5,stew,11.51966381072998
critical,17,unambiguous,short,comma,nonfinal,6,6,simmered,6.578642926178873
critical,17,unambiguous,short,comma,nonfinal,6,7,on,4.6746368408203125
critical,17,unambiguous,short,comma,nonfinal,6,8,the,0.2633645832538605
critical,17,unambiguous,short,comma,nonfinal,6,9,back,9.59900951385498
critical,17,unambiguous,short,comma,nonfinal,6,10,burner.,3.5089110136032104
critical,17,unambiguous,long,comma,final,8,0,While,18.67967414855957
critical,17,unambiguous,long,comma,final,8,1,the,7.724239349365234
critical,17,unambiguous,long,comma,final,8,2,chef,14.49208927154541
critical,17,unambiguous,long,comma,final,8,3,"cooked,",14.632293701171877
critical,17,unambiguous,long,comma,final,8,4,the,2.0212860107421875
critical,17,unambiguous,long,comma,final,8,5,stew,11.51966381072998
critical,17,unambiguous,long,comma,final,8,6,with,8.808075904846191
critical,17,unambiguous,long,comma,final,8,7,vegetables,6.431990146636963
critical,17,unambiguous,long,comma,final,8,8,simmered.,12.05799374356866
critical,17,unambiguous,long,comma,nonfinal,8,0,While,18.67967414855957
critical,17,unambiguous,long,comma,nonfinal,8,1,the,7.724239349365234
critical,17,unambiguous,long,comma,nonfinal,8,2,chef,14.49208927154541
critical,17,unambiguous,long,comma,nonfinal,8,3,"cooked,",14.632293701171877
critical,17,unambiguous,long,comma,nonfinal,8,4,the,2.0212860107421875
critical,17,unambiguous,long,comma,nonfinal,8,5,stew,11.51966381072998
critical,17,unambiguous,long,comma,nonfinal,8,6,with,8.808075904846191
critical,17,unambiguous,long,comma,nonfinal,8,7,vegetables,6.431990146636963
critical,17,unambiguous,long,comma,nonfinal,8,8,simmered,7.678932998329401
critical,17,unambiguous,long,comma,nonfinal,8,9,on,4.1492533683776855
critical,17,unambiguous,long,comma,nonfinal,8,10,the,0.3792313635349273
critical,17,unambiguous,long,comma,nonfinal,8,11,back,10.0687255859375
critical,17,unambiguous,long,comma,nonfinal,8,12,burner.,2.9646946787834167
critical,17,unambiguous,short,object,final,9,0,While,18.67967414855957
critical,17,unambiguous,short,object,final,9,1,the,7.724239349365234
critical,17,unambiguous,short,object,final,9,2,chef,14.49208927154541
critical,17,unambiguous,short,object,final,9,3,cooked,9.66514015197754
critical,17,unambiguous,short,object,final,9,4,the,2.6898388862609863
critical,17,unambiguous,short,object,final,9,5,main,8.03295612335205
critical,17,unambiguous,short,object,final,9,6,course,1.8120037317276
critical,17,unambiguous,short,object,final,9,7,the,7.829981803894043
critical,17,unambiguous,short,object,final,9,8,stew,10.563507080078123
critical,17,unambiguous,short,object,final,9,9,simmered.,14.569710563868284
critical,17,unambiguous,short,object,nonfinal,9,0,While,18.67967414855957
critical,17,unambiguous,short,object,nonfinal,9,1,the,7.724239349365234
critical,17,unambiguous,short,object,nonfinal,9,2,chef,14.49208927154541
critical,17,unambiguous,short,object,nonfinal,9,3,cooked,9.66514015197754
critical,17,unambiguous,short,object,nonfinal,9,4,the,2.6898388862609863
critical,17,unambiguous,short,object,nonfinal,9,5,main,8.032958984375
critical,17,unambiguous,short,object,nonfinal,9,6,course,1.8120037317276
critical,17,unambiguous,short,object,nonfinal,9,7,the,7.829981803894043
critical,17,unambiguous,short,object,nonfinal,9,8,stew,10.563507080078123
critical,17,unambiguous,short,object,nonfinal,9,9,simmered,9.659944366663694
critical,17,unambiguous,short,object,nonfinal,9,10,on,4.049448490142822
critical,17,unambiguous,short,object,nonfinal,9,11,the,0.3181183636188507
critical,17,unambiguous,short,object,nonfinal,9,12,back,8.310465812683105
critical,17,unambiguous,short,object,nonfinal,9,13,burner.,3.285138189792633
critical,17,unambiguous,long,object,final,11,0,While,18.67967414855957
critical,17,unambiguous,long,object,final,11,1,the,7.724239349365234
critical,17,unambiguous,long,object,final,11,2,chef,14.49208927154541
critical,17,unambiguous,long,object,final,11,3,cooked,9.66514015197754
critical,17,unambiguous,long,object,final,11,4,the,2.6898388862609863
critical,17,unambiguous,long,object,final,11,5,main,8.032958984375
critical,17,unambiguous,long,object,final,11,6,course,1.8120037317276
critical,17,unambiguous,long,object,final,11,7,the,7.829981803894043
critical,17,unambiguous,long,object,final,11,8,stew,10.563507080078123
critical,17,unambiguous,long,object,final,11,9,with,6.823582172393799
critical,17,unambiguous,long,object,final,11,10,vegetables,5.098903179168701
critical,17,unambiguous,long,object,final,11,11,simmered.,20.05809766054153
critical,17,unambiguous,long,object,nonfinal,11,0,While,18.67967414855957
critical,17,unambiguous,long,object,nonfinal,11,1,the,7.724239349365234
critical,17,unambiguous,long,object,nonfinal,11,2,chef,14.49208927154541
critical,17,unambiguous,long,object,nonfinal,11,3,cooked,9.66514015197754
critical,17,unambiguous,long,object,nonfinal,11,4,the,2.6898388862609863
critical,17,unambiguous,long,object,nonfinal,11,5,main,8.032958984375
critical,17,unambiguous,long,object,nonfinal,11,6,course,1.8120037317276
critical,17,unambiguous,long,object,nonfinal,11,7,the,7.829981803894043
critical,17,unambiguous,long,object,nonfinal,11,8,stew,10.563507080078123
critical,17,unambiguous,long,object,nonfinal,11,9,with,6.823582172393799
critical,17,unambiguous,long,object,nonfinal,11,10,vegetables,5.098903179168701
critical,17,unambiguous,long,object,nonfinal,11,11,simmered,11.566787540912628
critical,17,unambiguous,long,object,nonfinal,11,12,on,5.452446937561035
critical,17,unambiguous,long,object,nonfinal,11,13,the,0.5854701995849609
critical,17,unambiguous,long,object,nonfinal,11,14,back,9.320158004760742
critical,17,unambiguous,long,object,nonfinal,11,15,burner.,3.7774407267570496
critical,18,ambiguous,short,,final,6,0,Once,20.05752182006836
critical,18,ambiguous,short,,final,6,1,the,2.906479358673096
critical,18,ambiguous,short,,final,6,2,contractor,13.576980590820312
critical,18,ambiguous,short,,final,6,3,remodeled,18.78860855102539
critical,18,ambiguous,short,,final,6,4,the,0.4618408381938934
critical,18,ambiguous,short,,final,6,5,house,2.3267862796783447
critical,18,ambiguous,short,,final,6,6,transformed.,29.569090366363525
critical,18,ambiguous,short,,nonfinal,6,0,Once,20.05752182006836
critical,18,ambiguous,short,,nonfinal,6,1,the,2.906479358673096
critical,18,ambiguous,short,,nonfinal,6,2,contractor,13.576980590820312
critical,18,ambiguous,short,,nonfinal,6,3,remodeled,18.78860855102539
critical,18,ambiguous,short,,nonfinal,6,4,the,0.4618408381938934
critical,18,ambiguous,short,,nonfinal,6,5,house,2.3267862796783447
critical,18,ambiguous,short,,nonfinal,6,6,transformed,22.0941219329834
critical,18,ambiguous,short,,nonfinal,6,7,into,2.471987724304199
critical,18,ambiguous,short,,nonfinal,6,8,a,0.6330612301826477
critical,18,ambiguous,short,,nonfinal,6,9,modern,4.982676029205322
critical,18,ambiguous,short,,nonfinal,6,10,masterpiece.,10.743791818618774
critical,18,ambiguous,long,,final,9,0,Once,20.05752182006836
critical,18,ambiguous,long,,final,9,1,the,2.906479358673096
critical,18,ambiguous,long,,final,9,2,contractor,13.576980590820312
critical,18,ambiguous,long,,final,9,3,remodeled,18.78860855102539
critical,18,ambiguous,long,,final,9,4,the,0.4618408381938934
critical,18,ambiguous,long,,final,9,5,house,2.3267862796783447
critical,18,ambiguous,long,,final,9,6,that,9.33890151977539
critical,18,ambiguous,long,,final,9,7,was,3.2420270442962646
critical,18,ambiguous,long,,final,9,8,neglected,10.530468940734863
critical,18,ambiguous,long,,final,9,9,transformed.,30.5105037689209
critical,18,ambiguous,long,,nonfinal,9,0,Once,20.05752182006836
critical,18,ambiguous,long,,nonfinal,9,1,the,2.906479358673096
critical,18,ambiguous,long,,nonfinal,9,2,contractor,13.576980590820312
critical,18,ambiguous,long,,nonfinal,9,3,remodeled,18.78860855102539
critical,18,ambiguous,long,,nonfinal,9,4,the,0.4618408381938934
critical,18,ambiguous,long,,nonfinal,9,5,house,2.3267862796783447
critical,18,ambiguous,long,,nonfinal,9,6,that,9.33890151977539
critical,18,ambiguous,long,,nonfinal,9,7,was,3.2420270442962646
critical,18,ambiguous,long,,nonfinal,9,8,neglected,10.530468940734863
critical,18,ambiguous,long,,nonfinal,9,9,transformed,23.012475967407227
critical,18,ambiguous,long,,nonfinal,9,10,into,2.208661794662476
critical,18,ambiguous,long,,nonfinal,9,11,a,0.5308430194854736
critical,18,ambiguous,long,,nonfinal,9,12,modern,6.04399299621582
critical,18,ambiguous,long,,nonfinal,9,13,masterpiece.,9.399313926696776
critical,18,unambiguous,short,comma,final,6,0,Once,20.05752182006836
critical,18,unambiguous,short,comma,final,6,1,the,2.9064764976501465
critical,18,unambiguous,short,comma,final,6,2,contractor,13.576980590820312
critical,18,unambiguous,short,comma,final,6,3,"remodeled,",23.54550552368164
critical,18,unambiguous,short,comma,final,6,4,the,1.2327468395233154
critical,18,unambiguous,short,comma,final,6,5,house,3.937227725982666
critical,18,unambiguous,short,comma,final,6,6,transformed.,15.326013565063477
critical,18,unambiguous,short,comma,nonfinal,6,0,Once,20.05752182006836
critical,18,unambiguous,short,comma,nonfinal,6,1,the,2.906479358673096
critical,18,unambiguous,short,comma,nonfinal,6,2,contractor,13.576980590820312
critical,18,unambiguous,short,comma,nonfinal,6,3,"remodeled,",23.54550552368164
critical,18,unambiguous,short,comma,nonfinal,6,4,the,1.2327468395233154
critical,18,unambiguous,short,comma,nonfinal,6,5,house,3.937227725982666
critical,18,unambiguous,short,comma,nonfinal,6,6,transformed,10.862364768981934
critical,18,unambiguous,short,comma,nonfinal,6,7,into,1.1337343454360962
critical,18,unambiguous,short,comma,nonfinal,6,8,a,0.4274085164070129
critical,18,unambiguous,short,comma,nonfinal,6,9,modern,4.9548420906066895
critical,18,unambiguous,short,comma,nonfinal,6,10,masterpiece.,6.888952255249023
critical,18,unambiguous,long,comma,final,9,0,Once,20.05752182006836
critical,18,unambiguous,long,comma,final,9,1,the,2.906479358673096
critical,18,unambiguous,long,comma,final,9,2,contractor,13.576980590820312
critical,18,unambiguous,long,comma,final,9,3,"remodeled,",23.54550552368164
critical,18,unambiguous,long,comma,final,9,4,the,1.2327468395233154
critical,18,unambiguous,long,comma,final,9,5,house,3.937227725982666
critical,18,unambiguous,long,comma,final,9,6,that,8.6370267868042
critical,18,unambiguous,long,comma,final,9,7,was,2.4211084842681885
critical,18,unambiguous,long,comma,final,9,8,neglected,10.487807273864746
critical,18,unambiguous,long,comma,final,9,9,transformed.,17.16809606552124
critical,18,unambiguous,long,comma,nonfinal,9,0,Once,20.05752182006836
critical,18,unambiguous,long,comma,nonfinal,9,1,the,2.906479358673096
critical,18,unambiguous,long,comma,nonfinal,9,2,contractor,13.576980590820312
critical,18,unambiguous,long,comma,nonfinal,9,3,"remodeled,",23.54550552368164
critical,18,unambiguous,long,comma,nonfinal,9,4,the,1.2327468395233154
critical,18,unambiguous,long,comma,nonfinal,9,5,house,3.937227725982666
critical,18,unambiguous,long,comma,nonfinal,9,6,that,8.6370267868042
critical,18,unambiguous,long,comma,nonfinal,9,7,was,2.4211084842681885
critical,18,unambiguous,long,comma,nonfinal,9,8,neglected,10.487807273864746
critical,18,unambiguous,long,comma,nonfinal,9,9,transformed,10.930543899536133
critical,18,unambiguous,long,comma,nonfinal,9,10,into,0.2726709246635437
critical,18,unambiguous,long,comma,nonfinal,9,11,a,0.3522232174873352
critical,18,unambiguous,long,comma,nonfinal,9,12,modern,6.045638561248779
critical,18,unambiguous,long,comma,nonfinal,9,13,masterpiece.,5.043947100639343
critical,18,unambiguous,short,object,final,8,0,Once,20.05752182006836
critical,18,unambiguous,short,object,final,8,1,the,2.906479358673096
critical,18,unambiguous,short,object,final,8,2,contractor,13.576980590820312
critical,18,unambiguous,short,object,final,8,3,remodeled,18.78860855102539
critical,18,unambiguous,short,object,final,8,4,the,0.4618408381938934
critical,18,unambiguous,short,object,final,8,5,exterior,7.114340305328369
critical,18,unambiguous,short,object,final,8,6,the,7.523514270782471
critical,18,unambiguous,short,object,final,8,7,house,4.515551567077637
critical,18,unambiguous,short,object,final,8,8,transformed.,18.064998149871823
critical,18,unambiguous,short,object,nonfinal,8,0,Once,20.05752182006836
critical,18,unambiguous,short,object,nonfinal,8,1,the,2.906479358673096
critical,18,unambiguous,short,object,nonfinal,8,2,contractor,13.576980590820312
critical,18,unambiguous,short,object,nonfinal,8,3,remodeled,18.78860855102539
critical,18,unambiguous,short,object,nonfinal,8,4,the,0.4618408381938934
critical,18,unambiguous,short,object,nonfinal,8,5,exterior,7.114340305328369
critical,18,unambiguous,short,object,nonfinal,8,6,the,7.523514270782471
critical,18,unambiguous,short,object,nonfinal,8,7,house,4.515551567077637
critical,18,unambiguous,short,object,nonfinal,8,8,transformed,13.45215129852295
critical,18,unambiguous,short,object,nonfinal,8,9,into,1.3168284893035889
critical,18,unambiguous,short,object,nonfinal,8,10,a,0.5532475709915161
critical,18,unambiguous,short,object,nonfinal,8,11,modern,5.209515571594238
critical,18,unambiguous,short,object,nonfinal,8,12,masterpiece.,6.593551993370056
critical,18,unambiguous,long,object,final,11,0,Once,20.05752182006836
critical,18,unambiguous,long,object,final,11,1,the,2.906479358673096
critical,18,unambiguous,long,object,final,11,2,contractor,13.576980590820312
critical,18,unambiguous,long,object,final,11,3,remodeled,18.78860855102539
critical,18,unambiguous,long,object,final,11,4,the,0.4618408381938934
critical,18,unambiguous,long,object,final,11,5,exterior,7.114340305328369
critical,18,unambiguous,long,object,final,11,6,the,7.52351713180542
critical,18,unambiguous,long,object,final,11,7,house,4.515551567077637
critical,18,unambiguous,long,object,final,11,8,that,8.767012596130371
critical,18,unambiguous,long,object,final,11,9,was,2.125755071640014
critical,18,unambiguous,long,object,final,11,10,neglected,11.204438209533691
critical,18,unambiguous,long,object,final,11,11,transformed.,18.659374237060547
critical,18,unambiguous,long,object,nonfinal,11,0,Once,20.05752182006836
critical,18,unambiguous,long,object,nonfinal,11,1,the,2.906479358673096
critical,18,unambiguous,long,object,nonfinal,11,2,contractor,13.576980590820312
critical,18,unambiguous,long,object,nonfinal,11,3,remodeled,18.78860855102539
critical,18,unambiguous,long,object,nonfinal,11,4,the,0.4618408381938934
critical,18,unambiguous,long,object,nonfinal,11,5,exterior,7.114340305328369
critical,18,unambiguous,long,object,nonfinal,11,6,the,7.523514270782471
critical,18,unambiguous,long,object,nonfinal,11,7,house,4.515551567077637
critical,18,unambiguous,long,object,nonfinal,11,8,that,8.767012596130371
critical,18,unambiguous,long,object,nonfinal,11,9,was,2.125755071640014
critical,18,unambiguous,long,object,nonfinal,11,10,neglected,11.204438209533691
critical,18,unambiguous,long,object,nonfinal,11,11,transformed,13.013580322265623
critical,18,unambiguous,long,object,nonfinal,11,12,into,0.6209316849708557
critical,18,unambiguous,long,object,nonfinal,11,13,a,0.4408451914787292
critical,18,unambiguous,long,object,nonfinal,11,14,modern,6.366962909698486
critical,18,unambiguous,long,object,nonfinal,11,15,masterpiece.,6.169735670089722
critical,19,ambiguous,short,,final,6,0,When,16.867658615112305
critical,19,ambiguous,short,,final,6,1,the,2.8016717433929443
critical,19,ambiguous,short,,final,6,2,boy,11.44851303100586
critical,19,ambiguous,short,,final,6,3,hid,12.95744800567627
critical,19,ambiguous,short,,final,6,4,his,3.11132287979126
critical,19,ambiguous,short,,final,6,5,toy,6.4509382247924805
critical,19,ambiguous,short,,final,6,6,fell.,25.69266653060913
critical,19,ambiguous,short,,nonfinal,6,0,When,16.867658615112305
critical,19,ambiguous,short,,nonfinal,6,1,the,2.8016717433929443
critical,19,ambiguous,short,,nonfinal,6,2,boy,11.448515892028809
critical,19,ambiguous,short,,nonfinal,6,3,hid,12.95744800567627
critical,19,ambiguous,short,,nonfinal,6,4,his,3.11132287979126
critical,19,ambiguous,short,,nonfinal,6,5,toy,6.4509382247924805
critical,19,ambiguous,short,,nonfinal,6,6,fell,18.912981033325195
critical,19,ambiguous,short,,nonfinal,6,7,off,3.736090421676636
critical,19,ambiguous,short,,nonfinal,6,8,the,1.3262256383895874
critical,19,ambiguous,short,,nonfinal,6,9,table.,6.435530185699463
critical,19,ambiguous,long,,final,8,0,When,16.867658615112305
critical,19,ambiguous,long,,final,8,1,the,2.8016717433929443
critical,19,ambiguous,long,,final,8,2,boy,11.448515892028809
critical,19,ambiguous,long,,final,8,3,hid,12.95744800567627
critical,19,ambiguous,long,,final,8,4,his,3.11132287979126
critical,19,ambiguous,long,,final,8,5,toy,6.4509382247924805
critical,19,ambiguous,long,,final,8,6,from,5.076219081878662
critical,19,ambiguous,long,,final,8,7,childhood,18.62567901611328
critical,19,ambiguous,long,,final,8,8,fell.,26.76535987854004
critical,19,ambiguous,long,,nonfinal,8,0,When,16.867658615112305
critical,19,ambiguous,long,,nonfinal,8,1,the,2.8016717433929443
critical,19,ambiguous,long,,nonfinal,8,2,boy,11.448515892028809
critical,19,ambiguous,long,,nonfinal,8,3,hid,12.95744800567627
critical,19,ambiguous,long,,nonfinal,8,4,his,3.11132287979126
critical,19,ambiguous,long,,nonfinal,8,5,toy,6.4509382247924805
critical,19,ambiguous,long,,nonfinal,8,6,from,5.076219081878662
critical,19,ambiguous,long,,nonfinal,8,7,childhood,18.62567901611328
critical,19,ambiguous,long,,nonfinal,8,8,fell,19.165756225585938
critical,19,ambiguous,long,,nonfinal,8,9,off,5.355619430541992
critical,19,ambiguous,long,,nonfinal,8,10,the,1.541102170944214
critical,19,ambiguous,long,,nonfinal,8,11,table.,9.74326992034912
critical,19,unambiguous,short,comma,final,6,0,When,16.867658615112305
critical,19,unambiguous,short,comma,final,6,1,the,2.801668882369995
critical,19,unambiguous,short,comma,final,6,2,boy,11.448515892028809
critical,19,unambiguous,short,comma,final,6,3,"hid,",16.05043339729309
critical,19,unambiguous,short,comma,final,6,4,his,3.4955432415008545
critical,19,unambiguous,short,comma,final,6,5,toy,9.99124813079834
critical,19,unambiguous,short,comma,final,6,6,fell.,14.871351718902588
critical,19,unambiguous,short,comma,nonfinal,6,0,When,16.867658615112305
critical,19,unambiguous,short,comma,nonfinal,6,1,the,2.8016717433929443
critical,19,unambiguous,short,comma,nonfinal,6,2,boy,11.448515892028809
critical,19,unambiguous,short,comma,nonfinal,6,3,"hid,",16.05043339729309
critical,19,unambiguous,short,comma,nonfinal,6,4,his,3.4955432415008545
critical,19,unambiguous,short,comma,nonfinal,6,5,toy,9.99124813079834
critical,19,unambiguous,short,comma,nonfinal,6,6,fell,9.57753849029541
critical,19,unambiguous,short,comma,nonfinal,6,7,off,3.178654909133911
critical,19,unambiguous,short,comma,nonfinal,6,8,the,1.1643500328063965
critical,19,unambiguous,short,comma,nonfinal,6,9,table.,5.253672242164612
critical,19,unambiguous,long,comma,final,8,0,When,16.867658615112305
critical,19,unambiguous,long,comma,final,8,1,the,2.8016717433929443
critical,19,unambiguous,long,comma,final,8,2,boy,11.448515892028809
critical,19,unambiguous,long,comma,final,8,3,"hid,",16.05043339729309
critical,19,unambiguous,long,comma,final,8,4,his,3.4955432415008545
critical,19,unambiguous,long,comma,final,8,5,toy,9.99124813079834
critical,19,unambiguous,long,comma,final,8,6,from,11.18780517578125
critical,19,unambiguous,long,comma,final,8,7,childhood,15.047609329223633
critical,19,unambiguous,long,comma,final,8,8,fell.,13.565200328826904
critical,19,unambiguous,long,comma,nonfinal,8,0,When,16.867658615112305
critical,19,unambiguous,long,comma,nonfinal,8,1,the,2.8016717433929443
critical,19,unambiguous,long,comma,nonfinal,8,2,boy,11.448515892028809
critical,19,unambiguous,long,comma,nonfinal,8,3,"hid,",16.05043339729309
critical,19,unambiguous,long,comma,nonfinal,8,4,his,3.4955432415008545
critical,19,unambiguous,long,comma,nonfinal,8,5,toy,9.99124813079834
critical,19,unambiguous,long,comma,nonfinal,8,6,from,11.18780517578125
critical,19,unambiguous,long,comma,nonfinal,8,7,childhood,15.047609329223633
critical,19,unambiguous,long,comma,nonfinal,8,8,fell,7.3747053146362305
critical,19,unambiguous,long,comma,nonfinal,8,9,off,3.908612489700317
critical,19,unambiguous,long,comma,nonfinal,8,10,the,1.49330472946167
critical,19,unambiguous,long,comma,nonfinal,8,11,table.,5.5687665939331055
critical,19,unambiguous,short,object,final,7,0,When,16.867658615112305
critical,19,unambiguous,short,object,final,7,1,the,2.801668882369995
critical,19,unambiguous,short,object,final,7,2,boy,11.448515892028809
critical,19,unambiguous,short,object,final,7,3,hid,12.95744800567627
critical,19,unambiguous,short,object,final,7,4,himself,3.666048288345337
critical,19,unambiguous,short,object,final,7,5,his,10.178757667541504
critical,19,unambiguous,short,object,final,7,6,toy,9.91530418395996
critical,19,unambiguous,short,object,final,7,7,fell.,17.367385864257812
critical,19,unambiguous,short,object,nonfinal,7,0,When,16.867658615112305
critical,19,unambiguous,short,object,nonfinal,7,1,the,2.8016717433929443
critical,19,unambiguous,short,object,nonfinal,7,2,boy,11.448515892028809
critical,19,unambiguous,short,object,nonfinal,7,3,hid,12.95744800567627
critical,19,unambiguous,short,object,nonfinal,7,4,himself,3.666048288345337
critical,19,unambiguous,short,object,nonfinal,7,5,his,10.178757667541504
critical,19,unambiguous,short,object,nonfinal,7,6,toy,9.91530418395996
critical,19,unambiguous,short,object,nonfinal,7,7,fell,11.057668685913086
critical,19,unambiguous,short,object,nonfinal,7,8,off,3.993610382080078
critical,19,unambiguous,short,object,nonfinal,7,9,the,1.4947768449783323
critical,19,unambiguous,short,object,nonfinal,7,10,table.,5.511750936508179
critical,19,unambiguous,long,object,final,9,0,When,16.867658615112305
critical,19,unambiguous,long,object,final,9,1,the,2.8016717433929443
critical,19,unambiguous,long,object,final,9,2,boy,11.448515892028809
critical,19,unambiguous,long,object,final,9,3,hid,12.95744800567627
critical,19,unambiguous,long,object,final,9,4,himself,3.666048288345337
critical,19,unambiguous,long,object,final,9,5,his,10.178757667541504
critical,19,unambiguous,long,object,final,9,6,toy,9.91530418395996
critical,19,unambiguous,long,object,final,9,7,from,7.230222225189209
critical,19,unambiguous,long,object,final,9,8,childhood,16.972209930419922
critical,19,unambiguous,long,object,final,9,9,fell.,20.91665935516357
critical,19,unambiguous,long,object,nonfinal,9,0,When,16.867658615112305
critical,19,unambiguous,long,object,nonfinal,9,1,the,2.8016717433929443
critical,19,unambiguous,long,object,nonfinal,9,2,boy,11.448515892028809
critical,19,unambiguous,long,object,nonfinal,9,3,hid,12.95744800567627
critical,19,unambiguous,long,object,nonfinal,9,4,himself,3.666048288345337
critical,19,unambiguous,long,object,nonfinal,9,5,his,10.178757667541504
critical,19,unambiguous,long,object,nonfinal,9,6,toy,9.91530418395996
critical,19,unambiguous,long,object,nonfinal,9,7,from,7.230222225189209
critical,19,unambiguous,long,object,nonfinal,9,8,childhood,16.972209930419922
critical,19,unambiguous,long,object,nonfinal,9,9,fell,14.680081367492676
critical,19,unambiguous,long,object,nonfinal,9,10,off,4.438635349273682
critical,19,unambiguous,long,object,nonfinal,9,11,the,1.3663127422332764
critical,19,unambiguous,long,object,nonfinal,9,12,table.,7.31144905090332
critical,20,ambiguous,short,,final,6,0,As,18.614870071411133
critical,20,ambiguous,short,,final,6,1,the,3.726266860961914
critical,20,ambiguous,short,,final,6,2,doctor,11.060273170471191
critical,20,ambiguous,short,,final,6,3,lectured,15.578660666942596
critical,20,ambiguous,short,,final,6,4,the,4.084524631500244
critical,20,ambiguous,short,,final,6,5,student,5.687795162200928
critical,20,ambiguous,short,,final,6,6,listened.,23.846726894378666
critical,20,ambiguous,short,,nonfinal,6,0,As,18.614870071411133
critical,20,ambiguous,short,,nonfinal,6,1,the,3.726266860961914
critical,20,ambiguous,short,,nonfinal,6,2,doctor,11.060273170471191
critical,20,ambiguous,short,,nonfinal,6,3,lectured,15.578660666942596
critical,20,ambiguous,short,,nonfinal,6,4,the,4.084524631500244
critical,20,ambiguous,short,,nonfinal,6,5,student,5.687795162200928
critical,20,ambiguous,short,,nonfinal,6,6,listened,18.535717010498047
critical,20,ambiguous,short,,nonfinal,6,7,carefully,3.4082915782928467
critical,20,ambiguous,short,,nonfinal,6,8,for,7.710773468017578
critical,20,ambiguous,short,,nonfinal,6,9,insightful,16.091455459594727
critical,20,ambiguous,short,,nonfinal,6,10,tips.,13.03109097480774
critical,20,ambiguous,long,,final,8,0,As,18.614870071411133
critical,20,ambiguous,long,,final,8,1,the,3.726266860961914
critical,20,ambiguous,long,,final,8,2,doctor,11.060273170471191
critical,20,ambiguous,long,,final,8,3,lectured,15.578660666942596
critical,20,ambiguous,long,,final,8,4,the,4.084524631500244
critical,20,ambiguous,long,,final,8,5,student,5.687795162200928
critical,20,ambiguous,long,,final,8,6,watching,11.862247467041016
critical,20,ambiguous,long,,final,8,7,quietly,8.723990440368652
critical,20,ambiguous,long,,final,8,8,listened.,18.750250339508057
critical,20,ambiguous,long,,nonfinal,8,0,As,18.614870071411133
critical,20,ambiguous,long,,nonfinal,8,1,the,3.726266860961914
critical,20,ambiguous,long,,nonfinal,8,2,doctor,11.060273170471191
critical,20,ambiguous,long,,nonfinal,8,3,lectured,15.578660666942596
critical,20,ambiguous,long,,nonfinal,8,4,the,4.084524631500244
critical,20,ambiguous,long,,nonfinal,8,5,student,5.687795162200928
critical,20,ambiguous,long,,nonfinal,8,6,watching,11.862247467041016
critical,20,ambiguous,long,,nonfinal,8,7,quietly,8.723990440368652
critical,20,ambiguous,long,,nonfinal,8,8,listened,14.109454154968262
critical,20,ambiguous,long,,nonfinal,8,9,carefully,4.756953239440918
critical,20,ambiguous,long,,nonfinal,8,10,for,6.39570426940918
critical,20,ambiguous,long,,nonfinal,8,11,insightful,15.73457145690918
critical,20,ambiguous,long,,nonfinal,8,12,tips.,12.106908798217772
critical,20,unambiguous,short,comma,final,6,0,As,18.614870071411133
critical,20,unambiguous,short,comma,final,6,1,the,3.726266860961914
critical,20,unambiguous,short,comma,final,6,2,doctor,11.060273170471191
critical,20,unambiguous,short,comma,final,6,3,"lectured,",17.379076898097992
critical,20,unambiguous,short,comma,final,6,4,the,2.5694730281829834
critical,20,unambiguous,short,comma,final,6,5,student,6.42124605178833
critical,20,unambiguous,short,comma,final,6,6,listened.,10.715415000915527
critical,20,unambiguous,short,comma,nonfinal,6,0,As,18.614870071411133
critical,20,unambiguous,short,comma,nonfinal,6,1,the,3.726266860961914
critical,20,unambiguous,short,comma,nonfinal,6,2,doctor,11.060273170471191
critical,20,unambiguous,short,comma,nonfinal,6,3,"lectured,",17.379076898097992
critical,20,unambiguous,short,comma,nonfinal,6,4,the,2.5694730281829834
critical,20,unambiguous,short,comma,nonfinal,6,5,student,6.42124605178833
critical,20,unambiguous,short,comma,nonfinal,6,6,listened,6.303936004638672
critical,20,unambiguous,short,comma,nonfinal,6,7,carefully,3.0867087841033936
critical,20,unambiguous,short,comma,nonfinal,6,8,for,8.296819686889648
critical,20,unambiguous,short,comma,nonfinal,6,9,insightful,15.431191444396973
critical,20,unambiguous,short,comma,nonfinal,6,10,tips.,10.46905553340912
critical,20,unambiguous,long,comma,final,8,0,As,18.614870071411133
critical,20,unambiguous,long,comma,final,8,1,the,3.726266860961914
critical,20,unambiguous,long,comma,final,8,2,doctor,11.060273170471191
critical,20,unambiguous,long,comma,final,8,3,"lectured,",17.379076898097992
critical,20,unambiguous,long,comma,final,8,4,the,2.5694730281829834
critical,20,unambiguous,long,comma,final,8,5,student,6.42124605178833
critical,20,unambiguous,long,comma,final,8,6,watching,14.467263221740724
critical,20,unambiguous,long,comma,final,8,7,quietly,5.918781280517578
critical,20,unambiguous,long,comma,final,8,8,listened.,7.847448587417602
critical,20,unambiguous,long,comma,nonfinal,8,0,As,18.614870071411133
critical,20,unambiguous,long,comma,nonfinal,8,1,the,3.726266860961914
critical,20,unambiguous,long,comma,nonfinal,8,2,doctor,11.060273170471191
critical,20,unambiguous,long,comma,nonfinal,8,3,"lectured,",17.379076898097992
critical,20,unambiguous,long,comma,nonfinal,8,4,the,2.5694730281829834
critical,20,unambiguous,long,comma,nonfinal,8,5,student,6.42124605178833
critical,20,unambiguous,long,comma,nonfinal,8,6,watching,14.467263221740724
critical,20,unambiguous,long,comma,nonfinal,8,7,quietly,5.918781280517578
critical,20,unambiguous,long,comma,nonfinal,8,8,listened,5.560599327087402
critical,20,unambiguous,long,comma,nonfinal,8,9,carefully,6.452822208404541
critical,20,unambiguous,long,comma,nonfinal,8,10,for,6.505712985992432
critical,20,unambiguous,long,comma,nonfinal,8,11,insightful,15.62554931640625
critical,20,unambiguous,long,comma,nonfinal,8,12,tips.,10.003424763679504
critical,20,unambiguous,short,object,final,8,0,As,18.614870071411133
critical,20,unambiguous,short,object,final,8,1,the,3.726266860961914
critical,20,unambiguous,short,object,final,8,2,doctor,11.060273170471191
critical,20,unambiguous,short,object,final,8,3,lectured,15.578660666942596
critical,20,unambiguous,short,object,final,8,4,the,4.084524631500244
critical,20,unambiguous,short,object,final,8,5,nurse,7.018317222595215
critical,20,unambiguous,short,object,final,8,6,the,7.148471355438232
critical,20,unambiguous,short,object,final,8,7,student,7.830722332000732
critical,20,unambiguous,short,object,final,8,8,listened.,11.081725597381592
critical,20,unambiguous,short,object,nonfinal,8,0,As,18.614870071411133
critical,20,unambiguous,short,object,nonfinal,8,1,the,3.726266860961914
critical,20,unambiguous,short,object,nonfinal,8,2,doctor,11.060273170471191
critical,20,unambiguous,short,object,nonfinal,8,3,lectured,15.578660666942596
critical,20,unambiguous,short,object,nonfinal,8,4,the,4.084524631500244
critical,20,unambiguous,short,object,nonfinal,8,5,nurse,7.018317222595215
critical,20,unambiguous,short,object,nonfinal,8,6,the,7.148471355438232
critical,20,unambiguous,short,object,nonfinal,8,7,student,7.830722332000732
critical,20,unambiguous,short,object,nonfinal,8,8,listened,6.522495746612549
critical,20,unambiguous,short,object,nonfinal,8,9,carefully,3.276965618133545
critical,20,unambiguous,short,object,nonfinal,8,10,for,7.915127277374268
critical,20,unambiguous,short,object,nonfinal,8,11,insightful,15.75085735321045
critical,20,unambiguous,short,object,nonfinal,8,12,tips.,10.744341135025024
critical,20,unambiguous,long,object,final,10,0,As,18.614870071411133
critical,20,unambiguous,long,object,final,10,1,the,3.726266860961914
critical,20,unambiguous,long,object,final,10,2,doctor,11.060273170471191
critical,20,unambiguous,long,object,final,10,3,lectured,15.578660666942596
critical,20,unambiguous,long,object,final,10,4,the,4.084524631500244
critical,20,unambiguous,long,object,final,10,5,nurse,7.018317222595215
critical,20,unambiguous,long,object,final,10,6,the,7.148471355438232
critical,20,unambiguous,long,object,final,10,7,student,7.830722332000732
critical,20,unambiguous,long,object,final,10,8,watching,13.39504337310791
critical,20,unambiguous,long,object,final,10,9,quietly,7.192392826080322
critical,20,unambiguous,long,object,final,10,10,listened.,7.696924924850464
critical,20,unambiguous,long,object,nonfinal,10,0,As,18.614870071411133
critical,20,unambiguous,long,object,nonfinal,10,1,the,3.726266860961914
critical,20,unambiguous,long,object,nonfinal,10,2,doctor,11.060273170471191
critical,20,unambiguous,long,object,nonfinal,10,3,lectured,15.578660666942596
critical,20,unambiguous,long,object,nonfinal,10,4,the,4.084524631500244
critical,20,unambiguous,long,object,nonfinal,10,5,nurse,7.018317222595215
critical,20,unambiguous,long,object,nonfinal,10,6,the,7.148471355438232
critical,20,unambiguous,long,object,nonfinal,10,7,student,7.830722332000732
critical,20,unambiguous,long,object,nonfinal,10,8,watching,13.39504337310791
critical,20,unambiguous,long,object,nonfinal,10,9,quietly,7.192392826080322
critical,20,unambiguous,long,object,nonfinal,10,10,listened,4.552595138549805
critical,20,unambiguous,long,object,nonfinal,10,11,carefully,4.942074298858643
critical,20,unambiguous,long,object,nonfinal,10,12,for,6.170825481414795
critical,20,unambiguous,long,object,nonfinal,10,13,insightful,16.555328369140625
critical,20,unambiguous,long,object,nonfinal,10,14,tips.,10.734185218811035
critical,21,ambiguous,short,,final,6,0,As,18.614870071411133
critical,21,ambiguous,short,,final,6,1,the,3.726266860961914
critical,21,ambiguous,short,,final,6,2,teenager,14.502495765686035
critical,21,ambiguous,short,,final,6,3,drove,11.863580703735352
critical,21,ambiguous,short,,final,6,4,the,4.051669120788574
critical,21,ambiguous,short,,final,6,5,car,1.8753937482833865
critical,21,ambiguous,short,,final,6,6,sputtered.,32.7123122215271
critical,21,ambiguous,short,,nonfinal,6,0,As,18.614870071411133
critical,21,ambiguous,short,,nonfinal,6,1,the,3.726266860961914
critical,21,ambiguous,short,,nonfinal,6,2,teenager,14.502495765686035
critical,21,ambiguous,short,,nonfinal,6,3,drove,11.863580703735352
critical,21,ambiguous,short,,nonfinal,6,4,the,4.051669120788574
critical,21,ambiguous,short,,nonfinal,6,5,car,1.8753937482833865
critical,21,ambiguous,short,,nonfinal,6,6,sputtered,26.61334800720215
critical,21,ambiguous,short,,nonfinal,6,7,to,4.651525497436523
critical,21,ambiguous,short,,nonfinal,6,8,a,0.4769202768802643
critical,21,ambiguous,short,,nonfinal,6,9,halt.,4.664700508117676
critical,21,ambiguous,long,,final,9,0,As,18.614870071411133
critical,21,ambiguous,long,,final,9,1,the,3.726266860961914
critical,21,ambiguous,long,,final,9,2,teenager,14.502495765686035
critical,21,ambiguous,long,,final,9,3,drove,11.863580703735352
critical,21,ambiguous,long,,final,9,4,the,4.051669120788574
critical,21,ambiguous,long,,final,9,5,car,1.8753937482833865
critical,21,ambiguous,long,,final,9,6,for,4.976583480834961
critical,21,ambiguous,long,,final,9,7,the,0.7663987278938293
critical,21,ambiguous,long,,final,9,8,family,10.887995719909668
critical,21,ambiguous,long,,final,9,9,sputtered.,45.2233943939209
critical,21,ambiguous,long,,nonfinal,9,0,As,18.614870071411133
critical,21,ambiguous,long,,nonfinal,9,1,the,3.726266860961914
critical,21,ambiguous,long,,nonfinal,9,2,teenager,14.502495765686035
critical,21,ambiguous,long,,nonfinal,9,3,drove,11.863580703735352
critical,21,ambiguous,long,,nonfinal,9,4,the,4.051669120788574
critical,21,ambiguous,long,,nonfinal,9,5,car,1.8753937482833865
critical,21,ambiguous,long,,nonfinal,9,6,for,4.976583480834961
critical,21,ambiguous,long,,nonfinal,9,7,the,0.7663987278938293
critical,21,ambiguous,long,,nonfinal,9,8,family,10.887995719909668
critical,21,ambiguous,long,,nonfinal,9,9,sputtered,37.08619785308838
critical,21,ambiguous,long,,nonfinal,9,10,to,5.550768852233887
critical,21,ambiguous,long,,nonfinal,9,11,a,0.766021728515625
critical,21,ambiguous,long,,nonfinal,9,12,halt.,5.170043349266052
critical,21,unambiguous,short,comma,final,6,0,As,18.614870071411133
critical,21,unambiguous,short,comma,final,6,1,the,3.726266860961914
critical,21,unambiguous,short,comma,final,6,2,teenager,14.502495765686035
critical,21,unambiguous,short,comma,final,6,3,"drove,",15.98277711868286
critical,21,unambiguous,short,comma,final,6,4,the,3.336616039276123
critical,21,unambiguous,short,comma,final,6,5,car,4.375946998596191
critical,21,unambiguous,short,comma,final,6,6,sputtered.,13.065926276147366
critical,21,unambiguous,short,comma,nonfinal,6,0,As,18.614870071411133
critical,21,unambiguous,short,comma,nonfinal,6,1,the,3.726266860961914
critical,21,unambiguous,short,comma,nonfinal,6,2,teenager,14.502495765686035
critical,21,unambiguous,short,comma,nonfinal,6,3,"drove,",15.98277711868286
critical,21,unambiguous,short,comma,nonfinal,6,4,the,3.336616039276123
critical,21,unambiguous,short,comma,nonfinal,6,5,car,4.375946998596191
critical,21,unambiguous,short,comma,nonfinal,6,6,sputtered,9.271339744329453
critical,21,unambiguous,short,comma,nonfinal,6,7,to,4.595040798187256
critical,21,unambiguous,short,comma,nonfinal,6,8,a,0.1749490052461624
critical,21,unambiguous,short,comma,nonfinal,6,9,halt.,2.883571147918701
critical,21,unambiguous,long,comma,final,9,0,As,18.614870071411133
critical,21,unambiguous,long,comma,final,9,1,the,3.726266860961914
critical,21,unambiguous,long,comma,final,9,2,teenager,14.502495765686035
critical,21,unambiguous,long,comma,final,9,3,"drove,",15.98277711868286
critical,21,unambiguous,long,comma,final,9,4,the,3.336616039276123
critical,21,unambiguous,long,comma,final,9,5,car,4.375946998596191
critical,21,unambiguous,long,comma,final,9,6,for,12.689369201660156
critical,21,unambiguous,long,comma,final,9,7,the,2.2416274547576904
critical,21,unambiguous,long,comma,final,9,8,family,7.551370143890381
critical,21,unambiguous,long,comma,final,9,9,sputtered.,30.12872877717018
critical,21,unambiguous,long,comma,nonfinal,9,0,As,18.614870071411133
critical,21,unambiguous,long,comma,nonfinal,9,1,the,3.726266860961914
critical,21,unambiguous,long,comma,nonfinal,9,2,teenager,14.502495765686035
critical,21,unambiguous,long,comma,nonfinal,9,3,"drove,",15.98277711868286
critical,21,unambiguous,long,comma,nonfinal,9,4,the,3.336616039276123
critical,21,unambiguous,long,comma,nonfinal,9,5,car,4.375946998596191
critical,21,unambiguous,long,comma,nonfinal,9,6,for,12.689369201660156
critical,21,unambiguous,long,comma,nonfinal,9,7,the,2.2416274547576904
critical,21,unambiguous,long,comma,nonfinal,9,8,family,7.551370143890381
critical,21,unambiguous,long,comma,nonfinal,9,9,sputtered,26.216368347406387
critical,21,unambiguous,long,comma,nonfinal,9,10,to,3.774639368057251
critical,21,unambiguous,long,comma,nonfinal,9,11,a,0.3059144914150238
critical,21,unambiguous,long,comma,nonfinal,9,12,halt.,2.810766041278839
critical,21,unambiguous,short,object,final,8,0,As,18.614870071411133
critical,21,unambiguous,short,object,final,8,1,the,3.726266860961914
critical,21,unambiguous,short,object,final,8,2,teenager,14.502495765686035
critical,21,unambiguous,short,object,final,8,3,drove,11.863580703735352
critical,21,unambiguous,short,object,final,8,4,his,4.124203205108643
critical,21,unambiguous,short,object,final,8,5,friends,8.842358589172363
critical,21,unambiguous,short,object,final,8,6,the,10.25799560546875
critical,21,unambiguous,short,object,final,8,7,car,4.315710544586182
critical,21,unambiguous,short,object,final,8,8,sputtered.,26.988368034362797
critical,21,unambiguous,short,object,nonfinal,8,0,As,18.614870071411133
critical,21,unambiguous,short,object,nonfinal,8,1,the,3.726266860961914
critical,21,unambiguous,short,object,nonfinal,8,2,teenager,14.502495765686035
critical,21,unambiguous,short,object,nonfinal,8,3,drove,11.863580703735352
critical,21,unambiguous,short,object,nonfinal,8,4,his,4.124203205108643
critical,21,unambiguous,short,object,nonfinal,8,5,friends,8.842358589172363
critical,21,unambiguous,short,object,nonfinal,8,6,the,10.25799560546875
critical,21,unambiguous,short,object,nonfinal,8,7,car,4.315710544586182
critical,21,unambiguous,short,object,nonfinal,8,8,sputtered,21.66560983657837
critical,21,unambiguous,short,object,nonfinal,8,9,to,3.35671067237854
critical,21,unambiguous,short,object,nonfinal,8,10,a,0.1635513752698898
critical,21,unambiguous,short,object,nonfinal,8,11,halt.,3.6011706590652466
critical,21,unambiguous,long,object,final,11,0,As,18.614870071411133
critical,21,unambiguous,long,object,final,11,1,the,3.726266860961914
critical,21,unambiguous,long,object,final,11,2,teenager,14.502495765686035
critical,21,unambiguous,long,object,final,11,3,drove,11.863580703735352
critical,21,unambiguous,long,object,final,11,4,his,4.124203205108643
critical,21,unambiguous,long,object,final,11,5,friends,8.842358589172363
critical,21,unambiguous,long,object,final,11,6,the,10.25799560546875
critical,21,unambiguous,long,object,final,11,7,car,4.315710544586182
critical,21,unambiguous,long,object,final,11,8,for,6.661293983459473
critical,21,unambiguous,long,object,final,11,9,the,0.6682172417640686
critical,21,unambiguous,long,object,final,11,10,family,8.850703239440918
critical,21,unambiguous,long,object,final,11,11,sputtered.,40.31554555892944
critical,21,unambiguous,long,object,nonfinal,11,0,As,18.614870071411133
critical,21,unambiguous,long,object,nonfinal,11,1,the,3.726266860961914
critical,21,unambiguous,long,object,nonfinal,11,2,teenager,14.502495765686035
critical,21,unambiguous,long,object,nonfinal,11,3,drove,11.863580703735352
critical,21,unambiguous,long,object,nonfinal,11,4,his,4.124203205108643
critical,21,unambiguous,long,object,nonfinal,11,5,friends,8.842358589172363
critical,21,unambiguous,long,object,nonfinal,11,6,the,10.25799560546875
critical,21,unambiguous,long,object,nonfinal,11,7,car,4.315710544586182
critical,21,unambiguous,long,object,nonfinal,11,8,for,6.661293983459473
critical,21,unambiguous,long,object,nonfinal,11,9,the,0.6682172417640686
critical,21,unambiguous,long,object,nonfinal,11,10,family,8.850703239440918
critical,21,unambiguous,long,object,nonfinal,11,11,sputtered,33.18430280685425
critical,21,unambiguous,long,object,nonfinal,11,12,to,6.274960517883301
critical,21,unambiguous,long,object,nonfinal,11,13,a,0.6718027591705322
critical,21,unambiguous,long,object,nonfinal,11,14,halt.,4.186825513839722
critical,22,ambiguous,short,,final,7,0,When,16.867658615112305
critical,22,ambiguous,short,,final,7,1,the,2.801668882369995
critical,22,ambiguous,short,,final,7,2,original,9.51596736907959
critical,22,ambiguous,short,,final,7,3,members,12.661046028137209
critical,22,ambiguous,short,,final,7,4,left,5.699839115142822
critical,22,ambiguous,short,,final,7,5,the,2.0271594524383545
critical,22,ambiguous,short,,final,7,6,company,4.155054092407227
critical,22,ambiguous,short,,final,7,7,failed.,23.793861865997314
critical,22,ambiguous,short,,nonfinal,7,0,When,16.867658615112305
critical,22,ambiguous,short,,nonfinal,7,1,the,2.8016717433929443
critical,22,ambiguous,short,,nonfinal,7,2,original,9.51596736907959
critical,22,ambiguous,short,,nonfinal,7,3,members,12.661046028137209
critical,22,ambiguous,short,,nonfinal,7,4,left,5.699839115142822
critical,22,ambiguous,short,,nonfinal,7,5,the,2.0271594524383545
critical,22,ambiguous,short,,nonfinal,7,6,company,4.155054092407227
critical,22,ambiguous,short,,nonfinal,7,7,failed,16.09954261779785
critical,22,ambiguous,short,,nonfinal,7,8,to,0.3865564465522766
critical,22,ambiguous,short,,nonfinal,7,9,create,7.566547393798828
critical,22,ambiguous,short,,nonfinal,7,10,a,0.8363227248191833
critical,22,ambiguous,short,,nonfinal,7,11,successful,8.825125694274902
critical,22,ambiguous,short,,nonfinal,7,12,product.,10.17936396598816
critical,22,ambiguous,long,,final,11,0,When,16.867658615112305
critical,22,ambiguous,long,,final,11,1,the,2.8016717433929443
critical,22,ambiguous,long,,final,11,2,original,9.51596736907959
critical,22,ambiguous,long,,final,11,3,members,12.661046028137209
critical,22,ambiguous,long,,final,11,4,left,5.699839115142822
critical,22,ambiguous,long,,final,11,5,the,2.0271594524383545
critical,22,ambiguous,long,,final,11,6,company,4.155054092407227
critical,22,ambiguous,long,,final,11,7,that,9.480753898620604
critical,22,ambiguous,long,,final,11,8,was,3.8243753910064697
critical,22,ambiguous,long,,final,11,9,recently,9.525147438049316
critical,22,ambiguous,long,,final,11,10,acquired,2.1941821575164795
critical,22,ambiguous,long,,final,11,11,failed.,23.90242481231689
critical,22,ambiguous,long,,nonfinal,11,0,When,16.867658615112305
critical,22,ambiguous,long,,nonfinal,11,1,the,2.8016717433929443
critical,22,ambiguous,long,,nonfinal,11,2,original,9.515965461730955
critical,22,ambiguous,long,,nonfinal,11,3,members,12.661046028137209
critical,22,ambiguous,long,,nonfinal,11,4,left,5.699839115142822
critical,22,ambiguous,long,,nonfinal,11,5,the,2.0271594524383545
critical,22,ambiguous,long,,nonfinal,11,6,company,4.155054092407227
critical,22,ambiguous,long,,nonfinal,11,7,that,9.480753898620604
critical,22,ambiguous,long,,nonfinal,11,8,was,3.8243753910064697
critical,22,ambiguous,long,,nonfinal,11,9,recently,9.525147438049316
critical,22,ambiguous,long,,nonfinal,11,10,acquired,2.1941821575164795
critical,22,ambiguous,long,,nonfinal,11,11,failed,15.487812042236328
critical,22,ambiguous,long,,nonfinal,11,12,to,0.2843079566955566
critical,22,ambiguous,long,,nonfinal,11,13,create,8.628974914550781
critical,22,ambiguous,long,,nonfinal,11,14,a,0.8616660833358765
critical,22,ambiguous,long,,nonfinal,11,15,successful,8.806154251098633
critical,22,ambiguous,long,,nonfinal,11,16,product.,12.40549659729004
critical,22,unambiguous,short,comma,final,7,0,When,16.867658615112305
critical,22,unambiguous,short,comma,final,7,1,the,2.8016717433929443
critical,22,unambiguous,short,comma,final,7,2,original,9.51596736907959
critical,22,unambiguous,short,comma,final,7,3,members,12.661046028137209
critical,22,unambiguous,short,comma,final,7,4,"left,",6.933727979660034
critical,22,unambiguous,short,comma,final,7,5,the,1.6479473114013672
critical,22,unambiguous,short,comma,final,7,6,company,5.845915794372559
critical,22,unambiguous,short,comma,final,7,7,failed.,14.079656600952148
critical,22,unambiguous,short,comma,nonfinal,7,0,When,16.867658615112305
critical,22,unambiguous,short,comma,nonfinal,7,1,the,2.8016717433929443
critical,22,unambiguous,short,comma,nonfinal,7,2,original,9.51596736907959
critical,22,unambiguous,short,comma,nonfinal,7,3,members,12.661046028137209
critical,22,unambiguous,short,comma,nonfinal,7,4,"left,",6.933727979660034
critical,22,unambiguous,short,comma,nonfinal,7,5,the,1.6479473114013672
critical,22,unambiguous,short,comma,nonfinal,7,6,company,5.845915794372559
critical,22,unambiguous,short,comma,nonfinal,7,7,failed,9.474167823791504
critical,22,unambiguous,short,comma,nonfinal,7,8,to,0.3093678951263428
critical,22,unambiguous,short,comma,nonfinal,7,9,create,7.659013271331787
critical,22,unambiguous,short,comma,nonfinal,7,10,a,0.5694331526756287
critical,22,unambiguous,short,comma,nonfinal,7,11,successful,9.66005039215088
critical,22,unambiguous,short,comma,nonfinal,7,12,product.,9.293538093566896
critical,22,unambiguous,long,comma,final,11,0,When,16.867658615112305
critical,22,unambiguous,long,comma,final,11,1,the,2.8016717433929443
critical,22,unambiguous,long,comma,final,11,2,original,9.51596736907959
critical,22,unambiguous,long,comma,final,11,3,members,12.661046028137209
critical,22,unambiguous,long,comma,final,11,4,"left,",6.933727979660034
critical,22,unambiguous,long,comma,final,11,5,the,1.6479473114013672
critical,22,unambiguous,long,comma,final,11,6,company,5.845915794372559
critical,22,unambiguous,long,comma,final,11,7,that,9.620246887207031
critical,22,unambiguous,long,comma,final,11,8,was,2.7732958793640137
critical,22,unambiguous,long,comma,final,11,9,recently,11.7054443359375
critical,22,unambiguous,long,comma,final,11,10,acquired,4.215567111968994
critical,22,unambiguous,long,comma,final,11,11,failed.,13.262197971343994
critical,22,unambiguous,long,comma,nonfinal,11,0,When,16.867658615112305
critical,22,unambiguous,long,comma,nonfinal,11,1,the,2.8016717433929443
critical,22,unambiguous,long,comma,nonfinal,11,2,original,9.515965461730955
critical,22,unambiguous,long,comma,nonfinal,11,3,members,12.661046028137209
critical,22,unambiguous,long,comma,nonfinal,11,4,"left,",6.933727979660034
critical,22,unambiguous,long,comma,nonfinal,11,5,the,1.6479473114013672
critical,22,unambiguous,long,comma,nonfinal,11,6,company,5.845915794372559
critical,22,unambiguous,long,comma,nonfinal,11,7,that,9.620246887207031
critical,22,unambiguous,long,comma,nonfinal,11,8,was,2.7732958793640137
critical,22,unambiguous,long,comma,nonfinal,11,9,recently,11.7054443359375
critical,22,unambiguous,long,comma,nonfinal,11,10,acquired,4.215567111968994
critical,22,unambiguous,long,comma,nonfinal,11,11,failed,9.124232292175291
critical,22,unambiguous,long,comma,nonfinal,11,12,to,0.4550550878047943
critical,22,unambiguous,long,comma,nonfinal,11,13,create,8.30946159362793
critical,22,unambiguous,long,comma,nonfinal,11,14,a,0.7664675116539001
critical,22,unambiguous,long,comma,nonfinal,11,15,successful,9.958773612976074
critical,22,unambiguous,long,comma,nonfinal,11,16,product.,9.73755693435669
critical,22,unambiguous,short,object,final,10,0,When,16.867658615112305
critical,22,unambiguous,short,object,final,10,1,the,2.8016717433929443
critical,22,unambiguous,short,object,final,10,2,original,9.51596736907959
critical,22,unambiguous,short,object,final,10,3,members,12.661046028137209
critical,22,unambiguous,short,object,final,10,4,left,5.699839115142822
critical,22,unambiguous,short,object,final,10,5,the,2.0271594524383545
critical,22,unambiguous,short,object,final,10,6,engineering,14.701412200927734
critical,22,unambiguous,short,object,final,10,7,team,3.640355348587036
critical,22,unambiguous,short,object,final,10,8,the,8.414102554321289
critical,22,unambiguous,short,object,final,10,9,company,4.631514549255371
critical,22,unambiguous,short,object,final,10,10,failed.,14.454907417297363
critical,22,unambiguous,short,object,nonfinal,10,0,When,16.867658615112305
critical,22,unambiguous,short,object,nonfinal,10,1,the,2.8016717433929443
critical,22,unambiguous,short,object,nonfinal,10,2,original,9.51596736907959
critical,22,unambiguous,short,object,nonfinal,10,3,members,12.661046028137209
critical,22,unambiguous,short,object,nonfinal,10,4,left,5.699839115142822
critical,22,unambiguous,short,object,nonfinal,10,5,the,2.0271594524383545
critical,22,unambiguous,short,object,nonfinal,10,6,engineering,14.701412200927734
critical,22,unambiguous,short,object,nonfinal,10,7,team,3.640355348587036
critical,22,unambiguous,short,object,nonfinal,10,8,the,8.414102554321289
critical,22,unambiguous,short,object,nonfinal,10,9,company,4.631514549255371
critical,22,unambiguous,short,object,nonfinal,10,10,failed,9.724063873291016
critical,22,unambiguous,short,object,nonfinal,10,11,to,0.4433189928531647
critical,22,unambiguous,short,object,nonfinal,10,12,create,8.510605812072754
critical,22,unambiguous,short,object,nonfinal,10,13,a,0.7856607437133789
critical,22,unambiguous,short,object,nonfinal,10,14,successful,8.531964302062988
critical,22,unambiguous,short,object,nonfinal,10,15,product.,7.4061301946640015
critical,22,unambiguous,long,object,final,14,0,When,16.867658615112305
critical,22,unambiguous,long,object,final,14,1,the,2.8016717433929443
critical,22,unambiguous,long,object,final,14,2,original,9.51596736907959
critical,22,unambiguous,long,object,final,14,3,members,12.661046028137209
critical,22,unambiguous,long,object,final,14,4,left,5.699839115142822
critical,22,unambiguous,long,object,final,14,5,the,2.0271594524383545
critical,22,unambiguous,long,object,final,14,6,engineering,14.701412200927734
critical,22,unambiguous,long,object,final,14,7,team,3.640355348587036
critical,22,unambiguous,long,object,final,14,8,the,8.414102554321289
critical,22,unambiguous,long,object,final,14,9,company,4.631514549255371
critical,22,unambiguous,long,object,final,14,10,that,8.753121376037598
critical,22,unambiguous,long,object,final,14,11,was,2.911808013916016
critical,22,unambiguous,long,object,final,14,12,recently,11.536457061767578
critical,22,unambiguous,long,object,final,14,13,acquired,2.6536123752593994
critical,22,unambiguous,long,object,final,14,14,failed.,13.308691501617432
critical,22,unambiguous,long,object,nonfinal,14,0,When,16.867658615112305
critical,22,unambiguous,long,object,nonfinal,14,1,the,2.8016717433929443
critical,22,unambiguous,long,object,nonfinal,14,2,original,9.51596736907959
critical,22,unambiguous,long,object,nonfinal,14,3,members,12.661046028137209
critical,22,unambiguous,long,object,nonfinal,14,4,left,5.699839115142822
critical,22,unambiguous,long,object,nonfinal,14,5,the,2.0271594524383545
critical,22,unambiguous,long,object,nonfinal,14,6,engineering,14.701412200927734
critical,22,unambiguous,long,object,nonfinal,14,7,team,3.640355348587036
critical,22,unambiguous,long,object,nonfinal,14,8,the,8.414102554321289
critical,22,unambiguous,long,object,nonfinal,14,9,company,4.631514549255371
critical,22,unambiguous,long,object,nonfinal,14,10,that,8.753124237060547
critical,22,unambiguous,long,object,nonfinal,14,11,was,2.911808013916016
critical,22,unambiguous,long,object,nonfinal,14,12,recently,11.536457061767578
critical,22,unambiguous,long,object,nonfinal,14,13,acquired,2.6536123752593994
critical,22,unambiguous,long,object,nonfinal,14,14,failed,8.800932884216309
critical,22,unambiguous,long,object,nonfinal,14,15,to,0.5732608437538147
critical,22,unambiguous,long,object,nonfinal,14,16,create,8.652116775512695
critical,22,unambiguous,long,object,nonfinal,14,17,a,0.8413886427879333
critical,22,unambiguous,long,object,nonfinal,14,18,successful,9.150169372558594
critical,22,unambiguous,long,object,nonfinal,14,19,product.,8.890132665634155
critical,23,ambiguous,short,,final,7,0,After,18.19958877563477
critical,23,ambiguous,short,,final,7,1,the,2.606558084487915
critical,23,ambiguous,short,,final,7,2,director,13.660198211669922
critical,23,ambiguous,short,,final,7,3,finished,10.301030158996582
critical,23,ambiguous,short,,final,7,4,filming,4.255180835723877
critical,23,ambiguous,short,,final,7,5,the,1.90587317943573
critical,23,ambiguous,short,,final,7,6,actors,10.4630708694458
critical,23,ambiguous,short,,final,7,7,left.,16.691453456878662
critical,23,ambiguous,short,,nonfinal,7,0,After,18.19958877563477
critical,23,ambiguous,short,,nonfinal,7,1,the,2.606558084487915
critical,23,ambiguous,short,,nonfinal,7,2,director,13.660198211669922
critical,23,ambiguous,short,,nonfinal,7,3,finished,10.301030158996582
critical,23,ambiguous,short,,nonfinal,7,4,filming,4.255180835723877
critical,23,ambiguous,short,,nonfinal,7,5,the,1.9058759212493896
critical,23,ambiguous,short,,nonfinal,7,6,actors,10.4630708694458
critical,23,ambiguous,short,,nonfinal,7,7,left,9.250964164733888
critical,23,ambiguous,short,,nonfinal,7,8,to,4.530705451965332
critical,23,ambiguous,short,,nonfinal,7,9,go,3.475968837738037
critical,23,ambiguous,short,,nonfinal,7,10,home.,3.646920919418335
critical,23,ambiguous,long,,final,12,0,After,18.19958877563477
critical,23,ambiguous,long,,final,12,1,the,2.606558084487915
critical,23,ambiguous,long,,final,12,2,director,13.660198211669922
critical,23,ambiguous,long,,final,12,3,finished,10.301030158996582
critical,23,ambiguous,long,,final,12,4,filming,4.255180835723877
critical,23,ambiguous,long,,final,12,5,the,1.90587317943573
critical,23,ambiguous,long,,final,12,6,actors,10.4630708694458
critical,23,ambiguous,long,,final,12,7,exhausted,17.64359474182129
critical,23,ambiguous,long,,final,12,8,from,3.754403114318848
critical,23,ambiguous,long,,final,12,9,the,1.645609736442566
critical,23,ambiguous,long,,final,12,10,long,2.535445213317871
critical,23,ambiguous,long,,final,12,11,day,1.3265833854675293
critical,23,ambiguous,long,,final,12,12,left.,23.42170190811157
critical,23,ambiguous,long,,nonfinal,12,0,After,18.19958877563477
critical,23,ambiguous,long,,nonfinal,12,1,the,2.606558084487915
critical,23,ambiguous,long,,nonfinal,12,2,director,13.660195350646973
critical,23,ambiguous,long,,nonfinal,12,3,finished,10.301030158996582
critical,23,ambiguous,long,,nonfinal,12,4,filming,4.255180835723877
critical,23,ambiguous,long,,nonfinal,12,5,the,1.9058759212493896
critical,23,ambiguous,long,,nonfinal,12,6,actors,10.4630708694458
critical,23,ambiguous,long,,nonfinal,12,7,exhausted,17.64359474182129
critical,23,ambiguous,long,,nonfinal,12,8,from,3.754403114318848
critical,23,ambiguous,long,,nonfinal,12,9,the,1.645609736442566
critical,23,ambiguous,long,,nonfinal,12,10,long,2.535445213317871
critical,23,ambiguous,long,,nonfinal,12,11,day,1.3265833854675293
critical,23,ambiguous,long,,nonfinal,12,12,left,16.380348205566406
critical,23,ambiguous,long,,nonfinal,12,13,to,5.685098171234131
critical,23,ambiguous,long,,nonfinal,12,14,go,4.635284423828125
critical,23,ambiguous,long,,nonfinal,12,15,home.,4.381765604019165
critical,23,unambiguous,short,comma,final,7,0,After,18.19958877563477
critical,23,unambiguous,short,comma,final,7,1,the,2.606558084487915
critical,23,unambiguous,short,comma,final,7,2,director,13.660198211669922
critical,23,unambiguous,short,comma,final,7,3,finished,10.301030158996582
critical,23,unambiguous,short,comma,final,7,4,"filming,",5.890372633934021
critical,23,unambiguous,short,comma,final,7,5,the,2.060996055603028
critical,23,unambiguous,short,comma,final,7,6,actors,4.611421585083008
critical,23,unambiguous,short,comma,final,7,7,left.,9.909303188323976
critical,23,unambiguous,short,comma,nonfinal,7,0,After,18.19958877563477
critical,23,unambiguous,short,comma,nonfinal,7,1,the,2.606558084487915
critical,23,unambiguous,short,comma,nonfinal,7,2,director,13.660198211669922
critical,23,unambiguous,short,comma,nonfinal,7,3,finished,10.301030158996582
critical,23,unambiguous,short,comma,nonfinal,7,4,"filming,",5.890372633934021
critical,23,unambiguous,short,comma,nonfinal,7,5,the,2.060996055603028
critical,23,unambiguous,short,comma,nonfinal,7,6,actors,4.611421585083008
critical,23,unambiguous,short,comma,nonfinal,7,7,left,5.515171051025391
critical,23,unambiguous,short,comma,nonfinal,7,8,to,2.864630937576294
critical,23,unambiguous,short,comma,nonfinal,7,9,go,2.649039030075073
critical,23,unambiguous,short,comma,nonfinal,7,10,home.,1.9559765458106997
critical,23,unambiguous,long,comma,final,12,0,After,18.19958877563477
critical,23,unambiguous,long,comma,final,12,1,the,2.606558084487915
critical,23,unambiguous,long,comma,final,12,2,director,13.660198211669922
critical,23,unambiguous,long,comma,final,12,3,finished,10.301030158996582
critical,23,unambiguous,long,comma,final,12,4,"filming,",5.890369892120361
critical,23,unambiguous,long,comma,final,12,5,the,2.060996055603028
critical,23,unambiguous,long,comma,final,12,6,actors,4.611421585083008
critical,23,unambiguous,long,comma,final,12,7,exhausted,15.141623497009276
critical,23,unambiguous,long,comma,final,12,8,from,5.923613548278809
critical,23,unambiguous,long,comma,final,12,9,the,1.597548246383667
critical,23,unambiguous,long,comma,final,12,10,long,1.9640886783599851
critical,23,unambiguous,long,comma,final,12,11,day,1.346178412437439
critical,23,unambiguous,long,comma,final,12,12,left.,10.236377239227297
critical,23,unambiguous,long,comma,nonfinal,12,0,After,18.19958877563477
critical,23,unambiguous,long,comma,nonfinal,12,1,the,2.606558084487915
critical,23,unambiguous,long,comma,nonfinal,12,2,director,13.660198211669922
critical,23,unambiguous,long,comma,nonfinal,12,3,finished,10.301030158996582
critical,23,unambiguous,long,comma,nonfinal,12,4,"filming,",5.890369892120361
critical,23,unambiguous,long,comma,nonfinal,12,5,the,2.060996055603028
critical,23,unambiguous,long,comma,nonfinal,12,6,actors,4.611421585083008
critical,23,unambiguous,long,comma,nonfinal,12,7,exhausted,15.141623497009276
critical,23,unambiguous,long,comma,nonfinal,12,8,from,5.923613548278809
critical,23,unambiguous,long,comma,nonfinal,12,9,the,1.597548246383667
critical,23,unambiguous,long,comma,nonfinal,12,10,long,1.9640886783599851
critical,23,unambiguous,long,comma,nonfinal,12,11,day,1.346178412437439
critical,23,unambiguous,long,comma,nonfinal,12,12,left,5.289044380187988
critical,23,unambiguous,long,comma,nonfinal,12,13,to,4.016917705535889
critical,23,unambiguous,long,comma,nonfinal,12,14,go,3.584924697875977
critical,23,unambiguous,long,comma,nonfinal,12,15,home.,1.45054292678833
critical,23,unambiguous,short,object,final,10,0,After,18.19958877563477
critical,23,unambiguous,short,object,final,10,1,the,2.606558084487915
critical,23,unambiguous,short,object,final,10,2,director,13.660198211669922
critical,23,unambiguous,short,object,final,10,3,finished,10.301030158996582
critical,23,unambiguous,short,object,final,10,4,filming,4.255180835723877
critical,23,unambiguous,short,object,final,10,5,the,1.9058759212493896
critical,23,unambiguous,short,object,final,10,6,final,5.677178859710693
critical,23,unambiguous,short,object,final,10,7,scene,1.4400451183319092
critical,23,unambiguous,short,object,final,10,8,the,8.186982154846191
critical,23,unambiguous,short,object,final,10,9,actors,4.546597957611084
critical,23,unambiguous,short,object,final,10,10,left.,8.669235467910767
critical,23,unambiguous,short,object,nonfinal,10,0,After,18.19958877563477
critical,23,unambiguous,short,object,nonfinal,10,1,the,2.606558084487915
critical,23,unambiguous,short,object,nonfinal,10,2,director,13.660198211669922
critical,23,unambiguous,short,object,nonfinal,10,3,finished,10.301030158996582
critical,23,unambiguous,short,object,nonfinal,10,4,filming,4.255180835723877
critical,23,unambiguous,short,object,nonfinal,10,5,the,1.90587317943573
critical,23,unambiguous,short,object,nonfinal,10,6,final,5.677178859710693
critical,23,unambiguous,short,object,nonfinal,10,7,scene,1.4400451183319092
critical,23,unambiguous,short,object,nonfinal,10,8,the,8.186982154846191
critical,23,unambiguous,short,object,nonfinal,10,9,actors,4.546597957611084
critical,23,unambiguous,short,object,nonfinal,10,10,left,4.795178890228272
critical,23,unambiguous,short,object,nonfinal,10,11,to,4.133635997772217
critical,23,unambiguous,short,object,nonfinal,10,12,go,2.7739012241363525
critical,23,unambiguous,short,object,nonfinal,10,13,home.,2.4226961731910706
critical,23,unambiguous,long,object,final,15,0,After,18.19958877563477
critical,23,unambiguous,long,object,final,15,1,the,2.606558084487915
critical,23,unambiguous,long,object,final,15,2,director,13.660195350646973
critical,23,unambiguous,long,object,final,15,3,finished,10.301030158996582
critical,23,unambiguous,long,object,final,15,4,filming,4.255180835723877
critical,23,unambiguous,long,object,final,15,5,the,1.9058759212493896
critical,23,unambiguous,long,object,final,15,6,final,5.677178859710693
critical,23,unambiguous,long,object,final,15,7,scene,1.4400451183319092
critical,23,unambiguous,long,object,final,15,8,the,8.186982154846191
critical,23,unambiguous,long,object,final,15,9,actors,4.546597957611084
critical,23,unambiguous,long,object,final,15,10,exhausted,14.380414009094238
critical,23,unambiguous,long,object,final,15,11,from,6.356539249420166
critical,23,unambiguous,long,object,final,15,12,the,1.828679084777832
critical,23,unambiguous,long,object,final,15,13,long,2.258297204971313
critical,23,unambiguous,long,object,final,15,14,day,1.3886594772338867
critical,23,unambiguous,long,object,final,15,15,left.,10.288525104522703
critical,23,unambiguous,long,object,nonfinal,15,0,After,18.19958877563477
critical,23,unambiguous,long,object,nonfinal,15,1,the,2.606558084487915
critical,23,unambiguous,long,object,nonfinal,15,2,director,13.660198211669922
critical,23,unambiguous,long,object,nonfinal,15,3,finished,10.301030158996582
critical,23,unambiguous,long,object,nonfinal,15,4,filming,4.255180835723877
critical,23,unambiguous,long,object,nonfinal,15,5,the,1.90587317943573
critical,23,unambiguous,long,object,nonfinal,15,6,final,5.677178859710693
critical,23,unambiguous,long,object,nonfinal,15,7,scene,1.4400451183319092
critical,23,unambiguous,long,object,nonfinal,15,8,the,8.186982154846191
critical,23,unambiguous,long,object,nonfinal,15,9,actors,4.546597957611084
critical,23,unambiguous,long,object,nonfinal,15,10,exhausted,14.380414009094238
critical,23,unambiguous,long,object,nonfinal,15,11,from,6.356539249420166
critical,23,unambiguous,long,object,nonfinal,15,12,the,1.828679084777832
critical,23,unambiguous,long,object,nonfinal,15,13,long,2.258297204971313
critical,23,unambiguous,long,object,nonfinal,15,14,day,1.3886594772338867
critical,23,unambiguous,long,object,nonfinal,15,15,left,5.360691070556641
critical,23,unambiguous,long,object,nonfinal,15,16,to,4.267622947692871
critical,23,unambiguous,long,object,nonfinal,15,17,go,3.211716890335083
critical,23,unambiguous,long,object,nonfinal,15,18,home.,1.9472013115882876
critical,24,ambiguous,short,,final,6,0,After,18.19958877563477
critical,24,ambiguous,short,,final,6,1,our,11.94016933441162
critical,24,ambiguous,short,,final,6,2,team,9.151954650878906
critical,24,ambiguous,short,,final,6,3,won,6.441578388214111
critical,24,ambiguous,short,,final,6,4,the,1.8940820693969729
critical,24,ambiguous,short,,final,6,5,tournament,5.582726001739502
critical,24,ambiguous,short,,final,6,6,advanced.,22.299324989318848
critical,24,ambiguous,short,,nonfinal,6,0,After,18.19958877563477
critical,24,ambiguous,short,,nonfinal,6,1,our,11.94016933441162
critical,24,ambiguous,short,,nonfinal,6,2,team,9.151954650878906
critical,24,ambiguous,short,,nonfinal,6,3,won,6.441578388214111
critical,24,ambiguous,short,,nonfinal,6,4,the,1.8940820693969729
critical,24,ambiguous,short,,nonfinal,6,5,tournament,5.582726001739502
critical,24,ambiguous,short,,nonfinal,6,6,advanced,15.643677711486816
critical,24,ambiguous,short,,nonfinal,6,7,to,0.3909014165401459
critical,24,ambiguous,short,,nonfinal,6,8,the,0.2105315327644348
critical,24,ambiguous,short,,nonfinal,6,9,final,2.223067045211792
critical,24,ambiguous,short,,nonfinal,6,10,round.,4.491997003555298
critical,24,ambiguous,long,,final,8,0,After,18.19958877563477
critical,24,ambiguous,long,,final,8,1,our,11.94016933441162
critical,24,ambiguous,long,,final,8,2,team,9.151954650878906
critical,24,ambiguous,long,,final,8,3,won,6.441578388214111
critical,24,ambiguous,long,,final,8,4,the,1.8940820693969729
critical,24,ambiguous,long,,final,8,5,tournament,5.582726001739502
critical,24,ambiguous,long,,final,8,6,in,4.226901531219482
critical,24,ambiguous,long,,final,8,7,basketball,11.62567901611328
critical,24,ambiguous,long,,final,8,8,advanced.,24.77804517745972
critical,24,ambiguous,long,,nonfinal,8,0,After,18.19958877563477
critical,24,ambiguous,long,,nonfinal,8,1,our,11.94016933441162
critical,24,ambiguous,long,,nonfinal,8,2,team,9.151954650878906
critical,24,ambiguous,long,,nonfinal,8,3,won,6.441578388214111
critical,24,ambiguous,long,,nonfinal,8,4,the,1.8940820693969729
critical,24,ambiguous,long,,nonfinal,8,5,tournament,5.582726001739502
critical,24,ambiguous,long,,nonfinal,8,6,in,4.226901531219482
critical,24,ambiguous,long,,nonfinal,8,7,basketball,11.62567901611328
critical,24,ambiguous,long,,nonfinal,8,8,advanced,18.372142791748047
critical,24,ambiguous,long,,nonfinal,8,9,to,0.3126039206981659
critical,24,ambiguous,long,,nonfinal,8,10,the,0.2513726055622101
critical,24,ambiguous,long,,nonfinal,8,11,final,2.623816728591919
critical,24,ambiguous,long,,nonfinal,8,12,round.,4.753361105918884
critical,24,unambiguous,short,comma,final,6,0,After,18.19958877563477
critical,24,unambiguous,short,comma,final,6,1,our,11.94016933441162
critical,24,unambiguous,short,comma,final,6,2,team,9.151954650878906
critical,24,unambiguous,short,comma,final,6,3,"won,",11.262476444244385
critical,24,unambiguous,short,comma,final,6,4,the,3.004615306854248
critical,24,unambiguous,short,comma,final,6,5,tournament,8.621670722961426
critical,24,unambiguous,short,comma,final,6,6,advanced.,16.793290615081787
critical,24,unambiguous,short,comma,nonfinal,6,0,After,18.19958877563477
critical,24,unambiguous,short,comma,nonfinal,6,1,our,11.94016933441162
critical,24,unambiguous,short,comma,nonfinal,6,2,team,9.151954650878906
critical,24,unambiguous,short,comma,nonfinal,6,3,"won,",11.262476444244385
critical,24,unambiguous,short,comma,nonfinal,6,4,the,3.004615306854248
critical,24,unambiguous,short,comma,nonfinal,6,5,tournament,8.621670722961426
critical,24,unambiguous,short,comma,nonfinal,6,6,advanced,11.150388717651367
critical,24,unambiguous,short,comma,nonfinal,6,7,to,0.2647349536418915
critical,24,unambiguous,short,comma,nonfinal,6,8,the,0.1906228214502334
critical,24,unambiguous,short,comma,nonfinal,6,9,final,2.4850199222564697
critical,24,unambiguous,short,comma,nonfinal,6,10,round.,2.8575592041015625
critical,24,unambiguous,long,comma,final,8,0,After,18.19958877563477
critical,24,unambiguous,long,comma,final,8,1,our,11.94016933441162
critical,24,unambiguous,long,comma,final,8,2,team,9.151954650878906
critical,24,unambiguous,long,comma,final,8,3,"won,",11.262476444244385
critical,24,unambiguous,long,comma,final,8,4,the,3.004615306854248
critical,24,unambiguous,long,comma,final,8,5,tournament,8.621670722961426
critical,24,unambiguous,long,comma,final,8,6,in,7.060079097747803
critical,24,unambiguous,long,comma,final,8,7,basketball,11.995712280273438
critical,24,unambiguous,long,comma,final,8,8,advanced.,21.561102867126465
critical,24,unambiguous,long,comma,nonfinal,8,0,After,18.19958877563477
critical,24,unambiguous,long,comma,nonfinal,8,1,our,11.94016933441162
critical,24,unambiguous,long,comma,nonfinal,8,2,team,9.151954650878906
critical,24,unambiguous,long,comma,nonfinal,8,3,"won,",11.262476444244385
critical,24,unambiguous,long,comma,nonfinal,8,4,the,3.004615306854248
critical,24,unambiguous,long,comma,nonfinal,8,5,tournament,8.621670722961426
critical,24,unambiguous,long,comma,nonfinal,8,6,in,7.060079097747803
critical,24,unambiguous,long,comma,nonfinal,8,7,basketball,11.995712280273438
critical,24,unambiguous,long,comma,nonfinal,8,8,advanced,15.412944793701172
critical,24,unambiguous,long,comma,nonfinal,8,9,to,0.3287675380706787
critical,24,unambiguous,long,comma,nonfinal,8,10,the,0.2432329952716827
critical,24,unambiguous,long,comma,nonfinal,8,11,final,2.552595376968384
critical,24,unambiguous,long,comma,nonfinal,8,12,round.,3.133876085281372
critical,24,unambiguous,short,object,final,8,0,After,18.19958877563477
critical,24,unambiguous,short,object,final,8,1,our,11.94016933441162
critical,24,unambiguous,short,object,final,8,2,team,9.151954650878906
critical,24,unambiguous,short,object,final,8,3,won,6.441578388214111
critical,24,unambiguous,short,object,final,8,4,the,1.8940820693969729
critical,24,unambiguous,short,object,final,8,5,semifinals,12.211105108261108
critical,24,unambiguous,short,object,final,8,6,the,9.527388572692873
critical,24,unambiguous,short,object,final,8,7,tournament,7.028054237365723
critical,24,unambiguous,short,object,final,8,8,advanced.,19.202699661254883
critical,24,unambiguous,short,object,nonfinal,8,0,After,18.19958877563477
critical,24,unambiguous,short,object,nonfinal,8,1,our,11.94016933441162
critical,24,unambiguous,short,object,nonfinal,8,2,team,9.151954650878906
critical,24,unambiguous,short,object,nonfinal,8,3,won,6.441578388214111
critical,24,unambiguous,short,object,nonfinal,8,4,the,1.8940820693969729
critical,24,unambiguous,short,object,nonfinal,8,5,semifinals,12.211105108261108
critical,24,unambiguous,short,object,nonfinal,8,6,the,9.527388572692873
critical,24,unambiguous,short,object,nonfinal,8,7,tournament,7.028054237365723
critical,24,unambiguous,short,object,nonfinal,8,8,advanced,13.000516891479492
critical,24,unambiguous,short,object,nonfinal,8,9,to,0.2683809995651245
critical,24,unambiguous,short,object,nonfinal,8,10,the,0.259836882352829
critical,24,unambiguous,short,object,nonfinal,8,11,final,1.2882986068725586
critical,24,unambiguous,short,object,nonfinal,8,12,round.,5.146906852722168
critical,24,unambiguous,long,object,final,10,0,After,18.19958877563477
critical,24,unambiguous,long,object,final,10,1,our,11.94016933441162
critical,24,unambiguous,long,object,final,10,2,team,9.151954650878906
critical,24,unambiguous,long,object,final,10,3,won,6.441578388214111
critical,24,unambiguous,long,object,final,10,4,the,1.8940820693969729
critical,24,unambiguous,long,object,final,10,5,semifinals,12.211105108261108
critical,24,unambiguous,long,object,final,10,6,the,9.527388572692873
critical,24,unambiguous,long,object,final,10,7,tournament,7.028054237365723
critical,24,unambiguous,long,object,final,10,8,in,4.613821029663086
critical,24,unambiguous,long,object,final,10,9,basketball,12.715797424316406
critical,24,unambiguous,long,object,final,10,10,advanced.,23.449667930603027
critical,24,unambiguous,long,object,nonfinal,10,0,After,18.19958877563477
critical,24,unambiguous,long,object,nonfinal,10,1,our,11.94016933441162
critical,24,unambiguous,long,object,nonfinal,10,2,team,9.151954650878906
critical,24,unambiguous,long,object,nonfinal,10,3,won,6.441578388214111
critical,24,unambiguous,long,object,nonfinal,10,4,the,1.8940820693969729
critical,24,unambiguous,long,object,nonfinal,10,5,semifinals,12.211105108261108
critical,24,unambiguous,long,object,nonfinal,10,6,the,9.527388572692873
critical,24,unambiguous,long,object,nonfinal,10,7,tournament,7.028054237365723
critical,24,unambiguous,long,object,nonfinal,10,8,in,4.613821029663086
critical,24,unambiguous,long,object,nonfinal,10,9,basketball,12.715797424316406
critical,24,unambiguous,long,object,nonfinal,10,10,advanced,16.801252365112305
critical,24,unambiguous,long,object,nonfinal,10,11,to,0.4487481415271759
critical,24,unambiguous,long,object,nonfinal,10,12,the,0.24750916659832
critical,24,unambiguous,long,object,nonfinal,10,13,final,1.5715692043304443
critical,24,unambiguous,long,object,nonfinal,10,14,round.,5.445716142654419
critical,25,ambiguous,short,,final,11,0,When,16.867658615112305
critical,25,ambiguous,short,,final,11,1,the,2.8016717433929443
critical,25,ambiguous,short,,final,11,2,clumsy,21.104679107666016
critical,25,ambiguous,short,,final,11,3,librarian,10.416014671325684
critical,25,ambiguous,short,,final,11,4,tried,7.38278865814209
critical,25,ambiguous,short,,final,11,5,to,0.1648226678371429
critical,25,ambiguous,short,,final,11,6,organize,6.497515678405762
critical,25,ambiguous,short,,final,11,7,the,0.835222065448761
critical,25,ambiguous,short,,final,11,8,stack,8.714156150817871
critical,25,ambiguous,short,,final,11,9,of,0.6329594254493713
critical,25,ambiguous,short,,final,11,10,books,0.3445376455783844
critical,25,ambiguous,short,,final,11,11,toppled.,35.34400099515915
critical,25,ambiguous,short,,nonfinal,11,0,When,16.867658615112305
critical,25,ambiguous,short,,nonfinal,11,1,the,2.8016717433929443
critical,25,ambiguous,short,,nonfinal,11,2,clumsy,21.10467529296875
critical,25,ambiguous,short,,nonfinal,11,3,librarian,10.416014671325684
critical,25,ambiguous,short,,nonfinal,11,4,tried,7.38278865814209
critical,25,ambiguous,short,,nonfinal,11,5,to,0.1648226678371429
critical,25,ambiguous,short,,nonfinal,11,6,organize,6.497515678405762
critical,25,ambiguous,short,,nonfinal,11,7,the,0.835222065448761
critical,25,ambiguous,short,,nonfinal,11,8,stack,8.71415901184082
critical,25,ambiguous,short,,nonfinal,11,9,of,0.6329594254493713
critical,25,ambiguous,short,,nonfinal,11,10,books,0.3445376455783844
critical,25,ambiguous,short,,nonfinal,11,11,toppled,24.08852319419384
critical,25,ambiguous,short,,nonfinal,11,12,over,0.7728129625320435
critical,25,ambiguous,short,,nonfinal,11,13,onto,6.747396469116211
critical,25,ambiguous,short,,nonfinal,11,14,the,0.6492771506309509
critical,25,ambiguous,short,,nonfinal,11,15,floor.,6.705779433250427
critical,25,ambiguous,long,,final,13,0,When,16.867658615112305
critical,25,ambiguous,long,,final,13,1,the,2.8016717433929443
critical,25,ambiguous,long,,final,13,2,clumsy,21.10467529296875
critical,25,ambiguous,long,,final,13,3,librarian,10.416014671325684
critical,25,ambiguous,long,,final,13,4,tried,7.38278865814209
critical,25,ambiguous,long,,final,13,5,to,0.1648226678371429
critical,25,ambiguous,long,,final,13,6,organize,6.497515678405762
critical,25,ambiguous,long,,final,13,7,the,0.835222065448761
critical,25,ambiguous,long,,final,13,8,stack,8.71415901184082
critical,25,ambiguous,long,,final,13,9,of,0.6329594254493713
critical,25,ambiguous,long,,final,13,10,books,0.3445376455783844
critical,25,ambiguous,long,,final,13,11,leaning,17.377504348754883
critical,25,ambiguous,long,,final,13,12,precariously,11.63153904734645
critical,25,ambiguous,long,,final,13,13,toppled.,28.710849463939667
critical,25,ambiguous,long,,nonfinal,13,0,When,16.867658615112305
critical,25,ambiguous,long,,nonfinal,13,1,the,2.8016717433929443
critical,25,ambiguous,long,,nonfinal,13,2,clumsy,21.104679107666016
critical,25,ambiguous,long,,nonfinal,13,3,librarian,10.416014671325684
critical,25,ambiguous,long,,nonfinal,13,4,tried,7.38278865814209
critical,25,ambiguous,long,,nonfinal,13,5,to,0.1648226678371429
critical,25,ambiguous,long,,nonfinal,13,6,organize,6.497518062591553
critical,25,ambiguous,long,,nonfinal,13,7,the,0.835222065448761
critical,25,ambiguous,long,,nonfinal,13,8,stack,8.71415901184082
critical,25,ambiguous,long,,nonfinal,13,9,of,0.6329594254493713
critical,25,ambiguous,long,,nonfinal,13,10,books,0.3445376455783844
critical,25,ambiguous,long,,nonfinal,13,11,leaning,17.377504348754883
critical,25,ambiguous,long,,nonfinal,13,12,precariously,11.63153904734645
critical,25,ambiguous,long,,nonfinal,13,13,toppled,15.626666724681854
critical,25,ambiguous,long,,nonfinal,13,14,over,1.6502244472503662
critical,25,ambiguous,long,,nonfinal,13,15,onto,6.009274482727051
critical,25,ambiguous,long,,nonfinal,13,16,the,0.6016998887062073
critical,25,ambiguous,long,,nonfinal,13,17,floor.,8.341240763664246
critical,25,unambiguous,short,comma,final,11,0,When,16.867658615112305
critical,25,unambiguous,short,comma,final,11,1,the,2.8016717433929443
critical,25,unambiguous,short,comma,final,11,2,clumsy,21.104679107666016
critical,25,unambiguous,short,comma,final,11,3,librarian,10.416014671325684
critical,25,unambiguous,short,comma,final,11,4,tried,7.38278865814209
critical,25,unambiguous,short,comma,final,11,5,to,0.1648226678371429
critical,25,unambiguous,short,comma,final,11,6,"organize,",15.564427375793455
critical,25,unambiguous,short,comma,final,11,7,the,3.193739891052246
critical,25,unambiguous,short,comma,final,11,8,stack,9.124022483825684
critical,25,unambiguous,short,comma,final,11,9,of,1.3552700281143188
critical,25,unambiguous,short,comma,final,11,10,books,0.3352230787277221
critical,25,unambiguous,short,comma,final,11,11,toppled.,13.486331775784492
critical,25,unambiguous,short,comma,nonfinal,11,0,When,16.867658615112305
critical,25,unambiguous,short,comma,nonfinal,11,1,the,2.8016717433929443
critical,25,unambiguous,short,comma,nonfinal,11,2,clumsy,21.10467529296875
critical,25,unambiguous,short,comma,nonfinal,11,3,librarian,10.416014671325684
critical,25,unambiguous,short,comma,nonfinal,11,4,tried,7.38278865814209
critical,25,unambiguous,short,comma,nonfinal,11,5,to,0.1648226678371429
critical,25,unambiguous,short,comma,nonfinal,11,6,"organize,",15.564427375793455
critical,25,unambiguous,short,comma,nonfinal,11,7,the,3.193739891052246
critical,25,unambiguous,short,comma,nonfinal,11,8,stack,9.124022483825684
critical,25,unambiguous,short,comma,nonfinal,11,9,of,1.3552700281143188
critical,25,unambiguous,short,comma,nonfinal,11,10,books,0.3352230787277221
critical,25,unambiguous,short,comma,nonfinal,11,11,toppled,8.322196319699287
critical,25,unambiguous,short,comma,nonfinal,11,12,over,0.484413206577301
critical,25,unambiguous,short,comma,nonfinal,11,13,onto,6.646320343017578
critical,25,unambiguous,short,comma,nonfinal,11,14,the,0.7064386606216431
critical,25,unambiguous,short,comma,nonfinal,11,15,floor.,2.460661768913269
critical,25,unambiguous,long,comma,final,13,0,When,16.867658615112305
critical,25,unambiguous,long,comma,final,13,1,the,2.8016717433929443
critical,25,unambiguous,long,comma,final,13,2,clumsy,21.10467529296875
critical,25,unambiguous,long,comma,final,13,3,librarian,10.416014671325684
critical,25,unambiguous,long,comma,final,13,4,tried,7.38278865814209
critical,25,unambiguous,long,comma,final,13,5,to,0.1648226678371429
critical,25,unambiguous,long,comma,final,13,6,"organize,",15.564427375793455
critical,25,unambiguous,long,comma,final,13,7,the,3.193739891052246
critical,25,unambiguous,long,comma,final,13,8,stack,9.124022483825684
critical,25,unambiguous,long,comma,final,13,9,of,1.3552700281143188
critical,25,unambiguous,long,comma,final,13,10,books,0.3352230787277221
critical,25,unambiguous,long,comma,final,13,11,leaning,15.929627418518066
critical,25,unambiguous,long,comma,final,13,12,precariously,9.306253395508977
critical,25,unambiguous,long,comma,final,13,13,toppled.,10.840230046305804
critical,25,unambiguous,long,comma,nonfinal,13,0,When,16.867658615112305
critical,25,unambiguous,long,comma,nonfinal,13,1,the,2.8016717433929443
critical,25,unambiguous,long,comma,nonfinal,13,2,clumsy,21.104679107666016
critical,25,unambiguous,long,comma,nonfinal,13,3,librarian,10.416014671325684
critical,25,unambiguous,long,comma,nonfinal,13,4,tried,7.38278865814209
critical,25,unambiguous,long,comma,nonfinal,13,5,to,0.1648226678371429
critical,25,unambiguous,long,comma,nonfinal,13,6,"organize,",15.564429759979248
critical,25,unambiguous,long,comma,nonfinal,13,7,the,3.193739891052246
critical,25,unambiguous,long,comma,nonfinal,13,8,stack,9.124022483825684
critical,25,unambiguous,long,comma,nonfinal,13,9,of,1.3552700281143188
critical,25,unambiguous,long,comma,nonfinal,13,10,books,0.3352230787277221
critical,25,unambiguous,long,comma,nonfinal,13,11,leaning,15.929627418518066
critical,25,unambiguous,long,comma,nonfinal,13,12,precariously,9.306253395508977
critical,25,unambiguous,long,comma,nonfinal,13,13,toppled,7.490492402110249
critical,25,unambiguous,long,comma,nonfinal,13,14,over,1.300034761428833
critical,25,unambiguous,long,comma,nonfinal,13,15,onto,5.606884956359863
critical,25,unambiguous,long,comma,nonfinal,13,16,the,0.9451891183853148
critical,25,unambiguous,long,comma,nonfinal,13,17,floor.,2.7901859283447266
critical,25,unambiguous,short,object,final,14,0,When,16.867658615112305
critical,25,unambiguous,short,object,final,14,1,the,2.8016717433929443
critical,25,unambiguous,short,object,final,14,2,clumsy,21.104679107666016
critical,25,unambiguous,short,object,final,14,3,librarian,10.416014671325684
critical,25,unambiguous,short,object,final,14,4,tried,7.38278865814209
critical,25,unambiguous,short,object,final,14,5,to,0.1648226678371429
critical,25,unambiguous,short,object,final,14,6,organize,6.497518062591553
critical,25,unambiguous,short,object,final,14,7,the,0.835222065448761
critical,25,unambiguous,short,object,final,14,8,reading,9.588974952697754
critical,25,unambiguous,short,object,final,14,9,room,2.765643358230591
critical,25,unambiguous,short,object,final,14,10,the,10.218055725097656
critical,25,unambiguous,short,object,final,14,11,stack,14.785325050354004
critical,25,unambiguous,short,object,final,14,12,of,0.479063868522644
critical,25,unambiguous,short,object,final,14,13,books,0.4325982630252838
critical,25,unambiguous,short,object,final,14,14,toppled.,18.567815080285072
critical,25,unambiguous,short,object,nonfinal,14,0,When,16.867658615112305
critical,25,unambiguous,short,object,nonfinal,14,1,the,2.8016717433929443
critical,25,unambiguous,short,object,nonfinal,14,2,clumsy,21.104679107666016
critical,25,unambiguous,short,object,nonfinal,14,3,librarian,10.416014671325684
critical,25,unambiguous,short,object,nonfinal,14,4,tried,7.38278865814209
critical,25,unambiguous,short,object,nonfinal,14,5,to,0.1648226678371429
critical,25,unambiguous,short,object,nonfinal,14,6,organize,6.497518062591553
critical,25,unambiguous,short,object,nonfinal,14,7,the,0.835222065448761
critical,25,unambiguous,short,object,nonfinal,14,8,reading,9.588974952697754
critical,25,unambiguous,short,object,nonfinal,14,9,room,2.765643358230591
critical,25,unambiguous,short,object,nonfinal,14,10,the,10.218055725097656
critical,25,unambiguous,short,object,nonfinal,14,11,stack,14.785325050354004
critical,25,unambiguous,short,object,nonfinal,14,12,of,0.4790666103363037
critical,25,unambiguous,short,object,nonfinal,14,13,books,0.4325982630252838
critical,25,unambiguous,short,object,nonfinal,14,14,toppled,12.001421228051186
critical,25,unambiguous,short,object,nonfinal,14,15,over,0.4384099245071411
critical,25,unambiguous,short,object,nonfinal,14,16,onto,8.223766326904297
critical,25,unambiguous,short,object,nonfinal,14,17,the,1.017077922821045
critical,25,unambiguous,short,object,nonfinal,14,18,floor.,2.4613963961601257
critical,25,unambiguous,long,object,final,16,0,When,16.867658615112305
critical,25,unambiguous,long,object,final,16,1,the,2.8016717433929443
critical,25,unambiguous,long,object,final,16,2,clumsy,21.104679107666016
critical,25,unambiguous,long,object,final,16,3,librarian,10.416014671325684
critical,25,unambiguous,long,object,final,16,4,tried,7.38278865814209
critical,25,unambiguous,long,object,final,16,5,to,0.1648226678371429
critical,25,unambiguous,long,object,final,16,6,organize,6.497518062591553
critical,25,unambiguous,long,object,final,16,7,the,0.835222065448761
critical,25,unambiguous,long,object,final,16,8,reading,9.588974952697754
critical,25,unambiguous,long,object,final,16,9,room,2.765643358230591
critical,25,unambiguous,long,object,final,16,10,the,10.218055725097656
critical,25,unambiguous,long,object,final,16,11,stack,14.785325050354004
critical,25,unambiguous,long,object,final,16,12,of,0.4790666103363037
critical,25,unambiguous,long,object,final,16,13,books,0.4325982630252838
critical,25,unambiguous,long,object,final,16,14,leaning,15.756582260131836
critical,25,unambiguous,long,object,final,16,15,precariously,11.47563396487385
critical,25,unambiguous,long,object,final,16,16,toppled.,15.146364986896517
critical,25,unambiguous,long,object,nonfinal,16,0,When,16.867658615112305
critical,25,unambiguous,long,object,nonfinal,16,1,the,2.8016717433929443
critical,25,unambiguous,long,object,nonfinal,16,2,clumsy,21.104679107666016
critical,25,unambiguous,long,object,nonfinal,16,3,librarian,10.416014671325684
critical,25,unambiguous,long,object,nonfinal,16,4,tried,7.38278865814209
critical,25,unambiguous,long,object,nonfinal,16,5,to,0.1648226678371429
critical,25,unambiguous,long,object,nonfinal,16,6,organize,6.497515678405762
critical,25,unambiguous,long,object,nonfinal,16,7,the,0.835222065448761
critical,25,unambiguous,long,object,nonfinal,16,8,reading,9.588972091674805
critical,25,unambiguous,long,object,nonfinal,16,9,room,2.765643358230591
critical,25,unambiguous,long,object,nonfinal,16,10,the,10.218055725097656
critical,25,unambiguous,long,object,nonfinal,16,11,stack,14.785325050354004
critical,25,unambiguous,long,object,nonfinal,16,12,of,0.479063868522644
critical,25,unambiguous,long,object,nonfinal,16,13,books,0.4325982630252838
critical,25,unambiguous,long,object,nonfinal,16,14,leaning,15.756582260131836
critical,25,unambiguous,long,object,nonfinal,16,15,precariously,11.47563396487385
critical,25,unambiguous,long,object,nonfinal,16,16,toppled,10.969619204290211
critical,25,unambiguous,long,object,nonfinal,16,17,over,1.319538950920105
critical,25,unambiguous,long,object,nonfinal,16,18,onto,6.117861747741699
critical,25,unambiguous,long,object,nonfinal,16,19,the,1.0690964460372925
critical,25,unambiguous,long,object,nonfinal,16,20,floor.,2.933600187301636
critical,26,ambiguous,short,,final,6,0,Once,20.05752182006836
critical,26,ambiguous,short,,final,6,1,the,2.906479358673096
critical,26,ambiguous,short,,final,6,2,detective,15.40776824951172
critical,26,ambiguous,short,,final,6,3,investigated,12.496496200561523
critical,26,ambiguous,short,,final,6,4,the,0.6527718305587769
critical,26,ambiguous,short,,final,6,5,politician,18.557411193847656
critical,26,ambiguous,short,,final,6,6,resigned.,27.11014938354492
critical,26,ambiguous,short,,nonfinal,6,0,Once,20.05752182006836
critical,26,ambiguous,short,,nonfinal,6,1,the,2.9064764976501465
critical,26,ambiguous,short,,nonfinal,6,2,detective,15.40776824951172
critical,26,ambiguous,short,,nonfinal,6,3,investigated,12.496496200561523
critical,26,ambiguous,short,,nonfinal,6,4,the,0.6527718305587769
critical,26,ambiguous,short,,nonfinal,6,5,politician,18.557411193847656
critical,26,ambiguous,short,,nonfinal,6,6,resigned,18.857234954833984
critical,26,ambiguous,short,,nonfinal,6,7,from,2.2738637924194336
critical,26,ambiguous,short,,nonfinal,6,8,office.,8.446186184883118
critical,26,ambiguous,long,,final,8,0,Once,20.05752182006836
critical,26,ambiguous,long,,final,8,1,the,2.906479358673096
critical,26,ambiguous,long,,final,8,2,detective,15.40776824951172
critical,26,ambiguous,long,,final,8,3,investigated,12.496496200561523
critical,26,ambiguous,long,,final,8,4,the,0.6527718305587769
critical,26,ambiguous,long,,final,8,5,politician,18.557411193847656
critical,26,ambiguous,long,,final,8,6,accepting,20.27213478088379
critical,26,ambiguous,long,,final,8,7,bribes,1.0864680366357788
critical,26,ambiguous,long,,final,8,8,resigned.,27.5048828125
critical,26,ambiguous,long,,nonfinal,8,0,Once,20.05752182006836
critical,26,ambiguous,long,,nonfinal,8,1,the,2.906479358673096
critical,26,ambiguous,long,,nonfinal,8,2,detective,15.40776824951172
critical,26,ambiguous,long,,nonfinal,8,3,investigated,12.496496200561523
critical,26,ambiguous,long,,nonfinal,8,4,the,0.6527718305587769
critical,26,ambiguous,long,,nonfinal,8,5,politician,18.557411193847656
critical,26,ambiguous,long,,nonfinal,8,6,accepting,20.27213478088379
critical,26,ambiguous,long,,nonfinal,8,7,bribes,1.0864680366357788
critical,26,ambiguous,long,,nonfinal,8,8,resigned,19.02663230895996
critical,26,ambiguous,long,,nonfinal,8,9,from,3.2854325771331787
critical,26,ambiguous,long,,nonfinal,8,10,office.,9.596549034118652
critical,26,unambiguous,short,comma,final,6,0,Once,20.05752182006836
critical,26,unambiguous,short,comma,final,6,1,the,2.906479358673096
critical,26,unambiguous,short,comma,final,6,2,detective,15.40776824951172
critical,26,unambiguous,short,comma,final,6,3,"investigated,",15.977213144302368
critical,26,unambiguous,short,comma,final,6,4,the,2.5536093711853027
critical,26,unambiguous,short,comma,final,6,5,politician,11.516864776611328
critical,26,unambiguous,short,comma,final,6,6,resigned.,12.555694580078123
critical,26,unambiguous,short,comma,nonfinal,6,0,Once,20.05752182006836
critical,26,unambiguous,short,comma,nonfinal,6,1,the,2.906479358673096
critical,26,unambiguous,short,comma,nonfinal,6,2,detective,15.40776824951172
critical,26,unambiguous,short,comma,nonfinal,6,3,"investigated,",15.977213144302368
critical,26,unambiguous,short,comma,nonfinal,6,4,the,2.5536093711853027
critical,26,unambiguous,short,comma,nonfinal,6,5,politician,11.516864776611328
critical,26,unambiguous,short,comma,nonfinal,6,6,resigned,9.355741500854492
critical,26,unambiguous,short,comma,nonfinal,6,7,from,2.31605863571167
critical,26,unambiguous,short,comma,nonfinal,6,8,office.,3.341397285461426
critical,26,unambiguous,long,comma,final,8,0,Once,20.05752182006836
critical,26,unambiguous,long,comma,final,8,1,the,2.906479358673096
critical,26,unambiguous,long,comma,final,8,2,detective,15.40776824951172
critical,26,unambiguous,long,comma,final,8,3,"investigated,",15.977213144302368
critical,26,unambiguous,long,comma,final,8,4,the,2.5536093711853027
critical,26,unambiguous,long,comma,final,8,5,politician,11.516864776611328
critical,26,unambiguous,long,comma,final,8,6,accepting,15.31209945678711
critical,26,unambiguous,long,comma,final,8,7,bribes,5.675190788228065
critical,26,unambiguous,long,comma,final,8,8,resigned.,13.347639083862305
critical,26,unambiguous,long,comma,nonfinal,8,0,Once,20.05752182006836
critical,26,unambiguous,long,comma,nonfinal,8,1,the,2.906479358673096
critical,26,unambiguous,long,comma,nonfinal,8,2,detective,15.40776824951172
critical,26,unambiguous,long,comma,nonfinal,8,3,"investigated,",15.977213144302368
critical,26,unambiguous,long,comma,nonfinal,8,4,the,2.5536093711853027
critical,26,unambiguous,long,comma,nonfinal,8,5,politician,11.516864776611328
critical,26,unambiguous,long,comma,nonfinal,8,6,accepting,15.31209945678711
critical,26,unambiguous,long,comma,nonfinal,8,7,bribes,5.675193540053442
critical,26,unambiguous,long,comma,nonfinal,8,8,resigned,10.924175262451172
critical,26,unambiguous,long,comma,nonfinal,8,9,from,3.812847137451172
critical,26,unambiguous,long,comma,nonfinal,8,10,office.,3.041206359863281
critical,26,unambiguous,short,object,final,7,0,Once,20.05752182006836
critical,26,unambiguous,short,object,final,7,1,the,2.906479358673096
critical,26,unambiguous,short,object,final,7,2,detective,15.40776824951172
critical,26,unambiguous,short,object,final,7,3,investigated,12.496496200561523
critical,26,unambiguous,short,object,final,7,4,him,11.188979148864746
critical,26,unambiguous,short,object,final,7,5,the,7.981564521789551
critical,26,unambiguous,short,object,final,7,6,politician,12.895228385925291
critical,26,unambiguous,short,object,final,7,7,resigned.,11.64814281463623
critical,26,unambiguous,short,object,nonfinal,7,0,Once,20.05752182006836
critical,26,unambiguous,short,object,nonfinal,7,1,the,2.906479358673096
critical,26,unambiguous,short,object,nonfinal,7,2,detective,15.40776824951172
critical,26,unambiguous,short,object,nonfinal,7,3,investigated,12.496496200561523
critical,26,unambiguous,short,object,nonfinal,7,4,him,11.188979148864746
critical,26,unambiguous,short,object,nonfinal,7,5,the,7.981564521789551
critical,26,unambiguous,short,object,nonfinal,7,6,politician,12.895228385925291
critical,26,unambiguous,short,object,nonfinal,7,7,resigned,8.844533920288086
critical,26,unambiguous,short,object,nonfinal,7,8,from,3.19199800491333
critical,26,unambiguous,short,object,nonfinal,7,9,office.,3.925362229347229
critical,26,unambiguous,long,object,final,9,0,Once,20.05752182006836
critical,26,unambiguous,long,object,final,9,1,the,2.906479358673096
critical,26,unambiguous,long,object,final,9,2,detective,15.40776824951172
critical,26,unambiguous,long,object,final,9,3,investigated,12.496496200561523
critical,26,unambiguous,long,object,final,9,4,him,11.188979148864746
critical,26,unambiguous,long,object,final,9,5,the,7.981564521789551
critical,26,unambiguous,long,object,final,9,6,politician,12.895228385925291
critical,26,unambiguous,long,object,final,9,7,accepting,15.422709465026855
critical,26,unambiguous,long,object,final,9,8,bribes,4.863304826430976
critical,26,unambiguous,long,object,final,9,9,resigned.,15.20288586616516
critical,26,unambiguous,long,object,nonfinal,9,0,Once,20.05752182006836
critical,26,unambiguous,long,object,nonfinal,9,1,the,2.906479358673096
critical,26,unambiguous,long,object,nonfinal,9,2,detective,15.40776824951172
critical,26,unambiguous,long,object,nonfinal,9,3,investigated,12.496496200561523
critical,26,unambiguous,long,object,nonfinal,9,4,him,11.188979148864746
critical,26,unambiguous,long,object,nonfinal,9,5,the,7.981564521789551
critical,26,unambiguous,long,object,nonfinal,9,6,politician,12.895228385925291
critical,26,unambiguous,long,object,nonfinal,9,7,accepting,15.422709465026855
critical,26,unambiguous,long,object,nonfinal,9,8,bribes,4.863307687453926
critical,26,unambiguous,long,object,nonfinal,9,9,resigned,12.595491409301758
critical,26,unambiguous,long,object,nonfinal,9,10,from,3.8399405479431152
critical,26,unambiguous,long,object,nonfinal,9,11,office.,3.857628583908081
critical,27,ambiguous,short,,final,6,0,When,16.867658615112305
critical,27,ambiguous,short,,final,6,1,the,2.8016717433929443
critical,27,ambiguous,short,,final,6,2,supervisor,12.793571472167969
critical,27,ambiguous,short,,final,6,3,called,10.323768615722656
critical,27,ambiguous,short,,final,6,4,the,2.4473586082458496
critical,27,ambiguous,short,,final,6,5,employees,7.464446067810059
critical,27,ambiguous,short,,final,6,6,gathered.,20.802952766418457
critical,27,ambiguous,short,,nonfinal,6,0,When,16.867658615112305
critical,27,ambiguous,short,,nonfinal,6,1,the,2.8016717433929443
critical,27,ambiguous,short,,nonfinal,6,2,supervisor,12.793574333190918
critical,27,ambiguous,short,,nonfinal,6,3,called,10.323768615722656
critical,27,ambiguous,short,,nonfinal,6,4,the,2.4473586082458496
critical,27,ambiguous,short,,nonfinal,6,5,employees,7.464446067810059
critical,27,ambiguous,short,,nonfinal,6,6,gathered,12.108515739440918
critical,27,ambiguous,short,,nonfinal,6,7,in,1.5011718273162842
critical,27,ambiguous,short,,nonfinal,6,8,the,0.2654449045658111
critical,27,ambiguous,short,,nonfinal,6,9,meeting,3.264475584030152
critical,27,ambiguous,short,,nonfinal,6,10,room.,5.674497306346893
critical,27,ambiguous,long,,final,9,0,When,16.867658615112305
critical,27,ambiguous,long,,final,9,1,the,2.8016717433929443
critical,27,ambiguous,long,,final,9,2,supervisor,12.793574333190918
critical,27,ambiguous,long,,final,9,3,called,10.323768615722656
critical,27,ambiguous,long,,final,9,4,the,2.4473586082458496
critical,27,ambiguous,long,,final,9,5,employees,7.464446067810059
critical,27,ambiguous,long,,final,9,6,who,6.556857585906982
critical,27,ambiguous,long,,final,9,7,were,1.5971492528915403
critical,27,ambiguous,long,,final,9,8,available,11.81315803527832
critical,27,ambiguous,long,,final,9,9,gathered.,21.15613269805908
critical,27,ambiguous,long,,nonfinal,9,0,When,16.867658615112305
critical,27,ambiguous,long,,nonfinal,9,1,the,2.8016717433929443
critical,27,ambiguous,long,,nonfinal,9,2,supervisor,12.793574333190918
critical,27,ambiguous,long,,nonfinal,9,3,called,10.323768615722656
critical,27,ambiguous,long,,nonfinal,9,4,the,2.4473586082458496
critical,27,ambiguous,long,,nonfinal,9,5,employees,7.464446067810059
critical,27,ambiguous,long,,nonfinal,9,6,who,6.556857585906982
critical,27,ambiguous,long,,nonfinal,9,7,were,1.5971492528915403
critical,27,ambiguous,long,,nonfinal,9,8,available,11.81315803527832
critical,27,ambiguous,long,,nonfinal,9,9,gathered,16.758607864379883
critical,27,ambiguous,long,,nonfinal,9,10,in,2.179262399673462
critical,27,ambiguous,long,,nonfinal,9,11,the,0.6015485525131226
critical,27,ambiguous,long,,nonfinal,9,12,meeting,2.557924032211304
critical,27,ambiguous,long,,nonfinal,9,13,room.,1.876151829957962
critical,27,unambiguous,short,comma,final,6,0,When,16.867658615112305
critical,27,unambiguous,short,comma,final,6,1,the,2.801668882369995
critical,27,unambiguous,short,comma,final,6,2,supervisor,12.793574333190918
critical,27,unambiguous,short,comma,final,6,3,"called,",14.19399881362915
critical,27,unambiguous,short,comma,final,6,4,the,2.160685539245605
critical,27,unambiguous,short,comma,final,6,5,employees,6.816707134246826
critical,27,unambiguous,short,comma,final,6,6,gathered.,11.01257848739624
critical,27,unambiguous,short,comma,nonfinal,6,0,When,16.867658615112305
critical,27,unambiguous,short,comma,nonfinal,6,1,the,2.8016717433929443
critical,27,unambiguous,short,comma,nonfinal,6,2,supervisor,12.793574333190918
critical,27,unambiguous,short,comma,nonfinal,6,3,"called,",14.19399881362915
critical,27,unambiguous,short,comma,nonfinal,6,4,the,2.160685539245605
critical,27,unambiguous,short,comma,nonfinal,6,5,employees,6.816707134246826
critical,27,unambiguous,short,comma,nonfinal,6,6,gathered,6.736459732055664
critical,27,unambiguous,short,comma,nonfinal,6,7,in,2.041912794113159
critical,27,unambiguous,short,comma,nonfinal,6,8,the,0.4499038457870483
critical,27,unambiguous,short,comma,nonfinal,6,9,meeting,2.692103624343872
critical,27,unambiguous,short,comma,nonfinal,6,10,room.,1.7053056061267853
critical,27,unambiguous,long,comma,final,9,0,When,16.867658615112305
critical,27,unambiguous,long,comma,final,9,1,the,2.8016717433929443
critical,27,unambiguous,long,comma,final,9,2,supervisor,12.793574333190918
critical,27,unambiguous,long,comma,final,9,3,"called,",14.19399881362915
critical,27,unambiguous,long,comma,final,9,4,the,2.160685539245605
critical,27,unambiguous,long,comma,final,9,5,employees,6.816707134246826
critical,27,unambiguous,long,comma,final,9,6,who,5.439712047576904
critical,27,unambiguous,long,comma,final,9,7,were,1.6761071681976318
critical,27,unambiguous,long,comma,final,9,8,available,10.335092544555664
critical,27,unambiguous,long,comma,final,9,9,gathered.,13.681806087493896
critical,27,unambiguous,long,comma,nonfinal,9,0,When,16.867658615112305
critical,27,unambiguous,long,comma,nonfinal,9,1,the,2.8016717433929443
critical,27,unambiguous,long,comma,nonfinal,9,2,supervisor,12.793574333190918
critical,27,unambiguous,long,comma,nonfinal,9,3,"called,",14.19399881362915
critical,27,unambiguous,long,comma,nonfinal,9,4,the,2.160685539245605
critical,27,unambiguous,long,comma,nonfinal,9,5,employees,6.816707134246826
critical,27,unambiguous,long,comma,nonfinal,9,6,who,5.439712047576904
critical,27,unambiguous,long,comma,nonfinal,9,7,were,1.6761071681976318
critical,27,unambiguous,long,comma,nonfinal,9,8,available,10.335092544555664
critical,27,unambiguous,long,comma,nonfinal,9,9,gathered,9.432307243347168
critical,27,unambiguous,long,comma,nonfinal,9,10,in,2.197814464569092
critical,27,unambiguous,long,comma,nonfinal,9,11,the,0.55631023645401
critical,27,unambiguous,long,comma,nonfinal,9,12,meeting,2.67118763923645
critical,27,unambiguous,long,comma,nonfinal,9,13,room.,1.5365425199270248
critical,27,unambiguous,short,object,final,8,0,When,16.867658615112305
critical,27,unambiguous,short,object,final,8,1,the,2.8016717433929443
critical,27,unambiguous,short,object,final,8,2,supervisor,12.793574333190918
critical,27,unambiguous,short,object,final,8,3,called,10.323768615722656
critical,27,unambiguous,short,object,final,8,4,the,2.4473586082458496
critical,27,unambiguous,short,object,final,8,5,team,5.157994747161865
critical,27,unambiguous,short,object,final,8,6,the,8.74107837677002
critical,27,unambiguous,short,object,final,8,7,employees,9.852439880371094
critical,27,unambiguous,short,object,final,8,8,gathered.,11.854969024658203
critical,27,unambiguous,short,object,nonfinal,8,0,When,16.867658615112305
critical,27,unambiguous,short,object,nonfinal,8,1,the,2.8016717433929443
critical,27,unambiguous,short,object,nonfinal,8,2,supervisor,12.793574333190918
critical,27,unambiguous,short,object,nonfinal,8,3,called,10.323768615722656
critical,27,unambiguous,short,object,nonfinal,8,4,the,2.4473586082458496
critical,27,unambiguous,short,object,nonfinal,8,5,team,5.157994747161865
critical,27,unambiguous,short,object,nonfinal,8,6,the,8.74107837677002
critical,27,unambiguous,short,object,nonfinal,8,7,employees,9.852439880371094
critical,27,unambiguous,short,object,nonfinal,8,8,gathered,7.621906280517578
critical,27,unambiguous,short,object,nonfinal,8,9,in,2.438130617141724
critical,27,unambiguous,short,object,nonfinal,8,10,the,0.6605427265167236
critical,27,unambiguous,short,object,nonfinal,8,11,meeting,2.226985454559326
critical,27,unambiguous,short,object,nonfinal,8,12,room.,2.0772504210472107
critical,27,unambiguous,long,object,final,11,0,When,16.867658615112305
critical,27,unambiguous,long,object,final,11,1,the,2.8016717433929443
critical,27,unambiguous,long,object,final,11,2,supervisor,12.793574333190918
critical,27,unambiguous,long,object,final,11,3,called,10.323768615722656
critical,27,unambiguous,long,object,final,11,4,the,2.4473586082458496
critical,27,unambiguous,long,object,final,11,5,team,5.157994747161865
critical,27,unambiguous,long,object,final,11,6,the,8.74107837677002
critical,27,unambiguous,long,object,final,11,7,employees,9.852439880371094
critical,27,unambiguous,long,object,final,11,8,who,6.243513584136963
critical,27,unambiguous,long,object,final,11,9,were,1.8272509574890137
critical,27,unambiguous,long,object,final,11,10,available,9.546079635620115
critical,27,unambiguous,long,object,final,11,11,gathered.,16.984097957611084
critical,27,unambiguous,long,object,nonfinal,11,0,When,16.867658615112305
critical,27,unambiguous,long,object,nonfinal,11,1,the,2.8016717433929443
critical,27,unambiguous,long,object,nonfinal,11,2,supervisor,12.793574333190918
critical,27,unambiguous,long,object,nonfinal,11,3,called,10.323768615722656
critical,27,unambiguous,long,object,nonfinal,11,4,the,2.4473586082458496
critical,27,unambiguous,long,object,nonfinal,11,5,team,5.157994747161865
critical,27,unambiguous,long,object,nonfinal,11,6,the,8.74107837677002
critical,27,unambiguous,long,object,nonfinal,11,7,employees,9.852439880371094
critical,27,unambiguous,long,object,nonfinal,11,8,who,6.243513584136963
critical,27,unambiguous,long,object,nonfinal,11,9,were,1.8272509574890137
critical,27,unambiguous,long,object,nonfinal,11,10,available,9.546079635620115
critical,27,unambiguous,long,object,nonfinal,11,11,gathered,12.36356258392334
critical,27,unambiguous,long,object,nonfinal,11,12,in,2.2949860095977783
critical,27,unambiguous,long,object,nonfinal,11,13,the,0.6678457856178284
critical,27,unambiguous,long,object,nonfinal,11,14,meeting,2.454723596572876
critical,27,unambiguous,long,object,nonfinal,11,15,room.,1.7980744242668152
critical,28,ambiguous,short,,final,6,0,As,18.614870071411133
critical,28,ambiguous,short,,final,6,1,the,3.726266860961914
critical,28,ambiguous,short,,final,6,2,guest,11.850425720214844
critical,28,ambiguous,short,,final,6,3,photographed,17.95309066772461
critical,28,ambiguous,short,,final,6,4,the,3.432100772857666
critical,28,ambiguous,short,,final,6,5,couple,9.238040924072266
critical,28,ambiguous,short,,final,6,6,smiled.,20.04942798614502
critical,28,ambiguous,short,,nonfinal,6,0,As,18.614870071411133
critical,28,ambiguous,short,,nonfinal,6,1,the,3.726266860961914
critical,28,ambiguous,short,,nonfinal,6,2,guest,11.850425720214844
critical,28,ambiguous,short,,nonfinal,6,3,photographed,17.95309066772461
critical,28,ambiguous,short,,nonfinal,6,4,the,3.432100772857666
critical,28,ambiguous,short,,nonfinal,6,5,couple,9.238040924072266
critical,28,ambiguous,short,,nonfinal,6,6,smiled,15.548856735229492
critical,28,ambiguous,short,,nonfinal,6,7,for,7.068477153778076
critical,28,ambiguous,short,,nonfinal,6,8,the,0.5639627575874329
critical,28,ambiguous,short,,nonfinal,6,9,camera.,3.375724971294403
critical,28,ambiguous,long,,final,8,0,As,18.614870071411133
critical,28,ambiguous,long,,final,8,1,the,3.726266860961914
critical,28,ambiguous,long,,final,8,2,guest,11.850425720214844
critical,28,ambiguous,long,,final,8,3,photographed,17.95309066772461
critical,28,ambiguous,long,,final,8,4,the,3.432098150253296
critical,28,ambiguous,long,,final,8,5,couple,9.238040924072266
critical,28,ambiguous,long,,final,8,6,of,7.677143096923828
critical,28,ambiguous,long,,final,8,7,newlyweds,13.875955359311774
critical,28,ambiguous,long,,final,8,8,smiled.,19.733330249786377
critical,28,ambiguous,long,,nonfinal,8,0,As,18.614870071411133
critical,28,ambiguous,long,,nonfinal,8,1,the,3.726266860961914
critical,28,ambiguous,long,,nonfinal,8,2,guest,11.850425720214844
critical,28,ambiguous,long,,nonfinal,8,3,photographed,17.95309066772461
critical,28,ambiguous,long,,nonfinal,8,4,the,3.432100772857666
critical,28,ambiguous,long,,nonfinal,8,5,couple,9.238040924072266
critical,28,ambiguous,long,,nonfinal,8,6,of,7.677143096923828
critical,28,ambiguous,long,,nonfinal,8,7,newlyweds,13.875955359311774
critical,28,ambiguous,long,,nonfinal,8,8,smiled,14.764082908630373
critical,28,ambiguous,long,,nonfinal,8,9,for,6.649065017700195
critical,28,ambiguous,long,,nonfinal,8,10,the,0.4424907267093658
critical,28,ambiguous,long,,nonfinal,8,11,camera.,3.0321009755134583
critical,28,unambiguous,short,comma,final,6,0,As,18.614870071411133
critical,28,unambiguous,short,comma,final,6,1,the,3.726266860961914
critical,28,unambiguous,short,comma,final,6,2,guest,11.850425720214844
critical,28,unambiguous,short,comma,final,6,3,"photographed,",21.27068543434143
critical,28,unambiguous,short,comma,final,6,4,the,2.659507989883423
critical,28,unambiguous,short,comma,final,6,5,couple,10.372832298278809
critical,28,unambiguous,short,comma,final,6,6,smiled.,13.048012733459473
critical,28,unambiguous,short,comma,nonfinal,6,0,As,18.614870071411133
critical,28,unambiguous,short,comma,nonfinal,6,1,the,3.726266860961914
critical,28,unambiguous,short,comma,nonfinal,6,2,guest,11.850425720214844
critical,28,unambiguous,short,comma,nonfinal,6,3,"photographed,",21.27068543434143
critical,28,unambiguous,short,comma,nonfinal,6,4,the,2.659510850906372
critical,28,unambiguous,short,comma,nonfinal,6,5,couple,10.372832298278809
critical,28,unambiguous,short,comma,nonfinal,6,6,smiled,8.479303359985352
critical,28,unambiguous,short,comma,nonfinal,6,7,for,7.23305082321167
critical,28,unambiguous,short,comma,nonfinal,6,8,the,0.785003125667572
critical,28,unambiguous,short,comma,nonfinal,6,9,camera.,2.9907204508781438
critical,28,unambiguous,long,comma,final,8,0,As,18.614870071411133
critical,28,unambiguous,long,comma,final,8,1,the,3.726266860961914
critical,28,unambiguous,long,comma,final,8,2,guest,11.850425720214844
critical,28,unambiguous,long,comma,final,8,3,"photographed,",21.27068543434143
critical,28,unambiguous,long,comma,final,8,4,the,2.659510850906372
critical,28,unambiguous,long,comma,final,8,5,couple,10.372832298278809
critical,28,unambiguous,long,comma,final,8,6,of,7.819460868835449
critical,28,unambiguous,long,comma,final,8,7,newlyweds,13.393490276997907
critical,28,unambiguous,long,comma,final,8,8,smiled.,14.813392162322998
critical,28,unambiguous,long,comma,nonfinal,8,0,As,18.614870071411133
critical,28,unambiguous,long,comma,nonfinal,8,1,the,3.726266860961914
critical,28,unambiguous,long,comma,nonfinal,8,2,guest,11.850425720214844
critical,28,unambiguous,long,comma,nonfinal,8,3,"photographed,",21.27068829536438
critical,28,unambiguous,long,comma,nonfinal,8,4,the,2.659510850906372
critical,28,unambiguous,long,comma,nonfinal,8,5,couple,10.372832298278809
critical,28,unambiguous,long,comma,nonfinal,8,6,of,7.819460868835449
critical,28,unambiguous,long,comma,nonfinal,8,7,newlyweds,13.393490276997907
critical,28,unambiguous,long,comma,nonfinal,8,8,smiled,9.706429481506348
critical,28,unambiguous,long,comma,nonfinal,8,9,for,7.054343223571777
critical,28,unambiguous,long,comma,nonfinal,8,10,the,0.6410880088806152
critical,28,unambiguous,long,comma,nonfinal,8,11,camera.,2.93604376912117
critical,28,unambiguous,short,object,final,8,0,As,18.614870071411133
critical,28,unambiguous,short,object,final,8,1,the,3.726266860961914
critical,28,unambiguous,short,object,final,8,2,guest,11.850425720214844
critical,28,unambiguous,short,object,final,8,3,photographed,17.95309066772461
critical,28,unambiguous,short,object,final,8,4,the,3.432100772857666
critical,28,unambiguous,short,object,final,8,5,ceremony,8.885366439819336
critical,28,unambiguous,short,object,final,8,6,the,6.469184875488281
critical,28,unambiguous,short,object,final,8,7,couple,8.183181762695312
critical,28,unambiguous,short,object,final,8,8,smiled.,11.42476201057434
critical,28,unambiguous,short,object,nonfinal,8,0,As,18.614870071411133
critical,28,unambiguous,short,object,nonfinal,8,1,the,3.726266860961914
critical,28,unambiguous,short,object,nonfinal,8,2,guest,11.850425720214844
critical,28,unambiguous,short,object,nonfinal,8,3,photographed,17.95309066772461
critical,28,unambiguous,short,object,nonfinal,8,4,the,3.432098150253296
critical,28,unambiguous,short,object,nonfinal,8,5,ceremony,8.885366439819336
critical,28,unambiguous,short,object,nonfinal,8,6,the,6.469184875488281
critical,28,unambiguous,short,object,nonfinal,8,7,couple,8.183181762695312
critical,28,unambiguous,short,object,nonfinal,8,8,smiled,7.76261568069458
critical,28,unambiguous,short,object,nonfinal,8,9,for,7.031534194946289
critical,28,unambiguous,short,object,nonfinal,8,10,the,0.7563384175300598
critical,28,unambiguous,short,object,nonfinal,8,11,camera.,3.13422554731369
critical,28,unambiguous,long,object,final,10,0,As,18.614870071411133
critical,28,unambiguous,long,object,final,10,1,the,3.726266860961914
critical,28,unambiguous,long,object,final,10,2,guest,11.850425720214844
critical,28,unambiguous,long,object,final,10,3,photographed,17.95309066772461
critical,28,unambiguous,long,object,final,10,4,the,3.432100772857666
critical,28,unambiguous,long,object,final,10,5,ceremony,8.885366439819336
critical,28,unambiguous,long,object,final,10,6,the,6.469184875488281
critical,28,unambiguous,long,object,final,10,7,couple,8.183181762695312
critical,28,unambiguous,long,object,final,10,8,of,8.260900497436523
critical,28,unambiguous,long,object,final,10,9,newlyweds,14.309256351320071
critical,28,unambiguous,long,object,final,10,10,smiled.,12.111202716827393
critical,28,unambiguous,long,object,nonfinal,10,0,As,18.614870071411133
critical,28,unambiguous,long,object,nonfinal,10,1,the,3.726266860961914
critical,28,unambiguous,long,object,nonfinal,10,2,guest,11.850425720214844
critical,28,unambiguous,long,object,nonfinal,10,3,photographed,17.95309066772461
critical,28,unambiguous,long,object,nonfinal,10,4,the,3.432100772857666
critical,28,unambiguous,long,object,nonfinal,10,5,ceremony,8.885366439819336
critical,28,unambiguous,long,object,nonfinal,10,6,the,6.469184875488281
critical,28,unambiguous,long,object,nonfinal,10,7,couple,8.183181762695312
critical,28,unambiguous,long,object,nonfinal,10,8,of,8.260900497436523
critical,28,unambiguous,long,object,nonfinal,10,9,newlyweds,14.309256351320071
critical,28,unambiguous,long,object,nonfinal,10,10,smiled,7.635848045349121
critical,28,unambiguous,long,object,nonfinal,10,11,for,6.841029644012451
critical,28,unambiguous,long,object,nonfinal,10,12,the,0.7610053420066833
critical,28,unambiguous,long,object,nonfinal,10,13,camera.,2.9703466296195984
critical,29,ambiguous,short,,final,6,0,When,16.867658615112305
critical,29,ambiguous,short,,final,6,1,the,2.801668882369995
critical,29,ambiguous,short,,final,6,2,family,11.91745948791504
critical,29,ambiguous,short,,final,6,3,packed,10.837827682495115
critical,29,ambiguous,short,,final,6,4,the,2.854252815246582
critical,29,ambiguous,short,,final,6,5,vases,15.152438819408417
critical,29,ambiguous,short,,final,6,6,shattered.,28.0895414352417
critical,29,ambiguous,short,,nonfinal,6,0,When,16.867658615112305
critical,29,ambiguous,short,,nonfinal,6,1,the,2.8016717433929443
critical,29,ambiguous,short,,nonfinal,6,2,family,11.91745948791504
critical,29,ambiguous,short,,nonfinal,6,3,packed,10.837827682495115
critical,29,ambiguous,short,,nonfinal,6,4,the,2.854252815246582
critical,29,ambiguous,short,,nonfinal,6,5,vases,15.152438819408417
critical,29,ambiguous,short,,nonfinal,6,6,shattered,23.07778549194336
critical,29,ambiguous,short,,nonfinal,6,7,into,3.689831256866455
critical,29,ambiguous,short,,nonfinal,6,8,many,7.538285732269287
critical,29,ambiguous,short,,nonfinal,6,9,pieces.,4.111953765153885
critical,29,ambiguous,long,,final,9,0,When,16.867658615112305
critical,29,ambiguous,long,,final,9,1,the,2.8016717433929443
critical,29,ambiguous,long,,final,9,2,family,11.91745948791504
critical,29,ambiguous,long,,final,9,3,packed,10.837827682495115
critical,29,ambiguous,long,,final,9,4,the,2.854252815246582
critical,29,ambiguous,long,,final,9,5,vases,15.152438819408417
critical,29,ambiguous,long,,final,9,6,made,11.90736484527588
critical,29,ambiguous,long,,final,9,7,of,1.068689227104187
critical,29,ambiguous,long,,final,9,8,porcelain,7.766122817993164
critical,29,ambiguous,long,,final,9,9,shattered.,24.794278144836422
critical,29,ambiguous,long,,nonfinal,9,0,When,16.867658615112305
critical,29,ambiguous,long,,nonfinal,9,1,the,2.8016717433929443
critical,29,ambiguous,long,,nonfinal,9,2,family,11.91745948791504
critical,29,ambiguous,long,,nonfinal,9,3,packed,10.837827682495115
critical,29,ambiguous,long,,nonfinal,9,4,the,2.854252815246582
critical,29,ambiguous,long,,nonfinal,9,5,vases,15.152438819408417
critical,29,ambiguous,long,,nonfinal,9,6,made,11.90736484527588
critical,29,ambiguous,long,,nonfinal,9,7,of,1.068689227104187
critical,29,ambiguous,long,,nonfinal,9,8,porcelain,7.766122817993164
critical,29,ambiguous,long,,nonfinal,9,9,shattered,19.70619773864746
critical,29,ambiguous,long,,nonfinal,9,10,into,3.0845816135406494
critical,29,ambiguous,long,,nonfinal,9,11,many,7.076497077941895
critical,29,ambiguous,long,,nonfinal,9,12,pieces.,3.244547665119171
critical,29,unambiguous,short,comma,final,6,0,When,16.867658615112305
critical,29,unambiguous,short,comma,final,6,1,the,2.8016717433929443
critical,29,unambiguous,short,comma,final,6,2,family,11.91745948791504
critical,29,unambiguous,short,comma,final,6,3,"packed,",18.80061626434326
critical,29,unambiguous,short,comma,final,6,4,the,2.987861394882202
critical,29,unambiguous,short,comma,final,6,5,vases,18.39042830467224
critical,29,unambiguous,short,comma,final,6,6,shattered.,13.566286087036133
critical,29,unambiguous,short,comma,nonfinal,6,0,When,16.867658615112305
critical,29,unambiguous,short,comma,nonfinal,6,1,the,2.8016717433929443
critical,29,unambiguous,short,comma,nonfinal,6,2,family,11.91745948791504
critical,29,unambiguous,short,comma,nonfinal,6,3,"packed,",18.80061626434326
critical,29,unambiguous,short,comma,nonfinal,6,4,the,2.987861394882202
critical,29,unambiguous,short,comma,nonfinal,6,5,vases,18.39042830467224
critical,29,unambiguous,short,comma,nonfinal,6,6,shattered,11.471168518066406
critical,29,unambiguous,short,comma,nonfinal,6,7,into,3.2247626781463623
critical,29,unambiguous,short,comma,nonfinal,6,8,many,7.538774013519287
critical,29,unambiguous,short,comma,nonfinal,6,9,pieces.,1.312744915485382
critical,29,unambiguous,long,comma,final,9,0,When,16.867658615112305
critical,29,unambiguous,long,comma,final,9,1,the,2.8016717433929443
critical,29,unambiguous,long,comma,final,9,2,family,11.91745948791504
critical,29,unambiguous,long,comma,final,9,3,"packed,",18.80061626434326
critical,29,unambiguous,long,comma,final,9,4,the,2.987861394882202
critical,29,unambiguous,long,comma,final,9,5,vases,18.39042830467224
critical,29,unambiguous,long,comma,final,9,6,made,8.189518928527832
critical,29,unambiguous,long,comma,final,9,7,of,3.68074107170105
critical,29,unambiguous,long,comma,final,9,8,porcelain,6.440528869628906
critical,29,unambiguous,long,comma,final,9,9,shattered.,12.744978189468384
critical,29,unambiguous,long,comma,nonfinal,9,0,When,16.867658615112305
critical,29,unambiguous,long,comma,nonfinal,9,1,the,2.8016717433929443
critical,29,unambiguous,long,comma,nonfinal,9,2,family,11.91745948791504
critical,29,unambiguous,long,comma,nonfinal,9,3,"packed,",18.80061626434326
critical,29,unambiguous,long,comma,nonfinal,9,4,the,2.987861394882202
critical,29,unambiguous,long,comma,nonfinal,9,5,vases,18.39042830467224
critical,29,unambiguous,long,comma,nonfinal,9,6,made,8.189518928527832
critical,29,unambiguous,long,comma,nonfinal,9,7,of,3.68074107170105
critical,29,unambiguous,long,comma,nonfinal,9,8,porcelain,6.440528869628906
critical,29,unambiguous,long,comma,nonfinal,9,9,shattered,10.903938293457031
critical,29,unambiguous,long,comma,nonfinal,9,10,into,3.100569248199463
critical,29,unambiguous,long,comma,nonfinal,9,11,many,7.051296710968018
critical,29,unambiguous,long,comma,nonfinal,9,12,pieces.,1.270277589559555
critical,29,unambiguous,short,object,final,8,0,When,16.867658615112305
critical,29,unambiguous,short,object,final,8,1,the,2.8016717433929443
critical,29,unambiguous,short,object,final,8,2,family,11.91745948791504
critical,29,unambiguous,short,object,final,8,3,packed,10.837827682495115
critical,29,unambiguous,short,object,final,8,4,their,3.170987129211426
critical,29,unambiguous,short,object,final,8,5,belongings,2.605173826217652
critical,29,unambiguous,short,object,final,8,6,the,8.261075019836426
critical,29,unambiguous,short,object,final,8,7,vases,22.004820823669437
critical,29,unambiguous,short,object,final,8,8,shattered.,12.474724292755129
critical,29,unambiguous,short,object,nonfinal,8,0,When,16.867658615112305
critical,29,unambiguous,short,object,nonfinal,8,1,the,2.8016717433929443
critical,29,unambiguous,short,object,nonfinal,8,2,family,11.91745948791504
critical,29,unambiguous,short,object,nonfinal,8,3,packed,10.837827682495115
critical,29,unambiguous,short,object,nonfinal,8,4,their,3.170987129211426
critical,29,unambiguous,short,object,nonfinal,8,5,belongings,2.605173826217652
critical,29,unambiguous,short,object,nonfinal,8,6,the,8.261075019836426
critical,29,unambiguous,short,object,nonfinal,8,7,vases,22.004820823669437
critical,29,unambiguous,short,object,nonfinal,8,8,shattered,10.224861145019531
critical,29,unambiguous,short,object,nonfinal,8,9,into,3.065971851348877
critical,29,unambiguous,short,object,nonfinal,8,10,many,7.220218181610107
critical,29,unambiguous,short,object,nonfinal,8,11,pieces.,1.7085663974285126
critical,29,unambiguous,long,object,final,11,0,When,16.867658615112305
critical,29,unambiguous,long,object,final,11,1,the,2.8016717433929443
critical,29,unambiguous,long,object,final,11,2,family,11.91745948791504
critical,29,unambiguous,long,object,final,11,3,packed,10.837827682495115
critical,29,unambiguous,long,object,final,11,4,their,3.170987129211426
critical,29,unambiguous,long,object,final,11,5,belongings,2.605173826217652
critical,29,unambiguous,long,object,final,11,6,the,8.261075019836426
critical,29,unambiguous,long,object,final,11,7,vases,22.004820823669437
critical,29,unambiguous,long,object,final,11,8,made,8.61418342590332
critical,29,unambiguous,long,object,final,11,9,of,3.9893081188201904
critical,29,unambiguous,long,object,final,11,10,porcelain,5.370704650878906
critical,29,unambiguous,long,object,final,11,11,shattered.,12.32256531715393
critical,29,unambiguous,long,object,nonfinal,11,0,When,16.867658615112305
critical,29,unambiguous,long,object,nonfinal,11,1,the,2.8016717433929443
critical,29,unambiguous,long,object,nonfinal,11,2,family,11.91745948791504
critical,29,unambiguous,long,object,nonfinal,11,3,packed,10.837827682495115
critical,29,unambiguous,long,object,nonfinal,11,4,their,3.170987129211426
critical,29,unambiguous,long,object,nonfinal,11,5,belongings,2.605173826217652
critical,29,unambiguous,long,object,nonfinal,11,6,the,8.261075019836426
critical,29,unambiguous,long,object,nonfinal,11,7,vases,22.004820823669437
critical,29,unambiguous,long,object,nonfinal,11,8,made,8.61418342590332
critical,29,unambiguous,long,object,nonfinal,11,9,of,3.9893081188201904
critical,29,unambiguous,long,object,nonfinal,11,10,porcelain,5.370704650878906
critical,29,unambiguous,long,object,nonfinal,11,11,shattered,10.083089828491213
critical,29,unambiguous,long,object,nonfinal,11,12,into,2.712543249130249
critical,29,unambiguous,long,object,nonfinal,11,13,many,6.811474800109863
critical,29,unambiguous,long,object,nonfinal,11,14,pieces.,1.5877107679843905
critical,30,ambiguous,short,,final,6,0,After,18.19958877563477
critical,30,ambiguous,short,,final,6,1,the,2.606558084487915
critical,30,ambiguous,short,,final,6,2,gardener,16.22962855559308
critical,30,ambiguous,short,,final,6,3,watered,5.806044556200504
critical,30,ambiguous,short,,final,6,4,the,0.3871233165264129
critical,30,ambiguous,short,,final,6,5,plants,2.1718850135803223
critical,30,ambiguous,short,,final,6,6,revived.,26.542121410369877
critical,30,ambiguous,short,,nonfinal,6,0,After,18.19958877563477
critical,30,ambiguous,short,,nonfinal,6,1,the,2.606558084487915
critical,30,ambiguous,short,,nonfinal,6,2,gardener,16.22962855559308
critical,30,ambiguous,short,,nonfinal,6,3,watered,5.806044556200504
critical,30,ambiguous,short,,nonfinal,6,4,the,0.3871233165264129
critical,30,ambiguous,short,,nonfinal,6,5,plants,2.1718850135803223
critical,30,ambiguous,short,,nonfinal,6,6,revived,22.77711296081543
critical,30,ambiguous,short,,nonfinal,6,7,in,5.62025260925293
critical,30,ambiguous,short,,nonfinal,6,8,the,2.136434555053711
critical,30,ambiguous,short,,nonfinal,6,9,afternoon,7.583896636962891
critical,30,ambiguous,short,,nonfinal,6,10,sun.,12.087357640266418
critical,30,ambiguous,long,,final,9,0,After,18.19958877563477
critical,30,ambiguous,long,,final,9,1,the,2.606558084487915
critical,30,ambiguous,long,,final,9,2,gardener,16.22962855559308
critical,30,ambiguous,long,,final,9,3,watered,5.806044556200504
critical,30,ambiguous,long,,final,9,4,the,0.3871233165264129
critical,30,ambiguous,long,,final,9,5,plants,2.1718850135803223
critical,30,ambiguous,long,,final,9,6,that,6.892687797546387
critical,30,ambiguous,long,,final,9,7,were,2.3163559436798096
critical,30,ambiguous,long,,final,9,8,wilting,10.350637077586724
critical,30,ambiguous,long,,final,9,9,revived.,32.554738998413086
critical,30,ambiguous,long,,nonfinal,9,0,After,18.19958877563477
critical,30,ambiguous,long,,nonfinal,9,1,the,2.606558084487915
critical,30,ambiguous,long,,nonfinal,9,2,gardener,16.22962855559308
critical,30,ambiguous,long,,nonfinal,9,3,watered,5.806044556200504
critical,30,ambiguous,long,,nonfinal,9,4,the,0.3871233165264129
critical,30,ambiguous,long,,nonfinal,9,5,plants,2.1718850135803223
critical,30,ambiguous,long,,nonfinal,9,6,that,6.892687797546387
critical,30,ambiguous,long,,nonfinal,9,7,were,2.3163559436798096
critical,30,ambiguous,long,,nonfinal,9,8,wilting,10.350637077586724
critical,30,ambiguous,long,,nonfinal,9,9,revived,25.3415584564209
critical,30,ambiguous,long,,nonfinal,9,10,in,8.807220458984375
critical,30,ambiguous,long,,nonfinal,9,11,the,1.1818565130233765
critical,30,ambiguous,long,,nonfinal,9,12,afternoon,7.557046890258789
critical,30,ambiguous,long,,nonfinal,9,13,sun.,8.219145774841309
critical,30,unambiguous,short,comma,final,6,0,After,18.19958877563477
critical,30,unambiguous,short,comma,final,6,1,the,2.606558084487915
critical,30,unambiguous,short,comma,final,6,2,gardener,16.22962855559308
critical,30,unambiguous,short,comma,final,6,3,"watered,",14.18536088615656
critical,30,unambiguous,short,comma,final,6,4,the,1.888350248336792
critical,30,unambiguous,short,comma,final,6,5,plants,5.213325023651123
critical,30,unambiguous,short,comma,final,6,6,revived.,17.79487442970276
critical,30,unambiguous,short,comma,nonfinal,6,0,After,18.19958877563477
critical,30,unambiguous,short,comma,nonfinal,6,1,the,2.606558084487915
critical,30,unambiguous,short,comma,nonfinal,6,2,gardener,16.22962855559308
critical,30,unambiguous,short,comma,nonfinal,6,3,"watered,",14.18536088615656
critical,30,unambiguous,short,comma,nonfinal,6,4,the,1.888350248336792
critical,30,unambiguous,short,comma,nonfinal,6,5,plants,5.213325023651123
critical,30,unambiguous,short,comma,nonfinal,6,6,revived,15.666441917419434
critical,30,unambiguous,short,comma,nonfinal,6,7,in,6.227164268493652
critical,30,unambiguous,short,comma,nonfinal,6,8,the,3.0946860313415527
critical,30,unambiguous,short,comma,nonfinal,6,9,afternoon,6.809238910675049
critical,30,unambiguous,short,comma,nonfinal,6,10,sun.,6.111990869045258
critical,30,unambiguous,long,comma,final,9,0,After,18.19958877563477
critical,30,unambiguous,long,comma,final,9,1,the,2.606558084487915
critical,30,unambiguous,long,comma,final,9,2,gardener,16.22962855559308
critical,30,unambiguous,long,comma,final,9,3,"watered,",14.18536088615656
critical,30,unambiguous,long,comma,final,9,4,the,1.888350248336792
critical,30,unambiguous,long,comma,final,9,5,plants,5.213325023651123
critical,30,unambiguous,long,comma,final,9,6,that,5.782342910766602
critical,30,unambiguous,long,comma,final,9,7,were,1.221872091293335
critical,30,unambiguous,long,comma,final,9,8,wilting,8.0280950278393
critical,30,unambiguous,long,comma,final,9,9,revived.,16.919143557548523
critical,30,unambiguous,long,comma,nonfinal,9,0,After,18.19958877563477
critical,30,unambiguous,long,comma,nonfinal,9,1,the,2.606558084487915
critical,30,unambiguous,long,comma,nonfinal,9,2,gardener,16.22962855559308
critical,30,unambiguous,long,comma,nonfinal,9,3,"watered,",14.18536088615656
critical,30,unambiguous,long,comma,nonfinal,9,4,the,1.888350248336792
critical,30,unambiguous,long,comma,nonfinal,9,5,plants,5.213325023651123
critical,30,unambiguous,long,comma,nonfinal,9,6,that,5.782342910766602
critical,30,unambiguous,long,comma,nonfinal,9,7,were,1.221872091293335
critical,30,unambiguous,long,comma,nonfinal,9,8,wilting,8.0280950278393
critical,30,unambiguous,long,comma,nonfinal,9,9,revived,14.969405174255373
critical,30,unambiguous,long,comma,nonfinal,9,10,in,6.0347089767456055
critical,30,unambiguous,long,comma,nonfinal,9,11,the,3.595334529876709
critical,30,unambiguous,long,comma,nonfinal,9,12,afternoon,5.373064041137695
critical,30,unambiguous,long,comma,nonfinal,9,13,sun.,4.646808743476868
critical,30,unambiguous,short,object,final,9,0,After,18.19958877563477
critical,30,unambiguous,short,object,final,9,1,the,2.606558084487915
critical,30,unambiguous,short,object,final,9,2,gardener,16.22962855559308
critical,30,unambiguous,short,object,final,9,3,watered,5.806044556200504
critical,30,unambiguous,short,object,final,9,4,the,0.3871233165264129
critical,30,unambiguous,short,object,final,9,5,flower,4.939098358154297
critical,30,unambiguous,short,object,final,9,6,bed,1.40614116191864
critical,30,unambiguous,short,object,final,9,7,the,8.600698471069336
critical,30,unambiguous,short,object,final,9,8,plants,11.61012077331543
critical,30,unambiguous,short,object,final,9,9,revived.,18.1320937871933
critical,30,unambiguous,short,object,nonfinal,9,0,After,18.19958877563477
critical,30,unambiguous,short,object,nonfinal,9,1,the,2.606558084487915
critical,30,unambiguous,short,object,nonfinal,9,2,gardener,16.229624740895815
critical,30,unambiguous,short,object,nonfinal,9,3,watered,5.806044556200504
critical,30,unambiguous,short,object,nonfinal,9,4,the,0.3871233165264129
critical,30,unambiguous,short,object,nonfinal,9,5,flower,4.939098358154297
critical,30,unambiguous,short,object,nonfinal,9,6,bed,1.40614116191864
critical,30,unambiguous,short,object,nonfinal,9,7,the,8.600698471069336
critical,30,unambiguous,short,object,nonfinal,9,8,plants,11.61012077331543
critical,30,unambiguous,short,object,nonfinal,9,9,revived,16.5865421295166
critical,30,unambiguous,short,object,nonfinal,9,10,in,6.652702808380127
critical,30,unambiguous,short,object,nonfinal,9,11,the,4.580756664276123
critical,30,unambiguous,short,object,nonfinal,9,12,afternoon,6.6656813621521
critical,30,unambiguous,short,object,nonfinal,9,13,sun.,10.750988960266112
critical,30,unambiguous,long,object,final,12,0,After,18.19958877563477
critical,30,unambiguous,long,object,final,12,1,the,2.606558084487915
critical,30,unambiguous,long,object,final,12,2,gardener,16.229624740895815
critical,30,unambiguous,long,object,final,12,3,watered,5.806044556200504
critical,30,unambiguous,long,object,final,12,4,the,0.3871233165264129
critical,30,unambiguous,long,object,final,12,5,flower,4.939098358154297
critical,30,unambiguous,long,object,final,12,6,bed,1.40614116191864
critical,30,unambiguous,long,object,final,12,7,the,8.600698471069336
critical,30,unambiguous,long,object,final,12,8,plants,11.61012077331543
critical,30,unambiguous,long,object,final,12,9,that,4.363411903381348
critical,30,unambiguous,long,object,final,12,10,were,2.6286447048187256
critical,30,unambiguous,long,object,final,12,11,wilting,9.192172368639149
critical,30,unambiguous,long,object,final,12,12,revived.,17.992050409317017
critical,30,unambiguous,long,object,nonfinal,12,0,After,18.19958877563477
critical,30,unambiguous,long,object,nonfinal,12,1,the,2.606558084487915
critical,30,unambiguous,long,object,nonfinal,12,2,gardener,16.22962855559308
critical,30,unambiguous,long,object,nonfinal,12,3,watered,5.806044556200504
critical,30,unambiguous,long,object,nonfinal,12,4,the,0.3871233165264129
critical,30,unambiguous,long,object,nonfinal,12,5,flower,4.939098358154297
critical,30,unambiguous,long,object,nonfinal,12,6,bed,1.40614116191864
critical,30,unambiguous,long,object,nonfinal,12,7,the,8.600698471069336
critical,30,unambiguous,long,object,nonfinal,12,8,plants,11.61012077331543
critical,30,unambiguous,long,object,nonfinal,12,9,that,4.363411903381348
critical,30,unambiguous,long,object,nonfinal,12,10,were,2.6286447048187256
critical,30,unambiguous,long,object,nonfinal,12,11,wilting,9.192172368639149
critical,30,unambiguous,long,object,nonfinal,12,12,revived,15.960302352905272
critical,30,unambiguous,long,object,nonfinal,12,13,in,5.836206436157227
critical,30,unambiguous,long,object,nonfinal,12,14,the,3.7894930839538574
critical,30,unambiguous,long,object,nonfinal,12,15,afternoon,5.73329496383667
critical,30,unambiguous,long,object,nonfinal,12,16,sun.,4.706424951553345
critical,31,ambiguous,short,,final,6,0,Because,23.872631072998047
critical,31,ambiguous,short,,final,6,1,the,8.49134635925293
critical,31,ambiguous,short,,final,6,2,bear,14.812958717346191
critical,31,ambiguous,short,,final,6,3,attacked,11.26925563812256
critical,31,ambiguous,short,,final,6,4,the,2.167102336883545
critical,31,ambiguous,short,,final,6,5,campers,14.212050437927246
critical,31,ambiguous,short,,final,6,6,fled.,21.521649837493896
critical,31,ambiguous,short,,nonfinal,6,0,Because,23.872631072998047
critical,31,ambiguous,short,,nonfinal,6,1,the,8.49134635925293
critical,31,ambiguous,short,,nonfinal,6,2,bear,14.812958717346191
critical,31,ambiguous,short,,nonfinal,6,3,attacked,11.26925563812256
critical,31,ambiguous,short,,nonfinal,6,4,the,2.167102336883545
critical,31,ambiguous,short,,nonfinal,6,5,campers,14.212050437927246
critical,31,ambiguous,short,,nonfinal,6,6,fled,18.049413681030277
critical,31,ambiguous,short,,nonfinal,6,7,in,3.03242826461792
critical,31,ambiguous,short,,nonfinal,6,8,a,3.715510368347168
critical,31,ambiguous,short,,nonfinal,6,9,panic.,3.2199279069900517
critical,31,ambiguous,long,,final,8,0,Because,23.872631072998047
critical,31,ambiguous,long,,final,8,1,the,8.49134635925293
critical,31,ambiguous,long,,final,8,2,bear,14.812958717346191
critical,31,ambiguous,long,,final,8,3,attacked,11.26925563812256
critical,31,ambiguous,long,,final,8,4,the,2.167102336883545
critical,31,ambiguous,long,,final,8,5,campers,14.212050437927246
critical,31,ambiguous,long,,final,8,6,barbecuing,23.98162731528282
critical,31,ambiguous,long,,final,8,7,cheerfully,21.09258832037449
critical,31,ambiguous,long,,final,8,8,fled.,24.33237719535828
critical,31,ambiguous,long,,nonfinal,8,0,Because,23.872631072998047
critical,31,ambiguous,long,,nonfinal,8,1,the,8.49134635925293
critical,31,ambiguous,long,,nonfinal,8,2,bear,14.812958717346191
critical,31,ambiguous,long,,nonfinal,8,3,attacked,11.26925563812256
critical,31,ambiguous,long,,nonfinal,8,4,the,2.167102336883545
critical,31,ambiguous,long,,nonfinal,8,5,campers,14.212050437927246
critical,31,ambiguous,long,,nonfinal,8,6,barbecuing,23.98162731528282
critical,31,ambiguous,long,,nonfinal,8,7,cheerfully,21.09258832037449
critical,31,ambiguous,long,,nonfinal,8,8,fled,20.763486862182617
critical,31,ambiguous,long,,nonfinal,8,9,in,4.228172779083252
critical,31,ambiguous,long,,nonfinal,8,10,a,3.653764486312866
critical,31,ambiguous,long,,nonfinal,8,11,panic.,3.151742994785309
critical,31,unambiguous,short,comma,final,6,0,Because,23.872631072998047
critical,31,unambiguous,short,comma,final,6,1,the,8.49134635925293
critical,31,unambiguous,short,comma,final,6,2,bear,14.812958717346191
critical,31,unambiguous,short,comma,final,6,3,"attacked,",15.02761173248291
critical,31,unambiguous,short,comma,final,6,4,the,2.551921129226685
critical,31,unambiguous,short,comma,final,6,5,campers,15.519802570343018
critical,31,unambiguous,short,comma,final,6,6,fled.,8.963811159133911
critical,31,unambiguous,short,comma,nonfinal,6,0,Because,23.872631072998047
critical,31,unambiguous,short,comma,nonfinal,6,1,the,8.49134635925293
critical,31,unambiguous,short,comma,nonfinal,6,2,bear,14.812958717346191
critical,31,unambiguous,short,comma,nonfinal,6,3,"attacked,",15.02761173248291
critical,31,unambiguous,short,comma,nonfinal,6,4,the,2.551921129226685
critical,31,unambiguous,short,comma,nonfinal,6,5,campers,15.519802570343018
critical,31,unambiguous,short,comma,nonfinal,6,6,fled,6.47187614440918
critical,31,unambiguous,short,comma,nonfinal,6,7,in,3.230417490005493
critical,31,unambiguous,short,comma,nonfinal,6,8,a,3.7259092330932617
critical,31,unambiguous,short,comma,nonfinal,6,9,panic.,2.30413818359375
critical,31,unambiguous,long,comma,final,8,0,Because,23.872631072998047
critical,31,unambiguous,long,comma,final,8,1,the,8.49134635925293
critical,31,unambiguous,long,comma,final,8,2,bear,14.812958717346191
critical,31,unambiguous,long,comma,final,8,3,"attacked,",15.02761173248291
critical,31,unambiguous,long,comma,final,8,4,the,2.551921129226685
critical,31,unambiguous,long,comma,final,8,5,campers,15.519802570343018
critical,31,unambiguous,long,comma,final,8,6,barbecuing,27.52759003639221
critical,31,unambiguous,long,comma,final,8,7,cheerfully,15.590538024902344
critical,31,unambiguous,long,comma,final,8,8,fled.,15.77791953086853
critical,31,unambiguous,long,comma,nonfinal,8,0,Because,23.872631072998047
critical,31,unambiguous,long,comma,nonfinal,8,1,the,8.49134635925293
critical,31,unambiguous,long,comma,nonfinal,8,2,bear,14.812958717346191
critical,31,unambiguous,long,comma,nonfinal,8,3,"attacked,",15.02761173248291
critical,31,unambiguous,long,comma,nonfinal,8,4,the,2.551921129226685
critical,31,unambiguous,long,comma,nonfinal,8,5,campers,15.519802570343018
critical,31,unambiguous,long,comma,nonfinal,8,6,barbecuing,27.527592658996586
critical,31,unambiguous,long,comma,nonfinal,8,7,cheerfully,15.590538024902344
critical,31,unambiguous,long,comma,nonfinal,8,8,fled,13.408975601196287
critical,31,unambiguous,long,comma,nonfinal,8,9,in,4.194246768951416
critical,31,unambiguous,long,comma,nonfinal,8,10,a,4.322464466094971
critical,31,unambiguous,long,comma,nonfinal,8,11,panic.,2.3923089504241943
critical,31,unambiguous,short,object,final,8,0,Because,23.872631072998047
critical,31,unambiguous,short,object,final,8,1,the,8.49134635925293
critical,31,unambiguous,short,object,final,8,2,bear,14.812958717346191
critical,31,unambiguous,short,object,final,8,3,attacked,11.26925563812256
critical,31,unambiguous,short,object,final,8,4,the,2.167102336883545
critical,31,unambiguous,short,object,final,8,5,campground,18.083406448364254
critical,31,unambiguous,short,object,final,8,6,the,7.09615421295166
critical,31,unambiguous,short,object,final,8,7,campers,11.858307123184204
critical,31,unambiguous,short,object,final,8,8,fled.,10.958716630935667
critical,31,unambiguous,short,object,nonfinal,8,0,Because,23.872631072998047
critical,31,unambiguous,short,object,nonfinal,8,1,the,8.49134635925293
critical,31,unambiguous,short,object,nonfinal,8,2,bear,14.812958717346191
critical,31,unambiguous,short,object,nonfinal,8,3,attacked,11.26925563812256
critical,31,unambiguous,short,object,nonfinal,8,4,the,2.167102336883545
critical,31,unambiguous,short,object,nonfinal,8,5,campground,18.083406448364254
critical,31,unambiguous,short,object,nonfinal,8,6,the,7.096151351928711
critical,31,unambiguous,short,object,nonfinal,8,7,campers,11.858307123184204
critical,31,unambiguous,short,object,nonfinal,8,8,fled,8.002725601196289
critical,31,unambiguous,short,object,nonfinal,8,9,in,4.135244369506836
critical,31,unambiguous,short,object,nonfinal,8,10,a,3.866632223129273
critical,31,unambiguous,short,object,nonfinal,8,11,panic.,2.586729049682617
critical,31,unambiguous,long,object,final,10,0,Because,23.872631072998047
critical,31,unambiguous,long,object,final,10,1,the,8.49134635925293
critical,31,unambiguous,long,object,final,10,2,bear,14.812958717346191
critical,31,unambiguous,long,object,final,10,3,attacked,11.26925563812256
critical,31,unambiguous,long,object,final,10,4,the,2.167102336883545
critical,31,unambiguous,long,object,final,10,5,campground,18.083406448364254
critical,31,unambiguous,long,object,final,10,6,the,7.09615421295166
critical,31,unambiguous,long,object,final,10,7,campers,11.858307123184204
critical,31,unambiguous,long,object,final,10,8,barbecuing,24.602799892425537
critical,31,unambiguous,long,object,final,10,9,cheerfully,18.284068554639816
critical,31,unambiguous,long,object,final,10,10,fled.,17.596104860305786
critical,31,unambiguous,long,object,nonfinal,10,0,Because,23.872631072998047
critical,31,unambiguous,long,object,nonfinal,10,1,the,8.49134635925293
critical,31,unambiguous,long,object,nonfinal,10,2,bear,14.812958717346191
critical,31,unambiguous,long,object,nonfinal,10,3,attacked,11.26925563812256
critical,31,unambiguous,long,object,nonfinal,10,4,the,2.167102336883545
critical,31,unambiguous,long,object,nonfinal,10,5,campground,18.083406448364254
critical,31,unambiguous,long,object,nonfinal,10,6,the,7.096151351928711
critical,31,unambiguous,long,object,nonfinal,10,7,campers,11.858307123184204
critical,31,unambiguous,long,object,nonfinal,10,8,barbecuing,24.602799892425537
critical,31,unambiguous,long,object,nonfinal,10,9,cheerfully,18.284068554639816
critical,31,unambiguous,long,object,nonfinal,10,10,fled,14.42851734161377
critical,31,unambiguous,long,object,nonfinal,10,11,in,4.455500602722168
critical,31,unambiguous,long,object,nonfinal,10,12,a,4.346048355102539
critical,31,unambiguous,long,object,nonfinal,10,13,panic.,2.9422653913497925
critical,32,ambiguous,short,,final,7,0,As,18.614870071411133
critical,32,ambiguous,short,,final,7,1,the,3.726266860961914
critical,32,ambiguous,short,,final,7,2,news,9.4965238571167
critical,32,ambiguous,short,,final,7,3,channel,9.122730255126951
critical,32,ambiguous,short,,final,7,4,broadcasted,10.735710203647614
critical,32,ambiguous,short,,final,7,5,the,1.8244552612304688
critical,32,ambiguous,short,,final,7,6,message,7.604071140289307
critical,32,ambiguous,short,,final,7,7,spread.,25.594292640686035
critical,32,ambiguous,short,,nonfinal,7,0,As,18.614870071411133
critical,32,ambiguous,short,,nonfinal,7,1,the,3.726266860961914
critical,32,ambiguous,short,,nonfinal,7,2,news,9.4965238571167
critical,32,ambiguous,short,,nonfinal,7,3,channel,9.122730255126951
critical,32,ambiguous,short,,nonfinal,7,4,broadcasted,10.735710203647614
critical,32,ambiguous,short,,nonfinal,7,5,the,1.8244552612304688
critical,32,ambiguous,short,,nonfinal,7,6,message,7.604071140289307
critical,32,ambiguous,short,,nonfinal,7,7,spread,14.590604782104492
critical,32,ambiguous,short,,nonfinal,7,8,across,3.4091968536376958
critical,32,ambiguous,short,,nonfinal,7,9,the,0.4538277983665466
critical,32,ambiguous,short,,nonfinal,7,10,country.,7.853086709976196
critical,32,ambiguous,long,,final,10,0,As,18.614870071411133
critical,32,ambiguous,long,,final,10,1,the,3.726266860961914
critical,32,ambiguous,long,,final,10,2,news,9.4965238571167
critical,32,ambiguous,long,,final,10,3,channel,9.122730255126951
critical,32,ambiguous,long,,final,10,4,broadcasted,10.735710203647614
critical,32,ambiguous,long,,final,10,5,the,1.8244552612304688
critical,32,ambiguous,long,,final,10,6,message,7.604071140289307
critical,32,ambiguous,long,,final,10,7,from,4.548722267150879
critical,32,ambiguous,long,,final,10,8,the,1.0392787456512451
critical,32,ambiguous,long,,final,10,9,president,4.790117263793945
critical,32,ambiguous,long,,final,10,10,spread.,26.878186225891117
critical,32,ambiguous,long,,nonfinal,10,0,As,18.614870071411133
critical,32,ambiguous,long,,nonfinal,10,1,the,3.726266860961914
critical,32,ambiguous,long,,nonfinal,10,2,news,9.4965238571167
critical,32,ambiguous,long,,nonfinal,10,3,channel,9.122730255126951
critical,32,ambiguous,long,,nonfinal,10,4,broadcasted,10.735710203647614
critical,32,ambiguous,long,,nonfinal,10,5,the,1.8244552612304688
critical,32,ambiguous,long,,nonfinal,10,6,message,7.604071140289307
critical,32,ambiguous,long,,nonfinal,10,7,from,4.548722267150879
critical,32,ambiguous,long,,nonfinal,10,8,the,1.0392787456512451
critical,32,ambiguous,long,,nonfinal,10,9,president,4.790117263793945
critical,32,ambiguous,long,,nonfinal,10,10,spread,17.147661209106445
critical,32,ambiguous,long,,nonfinal,10,11,across,2.7286272048950195
critical,32,ambiguous,long,,nonfinal,10,12,the,0.319103479385376
critical,32,ambiguous,long,,nonfinal,10,13,country.,5.75584077835083
critical,32,unambiguous,short,comma,final,7,0,As,18.614870071411133
critical,32,unambiguous,short,comma,final,7,1,the,3.726266860961914
critical,32,unambiguous,short,comma,final,7,2,news,9.4965238571167
critical,32,unambiguous,short,comma,final,7,3,channel,9.122730255126951
critical,32,unambiguous,short,comma,final,7,4,"broadcasted,",12.685382544994354
critical,32,unambiguous,short,comma,final,7,5,the,2.017107486724853
critical,32,unambiguous,short,comma,final,7,6,message,10.016730308532717
critical,32,unambiguous,short,comma,final,7,7,spread.,9.268085956573486
critical,32,unambiguous,short,comma,nonfinal,7,0,As,18.614870071411133
critical,32,unambiguous,short,comma,nonfinal,7,1,the,3.726266860961914
critical,32,unambiguous,short,comma,nonfinal,7,2,news,9.4965238571167
critical,32,unambiguous,short,comma,nonfinal,7,3,channel,9.122730255126951
critical,32,unambiguous,short,comma,nonfinal,7,4,"broadcasted,",12.685382544994354
critical,32,unambiguous,short,comma,nonfinal,7,5,the,2.017107486724853
critical,32,unambiguous,short,comma,nonfinal,7,6,message,10.016730308532717
critical,32,unambiguous,short,comma,nonfinal,7,7,spread,4.691737651824951
critical,32,unambiguous,short,comma,nonfinal,7,8,across,4.308118343353272
critical,32,unambiguous,short,comma,nonfinal,7,9,the,0.3451485335826874
critical,32,unambiguous,short,comma,nonfinal,7,10,country.,4.640786528587341
critical,32,unambiguous,long,comma,final,10,0,As,18.614870071411133
critical,32,unambiguous,long,comma,final,10,1,the,3.726266860961914
critical,32,unambiguous,long,comma,final,10,2,news,9.4965238571167
critical,32,unambiguous,long,comma,final,10,3,channel,9.122730255126951
critical,32,unambiguous,long,comma,final,10,4,"broadcasted,",12.685382544994354
critical,32,unambiguous,long,comma,final,10,5,the,2.017107486724853
critical,32,unambiguous,long,comma,final,10,6,message,10.016730308532717
critical,32,unambiguous,long,comma,final,10,7,from,5.881931781768799
critical,32,unambiguous,long,comma,final,10,8,the,0.8910737633705139
critical,32,unambiguous,long,comma,final,10,9,president,4.680455684661865
critical,32,unambiguous,long,comma,final,10,10,spread.,11.12473726272583
critical,32,unambiguous,long,comma,nonfinal,10,0,As,18.614870071411133
critical,32,unambiguous,long,comma,nonfinal,10,1,the,3.726266860961914
critical,32,unambiguous,long,comma,nonfinal,10,2,news,9.4965238571167
critical,32,unambiguous,long,comma,nonfinal,10,3,channel,9.122730255126951
critical,32,unambiguous,long,comma,nonfinal,10,4,"broadcasted,",12.685382544994354
critical,32,unambiguous,long,comma,nonfinal,10,5,the,2.017107486724853
critical,32,unambiguous,long,comma,nonfinal,10,6,message,10.016730308532717
critical,32,unambiguous,long,comma,nonfinal,10,7,from,5.881931781768799
critical,32,unambiguous,long,comma,nonfinal,10,8,the,0.8910737633705139
critical,32,unambiguous,long,comma,nonfinal,10,9,president,4.680455684661865
critical,32,unambiguous,long,comma,nonfinal,10,10,spread,6.423243522644043
critical,32,unambiguous,long,comma,nonfinal,10,11,across,4.171974182128906
critical,32,unambiguous,long,comma,nonfinal,10,12,the,0.2496004849672317
critical,32,unambiguous,long,comma,nonfinal,10,13,country.,3.3795472383499146
critical,32,unambiguous,short,object,final,9,0,As,18.614870071411133
critical,32,unambiguous,short,object,final,9,1,the,3.726266860961914
critical,32,unambiguous,short,object,final,9,2,news,9.4965238571167
critical,32,unambiguous,short,object,final,9,3,channel,9.122730255126951
critical,32,unambiguous,short,object,final,9,4,broadcasted,10.735710203647614
critical,32,unambiguous,short,object,final,9,5,the,1.8244552612304688
critical,32,unambiguous,short,object,final,9,6,speech,9.57104778289795
critical,32,unambiguous,short,object,final,9,7,the,6.610492706298828
critical,32,unambiguous,short,object,final,9,8,message,10.089411735534668
critical,32,unambiguous,short,object,final,9,9,spread.,10.16487741470337
critical,32,unambiguous,short,object,nonfinal,9,0,As,18.614870071411133
critical,32,unambiguous,short,object,nonfinal,9,1,the,3.726266860961914
critical,32,unambiguous,short,object,nonfinal,9,2,news,9.4965238571167
critical,32,unambiguous,short,object,nonfinal,9,3,channel,9.122730255126951
critical,32,unambiguous,short,object,nonfinal,9,4,broadcasted,10.735710203647614
critical,32,unambiguous,short,object,nonfinal,9,5,the,1.8244552612304688
critical,32,unambiguous,short,object,nonfinal,9,6,speech,9.57104778289795
critical,32,unambiguous,short,object,nonfinal,9,7,the,6.610492706298828
critical,32,unambiguous,short,object,nonfinal,9,8,message,10.089411735534668
critical,32,unambiguous,short,object,nonfinal,9,9,spread,6.045436382293701
critical,32,unambiguous,short,object,nonfinal,9,10,across,4.685632705688477
critical,32,unambiguous,short,object,nonfinal,9,11,the,0.3844211101531982
critical,32,unambiguous,short,object,nonfinal,9,12,country.,4.251523971557617
critical,32,unambiguous,long,object,final,12,0,As,18.614870071411133
critical,32,unambiguous,long,object,final,12,1,the,3.726266860961914
critical,32,unambiguous,long,object,final,12,2,news,9.4965238571167
critical,32,unambiguous,long,object,final,12,3,channel,9.122730255126951
critical,32,unambiguous,long,object,final,12,4,broadcasted,10.735710203647614
critical,32,unambiguous,long,object,final,12,5,the,1.8244552612304688
critical,32,unambiguous,long,object,final,12,6,speech,9.57104778289795
critical,32,unambiguous,long,object,final,12,7,the,6.610492706298828
critical,32,unambiguous,long,object,final,12,8,message,10.089411735534668
critical,32,unambiguous,long,object,final,12,9,from,5.746493339538574
critical,32,unambiguous,long,object,final,12,10,the,0.9930814504623412
critical,32,unambiguous,long,object,final,12,11,president,3.336123466491699
critical,32,unambiguous,long,object,final,12,12,spread.,11.263839721679688
critical,32,unambiguous,long,object,nonfinal,12,0,As,18.614870071411133
critical,32,unambiguous,long,object,nonfinal,12,1,the,3.726266860961914
critical,32,unambiguous,long,object,nonfinal,12,2,news,9.4965238571167
critical,32,unambiguous,long,object,nonfinal,12,3,channel,9.122730255126951
critical,32,unambiguous,long,object,nonfinal,12,4,broadcasted,10.735710203647614
critical,32,unambiguous,long,object,nonfinal,12,5,the,1.8244552612304688
critical,32,unambiguous,long,object,nonfinal,12,6,speech,9.57104778289795
critical,32,unambiguous,long,object,nonfinal,12,7,the,6.610492706298828
critical,32,unambiguous,long,object,nonfinal,12,8,message,10.089411735534668
critical,32,unambiguous,long,object,nonfinal,12,9,from,5.746493339538574
critical,32,unambiguous,long,object,nonfinal,12,10,the,0.9930814504623412
critical,32,unambiguous,long,object,nonfinal,12,11,president,3.336123466491699
critical,32,unambiguous,long,object,nonfinal,12,12,spread,6.858585357666016
critical,32,unambiguous,long,object,nonfinal,12,13,across,4.321998119354248
critical,32,unambiguous,long,object,nonfinal,12,14,the,0.2809673547744751
critical,32,unambiguous,long,object,nonfinal,12,15,country.,3.322179079055786
critical,33,ambiguous,short,,final,7,0,Before,18.481420516967773
critical,33,ambiguous,short,,final,7,1,the,3.6051745414733887
critical,33,ambiguous,short,,final,7,2,recruiters,21.610200881958008
critical,33,ambiguous,short,,final,7,3,could,6.4227399826049805
critical,33,ambiguous,short,,final,7,4,adapt,12.84976863861084
critical,33,ambiguous,short,,final,7,5,the,4.898902416229248
critical,33,ambiguous,short,,final,7,6,policy,8.3958158493042
critical,33,ambiguous,short,,final,7,7,changed.,19.230731964111328
critical,33,ambiguous,short,,nonfinal,7,0,Before,18.481420516967773
critical,33,ambiguous,short,,nonfinal,7,1,the,3.6051745414733887
critical,33,ambiguous,short,,nonfinal,7,2,recruiters,21.610200881958008
critical,33,ambiguous,short,,nonfinal,7,3,could,6.4227399826049805
critical,33,ambiguous,short,,nonfinal,7,4,adapt,12.84976863861084
critical,33,ambiguous,short,,nonfinal,7,5,the,4.898902416229248
critical,33,ambiguous,short,,nonfinal,7,6,policy,8.3958158493042
critical,33,ambiguous,short,,nonfinal,7,7,changed,15.202716827392578
critical,33,ambiguous,short,,nonfinal,7,8,for,6.645354270935059
critical,33,ambiguous,short,,nonfinal,7,9,a,4.527132511138916
critical,33,ambiguous,short,,nonfinal,7,10,second,5.179023742675781
critical,33,ambiguous,short,,nonfinal,7,11,time.,3.851161956787109
critical,33,ambiguous,long,,final,9,0,Before,18.481420516967773
critical,33,ambiguous,long,,final,9,1,the,3.6051745414733887
critical,33,ambiguous,long,,final,9,2,recruiters,21.610200881958008
critical,33,ambiguous,long,,final,9,3,could,6.4227399826049805
critical,33,ambiguous,long,,final,9,4,adapt,12.84976863861084
critical,33,ambiguous,long,,final,9,5,the,4.898902416229248
critical,33,ambiguous,long,,final,9,6,policy,8.3958158493042
critical,33,ambiguous,long,,final,9,7,for,4.585269451141357
critical,33,ambiguous,long,,final,9,8,hiring,9.631306648254396
critical,33,ambiguous,long,,final,9,9,changed.,21.093546867370605
critical,33,ambiguous,long,,nonfinal,9,0,Before,18.481420516967773
critical,33,ambiguous,long,,nonfinal,9,1,the,3.6051745414733887
critical,33,ambiguous,long,,nonfinal,9,2,recruiters,21.610200881958008
critical,33,ambiguous,long,,nonfinal,9,3,could,6.4227399826049805
critical,33,ambiguous,long,,nonfinal,9,4,adapt,12.84976863861084
critical,33,ambiguous,long,,nonfinal,9,5,the,4.898902416229248
critical,33,ambiguous,long,,nonfinal,9,6,policy,8.3958158493042
critical,33,ambiguous,long,,nonfinal,9,7,for,4.585269451141357
critical,33,ambiguous,long,,nonfinal,9,8,hiring,9.631306648254396
critical,33,ambiguous,long,,nonfinal,9,9,changed,17.52351188659668
critical,33,ambiguous,long,,nonfinal,9,10,for,7.874459266662598
critical,33,ambiguous,long,,nonfinal,9,11,a,4.177080154418945
critical,33,ambiguous,long,,nonfinal,9,12,second,5.141740322113037
critical,33,ambiguous,long,,nonfinal,9,13,time.,3.510163187980652
critical,33,unambiguous,short,comma,final,7,0,Before,18.481420516967773
critical,33,unambiguous,short,comma,final,7,1,the,3.6051745414733887
critical,33,unambiguous,short,comma,final,7,2,recruiters,21.610200881958008
critical,33,unambiguous,short,comma,final,7,3,could,6.4227399826049805
critical,33,unambiguous,short,comma,final,7,4,"adapt,",15.799821376800535
critical,33,unambiguous,short,comma,final,7,5,the,1.828493356704712
critical,33,unambiguous,short,comma,final,7,6,policy,12.59117603302002
critical,33,unambiguous,short,comma,final,7,7,changed.,7.228700399398804
critical,33,unambiguous,short,comma,nonfinal,7,0,Before,18.481420516967773
critical,33,unambiguous,short,comma,nonfinal,7,1,the,3.6051745414733887
critical,33,unambiguous,short,comma,nonfinal,7,2,recruiters,21.610200881958008
critical,33,unambiguous,short,comma,nonfinal,7,3,could,6.4227399826049805
critical,33,unambiguous,short,comma,nonfinal,7,4,"adapt,",15.799821376800535
critical,33,unambiguous,short,comma,nonfinal,7,5,the,1.828493356704712
critical,33,unambiguous,short,comma,nonfinal,7,6,policy,12.59117603302002
critical,33,unambiguous,short,comma,nonfinal,7,7,changed,5.19635534286499
critical,33,unambiguous,short,comma,nonfinal,7,8,for,7.329511165618896
critical,33,unambiguous,short,comma,nonfinal,7,9,a,4.600588321685791
critical,33,unambiguous,short,comma,nonfinal,7,10,second,4.957053184509277
critical,33,unambiguous,short,comma,nonfinal,7,11,time.,3.100770115852356
critical,33,unambiguous,long,comma,final,9,0,Before,18.481420516967773
critical,33,unambiguous,long,comma,final,9,1,the,3.6051745414733887
critical,33,unambiguous,long,comma,final,9,2,recruiters,21.610200881958008
critical,33,unambiguous,long,comma,final,9,3,could,6.4227399826049805
critical,33,unambiguous,long,comma,final,9,4,"adapt,",15.799821376800535
critical,33,unambiguous,long,comma,final,9,5,the,1.828493356704712
critical,33,unambiguous,long,comma,final,9,6,policy,12.59117603302002
critical,33,unambiguous,long,comma,final,9,7,for,6.325697898864746
critical,33,unambiguous,long,comma,final,9,8,hiring,5.32314920425415
critical,33,unambiguous,long,comma,final,9,9,changed.,11.0449378490448
critical,33,unambiguous,long,comma,nonfinal,9,0,Before,18.481420516967773
critical,33,unambiguous,long,comma,nonfinal,9,1,the,3.6051745414733887
critical,33,unambiguous,long,comma,nonfinal,9,2,recruiters,21.610200881958008
critical,33,unambiguous,long,comma,nonfinal,9,3,could,6.4227399826049805
critical,33,unambiguous,long,comma,nonfinal,9,4,"adapt,",15.799821376800535
critical,33,unambiguous,long,comma,nonfinal,9,5,the,1.828493356704712
critical,33,unambiguous,long,comma,nonfinal,9,6,policy,12.59117603302002
critical,33,unambiguous,long,comma,nonfinal,9,7,for,6.325697898864746
critical,33,unambiguous,long,comma,nonfinal,9,8,hiring,5.32314920425415
critical,33,unambiguous,long,comma,nonfinal,9,9,changed,9.38996124267578
critical,33,unambiguous,long,comma,nonfinal,9,10,for,7.9913649559021
critical,33,unambiguous,long,comma,nonfinal,9,11,a,4.771200656890869
critical,33,unambiguous,long,comma,nonfinal,9,12,second,4.602116584777832
critical,33,unambiguous,long,comma,nonfinal,9,13,time.,2.165988028049469
critical,33,unambiguous,short,object,final,9,0,Before,18.481420516967773
critical,33,unambiguous,short,object,final,9,1,the,3.6051745414733887
critical,33,unambiguous,short,object,final,9,2,recruiters,21.610200881958008
critical,33,unambiguous,short,object,final,9,3,could,6.4227399826049805
critical,33,unambiguous,short,object,final,9,4,adapt,12.84976863861084
critical,33,unambiguous,short,object,final,9,5,their,2.6278204917907715
critical,33,unambiguous,short,object,final,9,6,strategies,3.4679102897644043
critical,33,unambiguous,short,object,final,9,7,the,8.913148880004883
critical,33,unambiguous,short,object,final,9,8,policy,12.149659156799316
critical,33,unambiguous,short,object,final,9,9,changed.,8.602783799171448
critical,33,unambiguous,short,object,nonfinal,9,0,Before,18.481420516967773
critical,33,unambiguous,short,object,nonfinal,9,1,the,3.6051745414733887
critical,33,unambiguous,short,object,nonfinal,9,2,recruiters,21.610200881958008
critical,33,unambiguous,short,object,nonfinal,9,3,could,6.4227399826049805
critical,33,unambiguous,short,object,nonfinal,9,4,adapt,12.84976863861084
critical,33,unambiguous,short,object,nonfinal,9,5,their,2.6278204917907715
critical,33,unambiguous,short,object,nonfinal,9,6,strategies,3.4679102897644043
critical,33,unambiguous,short,object,nonfinal,9,7,the,8.913148880004883
critical,33,unambiguous,short,object,nonfinal,9,8,policy,12.149659156799316
critical,33,unambiguous,short,object,nonfinal,9,9,changed,6.644239902496338
critical,33,unambiguous,short,object,nonfinal,9,10,for,7.451206207275391
critical,33,unambiguous,short,object,nonfinal,9,11,a,4.408403873443604
critical,33,unambiguous,short,object,nonfinal,9,12,second,4.064820766448975
critical,33,unambiguous,short,object,nonfinal,9,13,time.,2.5599273443222046
critical,33,unambiguous,long,object,final,11,0,Before,18.481420516967773
critical,33,unambiguous,long,object,final,11,1,the,3.6051745414733887
critical,33,unambiguous,long,object,final,11,2,recruiters,21.610200881958008
critical,33,unambiguous,long,object,final,11,3,could,6.4227399826049805
critical,33,unambiguous,long,object,final,11,4,adapt,12.84976863861084
critical,33,unambiguous,long,object,final,11,5,their,2.6278204917907715
critical,33,unambiguous,long,object,final,11,6,strategies,3.4679102897644043
critical,33,unambiguous,long,object,final,11,7,the,8.913148880004883
critical,33,unambiguous,long,object,final,11,8,policy,12.149659156799316
critical,33,unambiguous,long,object,final,11,9,for,6.145479202270508
critical,33,unambiguous,long,object,final,11,10,hiring,6.13682222366333
critical,33,unambiguous,long,object,final,11,11,changed.,10.607115626335144
critical,33,unambiguous,long,object,nonfinal,11,0,Before,18.481420516967773
critical,33,unambiguous,long,object,nonfinal,11,1,the,3.6051745414733887
critical,33,unambiguous,long,object,nonfinal,11,2,recruiters,21.610200881958008
critical,33,unambiguous,long,object,nonfinal,11,3,could,6.4227399826049805
critical,33,unambiguous,long,object,nonfinal,11,4,adapt,12.84976863861084
critical,33,unambiguous,long,object,nonfinal,11,5,their,2.6278204917907715
critical,33,unambiguous,long,object,nonfinal,11,6,strategies,3.4679102897644043
critical,33,unambiguous,long,object,nonfinal,11,7,the,8.913148880004883
critical,33,unambiguous,long,object,nonfinal,11,8,policy,12.149659156799316
critical,33,unambiguous,long,object,nonfinal,11,9,for,6.145479202270508
critical,33,unambiguous,long,object,nonfinal,11,10,hiring,6.13682222366333
critical,33,unambiguous,long,object,nonfinal,11,11,changed,9.018141746520996
critical,33,unambiguous,long,object,nonfinal,11,12,for,8.073779106140137
critical,33,unambiguous,long,object,nonfinal,11,13,a,4.727578639984131
critical,33,unambiguous,long,object,nonfinal,11,14,second,3.804250717163086
critical,33,unambiguous,long,object,nonfinal,11,15,time.,1.9052155017852783
critical,34,ambiguous,short,,final,6,0,After,18.19958877563477
critical,34,ambiguous,short,,final,6,1,the,2.606558084487915
critical,34,ambiguous,short,,final,6,2,doctor,12.468846321105955
critical,34,ambiguous,short,,final,6,3,left,8.399604797363281
critical,34,ambiguous,short,,final,6,4,the,2.405632734298706
critical,34,ambiguous,short,,final,6,5,patient,6.378017902374268
critical,34,ambiguous,short,,final,6,6,recovered.,12.358052730560305
critical,34,ambiguous,short,,nonfinal,6,0,After,18.19958877563477
critical,34,ambiguous,short,,nonfinal,6,1,the,2.606558084487915
critical,34,ambiguous,short,,nonfinal,6,2,doctor,12.468846321105955
critical,34,ambiguous,short,,nonfinal,6,3,left,8.399604797363281
critical,34,ambiguous,short,,nonfinal,6,4,the,2.405632734298706
critical,34,ambiguous,short,,nonfinal,6,5,patient,6.378017902374268
critical,34,ambiguous,short,,nonfinal,6,6,recovered,7.917666912078857
critical,34,ambiguous,short,,nonfinal,6,7,from,3.764207601547241
critical,34,ambiguous,short,,nonfinal,6,8,the,1.2722368240356443
critical,34,ambiguous,short,,nonfinal,6,9,surgery.,7.700100660324097
critical,34,ambiguous,long,,final,9,0,After,18.19958877563477
critical,34,ambiguous,long,,final,9,1,the,2.606558084487915
critical,34,ambiguous,long,,final,9,2,doctor,12.468846321105955
critical,34,ambiguous,long,,final,9,3,left,8.399604797363281
critical,34,ambiguous,long,,final,9,4,the,2.405632734298706
critical,34,ambiguous,long,,final,9,5,patient,6.378017902374268
critical,34,ambiguous,long,,final,9,6,with,7.018353462219238
critical,34,ambiguous,long,,final,9,7,cardiac,13.698211669921877
critical,34,ambiguous,long,,final,9,8,issues,10.06108283996582
critical,34,ambiguous,long,,final,9,9,recovered.,20.10609769821167
critical,34,ambiguous,long,,nonfinal,9,0,After,18.19958877563477
critical,34,ambiguous,long,,nonfinal,9,1,the,2.606558084487915
critical,34,ambiguous,long,,nonfinal,9,2,doctor,12.468846321105955
critical,34,ambiguous,long,,nonfinal,9,3,left,8.399604797363281
critical,34,ambiguous,long,,nonfinal,9,4,the,2.405632734298706
critical,34,ambiguous,long,,nonfinal,9,5,patient,6.378017902374268
critical,34,ambiguous,long,,nonfinal,9,6,with,7.018353462219238
critical,34,ambiguous,long,,nonfinal,9,7,cardiac,13.698211669921877
critical,34,ambiguous,long,,nonfinal,9,8,issues,10.06108283996582
critical,34,ambiguous,long,,nonfinal,9,9,recovered,16.019338607788086
critical,34,ambiguous,long,,nonfinal,9,10,from,4.4223809242248535
critical,34,ambiguous,long,,nonfinal,9,11,the,2.215054035186768
critical,34,ambiguous,long,,nonfinal,9,12,surgery.,7.4106950759887695
critical,34,unambiguous,short,comma,final,6,0,After,18.19958877563477
critical,34,unambiguous,short,comma,final,6,1,the,2.606558084487915
critical,34,unambiguous,short,comma,final,6,2,doctor,12.468846321105955
critical,34,unambiguous,short,comma,final,6,3,"left,",9.23000580072403
critical,34,unambiguous,short,comma,final,6,4,the,2.4663219451904297
critical,34,unambiguous,short,comma,final,6,5,patient,3.631037950515747
critical,34,unambiguous,short,comma,final,6,6,recovered.,10.48383116722107
critical,34,unambiguous,short,comma,nonfinal,6,0,After,18.19958877563477
critical,34,unambiguous,short,comma,nonfinal,6,1,the,2.606558084487915
critical,34,unambiguous,short,comma,nonfinal,6,2,doctor,12.468846321105955
critical,34,unambiguous,short,comma,nonfinal,6,3,"left,",9.23000580072403
critical,34,unambiguous,short,comma,nonfinal,6,4,the,2.4663219451904297
critical,34,unambiguous,short,comma,nonfinal,6,5,patient,3.631037950515747
critical,34,unambiguous,short,comma,nonfinal,6,6,recovered,7.71631383895874
critical,34,unambiguous,short,comma,nonfinal,6,7,from,3.6861989498138423
critical,34,unambiguous,short,comma,nonfinal,6,8,the,1.095072627067566
critical,34,unambiguous,short,comma,nonfinal,6,9,surgery.,5.044603228569031
critical,34,unambiguous,long,comma,final,9,0,After,18.19958877563477
critical,34,unambiguous,long,comma,final,9,1,the,2.606558084487915
critical,34,unambiguous,long,comma,final,9,2,doctor,12.468846321105955
critical,34,unambiguous,long,comma,final,9,3,"left,",9.23000580072403
critical,34,unambiguous,long,comma,final,9,4,the,2.4663219451904297
critical,34,unambiguous,long,comma,final,9,5,patient,3.631037950515747
critical,34,unambiguous,long,comma,final,9,6,with,8.743645668029785
critical,34,unambiguous,long,comma,final,9,7,cardiac,8.870277404785156
critical,34,unambiguous,long,comma,final,9,8,issues,12.648353576660156
critical,34,unambiguous,long,comma,final,9,9,recovered.,9.551623106002808
critical,34,unambiguous,long,comma,nonfinal,9,0,After,18.19958877563477
critical,34,unambiguous,long,comma,nonfinal,9,1,the,2.606558084487915
critical,34,unambiguous,long,comma,nonfinal,9,2,doctor,12.468846321105955
critical,34,unambiguous,long,comma,nonfinal,9,3,"left,",9.23000580072403
critical,34,unambiguous,long,comma,nonfinal,9,4,the,2.4663219451904297
critical,34,unambiguous,long,comma,nonfinal,9,5,patient,3.631037950515747
critical,34,unambiguous,long,comma,nonfinal,9,6,with,8.743645668029785
critical,34,unambiguous,long,comma,nonfinal,9,7,cardiac,8.870277404785156
critical,34,unambiguous,long,comma,nonfinal,9,8,issues,12.648353576660156
critical,34,unambiguous,long,comma,nonfinal,9,9,recovered,7.382492542266846
critical,34,unambiguous,long,comma,nonfinal,9,10,from,5.330265045166016
critical,34,unambiguous,long,comma,nonfinal,9,11,the,1.6954269409179688
critical,34,unambiguous,long,comma,nonfinal,9,12,surgery.,5.521896243095398
critical,34,unambiguous,short,object,final,9,0,After,18.19958877563477
critical,34,unambiguous,short,object,final,9,1,the,2.606558084487915
critical,34,unambiguous,short,object,final,9,2,doctor,12.468846321105955
critical,34,unambiguous,short,object,final,9,3,left,8.399604797363281
critical,34,unambiguous,short,object,final,9,4,the,2.405632734298706
critical,34,unambiguous,short,object,final,9,5,operating,9.22303295135498
critical,34,unambiguous,short,object,final,9,6,room,0.1282963007688522
critical,34,unambiguous,short,object,final,9,7,the,6.264777660369873
critical,34,unambiguous,short,object,final,9,8,patient,1.79323148727417
critical,34,unambiguous,short,object,final,9,9,recovered.,10.121479034423828
critical,34,unambiguous,short,object,nonfinal,9,0,After,18.19958877563477
critical,34,unambiguous,short,object,nonfinal,9,1,the,2.606558084487915
critical,34,unambiguous,short,object,nonfinal,9,2,doctor,12.468846321105955
critical,34,unambiguous,short,object,nonfinal,9,3,left,8.399604797363281
critical,34,unambiguous,short,object,nonfinal,9,4,the,2.405632734298706
critical,34,unambiguous,short,object,nonfinal,9,5,operating,9.22303295135498
critical,34,unambiguous,short,object,nonfinal,9,6,room,0.1282963007688522
critical,34,unambiguous,short,object,nonfinal,9,7,the,6.264777660369873
critical,34,unambiguous,short,object,nonfinal,9,8,patient,1.79323148727417
critical,34,unambiguous,short,object,nonfinal,9,9,recovered,6.716756343841553
critical,34,unambiguous,short,object,nonfinal,9,10,from,3.67816686630249
critical,34,unambiguous,short,object,nonfinal,9,11,the,1.418843150138855
critical,34,unambiguous,short,object,nonfinal,9,12,surgery.,4.577542543411255
critical,34,unambiguous,long,object,final,12,0,After,18.19958877563477
critical,34,unambiguous,long,object,final,12,1,the,2.606558084487915
critical,34,unambiguous,long,object,final,12,2,doctor,12.468846321105955
critical,34,unambiguous,long,object,final,12,3,left,8.399604797363281
critical,34,unambiguous,long,object,final,12,4,the,2.405632734298706
critical,34,unambiguous,long,object,final,12,5,operating,9.22303295135498
critical,34,unambiguous,long,object,final,12,6,room,0.1282963007688522
critical,34,unambiguous,long,object,final,12,7,the,6.264777660369873
critical,34,unambiguous,long,object,final,12,8,patient,1.79323148727417
critical,34,unambiguous,long,object,final,12,9,with,8.983269691467285
critical,34,unambiguous,long,object,final,12,10,cardiac,8.745494842529297
critical,34,unambiguous,long,object,final,12,11,issues,13.855867385864258
critical,34,unambiguous,long,object,final,12,12,recovered.,8.82979416847229
critical,34,unambiguous,long,object,nonfinal,12,0,After,18.19958877563477
critical,34,unambiguous,long,object,nonfinal,12,1,the,2.606558084487915
critical,34,unambiguous,long,object,nonfinal,12,2,doctor,12.468843460083008
critical,34,unambiguous,long,object,nonfinal,12,3,left,8.399604797363281
critical,34,unambiguous,long,object,nonfinal,12,4,the,2.405632734298706
critical,34,unambiguous,long,object,nonfinal,12,5,operating,9.22303295135498
critical,34,unambiguous,long,object,nonfinal,12,6,room,0.1282963007688522
critical,34,unambiguous,long,object,nonfinal,12,7,the,6.264777660369873
critical,34,unambiguous,long,object,nonfinal,12,8,patient,1.79323148727417
critical,34,unambiguous,long,object,nonfinal,12,9,with,8.983269691467285
critical,34,unambiguous,long,object,nonfinal,12,10,cardiac,8.745494842529297
critical,34,unambiguous,long,object,nonfinal,12,11,issues,13.855867385864258
critical,34,unambiguous,long,object,nonfinal,12,12,recovered,6.156625270843506
critical,34,unambiguous,long,object,nonfinal,12,13,from,5.218790054321289
critical,34,unambiguous,long,object,nonfinal,12,14,the,1.88397228717804
critical,34,unambiguous,long,object,nonfinal,12,15,surgery.,4.626906991004944
critical,35,ambiguous,short,,final,7,0,While,18.67967414855957
critical,35,ambiguous,short,,final,7,1,the,7.724239349365234
critical,35,ambiguous,short,,final,7,2,tailor,16.739566802978516
critical,35,ambiguous,short,,final,7,3,was,4.241659164428711
critical,35,ambiguous,short,,final,7,4,measuring,11.51760196685791
critical,35,ambiguous,short,,final,7,5,the,1.592961072921753
critical,35,ambiguous,short,,final,7,6,suit,8.712170600891113
critical,35,ambiguous,short,,final,7,7,ripped.,24.290710926055908
critical,35,ambiguous,short,,nonfinal,7,0,While,18.67967414855957
critical,35,ambiguous,short,,nonfinal,7,1,the,7.724239349365234
critical,35,ambiguous,short,,nonfinal,7,2,tailor,16.739566802978516
critical,35,ambiguous,short,,nonfinal,7,3,was,4.241659164428711
critical,35,ambiguous,short,,nonfinal,7,4,measuring,11.51760196685791
critical,35,ambiguous,short,,nonfinal,7,5,the,1.592961072921753
critical,35,ambiguous,short,,nonfinal,7,6,suit,8.712170600891113
critical,35,ambiguous,short,,nonfinal,7,7,ripped,18.16998863220215
critical,35,ambiguous,short,,nonfinal,7,8,along,9.348981857299805
critical,35,ambiguous,short,,nonfinal,7,9,a,4.525193691253662
critical,35,ambiguous,short,,nonfinal,7,10,weak,14.355667114257812
critical,35,ambiguous,short,,nonfinal,7,11,seam.,8.989710807800293
critical,35,ambiguous,long,,final,11,0,While,18.67967414855957
critical,35,ambiguous,long,,final,11,1,the,7.724239349365234
critical,35,ambiguous,long,,final,11,2,tailor,16.739566802978516
critical,35,ambiguous,long,,final,11,3,was,4.241659164428711
critical,35,ambiguous,long,,final,11,4,measuring,11.51760196685791
critical,35,ambiguous,long,,final,11,5,the,1.592961072921753
critical,35,ambiguous,long,,final,11,6,suit,8.712170600891113
critical,35,ambiguous,long,,final,11,7,made,8.117000579833984
critical,35,ambiguous,long,,final,11,8,of,2.943451404571533
critical,35,ambiguous,long,,final,11,9,vintage,14.918176651000977
critical,35,ambiguous,long,,final,11,10,tweed,9.174255713820456
critical,35,ambiguous,long,,final,11,11,ripped.,24.64345645904541
critical,35,ambiguous,long,,nonfinal,11,0,While,18.67967414855957
critical,35,ambiguous,long,,nonfinal,11,1,the,7.724239349365234
critical,35,ambiguous,long,,nonfinal,11,2,tailor,16.739566802978516
critical,35,ambiguous,long,,nonfinal,11,3,was,4.241659164428711
critical,35,ambiguous,long,,nonfinal,11,4,measuring,11.51760196685791
critical,35,ambiguous,long,,nonfinal,11,5,the,1.592961072921753
critical,35,ambiguous,long,,nonfinal,11,6,suit,8.712170600891113
critical,35,ambiguous,long,,nonfinal,11,7,made,8.117000579833984
critical,35,ambiguous,long,,nonfinal,11,8,of,2.943451404571533
critical,35,ambiguous,long,,nonfinal,11,9,vintage,14.918176651000977
critical,35,ambiguous,long,,nonfinal,11,10,tweed,9.174255713820456
critical,35,ambiguous,long,,nonfinal,11,11,ripped,15.419149398803713
critical,35,ambiguous,long,,nonfinal,11,12,along,9.423505783081056
critical,35,ambiguous,long,,nonfinal,11,13,a,3.993115186691284
critical,35,ambiguous,long,,nonfinal,11,14,weak,13.402776718139648
critical,35,ambiguous,long,,nonfinal,11,15,seam.,7.186663627624512
critical,35,unambiguous,short,comma,final,7,0,While,18.67967414855957
critical,35,unambiguous,short,comma,final,7,1,the,7.724239349365234
critical,35,unambiguous,short,comma,final,7,2,tailor,16.739566802978516
critical,35,unambiguous,short,comma,final,7,3,was,4.241659164428711
critical,35,unambiguous,short,comma,final,7,4,"measuring,",15.056469678878784
critical,35,unambiguous,short,comma,final,7,5,the,2.232128381729126
critical,35,unambiguous,short,comma,final,7,6,suit,10.261175155639648
critical,35,unambiguous,short,comma,final,7,7,ripped.,17.740403652191162
critical,35,unambiguous,short,comma,nonfinal,7,0,While,18.67967414855957
critical,35,unambiguous,short,comma,nonfinal,7,1,the,7.724239349365234
critical,35,unambiguous,short,comma,nonfinal,7,2,tailor,16.739566802978516
critical,35,unambiguous,short,comma,nonfinal,7,3,was,4.241659164428711
critical,35,unambiguous,short,comma,nonfinal,7,4,"measuring,",15.056469678878784
critical,35,unambiguous,short,comma,nonfinal,7,5,the,2.232128381729126
critical,35,unambiguous,short,comma,nonfinal,7,6,suit,10.261175155639648
critical,35,unambiguous,short,comma,nonfinal,7,7,ripped,15.09933090209961
critical,35,unambiguous,short,comma,nonfinal,7,8,along,9.123697280883787
critical,35,unambiguous,short,comma,nonfinal,7,9,a,5.588083744049072
critical,35,unambiguous,short,comma,nonfinal,7,10,weak,10.326590538024902
critical,35,unambiguous,short,comma,nonfinal,7,11,seam.,6.791996717453003
critical,35,unambiguous,long,comma,final,11,0,While,18.67967414855957
critical,35,unambiguous,long,comma,final,11,1,the,7.724239349365234
critical,35,unambiguous,long,comma,final,11,2,tailor,16.739566802978516
critical,35,unambiguous,long,comma,final,11,3,was,4.241659164428711
critical,35,unambiguous,long,comma,final,11,4,"measuring,",15.056469678878784
critical,35,unambiguous,long,comma,final,11,5,the,2.232128381729126
critical,35,unambiguous,long,comma,final,11,6,suit,10.261175155639648
critical,35,unambiguous,long,comma,final,11,7,made,6.674602508544922
critical,35,unambiguous,long,comma,final,11,8,of,1.403986573219299
critical,35,unambiguous,long,comma,final,11,9,vintage,14.488719940185549
critical,35,unambiguous,long,comma,final,11,10,tweed,9.489874586462976
critical,35,unambiguous,long,comma,final,11,11,ripped.,17.11324453353882
critical,35,unambiguous,long,comma,nonfinal,11,0,While,18.67967414855957
critical,35,unambiguous,long,comma,nonfinal,11,1,the,7.724239349365234
critical,35,unambiguous,long,comma,nonfinal,11,2,tailor,16.739566802978516
critical,35,unambiguous,long,comma,nonfinal,11,3,was,4.241659164428711
critical,35,unambiguous,long,comma,nonfinal,11,4,"measuring,",15.056469678878784
critical,35,unambiguous,long,comma,nonfinal,11,5,the,2.232128381729126
critical,35,unambiguous,long,comma,nonfinal,11,6,suit,10.261175155639648
critical,35,unambiguous,long,comma,nonfinal,11,7,made,6.674602508544922
critical,35,unambiguous,long,comma,nonfinal,11,8,of,1.403986573219299
critical,35,unambiguous,long,comma,nonfinal,11,9,vintage,14.488719940185549
critical,35,unambiguous,long,comma,nonfinal,11,10,tweed,9.489874586462976
critical,35,unambiguous,long,comma,nonfinal,11,11,ripped,12.003096580505373
critical,35,unambiguous,long,comma,nonfinal,11,12,along,7.663582801818848
critical,35,unambiguous,long,comma,nonfinal,11,13,a,4.488521575927734
critical,35,unambiguous,long,comma,nonfinal,11,14,weak,11.398319244384766
critical,35,unambiguous,long,comma,nonfinal,11,15,seam.,4.909862279891968
critical,35,unambiguous,short,object,final,10,0,While,18.67967414855957
critical,35,unambiguous,short,object,final,10,1,the,7.724239349365234
critical,35,unambiguous,short,object,final,10,2,tailor,16.739566802978516
critical,35,unambiguous,short,object,final,10,3,was,4.241659164428711
critical,35,unambiguous,short,object,final,10,4,measuring,11.51760196685791
critical,35,unambiguous,short,object,final,10,5,the,1.592961072921753
critical,35,unambiguous,short,object,final,10,6,client's,12.15599662065506
critical,35,unambiguous,short,object,final,10,7,inseam,11.555455088615416
critical,35,unambiguous,short,object,final,10,8,the,9.3840970993042
critical,35,unambiguous,short,object,final,10,9,suit,9.881762504577637
critical,35,unambiguous,short,object,final,10,10,ripped.,18.341450214385983
critical,35,unambiguous,short,object,nonfinal,10,0,While,18.67967414855957
critical,35,unambiguous,short,object,nonfinal,10,1,the,7.724239349365234
critical,35,unambiguous,short,object,nonfinal,10,2,tailor,16.739566802978516
critical,35,unambiguous,short,object,nonfinal,10,3,was,4.241659164428711
critical,35,unambiguous,short,object,nonfinal,10,4,measuring,11.51760196685791
critical,35,unambiguous,short,object,nonfinal,10,5,the,1.592961072921753
critical,35,unambiguous,short,object,nonfinal,10,6,client's,12.15599662065506
critical,35,unambiguous,short,object,nonfinal,10,7,inseam,11.555455088615416
critical,35,unambiguous,short,object,nonfinal,10,8,the,9.3840970993042
critical,35,unambiguous,short,object,nonfinal,10,9,suit,9.881762504577637
critical,35,unambiguous,short,object,nonfinal,10,10,ripped,16.075233459472656
critical,35,unambiguous,short,object,nonfinal,10,11,along,9.599284172058104
critical,35,unambiguous,short,object,nonfinal,10,12,a,6.521950721740723
critical,35,unambiguous,short,object,nonfinal,10,13,weak,10.339929580688477
critical,35,unambiguous,short,object,nonfinal,10,14,seam.,4.953736066818237
critical,35,unambiguous,long,object,final,14,0,While,18.67967414855957
critical,35,unambiguous,long,object,final,14,1,the,7.724239349365234
critical,35,unambiguous,long,object,final,14,2,tailor,16.739566802978516
critical,35,unambiguous,long,object,final,14,3,was,4.241659164428711
critical,35,unambiguous,long,object,final,14,4,measuring,11.51760196685791
critical,35,unambiguous,long,object,final,14,5,the,1.592961072921753
critical,35,unambiguous,long,object,final,14,6,client's,12.15599662065506
critical,35,unambiguous,long,object,final,14,7,inseam,11.555455088615416
critical,35,unambiguous,long,object,final,14,8,the,9.3840970993042
critical,35,unambiguous,long,object,final,14,9,suit,9.881762504577637
critical,35,unambiguous,long,object,final,14,10,made,7.1612324714660645
critical,35,unambiguous,long,object,final,14,11,of,3.0132131576538086
critical,35,unambiguous,long,object,final,14,12,vintage,12.436391830444336
critical,35,unambiguous,long,object,final,14,13,tweed,8.483802407979965
critical,35,unambiguous,long,object,final,14,14,ripped.,18.01252555847168
critical,35,unambiguous,long,object,nonfinal,14,0,While,18.67967414855957
critical,35,unambiguous,long,object,nonfinal,14,1,the,7.724239349365234
critical,35,unambiguous,long,object,nonfinal,14,2,tailor,16.73956871032715
critical,35,unambiguous,long,object,nonfinal,14,3,was,4.241659164428711
critical,35,unambiguous,long,object,nonfinal,14,4,measuring,11.51760196685791
critical,35,unambiguous,long,object,nonfinal,14,5,the,1.592961072921753
critical,35,unambiguous,long,object,nonfinal,14,6,client's,12.15599662065506
critical,35,unambiguous,long,object,nonfinal,14,7,inseam,11.555455088615416
critical,35,unambiguous,long,object,nonfinal,14,8,the,9.3840970993042
critical,35,unambiguous,long,object,nonfinal,14,9,suit,9.881762504577637
critical,35,unambiguous,long,object,nonfinal,14,10,made,7.1612324714660645
critical,35,unambiguous,long,object,nonfinal,14,11,of,3.0132131576538086
critical,35,unambiguous,long,object,nonfinal,14,12,vintage,12.436391830444336
critical,35,unambiguous,long,object,nonfinal,14,13,tweed,8.483802407979965
critical,35,unambiguous,long,object,nonfinal,14,14,ripped,12.199339866638184
critical,35,unambiguous,long,object,nonfinal,14,15,along,8.462383270263672
critical,35,unambiguous,long,object,nonfinal,14,16,a,5.1365742683410645
critical,35,unambiguous,long,object,nonfinal,14,17,weak,12.815190315246582
critical,35,unambiguous,long,object,nonfinal,14,18,seam.,5.081787347793579
critical,36,ambiguous,short,,final,6,0,As,18.614870071411133
critical,36,ambiguous,short,,final,6,1,the,3.726266860961914
critical,36,ambiguous,short,,final,6,2,musician,13.890772819519045
critical,36,ambiguous,short,,final,6,3,played,8.310437202453613
critical,36,ambiguous,short,,final,6,4,the,2.051799774169922
critical,36,ambiguous,short,,final,6,5,song,4.696314811706543
critical,36,ambiguous,short,,final,6,6,crescendoed.,30.23226961493492
critical,36,ambiguous,short,,nonfinal,6,0,As,18.614870071411133
critical,36,ambiguous,short,,nonfinal,6,1,the,3.726266860961914
critical,36,ambiguous,short,,nonfinal,6,2,musician,13.890772819519045
critical,36,ambiguous,short,,nonfinal,6,3,played,8.310437202453613
critical,36,ambiguous,short,,nonfinal,6,4,the,2.051799774169922
critical,36,ambiguous,short,,nonfinal,6,5,song,4.696314811706543
critical,36,ambiguous,short,,nonfinal,6,6,crescendoed,24.494927257299423
critical,36,ambiguous,short,,nonfinal,6,7,to,3.881744623184204
critical,36,ambiguous,short,,nonfinal,6,8,a,1.7173031568527222
critical,36,ambiguous,short,,nonfinal,6,9,dramatic,7.323929309844971
critical,36,ambiguous,short,,nonfinal,6,10,climax.,5.389738082885742
critical,36,ambiguous,long,,final,8,0,As,18.614870071411133
critical,36,ambiguous,long,,final,8,1,the,3.726266860961914
critical,36,ambiguous,long,,final,8,2,musician,13.890772819519045
critical,36,ambiguous,long,,final,8,3,played,8.310437202453613
critical,36,ambiguous,long,,final,8,4,the,2.051799774169922
critical,36,ambiguous,long,,final,8,5,song,4.696314811706543
critical,36,ambiguous,long,,final,8,6,of,8.535597801208496
critical,36,ambiguous,long,,final,8,7,mourning,13.718341827392578
critical,36,ambiguous,long,,final,8,8,crescendoed.,28.420467853546143
critical,36,ambiguous,long,,nonfinal,8,0,As,18.614870071411133
critical,36,ambiguous,long,,nonfinal,8,1,the,3.726266860961914
critical,36,ambiguous,long,,nonfinal,8,2,musician,13.890772819519045
critical,36,ambiguous,long,,nonfinal,8,3,played,8.310437202453613
critical,36,ambiguous,long,,nonfinal,8,4,the,2.051799774169922
critical,36,ambiguous,long,,nonfinal,8,5,song,4.696314811706543
critical,36,ambiguous,long,,nonfinal,8,6,of,8.535597801208496
critical,36,ambiguous,long,,nonfinal,8,7,mourning,13.718341827392578
critical,36,ambiguous,long,,nonfinal,8,8,crescendoed,23.31919574737549
critical,36,ambiguous,long,,nonfinal,8,9,to,4.320219039916992
critical,36,ambiguous,long,,nonfinal,8,10,a,1.5143085718154907
critical,36,ambiguous,long,,nonfinal,8,11,dramatic,6.886620044708252
critical,36,ambiguous,long,,nonfinal,8,12,climax.,5.327634572982788
critical,36,unambiguous,short,comma,final,6,0,As,18.614870071411133
critical,36,unambiguous,short,comma,final,6,1,the,3.726266860961914
critical,36,unambiguous,short,comma,final,6,2,musician,13.890772819519045
critical,36,unambiguous,short,comma,final,6,3,"played,",10.750660419464111
critical,36,unambiguous,short,comma,final,6,4,the,1.878196358680725
critical,36,unambiguous,short,comma,final,6,5,song,6.984626770019531
critical,36,unambiguous,short,comma,final,6,6,crescendoed.,18.31797609757632
critical,36,unambiguous,short,comma,nonfinal,6,0,As,18.614870071411133
critical,36,unambiguous,short,comma,nonfinal,6,1,the,3.726266860961914
critical,36,unambiguous,short,comma,nonfinal,6,2,musician,13.890772819519045
critical,36,unambiguous,short,comma,nonfinal,6,3,"played,",10.750660419464111
critical,36,unambiguous,short,comma,nonfinal,6,4,the,1.878196358680725
critical,36,unambiguous,short,comma,nonfinal,6,5,song,6.984626770019531
critical,36,unambiguous,short,comma,nonfinal,6,6,crescendoed,14.450311869382858
critical,36,unambiguous,short,comma,nonfinal,6,7,to,4.643801212310791
critical,36,unambiguous,short,comma,nonfinal,6,8,a,0.948295831680298
critical,36,unambiguous,short,comma,nonfinal,6,9,dramatic,6.794878959655762
critical,36,unambiguous,short,comma,nonfinal,6,10,climax.,3.2200461626052856
critical,36,unambiguous,long,comma,final,8,0,As,18.614870071411133
critical,36,unambiguous,long,comma,final,8,1,the,3.726266860961914
critical,36,unambiguous,long,comma,final,8,2,musician,13.890772819519045
critical,36,unambiguous,long,comma,final,8,3,"played,",10.750660419464111
critical,36,unambiguous,long,comma,final,8,4,the,1.878196358680725
critical,36,unambiguous,long,comma,final,8,5,song,6.984626770019531
critical,36,unambiguous,long,comma,final,8,6,of,8.583139419555664
critical,36,unambiguous,long,comma,final,8,7,mourning,12.269699096679688
critical,36,unambiguous,long,comma,final,8,8,crescendoed.,15.433870313689113
critical,36,unambiguous,long,comma,nonfinal,8,0,As,18.614870071411133
critical,36,unambiguous,long,comma,nonfinal,8,1,the,3.726266860961914
critical,36,unambiguous,long,comma,nonfinal,8,2,musician,13.890772819519045
critical,36,unambiguous,long,comma,nonfinal,8,3,"played,",10.750660419464111
critical,36,unambiguous,long,comma,nonfinal,8,4,the,1.878196358680725
critical,36,unambiguous,long,comma,nonfinal,8,5,song,6.984626770019531
critical,36,unambiguous,long,comma,nonfinal,8,6,of,8.583139419555664
critical,36,unambiguous,long,comma,nonfinal,8,7,mourning,12.269699096679688
critical,36,unambiguous,long,comma,nonfinal,8,8,crescendoed,13.162326334044335
critical,36,unambiguous,long,comma,nonfinal,8,9,to,5.983116626739502
critical,36,unambiguous,long,comma,nonfinal,8,10,a,1.182002305984497
critical,36,unambiguous,long,comma,nonfinal,8,11,dramatic,7.425679683685303
critical,36,unambiguous,long,comma,nonfinal,8,12,climax.,2.8950732946395874
critical,36,unambiguous,short,object,final,8,0,As,18.614870071411133
critical,36,unambiguous,short,object,final,8,1,the,3.726266860961914
critical,36,unambiguous,short,object,final,8,2,musician,13.890772819519045
critical,36,unambiguous,short,object,final,8,3,played,8.310437202453613
critical,36,unambiguous,short,object,final,8,4,the,2.051799774169922
critical,36,unambiguous,short,object,final,8,5,piano,3.150848627090454
critical,36,unambiguous,short,object,final,8,6,the,8.165206909179688
critical,36,unambiguous,short,object,final,8,7,song,6.222278594970703
critical,36,unambiguous,short,object,final,8,8,crescendoed.,16.506329409778118
critical,36,unambiguous,short,object,nonfinal,8,0,As,18.614870071411133
critical,36,unambiguous,short,object,nonfinal,8,1,the,3.726266860961914
critical,36,unambiguous,short,object,nonfinal,8,2,musician,13.890772819519045
critical,36,unambiguous,short,object,nonfinal,8,3,played,8.310437202453613
critical,36,unambiguous,short,object,nonfinal,8,4,the,2.051799774169922
critical,36,unambiguous,short,object,nonfinal,8,5,piano,3.150848627090454
critical,36,unambiguous,short,object,nonfinal,8,6,the,8.165206909179688
critical,36,unambiguous,short,object,nonfinal,8,7,song,6.222281455993652
critical,36,unambiguous,short,object,nonfinal,8,8,crescendoed,13.337385289371014
critical,36,unambiguous,short,object,nonfinal,8,9,to,4.8565287590026855
critical,36,unambiguous,short,object,nonfinal,8,10,a,1.090383768081665
critical,36,unambiguous,short,object,nonfinal,8,11,dramatic,7.338373184204102
critical,36,unambiguous,short,object,nonfinal,8,12,climax.,3.495405554771424
critical,36,unambiguous,long,object,final,10,0,As,18.614870071411133
critical,36,unambiguous,long,object,final,10,1,the,3.726266860961914
critical,36,unambiguous,long,object,final,10,2,musician,13.890772819519045
critical,36,unambiguous,long,object,final,10,3,played,8.310437202453613
critical,36,unambiguous,long,object,final,10,4,the,2.051799774169922
critical,36,unambiguous,long,object,final,10,5,piano,3.150848627090454
critical,36,unambiguous,long,object,final,10,6,the,8.165206909179688
critical,36,unambiguous,long,object,final,10,7,song,6.222278594970703
critical,36,unambiguous,long,object,final,10,8,of,7.193202972412109
critical,36,unambiguous,long,object,final,10,9,mourning,12.495418548583984
critical,36,unambiguous,long,object,final,10,10,crescendoed.,16.025584369897842
critical,36,unambiguous,long,object,nonfinal,10,0,As,18.614870071411133
critical,36,unambiguous,long,object,nonfinal,10,1,the,3.726266860961914
critical,36,unambiguous,long,object,nonfinal,10,2,musician,13.890772819519045
critical,36,unambiguous,long,object,nonfinal,10,3,played,8.310437202453613
critical,36,unambiguous,long,object,nonfinal,10,4,the,2.051799774169922
critical,36,unambiguous,long,object,nonfinal,10,5,piano,3.150848627090454
critical,36,unambiguous,long,object,nonfinal,10,6,the,8.165206909179688
critical,36,unambiguous,long,object,nonfinal,10,7,song,6.222278594970703
critical,36,unambiguous,long,object,nonfinal,10,8,of,7.193202972412109
critical,36,unambiguous,long,object,nonfinal,10,9,mourning,12.495418548583984
critical,36,unambiguous,long,object,nonfinal,10,10,crescendoed,13.312311798334122
critical,36,unambiguous,long,object,nonfinal,10,11,to,5.828562259674072
critical,36,unambiguous,long,object,nonfinal,10,12,a,1.2845232486724854
critical,36,unambiguous,long,object,nonfinal,10,13,dramatic,7.423844337463379
critical,36,unambiguous,long,object,nonfinal,10,14,climax.,3.4983445405960083
