item_category,item,ambiguity,length,resolution,finality,critical_word_index,word_index,word,surprisal
critical,1,ambiguous,long,,final,12,0,After,18.587234497070312
critical,1,ambiguous,long,,final,12,1,the,2.4606616497039795
critical,1,ambiguous,long,,final,12,2,director,13.812959671020508
critical,1,ambiguous,long,,final,12,3,finished,7.714066982269287
critical,1,ambiguous,long,,final,12,4,filming,5.555628299713135
critical,1,ambiguous,long,,final,12,5,the,1.7135387659072876
critical,1,ambiguous,long,,final,12,6,actors,9.085833549499512
critical,1,ambiguous,long,,final,12,7,exhausted,16.325130462646484
critical,1,ambiguous,long,,final,12,8,from,5.1713643074035645
critical,1,ambiguous,long,,final,12,9,the,1.2501652240753174
critical,1,ambiguous,long,,final,12,10,long,3.04524302482605
critical,1,ambiguous,long,,final,12,11,day,2.9321775436401367
critical,1,ambiguous,long,,final,12,12,left.,16.248441696166992
critical,1,ambiguous,short,,final,7,0,After,18.587234497070312
critical,1,ambiguous,short,,final,7,1,the,2.4606616497039795
critical,1,ambiguous,short,,final,7,2,director,13.812959671020508
critical,1,ambiguous,short,,final,7,3,finished,7.714066982269287
critical,1,ambiguous,short,,final,7,4,filming,5.555628299713135
critical,1,ambiguous,short,,final,7,5,the,1.7135387659072876
critical,1,ambiguous,short,,final,7,6,actors,9.085833549499512
critical,1,ambiguous,short,,final,7,7,left.,11.870776176452637
critical,1,unambiguous,long,comma,final,12,0,After,18.587234497070312
critical,1,unambiguous,long,comma,final,12,1,the,2.4606616497039795
critical,1,unambiguous,long,comma,final,12,2,director,13.812959671020508
critical,1,unambiguous,long,comma,final,12,3,finished,7.714066982269287
critical,1,unambiguous,long,comma,final,12,4,"filming,",7.383366346359253
critical,1,unambiguous,long,comma,final,12,5,the,2.255650043487549
critical,1,unambiguous,long,comma,final,12,6,actors,5.328704833984375
critical,1,unambiguous,long,comma,final,12,7,exhausted,15.300031661987305
critical,1,unambiguous,long,comma,final,12,8,from,4.806449890136719
critical,1,unambiguous,long,comma,final,12,9,the,1.3605422973632812
critical,1,unambiguous,long,comma,final,12,10,long,3.126229047775269
critical,1,unambiguous,long,comma,final,12,11,day,6.153363227844238
critical,1,unambiguous,long,comma,final,12,12,left.,14.264422416687012
critical,1,unambiguous,short,comma,final,7,0,After,18.587234497070312
critical,1,unambiguous,short,comma,final,7,1,the,2.4606616497039795
critical,1,unambiguous,short,comma,final,7,2,director,13.812959671020508
critical,1,unambiguous,short,comma,final,7,3,finished,7.714066982269287
critical,1,unambiguous,short,comma,final,7,4,"filming,",7.383366346359253
critical,1,unambiguous,short,comma,final,7,5,the,2.255650043487549
critical,1,unambiguous,short,comma,final,7,6,actors,5.328704833984375
critical,1,unambiguous,short,comma,final,7,7,left.,9.4334077835083
critical,1,unambiguous,long,object,final,15,0,After,18.587234497070312
critical,1,unambiguous,long,object,final,15,1,the,2.4606616497039795
critical,1,unambiguous,long,object,final,15,2,director,13.812959671020508
critical,1,unambiguous,long,object,final,15,3,finished,7.714066982269287
critical,1,unambiguous,long,object,final,15,4,filming,5.555628299713135
critical,1,unambiguous,long,object,final,15,5,the,1.7135387659072876
critical,1,unambiguous,long,object,final,15,6,final,7.039907455444336
critical,1,unambiguous,long,object,final,15,7,scene,1.3519212007522583
critical,1,unambiguous,long,object,final,15,8,the,7.986720085144043
critical,1,unambiguous,long,object,final,15,9,actors,5.228826999664307
critical,1,unambiguous,long,object,final,15,10,exhausted,13.902061462402344
critical,1,unambiguous,long,object,final,15,11,from,3.7133309841156006
critical,1,unambiguous,long,object,final,15,12,the,1.1927341222763062
critical,1,unambiguous,long,object,final,15,13,long,2.020031213760376
critical,1,unambiguous,long,object,final,15,14,day,2.9340157508850098
critical,1,unambiguous,long,object,final,15,15,left.,13.29621648788452
critical,1,unambiguous,short,object,final,10,0,After,18.587234497070312
critical,1,unambiguous,short,object,final,10,1,the,2.4606616497039795
critical,1,unambiguous,short,object,final,10,2,director,13.812959671020508
critical,1,unambiguous,short,object,final,10,3,finished,7.714066982269287
critical,1,unambiguous,short,object,final,10,4,filming,5.555628299713135
critical,1,unambiguous,short,object,final,10,5,the,1.7135387659072876
critical,1,unambiguous,short,object,final,10,6,final,7.039907455444336
critical,1,unambiguous,short,object,final,10,7,scene,1.3519212007522583
critical,1,unambiguous,short,object,final,10,8,the,7.986720085144043
critical,1,unambiguous,short,object,final,10,9,actors,5.228826999664307
critical,1,unambiguous,short,object,final,10,10,left.,9.933954238891602
critical,1,ambiguous,long,,nonfinal,12,0,After,18.587234497070312
critical,1,ambiguous,long,,nonfinal,12,1,the,2.4606616497039795
critical,1,ambiguous,long,,nonfinal,12,2,director,13.812959671020508
critical,1,ambiguous,long,,nonfinal,12,3,finished,7.714066982269287
critical,1,ambiguous,long,,nonfinal,12,4,filming,5.555628299713135
critical,1,ambiguous,long,,nonfinal,12,5,the,1.7135387659072876
critical,1,ambiguous,long,,nonfinal,12,6,actors,9.085833549499512
critical,1,ambiguous,long,,nonfinal,12,7,exhausted,16.325130462646484
critical,1,ambiguous,long,,nonfinal,12,8,from,5.1713643074035645
critical,1,ambiguous,long,,nonfinal,12,9,the,1.2501652240753174
critical,1,ambiguous,long,,nonfinal,12,10,long,3.04524302482605
critical,1,ambiguous,long,,nonfinal,12,11,day,2.9321775436401367
critical,1,ambiguous,long,,nonfinal,12,12,left,10.064209938049316
critical,1,ambiguous,long,,nonfinal,12,13,to,3.91708779335022
critical,1,ambiguous,long,,nonfinal,12,14,go,5.593811511993408
critical,1,ambiguous,long,,nonfinal,12,15,home.,3.2737021446228027
critical,1,ambiguous,short,,nonfinal,7,0,After,18.587234497070312
critical,1,ambiguous,short,,nonfinal,7,1,the,2.4606616497039795
critical,1,ambiguous,short,,nonfinal,7,2,director,13.812959671020508
critical,1,ambiguous,short,,nonfinal,7,3,finished,7.714066982269287
critical,1,ambiguous,short,,nonfinal,7,4,filming,5.555628299713135
critical,1,ambiguous,short,,nonfinal,7,5,the,1.7135387659072876
critical,1,ambiguous,short,,nonfinal,7,6,actors,9.085833549499512
critical,1,ambiguous,short,,nonfinal,7,7,left,7.168190002441406
critical,1,ambiguous,short,,nonfinal,7,8,to,4.903720855712891
critical,1,ambiguous,short,,nonfinal,7,9,go,3.467684745788574
critical,1,ambiguous,short,,nonfinal,7,10,home.,3.618245244026184
critical,1,unambiguous,long,comma,nonfinal,12,0,After,18.587234497070312
critical,1,unambiguous,long,comma,nonfinal,12,1,the,2.4606616497039795
critical,1,unambiguous,long,comma,nonfinal,12,2,director,13.812959671020508
critical,1,unambiguous,long,comma,nonfinal,12,3,finished,7.714066982269287
critical,1,unambiguous,long,comma,nonfinal,12,4,"filming,",7.383366346359253
critical,1,unambiguous,long,comma,nonfinal,12,5,the,2.255650043487549
critical,1,unambiguous,long,comma,nonfinal,12,6,actors,5.328704833984375
critical,1,unambiguous,long,comma,nonfinal,12,7,exhausted,15.300031661987305
critical,1,unambiguous,long,comma,nonfinal,12,8,from,4.806449890136719
critical,1,unambiguous,long,comma,nonfinal,12,9,the,1.3605422973632812
critical,1,unambiguous,long,comma,nonfinal,12,10,long,3.126229047775269
critical,1,unambiguous,long,comma,nonfinal,12,11,day,6.153363227844238
critical,1,unambiguous,long,comma,nonfinal,12,12,left,8.963977813720703
critical,1,unambiguous,long,comma,nonfinal,12,13,to,5.068942070007324
critical,1,unambiguous,long,comma,nonfinal,12,14,go,4.299315929412842
critical,1,unambiguous,long,comma,nonfinal,12,15,home.,1.3798429369926453
critical,1,unambiguous,short,comma,nonfinal,7,0,After,18.587234497070312
critical,1,unambiguous,short,comma,nonfinal,7,1,the,2.4606616497039795
critical,1,unambiguous,short,comma,nonfinal,7,2,director,13.812959671020508
critical,1,unambiguous,short,comma,nonfinal,7,3,finished,7.714066982269287
critical,1,unambiguous,short,comma,nonfinal,7,4,"filming,",7.383366346359253
critical,1,unambiguous,short,comma,nonfinal,7,5,the,2.255650043487549
critical,1,unambiguous,short,comma,nonfinal,7,6,actors,5.328704833984375
critical,1,unambiguous,short,comma,nonfinal,7,7,left,5.022840023040772
critical,1,unambiguous,short,comma,nonfinal,7,8,to,6.0840582847595215
critical,1,unambiguous,short,comma,nonfinal,7,9,go,3.3668148517608643
critical,1,unambiguous,short,comma,nonfinal,7,10,home.,1.5966923832893372
critical,1,unambiguous,long,object,nonfinal,15,0,After,18.587234497070312
critical,1,unambiguous,long,object,nonfinal,15,1,the,2.4606616497039795
critical,1,unambiguous,long,object,nonfinal,15,2,director,13.812959671020508
critical,1,unambiguous,long,object,nonfinal,15,3,finished,7.714066982269287
critical,1,unambiguous,long,object,nonfinal,15,4,filming,5.555628299713135
critical,1,unambiguous,long,object,nonfinal,15,5,the,1.7135387659072876
critical,1,unambiguous,long,object,nonfinal,15,6,final,7.039907455444336
critical,1,unambiguous,long,object,nonfinal,15,7,scene,1.3519212007522583
critical,1,unambiguous,long,object,nonfinal,15,8,the,7.986720085144043
critical,1,unambiguous,long,object,nonfinal,15,9,actors,5.228826999664307
critical,1,unambiguous,long,object,nonfinal,15,10,exhausted,13.902061462402344
critical,1,unambiguous,long,object,nonfinal,15,11,from,3.7133309841156006
critical,1,unambiguous,long,object,nonfinal,15,12,the,1.1927341222763062
critical,1,unambiguous,long,object,nonfinal,15,13,long,2.020031213760376
critical,1,unambiguous,long,object,nonfinal,15,14,day,2.9340157508850098
critical,1,unambiguous,long,object,nonfinal,15,15,left,6.727794647216797
critical,1,unambiguous,long,object,nonfinal,15,16,to,5.067219734191895
critical,1,unambiguous,long,object,nonfinal,15,17,go,3.8460052013397217
critical,1,unambiguous,long,object,nonfinal,15,18,home.,2.2932991981506348
critical,1,unambiguous,short,object,nonfinal,10,0,After,18.587234497070312
critical,1,unambiguous,short,object,nonfinal,10,1,the,2.4606616497039795
critical,1,unambiguous,short,object,nonfinal,10,2,director,13.812959671020508
critical,1,unambiguous,short,object,nonfinal,10,3,finished,7.714066982269287
critical,1,unambiguous,short,object,nonfinal,10,4,filming,5.555628299713135
critical,1,unambiguous,short,object,nonfinal,10,5,the,1.7135387659072876
critical,1,unambiguous,short,object,nonfinal,10,6,final,7.039907455444336
critical,1,unambiguous,short,object,nonfinal,10,7,scene,1.3519212007522583
critical,1,unambiguous,short,object,nonfinal,10,8,the,7.986720085144043
critical,1,unambiguous,short,object,nonfinal,10,9,actors,5.228826999664307
critical,1,unambiguous,short,object,nonfinal,10,10,left,4.257640838623047
critical,1,unambiguous,short,object,nonfinal,10,11,to,6.363938808441162
critical,1,unambiguous,short,object,nonfinal,10,12,go,2.7827398777008057
critical,1,unambiguous,short,object,nonfinal,10,13,home.,1.7069154381752014
critical,2,ambiguous,long,,final,10,0,When,17.556135177612305
critical,2,ambiguous,long,,final,10,1,the,3.614125967025757
critical,2,ambiguous,long,,final,10,2,stern,16.542984008789062
critical,2,ambiguous,long,,final,10,3,boss,19.808185577392575
critical,2,ambiguous,long,,final,10,4,entered,16.666358947753906
critical,2,ambiguous,long,,final,10,5,the,0.1154567673802375
critical,2,ambiguous,long,,final,10,6,office,14.650482177734377
critical,2,ambiguous,long,,final,10,7,bustling,21.853668212890625
critical,2,ambiguous,long,,final,10,8,with,2.1137163639068604
critical,2,ambiguous,long,,final,10,9,activity,9.751008987426758
critical,2,ambiguous,long,,final,10,10,quieted.,35.284226417541504
critical,2,ambiguous,short,,final,7,0,When,17.556135177612305
critical,2,ambiguous,short,,final,7,1,the,3.614125967025757
critical,2,ambiguous,short,,final,7,2,stern,16.542984008789062
critical,2,ambiguous,short,,final,7,3,boss,19.808185577392575
critical,2,ambiguous,short,,final,7,4,entered,16.666358947753906
critical,2,ambiguous,short,,final,7,5,the,0.1154567673802375
critical,2,ambiguous,short,,final,7,6,office,14.650482177734377
critical,2,ambiguous,short,,final,7,7,quieted.,38.70448875427246
critical,2,unambiguous,long,comma,final,10,0,When,17.556135177612305
critical,2,unambiguous,long,comma,final,10,1,the,3.614125967025757
critical,2,unambiguous,long,comma,final,10,2,stern,16.542984008789062
critical,2,unambiguous,long,comma,final,10,3,boss,19.808185577392575
critical,2,unambiguous,long,comma,final,10,4,"entered,",26.30958747863769
critical,2,unambiguous,long,comma,final,10,5,the,0.9812504649162292
critical,2,unambiguous,long,comma,final,10,6,office,13.26663303375244
critical,2,unambiguous,long,comma,final,10,7,bustling,20.219018936157227
critical,2,unambiguous,long,comma,final,10,8,with,1.2932517528533936
critical,2,unambiguous,long,comma,final,10,9,activity,5.151008129119873
critical,2,unambiguous,long,comma,final,10,10,quieted.,23.58112907409668
critical,2,unambiguous,short,comma,final,7,0,When,17.556135177612305
critical,2,unambiguous,short,comma,final,7,1,the,3.614125967025757
critical,2,unambiguous,short,comma,final,7,2,stern,16.542984008789062
critical,2,unambiguous,short,comma,final,7,3,boss,19.808185577392575
critical,2,unambiguous,short,comma,final,7,4,"entered,",26.30958747863769
critical,2,unambiguous,short,comma,final,7,5,the,0.9812504649162292
critical,2,unambiguous,short,comma,final,7,6,office,13.26663303375244
critical,2,unambiguous,short,comma,final,7,7,quieted.,19.523523092269897
critical,2,unambiguous,long,object,final,12,0,When,17.556135177612305
critical,2,unambiguous,long,object,final,12,1,the,3.614125967025757
critical,2,unambiguous,long,object,final,12,2,stern,16.542984008789062
critical,2,unambiguous,long,object,final,12,3,boss,19.808185577392575
critical,2,unambiguous,long,object,final,12,4,entered,16.666358947753906
critical,2,unambiguous,long,object,final,12,5,the,0.1154567673802375
critical,2,unambiguous,long,object,final,12,6,room,11.879061698913574
critical,2,unambiguous,long,object,final,12,7,the,1.4626339673995972
critical,2,unambiguous,long,object,final,12,8,office,14.983095169067385
critical,2,unambiguous,long,object,final,12,9,bustling,19.1765251159668
critical,2,unambiguous,long,object,final,12,10,with,5.650800704956055
critical,2,unambiguous,long,object,final,12,11,activity,10.797701835632324
critical,2,unambiguous,long,object,final,12,12,quieted.,29.88005924224853
critical,2,unambiguous,short,object,final,9,0,When,17.556135177612305
critical,2,unambiguous,short,object,final,9,1,the,3.614125967025757
critical,2,unambiguous,short,object,final,9,2,stern,16.542984008789062
critical,2,unambiguous,short,object,final,9,3,boss,19.808185577392575
critical,2,unambiguous,short,object,final,9,4,entered,16.666358947753906
critical,2,unambiguous,short,object,final,9,5,the,0.1154567673802375
critical,2,unambiguous,short,object,final,9,6,room,11.879061698913574
critical,2,unambiguous,short,object,final,9,7,the,1.4626339673995972
critical,2,unambiguous,short,object,final,9,8,office,14.983095169067385
critical,2,unambiguous,short,object,final,9,9,quieted.,29.73971176147461
critical,2,ambiguous,long,,nonfinal,10,0,When,17.556135177612305
critical,2,ambiguous,long,,nonfinal,10,1,the,3.614125967025757
critical,2,ambiguous,long,,nonfinal,10,2,stern,16.542984008789062
critical,2,ambiguous,long,,nonfinal,10,3,boss,19.808185577392575
critical,2,ambiguous,long,,nonfinal,10,4,entered,16.666358947753906
critical,2,ambiguous,long,,nonfinal,10,5,the,0.1154567673802375
critical,2,ambiguous,long,,nonfinal,10,6,office,14.650482177734377
critical,2,ambiguous,long,,nonfinal,10,7,bustling,21.85366439819336
critical,2,ambiguous,long,,nonfinal,10,8,with,2.1137163639068604
critical,2,ambiguous,long,,nonfinal,10,9,activity,9.751008987426758
critical,2,ambiguous,long,,nonfinal,10,10,quieted,26.91219043731689
critical,2,ambiguous,long,,nonfinal,10,11,down,2.3988332748413086
critical,2,ambiguous,long,,nonfinal,10,12,quickly.,19.86489200592041
critical,2,ambiguous,short,,nonfinal,7,0,When,17.556135177612305
critical,2,ambiguous,short,,nonfinal,7,1,the,3.614125967025757
critical,2,ambiguous,short,,nonfinal,7,2,stern,16.542984008789062
critical,2,ambiguous,short,,nonfinal,7,3,boss,19.808185577392575
critical,2,ambiguous,short,,nonfinal,7,4,entered,16.666358947753906
critical,2,ambiguous,short,,nonfinal,7,5,the,0.1154567673802375
critical,2,ambiguous,short,,nonfinal,7,6,office,14.650482177734377
critical,2,ambiguous,short,,nonfinal,7,7,quieted,28.16566276550293
critical,2,ambiguous,short,,nonfinal,7,8,down,6.6997575759887695
critical,2,ambiguous,short,,nonfinal,7,9,quickly.,18.840782165527344
critical,2,unambiguous,long,comma,nonfinal,10,0,When,17.556135177612305
critical,2,unambiguous,long,comma,nonfinal,10,1,the,3.614125967025757
critical,2,unambiguous,long,comma,nonfinal,10,2,stern,16.542984008789062
critical,2,unambiguous,long,comma,nonfinal,10,3,boss,19.808185577392575
critical,2,unambiguous,long,comma,nonfinal,10,4,"entered,",26.30958747863769
critical,2,unambiguous,long,comma,nonfinal,10,5,the,0.9812504649162292
critical,2,unambiguous,long,comma,nonfinal,10,6,office,13.26663303375244
critical,2,unambiguous,long,comma,nonfinal,10,7,bustling,20.219017028808597
critical,2,unambiguous,long,comma,nonfinal,10,8,with,1.2932517528533936
critical,2,unambiguous,long,comma,nonfinal,10,9,activity,5.151008129119873
critical,2,unambiguous,long,comma,nonfinal,10,10,quieted,18.797697067260746
critical,2,unambiguous,long,comma,nonfinal,10,11,down,1.20432710647583
critical,2,unambiguous,long,comma,nonfinal,10,12,quickly.,10.436140894889832
critical,2,unambiguous,short,comma,nonfinal,7,0,When,17.556135177612305
critical,2,unambiguous,short,comma,nonfinal,7,1,the,3.614125967025757
critical,2,unambiguous,short,comma,nonfinal,7,2,stern,16.542984008789062
critical,2,unambiguous,short,comma,nonfinal,7,3,boss,19.808185577392575
critical,2,unambiguous,short,comma,nonfinal,7,4,"entered,",26.30958747863769
critical,2,unambiguous,short,comma,nonfinal,7,5,the,0.9812504649162292
critical,2,unambiguous,short,comma,nonfinal,7,6,office,13.26663303375244
critical,2,unambiguous,short,comma,nonfinal,7,7,quieted,16.794835329055786
critical,2,unambiguous,short,comma,nonfinal,7,8,down,2.4104866981506348
critical,2,unambiguous,short,comma,nonfinal,7,9,quickly.,11.776924967765808
critical,2,unambiguous,long,object,nonfinal,12,0,When,17.556135177612305
critical,2,unambiguous,long,object,nonfinal,12,1,the,3.614125967025757
critical,2,unambiguous,long,object,nonfinal,12,2,stern,16.542984008789062
critical,2,unambiguous,long,object,nonfinal,12,3,boss,19.808185577392575
critical,2,unambiguous,long,object,nonfinal,12,4,entered,16.666358947753906
critical,2,unambiguous,long,object,nonfinal,12,5,the,0.1154567673802375
critical,2,unambiguous,long,object,nonfinal,12,6,room,11.879061698913574
critical,2,unambiguous,long,object,nonfinal,12,7,the,1.4626339673995972
critical,2,unambiguous,long,object,nonfinal,12,8,office,14.983095169067385
critical,2,unambiguous,long,object,nonfinal,12,9,bustling,19.1765251159668
critical,2,unambiguous,long,object,nonfinal,12,10,with,5.650800704956055
critical,2,unambiguous,long,object,nonfinal,12,11,activity,10.797701835632324
critical,2,unambiguous,long,object,nonfinal,12,12,quieted,23.53871774673462
critical,2,unambiguous,long,object,nonfinal,12,13,down,1.3963725566864014
critical,2,unambiguous,long,object,nonfinal,12,14,quickly.,16.176705837249756
critical,2,unambiguous,short,object,nonfinal,9,0,When,17.556135177612305
critical,2,unambiguous,short,object,nonfinal,9,1,the,3.614125967025757
critical,2,unambiguous,short,object,nonfinal,9,2,stern,16.542984008789062
critical,2,unambiguous,short,object,nonfinal,9,3,boss,19.808185577392575
critical,2,unambiguous,short,object,nonfinal,9,4,entered,16.666358947753906
critical,2,unambiguous,short,object,nonfinal,9,5,the,0.1154567673802375
critical,2,unambiguous,short,object,nonfinal,9,6,room,11.879061698913574
critical,2,unambiguous,short,object,nonfinal,9,7,the,1.4626339673995972
critical,2,unambiguous,short,object,nonfinal,9,8,office,14.983095169067385
critical,2,unambiguous,short,object,nonfinal,9,9,quieted,22.44617795944214
critical,2,unambiguous,short,object,nonfinal,9,10,down,4.205820560455322
critical,2,unambiguous,short,object,nonfinal,9,11,quickly.,15.164364099502563
critical,3,ambiguous,long,,final,8,0,After,18.587234497070312
critical,3,ambiguous,long,,final,8,1,the,2.4606616497039795
critical,3,ambiguous,long,,final,8,2,politician,15.514266967773438
critical,3,ambiguous,long,,final,8,3,signed,11.374381065368652
critical,3,ambiguous,long,,final,8,4,the,1.0314445495605469
critical,3,ambiguous,long,,final,8,5,bill,2.537280559539795
critical,3,ambiguous,long,,final,8,6,increasing,15.277056694030762
critical,3,ambiguous,long,,final,8,7,taxes,2.393632411956787
critical,3,ambiguous,long,,final,8,8,passed.,21.0034499168396
critical,3,ambiguous,short,,final,6,0,After,18.587234497070312
critical,3,ambiguous,short,,final,6,1,the,2.4606616497039795
critical,3,ambiguous,short,,final,6,2,politician,15.514266967773438
critical,3,ambiguous,short,,final,6,3,signed,11.374381065368652
critical,3,ambiguous,short,,final,6,4,the,1.0314445495605469
critical,3,ambiguous,short,,final,6,5,bill,2.537280559539795
critical,3,ambiguous,short,,final,6,6,passed.,16.81093454360962
critical,3,unambiguous,long,comma,final,8,0,After,18.587234497070312
critical,3,unambiguous,long,comma,final,8,1,the,2.4606616497039795
critical,3,unambiguous,long,comma,final,8,2,politician,15.514266967773438
critical,3,unambiguous,long,comma,final,8,3,"signed,",16.177432537078857
critical,3,unambiguous,long,comma,final,8,4,the,1.9405256509780884
critical,3,unambiguous,long,comma,final,8,5,bill,9.338485717773438
critical,3,unambiguous,long,comma,final,8,6,increasing,20.03802490234375
critical,3,unambiguous,long,comma,final,8,7,taxes,3.5384178161621094
critical,3,unambiguous,long,comma,final,8,8,passed.,9.233505964279177
critical,3,unambiguous,short,comma,final,6,0,After,18.587234497070312
critical,3,unambiguous,short,comma,final,6,1,the,2.4606616497039795
critical,3,unambiguous,short,comma,final,6,2,politician,15.514266967773438
critical,3,unambiguous,short,comma,final,6,3,"signed,",16.177432537078857
critical,3,unambiguous,short,comma,final,6,4,the,1.9405256509780884
critical,3,unambiguous,short,comma,final,6,5,bill,9.338485717773438
critical,3,unambiguous,short,comma,final,6,6,passed.,7.288305282592773
critical,3,unambiguous,long,object,final,10,0,After,18.587234497070312
critical,3,unambiguous,long,object,final,10,1,the,2.4606616497039795
critical,3,unambiguous,long,object,final,10,2,politician,15.514266967773438
critical,3,unambiguous,long,object,final,10,3,signed,11.374381065368652
critical,3,unambiguous,long,object,final,10,4,the,1.0314445495605469
critical,3,unambiguous,long,object,final,10,5,legislation,6.957248687744141
critical,3,unambiguous,long,object,final,10,6,the,6.831593990325928
critical,3,unambiguous,long,object,final,10,7,bill,6.292593479156494
critical,3,unambiguous,long,object,final,10,8,increasing,20.589126586914062
critical,3,unambiguous,long,object,final,10,9,taxes,2.822571039199829
critical,3,unambiguous,long,object,final,10,10,passed.,9.162819862365724
critical,3,unambiguous,short,object,final,8,0,After,18.587234497070312
critical,3,unambiguous,short,object,final,8,1,the,2.4606616497039795
critical,3,unambiguous,short,object,final,8,2,politician,15.514266967773438
critical,3,unambiguous,short,object,final,8,3,signed,11.374381065368652
critical,3,unambiguous,short,object,final,8,4,the,1.0314445495605469
critical,3,unambiguous,short,object,final,8,5,legislation,6.957248687744141
critical,3,unambiguous,short,object,final,8,6,the,6.831593990325928
critical,3,unambiguous,short,object,final,8,7,bill,6.292593479156494
critical,3,unambiguous,short,object,final,8,8,passed.,8.74527359008789
critical,3,ambiguous,long,,nonfinal,8,0,After,18.587234497070312
critical,3,ambiguous,long,,nonfinal,8,1,the,2.4606616497039795
critical,3,ambiguous,long,,nonfinal,8,2,politician,15.514266967773438
critical,3,ambiguous,long,,nonfinal,8,3,signed,11.374381065368652
critical,3,ambiguous,long,,nonfinal,8,4,the,1.0314445495605469
critical,3,ambiguous,long,,nonfinal,8,5,bill,2.537280559539795
critical,3,ambiguous,long,,nonfinal,8,6,increasing,15.277056694030762
critical,3,ambiguous,long,,nonfinal,8,7,taxes,2.393632411956787
critical,3,ambiguous,long,,nonfinal,8,8,passed,14.405972480773926
critical,3,ambiguous,long,,nonfinal,8,9,unanimously,9.56049633026123
critical,3,ambiguous,long,,nonfinal,8,10,without,9.032812118530272
critical,3,ambiguous,long,,nonfinal,8,11,amendments.,10.8450608253479
critical,3,ambiguous,short,,nonfinal,6,0,After,18.587234497070312
critical,3,ambiguous,short,,nonfinal,6,1,the,2.4606616497039795
critical,3,ambiguous,short,,nonfinal,6,2,politician,15.514266967773438
critical,3,ambiguous,short,,nonfinal,6,3,signed,11.374381065368652
critical,3,ambiguous,short,,nonfinal,6,4,the,1.0314445495605469
critical,3,ambiguous,short,,nonfinal,6,5,bill,2.537280559539795
critical,3,ambiguous,short,,nonfinal,6,6,passed,10.654038429260254
critical,3,ambiguous,short,,nonfinal,6,7,unanimously,8.917044639587402
critical,3,ambiguous,short,,nonfinal,6,8,without,8.240668296813965
critical,3,ambiguous,short,,nonfinal,6,9,amendments.,9.628353595733644
critical,3,unambiguous,long,comma,nonfinal,8,0,After,18.587234497070312
critical,3,unambiguous,long,comma,nonfinal,8,1,the,2.4606616497039795
critical,3,unambiguous,long,comma,nonfinal,8,2,politician,15.514266967773438
critical,3,unambiguous,long,comma,nonfinal,8,3,"signed,",16.177432537078857
critical,3,unambiguous,long,comma,nonfinal,8,4,the,1.9405256509780884
critical,3,unambiguous,long,comma,nonfinal,8,5,bill,9.338485717773438
critical,3,unambiguous,long,comma,nonfinal,8,6,increasing,20.03802490234375
critical,3,unambiguous,long,comma,nonfinal,8,7,taxes,3.5384178161621094
critical,3,unambiguous,long,comma,nonfinal,8,8,passed,6.704406261444092
critical,3,unambiguous,long,comma,nonfinal,8,9,unanimously,7.036192417144775
critical,3,unambiguous,long,comma,nonfinal,8,10,without,8.725329399108887
critical,3,unambiguous,long,comma,nonfinal,8,11,amendments.,7.974023461341858
critical,3,unambiguous,short,comma,nonfinal,6,0,After,18.587234497070312
critical,3,unambiguous,short,comma,nonfinal,6,1,the,2.4606616497039795
critical,3,unambiguous,short,comma,nonfinal,6,2,politician,15.514266967773438
critical,3,unambiguous,short,comma,nonfinal,6,3,"signed,",16.177432537078857
critical,3,unambiguous,short,comma,nonfinal,6,4,the,1.9405256509780884
critical,3,unambiguous,short,comma,nonfinal,6,5,bill,9.338485717773438
critical,3,unambiguous,short,comma,nonfinal,6,6,passed,4.108734130859375
critical,3,unambiguous,short,comma,nonfinal,6,7,unanimously,4.985677719116211
critical,3,unambiguous,short,comma,nonfinal,6,8,without,8.172296524047852
critical,3,unambiguous,short,comma,nonfinal,6,9,amendments.,6.569786548614502
critical,3,unambiguous,long,object,nonfinal,10,0,After,18.587234497070312
critical,3,unambiguous,long,object,nonfinal,10,1,the,2.4606616497039795
critical,3,unambiguous,long,object,nonfinal,10,2,politician,15.514266967773438
critical,3,unambiguous,long,object,nonfinal,10,3,signed,11.374381065368652
critical,3,unambiguous,long,object,nonfinal,10,4,the,1.0314445495605469
critical,3,unambiguous,long,object,nonfinal,10,5,legislation,6.957248687744141
critical,3,unambiguous,long,object,nonfinal,10,6,the,6.831593990325928
critical,3,unambiguous,long,object,nonfinal,10,7,bill,6.292593479156494
critical,3,unambiguous,long,object,nonfinal,10,8,increasing,20.589126586914062
critical,3,unambiguous,long,object,nonfinal,10,9,taxes,2.822571039199829
critical,3,unambiguous,long,object,nonfinal,10,10,passed,6.056562900543213
critical,3,unambiguous,long,object,nonfinal,10,11,unanimously,6.945135593414307
critical,3,unambiguous,long,object,nonfinal,10,12,without,8.13991641998291
critical,3,unambiguous,long,object,nonfinal,10,13,amendments.,7.567305088043213
critical,3,unambiguous,short,object,nonfinal,8,0,After,18.587234497070312
critical,3,unambiguous,short,object,nonfinal,8,1,the,2.4606616497039795
critical,3,unambiguous,short,object,nonfinal,8,2,politician,15.514266967773438
critical,3,unambiguous,short,object,nonfinal,8,3,signed,11.374381065368652
critical,3,unambiguous,short,object,nonfinal,8,4,the,1.0314445495605469
critical,3,unambiguous,short,object,nonfinal,8,5,legislation,6.957248687744141
critical,3,unambiguous,short,object,nonfinal,8,6,the,6.831593990325928
critical,3,unambiguous,short,object,nonfinal,8,7,bill,6.292593479156494
critical,3,unambiguous,short,object,nonfinal,8,8,passed,4.738812446594238
critical,3,unambiguous,short,object,nonfinal,8,9,unanimously,6.067126750946045
critical,3,unambiguous,short,object,nonfinal,8,10,without,8.222773551940918
critical,3,unambiguous,short,object,nonfinal,8,11,amendments.,6.557827830314636
critical,4,ambiguous,long,,final,11,0,When,17.556135177612305
critical,4,ambiguous,long,,final,11,1,the,3.614125967025757
critical,4,ambiguous,long,,final,11,2,original,11.740023612976074
critical,4,ambiguous,long,,final,11,3,members,12.041090965270996
critical,4,ambiguous,long,,final,11,4,left,12.959875106811523
critical,4,ambiguous,long,,final,11,5,the,1.860943078994751
critical,4,ambiguous,long,,final,11,6,company,9.227950096130373
critical,4,ambiguous,long,,final,11,7,that,8.14915657043457
critical,4,ambiguous,long,,final,11,8,was,4.021100044250488
critical,4,ambiguous,long,,final,11,9,recently,12.681341171264648
critical,4,ambiguous,long,,final,11,10,acquired,8.435709953308105
critical,4,ambiguous,long,,final,11,11,failed.,25.45403385162353
critical,4,ambiguous,short,,final,7,0,When,17.556135177612305
critical,4,ambiguous,short,,final,7,1,the,3.614125967025757
critical,4,ambiguous,short,,final,7,2,original,11.740023612976074
critical,4,ambiguous,short,,final,7,3,members,12.041090965270996
critical,4,ambiguous,short,,final,7,4,left,12.959875106811523
critical,4,ambiguous,short,,final,7,5,the,1.860943078994751
critical,4,ambiguous,short,,final,7,6,company,9.227950096130373
critical,4,ambiguous,short,,final,7,7,failed.,21.751880645751957
critical,4,unambiguous,long,comma,final,11,0,When,17.556135177612305
critical,4,unambiguous,long,comma,final,11,1,the,3.614125967025757
critical,4,unambiguous,long,comma,final,11,2,original,11.740023612976074
critical,4,unambiguous,long,comma,final,11,3,members,12.041090965270996
critical,4,unambiguous,long,comma,final,11,4,"left,",16.632764101028442
critical,4,unambiguous,long,comma,final,11,5,the,2.994663715362549
critical,4,unambiguous,long,comma,final,11,6,company,9.151379585266112
critical,4,unambiguous,long,comma,final,11,7,that,7.007547378540039
critical,4,unambiguous,long,comma,final,11,8,was,3.048834085464477
critical,4,unambiguous,long,comma,final,11,9,recently,10.824986457824709
critical,4,unambiguous,long,comma,final,11,10,acquired,2.042452096939087
critical,4,unambiguous,long,comma,final,11,11,failed.,13.933298110961914
critical,4,unambiguous,short,comma,final,7,0,When,17.556135177612305
critical,4,unambiguous,short,comma,final,7,1,the,3.614125967025757
critical,4,unambiguous,short,comma,final,7,2,original,11.740023612976074
critical,4,unambiguous,short,comma,final,7,3,members,12.041090965270996
critical,4,unambiguous,short,comma,final,7,4,"left,",16.632764101028442
critical,4,unambiguous,short,comma,final,7,5,the,2.994663715362549
critical,4,unambiguous,short,comma,final,7,6,company,9.151379585266112
critical,4,unambiguous,short,comma,final,7,7,failed.,14.170398712158203
critical,4,unambiguous,long,object,final,14,0,When,17.556135177612305
critical,4,unambiguous,long,object,final,14,1,the,3.614125967025757
critical,4,unambiguous,long,object,final,14,2,original,11.740023612976074
critical,4,unambiguous,long,object,final,14,3,members,12.041090965270996
critical,4,unambiguous,long,object,final,14,4,left,12.959875106811523
critical,4,unambiguous,long,object,final,14,5,the,1.860943078994751
critical,4,unambiguous,long,object,final,14,6,engineering,16.95020294189453
critical,4,unambiguous,long,object,final,14,7,team,5.349628925323486
critical,4,unambiguous,long,object,final,14,8,the,4.1628851890563965
critical,4,unambiguous,long,object,final,14,9,company,5.344059467315674
critical,4,unambiguous,long,object,final,14,10,that,6.501753330230713
critical,4,unambiguous,long,object,final,14,11,was,4.137162208557129
critical,4,unambiguous,long,object,final,14,12,recently,13.853239059448242
critical,4,unambiguous,long,object,final,14,13,acquired,9.138667106628418
critical,4,unambiguous,long,object,final,14,14,failed.,18.444295406341556
critical,4,unambiguous,short,object,final,10,0,When,17.556135177612305
critical,4,unambiguous,short,object,final,10,1,the,3.614125967025757
critical,4,unambiguous,short,object,final,10,2,original,11.740023612976074
critical,4,unambiguous,short,object,final,10,3,members,12.041090965270996
critical,4,unambiguous,short,object,final,10,4,left,12.959875106811523
critical,4,unambiguous,short,object,final,10,5,the,1.860943078994751
critical,4,unambiguous,short,object,final,10,6,engineering,16.950204849243164
critical,4,unambiguous,short,object,final,10,7,team,5.349628925323486
critical,4,unambiguous,short,object,final,10,8,the,4.1628851890563965
critical,4,unambiguous,short,object,final,10,9,company,5.344059467315674
critical,4,unambiguous,short,object,final,10,10,failed.,16.38825273513794
critical,4,ambiguous,long,,nonfinal,11,0,When,17.556135177612305
critical,4,ambiguous,long,,nonfinal,11,1,the,3.614125967025757
critical,4,ambiguous,long,,nonfinal,11,2,original,11.740023612976074
critical,4,ambiguous,long,,nonfinal,11,3,members,12.041090965270996
critical,4,ambiguous,long,,nonfinal,11,4,left,12.959875106811523
critical,4,ambiguous,long,,nonfinal,11,5,the,1.860943078994751
critical,4,ambiguous,long,,nonfinal,11,6,company,9.227950096130373
critical,4,ambiguous,long,,nonfinal,11,7,that,8.14915657043457
critical,4,ambiguous,long,,nonfinal,11,8,was,4.021100044250488
critical,4,ambiguous,long,,nonfinal,11,9,recently,12.681341171264648
critical,4,ambiguous,long,,nonfinal,11,10,acquired,8.435709953308105
critical,4,ambiguous,long,,nonfinal,11,11,failed,18.93239402770996
critical,4,ambiguous,long,,nonfinal,11,12,to,1.616636872291565
critical,4,ambiguous,long,,nonfinal,11,13,create,7.250136375427246
critical,4,ambiguous,long,,nonfinal,11,14,a,3.316868305206299
critical,4,ambiguous,long,,nonfinal,11,15,successful,7.008357524871826
critical,4,ambiguous,long,,nonfinal,11,16,product.,10.980937957763672
critical,4,ambiguous,short,,nonfinal,7,0,When,17.556135177612305
critical,4,ambiguous,short,,nonfinal,7,1,the,3.614125967025757
critical,4,ambiguous,short,,nonfinal,7,2,original,11.740023612976074
critical,4,ambiguous,short,,nonfinal,7,3,members,12.041090965270996
critical,4,ambiguous,short,,nonfinal,7,4,left,12.959875106811523
critical,4,ambiguous,short,,nonfinal,7,5,the,1.860943078994751
critical,4,ambiguous,short,,nonfinal,7,6,company,9.227948188781738
critical,4,ambiguous,short,,nonfinal,7,7,failed,14.69735622406006
critical,4,ambiguous,short,,nonfinal,7,8,to,1.4621139764785769
critical,4,ambiguous,short,,nonfinal,7,9,create,6.795804977416992
critical,4,ambiguous,short,,nonfinal,7,10,a,4.768283367156982
critical,4,ambiguous,short,,nonfinal,7,11,successful,6.496948719024658
critical,4,ambiguous,short,,nonfinal,7,12,product.,9.227821111679075
critical,4,unambiguous,long,comma,nonfinal,11,0,When,17.556135177612305
critical,4,unambiguous,long,comma,nonfinal,11,1,the,3.614125967025757
critical,4,unambiguous,long,comma,nonfinal,11,2,original,11.740023612976074
critical,4,unambiguous,long,comma,nonfinal,11,3,members,12.041090965270996
critical,4,unambiguous,long,comma,nonfinal,11,4,"left,",16.632764101028442
critical,4,unambiguous,long,comma,nonfinal,11,5,the,2.994663715362549
critical,4,unambiguous,long,comma,nonfinal,11,6,company,9.151379585266112
critical,4,unambiguous,long,comma,nonfinal,11,7,that,7.007547378540039
critical,4,unambiguous,long,comma,nonfinal,11,8,was,3.048834085464477
critical,4,unambiguous,long,comma,nonfinal,11,9,recently,10.824986457824709
critical,4,unambiguous,long,comma,nonfinal,11,10,acquired,2.042452096939087
critical,4,unambiguous,long,comma,nonfinal,11,11,failed,10.579636573791504
critical,4,unambiguous,long,comma,nonfinal,11,12,to,0.7549130320549011
critical,4,unambiguous,long,comma,nonfinal,11,13,create,8.663320541381836
critical,4,unambiguous,long,comma,nonfinal,11,14,a,1.704348087310791
critical,4,unambiguous,long,comma,nonfinal,11,15,successful,4.1095075607299805
critical,4,unambiguous,long,comma,nonfinal,11,16,product.,3.576223611831665
critical,4,unambiguous,short,comma,nonfinal,7,0,When,17.556135177612305
critical,4,unambiguous,short,comma,nonfinal,7,1,the,3.614125967025757
critical,4,unambiguous,short,comma,nonfinal,7,2,original,11.740023612976074
critical,4,unambiguous,short,comma,nonfinal,7,3,members,12.041090965270996
critical,4,unambiguous,short,comma,nonfinal,7,4,"left,",16.632764101028442
critical,4,unambiguous,short,comma,nonfinal,7,5,the,2.994663715362549
critical,4,unambiguous,short,comma,nonfinal,7,6,company,9.151379585266112
critical,4,unambiguous,short,comma,nonfinal,7,7,failed,10.49985694885254
critical,4,unambiguous,short,comma,nonfinal,7,8,to,0.6713156700134277
critical,4,unambiguous,short,comma,nonfinal,7,9,create,8.150729179382324
critical,4,unambiguous,short,comma,nonfinal,7,10,a,1.3296295404434204
critical,4,unambiguous,short,comma,nonfinal,7,11,successful,5.616658687591553
critical,4,unambiguous,short,comma,nonfinal,7,12,product.,4.021997094154358
critical,4,unambiguous,long,object,nonfinal,14,0,When,17.556135177612305
critical,4,unambiguous,long,object,nonfinal,14,1,the,3.614125967025757
critical,4,unambiguous,long,object,nonfinal,14,2,original,11.740023612976074
critical,4,unambiguous,long,object,nonfinal,14,3,members,12.041090965270996
critical,4,unambiguous,long,object,nonfinal,14,4,left,12.959875106811523
critical,4,unambiguous,long,object,nonfinal,14,5,the,1.860943078994751
critical,4,unambiguous,long,object,nonfinal,14,6,engineering,16.950204849243164
critical,4,unambiguous,long,object,nonfinal,14,7,team,5.349628925323486
critical,4,unambiguous,long,object,nonfinal,14,8,the,4.1628851890563965
critical,4,unambiguous,long,object,nonfinal,14,9,company,5.344059467315674
critical,4,unambiguous,long,object,nonfinal,14,10,that,6.501753330230713
critical,4,unambiguous,long,object,nonfinal,14,11,was,4.137162208557129
critical,4,unambiguous,long,object,nonfinal,14,12,recently,13.853239059448242
critical,4,unambiguous,long,object,nonfinal,14,13,acquired,9.138667106628418
critical,4,unambiguous,long,object,nonfinal,14,14,failed,12.890609741210938
critical,4,unambiguous,long,object,nonfinal,14,15,to,1.519941329956055
critical,4,unambiguous,long,object,nonfinal,14,16,create,4.739704132080078
critical,4,unambiguous,long,object,nonfinal,14,17,a,3.276968479156494
critical,4,unambiguous,long,object,nonfinal,14,18,successful,6.487397193908691
critical,4,unambiguous,long,object,nonfinal,14,19,product.,9.919312477111816
critical,4,unambiguous,short,object,nonfinal,10,0,When,17.556135177612305
critical,4,unambiguous,short,object,nonfinal,10,1,the,3.614125967025757
critical,4,unambiguous,short,object,nonfinal,10,2,original,11.740023612976074
critical,4,unambiguous,short,object,nonfinal,10,3,members,12.041090965270996
critical,4,unambiguous,short,object,nonfinal,10,4,left,12.959875106811523
critical,4,unambiguous,short,object,nonfinal,10,5,the,1.860943078994751
critical,4,unambiguous,short,object,nonfinal,10,6,engineering,16.95020294189453
critical,4,unambiguous,short,object,nonfinal,10,7,team,5.349628925323486
critical,4,unambiguous,short,object,nonfinal,10,8,the,4.1628851890563965
critical,4,unambiguous,short,object,nonfinal,10,9,company,5.344059467315674
critical,4,unambiguous,short,object,nonfinal,10,10,failed,12.328631401062012
critical,4,unambiguous,short,object,nonfinal,10,11,to,2.601687431335449
critical,4,unambiguous,short,object,nonfinal,10,12,create,5.098556518554688
critical,4,unambiguous,short,object,nonfinal,10,13,a,2.8988184928894043
critical,4,unambiguous,short,object,nonfinal,10,14,successful,3.909212350845337
critical,4,unambiguous,short,object,nonfinal,10,15,product.,7.58393669128418
critical,5,ambiguous,long,,final,8,0,As,19.040546417236328
critical,5,ambiguous,long,,final,8,1,the,3.442674398422241
critical,5,ambiguous,long,,final,8,2,child,7.546421051025391
critical,5,ambiguous,long,,final,8,3,showered,18.99641501903534
critical,5,ambiguous,long,,final,8,4,the,4.051383018493652
critical,5,ambiguous,long,,final,8,5,cat,7.300045490264893
critical,5,ambiguous,long,,final,8,6,complaining,18.752405166625977
critical,5,ambiguous,long,,final,8,7,loudly,7.754289150238037
critical,5,ambiguous,long,,final,8,8,ran.,21.60509967803955
critical,5,ambiguous,short,,final,6,0,As,19.040546417236328
critical,5,ambiguous,short,,final,6,1,the,3.442674398422241
critical,5,ambiguous,short,,final,6,2,child,7.546421051025391
critical,5,ambiguous,short,,final,6,3,showered,18.99641501903534
critical,5,ambiguous,short,,final,6,4,the,4.051383018493652
critical,5,ambiguous,short,,final,6,5,cat,7.300045490264893
critical,5,ambiguous,short,,final,6,6,ran.,17.853586673736572
critical,5,unambiguous,long,comma,final,8,0,As,19.040546417236328
critical,5,unambiguous,long,comma,final,8,1,the,3.442674398422241
critical,5,unambiguous,long,comma,final,8,2,child,7.546421051025391
critical,5,unambiguous,long,comma,final,8,3,"showered,",21.75216042995453
critical,5,unambiguous,long,comma,final,8,4,the,2.410211563110352
critical,5,unambiguous,long,comma,final,8,5,cat,8.927680015563965
critical,5,unambiguous,long,comma,final,8,6,complaining,20.657197952270508
critical,5,unambiguous,long,comma,final,8,7,loudly,6.364383220672607
critical,5,unambiguous,long,comma,final,8,8,ran.,18.04491424560547
critical,5,unambiguous,short,comma,final,6,0,As,19.040546417236328
critical,5,unambiguous,short,comma,final,6,1,the,3.442674398422241
critical,5,unambiguous,short,comma,final,6,2,child,7.546421051025391
critical,5,unambiguous,short,comma,final,6,3,"showered,",21.75216042995453
critical,5,unambiguous,short,comma,final,6,4,the,2.410211563110352
critical,5,unambiguous,short,comma,final,6,5,cat,8.927680015563965
critical,5,unambiguous,short,comma,final,6,6,ran.,12.507085800170898
critical,5,unambiguous,long,object,final,9,0,As,19.040546417236328
critical,5,unambiguous,long,object,final,9,1,the,3.442674398422241
critical,5,unambiguous,long,object,final,9,2,child,7.546421051025391
critical,5,unambiguous,long,object,final,9,3,showered,18.99641501903534
critical,5,unambiguous,long,object,final,9,4,herself,8.794665336608887
critical,5,unambiguous,long,object,final,9,5,the,8.177323341369629
critical,5,unambiguous,long,object,final,9,6,cat,9.247199058532717
critical,5,unambiguous,long,object,final,9,7,complaining,18.288705825805664
critical,5,unambiguous,long,object,final,9,8,loudly,6.406898498535156
critical,5,unambiguous,long,object,final,9,9,ran.,20.44815349578857
critical,5,unambiguous,short,object,final,7,0,As,19.040546417236328
critical,5,unambiguous,short,object,final,7,1,the,3.442674398422241
critical,5,unambiguous,short,object,final,7,2,child,7.546421051025391
critical,5,unambiguous,short,object,final,7,3,showered,18.99641501903534
critical,5,unambiguous,short,object,final,7,4,herself,8.794665336608887
critical,5,unambiguous,short,object,final,7,5,the,8.177323341369629
critical,5,unambiguous,short,object,final,7,6,cat,9.247199058532717
critical,5,unambiguous,short,object,final,7,7,ran.,14.683361530303957
critical,5,ambiguous,long,,nonfinal,8,0,As,19.040546417236328
critical,5,ambiguous,long,,nonfinal,8,1,the,3.442674398422241
critical,5,ambiguous,long,,nonfinal,8,2,child,7.546421051025391
critical,5,ambiguous,long,,nonfinal,8,3,showered,18.99641501903534
critical,5,ambiguous,long,,nonfinal,8,4,the,4.051383018493652
critical,5,ambiguous,long,,nonfinal,8,5,cat,7.300045490264893
critical,5,ambiguous,long,,nonfinal,8,6,complaining,18.752405166625977
critical,5,ambiguous,long,,nonfinal,8,7,loudly,7.754289150238037
critical,5,ambiguous,long,,nonfinal,8,8,ran,14.622981071472168
critical,5,ambiguous,long,,nonfinal,8,9,around,4.021697521209717
critical,5,ambiguous,long,,nonfinal,8,10,the,1.0463424921035769
critical,5,ambiguous,long,,nonfinal,8,11,bathroom.,9.286688804626465
critical,5,ambiguous,short,,nonfinal,6,0,As,19.040546417236328
critical,5,ambiguous,short,,nonfinal,6,1,the,3.442674398422241
critical,5,ambiguous,short,,nonfinal,6,2,child,7.546421051025391
critical,5,ambiguous,short,,nonfinal,6,3,showered,18.99641501903534
critical,5,ambiguous,short,,nonfinal,6,4,the,4.051383018493652
critical,5,ambiguous,short,,nonfinal,6,5,cat,7.300045490264893
critical,5,ambiguous,short,,nonfinal,6,6,ran,10.394615173339844
critical,5,ambiguous,short,,nonfinal,6,7,around,3.85749101638794
critical,5,ambiguous,short,,nonfinal,6,8,the,1.5869760513305664
critical,5,ambiguous,short,,nonfinal,6,9,bathroom.,9.362709283828735
critical,5,unambiguous,long,comma,nonfinal,8,0,As,19.040546417236328
critical,5,unambiguous,long,comma,nonfinal,8,1,the,3.442674398422241
critical,5,unambiguous,long,comma,nonfinal,8,2,child,7.546421051025391
critical,5,unambiguous,long,comma,nonfinal,8,3,"showered,",21.75216042995453
critical,5,unambiguous,long,comma,nonfinal,8,4,the,2.410211563110352
critical,5,unambiguous,long,comma,nonfinal,8,5,cat,8.927680015563965
critical,5,unambiguous,long,comma,nonfinal,8,6,complaining,20.657197952270508
critical,5,unambiguous,long,comma,nonfinal,8,7,loudly,6.364383220672607
critical,5,unambiguous,long,comma,nonfinal,8,8,ran,13.436519622802734
critical,5,unambiguous,long,comma,nonfinal,8,9,around,2.9826083183288574
critical,5,unambiguous,long,comma,nonfinal,8,10,the,0.8317933678627014
critical,5,unambiguous,long,comma,nonfinal,8,11,bathroom.,6.568002223968506
critical,5,unambiguous,short,comma,nonfinal,6,0,As,19.040546417236328
critical,5,unambiguous,short,comma,nonfinal,6,1,the,3.442674398422241
critical,5,unambiguous,short,comma,nonfinal,6,2,child,7.546421051025391
critical,5,unambiguous,short,comma,nonfinal,6,3,"showered,",21.75216042995453
critical,5,unambiguous,short,comma,nonfinal,6,4,the,2.410211563110352
critical,5,unambiguous,short,comma,nonfinal,6,5,cat,8.927680015563965
critical,5,unambiguous,short,comma,nonfinal,6,6,ran,6.1429877281188965
critical,5,unambiguous,short,comma,nonfinal,6,7,around,3.0686354637146
critical,5,unambiguous,short,comma,nonfinal,6,8,the,1.2880756855010986
critical,5,unambiguous,short,comma,nonfinal,6,9,bathroom.,7.835694789886475
critical,5,unambiguous,long,object,nonfinal,9,0,As,19.040546417236328
critical,5,unambiguous,long,object,nonfinal,9,1,the,3.442674398422241
critical,5,unambiguous,long,object,nonfinal,9,2,child,7.546421051025391
critical,5,unambiguous,long,object,nonfinal,9,3,showered,18.99641501903534
critical,5,unambiguous,long,object,nonfinal,9,4,herself,8.794665336608887
critical,5,unambiguous,long,object,nonfinal,9,5,the,8.177323341369629
critical,5,unambiguous,long,object,nonfinal,9,6,cat,9.247199058532717
critical,5,unambiguous,long,object,nonfinal,9,7,complaining,18.288705825805664
critical,5,unambiguous,long,object,nonfinal,9,8,loudly,6.406898498535156
critical,5,unambiguous,long,object,nonfinal,9,9,ran,12.002508163452148
critical,5,unambiguous,long,object,nonfinal,9,10,around,4.127842426300049
critical,5,unambiguous,long,object,nonfinal,9,11,the,1.0664492845535278
critical,5,unambiguous,long,object,nonfinal,9,12,bathroom.,7.489580154418945
critical,5,unambiguous,short,object,nonfinal,7,0,As,19.040546417236328
critical,5,unambiguous,short,object,nonfinal,7,1,the,3.442674398422241
critical,5,unambiguous,short,object,nonfinal,7,2,child,7.546421051025391
critical,5,unambiguous,short,object,nonfinal,7,3,showered,18.99641501903534
critical,5,unambiguous,short,object,nonfinal,7,4,herself,8.794665336608887
critical,5,unambiguous,short,object,nonfinal,7,5,the,8.177323341369629
critical,5,unambiguous,short,object,nonfinal,7,6,cat,9.247199058532717
critical,5,unambiguous,short,object,nonfinal,7,7,ran,6.634104251861572
critical,5,unambiguous,short,object,nonfinal,7,8,around,3.731272220611572
critical,5,unambiguous,short,object,nonfinal,7,9,the,1.8070148229599
critical,5,unambiguous,short,object,nonfinal,7,10,bathroom.,7.720650672912598
critical,6,ambiguous,long,,final,8,0,When,17.556135177612305
critical,6,ambiguous,long,,final,8,1,the,3.614125967025757
critical,6,ambiguous,long,,final,8,2,boy,11.219520568847656
critical,6,ambiguous,long,,final,8,3,hid,16.654918670654297
critical,6,ambiguous,long,,final,8,4,his,5.763954639434815
critical,6,ambiguous,long,,final,8,5,toy,15.20295238494873
critical,6,ambiguous,long,,final,8,6,from,8.531767845153809
critical,6,ambiguous,long,,final,8,7,childhood,17.126192092895508
critical,6,ambiguous,long,,final,8,8,fell.,22.45348358154297
critical,6,ambiguous,short,,final,6,0,When,17.556135177612305
critical,6,ambiguous,short,,final,6,1,the,3.614125967025757
critical,6,ambiguous,short,,final,6,2,boy,11.219520568847656
critical,6,ambiguous,short,,final,6,3,hid,16.65492057800293
critical,6,ambiguous,short,,final,6,4,his,5.763954639434815
critical,6,ambiguous,short,,final,6,5,toy,15.20295238494873
critical,6,ambiguous,short,,final,6,6,fell.,24.11223125457764
critical,6,unambiguous,long,comma,final,8,0,When,17.556135177612305
critical,6,unambiguous,long,comma,final,8,1,the,3.614125967025757
critical,6,unambiguous,long,comma,final,8,2,boy,11.219520568847656
critical,6,unambiguous,long,comma,final,8,3,"hid,",21.628855228424072
critical,6,unambiguous,long,comma,final,8,4,his,6.422268390655518
critical,6,unambiguous,long,comma,final,8,5,toy,10.90593433380127
critical,6,unambiguous,long,comma,final,8,6,from,9.54197597503662
critical,6,unambiguous,long,comma,final,8,7,childhood,14.635209083557127
critical,6,unambiguous,long,comma,final,8,8,fell.,13.65949010848999
critical,6,unambiguous,short,comma,final,6,0,When,17.556135177612305
critical,6,unambiguous,short,comma,final,6,1,the,3.614125967025757
critical,6,unambiguous,short,comma,final,6,2,boy,11.219520568847656
critical,6,unambiguous,short,comma,final,6,3,"hid,",21.628855228424072
critical,6,unambiguous,short,comma,final,6,4,his,6.422268390655518
critical,6,unambiguous,short,comma,final,6,5,toy,10.90593433380127
critical,6,unambiguous,short,comma,final,6,6,fell.,10.857223510742188
critical,6,unambiguous,long,object,final,9,0,When,17.556135177612305
critical,6,unambiguous,long,object,final,9,1,the,3.614125967025757
critical,6,unambiguous,long,object,final,9,2,boy,11.219520568847656
critical,6,unambiguous,long,object,final,9,3,hid,16.654918670654297
critical,6,unambiguous,long,object,final,9,4,himself,10.351078033447266
critical,6,unambiguous,long,object,final,9,5,his,7.315769195556641
critical,6,unambiguous,long,object,final,9,6,toy,18.17756462097168
critical,6,unambiguous,long,object,final,9,7,from,10.157842636108398
critical,6,unambiguous,long,object,final,9,8,childhood,15.015960693359377
critical,6,unambiguous,long,object,final,9,9,fell.,20.20722484588623
critical,6,unambiguous,short,object,final,7,0,When,17.556135177612305
critical,6,unambiguous,short,object,final,7,1,the,3.614125967025757
critical,6,unambiguous,short,object,final,7,2,boy,11.219520568847656
critical,6,unambiguous,short,object,final,7,3,hid,16.654918670654297
critical,6,unambiguous,short,object,final,7,4,himself,10.351078033447266
critical,6,unambiguous,short,object,final,7,5,his,7.315769195556641
critical,6,unambiguous,short,object,final,7,6,toy,18.17756462097168
critical,6,unambiguous,short,object,final,7,7,fell.,17.60086154937744
critical,6,ambiguous,long,,nonfinal,8,0,When,17.556135177612305
critical,6,ambiguous,long,,nonfinal,8,1,the,3.614125967025757
critical,6,ambiguous,long,,nonfinal,8,2,boy,11.219520568847656
critical,6,ambiguous,long,,nonfinal,8,3,hid,16.654918670654297
critical,6,ambiguous,long,,nonfinal,8,4,his,5.763954639434815
critical,6,ambiguous,long,,nonfinal,8,5,toy,15.20295238494873
critical,6,ambiguous,long,,nonfinal,8,6,from,8.531767845153809
critical,6,ambiguous,long,,nonfinal,8,7,childhood,17.126192092895508
critical,6,ambiguous,long,,nonfinal,8,8,fell,13.489309310913086
critical,6,ambiguous,long,,nonfinal,8,9,off,9.94983196258545
critical,6,ambiguous,long,,nonfinal,8,10,the,5.8851704597473145
critical,6,ambiguous,long,,nonfinal,8,11,table.,13.64506769180298
critical,6,ambiguous,short,,nonfinal,6,0,When,17.556135177612305
critical,6,ambiguous,short,,nonfinal,6,1,the,3.614125967025757
critical,6,ambiguous,short,,nonfinal,6,2,boy,11.219520568847656
critical,6,ambiguous,short,,nonfinal,6,3,hid,16.654918670654297
critical,6,ambiguous,short,,nonfinal,6,4,his,5.763954639434815
critical,6,ambiguous,short,,nonfinal,6,5,toy,15.20295238494873
critical,6,ambiguous,short,,nonfinal,6,6,fell,13.190464973449709
critical,6,ambiguous,short,,nonfinal,6,7,off,7.49587345123291
critical,6,ambiguous,short,,nonfinal,6,8,the,5.355927467346191
critical,6,ambiguous,short,,nonfinal,6,9,table.,16.674818515777588
critical,6,unambiguous,long,comma,nonfinal,8,0,When,17.556135177612305
critical,6,unambiguous,long,comma,nonfinal,8,1,the,3.614125967025757
critical,6,unambiguous,long,comma,nonfinal,8,2,boy,11.219520568847656
critical,6,unambiguous,long,comma,nonfinal,8,3,"hid,",21.628857135772705
critical,6,unambiguous,long,comma,nonfinal,8,4,his,6.422268390655518
critical,6,unambiguous,long,comma,nonfinal,8,5,toy,10.90593433380127
critical,6,unambiguous,long,comma,nonfinal,8,6,from,9.54197597503662
critical,6,unambiguous,long,comma,nonfinal,8,7,childhood,14.635209083557127
critical,6,unambiguous,long,comma,nonfinal,8,8,fell,8.042806625366211
critical,6,unambiguous,long,comma,nonfinal,8,9,off,7.108292102813721
critical,6,unambiguous,long,comma,nonfinal,8,10,the,2.341517686843872
critical,6,unambiguous,long,comma,nonfinal,8,11,table.,6.898104429244995
critical,6,unambiguous,short,comma,nonfinal,6,0,When,17.556135177612305
critical,6,unambiguous,short,comma,nonfinal,6,1,the,3.614125967025757
critical,6,unambiguous,short,comma,nonfinal,6,2,boy,11.219520568847656
critical,6,unambiguous,short,comma,nonfinal,6,3,"hid,",21.628855228424072
critical,6,unambiguous,short,comma,nonfinal,6,4,his,6.422268390655518
critical,6,unambiguous,short,comma,nonfinal,6,5,toy,10.90593433380127
critical,6,unambiguous,short,comma,nonfinal,6,6,fell,6.516411781311035
critical,6,unambiguous,short,comma,nonfinal,6,7,off,2.5281944274902344
critical,6,unambiguous,short,comma,nonfinal,6,8,the,1.5391154289245603
critical,6,unambiguous,short,comma,nonfinal,6,9,table.,4.723559617996216
critical,6,unambiguous,long,object,nonfinal,9,0,When,17.556135177612305
critical,6,unambiguous,long,object,nonfinal,9,1,the,3.614125967025757
critical,6,unambiguous,long,object,nonfinal,9,2,boy,11.219520568847656
critical,6,unambiguous,long,object,nonfinal,9,3,hid,16.65492057800293
critical,6,unambiguous,long,object,nonfinal,9,4,himself,10.351078033447266
critical,6,unambiguous,long,object,nonfinal,9,5,his,7.315769195556641
critical,6,unambiguous,long,object,nonfinal,9,6,toy,18.17756462097168
critical,6,unambiguous,long,object,nonfinal,9,7,from,10.157842636108398
critical,6,unambiguous,long,object,nonfinal,9,8,childhood,15.015960693359377
critical,6,unambiguous,long,object,nonfinal,9,9,fell,11.032227516174316
critical,6,unambiguous,long,object,nonfinal,9,10,off,9.067986488342283
critical,6,unambiguous,long,object,nonfinal,9,11,the,5.99381685256958
critical,6,unambiguous,long,object,nonfinal,9,12,table.,14.649194240570068
critical,6,unambiguous,short,object,nonfinal,7,0,When,17.556135177612305
critical,6,unambiguous,short,object,nonfinal,7,1,the,3.614125967025757
critical,6,unambiguous,short,object,nonfinal,7,2,boy,11.219520568847656
critical,6,unambiguous,short,object,nonfinal,7,3,hid,16.654918670654297
critical,6,unambiguous,short,object,nonfinal,7,4,himself,10.351078033447266
critical,6,unambiguous,short,object,nonfinal,7,5,his,7.315769195556641
critical,6,unambiguous,short,object,nonfinal,7,6,toy,18.17756462097168
critical,6,unambiguous,short,object,nonfinal,7,7,fell,9.192549705505373
critical,6,unambiguous,short,object,nonfinal,7,8,off,4.514376640319824
critical,6,unambiguous,short,object,nonfinal,7,9,the,6.1623406410217285
critical,6,unambiguous,short,object,nonfinal,7,10,table.,13.477191925048828
critical,7,ambiguous,long,,final,12,0,Whenever,23.27639389038086
critical,7,ambiguous,long,,final,12,1,the,3.834100008010864
critical,7,ambiguous,long,,final,12,2,wildlife,16.5698299407959
critical,7,ambiguous,long,,final,12,3,documentary,10.75868034362793
critical,7,ambiguous,long,,final,12,4,crew,5.475047111511231
critical,7,ambiguous,long,,final,12,5,tries,10.774721145629885
critical,7,ambiguous,long,,final,12,6,to,0.1032501235604286
critical,7,ambiguous,long,,final,12,7,film,2.2858805656433105
critical,7,ambiguous,long,,final,12,8,the,1.8028982877731323
critical,7,ambiguous,long,,final,12,9,bear,8.596248626708984
critical,7,ambiguous,long,,final,12,10,hunting,7.066383361816406
critical,7,ambiguous,long,,final,12,11,cautiously,19.352439880371094
critical,7,ambiguous,long,,final,12,12,leaves.,21.80151081085205
critical,7,ambiguous,short,,final,10,0,Whenever,23.27639389038086
critical,7,ambiguous,short,,final,10,1,the,3.834100008010864
critical,7,ambiguous,short,,final,10,2,wildlife,16.5698299407959
critical,7,ambiguous,short,,final,10,3,documentary,10.75868320465088
critical,7,ambiguous,short,,final,10,4,crew,5.475047111511231
critical,7,ambiguous,short,,final,10,5,tries,10.774721145629885
critical,7,ambiguous,short,,final,10,6,to,0.1032501235604286
critical,7,ambiguous,short,,final,10,7,film,2.2858805656433105
critical,7,ambiguous,short,,final,10,8,the,1.8028982877731323
critical,7,ambiguous,short,,final,10,9,bear,8.596248626708984
critical,7,ambiguous,short,,final,10,10,leaves.,24.19892120361328
critical,7,unambiguous,long,comma,final,12,0,Whenever,23.27639389038086
critical,7,unambiguous,long,comma,final,12,1,the,3.834100008010864
critical,7,unambiguous,long,comma,final,12,2,wildlife,16.5698299407959
critical,7,unambiguous,long,comma,final,12,3,documentary,10.75868034362793
critical,7,unambiguous,long,comma,final,12,4,crew,5.475047111511231
critical,7,unambiguous,long,comma,final,12,5,tries,10.774721145629885
critical,7,unambiguous,long,comma,final,12,6,to,0.1032501235604286
critical,7,unambiguous,long,comma,final,12,7,"film,",8.647502422332764
critical,7,unambiguous,long,comma,final,12,8,the,2.144136667251587
critical,7,unambiguous,long,comma,final,12,9,bear,7.628395080566406
critical,7,unambiguous,long,comma,final,12,10,hunting,9.515869140625
critical,7,unambiguous,long,comma,final,12,11,cautiously,18.92409324645996
critical,7,unambiguous,long,comma,final,12,12,leaves.,13.827677488327026
critical,7,unambiguous,short,comma,final,10,0,Whenever,23.27639389038086
critical,7,unambiguous,short,comma,final,10,1,the,3.834100008010864
critical,7,unambiguous,short,comma,final,10,2,wildlife,16.5698299407959
critical,7,unambiguous,short,comma,final,10,3,documentary,10.75868320465088
critical,7,unambiguous,short,comma,final,10,4,crew,5.475047111511231
critical,7,unambiguous,short,comma,final,10,5,tries,10.774721145629885
critical,7,unambiguous,short,comma,final,10,6,to,0.1032501235604286
critical,7,unambiguous,short,comma,final,10,7,"film,",8.647502422332764
critical,7,unambiguous,short,comma,final,10,8,the,2.144136667251587
critical,7,unambiguous,short,comma,final,10,9,bear,7.628395080566406
critical,7,unambiguous,short,comma,final,10,10,leaves.,12.638474702835085
critical,7,unambiguous,long,object,final,14,0,Whenever,23.27639389038086
critical,7,unambiguous,long,object,final,14,1,the,3.834100008010864
critical,7,unambiguous,long,object,final,14,2,wildlife,16.5698299407959
critical,7,unambiguous,long,object,final,14,3,documentary,10.75868320465088
critical,7,unambiguous,long,object,final,14,4,crew,5.475047111511231
critical,7,unambiguous,long,object,final,14,5,tries,10.774721145629885
critical,7,unambiguous,long,object,final,14,6,to,0.1032501235604286
critical,7,unambiguous,long,object,final,14,7,film,2.2858805656433105
critical,7,unambiguous,long,object,final,14,8,a,2.2454631328582764
critical,7,unambiguous,long,object,final,14,9,scene,7.09679126739502
critical,7,unambiguous,long,object,final,14,10,the,8.298192977905273
critical,7,unambiguous,long,object,final,14,11,bear,7.224914073944092
critical,7,unambiguous,long,object,final,14,12,hunting,11.445640563964844
critical,7,unambiguous,long,object,final,14,13,cautiously,20.465511322021484
critical,7,unambiguous,long,object,final,14,14,leaves.,13.073577404022217
critical,7,unambiguous,short,object,final,12,0,Whenever,23.27639389038086
critical,7,unambiguous,short,object,final,12,1,the,3.834100008010864
critical,7,unambiguous,short,object,final,12,2,wildlife,16.5698299407959
critical,7,unambiguous,short,object,final,12,3,documentary,10.75868034362793
critical,7,unambiguous,short,object,final,12,4,crew,5.475047111511231
critical,7,unambiguous,short,object,final,12,5,tries,10.774721145629885
critical,7,unambiguous,short,object,final,12,6,to,0.1032501235604286
critical,7,unambiguous,short,object,final,12,7,film,2.2858805656433105
critical,7,unambiguous,short,object,final,12,8,a,2.2454631328582764
critical,7,unambiguous,short,object,final,12,9,scene,7.09679126739502
critical,7,unambiguous,short,object,final,12,10,the,8.298192977905273
critical,7,unambiguous,short,object,final,12,11,bear,7.224914073944092
critical,7,unambiguous,short,object,final,12,12,leaves.,11.87200164794922
critical,7,ambiguous,long,,nonfinal,12,0,Whenever,23.27639389038086
critical,7,ambiguous,long,,nonfinal,12,1,the,3.834100008010864
critical,7,ambiguous,long,,nonfinal,12,2,wildlife,16.5698299407959
critical,7,ambiguous,long,,nonfinal,12,3,documentary,10.75868320465088
critical,7,ambiguous,long,,nonfinal,12,4,crew,5.475047111511231
critical,7,ambiguous,long,,nonfinal,12,5,tries,10.774721145629885
critical,7,ambiguous,long,,nonfinal,12,6,to,0.1032501235604286
critical,7,ambiguous,long,,nonfinal,12,7,film,2.2858805656433105
critical,7,ambiguous,long,,nonfinal,12,8,the,1.8028982877731323
critical,7,ambiguous,long,,nonfinal,12,9,bear,8.596248626708984
critical,7,ambiguous,long,,nonfinal,12,10,hunting,7.066383361816406
critical,7,ambiguous,long,,nonfinal,12,11,cautiously,19.352439880371094
critical,7,ambiguous,long,,nonfinal,12,12,leaves,13.309147834777832
critical,7,ambiguous,long,,nonfinal,12,13,the,1.312356948852539
critical,7,ambiguous,long,,nonfinal,12,14,area,4.526023387908936
critical,7,ambiguous,long,,nonfinal,12,15,quickly.,10.312836170196531
critical,7,ambiguous,short,,nonfinal,10,0,Whenever,23.27639389038086
critical,7,ambiguous,short,,nonfinal,10,1,the,3.834100008010864
critical,7,ambiguous,short,,nonfinal,10,2,wildlife,16.5698299407959
critical,7,ambiguous,short,,nonfinal,10,3,documentary,10.75868034362793
critical,7,ambiguous,short,,nonfinal,10,4,crew,5.475047111511231
critical,7,ambiguous,short,,nonfinal,10,5,tries,10.774721145629885
critical,7,ambiguous,short,,nonfinal,10,6,to,0.1032501235604286
critical,7,ambiguous,short,,nonfinal,10,7,film,2.2858805656433105
critical,7,ambiguous,short,,nonfinal,10,8,the,1.8028982877731323
critical,7,ambiguous,short,,nonfinal,10,9,bear,8.596248626708984
critical,7,ambiguous,short,,nonfinal,10,10,leaves,17.230222702026367
critical,7,ambiguous,short,,nonfinal,10,11,the,1.9805494546890257
critical,7,ambiguous,short,,nonfinal,10,12,area,4.627989768981934
critical,7,ambiguous,short,,nonfinal,10,13,quickly.,9.797392129898071
critical,7,unambiguous,long,comma,nonfinal,12,0,Whenever,23.27639389038086
critical,7,unambiguous,long,comma,nonfinal,12,1,the,3.834100008010864
critical,7,unambiguous,long,comma,nonfinal,12,2,wildlife,16.5698299407959
critical,7,unambiguous,long,comma,nonfinal,12,3,documentary,10.75868034362793
critical,7,unambiguous,long,comma,nonfinal,12,4,crew,5.475047111511231
critical,7,unambiguous,long,comma,nonfinal,12,5,tries,10.774721145629885
critical,7,unambiguous,long,comma,nonfinal,12,6,to,0.1032501235604286
critical,7,unambiguous,long,comma,nonfinal,12,7,"film,",8.647502422332764
critical,7,unambiguous,long,comma,nonfinal,12,8,the,2.144136667251587
critical,7,unambiguous,long,comma,nonfinal,12,9,bear,7.628395080566406
critical,7,unambiguous,long,comma,nonfinal,12,10,hunting,9.515869140625
critical,7,unambiguous,long,comma,nonfinal,12,11,cautiously,18.92409324645996
critical,7,unambiguous,long,comma,nonfinal,12,12,leaves,9.95242691040039
critical,7,unambiguous,long,comma,nonfinal,12,13,the,1.005845308303833
critical,7,unambiguous,long,comma,nonfinal,12,14,area,1.5093032121658323
critical,7,unambiguous,long,comma,nonfinal,12,15,quickly.,11.246562004089355
critical,7,unambiguous,short,comma,nonfinal,10,0,Whenever,23.27639389038086
critical,7,unambiguous,short,comma,nonfinal,10,1,the,3.834100008010864
critical,7,unambiguous,short,comma,nonfinal,10,2,wildlife,16.5698299407959
critical,7,unambiguous,short,comma,nonfinal,10,3,documentary,10.75868320465088
critical,7,unambiguous,short,comma,nonfinal,10,4,crew,5.475047111511231
critical,7,unambiguous,short,comma,nonfinal,10,5,tries,10.774721145629885
critical,7,unambiguous,short,comma,nonfinal,10,6,to,0.1032501235604286
critical,7,unambiguous,short,comma,nonfinal,10,7,"film,",8.647502422332764
critical,7,unambiguous,short,comma,nonfinal,10,8,the,2.144136667251587
critical,7,unambiguous,short,comma,nonfinal,10,9,bear,7.628395080566406
critical,7,unambiguous,short,comma,nonfinal,10,10,leaves,10.244933128356934
critical,7,unambiguous,short,comma,nonfinal,10,11,the,2.0926105976104736
critical,7,unambiguous,short,comma,nonfinal,10,12,area,2.0625011920928955
critical,7,unambiguous,short,comma,nonfinal,10,13,quickly.,9.050687313079834
critical,7,unambiguous,long,object,nonfinal,14,0,Whenever,23.27639389038086
critical,7,unambiguous,long,object,nonfinal,14,1,the,3.834100008010864
critical,7,unambiguous,long,object,nonfinal,14,2,wildlife,16.5698299407959
critical,7,unambiguous,long,object,nonfinal,14,3,documentary,10.75868034362793
critical,7,unambiguous,long,object,nonfinal,14,4,crew,5.475047111511231
critical,7,unambiguous,long,object,nonfinal,14,5,tries,10.774721145629885
critical,7,unambiguous,long,object,nonfinal,14,6,to,0.1032501235604286
critical,7,unambiguous,long,object,nonfinal,14,7,film,2.2858805656433105
critical,7,unambiguous,long,object,nonfinal,14,8,a,2.2454631328582764
critical,7,unambiguous,long,object,nonfinal,14,9,scene,7.09679126739502
critical,7,unambiguous,long,object,nonfinal,14,10,the,8.298192977905273
critical,7,unambiguous,long,object,nonfinal,14,11,bear,7.224914073944092
critical,7,unambiguous,long,object,nonfinal,14,12,hunting,11.445640563964844
critical,7,unambiguous,long,object,nonfinal,14,13,cautiously,20.46550941467285
critical,7,unambiguous,long,object,nonfinal,14,14,leaves,9.116881370544434
critical,7,unambiguous,long,object,nonfinal,14,15,the,1.177756428718567
critical,7,unambiguous,long,object,nonfinal,14,16,area,2.219839096069336
critical,7,unambiguous,long,object,nonfinal,14,17,quickly.,12.537550449371338
critical,7,unambiguous,short,object,nonfinal,12,0,Whenever,23.27639389038086
critical,7,unambiguous,short,object,nonfinal,12,1,the,3.834100008010864
critical,7,unambiguous,short,object,nonfinal,12,2,wildlife,16.5698299407959
critical,7,unambiguous,short,object,nonfinal,12,3,documentary,10.75868320465088
critical,7,unambiguous,short,object,nonfinal,12,4,crew,5.475047111511231
critical,7,unambiguous,short,object,nonfinal,12,5,tries,10.774721145629885
critical,7,unambiguous,short,object,nonfinal,12,6,to,0.1032501235604286
critical,7,unambiguous,short,object,nonfinal,12,7,film,2.2858805656433105
critical,7,unambiguous,short,object,nonfinal,12,8,a,2.2454631328582764
critical,7,unambiguous,short,object,nonfinal,12,9,scene,7.09679126739502
critical,7,unambiguous,short,object,nonfinal,12,10,the,8.298192977905273
critical,7,unambiguous,short,object,nonfinal,12,11,bear,7.224914073944092
critical,7,unambiguous,short,object,nonfinal,12,12,leaves,8.24976921081543
critical,7,unambiguous,short,object,nonfinal,12,13,the,2.086243152618408
critical,7,unambiguous,short,object,nonfinal,12,14,area,3.1206650733947754
critical,7,unambiguous,short,object,nonfinal,12,15,quickly.,9.967632532119753
critical,8,ambiguous,long,,final,10,0,Since,20.932403564453125
critical,8,ambiguous,long,,final,10,1,the,2.101006031036377
critical,8,ambiguous,long,,final,10,2,company,8.74307632446289
critical,8,ambiguous,long,,final,10,3,shut,14.009663581848145
critical,8,ambiguous,long,,final,10,4,down,0.3914104998111725
critical,8,ambiguous,long,,final,10,5,their,6.043973922729492
critical,8,ambiguous,long,,final,10,6,product,7.781178951263428
critical,8,ambiguous,long,,final,10,7,line,1.9879653453826904
critical,8,ambiguous,long,,final,10,8,of,7.480705738067627
critical,8,ambiguous,long,,final,10,9,streetwear,20.14429235458374
critical,8,ambiguous,long,,final,10,10,disappeared.,27.03780198097229
critical,8,ambiguous,short,,final,8,0,Since,20.932403564453125
critical,8,ambiguous,short,,final,8,1,the,2.101006031036377
critical,8,ambiguous,short,,final,8,2,company,8.74307632446289
critical,8,ambiguous,short,,final,8,3,shut,14.009663581848145
critical,8,ambiguous,short,,final,8,4,down,0.3914104998111725
critical,8,ambiguous,short,,final,8,5,their,6.043973922729492
critical,8,ambiguous,short,,final,8,6,product,7.781178951263428
critical,8,ambiguous,short,,final,8,7,line,1.9879653453826904
critical,8,ambiguous,short,,final,8,8,disappeared.,27.103577613830566
critical,8,unambiguous,long,comma,final,10,0,Since,20.932403564453125
critical,8,unambiguous,long,comma,final,10,1,the,2.101006031036377
critical,8,unambiguous,long,comma,final,10,2,company,8.74307632446289
critical,8,unambiguous,long,comma,final,10,3,shut,14.009663581848145
critical,8,unambiguous,long,comma,final,10,4,"down,",2.7774538099765778
critical,8,unambiguous,long,comma,final,10,5,their,8.154546737670898
critical,8,unambiguous,long,comma,final,10,6,product,7.9495086669921875
critical,8,unambiguous,long,comma,final,10,7,line,4.50903844833374
critical,8,unambiguous,long,comma,final,10,8,of,5.564833164215088
critical,8,unambiguous,long,comma,final,10,9,streetwear,17.534944534301758
critical,8,unambiguous,long,comma,final,10,10,disappeared.,17.01408362388611
critical,8,unambiguous,short,comma,final,8,0,Since,20.932403564453125
critical,8,unambiguous,short,comma,final,8,1,the,2.101006031036377
critical,8,unambiguous,short,comma,final,8,2,company,8.74307632446289
critical,8,unambiguous,short,comma,final,8,3,shut,14.009663581848145
critical,8,unambiguous,short,comma,final,8,4,"down,",2.7774538099765778
critical,8,unambiguous,short,comma,final,8,5,their,8.154546737670898
critical,8,unambiguous,short,comma,final,8,6,product,7.9495086669921875
critical,8,unambiguous,short,comma,final,8,7,line,4.50903844833374
critical,8,unambiguous,short,comma,final,8,8,disappeared.,12.288994312286375
critical,8,unambiguous,long,object,final,13,0,Since,20.932403564453125
critical,8,unambiguous,long,object,final,13,1,the,2.101006031036377
critical,8,unambiguous,long,object,final,13,2,company,8.74307632446289
critical,8,unambiguous,long,object,final,13,3,shut,14.009663581848145
critical,8,unambiguous,long,object,final,13,4,down,0.3914104998111725
critical,8,unambiguous,long,object,final,13,5,the,3.292152404785156
critical,8,unambiguous,long,object,final,13,6,clothing,14.693085670471191
critical,8,unambiguous,long,object,final,13,7,brand,8.020068168640137
critical,8,unambiguous,long,object,final,13,8,their,13.58143138885498
critical,8,unambiguous,long,object,final,13,9,product,7.663150787353516
critical,8,unambiguous,long,object,final,13,10,line,2.4978842735290527
critical,8,unambiguous,long,object,final,13,11,of,6.438301086425781
critical,8,unambiguous,long,object,final,13,12,streetwear,10.704839646816254
critical,8,unambiguous,long,object,final,13,13,disappeared.,12.60492181777954
critical,8,unambiguous,short,object,final,11,0,Since,20.932403564453125
critical,8,unambiguous,short,object,final,11,1,the,2.101006031036377
critical,8,unambiguous,short,object,final,11,2,company,8.74307632446289
critical,8,unambiguous,short,object,final,11,3,shut,14.009663581848145
critical,8,unambiguous,short,object,final,11,4,down,0.3914104998111725
critical,8,unambiguous,short,object,final,11,5,the,3.292152404785156
critical,8,unambiguous,short,object,final,11,6,clothing,14.693085670471191
critical,8,unambiguous,short,object,final,11,7,brand,8.020068168640137
critical,8,unambiguous,short,object,final,11,8,their,13.58143138885498
critical,8,unambiguous,short,object,final,11,9,product,7.663150787353516
critical,8,unambiguous,short,object,final,11,10,line,2.4978842735290527
critical,8,unambiguous,short,object,final,11,11,disappeared.,10.39023232460022
critical,8,ambiguous,long,,nonfinal,10,0,Since,20.932403564453125
critical,8,ambiguous,long,,nonfinal,10,1,the,2.101006031036377
critical,8,ambiguous,long,,nonfinal,10,2,company,8.74307632446289
critical,8,ambiguous,long,,nonfinal,10,3,shut,14.009663581848145
critical,8,ambiguous,long,,nonfinal,10,4,down,0.3914104998111725
critical,8,ambiguous,long,,nonfinal,10,5,their,6.043973922729492
critical,8,ambiguous,long,,nonfinal,10,6,product,7.781178951263428
critical,8,ambiguous,long,,nonfinal,10,7,line,1.9879653453826904
critical,8,ambiguous,long,,nonfinal,10,8,of,7.480705738067627
critical,8,ambiguous,long,,nonfinal,10,9,streetwear,20.14429235458374
critical,8,ambiguous,long,,nonfinal,10,10,disappeared,23.365034103393555
critical,8,ambiguous,long,,nonfinal,10,11,from,1.9704891443252563
critical,8,ambiguous,long,,nonfinal,10,12,the,0.9610418081283568
critical,8,ambiguous,long,,nonfinal,10,13,market.,4.358293533325195
critical,8,ambiguous,short,,nonfinal,8,0,Since,20.932403564453125
critical,8,ambiguous,short,,nonfinal,8,1,the,2.101006031036377
critical,8,ambiguous,short,,nonfinal,8,2,company,8.74307632446289
critical,8,ambiguous,short,,nonfinal,8,3,shut,14.009663581848145
critical,8,ambiguous,short,,nonfinal,8,4,down,0.3914104998111725
critical,8,ambiguous,short,,nonfinal,8,5,their,6.043973922729492
critical,8,ambiguous,short,,nonfinal,8,6,product,7.781178951263428
critical,8,ambiguous,short,,nonfinal,8,7,line,1.9879653453826904
critical,8,ambiguous,short,,nonfinal,8,8,disappeared,24.496557235717773
critical,8,ambiguous,short,,nonfinal,8,9,from,3.399172306060791
critical,8,ambiguous,short,,nonfinal,8,10,the,0.9200246334075928
critical,8,ambiguous,short,,nonfinal,8,11,market.,3.937634825706482
critical,8,unambiguous,long,comma,nonfinal,10,0,Since,20.932403564453125
critical,8,unambiguous,long,comma,nonfinal,10,1,the,2.101006031036377
critical,8,unambiguous,long,comma,nonfinal,10,2,company,8.74307632446289
critical,8,unambiguous,long,comma,nonfinal,10,3,shut,14.009663581848145
critical,8,unambiguous,long,comma,nonfinal,10,4,"down,",2.7774538099765778
critical,8,unambiguous,long,comma,nonfinal,10,5,their,8.154546737670898
critical,8,unambiguous,long,comma,nonfinal,10,6,product,7.9495086669921875
critical,8,unambiguous,long,comma,nonfinal,10,7,line,4.50903844833374
critical,8,unambiguous,long,comma,nonfinal,10,8,of,5.564833164215088
critical,8,unambiguous,long,comma,nonfinal,10,9,streetwear,17.534944534301758
critical,8,unambiguous,long,comma,nonfinal,10,10,disappeared,14.435243606567385
critical,8,unambiguous,long,comma,nonfinal,10,11,from,2.195208549499512
critical,8,unambiguous,long,comma,nonfinal,10,12,the,0.9286842942237854
critical,8,unambiguous,long,comma,nonfinal,10,13,market.,3.4115991592407227
critical,8,unambiguous,short,comma,nonfinal,8,0,Since,20.932403564453125
critical,8,unambiguous,short,comma,nonfinal,8,1,the,2.101006031036377
critical,8,unambiguous,short,comma,nonfinal,8,2,company,8.74307632446289
critical,8,unambiguous,short,comma,nonfinal,8,3,shut,14.009663581848145
critical,8,unambiguous,short,comma,nonfinal,8,4,"down,",2.7774538099765778
critical,8,unambiguous,short,comma,nonfinal,8,5,their,8.154546737670898
critical,8,unambiguous,short,comma,nonfinal,8,6,product,7.9495086669921875
critical,8,unambiguous,short,comma,nonfinal,8,7,line,4.50903844833374
critical,8,unambiguous,short,comma,nonfinal,8,8,disappeared,10.195838928222656
critical,8,unambiguous,short,comma,nonfinal,8,9,from,3.0592355728149414
critical,8,unambiguous,short,comma,nonfinal,8,10,the,0.8809089064598083
critical,8,unambiguous,short,comma,nonfinal,8,11,market.,2.945528984069824
critical,8,unambiguous,long,object,nonfinal,13,0,Since,20.932403564453125
critical,8,unambiguous,long,object,nonfinal,13,1,the,2.101006031036377
critical,8,unambiguous,long,object,nonfinal,13,2,company,8.74307632446289
critical,8,unambiguous,long,object,nonfinal,13,3,shut,14.009663581848145
critical,8,unambiguous,long,object,nonfinal,13,4,down,0.3914104998111725
critical,8,unambiguous,long,object,nonfinal,13,5,the,3.292152404785156
critical,8,unambiguous,long,object,nonfinal,13,6,clothing,14.693085670471191
critical,8,unambiguous,long,object,nonfinal,13,7,brand,8.020068168640137
critical,8,unambiguous,long,object,nonfinal,13,8,their,13.58143138885498
critical,8,unambiguous,long,object,nonfinal,13,9,product,7.663150787353516
critical,8,unambiguous,long,object,nonfinal,13,10,line,2.4978842735290527
critical,8,unambiguous,long,object,nonfinal,13,11,of,6.438301086425781
critical,8,unambiguous,long,object,nonfinal,13,12,streetwear,10.704839646816254
critical,8,unambiguous,long,object,nonfinal,13,13,disappeared,10.812004089355469
critical,8,unambiguous,long,object,nonfinal,13,14,from,3.819913387298584
critical,8,unambiguous,long,object,nonfinal,13,15,the,0.797743558883667
critical,8,unambiguous,long,object,nonfinal,13,16,market.,2.8554375171661377
critical,8,unambiguous,short,object,nonfinal,11,0,Since,20.932403564453125
critical,8,unambiguous,short,object,nonfinal,11,1,the,2.101006031036377
critical,8,unambiguous,short,object,nonfinal,11,2,company,8.74307632446289
critical,8,unambiguous,short,object,nonfinal,11,3,shut,14.009663581848145
critical,8,unambiguous,short,object,nonfinal,11,4,down,0.3914104998111725
critical,8,unambiguous,short,object,nonfinal,11,5,the,3.292152404785156
critical,8,unambiguous,short,object,nonfinal,11,6,clothing,14.693085670471191
critical,8,unambiguous,short,object,nonfinal,11,7,brand,8.020068168640137
critical,8,unambiguous,short,object,nonfinal,11,8,their,13.58143138885498
critical,8,unambiguous,short,object,nonfinal,11,9,product,7.663150787353516
critical,8,unambiguous,short,object,nonfinal,11,10,line,2.4978842735290527
critical,8,unambiguous,short,object,nonfinal,11,11,disappeared,8.658003807067871
critical,8,unambiguous,short,object,nonfinal,11,12,from,3.882718801498413
critical,8,unambiguous,short,object,nonfinal,11,13,the,0.8963625431060791
critical,8,unambiguous,short,object,nonfinal,11,14,market.,2.930086255073548
critical,9,ambiguous,long,,final,8,0,As,19.040546417236328
critical,9,ambiguous,long,,final,8,1,the,3.442674398422241
critical,9,ambiguous,long,,final,8,2,doctor,11.749025344848633
critical,9,ambiguous,long,,final,8,3,lectured,15.05598409846425
critical,9,ambiguous,long,,final,8,4,the,3.0897576808929443
critical,9,ambiguous,long,,final,8,5,student,5.491481781005859
critical,9,ambiguous,long,,final,8,6,watching,17.118511199951172
critical,9,ambiguous,long,,final,8,7,quietly,9.738080024719238
critical,9,ambiguous,long,,final,8,8,listened.,16.546793460845947
critical,9,ambiguous,short,,final,6,0,As,19.040546417236328
critical,9,ambiguous,short,,final,6,1,the,3.442674398422241
critical,9,ambiguous,short,,final,6,2,doctor,11.749025344848633
critical,9,ambiguous,short,,final,6,3,lectured,15.05598409846425
critical,9,ambiguous,short,,final,6,4,the,3.0897576808929443
critical,9,ambiguous,short,,final,6,5,student,5.491481781005859
critical,9,ambiguous,short,,final,6,6,listened.,21.99210214614868
critical,9,unambiguous,long,comma,final,8,0,As,19.040546417236328
critical,9,unambiguous,long,comma,final,8,1,the,3.442674398422241
critical,9,unambiguous,long,comma,final,8,2,doctor,11.749025344848633
critical,9,unambiguous,long,comma,final,8,3,"lectured,",17.262953598052263
critical,9,unambiguous,long,comma,final,8,4,the,1.8709537982940676
critical,9,unambiguous,long,comma,final,8,5,student,5.488954067230225
critical,9,unambiguous,long,comma,final,8,6,watching,15.985711097717283
critical,9,unambiguous,long,comma,final,8,7,quietly,6.943978309631348
critical,9,unambiguous,long,comma,final,8,8,listened.,6.708225965499878
critical,9,unambiguous,short,comma,final,6,0,As,19.040546417236328
critical,9,unambiguous,short,comma,final,6,1,the,3.442674398422241
critical,9,unambiguous,short,comma,final,6,2,doctor,11.749025344848633
critical,9,unambiguous,short,comma,final,6,3,"lectured,",17.262953598052263
critical,9,unambiguous,short,comma,final,6,4,the,1.870956540107727
critical,9,unambiguous,short,comma,final,6,5,student,5.488954067230225
critical,9,unambiguous,short,comma,final,6,6,listened.,5.667400598526001
critical,9,unambiguous,long,object,final,10,0,As,19.040546417236328
critical,9,unambiguous,long,object,final,10,1,the,3.442674398422241
critical,9,unambiguous,long,object,final,10,2,doctor,11.749025344848633
critical,9,unambiguous,long,object,final,10,3,lectured,15.05598409846425
critical,9,unambiguous,long,object,final,10,4,the,3.0897576808929443
critical,9,unambiguous,long,object,final,10,5,nurse,5.041719436645508
critical,9,unambiguous,long,object,final,10,6,the,8.157516479492188
critical,9,unambiguous,long,object,final,10,7,student,7.637633800506592
critical,9,unambiguous,long,object,final,10,8,watching,12.040502548217772
critical,9,unambiguous,long,object,final,10,9,quietly,8.23593521118164
critical,9,unambiguous,long,object,final,10,10,listened.,8.02951192855835
critical,9,unambiguous,short,object,final,8,0,As,19.040546417236328
critical,9,unambiguous,short,object,final,8,1,the,3.442674398422241
critical,9,unambiguous,short,object,final,8,2,doctor,11.749025344848633
critical,9,unambiguous,short,object,final,8,3,lectured,15.05598409846425
critical,9,unambiguous,short,object,final,8,4,the,3.0897576808929443
critical,9,unambiguous,short,object,final,8,5,nurse,5.041719436645508
critical,9,unambiguous,short,object,final,8,6,the,8.157516479492188
critical,9,unambiguous,short,object,final,8,7,student,7.637633800506592
critical,9,unambiguous,short,object,final,8,8,listened.,8.375153303146362
critical,9,ambiguous,long,,nonfinal,8,0,As,19.040546417236328
critical,9,ambiguous,long,,nonfinal,8,1,the,3.442674398422241
critical,9,ambiguous,long,,nonfinal,8,2,doctor,11.749025344848633
critical,9,ambiguous,long,,nonfinal,8,3,lectured,15.05598409846425
critical,9,ambiguous,long,,nonfinal,8,4,the,3.0897576808929443
critical,9,ambiguous,long,,nonfinal,8,5,student,5.491481781005859
critical,9,ambiguous,long,,nonfinal,8,6,watching,17.118511199951172
critical,9,ambiguous,long,,nonfinal,8,7,quietly,9.738080024719238
critical,9,ambiguous,long,,nonfinal,8,8,listened,13.847857475280762
critical,9,ambiguous,long,,nonfinal,8,9,carefully,4.590973377227783
critical,9,ambiguous,long,,nonfinal,8,10,for,8.295336723327637
critical,9,ambiguous,long,,nonfinal,8,11,insightful,17.82457733154297
critical,9,ambiguous,long,,nonfinal,8,12,tips.,6.556902885437012
critical,9,ambiguous,short,,nonfinal,6,0,As,19.040546417236328
critical,9,ambiguous,short,,nonfinal,6,1,the,3.442674398422241
critical,9,ambiguous,short,,nonfinal,6,2,doctor,11.749025344848633
critical,9,ambiguous,short,,nonfinal,6,3,lectured,15.05598409846425
critical,9,ambiguous,short,,nonfinal,6,4,the,3.0897576808929443
critical,9,ambiguous,short,,nonfinal,6,5,student,5.491481781005859
critical,9,ambiguous,short,,nonfinal,6,6,listened,17.442806243896484
critical,9,ambiguous,short,,nonfinal,6,7,carefully,2.9445602893829346
critical,9,ambiguous,short,,nonfinal,6,8,for,8.21787166595459
critical,9,ambiguous,short,,nonfinal,6,9,insightful,16.62704086303711
critical,9,ambiguous,short,,nonfinal,6,10,tips.,6.565513372421265
critical,9,unambiguous,long,comma,nonfinal,8,0,As,19.040546417236328
critical,9,unambiguous,long,comma,nonfinal,8,1,the,3.442674398422241
critical,9,unambiguous,long,comma,nonfinal,8,2,doctor,11.749025344848633
critical,9,unambiguous,long,comma,nonfinal,8,3,"lectured,",17.262953598052263
critical,9,unambiguous,long,comma,nonfinal,8,4,the,1.870956540107727
critical,9,unambiguous,long,comma,nonfinal,8,5,student,5.488954067230225
critical,9,unambiguous,long,comma,nonfinal,8,6,watching,15.985711097717283
critical,9,unambiguous,long,comma,nonfinal,8,7,quietly,6.943978309631348
critical,9,unambiguous,long,comma,nonfinal,8,8,listened,4.723383903503418
critical,9,unambiguous,long,comma,nonfinal,8,9,carefully,5.7113237380981445
critical,9,unambiguous,long,comma,nonfinal,8,10,for,9.005897521972656
critical,9,unambiguous,long,comma,nonfinal,8,11,insightful,14.264446258544922
critical,9,unambiguous,long,comma,nonfinal,8,12,tips.,6.852614402770996
critical,9,unambiguous,short,comma,nonfinal,6,0,As,19.040546417236328
critical,9,unambiguous,short,comma,nonfinal,6,1,the,3.442674398422241
critical,9,unambiguous,short,comma,nonfinal,6,2,doctor,11.749025344848633
critical,9,unambiguous,short,comma,nonfinal,6,3,"lectured,",17.262953598052263
critical,9,unambiguous,short,comma,nonfinal,6,4,the,1.870956540107727
critical,9,unambiguous,short,comma,nonfinal,6,5,student,5.488954067230225
critical,9,unambiguous,short,comma,nonfinal,6,6,listened,3.191037654876709
critical,9,unambiguous,short,comma,nonfinal,6,7,carefully,3.8044626712799072
critical,9,unambiguous,short,comma,nonfinal,6,8,for,9.797898292541504
critical,9,unambiguous,short,comma,nonfinal,6,9,insightful,13.35365867614746
critical,9,unambiguous,short,comma,nonfinal,6,10,tips.,7.493171215057373
critical,9,unambiguous,long,object,nonfinal,10,0,As,19.040546417236328
critical,9,unambiguous,long,object,nonfinal,10,1,the,3.442674398422241
critical,9,unambiguous,long,object,nonfinal,10,2,doctor,11.749025344848633
critical,9,unambiguous,long,object,nonfinal,10,3,lectured,15.05598409846425
critical,9,unambiguous,long,object,nonfinal,10,4,the,3.0897576808929443
critical,9,unambiguous,long,object,nonfinal,10,5,nurse,5.041719436645508
critical,9,unambiguous,long,object,nonfinal,10,6,the,8.157516479492188
critical,9,unambiguous,long,object,nonfinal,10,7,student,7.637633800506592
critical,9,unambiguous,long,object,nonfinal,10,8,watching,12.040502548217772
critical,9,unambiguous,long,object,nonfinal,10,9,quietly,8.23593521118164
critical,9,unambiguous,long,object,nonfinal,10,10,listened,6.038684844970703
critical,9,unambiguous,long,object,nonfinal,10,11,carefully,6.440863132476807
critical,9,unambiguous,long,object,nonfinal,10,12,for,7.743990898132324
critical,9,unambiguous,long,object,nonfinal,10,13,insightful,14.92678928375244
critical,9,unambiguous,long,object,nonfinal,10,14,tips.,6.06530237197876
critical,9,unambiguous,short,object,nonfinal,8,0,As,19.040546417236328
critical,9,unambiguous,short,object,nonfinal,8,1,the,3.442674398422241
critical,9,unambiguous,short,object,nonfinal,8,2,doctor,11.749025344848633
critical,9,unambiguous,short,object,nonfinal,8,3,lectured,15.05598409846425
critical,9,unambiguous,short,object,nonfinal,8,4,the,3.0897576808929443
critical,9,unambiguous,short,object,nonfinal,8,5,nurse,5.041719436645508
critical,9,unambiguous,short,object,nonfinal,8,6,the,8.157516479492188
critical,9,unambiguous,short,object,nonfinal,8,7,student,7.637633800506592
critical,9,unambiguous,short,object,nonfinal,8,8,listened,5.187170028686523
critical,9,unambiguous,short,object,nonfinal,8,9,carefully,3.836762189865112
critical,9,unambiguous,short,object,nonfinal,8,10,for,7.21084451675415
critical,9,unambiguous,short,object,nonfinal,8,11,insightful,14.427042007446287
critical,9,unambiguous,short,object,nonfinal,8,12,tips.,6.476572275161743
critical,10,ambiguous,long,,final,8,0,Because,21.475265502929688
critical,10,ambiguous,long,,final,8,1,the,3.5499460697174072
critical,10,ambiguous,long,,final,8,2,bear,14.1362886428833
critical,10,ambiguous,long,,final,8,3,attacked,9.567097663879396
critical,10,ambiguous,long,,final,8,4,the,2.4237749576568604
critical,10,ambiguous,long,,final,8,5,campers,13.845937252044678
critical,10,ambiguous,long,,final,8,6,barbecuing,20.77083368599415
critical,10,ambiguous,long,,final,8,7,cheerfully,21.41073900461197
critical,10,ambiguous,long,,final,8,8,fled.,25.272021293640137
critical,10,ambiguous,short,,final,6,0,Because,21.475265502929688
critical,10,ambiguous,short,,final,6,1,the,3.5499460697174072
critical,10,ambiguous,short,,final,6,2,bear,14.1362886428833
critical,10,ambiguous,short,,final,6,3,attacked,9.567097663879396
critical,10,ambiguous,short,,final,6,4,the,2.4237749576568604
critical,10,ambiguous,short,,final,6,5,campers,13.845935344696043
critical,10,ambiguous,short,,final,6,6,fled.,22.824912071228027
critical,10,unambiguous,long,comma,final,8,0,Because,21.475265502929688
critical,10,unambiguous,long,comma,final,8,1,the,3.5499460697174072
critical,10,unambiguous,long,comma,final,8,2,bear,14.1362886428833
critical,10,unambiguous,long,comma,final,8,3,"attacked,",13.544027090072632
critical,10,unambiguous,long,comma,final,8,4,the,2.4542555809021
critical,10,unambiguous,long,comma,final,8,5,campers,12.268799304962158
critical,10,unambiguous,long,comma,final,8,6,barbecuing,24.918956518173218
critical,10,unambiguous,long,comma,final,8,7,cheerfully,19.825892865657806
critical,10,unambiguous,long,comma,final,8,8,fled.,14.83159327507019
critical,10,unambiguous,short,comma,final,6,0,Because,21.475265502929688
critical,10,unambiguous,short,comma,final,6,1,the,3.5499460697174072
critical,10,unambiguous,short,comma,final,6,2,bear,14.1362886428833
critical,10,unambiguous,short,comma,final,6,3,"attacked,",13.544027090072632
critical,10,unambiguous,short,comma,final,6,4,the,2.4542555809021
critical,10,unambiguous,short,comma,final,6,5,campers,12.268799304962158
critical,10,unambiguous,short,comma,final,6,6,fled.,9.824950456619264
critical,10,unambiguous,long,object,final,10,0,Because,21.475265502929688
critical,10,unambiguous,long,object,final,10,1,the,3.5499460697174072
critical,10,unambiguous,long,object,final,10,2,bear,14.1362886428833
critical,10,unambiguous,long,object,final,10,3,attacked,9.567097663879396
critical,10,unambiguous,long,object,final,10,4,the,2.4237749576568604
critical,10,unambiguous,long,object,final,10,5,campground,13.83380126953125
critical,10,unambiguous,long,object,final,10,6,the,6.725429534912109
critical,10,unambiguous,long,object,final,10,7,campers,6.990549921989441
critical,10,unambiguous,long,object,final,10,8,barbecuing,21.782881200313568
critical,10,unambiguous,long,object,final,10,9,cheerfully,20.37368646264076
critical,10,unambiguous,long,object,final,10,10,fled.,17.62095546722412
critical,10,unambiguous,short,object,final,8,0,Because,21.475265502929688
critical,10,unambiguous,short,object,final,8,1,the,3.5499446392059326
critical,10,unambiguous,short,object,final,8,2,bear,14.1362886428833
critical,10,unambiguous,short,object,final,8,3,attacked,9.567097663879396
critical,10,unambiguous,short,object,final,8,4,the,2.4237749576568604
critical,10,unambiguous,short,object,final,8,5,campground,13.83380126953125
critical,10,unambiguous,short,object,final,8,6,the,6.725429534912109
critical,10,unambiguous,short,object,final,8,7,campers,6.990549921989441
critical,10,unambiguous,short,object,final,8,8,fled.,12.225059509277344
critical,10,ambiguous,long,,nonfinal,8,0,Because,21.475265502929688
critical,10,ambiguous,long,,nonfinal,8,1,the,3.5499460697174072
critical,10,ambiguous,long,,nonfinal,8,2,bear,14.1362886428833
critical,10,ambiguous,long,,nonfinal,8,3,attacked,9.567097663879396
critical,10,ambiguous,long,,nonfinal,8,4,the,2.4237749576568604
critical,10,ambiguous,long,,nonfinal,8,5,campers,13.845935344696043
critical,10,ambiguous,long,,nonfinal,8,6,barbecuing,20.77083368599415
critical,10,ambiguous,long,,nonfinal,8,7,cheerfully,21.41073900461197
critical,10,ambiguous,long,,nonfinal,8,8,fled,20.66837310791016
critical,10,ambiguous,long,,nonfinal,8,9,in,4.801882266998291
critical,10,ambiguous,long,,nonfinal,8,10,a,4.7965989112854
critical,10,ambiguous,long,,nonfinal,8,11,panic.,2.8328376412391663
critical,10,ambiguous,short,,nonfinal,6,0,Because,21.475265502929688
critical,10,ambiguous,short,,nonfinal,6,1,the,3.5499460697174072
critical,10,ambiguous,short,,nonfinal,6,2,bear,14.1362886428833
critical,10,ambiguous,short,,nonfinal,6,3,attacked,9.567097663879396
critical,10,ambiguous,short,,nonfinal,6,4,the,2.4237749576568604
critical,10,ambiguous,short,,nonfinal,6,5,campers,13.845935344696043
critical,10,ambiguous,short,,nonfinal,6,6,fled,19.01201820373535
critical,10,ambiguous,short,,nonfinal,6,7,in,3.476809501647949
critical,10,ambiguous,short,,nonfinal,6,8,a,5.207590579986572
critical,10,ambiguous,short,,nonfinal,6,9,panic.,2.5437087416648865
critical,10,unambiguous,long,comma,nonfinal,8,0,Because,21.475265502929688
critical,10,unambiguous,long,comma,nonfinal,8,1,the,3.5499460697174072
critical,10,unambiguous,long,comma,nonfinal,8,2,bear,14.1362886428833
critical,10,unambiguous,long,comma,nonfinal,8,3,"attacked,",13.544027090072632
critical,10,unambiguous,long,comma,nonfinal,8,4,the,2.4542555809021
critical,10,unambiguous,long,comma,nonfinal,8,5,campers,12.268799304962158
critical,10,unambiguous,long,comma,nonfinal,8,6,barbecuing,24.918956518173218
critical,10,unambiguous,long,comma,nonfinal,8,7,cheerfully,19.825892865657806
critical,10,unambiguous,long,comma,nonfinal,8,8,fled,11.669281005859377
critical,10,unambiguous,long,comma,nonfinal,8,9,in,3.929101943969727
critical,10,unambiguous,long,comma,nonfinal,8,10,a,4.934033393859863
critical,10,unambiguous,long,comma,nonfinal,8,11,panic.,2.5286678075790405
critical,10,unambiguous,short,comma,nonfinal,6,0,Because,21.475265502929688
critical,10,unambiguous,short,comma,nonfinal,6,1,the,3.5499460697174072
critical,10,unambiguous,short,comma,nonfinal,6,2,bear,14.1362886428833
critical,10,unambiguous,short,comma,nonfinal,6,3,"attacked,",13.544027090072632
critical,10,unambiguous,short,comma,nonfinal,6,4,the,2.4542555809021
critical,10,unambiguous,short,comma,nonfinal,6,5,campers,12.268799304962158
critical,10,unambiguous,short,comma,nonfinal,6,6,fled,6.65196418762207
critical,10,unambiguous,short,comma,nonfinal,6,7,in,3.6155595779418954
critical,10,unambiguous,short,comma,nonfinal,6,8,a,4.480610370635986
critical,10,unambiguous,short,comma,nonfinal,6,9,panic.,2.025900542736053
critical,10,unambiguous,long,object,nonfinal,10,0,Because,21.475265502929688
critical,10,unambiguous,long,object,nonfinal,10,1,the,3.5499460697174072
critical,10,unambiguous,long,object,nonfinal,10,2,bear,14.1362886428833
critical,10,unambiguous,long,object,nonfinal,10,3,attacked,9.567097663879396
critical,10,unambiguous,long,object,nonfinal,10,4,the,2.4237749576568604
critical,10,unambiguous,long,object,nonfinal,10,5,campground,13.83380126953125
critical,10,unambiguous,long,object,nonfinal,10,6,the,6.725429534912109
critical,10,unambiguous,long,object,nonfinal,10,7,campers,6.990549921989441
critical,10,unambiguous,long,object,nonfinal,10,8,barbecuing,21.782881200313568
critical,10,unambiguous,long,object,nonfinal,10,9,cheerfully,20.37368646264076
critical,10,unambiguous,long,object,nonfinal,10,10,fled,14.13230800628662
critical,10,unambiguous,long,object,nonfinal,10,11,in,4.147863864898682
critical,10,unambiguous,long,object,nonfinal,10,12,a,5.085394859313965
critical,10,unambiguous,long,object,nonfinal,10,13,panic.,2.414011716842652
critical,10,unambiguous,short,object,nonfinal,8,0,Because,21.475265502929688
critical,10,unambiguous,short,object,nonfinal,8,1,the,3.5499460697174072
critical,10,unambiguous,short,object,nonfinal,8,2,bear,14.1362886428833
critical,10,unambiguous,short,object,nonfinal,8,3,attacked,9.567097663879396
critical,10,unambiguous,short,object,nonfinal,8,4,the,2.4237749576568604
critical,10,unambiguous,short,object,nonfinal,8,5,campground,13.8338041305542
critical,10,unambiguous,short,object,nonfinal,8,6,the,6.725429534912109
critical,10,unambiguous,short,object,nonfinal,8,7,campers,6.990549921989441
critical,10,unambiguous,short,object,nonfinal,8,8,fled,9.161883354187012
critical,10,unambiguous,short,object,nonfinal,8,9,in,4.067458629608154
critical,10,unambiguous,short,object,nonfinal,8,10,a,4.841355800628662
critical,10,unambiguous,short,object,nonfinal,8,11,panic.,1.884613394737244
critical,11,ambiguous,long,,final,8,0,As,19.040546417236328
critical,11,ambiguous,long,,final,8,1,the,3.442674398422241
critical,11,ambiguous,long,,final,8,2,professor,12.699251174926758
critical,11,ambiguous,long,,final,8,3,wrote,9.002317428588867
critical,11,ambiguous,long,,final,8,4,the,3.008529663085937
critical,11,ambiguous,long,,final,8,5,textbook,8.95096206665039
critical,11,ambiguous,long,,final,8,6,on,4.598851680755615
critical,11,ambiguous,long,,final,8,7,biology,10.192266464233398
critical,11,ambiguous,long,,final,8,8,grew.,23.076904296875
critical,11,ambiguous,short,,final,6,0,As,19.040546417236328
critical,11,ambiguous,short,,final,6,1,the,3.442674398422241
critical,11,ambiguous,short,,final,6,2,professor,12.699251174926758
critical,11,ambiguous,short,,final,6,3,wrote,9.002317428588867
critical,11,ambiguous,short,,final,6,4,the,3.008529663085937
critical,11,ambiguous,short,,final,6,5,textbook,8.95096206665039
critical,11,ambiguous,short,,final,6,6,grew.,22.95907592773437
critical,11,unambiguous,long,comma,final,8,0,As,19.040546417236328
critical,11,unambiguous,long,comma,final,8,1,the,3.442674398422241
critical,11,unambiguous,long,comma,final,8,2,professor,12.699251174926758
critical,11,unambiguous,long,comma,final,8,3,"wrote,",12.341466426849363
critical,11,unambiguous,long,comma,final,8,4,the,2.7402503490448
critical,11,unambiguous,long,comma,final,8,5,textbook,11.065428733825684
critical,11,unambiguous,long,comma,final,8,6,on,6.937932968139648
critical,11,unambiguous,long,comma,final,8,7,biology,9.696431159973145
critical,11,unambiguous,long,comma,final,8,8,grew.,12.673554182052612
critical,11,unambiguous,short,comma,final,6,0,As,19.040546417236328
critical,11,unambiguous,short,comma,final,6,1,the,3.442674398422241
critical,11,unambiguous,short,comma,final,6,2,professor,12.699251174926758
critical,11,unambiguous,short,comma,final,6,3,"wrote,",12.341466426849363
critical,11,unambiguous,short,comma,final,6,4,the,2.7402503490448
critical,11,unambiguous,short,comma,final,6,5,textbook,11.065428733825684
critical,11,unambiguous,short,comma,final,6,6,grew.,14.10271453857422
critical,11,unambiguous,long,object,final,11,0,As,19.040546417236328
critical,11,unambiguous,long,object,final,11,1,the,3.442674398422241
critical,11,unambiguous,long,object,final,11,2,professor,12.699251174926758
critical,11,unambiguous,long,object,final,11,3,wrote,9.002317428588867
critical,11,unambiguous,long,object,final,11,4,the,3.008529663085937
critical,11,unambiguous,long,object,final,11,5,new,7.4896559715271
critical,11,unambiguous,long,object,final,11,6,chapter,6.965927600860596
critical,11,unambiguous,long,object,final,11,7,the,7.366528511047363
critical,11,unambiguous,long,object,final,11,8,textbook,11.498006820678713
critical,11,unambiguous,long,object,final,11,9,on,5.996104717254639
critical,11,unambiguous,long,object,final,11,10,biology,10.47523307800293
critical,11,unambiguous,long,object,final,11,11,grew.,12.76567316055298
critical,11,unambiguous,short,object,final,9,0,As,19.040546417236328
critical,11,unambiguous,short,object,final,9,1,the,3.442674398422241
critical,11,unambiguous,short,object,final,9,2,professor,12.699251174926758
critical,11,unambiguous,short,object,final,9,3,wrote,9.002317428588867
critical,11,unambiguous,short,object,final,9,4,the,3.008529663085937
critical,11,unambiguous,short,object,final,9,5,new,7.4896559715271
critical,11,unambiguous,short,object,final,9,6,chapter,6.965927600860596
critical,11,unambiguous,short,object,final,9,7,the,7.366528511047363
critical,11,unambiguous,short,object,final,9,8,textbook,11.498006820678713
critical,11,unambiguous,short,object,final,9,9,grew.,10.701111555099487
critical,11,ambiguous,long,,nonfinal,8,0,As,19.040546417236328
critical,11,ambiguous,long,,nonfinal,8,1,the,3.442674398422241
critical,11,ambiguous,long,,nonfinal,8,2,professor,12.699251174926758
critical,11,ambiguous,long,,nonfinal,8,3,wrote,9.002317428588867
critical,11,ambiguous,long,,nonfinal,8,4,the,3.008529663085937
critical,11,ambiguous,long,,nonfinal,8,5,textbook,8.95096206665039
critical,11,ambiguous,long,,nonfinal,8,6,on,4.598851680755615
critical,11,ambiguous,long,,nonfinal,8,7,biology,10.192266464233398
critical,11,ambiguous,long,,nonfinal,8,8,grew,17.355998992919922
critical,11,ambiguous,long,,nonfinal,8,9,much,10.46265697479248
critical,11,ambiguous,long,,nonfinal,8,10,longer,6.067434787750244
critical,11,ambiguous,long,,nonfinal,8,11,than,2.9001171588897705
critical,11,ambiguous,long,,nonfinal,8,12,expected.,4.321731209754944
critical,11,ambiguous,short,,nonfinal,6,0,As,19.040546417236328
critical,11,ambiguous,short,,nonfinal,6,1,the,3.442674398422241
critical,11,ambiguous,short,,nonfinal,6,2,professor,12.699251174926758
critical,11,ambiguous,short,,nonfinal,6,3,wrote,9.002317428588867
critical,11,ambiguous,short,,nonfinal,6,4,the,3.008529663085937
critical,11,ambiguous,short,,nonfinal,6,5,textbook,8.95096206665039
critical,11,ambiguous,short,,nonfinal,6,6,grew,18.85072135925293
critical,11,ambiguous,short,,nonfinal,6,7,much,10.307709693908691
critical,11,ambiguous,short,,nonfinal,6,8,longer,5.737225532531738
critical,11,ambiguous,short,,nonfinal,6,9,than,2.801638603210449
critical,11,ambiguous,short,,nonfinal,6,10,expected.,4.207177042961121
critical,11,unambiguous,long,comma,nonfinal,8,0,As,19.040546417236328
critical,11,unambiguous,long,comma,nonfinal,8,1,the,3.442674398422241
critical,11,unambiguous,long,comma,nonfinal,8,2,professor,12.699251174926758
critical,11,unambiguous,long,comma,nonfinal,8,3,"wrote,",12.341466426849363
critical,11,unambiguous,long,comma,nonfinal,8,4,the,2.7402503490448
critical,11,unambiguous,long,comma,nonfinal,8,5,textbook,11.065428733825684
critical,11,unambiguous,long,comma,nonfinal,8,6,on,6.937932968139648
critical,11,unambiguous,long,comma,nonfinal,8,7,biology,9.696431159973145
critical,11,unambiguous,long,comma,nonfinal,8,8,grew,9.729340553283691
critical,11,unambiguous,long,comma,nonfinal,8,9,much,8.79001235961914
critical,11,unambiguous,long,comma,nonfinal,8,10,longer,4.617907524108887
critical,11,unambiguous,long,comma,nonfinal,8,11,than,4.033958911895752
critical,11,unambiguous,long,comma,nonfinal,8,12,expected.,4.503848552703857
critical,11,unambiguous,short,comma,nonfinal,6,0,As,19.040546417236328
critical,11,unambiguous,short,comma,nonfinal,6,1,the,3.442674398422241
critical,11,unambiguous,short,comma,nonfinal,6,2,professor,12.699251174926758
critical,11,unambiguous,short,comma,nonfinal,6,3,"wrote,",12.341466426849363
critical,11,unambiguous,short,comma,nonfinal,6,4,the,2.7402503490448
critical,11,unambiguous,short,comma,nonfinal,6,5,textbook,11.065428733825684
critical,11,unambiguous,short,comma,nonfinal,6,6,grew,11.048162460327148
critical,11,unambiguous,short,comma,nonfinal,6,7,much,9.20482063293457
critical,11,unambiguous,short,comma,nonfinal,6,8,longer,4.940995216369629
critical,11,unambiguous,short,comma,nonfinal,6,9,than,3.543651580810547
critical,11,unambiguous,short,comma,nonfinal,6,10,expected.,4.261644780635834
critical,11,unambiguous,long,object,nonfinal,11,0,As,19.040546417236328
critical,11,unambiguous,long,object,nonfinal,11,1,the,3.442674398422241
critical,11,unambiguous,long,object,nonfinal,11,2,professor,12.699251174926758
critical,11,unambiguous,long,object,nonfinal,11,3,wrote,9.002317428588867
critical,11,unambiguous,long,object,nonfinal,11,4,the,3.008529663085937
critical,11,unambiguous,long,object,nonfinal,11,5,new,7.4896559715271
critical,11,unambiguous,long,object,nonfinal,11,6,chapter,6.965927600860596
critical,11,unambiguous,long,object,nonfinal,11,7,the,7.366528511047363
critical,11,unambiguous,long,object,nonfinal,11,8,textbook,11.498006820678713
critical,11,unambiguous,long,object,nonfinal,11,9,on,5.996104717254639
critical,11,unambiguous,long,object,nonfinal,11,10,biology,10.47523307800293
critical,11,unambiguous,long,object,nonfinal,11,11,grew,9.914775848388672
critical,11,unambiguous,long,object,nonfinal,11,12,much,8.241034507751465
critical,11,unambiguous,long,object,nonfinal,11,13,longer,4.291779041290283
critical,11,unambiguous,long,object,nonfinal,11,14,than,4.953314781188965
critical,11,unambiguous,long,object,nonfinal,11,15,expected.,5.98856782913208
critical,11,unambiguous,short,object,nonfinal,9,0,As,19.040546417236328
critical,11,unambiguous,short,object,nonfinal,9,1,the,3.442674398422241
critical,11,unambiguous,short,object,nonfinal,9,2,professor,12.699251174926758
critical,11,unambiguous,short,object,nonfinal,9,3,wrote,9.002317428588867
critical,11,unambiguous,short,object,nonfinal,9,4,the,3.008529663085937
critical,11,unambiguous,short,object,nonfinal,9,5,new,7.4896559715271
critical,11,unambiguous,short,object,nonfinal,9,6,chapter,6.965927600860596
critical,11,unambiguous,short,object,nonfinal,9,7,the,7.366528511047363
critical,11,unambiguous,short,object,nonfinal,9,8,textbook,11.498006820678713
critical,11,unambiguous,short,object,nonfinal,9,9,grew,7.801409721374512
critical,11,unambiguous,short,object,nonfinal,9,10,much,8.514693260192871
critical,11,unambiguous,short,object,nonfinal,9,11,longer,3.62818455696106
critical,11,unambiguous,short,object,nonfinal,9,12,than,4.9301838874816895
critical,11,unambiguous,short,object,nonfinal,9,13,expected.,5.811808109283447
critical,12,ambiguous,long,,final,10,0,As,19.040546417236328
critical,12,ambiguous,long,,final,10,1,the,3.442674398422241
critical,12,ambiguous,long,,final,10,2,news,10.34350299835205
critical,12,ambiguous,long,,final,10,3,channel,10.761229515075684
critical,12,ambiguous,long,,final,10,4,broadcasted,9.626628518104551
critical,12,ambiguous,long,,final,10,5,the,1.4612691402435305
critical,12,ambiguous,long,,final,10,6,message,6.835917949676514
critical,12,ambiguous,long,,final,10,7,from,4.4980149269104
critical,12,ambiguous,long,,final,10,8,the,0.9648886919021606
critical,12,ambiguous,long,,final,10,9,president,4.264118671417236
critical,12,ambiguous,long,,final,10,10,spread.,23.687408447265625
critical,12,ambiguous,short,,final,7,0,As,19.040546417236328
critical,12,ambiguous,short,,final,7,1,the,3.442674398422241
critical,12,ambiguous,short,,final,7,2,news,10.34350299835205
critical,12,ambiguous,short,,final,7,3,channel,10.761229515075684
critical,12,ambiguous,short,,final,7,4,broadcasted,9.626628518104551
critical,12,ambiguous,short,,final,7,5,the,1.4612691402435305
critical,12,ambiguous,short,,final,7,6,message,6.835917949676514
critical,12,ambiguous,short,,final,7,7,spread.,21.143346309661865
critical,12,unambiguous,long,comma,final,10,0,As,19.040546417236328
critical,12,unambiguous,long,comma,final,10,1,the,3.442674398422241
critical,12,unambiguous,long,comma,final,10,2,news,10.34350299835205
critical,12,unambiguous,long,comma,final,10,3,channel,10.761229515075684
critical,12,unambiguous,long,comma,final,10,4,"broadcasted,",13.507247805595398
critical,12,unambiguous,long,comma,final,10,5,the,2.0679852962493896
critical,12,unambiguous,long,comma,final,10,6,message,10.408303260803224
critical,12,unambiguous,long,comma,final,10,7,from,6.042983055114746
critical,12,unambiguous,long,comma,final,10,8,the,0.903305172920227
critical,12,unambiguous,long,comma,final,10,9,president,5.157880783081055
critical,12,unambiguous,long,comma,final,10,10,spread.,12.061729431152344
critical,12,unambiguous,short,comma,final,7,0,As,19.040546417236328
critical,12,unambiguous,short,comma,final,7,1,the,3.442674398422241
critical,12,unambiguous,short,comma,final,7,2,news,10.34350299835205
critical,12,unambiguous,short,comma,final,7,3,channel,10.761229515075684
critical,12,unambiguous,short,comma,final,7,4,"broadcasted,",13.507247805595398
critical,12,unambiguous,short,comma,final,7,5,the,2.0679852962493896
critical,12,unambiguous,short,comma,final,7,6,message,10.408303260803224
critical,12,unambiguous,short,comma,final,7,7,spread.,10.389158248901367
critical,12,unambiguous,long,object,final,12,0,As,19.040546417236328
critical,12,unambiguous,long,object,final,12,1,the,3.442674398422241
critical,12,unambiguous,long,object,final,12,2,news,10.34350299835205
critical,12,unambiguous,long,object,final,12,3,channel,10.761229515075684
critical,12,unambiguous,long,object,final,12,4,broadcasted,9.626628518104551
critical,12,unambiguous,long,object,final,12,5,the,1.4612691402435305
critical,12,unambiguous,long,object,final,12,6,speech,7.653295040130615
critical,12,unambiguous,long,object,final,12,7,the,6.5793046951293945
critical,12,unambiguous,long,object,final,12,8,message,10.297593116760254
critical,12,unambiguous,long,object,final,12,9,from,6.491769790649414
critical,12,unambiguous,long,object,final,12,10,the,0.931138813495636
critical,12,unambiguous,long,object,final,12,11,president,3.3397433757781982
critical,12,unambiguous,long,object,final,12,12,spread.,13.288079738616943
critical,12,unambiguous,short,object,final,9,0,As,19.040546417236328
critical,12,unambiguous,short,object,final,9,1,the,3.442674398422241
critical,12,unambiguous,short,object,final,9,2,news,10.34350299835205
critical,12,unambiguous,short,object,final,9,3,channel,10.761229515075684
critical,12,unambiguous,short,object,final,9,4,broadcasted,9.626628518104551
critical,12,unambiguous,short,object,final,9,5,the,1.4612691402435305
critical,12,unambiguous,short,object,final,9,6,speech,7.653295040130615
critical,12,unambiguous,short,object,final,9,7,the,6.5793046951293945
critical,12,unambiguous,short,object,final,9,8,message,10.297593116760254
critical,12,unambiguous,short,object,final,9,9,spread.,12.16852617263794
critical,12,ambiguous,long,,nonfinal,10,0,As,19.040546417236328
critical,12,ambiguous,long,,nonfinal,10,1,the,3.442674398422241
critical,12,ambiguous,long,,nonfinal,10,2,news,10.34350299835205
critical,12,ambiguous,long,,nonfinal,10,3,channel,10.761229515075684
critical,12,ambiguous,long,,nonfinal,10,4,broadcasted,9.626628518104551
critical,12,ambiguous,long,,nonfinal,10,5,the,1.4612691402435305
critical,12,ambiguous,long,,nonfinal,10,6,message,6.835917949676514
critical,12,ambiguous,long,,nonfinal,10,7,from,4.4980149269104
critical,12,ambiguous,long,,nonfinal,10,8,the,0.9648914337158204
critical,12,ambiguous,long,,nonfinal,10,9,president,4.264118671417236
critical,12,ambiguous,long,,nonfinal,10,10,spread,16.273319244384766
critical,12,ambiguous,long,,nonfinal,10,11,across,2.359527587890625
critical,12,ambiguous,long,,nonfinal,10,12,the,0.3039387464523315
critical,12,ambiguous,long,,nonfinal,10,13,country.,4.443591356277466
critical,12,ambiguous,short,,nonfinal,7,0,As,19.040546417236328
critical,12,ambiguous,short,,nonfinal,7,1,the,3.442674398422241
critical,12,ambiguous,short,,nonfinal,7,2,news,10.34350299835205
critical,12,ambiguous,short,,nonfinal,7,3,channel,10.761229515075684
critical,12,ambiguous,short,,nonfinal,7,4,broadcasted,9.626628518104551
critical,12,ambiguous,short,,nonfinal,7,5,the,1.4612691402435305
critical,12,ambiguous,short,,nonfinal,7,6,message,6.835917949676514
critical,12,ambiguous,short,,nonfinal,7,7,spread,13.707892417907717
critical,12,ambiguous,short,,nonfinal,7,8,across,2.9951837062835693
critical,12,ambiguous,short,,nonfinal,7,9,the,0.4557980597019195
critical,12,ambiguous,short,,nonfinal,7,10,country.,4.630967140197754
critical,12,unambiguous,long,comma,nonfinal,10,0,As,19.040546417236328
critical,12,unambiguous,long,comma,nonfinal,10,1,the,3.442674398422241
critical,12,unambiguous,long,comma,nonfinal,10,2,news,10.34350299835205
critical,12,unambiguous,long,comma,nonfinal,10,3,channel,10.761229515075684
critical,12,unambiguous,long,comma,nonfinal,10,4,"broadcasted,",13.507247805595398
critical,12,unambiguous,long,comma,nonfinal,10,5,the,2.0679852962493896
critical,12,unambiguous,long,comma,nonfinal,10,6,message,10.408303260803224
critical,12,unambiguous,long,comma,nonfinal,10,7,from,6.042983055114746
critical,12,unambiguous,long,comma,nonfinal,10,8,the,0.903305172920227
critical,12,unambiguous,long,comma,nonfinal,10,9,president,5.157880783081055
critical,12,unambiguous,long,comma,nonfinal,10,10,spread,7.71489667892456
critical,12,unambiguous,long,comma,nonfinal,10,11,across,2.7089357376098637
critical,12,unambiguous,long,comma,nonfinal,10,12,the,0.2967759966850281
critical,12,unambiguous,long,comma,nonfinal,10,13,country.,3.020117163658142
critical,12,unambiguous,short,comma,nonfinal,7,0,As,19.040546417236328
critical,12,unambiguous,short,comma,nonfinal,7,1,the,3.442674398422241
critical,12,unambiguous,short,comma,nonfinal,7,2,news,10.34350299835205
critical,12,unambiguous,short,comma,nonfinal,7,3,channel,10.761229515075684
critical,12,unambiguous,short,comma,nonfinal,7,4,"broadcasted,",13.507247805595398
critical,12,unambiguous,short,comma,nonfinal,7,5,the,2.0679852962493896
critical,12,unambiguous,short,comma,nonfinal,7,6,message,10.408303260803224
critical,12,unambiguous,short,comma,nonfinal,7,7,spread,4.919650554656982
critical,12,unambiguous,short,comma,nonfinal,7,8,across,3.139737129211426
critical,12,unambiguous,short,comma,nonfinal,7,9,the,0.4725532829761505
critical,12,unambiguous,short,comma,nonfinal,7,10,country.,4.167232990264893
critical,12,unambiguous,long,object,nonfinal,12,0,As,19.040546417236328
critical,12,unambiguous,long,object,nonfinal,12,1,the,3.442674398422241
critical,12,unambiguous,long,object,nonfinal,12,2,news,10.34350299835205
critical,12,unambiguous,long,object,nonfinal,12,3,channel,10.761229515075684
critical,12,unambiguous,long,object,nonfinal,12,4,broadcasted,9.626628518104551
critical,12,unambiguous,long,object,nonfinal,12,5,the,1.4612691402435305
critical,12,unambiguous,long,object,nonfinal,12,6,speech,7.653295040130615
critical,12,unambiguous,long,object,nonfinal,12,7,the,6.5793046951293945
critical,12,unambiguous,long,object,nonfinal,12,8,message,10.297593116760254
critical,12,unambiguous,long,object,nonfinal,12,9,from,6.491769790649414
critical,12,unambiguous,long,object,nonfinal,12,10,the,0.931138813495636
critical,12,unambiguous,long,object,nonfinal,12,11,president,3.3397433757781982
critical,12,unambiguous,long,object,nonfinal,12,12,spread,7.112581729888916
critical,12,unambiguous,long,object,nonfinal,12,13,across,2.492639541625977
critical,12,unambiguous,long,object,nonfinal,12,14,the,0.2454673945903778
critical,12,unambiguous,long,object,nonfinal,12,15,country.,3.4074935913085938
critical,12,unambiguous,short,object,nonfinal,9,0,As,19.040546417236328
critical,12,unambiguous,short,object,nonfinal,9,1,the,3.442674398422241
critical,12,unambiguous,short,object,nonfinal,9,2,news,10.34350299835205
critical,12,unambiguous,short,object,nonfinal,9,3,channel,10.761229515075684
critical,12,unambiguous,short,object,nonfinal,9,4,broadcasted,9.626628518104551
critical,12,unambiguous,short,object,nonfinal,9,5,the,1.4612691402435305
critical,12,unambiguous,short,object,nonfinal,9,6,speech,7.653295040130615
critical,12,unambiguous,short,object,nonfinal,9,7,the,6.5793046951293945
critical,12,unambiguous,short,object,nonfinal,9,8,message,10.297593116760254
critical,12,unambiguous,short,object,nonfinal,9,9,spread,5.686742305755615
critical,12,unambiguous,short,object,nonfinal,9,10,across,3.2790818214416504
critical,12,unambiguous,short,object,nonfinal,9,11,the,0.490186333656311
critical,12,unambiguous,short,object,nonfinal,9,12,country.,4.20680570602417
critical,13,ambiguous,long,,final,9,0,As,19.040546417236328
critical,13,ambiguous,long,,final,9,1,the,3.442674398422241
critical,13,ambiguous,long,,final,9,2,teenager,14.385562896728516
critical,13,ambiguous,long,,final,9,3,drove,11.577329635620115
critical,13,ambiguous,long,,final,9,4,the,2.122995138168335
critical,13,ambiguous,long,,final,9,5,car,3.4070382118225098
critical,13,ambiguous,long,,final,9,6,for,5.27148962020874
critical,13,ambiguous,long,,final,9,7,the,0.4017459750175476
critical,13,ambiguous,long,,final,9,8,family,10.286882400512695
critical,13,ambiguous,long,,final,9,9,sputtered.,38.379912078380585
critical,13,ambiguous,short,,final,6,0,As,19.040546417236328
critical,13,ambiguous,short,,final,6,1,the,3.442674398422241
critical,13,ambiguous,short,,final,6,2,teenager,14.385562896728516
critical,13,ambiguous,short,,final,6,3,drove,11.577329635620115
critical,13,ambiguous,short,,final,6,4,the,2.122995138168335
critical,13,ambiguous,short,,final,6,5,car,3.4070382118225098
critical,13,ambiguous,short,,final,6,6,sputtered.,26.619437359273437
critical,13,unambiguous,long,comma,final,9,0,As,19.040546417236328
critical,13,unambiguous,long,comma,final,9,1,the,3.442674398422241
critical,13,unambiguous,long,comma,final,9,2,teenager,14.385562896728516
critical,13,unambiguous,long,comma,final,9,3,"drove,",17.575173377990723
critical,13,unambiguous,long,comma,final,9,4,the,2.8497910499572754
critical,13,unambiguous,long,comma,final,9,5,car,2.7949135303497314
critical,13,unambiguous,long,comma,final,9,6,for,13.439785957336426
critical,13,unambiguous,long,comma,final,9,7,the,1.2353692054748535
critical,13,unambiguous,long,comma,final,9,8,family,9.394491195678713
critical,13,unambiguous,long,comma,final,9,9,sputtered.,29.62499326840043
critical,13,unambiguous,short,comma,final,6,0,As,19.040546417236328
critical,13,unambiguous,short,comma,final,6,1,the,3.442674398422241
critical,13,unambiguous,short,comma,final,6,2,teenager,14.385562896728516
critical,13,unambiguous,short,comma,final,6,3,"drove,",17.575173377990723
critical,13,unambiguous,short,comma,final,6,4,the,2.8497910499572754
critical,13,unambiguous,short,comma,final,6,5,car,2.7949135303497314
critical,13,unambiguous,short,comma,final,6,6,sputtered.,11.960034918040035
critical,13,unambiguous,long,object,final,11,0,As,19.040546417236328
critical,13,unambiguous,long,object,final,11,1,the,3.442674398422241
critical,13,unambiguous,long,object,final,11,2,teenager,14.385562896728516
critical,13,unambiguous,long,object,final,11,3,drove,11.577329635620115
critical,13,unambiguous,long,object,final,11,4,his,4.814729690551758
critical,13,unambiguous,long,object,final,11,5,friends,7.892514705657959
critical,13,unambiguous,long,object,final,11,6,the,9.3599214553833
critical,13,unambiguous,long,object,final,11,7,car,6.614322185516357
critical,13,unambiguous,long,object,final,11,8,for,6.877066135406494
critical,13,unambiguous,long,object,final,11,9,the,0.8418206572532654
critical,13,unambiguous,long,object,final,11,10,family,8.701902389526367
critical,13,unambiguous,long,object,final,11,11,sputtered.,36.23279881477356
critical,13,unambiguous,short,object,final,8,0,As,19.040546417236328
critical,13,unambiguous,short,object,final,8,1,the,3.442674398422241
critical,13,unambiguous,short,object,final,8,2,teenager,14.385562896728516
critical,13,unambiguous,short,object,final,8,3,drove,11.577329635620115
critical,13,unambiguous,short,object,final,8,4,his,4.814729690551758
critical,13,unambiguous,short,object,final,8,5,friends,7.892514705657959
critical,13,unambiguous,short,object,final,8,6,the,9.3599214553833
critical,13,unambiguous,short,object,final,8,7,car,6.614322185516357
critical,13,unambiguous,short,object,final,8,8,sputtered.,28.350015863776207
critical,13,ambiguous,long,,nonfinal,9,0,As,19.040546417236328
critical,13,ambiguous,long,,nonfinal,9,1,the,3.442674398422241
critical,13,ambiguous,long,,nonfinal,9,2,teenager,14.385562896728516
critical,13,ambiguous,long,,nonfinal,9,3,drove,11.577329635620115
critical,13,ambiguous,long,,nonfinal,9,4,the,2.122995138168335
critical,13,ambiguous,long,,nonfinal,9,5,car,3.4070382118225098
critical,13,ambiguous,long,,nonfinal,9,6,for,5.27148962020874
critical,13,ambiguous,long,,nonfinal,9,7,the,0.4017459750175476
critical,13,ambiguous,long,,nonfinal,9,8,family,10.286882400512695
critical,13,ambiguous,long,,nonfinal,9,9,sputtered,30.05767506361008
critical,13,ambiguous,long,,nonfinal,9,10,to,2.9941022396087646
critical,13,ambiguous,long,,nonfinal,9,11,a,0.1256986707448959
critical,13,ambiguous,long,,nonfinal,9,12,halt.,5.707110643386841
critical,13,ambiguous,short,,nonfinal,6,0,As,19.040546417236328
critical,13,ambiguous,short,,nonfinal,6,1,the,3.442674398422241
critical,13,ambiguous,short,,nonfinal,6,2,teenager,14.385562896728516
critical,13,ambiguous,short,,nonfinal,6,3,drove,11.577329635620115
critical,13,ambiguous,short,,nonfinal,6,4,the,2.122995138168335
critical,13,ambiguous,short,,nonfinal,6,5,car,3.4070382118225098
critical,13,ambiguous,short,,nonfinal,6,6,sputtered,19.290953777730465
critical,13,ambiguous,short,,nonfinal,6,7,to,1.6302111148834229
critical,13,ambiguous,short,,nonfinal,6,8,a,0.3867875933647156
critical,13,ambiguous,short,,nonfinal,6,9,halt.,4.54294228553772
critical,13,unambiguous,long,comma,nonfinal,9,0,As,19.040546417236328
critical,13,unambiguous,long,comma,nonfinal,9,1,the,3.442674398422241
critical,13,unambiguous,long,comma,nonfinal,9,2,teenager,14.385562896728516
critical,13,unambiguous,long,comma,nonfinal,9,3,"drove,",17.575173377990723
critical,13,unambiguous,long,comma,nonfinal,9,4,the,2.8497910499572754
critical,13,unambiguous,long,comma,nonfinal,9,5,car,2.7949106693267822
critical,13,unambiguous,long,comma,nonfinal,9,6,for,13.439785957336426
critical,13,unambiguous,long,comma,nonfinal,9,7,the,1.2353692054748535
critical,13,unambiguous,long,comma,nonfinal,9,8,family,9.394491195678713
critical,13,unambiguous,long,comma,nonfinal,9,9,sputtered,25.58037132397294
critical,13,unambiguous,long,comma,nonfinal,9,10,to,6.579829216003418
critical,13,unambiguous,long,comma,nonfinal,9,11,a,1.147033452987671
critical,13,unambiguous,long,comma,nonfinal,9,12,halt.,2.525993049144745
critical,13,unambiguous,short,comma,nonfinal,6,0,As,19.040546417236328
critical,13,unambiguous,short,comma,nonfinal,6,1,the,3.442674398422241
critical,13,unambiguous,short,comma,nonfinal,6,2,teenager,14.385562896728516
critical,13,unambiguous,short,comma,nonfinal,6,3,"drove,",17.575173377990723
critical,13,unambiguous,short,comma,nonfinal,6,4,the,2.8497910499572754
critical,13,unambiguous,short,comma,nonfinal,6,5,car,2.7949135303497314
critical,13,unambiguous,short,comma,nonfinal,6,6,sputtered,9.225260328501465
critical,13,unambiguous,short,comma,nonfinal,6,7,to,6.941636562347412
critical,13,unambiguous,short,comma,nonfinal,6,8,a,0.9892497062683104
critical,13,unambiguous,short,comma,nonfinal,6,9,halt.,3.0588613152503967
critical,13,unambiguous,long,object,nonfinal,11,0,As,19.040546417236328
critical,13,unambiguous,long,object,nonfinal,11,1,the,3.442674398422241
critical,13,unambiguous,long,object,nonfinal,11,2,teenager,14.385562896728516
critical,13,unambiguous,long,object,nonfinal,11,3,drove,11.577329635620115
critical,13,unambiguous,long,object,nonfinal,11,4,his,4.814729690551758
critical,13,unambiguous,long,object,nonfinal,11,5,friends,7.892514705657959
critical,13,unambiguous,long,object,nonfinal,11,6,the,9.3599214553833
critical,13,unambiguous,long,object,nonfinal,11,7,car,6.614322185516357
critical,13,unambiguous,long,object,nonfinal,11,8,for,6.877066135406494
critical,13,unambiguous,long,object,nonfinal,11,9,the,0.8418206572532654
critical,13,unambiguous,long,object,nonfinal,11,10,family,8.701902389526367
critical,13,unambiguous,long,object,nonfinal,11,11,sputtered,27.60857319831848
critical,13,unambiguous,long,object,nonfinal,11,12,to,2.389730453491211
critical,13,unambiguous,long,object,nonfinal,11,13,a,0.1640384197235107
critical,13,unambiguous,long,object,nonfinal,11,14,halt.,5.885248899459839
critical,13,unambiguous,short,object,nonfinal,8,0,As,19.040546417236328
critical,13,unambiguous,short,object,nonfinal,8,1,the,3.442674398422241
critical,13,unambiguous,short,object,nonfinal,8,2,teenager,14.385562896728516
critical,13,unambiguous,short,object,nonfinal,8,3,drove,11.577329635620115
critical,13,unambiguous,short,object,nonfinal,8,4,his,4.814729690551758
critical,13,unambiguous,short,object,nonfinal,8,5,friends,7.892514705657959
critical,13,unambiguous,short,object,nonfinal,8,6,the,9.3599214553833
critical,13,unambiguous,short,object,nonfinal,8,7,car,6.614322185516357
critical,13,unambiguous,short,object,nonfinal,8,8,sputtered,23.56828711926937
critical,13,unambiguous,short,object,nonfinal,8,9,to,2.327615976333618
critical,13,unambiguous,short,object,nonfinal,8,10,a,0.2526356279850006
critical,13,unambiguous,short,object,nonfinal,8,11,halt.,3.519480466842652
critical,14,ambiguous,long,,final,9,0,Before,20.509679794311523
critical,14,ambiguous,long,,final,9,1,the,3.3642916679382324
critical,14,ambiguous,long,,final,9,2,recruiters,20.77980232238769
critical,14,ambiguous,long,,final,9,3,could,7.391387939453125
critical,14,ambiguous,long,,final,9,4,adapt,12.871286392211914
critical,14,ambiguous,long,,final,9,5,the,4.142905235290527
critical,14,ambiguous,long,,final,9,6,policy,10.388593673706056
critical,14,ambiguous,long,,final,9,7,for,4.306186676025391
critical,14,ambiguous,long,,final,9,8,hiring,8.511261940002441
critical,14,ambiguous,long,,final,9,9,changed.,19.544439792633057
critical,14,ambiguous,short,,final,7,0,Before,20.509679794311523
critical,14,ambiguous,short,,final,7,1,the,3.3642916679382324
critical,14,ambiguous,short,,final,7,2,recruiters,20.77980232238769
critical,14,ambiguous,short,,final,7,3,could,7.391390323638916
critical,14,ambiguous,short,,final,7,4,adapt,12.871286392211914
critical,14,ambiguous,short,,final,7,5,the,4.142905235290527
critical,14,ambiguous,short,,final,7,6,policy,10.388593673706056
critical,14,ambiguous,short,,final,7,7,changed.,18.146862983703613
critical,14,unambiguous,long,comma,final,9,0,Before,20.509679794311523
critical,14,unambiguous,long,comma,final,9,1,the,3.3642916679382324
critical,14,unambiguous,long,comma,final,9,2,recruiters,20.77980232238769
critical,14,unambiguous,long,comma,final,9,3,could,7.391387939453125
critical,14,unambiguous,long,comma,final,9,4,"adapt,",16.886387825012207
critical,14,unambiguous,long,comma,final,9,5,the,2.326589584350586
critical,14,unambiguous,long,comma,final,9,6,policy,12.19473361968994
critical,14,unambiguous,long,comma,final,9,7,for,6.349852561950684
critical,14,unambiguous,long,comma,final,9,8,hiring,6.345719337463379
critical,14,unambiguous,long,comma,final,9,9,changed.,10.443914890289308
critical,14,unambiguous,short,comma,final,7,0,Before,20.509679794311523
critical,14,unambiguous,short,comma,final,7,1,the,3.3642916679382324
critical,14,unambiguous,short,comma,final,7,2,recruiters,20.77980232238769
critical,14,unambiguous,short,comma,final,7,3,could,7.391387939453125
critical,14,unambiguous,short,comma,final,7,4,"adapt,",16.886387825012207
critical,14,unambiguous,short,comma,final,7,5,the,2.326589584350586
critical,14,unambiguous,short,comma,final,7,6,policy,12.19473361968994
critical,14,unambiguous,short,comma,final,7,7,changed.,7.117673873901367
critical,14,unambiguous,long,object,final,11,0,Before,20.509679794311523
critical,14,unambiguous,long,object,final,11,1,the,3.3642916679382324
critical,14,unambiguous,long,object,final,11,2,recruiters,20.77980232238769
critical,14,unambiguous,long,object,final,11,3,could,7.391387939453125
critical,14,unambiguous,long,object,final,11,4,adapt,12.871286392211914
critical,14,unambiguous,long,object,final,11,5,their,2.767542123794556
critical,14,unambiguous,long,object,final,11,6,strategies,4.098841667175293
critical,14,unambiguous,long,object,final,11,7,the,9.480993270874023
critical,14,unambiguous,long,object,final,11,8,policy,12.774842262268066
critical,14,unambiguous,long,object,final,11,9,for,7.664721965789795
critical,14,unambiguous,long,object,final,11,10,hiring,5.706500053405762
critical,14,unambiguous,long,object,final,11,11,changed.,9.783275365829468
critical,14,unambiguous,short,object,final,9,0,Before,20.509679794311523
critical,14,unambiguous,short,object,final,9,1,the,3.3642916679382324
critical,14,unambiguous,short,object,final,9,2,recruiters,20.77980232238769
critical,14,unambiguous,short,object,final,9,3,could,7.391387939453125
critical,14,unambiguous,short,object,final,9,4,adapt,12.871286392211914
critical,14,unambiguous,short,object,final,9,5,their,2.767542123794556
critical,14,unambiguous,short,object,final,9,6,strategies,4.098841667175293
critical,14,unambiguous,short,object,final,9,7,the,9.480993270874023
critical,14,unambiguous,short,object,final,9,8,policy,12.774842262268066
critical,14,unambiguous,short,object,final,9,9,changed.,5.962591648101807
critical,14,ambiguous,long,,nonfinal,9,0,Before,20.509679794311523
critical,14,ambiguous,long,,nonfinal,9,1,the,3.3642916679382324
critical,14,ambiguous,long,,nonfinal,9,2,recruiters,20.77980232238769
critical,14,ambiguous,long,,nonfinal,9,3,could,7.391390323638916
critical,14,ambiguous,long,,nonfinal,9,4,adapt,12.871286392211914
critical,14,ambiguous,long,,nonfinal,9,5,the,4.142905235290527
critical,14,ambiguous,long,,nonfinal,9,6,policy,10.388593673706056
critical,14,ambiguous,long,,nonfinal,9,7,for,4.306186676025391
critical,14,ambiguous,long,,nonfinal,9,8,hiring,8.511261940002441
critical,14,ambiguous,long,,nonfinal,9,9,changed,16.65949821472168
critical,14,ambiguous,long,,nonfinal,9,10,for,5.798476219177246
critical,14,ambiguous,long,,nonfinal,9,11,a,4.394594192504883
critical,14,ambiguous,long,,nonfinal,9,12,second,7.269144058227539
critical,14,ambiguous,long,,nonfinal,9,13,time.,2.691748470067978
critical,14,ambiguous,short,,nonfinal,7,0,Before,20.509679794311523
critical,14,ambiguous,short,,nonfinal,7,1,the,3.3642916679382324
critical,14,ambiguous,short,,nonfinal,7,2,recruiters,20.77980232238769
critical,14,ambiguous,short,,nonfinal,7,3,could,7.391387939453125
critical,14,ambiguous,short,,nonfinal,7,4,adapt,12.871286392211914
critical,14,ambiguous,short,,nonfinal,7,5,the,4.142905235290527
critical,14,ambiguous,short,,nonfinal,7,6,policy,10.388593673706056
critical,14,ambiguous,short,,nonfinal,7,7,changed,15.268657684326172
critical,14,ambiguous,short,,nonfinal,7,8,for,6.566135406494141
critical,14,ambiguous,short,,nonfinal,7,9,a,4.569686412811279
critical,14,ambiguous,short,,nonfinal,7,10,second,5.126044750213623
critical,14,ambiguous,short,,nonfinal,7,11,time.,2.1620227694511414
critical,14,unambiguous,long,comma,nonfinal,9,0,Before,20.509679794311523
critical,14,unambiguous,long,comma,nonfinal,9,1,the,3.3642916679382324
critical,14,unambiguous,long,comma,nonfinal,9,2,recruiters,20.77980232238769
critical,14,unambiguous,long,comma,nonfinal,9,3,could,7.391387939453125
critical,14,unambiguous,long,comma,nonfinal,9,4,"adapt,",16.886387825012207
critical,14,unambiguous,long,comma,nonfinal,9,5,the,2.326589584350586
critical,14,unambiguous,long,comma,nonfinal,9,6,policy,12.19473361968994
critical,14,unambiguous,long,comma,nonfinal,9,7,for,6.349852561950684
critical,14,unambiguous,long,comma,nonfinal,9,8,hiring,6.345719337463379
critical,14,unambiguous,long,comma,nonfinal,9,9,changed,9.07075309753418
critical,14,unambiguous,long,comma,nonfinal,9,10,for,7.87141752243042
critical,14,unambiguous,long,comma,nonfinal,9,11,a,3.985556125640869
critical,14,unambiguous,long,comma,nonfinal,9,12,second,4.01036548614502
critical,14,unambiguous,long,comma,nonfinal,9,13,time.,1.0137152448296547
critical,14,unambiguous,short,comma,nonfinal,7,0,Before,20.509679794311523
critical,14,unambiguous,short,comma,nonfinal,7,1,the,3.3642916679382324
critical,14,unambiguous,short,comma,nonfinal,7,2,recruiters,20.77980232238769
critical,14,unambiguous,short,comma,nonfinal,7,3,could,7.391387939453125
critical,14,unambiguous,short,comma,nonfinal,7,4,"adapt,",16.886387825012207
critical,14,unambiguous,short,comma,nonfinal,7,5,the,2.326589584350586
critical,14,unambiguous,short,comma,nonfinal,7,6,policy,12.19473361968994
critical,14,unambiguous,short,comma,nonfinal,7,7,changed,4.991841793060303
critical,14,unambiguous,short,comma,nonfinal,7,8,for,7.649056434631348
critical,14,unambiguous,short,comma,nonfinal,7,9,a,4.271317005157471
critical,14,unambiguous,short,comma,nonfinal,7,10,second,2.0090737342834477
critical,14,unambiguous,short,comma,nonfinal,7,11,time.,1.3543784841895103
critical,14,unambiguous,long,object,nonfinal,11,0,Before,20.509679794311523
critical,14,unambiguous,long,object,nonfinal,11,1,the,3.3642916679382324
critical,14,unambiguous,long,object,nonfinal,11,2,recruiters,20.77980232238769
critical,14,unambiguous,long,object,nonfinal,11,3,could,7.391387939453125
critical,14,unambiguous,long,object,nonfinal,11,4,adapt,12.871286392211914
critical,14,unambiguous,long,object,nonfinal,11,5,their,2.767542123794556
critical,14,unambiguous,long,object,nonfinal,11,6,strategies,4.098841667175293
critical,14,unambiguous,long,object,nonfinal,11,7,the,9.480993270874023
critical,14,unambiguous,long,object,nonfinal,11,8,policy,12.774842262268066
critical,14,unambiguous,long,object,nonfinal,11,9,for,7.664721965789795
critical,14,unambiguous,long,object,nonfinal,11,10,hiring,5.706500053405762
critical,14,unambiguous,long,object,nonfinal,11,11,changed,8.279486656188965
critical,14,unambiguous,long,object,nonfinal,11,12,for,7.625638961791992
critical,14,unambiguous,long,object,nonfinal,11,13,a,3.7924458980560303
critical,14,unambiguous,long,object,nonfinal,11,14,second,2.024266004562378
critical,14,unambiguous,long,object,nonfinal,11,15,time.,1.0761160776019096
critical,14,unambiguous,short,object,nonfinal,9,0,Before,20.509679794311523
critical,14,unambiguous,short,object,nonfinal,9,1,the,3.3642916679382324
critical,14,unambiguous,short,object,nonfinal,9,2,recruiters,20.77980232238769
critical,14,unambiguous,short,object,nonfinal,9,3,could,7.391390323638916
critical,14,unambiguous,short,object,nonfinal,9,4,adapt,12.871286392211914
critical,14,unambiguous,short,object,nonfinal,9,5,their,2.767542123794556
critical,14,unambiguous,short,object,nonfinal,9,6,strategies,4.098841667175293
critical,14,unambiguous,short,object,nonfinal,9,7,the,9.480993270874023
critical,14,unambiguous,short,object,nonfinal,9,8,policy,12.774842262268066
critical,14,unambiguous,short,object,nonfinal,9,9,changed,3.906818389892578
critical,14,unambiguous,short,object,nonfinal,9,10,for,7.849835872650146
critical,14,unambiguous,short,object,nonfinal,9,11,a,4.066638469696045
critical,14,unambiguous,short,object,nonfinal,9,12,second,1.117144227027893
critical,14,unambiguous,short,object,nonfinal,9,13,time.,1.410161443054676
critical,15,ambiguous,long,,final,13,0,When,17.556135177612305
critical,15,ambiguous,long,,final,13,1,the,3.614125967025757
critical,15,ambiguous,long,,final,13,2,clumsy,20.809844970703125
critical,15,ambiguous,long,,final,13,3,librarian,23.892478942871094
critical,15,ambiguous,long,,final,13,4,tried,9.907170295715332
critical,15,ambiguous,long,,final,13,5,to,2.905939817428589
critical,15,ambiguous,long,,final,13,6,organize,10.923140525817873
critical,15,ambiguous,long,,final,13,7,the,0.6906988024711609
critical,15,ambiguous,long,,final,13,8,stack,11.379077911376951
critical,15,ambiguous,long,,final,13,9,of,5.355448722839356
critical,15,ambiguous,long,,final,13,10,books,6.215981483459473
critical,15,ambiguous,long,,final,13,11,leaning,21.01742172241211
critical,15,ambiguous,long,,final,13,12,precariously,18.683064967393875
critical,15,ambiguous,long,,final,13,13,toppled.,31.791339635849
critical,15,ambiguous,short,,final,11,0,When,17.556135177612305
critical,15,ambiguous,short,,final,11,1,the,3.614125967025757
critical,15,ambiguous,short,,final,11,2,clumsy,20.809844970703125
critical,15,ambiguous,short,,final,11,3,librarian,23.892478942871094
critical,15,ambiguous,short,,final,11,4,tried,9.907170295715332
critical,15,ambiguous,short,,final,11,5,to,2.905939817428589
critical,15,ambiguous,short,,final,11,6,organize,10.923140525817873
critical,15,ambiguous,short,,final,11,7,the,0.6906988024711609
critical,15,ambiguous,short,,final,11,8,stack,11.379077911376951
critical,15,ambiguous,short,,final,11,9,of,5.355448722839356
critical,15,ambiguous,short,,final,11,10,books,6.215981483459473
critical,15,ambiguous,short,,final,11,11,toppled.,33.70616352558136
critical,15,unambiguous,long,comma,final,13,0,When,17.556135177612305
critical,15,unambiguous,long,comma,final,13,1,the,3.614125967025757
critical,15,unambiguous,long,comma,final,13,2,clumsy,20.809844970703125
critical,15,unambiguous,long,comma,final,13,3,librarian,23.892478942871094
critical,15,unambiguous,long,comma,final,13,4,tried,9.907170295715332
critical,15,unambiguous,long,comma,final,13,5,to,2.905939817428589
critical,15,unambiguous,long,comma,final,13,6,"organize,",20.21460723876953
critical,15,unambiguous,long,comma,final,13,7,the,1.5129079818725586
critical,15,unambiguous,long,comma,final,13,8,stack,9.569453239440918
critical,15,unambiguous,long,comma,final,13,9,of,3.416843891143799
critical,15,unambiguous,long,comma,final,13,10,books,1.5634489059448242
critical,15,unambiguous,long,comma,final,13,11,leaning,12.90550136566162
critical,15,unambiguous,long,comma,final,13,12,precariously,5.628510580572765
critical,15,unambiguous,long,comma,final,13,13,toppled.,14.556022265926003
critical,15,unambiguous,short,comma,final,11,0,When,17.556135177612305
critical,15,unambiguous,short,comma,final,11,1,the,3.614125967025757
critical,15,unambiguous,short,comma,final,11,2,clumsy,20.809844970703125
critical,15,unambiguous,short,comma,final,11,3,librarian,23.892478942871094
critical,15,unambiguous,short,comma,final,11,4,tried,9.907170295715332
critical,15,unambiguous,short,comma,final,11,5,to,2.905939817428589
critical,15,unambiguous,short,comma,final,11,6,"organize,",20.21460723876953
critical,15,unambiguous,short,comma,final,11,7,the,1.5129079818725586
critical,15,unambiguous,short,comma,final,11,8,stack,9.569453239440918
critical,15,unambiguous,short,comma,final,11,9,of,3.416843891143799
critical,15,unambiguous,short,comma,final,11,10,books,1.5634489059448242
critical,15,unambiguous,short,comma,final,11,11,toppled.,15.50657220557332
critical,15,unambiguous,long,object,final,16,0,When,17.556135177612305
critical,15,unambiguous,long,object,final,16,1,the,3.614125967025757
critical,15,unambiguous,long,object,final,16,2,clumsy,20.809844970703125
critical,15,unambiguous,long,object,final,16,3,librarian,23.892478942871094
critical,15,unambiguous,long,object,final,16,4,tried,9.907170295715332
critical,15,unambiguous,long,object,final,16,5,to,2.905939817428589
critical,15,unambiguous,long,object,final,16,6,organize,10.923140525817873
critical,15,unambiguous,long,object,final,16,7,the,0.6906988024711609
critical,15,unambiguous,long,object,final,16,8,reading,13.76828384399414
critical,15,unambiguous,long,object,final,16,9,room,13.414371490478516
critical,15,unambiguous,long,object,final,16,10,the,2.835737943649292
critical,15,unambiguous,long,object,final,16,11,stack,16.98659896850586
critical,15,unambiguous,long,object,final,16,12,of,4.79467248916626
critical,15,unambiguous,long,object,final,16,13,books,5.185882091522217
critical,15,unambiguous,long,object,final,16,14,leaning,17.596391677856445
critical,15,unambiguous,long,object,final,16,15,precariously,20.197880506515503
critical,15,unambiguous,long,object,final,16,16,toppled.,25.49630007147789
critical,15,unambiguous,short,object,final,14,0,When,17.556135177612305
critical,15,unambiguous,short,object,final,14,1,the,3.614125967025757
critical,15,unambiguous,short,object,final,14,2,clumsy,20.809844970703125
critical,15,unambiguous,short,object,final,14,3,librarian,23.892478942871094
critical,15,unambiguous,short,object,final,14,4,tried,9.907170295715332
critical,15,unambiguous,short,object,final,14,5,to,2.905939817428589
critical,15,unambiguous,short,object,final,14,6,organize,10.923140525817873
critical,15,unambiguous,short,object,final,14,7,the,0.6906988024711609
critical,15,unambiguous,short,object,final,14,8,reading,13.76828384399414
critical,15,unambiguous,short,object,final,14,9,room,13.414371490478516
critical,15,unambiguous,short,object,final,14,10,the,2.835740804672241
critical,15,unambiguous,short,object,final,14,11,stack,16.98659896850586
critical,15,unambiguous,short,object,final,14,12,of,4.79467248916626
critical,15,unambiguous,short,object,final,14,13,books,5.185882091522217
critical,15,unambiguous,short,object,final,14,14,toppled.,21.48518288135529
critical,15,ambiguous,long,,nonfinal,13,0,When,17.556135177612305
critical,15,ambiguous,long,,nonfinal,13,1,the,3.614125967025757
critical,15,ambiguous,long,,nonfinal,13,2,clumsy,20.809844970703125
critical,15,ambiguous,long,,nonfinal,13,3,librarian,23.892478942871094
critical,15,ambiguous,long,,nonfinal,13,4,tried,9.907170295715332
critical,15,ambiguous,long,,nonfinal,13,5,to,2.905939817428589
critical,15,ambiguous,long,,nonfinal,13,6,organize,10.923140525817873
critical,15,ambiguous,long,,nonfinal,13,7,the,0.6906988024711609
critical,15,ambiguous,long,,nonfinal,13,8,stack,11.379077911376951
critical,15,ambiguous,long,,nonfinal,13,9,of,5.355448722839356
critical,15,ambiguous,long,,nonfinal,13,10,books,6.215981483459473
critical,15,ambiguous,long,,nonfinal,13,11,leaning,21.01742172241211
critical,15,ambiguous,long,,nonfinal,13,12,precariously,18.683064967393875
critical,15,ambiguous,long,,nonfinal,13,13,toppled,20.99975562095642
critical,15,ambiguous,long,,nonfinal,13,14,over,6.590924263000488
critical,15,ambiguous,long,,nonfinal,13,15,onto,11.36706256866455
critical,15,ambiguous,long,,nonfinal,13,16,the,2.320456027984619
critical,15,ambiguous,long,,nonfinal,13,17,floor.,15.068675518035889
critical,15,ambiguous,short,,nonfinal,11,0,When,17.556135177612305
critical,15,ambiguous,short,,nonfinal,11,1,the,3.614125967025757
critical,15,ambiguous,short,,nonfinal,11,2,clumsy,20.809844970703125
critical,15,ambiguous,short,,nonfinal,11,3,librarian,23.892478942871094
critical,15,ambiguous,short,,nonfinal,11,4,tried,9.907170295715332
critical,15,ambiguous,short,,nonfinal,11,5,to,2.905939817428589
critical,15,ambiguous,short,,nonfinal,11,6,organize,10.923140525817873
critical,15,ambiguous,short,,nonfinal,11,7,the,0.6906988024711609
critical,15,ambiguous,short,,nonfinal,11,8,stack,11.379077911376951
critical,15,ambiguous,short,,nonfinal,11,9,of,5.355448722839356
critical,15,ambiguous,short,,nonfinal,11,10,books,6.215981483459473
critical,15,ambiguous,short,,nonfinal,11,11,toppled,25.303058743476868
critical,15,ambiguous,short,,nonfinal,11,12,over,4.709126949310303
critical,15,ambiguous,short,,nonfinal,11,13,onto,11.49684238433838
critical,15,ambiguous,short,,nonfinal,11,14,the,0.7805866003036499
critical,15,ambiguous,short,,nonfinal,11,15,floor.,12.698067665100098
critical,15,unambiguous,long,comma,nonfinal,13,0,When,17.556135177612305
critical,15,unambiguous,long,comma,nonfinal,13,1,the,3.614125967025757
critical,15,unambiguous,long,comma,nonfinal,13,2,clumsy,20.809844970703125
critical,15,unambiguous,long,comma,nonfinal,13,3,librarian,23.892478942871094
critical,15,unambiguous,long,comma,nonfinal,13,4,tried,9.907170295715332
critical,15,unambiguous,long,comma,nonfinal,13,5,to,2.905939817428589
critical,15,unambiguous,long,comma,nonfinal,13,6,"organize,",20.21460723876953
critical,15,unambiguous,long,comma,nonfinal,13,7,the,1.5129079818725586
critical,15,unambiguous,long,comma,nonfinal,13,8,stack,9.569453239440918
critical,15,unambiguous,long,comma,nonfinal,13,9,of,3.416843891143799
critical,15,unambiguous,long,comma,nonfinal,13,10,books,1.5634489059448242
critical,15,unambiguous,long,comma,nonfinal,13,11,leaning,12.905498504638672
critical,15,unambiguous,long,comma,nonfinal,13,12,precariously,5.628510580572765
critical,15,unambiguous,long,comma,nonfinal,13,13,toppled,11.940848687663674
critical,15,unambiguous,long,comma,nonfinal,13,14,over,2.6146838665008545
critical,15,unambiguous,long,comma,nonfinal,13,15,onto,7.96207857131958
critical,15,unambiguous,long,comma,nonfinal,13,16,the,0.4564859867095947
critical,15,unambiguous,long,comma,nonfinal,13,17,floor.,3.1717699766159058
critical,15,unambiguous,short,comma,nonfinal,11,0,When,17.556135177612305
critical,15,unambiguous,short,comma,nonfinal,11,1,the,3.614125967025757
critical,15,unambiguous,short,comma,nonfinal,11,2,clumsy,20.809844970703125
critical,15,unambiguous,short,comma,nonfinal,11,3,librarian,23.892478942871094
critical,15,unambiguous,short,comma,nonfinal,11,4,tried,9.907170295715332
critical,15,unambiguous,short,comma,nonfinal,11,5,to,2.905939817428589
critical,15,unambiguous,short,comma,nonfinal,11,6,"organize,",20.21460723876953
critical,15,unambiguous,short,comma,nonfinal,11,7,the,1.5129079818725586
critical,15,unambiguous,short,comma,nonfinal,11,8,stack,9.569453239440918
critical,15,unambiguous,short,comma,nonfinal,11,9,of,3.416843891143799
critical,15,unambiguous,short,comma,nonfinal,11,10,books,1.5634489059448242
critical,15,unambiguous,short,comma,nonfinal,11,11,toppled,12.01381655409932
critical,15,unambiguous,short,comma,nonfinal,11,12,over,1.3478596210479736
critical,15,unambiguous,short,comma,nonfinal,11,13,onto,8.367071151733398
critical,15,unambiguous,short,comma,nonfinal,11,14,the,0.3683648109436035
critical,15,unambiguous,short,comma,nonfinal,11,15,floor.,2.4269227981567383
critical,15,unambiguous,long,object,nonfinal,16,0,When,17.556135177612305
critical,15,unambiguous,long,object,nonfinal,16,1,the,3.614125967025757
critical,15,unambiguous,long,object,nonfinal,16,2,clumsy,20.809844970703125
critical,15,unambiguous,long,object,nonfinal,16,3,librarian,23.892478942871094
critical,15,unambiguous,long,object,nonfinal,16,4,tried,9.907170295715332
critical,15,unambiguous,long,object,nonfinal,16,5,to,2.905939817428589
critical,15,unambiguous,long,object,nonfinal,16,6,organize,10.923140525817873
critical,15,unambiguous,long,object,nonfinal,16,7,the,0.6906988024711609
critical,15,unambiguous,long,object,nonfinal,16,8,reading,13.76828384399414
critical,15,unambiguous,long,object,nonfinal,16,9,room,13.414371490478516
critical,15,unambiguous,long,object,nonfinal,16,10,the,2.835740804672241
critical,15,unambiguous,long,object,nonfinal,16,11,stack,16.98659896850586
critical,15,unambiguous,long,object,nonfinal,16,12,of,4.79467248916626
critical,15,unambiguous,long,object,nonfinal,16,13,books,5.185882091522217
critical,15,unambiguous,long,object,nonfinal,16,14,leaning,17.596391677856445
critical,15,unambiguous,long,object,nonfinal,16,15,precariously,20.197880506515503
critical,15,unambiguous,long,object,nonfinal,16,16,toppled,14.96139559149742
critical,15,unambiguous,long,object,nonfinal,16,17,over,4.945440769195557
critical,15,unambiguous,long,object,nonfinal,16,18,onto,11.21388053894043
critical,15,unambiguous,long,object,nonfinal,16,19,the,0.6147347688674927
critical,15,unambiguous,long,object,nonfinal,16,20,floor.,16.42325782775879
critical,15,unambiguous,short,object,nonfinal,14,0,When,17.556135177612305
critical,15,unambiguous,short,object,nonfinal,14,1,the,3.614125967025757
critical,15,unambiguous,short,object,nonfinal,14,2,clumsy,20.809844970703125
critical,15,unambiguous,short,object,nonfinal,14,3,librarian,23.892478942871094
critical,15,unambiguous,short,object,nonfinal,14,4,tried,9.907170295715332
critical,15,unambiguous,short,object,nonfinal,14,5,to,2.905939817428589
critical,15,unambiguous,short,object,nonfinal,14,6,organize,10.923140525817873
critical,15,unambiguous,short,object,nonfinal,14,7,the,0.6906988024711609
critical,15,unambiguous,short,object,nonfinal,14,8,reading,13.76828384399414
critical,15,unambiguous,short,object,nonfinal,14,9,room,13.414371490478516
critical,15,unambiguous,short,object,nonfinal,14,10,the,2.835737943649292
critical,15,unambiguous,short,object,nonfinal,14,11,stack,16.98659896850586
critical,15,unambiguous,short,object,nonfinal,14,12,of,4.79467248916626
critical,15,unambiguous,short,object,nonfinal,14,13,books,5.185882091522217
critical,15,unambiguous,short,object,nonfinal,14,14,toppled,15.898677468299866
critical,15,unambiguous,short,object,nonfinal,14,15,over,1.2654346227645874
critical,15,unambiguous,short,object,nonfinal,14,16,onto,11.32034397125244
critical,15,unambiguous,short,object,nonfinal,14,17,the,0.7554743885993958
critical,15,unambiguous,short,object,nonfinal,14,18,floor.,9.973307132720947
critical,16,ambiguous,long,,final,9,0,Because,21.475265502929688
critical,16,ambiguous,long,,final,9,1,the,3.5499460697174072
critical,16,ambiguous,long,,final,9,2,majorette,28.77916771173477
critical,16,ambiguous,long,,final,9,3,spun,9.737871170043944
critical,16,ambiguous,long,,final,9,4,the,3.264514207839966
critical,16,ambiguous,long,,final,9,5,baton,1.855112213641405
critical,16,ambiguous,long,,final,9,6,made,15.469655990600586
critical,16,ambiguous,long,,final,9,7,of,1.8332469463348389
critical,16,ambiguous,long,,final,9,8,steel,5.3261003494262695
critical,16,ambiguous,long,,final,9,9,flew.,21.263410568237305
critical,16,ambiguous,short,,final,6,0,Because,21.475265502929688
critical,16,ambiguous,short,,final,6,1,the,3.5499446392059326
critical,16,ambiguous,short,,final,6,2,majorette,28.77916771173477
critical,16,ambiguous,short,,final,6,3,spun,9.737871170043944
critical,16,ambiguous,short,,final,6,4,the,3.264514207839966
critical,16,ambiguous,short,,final,6,5,baton,1.855112213641405
critical,16,ambiguous,short,,final,6,6,flew.,24.69443082809448
critical,16,unambiguous,long,comma,final,9,0,Because,21.475265502929688
critical,16,unambiguous,long,comma,final,9,1,the,3.5499460697174072
critical,16,unambiguous,long,comma,final,9,2,majorette,28.77916771173477
critical,16,unambiguous,long,comma,final,9,3,"spun,",15.5675048828125
critical,16,unambiguous,long,comma,final,9,4,the,1.796874761581421
critical,16,unambiguous,long,comma,final,9,5,baton,10.6946911662817
critical,16,unambiguous,long,comma,final,9,6,made,4.763880729675293
critical,16,unambiguous,long,comma,final,9,7,of,11.704500198364258
critical,16,unambiguous,long,comma,final,9,8,steel,5.3648529052734375
critical,16,unambiguous,long,comma,final,9,9,flew.,13.119955062866213
critical,16,unambiguous,short,comma,final,6,0,Because,21.475265502929688
critical,16,unambiguous,short,comma,final,6,1,the,3.5499460697174072
critical,16,unambiguous,short,comma,final,6,2,majorette,28.77916771173477
critical,16,unambiguous,short,comma,final,6,3,"spun,",15.5675048828125
critical,16,unambiguous,short,comma,final,6,4,the,1.796874761581421
critical,16,unambiguous,short,comma,final,6,5,baton,10.6946911662817
critical,16,unambiguous,short,comma,final,6,6,flew.,11.049593448638916
critical,16,unambiguous,long,object,final,10,0,Because,21.475265502929688
critical,16,unambiguous,long,object,final,10,1,the,3.5499460697174072
critical,16,unambiguous,long,object,final,10,2,majorette,28.77916771173477
critical,16,unambiguous,long,object,final,10,3,spun,9.737871170043944
critical,16,unambiguous,long,object,final,10,4,herself,7.416158676147461
critical,16,unambiguous,long,object,final,10,5,the,9.258086204528809
critical,16,unambiguous,long,object,final,10,6,baton,11.98866929858923
critical,16,unambiguous,long,object,final,10,7,made,6.663284778594971
critical,16,unambiguous,long,object,final,10,8,of,8.361515998840332
critical,16,unambiguous,long,object,final,10,9,steel,6.489286422729492
critical,16,unambiguous,long,object,final,10,10,flew.,14.647539615631104
critical,16,unambiguous,short,object,final,7,0,Because,21.475265502929688
critical,16,unambiguous,short,object,final,7,1,the,3.5499460697174072
critical,16,unambiguous,short,object,final,7,2,majorette,28.77916771173477
critical,16,unambiguous,short,object,final,7,3,spun,9.737871170043944
critical,16,unambiguous,short,object,final,7,4,herself,7.416158676147461
critical,16,unambiguous,short,object,final,7,5,the,9.258086204528809
critical,16,unambiguous,short,object,final,7,6,baton,11.98866929858923
critical,16,unambiguous,short,object,final,7,7,flew.,11.258666515350342
critical,16,ambiguous,long,,nonfinal,9,0,Because,21.475265502929688
critical,16,ambiguous,long,,nonfinal,9,1,the,3.5499460697174072
critical,16,ambiguous,long,,nonfinal,9,2,majorette,28.77916771173477
critical,16,ambiguous,long,,nonfinal,9,3,spun,9.737871170043944
critical,16,ambiguous,long,,nonfinal,9,4,the,3.264514207839966
critical,16,ambiguous,long,,nonfinal,9,5,baton,1.855112213641405
critical,16,ambiguous,long,,nonfinal,9,6,made,15.469655990600586
critical,16,ambiguous,long,,nonfinal,9,7,of,1.8332469463348389
critical,16,ambiguous,long,,nonfinal,9,8,steel,5.3261003494262695
critical,16,ambiguous,long,,nonfinal,9,9,flew,13.863789558410645
critical,16,ambiguous,long,,nonfinal,9,10,from,5.682370185852051
critical,16,ambiguous,long,,nonfinal,9,11,her,0.7809250354766846
critical,16,ambiguous,long,,nonfinal,9,12,hands.,5.19002628326416
critical,16,ambiguous,short,,nonfinal,6,0,Because,21.475265502929688
critical,16,ambiguous,short,,nonfinal,6,1,the,3.5499460697174072
critical,16,ambiguous,short,,nonfinal,6,2,majorette,28.77916771173477
critical,16,ambiguous,short,,nonfinal,6,3,spun,9.737871170043944
critical,16,ambiguous,short,,nonfinal,6,4,the,3.264514207839966
critical,16,ambiguous,short,,nonfinal,6,5,baton,1.855112213641405
critical,16,ambiguous,short,,nonfinal,6,6,flew,18.000728607177734
critical,16,ambiguous,short,,nonfinal,6,7,from,6.093694686889648
critical,16,ambiguous,short,,nonfinal,6,8,her,0.5759245157241821
critical,16,ambiguous,short,,nonfinal,6,9,hands.,4.714085578918457
critical,16,unambiguous,long,comma,nonfinal,9,0,Because,21.475265502929688
critical,16,unambiguous,long,comma,nonfinal,9,1,the,3.5499460697174072
critical,16,unambiguous,long,comma,nonfinal,9,2,majorette,28.77916771173477
critical,16,unambiguous,long,comma,nonfinal,9,3,"spun,",15.5675048828125
critical,16,unambiguous,long,comma,nonfinal,9,4,the,1.796874761581421
critical,16,unambiguous,long,comma,nonfinal,9,5,baton,10.6946911662817
critical,16,unambiguous,long,comma,nonfinal,9,6,made,4.763883590698242
critical,16,unambiguous,long,comma,nonfinal,9,7,of,11.704500198364258
critical,16,unambiguous,long,comma,nonfinal,9,8,steel,5.3648529052734375
critical,16,unambiguous,long,comma,nonfinal,9,9,flew,6.651580333709717
critical,16,unambiguous,long,comma,nonfinal,9,10,from,4.549230098724365
critical,16,unambiguous,long,comma,nonfinal,9,11,her,0.7348172068595886
critical,16,unambiguous,long,comma,nonfinal,9,12,hands.,4.253906846046448
critical,16,unambiguous,short,comma,nonfinal,6,0,Because,21.475265502929688
critical,16,unambiguous,short,comma,nonfinal,6,1,the,3.5499460697174072
critical,16,unambiguous,short,comma,nonfinal,6,2,majorette,28.77916771173477
critical,16,unambiguous,short,comma,nonfinal,6,3,"spun,",15.5675048828125
critical,16,unambiguous,short,comma,nonfinal,6,4,the,1.796874761581421
critical,16,unambiguous,short,comma,nonfinal,6,5,baton,10.6946911662817
critical,16,unambiguous,short,comma,nonfinal,6,6,flew,5.279605865478516
critical,16,unambiguous,short,comma,nonfinal,6,7,from,5.3240461349487305
critical,16,unambiguous,short,comma,nonfinal,6,8,her,0.5555947422981262
critical,16,unambiguous,short,comma,nonfinal,6,9,hands.,4.505854606628418
critical,16,unambiguous,long,object,nonfinal,10,0,Because,21.475265502929688
critical,16,unambiguous,long,object,nonfinal,10,1,the,3.5499460697174072
critical,16,unambiguous,long,object,nonfinal,10,2,majorette,28.77916771173477
critical,16,unambiguous,long,object,nonfinal,10,3,spun,9.737871170043944
critical,16,unambiguous,long,object,nonfinal,10,4,herself,7.416158676147461
critical,16,unambiguous,long,object,nonfinal,10,5,the,9.258086204528809
critical,16,unambiguous,long,object,nonfinal,10,6,baton,11.98866929858923
critical,16,unambiguous,long,object,nonfinal,10,7,made,6.663284778594971
critical,16,unambiguous,long,object,nonfinal,10,8,of,8.361515998840332
critical,16,unambiguous,long,object,nonfinal,10,9,steel,6.489286422729492
critical,16,unambiguous,long,object,nonfinal,10,10,flew,7.80831241607666
critical,16,unambiguous,long,object,nonfinal,10,11,from,4.324516296386719
critical,16,unambiguous,long,object,nonfinal,10,12,her,0.2344880253076553
critical,16,unambiguous,long,object,nonfinal,10,13,hands.,4.232341527938843
critical,16,unambiguous,short,object,nonfinal,7,0,Because,21.475265502929688
critical,16,unambiguous,short,object,nonfinal,7,1,the,3.5499460697174072
critical,16,unambiguous,short,object,nonfinal,7,2,majorette,28.77916771173477
critical,16,unambiguous,short,object,nonfinal,7,3,spun,9.737871170043944
critical,16,unambiguous,short,object,nonfinal,7,4,herself,7.416158676147461
critical,16,unambiguous,short,object,nonfinal,7,5,the,9.258086204528809
critical,16,unambiguous,short,object,nonfinal,7,6,baton,11.98866929858923
critical,16,unambiguous,short,object,nonfinal,7,7,flew,5.139196395874023
critical,16,unambiguous,short,object,nonfinal,7,8,from,4.576940059661865
critical,16,unambiguous,short,object,nonfinal,7,9,her,0.1934185624122619
critical,16,unambiguous,short,object,nonfinal,7,10,hands.,3.935851693153381
critical,17,ambiguous,long,,final,9,0,When,17.556135177612305
critical,17,ambiguous,long,,final,9,1,the,3.614125967025757
critical,17,ambiguous,long,,final,9,2,family,15.47887897491455
critical,17,ambiguous,long,,final,9,3,packed,21.746103286743164
critical,17,ambiguous,long,,final,9,4,the,2.498607873916626
critical,17,ambiguous,long,,final,9,5,vases,23.133390426635746
critical,17,ambiguous,long,,final,9,6,made,9.35753345489502
critical,17,ambiguous,long,,final,9,7,of,4.801764011383057
critical,17,ambiguous,long,,final,9,8,porcelain,9.012943267822266
critical,17,ambiguous,long,,final,9,9,shattered.,20.17870140075684
critical,17,ambiguous,short,,final,6,0,When,17.556135177612305
critical,17,ambiguous,short,,final,6,1,the,3.614125967025757
critical,17,ambiguous,short,,final,6,2,family,15.47887897491455
critical,17,ambiguous,short,,final,6,3,packed,21.746103286743164
critical,17,ambiguous,short,,final,6,4,the,2.498607873916626
critical,17,ambiguous,short,,final,6,5,vases,23.133390426635746
critical,17,ambiguous,short,,final,6,6,shattered.,24.514863967895508
critical,17,unambiguous,long,comma,final,9,0,When,17.556135177612305
critical,17,unambiguous,long,comma,final,9,1,the,3.614125967025757
critical,17,unambiguous,long,comma,final,9,2,family,15.47887897491455
critical,17,unambiguous,long,comma,final,9,3,"packed,",26.903560161590576
critical,17,unambiguous,long,comma,final,9,4,the,2.8186194896698
critical,17,unambiguous,long,comma,final,9,5,vases,18.132307052612305
critical,17,unambiguous,long,comma,final,9,6,made,8.236145973205566
critical,17,unambiguous,long,comma,final,9,7,of,5.717037677764893
critical,17,unambiguous,long,comma,final,9,8,porcelain,7.479716777801514
critical,17,unambiguous,long,comma,final,9,9,shattered.,15.105202436447144
critical,17,unambiguous,short,comma,final,6,0,When,17.556135177612305
critical,17,unambiguous,short,comma,final,6,1,the,3.614125967025757
critical,17,unambiguous,short,comma,final,6,2,family,15.47887897491455
critical,17,unambiguous,short,comma,final,6,3,"packed,",26.903560161590576
critical,17,unambiguous,short,comma,final,6,4,the,2.8186194896698
critical,17,unambiguous,short,comma,final,6,5,vases,18.132307052612305
critical,17,unambiguous,short,comma,final,6,6,shattered.,15.88845920562744
critical,17,unambiguous,long,object,final,11,0,When,17.556135177612305
critical,17,unambiguous,long,object,final,11,1,the,3.614125967025757
critical,17,unambiguous,long,object,final,11,2,family,15.47887897491455
critical,17,unambiguous,long,object,final,11,3,packed,21.746103286743164
critical,17,unambiguous,long,object,final,11,4,their,6.256862163543701
critical,17,unambiguous,long,object,final,11,5,belongings,6.60807991027832
critical,17,unambiguous,long,object,final,11,6,the,6.340895652770996
critical,17,unambiguous,long,object,final,11,7,vases,23.12493896484375
critical,17,unambiguous,long,object,final,11,8,made,8.297645568847656
critical,17,unambiguous,long,object,final,11,9,of,7.806575775146484
critical,17,unambiguous,long,object,final,11,10,porcelain,11.500706672668455
critical,17,unambiguous,long,object,final,11,11,shattered.,18.90257453918457
critical,17,unambiguous,short,object,final,8,0,When,17.556135177612305
critical,17,unambiguous,short,object,final,8,1,the,3.614125967025757
critical,17,unambiguous,short,object,final,8,2,family,15.47887897491455
critical,17,unambiguous,short,object,final,8,3,packed,21.746103286743164
critical,17,unambiguous,short,object,final,8,4,their,6.256862163543701
critical,17,unambiguous,short,object,final,8,5,belongings,6.60807991027832
critical,17,unambiguous,short,object,final,8,6,the,6.340895652770996
critical,17,unambiguous,short,object,final,8,7,vases,23.1249361038208
critical,17,unambiguous,short,object,final,8,8,shattered.,17.539218425750732
critical,17,ambiguous,long,,nonfinal,9,0,When,17.556135177612305
critical,17,ambiguous,long,,nonfinal,9,1,the,3.614125967025757
critical,17,ambiguous,long,,nonfinal,9,2,family,15.47887897491455
critical,17,ambiguous,long,,nonfinal,9,3,packed,21.746103286743164
critical,17,ambiguous,long,,nonfinal,9,4,the,2.498607873916626
critical,17,ambiguous,long,,nonfinal,9,5,vases,23.133390426635746
critical,17,ambiguous,long,,nonfinal,9,6,made,9.35753345489502
critical,17,ambiguous,long,,nonfinal,9,7,of,4.801764011383057
critical,17,ambiguous,long,,nonfinal,9,8,porcelain,9.012943267822266
critical,17,ambiguous,long,,nonfinal,9,9,shattered,15.99087142944336
critical,17,ambiguous,long,,nonfinal,9,10,into,6.572139263153076
critical,17,ambiguous,long,,nonfinal,9,11,many,8.336324691772461
critical,17,ambiguous,long,,nonfinal,9,12,pieces.,6.160770654678345
critical,17,ambiguous,short,,nonfinal,6,0,When,17.556135177612305
critical,17,ambiguous,short,,nonfinal,6,1,the,3.614125967025757
critical,17,ambiguous,short,,nonfinal,6,2,family,15.47887897491455
critical,17,ambiguous,short,,nonfinal,6,3,packed,21.746103286743164
critical,17,ambiguous,short,,nonfinal,6,4,the,2.498607873916626
critical,17,ambiguous,short,,nonfinal,6,5,vases,23.133390426635746
critical,17,ambiguous,short,,nonfinal,6,6,shattered,17.669580459594727
critical,17,ambiguous,short,,nonfinal,6,7,into,8.516623497009277
critical,17,ambiguous,short,,nonfinal,6,8,many,9.436176300048828
critical,17,ambiguous,short,,nonfinal,6,9,pieces.,7.769705772399902
critical,17,unambiguous,long,comma,nonfinal,9,0,When,17.556135177612305
critical,17,unambiguous,long,comma,nonfinal,9,1,the,3.614125967025757
critical,17,unambiguous,long,comma,nonfinal,9,2,family,15.47887897491455
critical,17,unambiguous,long,comma,nonfinal,9,3,"packed,",26.903560161590576
critical,17,unambiguous,long,comma,nonfinal,9,4,the,2.8186194896698
critical,17,unambiguous,long,comma,nonfinal,9,5,vases,18.132307052612305
critical,17,unambiguous,long,comma,nonfinal,9,6,made,8.236145973205566
critical,17,unambiguous,long,comma,nonfinal,9,7,of,5.717037677764893
critical,17,unambiguous,long,comma,nonfinal,9,8,porcelain,7.479716777801514
critical,17,unambiguous,long,comma,nonfinal,9,9,shattered,12.700868606567385
critical,17,unambiguous,long,comma,nonfinal,9,10,into,4.673962593078613
critical,17,unambiguous,long,comma,nonfinal,9,11,many,5.726800918579102
critical,17,unambiguous,long,comma,nonfinal,9,12,pieces.,1.919744610786438
critical,17,unambiguous,short,comma,nonfinal,6,0,When,17.556135177612305
critical,17,unambiguous,short,comma,nonfinal,6,1,the,3.614125967025757
critical,17,unambiguous,short,comma,nonfinal,6,2,family,15.47887897491455
critical,17,unambiguous,short,comma,nonfinal,6,3,"packed,",26.903560161590576
critical,17,unambiguous,short,comma,nonfinal,6,4,the,2.8186194896698
critical,17,unambiguous,short,comma,nonfinal,6,5,vases,18.132307052612305
critical,17,unambiguous,short,comma,nonfinal,6,6,shattered,13.443361282348633
critical,17,unambiguous,short,comma,nonfinal,6,7,into,6.618762016296387
critical,17,unambiguous,short,comma,nonfinal,6,8,many,7.100720405578613
critical,17,unambiguous,short,comma,nonfinal,6,9,pieces.,2.874440908432007
critical,17,unambiguous,long,object,nonfinal,11,0,When,17.556135177612305
critical,17,unambiguous,long,object,nonfinal,11,1,the,3.614125967025757
critical,17,unambiguous,long,object,nonfinal,11,2,family,15.47887897491455
critical,17,unambiguous,long,object,nonfinal,11,3,packed,21.746103286743164
critical,17,unambiguous,long,object,nonfinal,11,4,their,6.256862163543701
critical,17,unambiguous,long,object,nonfinal,11,5,belongings,6.60807991027832
critical,17,unambiguous,long,object,nonfinal,11,6,the,6.340895652770996
critical,17,unambiguous,long,object,nonfinal,11,7,vases,23.12493896484375
critical,17,unambiguous,long,object,nonfinal,11,8,made,8.297645568847656
critical,17,unambiguous,long,object,nonfinal,11,9,of,7.806575775146484
critical,17,unambiguous,long,object,nonfinal,11,10,porcelain,11.500706672668455
critical,17,unambiguous,long,object,nonfinal,11,11,shattered,13.619487762451172
critical,17,unambiguous,long,object,nonfinal,11,12,into,5.157806396484375
critical,17,unambiguous,long,object,nonfinal,11,13,many,8.801458358764648
critical,17,unambiguous,long,object,nonfinal,11,14,pieces.,5.349469304084778
critical,17,unambiguous,short,object,nonfinal,8,0,When,17.556135177612305
critical,17,unambiguous,short,object,nonfinal,8,1,the,3.614125967025757
critical,17,unambiguous,short,object,nonfinal,8,2,family,15.47887897491455
critical,17,unambiguous,short,object,nonfinal,8,3,packed,21.746103286743164
critical,17,unambiguous,short,object,nonfinal,8,4,their,6.256862163543701
critical,17,unambiguous,short,object,nonfinal,8,5,belongings,6.60807991027832
critical,17,unambiguous,short,object,nonfinal,8,6,the,6.340895652770996
critical,17,unambiguous,short,object,nonfinal,8,7,vases,23.12493896484375
critical,17,unambiguous,short,object,nonfinal,8,8,shattered,12.175203323364258
critical,17,unambiguous,short,object,nonfinal,8,9,into,9.473406791687012
critical,17,unambiguous,short,object,nonfinal,8,10,many,8.627519607543945
critical,17,unambiguous,short,object,nonfinal,8,11,pieces.,7.559317111968994
critical,18,ambiguous,long,,final,10,0,After,18.587234497070312
critical,18,ambiguous,long,,final,10,1,the,2.4606616497039795
critical,18,ambiguous,long,,final,10,2,college,14.482840538024902
critical,18,ambiguous,long,,final,10,3,shut,11.04905128479004
critical,18,ambiguous,long,,final,10,4,down,0.2045080065727234
critical,18,ambiguous,long,,final,10,5,the,5.237141132354736
critical,18,ambiguous,long,,final,10,6,parties,12.074292182922363
critical,18,ambiguous,long,,final,10,7,in,4.851176261901856
critical,18,ambiguous,long,,final,10,8,the,1.8272922039031985
critical,18,ambiguous,long,,final,10,9,fraternity,10.713208198547363
critical,18,ambiguous,long,,final,10,10,stopped.,12.184030771255491
critical,18,ambiguous,short,,final,7,0,After,18.587234497070312
critical,18,ambiguous,short,,final,7,1,the,2.4606616497039795
critical,18,ambiguous,short,,final,7,2,college,14.482840538024902
critical,18,ambiguous,short,,final,7,3,shut,11.04905128479004
critical,18,ambiguous,short,,final,7,4,down,0.2045080065727234
critical,18,ambiguous,short,,final,7,5,the,5.237141132354736
critical,18,ambiguous,short,,final,7,6,parties,12.074292182922363
critical,18,ambiguous,short,,final,7,7,stopped.,7.507414102554321
critical,18,unambiguous,long,comma,final,10,0,After,18.587234497070312
critical,18,unambiguous,long,comma,final,10,1,the,2.4606616497039795
critical,18,unambiguous,long,comma,final,10,2,college,14.482840538024902
critical,18,unambiguous,long,comma,final,10,3,shut,11.04905128479004
critical,18,unambiguous,long,comma,final,10,4,"down,",1.4487571120262146
critical,18,unambiguous,long,comma,final,10,5,the,2.8237900733947754
critical,18,unambiguous,long,comma,final,10,6,parties,12.104389190673828
critical,18,unambiguous,long,comma,final,10,7,in,6.180219650268555
critical,18,unambiguous,long,comma,final,10,8,the,1.5415561199188232
critical,18,unambiguous,long,comma,final,10,9,fraternity,12.370843887329102
critical,18,unambiguous,long,comma,final,10,10,stopped.,18.084049701690677
critical,18,unambiguous,short,comma,final,7,0,After,18.587234497070312
critical,18,unambiguous,short,comma,final,7,1,the,2.4606616497039795
critical,18,unambiguous,short,comma,final,7,2,college,14.482840538024902
critical,18,unambiguous,short,comma,final,7,3,shut,11.04905128479004
critical,18,unambiguous,short,comma,final,7,4,"down,",1.4487571120262146
critical,18,unambiguous,short,comma,final,7,5,the,2.8237900733947754
critical,18,unambiguous,short,comma,final,7,6,parties,12.104389190673828
critical,18,unambiguous,short,comma,final,7,7,stopped.,17.835659980773926
critical,18,unambiguous,long,object,final,12,0,After,18.587234497070312
critical,18,unambiguous,long,object,final,12,1,the,2.4606616497039795
critical,18,unambiguous,long,object,final,12,2,college,14.482840538024902
critical,18,unambiguous,long,object,final,12,3,shut,11.04905128479004
critical,18,unambiguous,long,object,final,12,4,down,0.2045080065727234
critical,18,unambiguous,long,object,final,12,5,the,5.237141132354736
critical,18,unambiguous,long,object,final,12,6,campus,6.065679550170898
critical,18,unambiguous,long,object,final,12,7,the,7.003232479095459
critical,18,unambiguous,long,object,final,12,8,parties,12.124693870544434
critical,18,unambiguous,long,object,final,12,9,in,5.813539028167725
critical,18,unambiguous,long,object,final,12,10,the,1.092843770980835
critical,18,unambiguous,long,object,final,12,11,fraternity,10.003804206848145
critical,18,unambiguous,long,object,final,12,12,stopped.,15.57362985610962
critical,18,unambiguous,short,object,final,9,0,After,18.587234497070312
critical,18,unambiguous,short,object,final,9,1,the,2.4606616497039795
critical,18,unambiguous,short,object,final,9,2,college,14.482840538024902
critical,18,unambiguous,short,object,final,9,3,shut,11.04905128479004
critical,18,unambiguous,short,object,final,9,4,down,0.2045080065727234
critical,18,unambiguous,short,object,final,9,5,the,5.237141132354736
critical,18,unambiguous,short,object,final,9,6,campus,6.065679550170898
critical,18,unambiguous,short,object,final,9,7,the,7.003232479095459
critical,18,unambiguous,short,object,final,9,8,parties,12.124693870544434
critical,18,unambiguous,short,object,final,9,9,stopped.,12.697656154632568
critical,18,ambiguous,long,,nonfinal,10,0,After,18.587234497070312
critical,18,ambiguous,long,,nonfinal,10,1,the,2.4606616497039795
critical,18,ambiguous,long,,nonfinal,10,2,college,14.482840538024902
critical,18,ambiguous,long,,nonfinal,10,3,shut,11.04904842376709
critical,18,ambiguous,long,,nonfinal,10,4,down,0.2045080065727234
critical,18,ambiguous,long,,nonfinal,10,5,the,5.237141132354736
critical,18,ambiguous,long,,nonfinal,10,6,parties,12.074292182922363
critical,18,ambiguous,long,,nonfinal,10,7,in,4.851176261901856
critical,18,ambiguous,long,,nonfinal,10,8,the,1.8272922039031985
critical,18,ambiguous,long,,nonfinal,10,9,fraternity,10.713208198547363
critical,18,ambiguous,long,,nonfinal,10,10,stopped,10.162659645080566
critical,18,ambiguous,long,,nonfinal,10,11,for,5.239898681640625
critical,18,ambiguous,long,,nonfinal,10,12,the,4.599701881408691
critical,18,ambiguous,long,,nonfinal,10,13,year.,4.9649189710617065
critical,18,ambiguous,short,,nonfinal,7,0,After,18.587234497070312
critical,18,ambiguous,short,,nonfinal,7,1,the,2.4606616497039795
critical,18,ambiguous,short,,nonfinal,7,2,college,14.482840538024902
critical,18,ambiguous,short,,nonfinal,7,3,shut,11.04905128479004
critical,18,ambiguous,short,,nonfinal,7,4,down,0.2045080065727234
critical,18,ambiguous,short,,nonfinal,7,5,the,5.237141132354736
critical,18,ambiguous,short,,nonfinal,7,6,parties,12.074292182922363
critical,18,ambiguous,short,,nonfinal,7,7,stopped,5.59574031829834
critical,18,ambiguous,short,,nonfinal,7,8,for,5.47185754776001
critical,18,ambiguous,short,,nonfinal,7,9,the,4.654750347137451
critical,18,ambiguous,short,,nonfinal,7,10,year.,5.144152283668518
critical,18,unambiguous,long,comma,nonfinal,10,0,After,18.587234497070312
critical,18,unambiguous,long,comma,nonfinal,10,1,the,2.4606616497039795
critical,18,unambiguous,long,comma,nonfinal,10,2,college,14.482840538024902
critical,18,unambiguous,long,comma,nonfinal,10,3,shut,11.04905128479004
critical,18,unambiguous,long,comma,nonfinal,10,4,"down,",1.4487571120262146
critical,18,unambiguous,long,comma,nonfinal,10,5,the,2.8237900733947754
critical,18,unambiguous,long,comma,nonfinal,10,6,parties,12.104389190673828
critical,18,unambiguous,long,comma,nonfinal,10,7,in,6.180219650268555
critical,18,unambiguous,long,comma,nonfinal,10,8,the,1.5415561199188232
critical,18,unambiguous,long,comma,nonfinal,10,9,fraternity,12.370843887329102
critical,18,unambiguous,long,comma,nonfinal,10,10,stopped,7.706216335296631
critical,18,unambiguous,long,comma,nonfinal,10,11,for,8.813067436218262
critical,18,unambiguous,long,comma,nonfinal,10,12,the,3.544980764389038
critical,18,unambiguous,long,comma,nonfinal,10,13,year.,5.674921274185181
critical,18,unambiguous,short,comma,nonfinal,7,0,After,18.587234497070312
critical,18,unambiguous,short,comma,nonfinal,7,1,the,2.4606616497039795
critical,18,unambiguous,short,comma,nonfinal,7,2,college,14.482840538024902
critical,18,unambiguous,short,comma,nonfinal,7,3,shut,11.04905128479004
critical,18,unambiguous,short,comma,nonfinal,7,4,"down,",1.4487571120262146
critical,18,unambiguous,short,comma,nonfinal,7,5,the,2.8237900733947754
critical,18,unambiguous,short,comma,nonfinal,7,6,parties,12.104389190673828
critical,18,unambiguous,short,comma,nonfinal,7,7,stopped,8.621397972106934
critical,18,unambiguous,short,comma,nonfinal,7,8,for,9.50634479522705
critical,18,unambiguous,short,comma,nonfinal,7,9,the,4.146440982818604
critical,18,unambiguous,short,comma,nonfinal,7,10,year.,6.126324772834778
critical,18,unambiguous,long,object,nonfinal,12,0,After,18.587234497070312
critical,18,unambiguous,long,object,nonfinal,12,1,the,2.4606616497039795
critical,18,unambiguous,long,object,nonfinal,12,2,college,14.482840538024902
critical,18,unambiguous,long,object,nonfinal,12,3,shut,11.04905128479004
critical,18,unambiguous,long,object,nonfinal,12,4,down,0.2045080065727234
critical,18,unambiguous,long,object,nonfinal,12,5,the,5.237141132354736
critical,18,unambiguous,long,object,nonfinal,12,6,campus,6.065679550170898
critical,18,unambiguous,long,object,nonfinal,12,7,the,7.003232479095459
critical,18,unambiguous,long,object,nonfinal,12,8,parties,12.124693870544434
critical,18,unambiguous,long,object,nonfinal,12,9,in,5.813541889190674
critical,18,unambiguous,long,object,nonfinal,12,10,the,1.092843770980835
critical,18,unambiguous,long,object,nonfinal,12,11,fraternity,10.003804206848145
critical,18,unambiguous,long,object,nonfinal,12,12,stopped,7.811113357543945
critical,18,unambiguous,long,object,nonfinal,12,13,for,7.518314838409424
critical,18,unambiguous,long,object,nonfinal,12,14,the,3.579272508621216
critical,18,unambiguous,long,object,nonfinal,12,15,year.,6.552483916282654
critical,18,unambiguous,short,object,nonfinal,9,0,After,18.587234497070312
critical,18,unambiguous,short,object,nonfinal,9,1,the,2.4606616497039795
critical,18,unambiguous,short,object,nonfinal,9,2,college,14.482840538024902
critical,18,unambiguous,short,object,nonfinal,9,3,shut,11.04905128479004
critical,18,unambiguous,short,object,nonfinal,9,4,down,0.2045080065727234
critical,18,unambiguous,short,object,nonfinal,9,5,the,5.237141132354736
critical,18,unambiguous,short,object,nonfinal,9,6,campus,6.065679550170898
critical,18,unambiguous,short,object,nonfinal,9,7,the,7.003232479095459
critical,18,unambiguous,short,object,nonfinal,9,8,parties,12.124693870544434
critical,18,unambiguous,short,object,nonfinal,9,9,stopped,7.747128963470459
critical,18,unambiguous,short,object,nonfinal,9,10,for,6.4825544357299805
critical,18,unambiguous,short,object,nonfinal,9,11,the,3.796763181686402
critical,18,unambiguous,short,object,nonfinal,9,12,year.,6.927954912185669
critical,19,ambiguous,long,,final,9,0,Once,20.270509719848636
critical,19,ambiguous,long,,final,9,1,the,9.245856285095217
critical,19,ambiguous,long,,final,9,2,contractor,20.13809585571289
critical,19,ambiguous,long,,final,9,3,remodeled,18.738123416900635
critical,19,ambiguous,long,,final,9,4,the,1.1436158418655396
critical,19,ambiguous,long,,final,9,5,house,2.0321881771087646
critical,19,ambiguous,long,,final,9,6,that,7.462090492248535
critical,19,ambiguous,long,,final,9,7,was,2.668370008468628
critical,19,ambiguous,long,,final,9,8,neglected,10.33420753479004
critical,19,ambiguous,long,,final,9,9,transformed.,21.906163692474365
critical,19,ambiguous,short,,final,6,0,Once,20.270509719848636
critical,19,ambiguous,short,,final,6,1,the,9.245856285095217
critical,19,ambiguous,short,,final,6,2,contractor,20.13809585571289
critical,19,ambiguous,short,,final,6,3,remodeled,18.738123416900635
critical,19,ambiguous,short,,final,6,4,the,1.1436158418655396
critical,19,ambiguous,short,,final,6,5,house,2.0321881771087646
critical,19,ambiguous,short,,final,6,6,transformed.,21.907609939575195
critical,19,unambiguous,long,comma,final,9,0,Once,20.270509719848636
critical,19,unambiguous,long,comma,final,9,1,the,9.245856285095217
critical,19,unambiguous,long,comma,final,9,2,contractor,20.13809585571289
critical,19,unambiguous,long,comma,final,9,3,"remodeled,",23.6642541885376
critical,19,unambiguous,long,comma,final,9,4,the,2.764925241470337
critical,19,unambiguous,long,comma,final,9,5,house,3.553940296173096
critical,19,unambiguous,long,comma,final,9,6,that,7.727756977081299
critical,19,unambiguous,long,comma,final,9,7,was,2.4932448863983154
critical,19,unambiguous,long,comma,final,9,8,neglected,10.267882347106934
critical,19,unambiguous,long,comma,final,9,9,transformed.,19.56064319610596
critical,19,unambiguous,short,comma,final,6,0,Once,20.270509719848636
critical,19,unambiguous,short,comma,final,6,1,the,9.245856285095217
critical,19,unambiguous,short,comma,final,6,2,contractor,20.13809585571289
critical,19,unambiguous,short,comma,final,6,3,"remodeled,",23.6642541885376
critical,19,unambiguous,short,comma,final,6,4,the,2.764925241470337
critical,19,unambiguous,short,comma,final,6,5,house,3.553940296173096
critical,19,unambiguous,short,comma,final,6,6,transformed.,18.10576343536377
critical,19,unambiguous,long,object,final,11,0,Once,20.270509719848636
critical,19,unambiguous,long,object,final,11,1,the,9.245856285095217
critical,19,unambiguous,long,object,final,11,2,contractor,20.13809585571289
critical,19,unambiguous,long,object,final,11,3,remodeled,18.738123416900635
critical,19,unambiguous,long,object,final,11,4,the,1.1436158418655396
critical,19,unambiguous,long,object,final,11,5,exterior,9.288025856018066
critical,19,unambiguous,long,object,final,11,6,the,6.403092861175537
critical,19,unambiguous,long,object,final,11,7,house,5.258357048034668
critical,19,unambiguous,long,object,final,11,8,that,8.101886749267578
critical,19,unambiguous,long,object,final,11,9,was,3.428464412689209
critical,19,unambiguous,long,object,final,11,10,neglected,12.703725814819336
critical,19,unambiguous,long,object,final,11,11,transformed.,19.92443561553955
critical,19,unambiguous,short,object,final,8,0,Once,20.270509719848636
critical,19,unambiguous,short,object,final,8,1,the,9.245856285095217
critical,19,unambiguous,short,object,final,8,2,contractor,20.13809585571289
critical,19,unambiguous,short,object,final,8,3,remodeled,18.738123416900635
critical,19,unambiguous,short,object,final,8,4,the,1.1436158418655396
critical,19,unambiguous,short,object,final,8,5,exterior,9.288025856018066
critical,19,unambiguous,short,object,final,8,6,the,6.403092861175537
critical,19,unambiguous,short,object,final,8,7,house,5.258357048034668
critical,19,unambiguous,short,object,final,8,8,transformed.,17.357765197753906
critical,19,ambiguous,long,,nonfinal,9,0,Once,20.270509719848636
critical,19,ambiguous,long,,nonfinal,9,1,the,9.245856285095217
critical,19,ambiguous,long,,nonfinal,9,2,contractor,20.13809585571289
critical,19,ambiguous,long,,nonfinal,9,3,remodeled,18.738123416900635
critical,19,ambiguous,long,,nonfinal,9,4,the,1.1436158418655396
critical,19,ambiguous,long,,nonfinal,9,5,house,2.0321881771087646
critical,19,ambiguous,long,,nonfinal,9,6,that,7.462090492248535
critical,19,ambiguous,long,,nonfinal,9,7,was,2.668370008468628
critical,19,ambiguous,long,,nonfinal,9,8,neglected,10.33420753479004
critical,19,ambiguous,long,,nonfinal,9,9,transformed,17.910329818725586
critical,19,ambiguous,long,,nonfinal,9,10,into,1.883108139038086
critical,19,ambiguous,long,,nonfinal,9,11,a,0.628991425037384
critical,19,ambiguous,long,,nonfinal,9,12,modern,3.443808078765869
critical,19,ambiguous,long,,nonfinal,9,13,masterpiece.,4.378934144973755
critical,19,ambiguous,short,,nonfinal,6,0,Once,20.270509719848636
critical,19,ambiguous,short,,nonfinal,6,1,the,9.245856285095217
critical,19,ambiguous,short,,nonfinal,6,2,contractor,20.13809585571289
critical,19,ambiguous,short,,nonfinal,6,3,remodeled,18.738123416900635
critical,19,ambiguous,short,,nonfinal,6,4,the,1.1436158418655396
critical,19,ambiguous,short,,nonfinal,6,5,house,2.0321881771087646
critical,19,ambiguous,short,,nonfinal,6,6,transformed,17.44024658203125
critical,19,ambiguous,short,,nonfinal,6,7,into,2.811008214950561
critical,19,ambiguous,short,,nonfinal,6,8,a,0.6424886584281921
critical,19,ambiguous,short,,nonfinal,6,9,modern,3.5873405933380127
critical,19,ambiguous,short,,nonfinal,6,10,masterpiece.,3.891408801078797
critical,19,unambiguous,long,comma,nonfinal,9,0,Once,20.270509719848636
critical,19,unambiguous,long,comma,nonfinal,9,1,the,9.245856285095217
critical,19,unambiguous,long,comma,nonfinal,9,2,contractor,20.13809585571289
critical,19,unambiguous,long,comma,nonfinal,9,3,"remodeled,",23.6642541885376
critical,19,unambiguous,long,comma,nonfinal,9,4,the,2.764925241470337
critical,19,unambiguous,long,comma,nonfinal,9,5,house,3.553940296173096
critical,19,unambiguous,long,comma,nonfinal,9,6,that,7.727756977081299
critical,19,unambiguous,long,comma,nonfinal,9,7,was,2.4932448863983154
critical,19,unambiguous,long,comma,nonfinal,9,8,neglected,10.267882347106934
critical,19,unambiguous,long,comma,nonfinal,9,9,transformed,14.54537582397461
critical,19,unambiguous,long,comma,nonfinal,9,10,into,0.3618157207965851
critical,19,unambiguous,long,comma,nonfinal,9,11,a,0.3125543892383575
critical,19,unambiguous,long,comma,nonfinal,9,12,modern,4.754663944244385
critical,19,unambiguous,long,comma,nonfinal,9,13,masterpiece.,4.688010334968567
critical,19,unambiguous,short,comma,nonfinal,6,0,Once,20.270509719848636
critical,19,unambiguous,short,comma,nonfinal,6,1,the,9.245856285095217
critical,19,unambiguous,short,comma,nonfinal,6,2,contractor,20.13809585571289
critical,19,unambiguous,short,comma,nonfinal,6,3,"remodeled,",23.6642541885376
critical,19,unambiguous,short,comma,nonfinal,6,4,the,2.764925241470337
critical,19,unambiguous,short,comma,nonfinal,6,5,house,3.553940296173096
critical,19,unambiguous,short,comma,nonfinal,6,6,transformed,13.464425086975098
critical,19,unambiguous,short,comma,nonfinal,6,7,into,1.0391384363174438
critical,19,unambiguous,short,comma,nonfinal,6,8,a,0.2861020863056183
critical,19,unambiguous,short,comma,nonfinal,6,9,modern,3.259164810180664
critical,19,unambiguous,short,comma,nonfinal,6,10,masterpiece.,3.992383122444153
critical,19,unambiguous,long,object,nonfinal,11,0,Once,20.270509719848636
critical,19,unambiguous,long,object,nonfinal,11,1,the,9.245856285095217
critical,19,unambiguous,long,object,nonfinal,11,2,contractor,20.13809585571289
critical,19,unambiguous,long,object,nonfinal,11,3,remodeled,18.738123416900635
critical,19,unambiguous,long,object,nonfinal,11,4,the,1.1436158418655396
critical,19,unambiguous,long,object,nonfinal,11,5,exterior,9.288025856018066
critical,19,unambiguous,long,object,nonfinal,11,6,the,6.403092861175537
critical,19,unambiguous,long,object,nonfinal,11,7,house,5.258357048034668
critical,19,unambiguous,long,object,nonfinal,11,8,that,8.101886749267578
critical,19,unambiguous,long,object,nonfinal,11,9,was,3.428464412689209
critical,19,unambiguous,long,object,nonfinal,11,10,neglected,12.703725814819336
critical,19,unambiguous,long,object,nonfinal,11,11,transformed,16.00407600402832
critical,19,unambiguous,long,object,nonfinal,11,12,into,1.9956756830215452
critical,19,unambiguous,long,object,nonfinal,11,13,a,0.5340350270271301
critical,19,unambiguous,long,object,nonfinal,11,14,modern,3.286764621734619
critical,19,unambiguous,long,object,nonfinal,11,15,masterpiece.,4.045334577560425
critical,19,unambiguous,short,object,nonfinal,8,0,Once,20.270509719848636
critical,19,unambiguous,short,object,nonfinal,8,1,the,9.245856285095217
critical,19,unambiguous,short,object,nonfinal,8,2,contractor,20.13809585571289
critical,19,unambiguous,short,object,nonfinal,8,3,remodeled,18.738123416900635
critical,19,unambiguous,short,object,nonfinal,8,4,the,1.1436158418655396
critical,19,unambiguous,short,object,nonfinal,8,5,exterior,9.288025856018066
critical,19,unambiguous,short,object,nonfinal,8,6,the,6.403092861175537
critical,19,unambiguous,short,object,nonfinal,8,7,house,5.258357048034668
critical,19,unambiguous,short,object,nonfinal,8,8,transformed,13.847800254821776
critical,19,unambiguous,short,object,nonfinal,8,9,into,1.4369384050369265
critical,19,unambiguous,short,object,nonfinal,8,10,a,0.4691604077816009
critical,19,unambiguous,short,object,nonfinal,8,11,modern,3.395176887512207
critical,19,unambiguous,short,object,nonfinal,8,12,masterpiece.,3.804734945297241
critical,20,ambiguous,long,,final,9,0,When,17.556135177612305
critical,20,ambiguous,long,,final,9,1,the,3.614125967025757
critical,20,ambiguous,long,,final,9,2,supervisor,17.62055778503418
critical,20,ambiguous,long,,final,9,3,called,13.394501686096191
critical,20,ambiguous,long,,final,9,4,the,0.0720235779881477
critical,20,ambiguous,long,,final,9,5,employees,11.884578704833984
critical,20,ambiguous,long,,final,9,6,who,7.238851547241211
critical,20,ambiguous,long,,final,9,7,were,2.406031847000122
critical,20,ambiguous,long,,final,9,8,available,13.287720680236816
critical,20,ambiguous,long,,final,9,9,gathered.,29.304003715515137
critical,20,ambiguous,short,,final,6,0,When,17.556135177612305
critical,20,ambiguous,short,,final,6,1,the,3.614125967025757
critical,20,ambiguous,short,,final,6,2,supervisor,17.62055778503418
critical,20,ambiguous,short,,final,6,3,called,13.394501686096191
critical,20,ambiguous,short,,final,6,4,the,0.0720235779881477
critical,20,ambiguous,short,,final,6,5,employees,11.884578704833984
critical,20,ambiguous,short,,final,6,6,gathered.,25.39712905883789
critical,20,unambiguous,long,comma,final,9,0,When,17.556135177612305
critical,20,unambiguous,long,comma,final,9,1,the,3.614125967025757
critical,20,unambiguous,long,comma,final,9,2,supervisor,17.62055778503418
critical,20,unambiguous,long,comma,final,9,3,"called,",22.02425575256348
critical,20,unambiguous,long,comma,final,9,4,the,0.9939193725585938
critical,20,unambiguous,long,comma,final,9,5,employees,11.380449295043944
critical,20,unambiguous,long,comma,final,9,6,who,4.673431873321533
critical,20,unambiguous,long,comma,final,9,7,were,4.0092291831970215
critical,20,unambiguous,long,comma,final,9,8,available,10.532718658447266
critical,20,unambiguous,long,comma,final,9,9,gathered.,18.262731552124023
critical,20,unambiguous,short,comma,final,6,0,When,17.556135177612305
critical,20,unambiguous,short,comma,final,6,1,the,3.614125967025757
critical,20,unambiguous,short,comma,final,6,2,supervisor,17.62055778503418
critical,20,unambiguous,short,comma,final,6,3,"called,",22.02425575256348
critical,20,unambiguous,short,comma,final,6,4,the,0.9939193725585938
critical,20,unambiguous,short,comma,final,6,5,employees,11.380449295043944
critical,20,unambiguous,short,comma,final,6,6,gathered.,17.22221279144287
critical,20,unambiguous,long,object,final,11,0,When,17.556135177612305
critical,20,unambiguous,long,object,final,11,1,the,3.614125967025757
critical,20,unambiguous,long,object,final,11,2,supervisor,17.62055778503418
critical,20,unambiguous,long,object,final,11,3,called,13.394501686096191
critical,20,unambiguous,long,object,final,11,4,the,0.0720235779881477
critical,20,unambiguous,long,object,final,11,5,team,10.052170753479004
critical,20,unambiguous,long,object,final,11,6,the,0.4457652568817138
critical,20,unambiguous,long,object,final,11,7,employees,11.797588348388672
critical,20,unambiguous,long,object,final,11,8,who,7.38155460357666
critical,20,unambiguous,long,object,final,11,9,were,1.6696020364761353
critical,20,unambiguous,long,object,final,11,10,available,13.843158721923828
critical,20,unambiguous,long,object,final,11,11,gathered.,21.409912109375
critical,20,unambiguous,short,object,final,8,0,When,17.556135177612305
critical,20,unambiguous,short,object,final,8,1,the,3.614125967025757
critical,20,unambiguous,short,object,final,8,2,supervisor,17.62055778503418
critical,20,unambiguous,short,object,final,8,3,called,13.394501686096191
critical,20,unambiguous,short,object,final,8,4,the,0.0720235779881477
critical,20,unambiguous,short,object,final,8,5,team,10.052170753479004
critical,20,unambiguous,short,object,final,8,6,the,0.4457652568817138
critical,20,unambiguous,short,object,final,8,7,employees,11.797588348388672
critical,20,unambiguous,short,object,final,8,8,gathered.,20.97750759124756
critical,20,ambiguous,long,,nonfinal,9,0,When,17.556135177612305
critical,20,ambiguous,long,,nonfinal,9,1,the,3.614125967025757
critical,20,ambiguous,long,,nonfinal,9,2,supervisor,17.62055778503418
critical,20,ambiguous,long,,nonfinal,9,3,called,13.394501686096191
critical,20,ambiguous,long,,nonfinal,9,4,the,0.0720235779881477
critical,20,ambiguous,long,,nonfinal,9,5,employees,11.884578704833984
critical,20,ambiguous,long,,nonfinal,9,6,who,7.238851547241211
critical,20,ambiguous,long,,nonfinal,9,7,were,2.406028985977173
critical,20,ambiguous,long,,nonfinal,9,8,available,13.287717819213867
critical,20,ambiguous,long,,nonfinal,9,9,gathered,17.42998695373535
critical,20,ambiguous,long,,nonfinal,9,10,in,6.541621685028076
critical,20,ambiguous,long,,nonfinal,9,11,the,1.8663253784179688
critical,20,ambiguous,long,,nonfinal,9,12,meeting,6.838482856750488
critical,20,ambiguous,long,,nonfinal,9,13,room.,13.883050441741943
critical,20,ambiguous,short,,nonfinal,6,0,When,17.556135177612305
critical,20,ambiguous,short,,nonfinal,6,1,the,3.614125967025757
critical,20,ambiguous,short,,nonfinal,6,2,supervisor,17.62055778503418
critical,20,ambiguous,short,,nonfinal,6,3,called,13.394501686096191
critical,20,ambiguous,short,,nonfinal,6,4,the,0.0720235779881477
critical,20,ambiguous,short,,nonfinal,6,5,employees,11.884578704833984
critical,20,ambiguous,short,,nonfinal,6,6,gathered,15.37913990020752
critical,20,ambiguous,short,,nonfinal,6,7,in,5.913536548614502
critical,20,ambiguous,short,,nonfinal,6,8,the,1.2989230155944824
critical,20,ambiguous,short,,nonfinal,6,9,meeting,4.779144763946533
critical,20,ambiguous,short,,nonfinal,6,10,room.,11.696747779846191
critical,20,unambiguous,long,comma,nonfinal,9,0,When,17.556135177612305
critical,20,unambiguous,long,comma,nonfinal,9,1,the,3.614125967025757
critical,20,unambiguous,long,comma,nonfinal,9,2,supervisor,17.62055778503418
critical,20,unambiguous,long,comma,nonfinal,9,3,"called,",22.02425575256348
critical,20,unambiguous,long,comma,nonfinal,9,4,the,0.9939193725585938
critical,20,unambiguous,long,comma,nonfinal,9,5,employees,11.380449295043944
critical,20,unambiguous,long,comma,nonfinal,9,6,who,4.673431873321533
critical,20,unambiguous,long,comma,nonfinal,9,7,were,4.009232044219971
critical,20,unambiguous,long,comma,nonfinal,9,8,available,10.532718658447266
critical,20,unambiguous,long,comma,nonfinal,9,9,gathered,12.354952812194824
critical,20,unambiguous,long,comma,nonfinal,9,10,in,5.393181800842285
critical,20,unambiguous,long,comma,nonfinal,9,11,the,1.532445192337036
critical,20,unambiguous,long,comma,nonfinal,9,12,meeting,5.627338409423828
critical,20,unambiguous,long,comma,nonfinal,9,13,room.,7.56307053565979
critical,20,unambiguous,short,comma,nonfinal,6,0,When,17.556135177612305
critical,20,unambiguous,short,comma,nonfinal,6,1,the,3.614125967025757
critical,20,unambiguous,short,comma,nonfinal,6,2,supervisor,17.62055778503418
critical,20,unambiguous,short,comma,nonfinal,6,3,"called,",22.02425575256348
critical,20,unambiguous,short,comma,nonfinal,6,4,the,0.9939193725585938
critical,20,unambiguous,short,comma,nonfinal,6,5,employees,11.380449295043944
critical,20,unambiguous,short,comma,nonfinal,6,6,gathered,9.693988800048828
critical,20,unambiguous,short,comma,nonfinal,6,7,in,8.793169021606445
critical,20,unambiguous,short,comma,nonfinal,6,8,the,2.1566238403320312
critical,20,unambiguous,short,comma,nonfinal,6,9,meeting,4.88839054107666
critical,20,unambiguous,short,comma,nonfinal,6,10,room.,8.02778959274292
critical,20,unambiguous,long,object,nonfinal,11,0,When,17.556135177612305
critical,20,unambiguous,long,object,nonfinal,11,1,the,3.614125967025757
critical,20,unambiguous,long,object,nonfinal,11,2,supervisor,17.62055778503418
critical,20,unambiguous,long,object,nonfinal,11,3,called,13.394501686096191
critical,20,unambiguous,long,object,nonfinal,11,4,the,0.0720235779881477
critical,20,unambiguous,long,object,nonfinal,11,5,team,10.052170753479004
critical,20,unambiguous,long,object,nonfinal,11,6,the,0.4457652568817138
critical,20,unambiguous,long,object,nonfinal,11,7,employees,11.797588348388672
critical,20,unambiguous,long,object,nonfinal,11,8,who,7.38155460357666
critical,20,unambiguous,long,object,nonfinal,11,9,were,1.6696020364761353
critical,20,unambiguous,long,object,nonfinal,11,10,available,13.843158721923828
critical,20,unambiguous,long,object,nonfinal,11,11,gathered,14.28927993774414
critical,20,unambiguous,long,object,nonfinal,11,12,in,5.664262294769287
critical,20,unambiguous,long,object,nonfinal,11,13,the,1.0081100463867188
critical,20,unambiguous,long,object,nonfinal,11,14,meeting,6.705271720886231
critical,20,unambiguous,long,object,nonfinal,11,15,room.,10.561583518981934
critical,20,unambiguous,short,object,nonfinal,8,0,When,17.556135177612305
critical,20,unambiguous,short,object,nonfinal,8,1,the,3.614125967025757
critical,20,unambiguous,short,object,nonfinal,8,2,supervisor,17.62055778503418
critical,20,unambiguous,short,object,nonfinal,8,3,called,13.394501686096191
critical,20,unambiguous,short,object,nonfinal,8,4,the,0.0720235779881477
critical,20,unambiguous,short,object,nonfinal,8,5,team,10.052170753479004
critical,20,unambiguous,short,object,nonfinal,8,6,the,0.4457652568817138
critical,20,unambiguous,short,object,nonfinal,8,7,employees,11.797588348388672
critical,20,unambiguous,short,object,nonfinal,8,8,gathered,13.258047103881836
critical,20,unambiguous,short,object,nonfinal,8,9,in,5.387195587158203
critical,20,unambiguous,short,object,nonfinal,8,10,the,0.7887839674949646
critical,20,unambiguous,short,object,nonfinal,8,11,meeting,7.663168430328369
critical,20,unambiguous,short,object,nonfinal,8,12,room.,15.849570274353027
critical,21,ambiguous,long,,final,8,0,Once,20.270509719848636
critical,21,ambiguous,long,,final,8,1,the,9.245856285095217
critical,21,ambiguous,long,,final,8,2,detective,19.842788696289062
critical,21,ambiguous,long,,final,8,3,investigated,11.14979648590088
critical,21,ambiguous,long,,final,8,4,the,1.2233277559280396
critical,21,ambiguous,long,,final,8,5,politician,14.738858222961426
critical,21,ambiguous,long,,final,8,6,accepting,20.35222816467285
critical,21,ambiguous,long,,final,8,7,bribes,5.969646873883903
critical,21,ambiguous,long,,final,8,8,resigned.,20.00975227355957
critical,21,ambiguous,short,,final,6,0,Once,20.270509719848636
critical,21,ambiguous,short,,final,6,1,the,9.245856285095217
critical,21,ambiguous,short,,final,6,2,detective,19.842788696289062
critical,21,ambiguous,short,,final,6,3,investigated,11.14979648590088
critical,21,ambiguous,short,,final,6,4,the,1.2233277559280396
critical,21,ambiguous,short,,final,6,5,politician,14.738858222961426
critical,21,ambiguous,short,,final,6,6,resigned.,20.51749014854431
critical,21,unambiguous,long,comma,final,8,0,Once,20.270509719848636
critical,21,unambiguous,long,comma,final,8,1,the,9.245856285095217
critical,21,unambiguous,long,comma,final,8,2,detective,19.842788696289062
critical,21,unambiguous,long,comma,final,8,3,"investigated,",15.187679290771484
critical,21,unambiguous,long,comma,final,8,4,the,2.6915476322174072
critical,21,unambiguous,long,comma,final,8,5,politician,14.189129829406738
critical,21,unambiguous,long,comma,final,8,6,accepting,17.902524948120117
critical,21,unambiguous,long,comma,final,8,7,bribes,1.6123414960457012
critical,21,unambiguous,long,comma,final,8,8,resigned.,15.10120177268982
critical,21,unambiguous,short,comma,final,6,0,Once,20.270509719848636
critical,21,unambiguous,short,comma,final,6,1,the,9.245856285095217
critical,21,unambiguous,short,comma,final,6,2,detective,19.842788696289062
critical,21,unambiguous,short,comma,final,6,3,"investigated,",15.187679290771484
critical,21,unambiguous,short,comma,final,6,4,the,2.6915476322174072
critical,21,unambiguous,short,comma,final,6,5,politician,14.189129829406738
critical,21,unambiguous,short,comma,final,6,6,resigned.,12.65040159225464
critical,21,unambiguous,long,object,final,9,0,Once,20.270509719848636
critical,21,unambiguous,long,object,final,9,1,the,9.245856285095217
critical,21,unambiguous,long,object,final,9,2,detective,19.842788696289062
critical,21,unambiguous,long,object,final,9,3,investigated,11.14979648590088
critical,21,unambiguous,long,object,final,9,4,him,9.084562301635742
critical,21,unambiguous,long,object,final,9,5,the,7.349082946777344
critical,21,unambiguous,long,object,final,9,6,politician,11.191266059875488
critical,21,unambiguous,long,object,final,9,7,accepting,16.831796646118164
critical,21,unambiguous,long,object,final,9,8,bribes,6.591097606346011
critical,21,unambiguous,long,object,final,9,9,resigned.,18.29089379310608
critical,21,unambiguous,short,object,final,7,0,Once,20.270509719848636
critical,21,unambiguous,short,object,final,7,1,the,9.245856285095217
critical,21,unambiguous,short,object,final,7,2,detective,19.842788696289062
critical,21,unambiguous,short,object,final,7,3,investigated,11.14979648590088
critical,21,unambiguous,short,object,final,7,4,him,9.084562301635742
critical,21,unambiguous,short,object,final,7,5,the,7.349082946777344
critical,21,unambiguous,short,object,final,7,6,politician,11.191266059875488
critical,21,unambiguous,short,object,final,7,7,resigned.,14.509033918380736
critical,21,ambiguous,long,,nonfinal,8,0,Once,20.270509719848636
critical,21,ambiguous,long,,nonfinal,8,1,the,9.245856285095217
critical,21,ambiguous,long,,nonfinal,8,2,detective,19.842788696289062
critical,21,ambiguous,long,,nonfinal,8,3,investigated,11.14979648590088
critical,21,ambiguous,long,,nonfinal,8,4,the,1.2233277559280396
critical,21,ambiguous,long,,nonfinal,8,5,politician,14.738858222961426
critical,21,ambiguous,long,,nonfinal,8,6,accepting,20.35222816467285
critical,21,ambiguous,long,,nonfinal,8,7,bribes,5.969646873883903
critical,21,ambiguous,long,,nonfinal,8,8,resigned,17.325714111328125
critical,21,ambiguous,long,,nonfinal,8,9,from,4.040648460388184
critical,21,ambiguous,long,,nonfinal,8,10,office.,3.663962483406067
critical,21,ambiguous,short,,nonfinal,6,0,Once,20.270509719848636
critical,21,ambiguous,short,,nonfinal,6,1,the,9.245856285095217
critical,21,ambiguous,short,,nonfinal,6,2,detective,19.842788696289062
critical,21,ambiguous,short,,nonfinal,6,3,investigated,11.14979648590088
critical,21,ambiguous,short,,nonfinal,6,4,the,1.2233277559280396
critical,21,ambiguous,short,,nonfinal,6,5,politician,14.738858222961426
critical,21,ambiguous,short,,nonfinal,6,6,resigned,17.481151580810547
critical,21,ambiguous,short,,nonfinal,6,7,from,4.763123989105225
critical,21,ambiguous,short,,nonfinal,6,8,office.,3.3845938444137573
critical,21,unambiguous,long,comma,nonfinal,8,0,Once,20.270509719848636
critical,21,unambiguous,long,comma,nonfinal,8,1,the,9.245856285095217
critical,21,unambiguous,long,comma,nonfinal,8,2,detective,19.842788696289062
critical,21,unambiguous,long,comma,nonfinal,8,3,"investigated,",15.187679290771484
critical,21,unambiguous,long,comma,nonfinal,8,4,the,2.6915476322174072
critical,21,unambiguous,long,comma,nonfinal,8,5,politician,14.189129829406738
critical,21,unambiguous,long,comma,nonfinal,8,6,accepting,17.902524948120117
critical,21,unambiguous,long,comma,nonfinal,8,7,bribes,1.6123414960457012
critical,21,unambiguous,long,comma,nonfinal,8,8,resigned,12.891029357910156
critical,21,unambiguous,long,comma,nonfinal,8,9,from,3.029905080795288
critical,21,unambiguous,long,comma,nonfinal,8,10,office.,2.494400560855865
critical,21,unambiguous,short,comma,nonfinal,6,0,Once,20.270509719848636
critical,21,unambiguous,short,comma,nonfinal,6,1,the,9.245856285095217
critical,21,unambiguous,short,comma,nonfinal,6,2,detective,19.842788696289062
critical,21,unambiguous,short,comma,nonfinal,6,3,"investigated,",15.187679290771484
critical,21,unambiguous,short,comma,nonfinal,6,4,the,2.6915476322174072
critical,21,unambiguous,short,comma,nonfinal,6,5,politician,14.189129829406738
critical,21,unambiguous,short,comma,nonfinal,6,6,resigned,10.253717422485352
critical,21,unambiguous,short,comma,nonfinal,6,7,from,2.7227494716644287
critical,21,unambiguous,short,comma,nonfinal,6,8,office.,2.652046740055084
critical,21,unambiguous,long,object,nonfinal,9,0,Once,20.270509719848636
critical,21,unambiguous,long,object,nonfinal,9,1,the,9.245856285095217
critical,21,unambiguous,long,object,nonfinal,9,2,detective,19.842788696289062
critical,21,unambiguous,long,object,nonfinal,9,3,investigated,11.14979648590088
critical,21,unambiguous,long,object,nonfinal,9,4,him,9.084562301635742
critical,21,unambiguous,long,object,nonfinal,9,5,the,7.349082946777344
critical,21,unambiguous,long,object,nonfinal,9,6,politician,11.191266059875488
critical,21,unambiguous,long,object,nonfinal,9,7,accepting,16.831796646118164
critical,21,unambiguous,long,object,nonfinal,9,8,bribes,6.591097606346011
critical,21,unambiguous,long,object,nonfinal,9,9,resigned,14.642184257507324
critical,21,unambiguous,long,object,nonfinal,9,10,from,4.4226179122924805
critical,21,unambiguous,long,object,nonfinal,9,11,office.,4.2575942277908325
critical,21,unambiguous,short,object,nonfinal,7,0,Once,20.270509719848636
critical,21,unambiguous,short,object,nonfinal,7,1,the,9.245856285095217
critical,21,unambiguous,short,object,nonfinal,7,2,detective,19.842788696289062
critical,21,unambiguous,short,object,nonfinal,7,3,investigated,11.14979648590088
critical,21,unambiguous,short,object,nonfinal,7,4,him,9.084562301635742
critical,21,unambiguous,short,object,nonfinal,7,5,the,7.349082946777344
critical,21,unambiguous,short,object,nonfinal,7,6,politician,11.191266059875488
critical,21,unambiguous,short,object,nonfinal,7,7,resigned,10.60377311706543
critical,21,unambiguous,short,object,nonfinal,7,8,from,5.450564861297607
critical,21,unambiguous,short,object,nonfinal,7,9,office.,5.5603861808776855
critical,22,ambiguous,long,,final,8,0,As,19.040546417236328
critical,22,ambiguous,long,,final,8,1,the,3.442674398422241
critical,22,ambiguous,long,,final,8,2,journalist,15.069689750671388
critical,22,ambiguous,long,,final,8,3,recorded,13.966459274291992
critical,22,ambiguous,long,,final,8,4,the,1.7096809148788452
critical,22,ambiguous,long,,final,8,5,demonstrators,14.768226623535156
critical,22,ambiguous,long,,final,8,6,protesting,9.851920127868652
critical,22,ambiguous,long,,final,8,7,angrily,14.062670707702637
critical,22,ambiguous,long,,final,8,8,shouted.,22.34391593933105
critical,22,ambiguous,short,,final,6,0,As,19.040546417236328
critical,22,ambiguous,short,,final,6,1,the,3.442674398422241
critical,22,ambiguous,short,,final,6,2,journalist,15.069689750671388
critical,22,ambiguous,short,,final,6,3,recorded,13.966459274291992
critical,22,ambiguous,short,,final,6,4,the,1.7096809148788452
critical,22,ambiguous,short,,final,6,5,demonstrators,14.768226623535156
critical,22,ambiguous,short,,final,6,6,shouted.,22.2316255569458
critical,22,unambiguous,long,comma,final,8,0,As,19.040546417236328
critical,22,unambiguous,long,comma,final,8,1,the,3.442674398422241
critical,22,unambiguous,long,comma,final,8,2,journalist,15.069689750671388
critical,22,unambiguous,long,comma,final,8,3,"recorded,",18.468260765075684
critical,22,unambiguous,long,comma,final,8,4,the,2.0748040676116943
critical,22,unambiguous,long,comma,final,8,5,demonstrators,13.427226066589355
critical,22,unambiguous,long,comma,final,8,6,protesting,12.858604431152344
critical,22,unambiguous,long,comma,final,8,7,angrily,14.802362442016602
critical,22,unambiguous,long,comma,final,8,8,shouted.,11.032363653182983
critical,22,unambiguous,short,comma,final,6,0,As,19.040546417236328
critical,22,unambiguous,short,comma,final,6,1,the,3.442674398422241
critical,22,unambiguous,short,comma,final,6,2,journalist,15.069689750671388
critical,22,unambiguous,short,comma,final,6,3,"recorded,",18.468260765075684
critical,22,unambiguous,short,comma,final,6,4,the,2.0748040676116943
critical,22,unambiguous,short,comma,final,6,5,demonstrators,13.427226066589355
critical,22,unambiguous,short,comma,final,6,6,shouted.,12.369528770446776
critical,22,unambiguous,long,object,final,10,0,As,19.040546417236328
critical,22,unambiguous,long,object,final,10,1,the,3.442674398422241
critical,22,unambiguous,long,object,final,10,2,journalist,15.069689750671388
critical,22,unambiguous,long,object,final,10,3,recorded,13.966459274291992
critical,22,unambiguous,long,object,final,10,4,the,1.7096809148788452
critical,22,unambiguous,long,object,final,10,5,commotion,13.19799229502678
critical,22,unambiguous,long,object,final,10,6,the,7.708160400390625
critical,22,unambiguous,long,object,final,10,7,demonstrators,13.16249656677246
critical,22,unambiguous,long,object,final,10,8,protesting,13.642723083496094
critical,22,unambiguous,long,object,final,10,9,angrily,12.47051239013672
critical,22,unambiguous,long,object,final,10,10,shouted.,11.346096992492676
critical,22,unambiguous,short,object,final,8,0,As,19.040546417236328
critical,22,unambiguous,short,object,final,8,1,the,3.442674398422241
critical,22,unambiguous,short,object,final,8,2,journalist,15.069689750671388
critical,22,unambiguous,short,object,final,8,3,recorded,13.966459274291992
critical,22,unambiguous,short,object,final,8,4,the,1.7096809148788452
critical,22,unambiguous,short,object,final,8,5,commotion,13.19799229502678
critical,22,unambiguous,short,object,final,8,6,the,7.708160400390625
critical,22,unambiguous,short,object,final,8,7,demonstrators,13.16249656677246
critical,22,unambiguous,short,object,final,8,8,shouted.,11.36602783203125
critical,22,ambiguous,long,,nonfinal,8,0,As,19.040546417236328
critical,22,ambiguous,long,,nonfinal,8,1,the,3.442674398422241
critical,22,ambiguous,long,,nonfinal,8,2,journalist,15.069689750671388
critical,22,ambiguous,long,,nonfinal,8,3,recorded,13.966459274291992
critical,22,ambiguous,long,,nonfinal,8,4,the,1.7096809148788452
critical,22,ambiguous,long,,nonfinal,8,5,demonstrators,14.768226623535156
critical,22,ambiguous,long,,nonfinal,8,6,protesting,9.851920127868652
critical,22,ambiguous,long,,nonfinal,8,7,angrily,14.062670707702637
critical,22,ambiguous,long,,nonfinal,8,8,shouted,14.059759140014648
critical,22,ambiguous,long,,nonfinal,8,9,to,6.740443229675293
critical,22,ambiguous,long,,nonfinal,8,10,demand,11.358546257019045
critical,22,ambiguous,long,,nonfinal,8,11,immediate,6.151988506317139
critical,22,ambiguous,long,,nonfinal,8,12,change.,8.14431095123291
critical,22,ambiguous,short,,nonfinal,6,0,As,19.040546417236328
critical,22,ambiguous,short,,nonfinal,6,1,the,3.442674398422241
critical,22,ambiguous,short,,nonfinal,6,2,journalist,15.069689750671388
critical,22,ambiguous,short,,nonfinal,6,3,recorded,13.966459274291992
critical,22,ambiguous,short,,nonfinal,6,4,the,1.7096809148788452
critical,22,ambiguous,short,,nonfinal,6,5,demonstrators,14.768226623535156
critical,22,ambiguous,short,,nonfinal,6,6,shouted,14.088244438171388
critical,22,ambiguous,short,,nonfinal,6,7,to,7.572478771209717
critical,22,ambiguous,short,,nonfinal,6,8,demand,10.253646850585938
critical,22,ambiguous,short,,nonfinal,6,9,immediate,7.794675827026367
critical,22,ambiguous,short,,nonfinal,6,10,change.,8.799521446228027
critical,22,unambiguous,long,comma,nonfinal,8,0,As,19.040546417236328
critical,22,unambiguous,long,comma,nonfinal,8,1,the,3.442674398422241
critical,22,unambiguous,long,comma,nonfinal,8,2,journalist,15.069689750671388
critical,22,unambiguous,long,comma,nonfinal,8,3,"recorded,",18.468260765075684
critical,22,unambiguous,long,comma,nonfinal,8,4,the,2.0748040676116943
critical,22,unambiguous,long,comma,nonfinal,8,5,demonstrators,13.427226066589355
critical,22,unambiguous,long,comma,nonfinal,8,6,protesting,12.858604431152344
critical,22,unambiguous,long,comma,nonfinal,8,7,angrily,14.802362442016602
critical,22,unambiguous,long,comma,nonfinal,8,8,shouted,3.927758932113648
critical,22,unambiguous,long,comma,nonfinal,8,9,to,5.391265392303467
critical,22,unambiguous,long,comma,nonfinal,8,10,demand,10.30132293701172
critical,22,unambiguous,long,comma,nonfinal,8,11,immediate,5.755323886871338
critical,22,unambiguous,long,comma,nonfinal,8,12,change.,6.965656399726868
critical,22,unambiguous,short,comma,nonfinal,6,0,As,19.040546417236328
critical,22,unambiguous,short,comma,nonfinal,6,1,the,3.442674398422241
critical,22,unambiguous,short,comma,nonfinal,6,2,journalist,15.069689750671388
critical,22,unambiguous,short,comma,nonfinal,6,3,"recorded,",18.468260765075684
critical,22,unambiguous,short,comma,nonfinal,6,4,the,2.0748040676116943
critical,22,unambiguous,short,comma,nonfinal,6,5,demonstrators,13.427226066589355
critical,22,unambiguous,short,comma,nonfinal,6,6,shouted,4.377781391143799
critical,22,unambiguous,short,comma,nonfinal,6,7,to,6.917973041534424
critical,22,unambiguous,short,comma,nonfinal,6,8,demand,8.983728408813477
critical,22,unambiguous,short,comma,nonfinal,6,9,immediate,7.040894031524658
critical,22,unambiguous,short,comma,nonfinal,6,10,change.,6.834739208221436
critical,22,unambiguous,long,object,nonfinal,10,0,As,19.040546417236328
critical,22,unambiguous,long,object,nonfinal,10,1,the,3.442674398422241
critical,22,unambiguous,long,object,nonfinal,10,2,journalist,15.069689750671388
critical,22,unambiguous,long,object,nonfinal,10,3,recorded,13.966459274291992
critical,22,unambiguous,long,object,nonfinal,10,4,the,1.7096809148788452
critical,22,unambiguous,long,object,nonfinal,10,5,commotion,13.19799229502678
critical,22,unambiguous,long,object,nonfinal,10,6,the,7.708160400390625
critical,22,unambiguous,long,object,nonfinal,10,7,demonstrators,13.16249656677246
critical,22,unambiguous,long,object,nonfinal,10,8,protesting,13.642723083496094
critical,22,unambiguous,long,object,nonfinal,10,9,angrily,12.47051239013672
critical,22,unambiguous,long,object,nonfinal,10,10,shouted,5.148714542388916
critical,22,unambiguous,long,object,nonfinal,10,11,to,5.327373027801514
critical,22,unambiguous,long,object,nonfinal,10,12,demand,11.60793685913086
critical,22,unambiguous,long,object,nonfinal,10,13,immediate,5.5257887840271
critical,22,unambiguous,long,object,nonfinal,10,14,change.,7.623820543289185
critical,22,unambiguous,short,object,nonfinal,8,0,As,19.040546417236328
critical,22,unambiguous,short,object,nonfinal,8,1,the,3.442674398422241
critical,22,unambiguous,short,object,nonfinal,8,2,journalist,15.069689750671388
critical,22,unambiguous,short,object,nonfinal,8,3,recorded,13.966459274291992
critical,22,unambiguous,short,object,nonfinal,8,4,the,1.7096809148788452
critical,22,unambiguous,short,object,nonfinal,8,5,commotion,13.19799229502678
critical,22,unambiguous,short,object,nonfinal,8,6,the,7.708160400390625
critical,22,unambiguous,short,object,nonfinal,8,7,demonstrators,13.16249656677246
critical,22,unambiguous,short,object,nonfinal,8,8,shouted,5.330988883972168
critical,22,unambiguous,short,object,nonfinal,8,9,to,6.064127445220947
critical,22,unambiguous,short,object,nonfinal,8,10,demand,11.01180362701416
critical,22,unambiguous,short,object,nonfinal,8,11,immediate,6.942169189453125
critical,22,unambiguous,short,object,nonfinal,8,12,change.,7.358229637145996
critical,23,ambiguous,long,,final,9,0,After,18.587234497070312
critical,23,ambiguous,long,,final,9,1,the,2.4606616497039795
critical,23,ambiguous,long,,final,9,2,teacher,10.946243286132812
critical,23,ambiguous,long,,final,9,3,finished,6.295097351074219
critical,23,ambiguous,long,,final,9,4,grading,6.306485176086426
critical,23,ambiguous,long,,final,9,5,the,1.0111892223358154
critical,23,ambiguous,long,,final,9,6,students,5.239549160003662
critical,23,ambiguous,long,,final,9,7,studying,19.93792152404785
critical,23,ambiguous,long,,final,9,8,engineering,11.313905715942385
critical,23,ambiguous,long,,final,9,9,passed.,19.598288536071777
critical,23,ambiguous,short,,final,7,0,After,18.587234497070312
critical,23,ambiguous,short,,final,7,1,the,2.4606616497039795
critical,23,ambiguous,short,,final,7,2,teacher,10.946243286132812
critical,23,ambiguous,short,,final,7,3,finished,6.295097351074219
critical,23,ambiguous,short,,final,7,4,grading,6.306485176086426
critical,23,ambiguous,short,,final,7,5,the,1.0111892223358154
critical,23,ambiguous,short,,final,7,6,students,5.239549160003662
critical,23,ambiguous,short,,final,7,7,passed.,23.233613967895508
critical,23,unambiguous,long,comma,final,9,0,After,18.587234497070312
critical,23,unambiguous,long,comma,final,9,1,the,2.4606616497039795
critical,23,unambiguous,long,comma,final,9,2,teacher,10.946243286132812
critical,23,unambiguous,long,comma,final,9,3,finished,6.295097351074219
critical,23,unambiguous,long,comma,final,9,4,"grading,",8.837789058685303
critical,23,unambiguous,long,comma,final,9,5,the,3.936646938323975
critical,23,unambiguous,long,comma,final,9,6,students,2.345466375350952
critical,23,unambiguous,long,comma,final,9,7,studying,13.66298770904541
critical,23,unambiguous,long,comma,final,9,8,engineering,12.694669723510742
critical,23,unambiguous,long,comma,final,9,9,passed.,15.674569129943848
critical,23,unambiguous,short,comma,final,7,0,After,18.587234497070312
critical,23,unambiguous,short,comma,final,7,1,the,2.4606616497039795
critical,23,unambiguous,short,comma,final,7,2,teacher,10.946243286132812
critical,23,unambiguous,short,comma,final,7,3,finished,6.295097351074219
critical,23,unambiguous,short,comma,final,7,4,"grading,",8.837789058685303
critical,23,unambiguous,short,comma,final,7,5,the,3.936646938323975
critical,23,unambiguous,short,comma,final,7,6,students,2.345466375350952
critical,23,unambiguous,short,comma,final,7,7,passed.,16.535006046295166
critical,23,unambiguous,long,object,final,11,0,After,18.587234497070312
critical,23,unambiguous,long,object,final,11,1,the,2.4606616497039795
critical,23,unambiguous,long,object,final,11,2,teacher,10.946243286132812
critical,23,unambiguous,long,object,final,11,3,finished,6.295097351074219
critical,23,unambiguous,long,object,final,11,4,grading,6.306485176086426
critical,23,unambiguous,long,object,final,11,5,the,1.0111892223358154
critical,23,unambiguous,long,object,final,11,6,final,5.036059379577637
critical,23,unambiguous,long,object,final,11,7,the,15.152180671691896
critical,23,unambiguous,long,object,final,11,8,students,3.41162109375
critical,23,unambiguous,long,object,final,11,9,studying,14.276381492614746
critical,23,unambiguous,long,object,final,11,10,engineering,12.31159782409668
critical,23,unambiguous,long,object,final,11,11,passed.,13.887013912200928
critical,23,unambiguous,short,object,final,9,0,After,18.587234497070312
critical,23,unambiguous,short,object,final,9,1,the,2.4606616497039795
critical,23,unambiguous,short,object,final,9,2,teacher,10.946243286132812
critical,23,unambiguous,short,object,final,9,3,finished,6.295097351074219
critical,23,unambiguous,short,object,final,9,4,grading,6.306485176086426
critical,23,unambiguous,short,object,final,9,5,the,1.0111892223358154
critical,23,unambiguous,short,object,final,9,6,final,5.036059379577637
critical,23,unambiguous,short,object,final,9,7,the,15.152180671691896
critical,23,unambiguous,short,object,final,9,8,students,3.41162109375
critical,23,unambiguous,short,object,final,9,9,passed.,14.33066987991333
critical,23,ambiguous,long,,nonfinal,9,0,After,18.587234497070312
critical,23,ambiguous,long,,nonfinal,9,1,the,2.4606616497039795
critical,23,ambiguous,long,,nonfinal,9,2,teacher,10.946243286132812
critical,23,ambiguous,long,,nonfinal,9,3,finished,6.295097351074219
critical,23,ambiguous,long,,nonfinal,9,4,grading,6.306485176086426
critical,23,ambiguous,long,,nonfinal,9,5,the,1.0111892223358154
critical,23,ambiguous,long,,nonfinal,9,6,students,5.239549160003662
critical,23,ambiguous,long,,nonfinal,9,7,studying,19.93792152404785
critical,23,ambiguous,long,,nonfinal,9,8,engineering,11.313905715942385
critical,23,ambiguous,long,,nonfinal,9,9,passed,13.994004249572754
critical,23,ambiguous,long,,nonfinal,9,10,the,2.191078186035156
critical,23,ambiguous,long,,nonfinal,9,11,class.,5.264105558395386
critical,23,ambiguous,short,,nonfinal,7,0,After,18.587234497070312
critical,23,ambiguous,short,,nonfinal,7,1,the,2.4606616497039795
critical,23,ambiguous,short,,nonfinal,7,2,teacher,10.946243286132812
critical,23,ambiguous,short,,nonfinal,7,3,finished,6.295097351074219
critical,23,ambiguous,short,,nonfinal,7,4,grading,6.306485176086426
critical,23,ambiguous,short,,nonfinal,7,5,the,1.0111892223358154
critical,23,ambiguous,short,,nonfinal,7,6,students,5.239549160003662
critical,23,ambiguous,short,,nonfinal,7,7,passed,16.414953231811523
critical,23,ambiguous,short,,nonfinal,7,8,the,1.4301553964614868
critical,23,ambiguous,short,,nonfinal,7,9,class.,7.393327474594116
critical,23,unambiguous,long,comma,nonfinal,9,0,After,18.587234497070312
critical,23,unambiguous,long,comma,nonfinal,9,1,the,2.4606616497039795
critical,23,unambiguous,long,comma,nonfinal,9,2,teacher,10.946243286132812
critical,23,unambiguous,long,comma,nonfinal,9,3,finished,6.295097351074219
critical,23,unambiguous,long,comma,nonfinal,9,4,"grading,",8.837789058685303
critical,23,unambiguous,long,comma,nonfinal,9,5,the,3.936646938323975
critical,23,unambiguous,long,comma,nonfinal,9,6,students,2.345466375350952
critical,23,unambiguous,long,comma,nonfinal,9,7,studying,13.66298770904541
critical,23,unambiguous,long,comma,nonfinal,9,8,engineering,12.694669723510742
critical,23,unambiguous,long,comma,nonfinal,9,9,passed,9.628270149230955
critical,23,unambiguous,long,comma,nonfinal,9,10,the,2.304154634475708
critical,23,unambiguous,long,comma,nonfinal,9,11,class.,6.691379904747009
critical,23,unambiguous,short,comma,nonfinal,7,0,After,18.587234497070312
critical,23,unambiguous,short,comma,nonfinal,7,1,the,2.4606616497039795
critical,23,unambiguous,short,comma,nonfinal,7,2,teacher,10.946243286132812
critical,23,unambiguous,short,comma,nonfinal,7,3,finished,6.295097351074219
critical,23,unambiguous,short,comma,nonfinal,7,4,"grading,",8.837789058685303
critical,23,unambiguous,short,comma,nonfinal,7,5,the,3.936646938323975
critical,23,unambiguous,short,comma,nonfinal,7,6,students,2.345466375350952
critical,23,unambiguous,short,comma,nonfinal,7,7,passed,9.228605270385742
critical,23,unambiguous,short,comma,nonfinal,7,8,the,1.2771073579788208
critical,23,unambiguous,short,comma,nonfinal,7,9,class.,7.020708560943604
critical,23,unambiguous,long,object,nonfinal,11,0,After,18.587234497070312
critical,23,unambiguous,long,object,nonfinal,11,1,the,2.4606616497039795
critical,23,unambiguous,long,object,nonfinal,11,2,teacher,10.946243286132812
critical,23,unambiguous,long,object,nonfinal,11,3,finished,6.295097351074219
critical,23,unambiguous,long,object,nonfinal,11,4,grading,6.306485176086426
critical,23,unambiguous,long,object,nonfinal,11,5,the,1.0111892223358154
critical,23,unambiguous,long,object,nonfinal,11,6,final,5.036059379577637
critical,23,unambiguous,long,object,nonfinal,11,7,the,15.152180671691896
critical,23,unambiguous,long,object,nonfinal,11,8,students,3.41162109375
critical,23,unambiguous,long,object,nonfinal,11,9,studying,14.276378631591797
critical,23,unambiguous,long,object,nonfinal,11,10,engineering,12.31159782409668
critical,23,unambiguous,long,object,nonfinal,11,11,passed,9.337385177612305
critical,23,unambiguous,long,object,nonfinal,11,12,the,1.520681619644165
critical,23,unambiguous,long,object,nonfinal,11,13,class.,5.301168322563171
critical,23,unambiguous,short,object,nonfinal,9,0,After,18.587234497070312
critical,23,unambiguous,short,object,nonfinal,9,1,the,2.4606616497039795
critical,23,unambiguous,short,object,nonfinal,9,2,teacher,10.946243286132812
critical,23,unambiguous,short,object,nonfinal,9,3,finished,6.295097351074219
critical,23,unambiguous,short,object,nonfinal,9,4,grading,6.306485176086426
critical,23,unambiguous,short,object,nonfinal,9,5,the,1.0111892223358154
critical,23,unambiguous,short,object,nonfinal,9,6,final,5.036059379577637
critical,23,unambiguous,short,object,nonfinal,9,7,the,15.152180671691896
critical,23,unambiguous,short,object,nonfinal,9,8,students,3.41162109375
critical,23,unambiguous,short,object,nonfinal,9,9,passed,8.144814491271973
critical,23,unambiguous,short,object,nonfinal,9,10,the,1.4611397981643677
critical,23,unambiguous,short,object,nonfinal,9,11,class.,5.521906018257141
critical,24,ambiguous,long,,final,9,0,While,20.302001953125
critical,24,ambiguous,long,,final,9,1,the,7.08778190612793
critical,24,ambiguous,long,,final,9,2,mechanic,20.98339080810547
critical,24,ambiguous,long,,final,9,3,inspected,20.11153030395508
critical,24,ambiguous,long,,final,9,4,the,0.940219521522522
critical,24,ambiguous,long,,final,9,5,engine,6.199543952941895
critical,24,ambiguous,long,,final,9,6,running,17.016016006469727
critical,24,ambiguous,long,,final,9,7,on,8.625053405761719
critical,24,ambiguous,long,,final,9,8,diesel,13.469335556030272
critical,24,ambiguous,long,,final,9,9,hissed.,40.904879093170166
critical,24,ambiguous,short,,final,6,0,While,20.302001953125
critical,24,ambiguous,short,,final,6,1,the,7.08778190612793
critical,24,ambiguous,short,,final,6,2,mechanic,20.98339080810547
critical,24,ambiguous,short,,final,6,3,inspected,20.11153030395508
critical,24,ambiguous,short,,final,6,4,the,0.940219521522522
critical,24,ambiguous,short,,final,6,5,engine,6.199543952941895
critical,24,ambiguous,short,,final,6,6,hissed.,41.04404878616333
critical,24,unambiguous,long,comma,final,9,0,While,20.302001953125
critical,24,unambiguous,long,comma,final,9,1,the,7.08778190612793
critical,24,unambiguous,long,comma,final,9,2,mechanic,20.98339080810547
critical,24,unambiguous,long,comma,final,9,3,"inspected,",26.917059898376465
critical,24,unambiguous,long,comma,final,9,4,the,4.411154270172119
critical,24,unambiguous,long,comma,final,9,5,engine,8.228096008300781
critical,24,unambiguous,long,comma,final,9,6,running,10.300471305847168
critical,24,unambiguous,long,comma,final,9,7,on,4.550831317901611
critical,24,unambiguous,long,comma,final,9,8,diesel,6.622561931610107
critical,24,unambiguous,long,comma,final,9,9,hissed.,31.147414445877075
critical,24,unambiguous,short,comma,final,6,0,While,20.302001953125
critical,24,unambiguous,short,comma,final,6,1,the,7.08778190612793
critical,24,unambiguous,short,comma,final,6,2,mechanic,20.98339080810547
critical,24,unambiguous,short,comma,final,6,3,"inspected,",26.917059898376465
critical,24,unambiguous,short,comma,final,6,4,the,4.411154270172119
critical,24,unambiguous,short,comma,final,6,5,engine,8.228096008300781
critical,24,unambiguous,short,comma,final,6,6,hissed.,20.83925771713257
critical,24,unambiguous,long,object,final,11,0,While,20.302001953125
critical,24,unambiguous,long,object,final,11,1,the,7.08778190612793
critical,24,unambiguous,long,object,final,11,2,mechanic,20.98339080810547
critical,24,unambiguous,long,object,final,11,3,inspected,20.11153030395508
critical,24,unambiguous,long,object,final,11,4,the,0.940219521522522
critical,24,unambiguous,long,object,final,11,5,vehicle,11.11695957183838
critical,24,unambiguous,long,object,final,11,6,the,2.7487120628356934
critical,24,unambiguous,long,object,final,11,7,engine,7.067078113555908
critical,24,unambiguous,long,object,final,11,8,running,14.334354400634766
critical,24,unambiguous,long,object,final,11,9,on,8.887283325195312
critical,24,unambiguous,long,object,final,11,10,diesel,16.59462547302246
critical,24,unambiguous,long,object,final,11,11,hissed.,43.05500507354736
critical,24,unambiguous,short,object,final,8,0,While,20.302001953125
critical,24,unambiguous,short,object,final,8,1,the,7.08778190612793
critical,24,unambiguous,short,object,final,8,2,mechanic,20.98339080810547
critical,24,unambiguous,short,object,final,8,3,inspected,20.11153030395508
critical,24,unambiguous,short,object,final,8,4,the,0.940219521522522
critical,24,unambiguous,short,object,final,8,5,vehicle,11.11695957183838
critical,24,unambiguous,short,object,final,8,6,the,2.7487120628356934
critical,24,unambiguous,short,object,final,8,7,engine,7.067078113555908
critical,24,unambiguous,short,object,final,8,8,hissed.,41.54320049285889
critical,24,ambiguous,long,,nonfinal,9,0,While,20.302001953125
critical,24,ambiguous,long,,nonfinal,9,1,the,7.08778190612793
critical,24,ambiguous,long,,nonfinal,9,2,mechanic,20.98339080810547
critical,24,ambiguous,long,,nonfinal,9,3,inspected,20.11153030395508
critical,24,ambiguous,long,,nonfinal,9,4,the,0.940219521522522
critical,24,ambiguous,long,,nonfinal,9,5,engine,6.199543952941895
critical,24,ambiguous,long,,nonfinal,9,6,running,17.016016006469727
critical,24,ambiguous,long,,nonfinal,9,7,on,8.625053405761719
critical,24,ambiguous,long,,nonfinal,9,8,diesel,13.469335556030272
critical,24,ambiguous,long,,nonfinal,9,9,hissed,32.93619632720947
critical,24,ambiguous,long,,nonfinal,9,10,as,8.849777221679688
critical,24,ambiguous,long,,nonfinal,9,11,steam,11.606287956237791
critical,24,ambiguous,long,,nonfinal,9,12,escaped.,18.302428245544437
critical,24,ambiguous,short,,nonfinal,6,0,While,20.302001953125
critical,24,ambiguous,short,,nonfinal,6,1,the,7.08778190612793
critical,24,ambiguous,short,,nonfinal,6,2,mechanic,20.98339080810547
critical,24,ambiguous,short,,nonfinal,6,3,inspected,20.11153030395508
critical,24,ambiguous,short,,nonfinal,6,4,the,0.940219521522522
critical,24,ambiguous,short,,nonfinal,6,5,engine,6.199543952941895
critical,24,ambiguous,short,,nonfinal,6,6,hissed,33.630797386169434
critical,24,ambiguous,short,,nonfinal,6,7,as,8.23102855682373
critical,24,ambiguous,short,,nonfinal,6,8,steam,13.458484649658203
critical,24,ambiguous,short,,nonfinal,6,9,escaped.,18.14000701904297
critical,24,unambiguous,long,comma,nonfinal,9,0,While,20.302001953125
critical,24,unambiguous,long,comma,nonfinal,9,1,the,7.08778190612793
critical,24,unambiguous,long,comma,nonfinal,9,2,mechanic,20.98339080810547
critical,24,unambiguous,long,comma,nonfinal,9,3,"inspected,",26.917059898376465
critical,24,unambiguous,long,comma,nonfinal,9,4,the,4.411154270172119
critical,24,unambiguous,long,comma,nonfinal,9,5,engine,8.228096008300781
critical,24,unambiguous,long,comma,nonfinal,9,6,running,10.300471305847168
critical,24,unambiguous,long,comma,nonfinal,9,7,on,4.550831317901611
critical,24,unambiguous,long,comma,nonfinal,9,8,diesel,6.622561931610107
critical,24,unambiguous,long,comma,nonfinal,9,9,hissed,27.78972148895264
critical,24,unambiguous,long,comma,nonfinal,9,10,as,5.926461696624756
critical,24,unambiguous,long,comma,nonfinal,9,11,steam,6.729572296142578
critical,24,unambiguous,long,comma,nonfinal,9,12,escaped.,7.098408937454224
critical,24,unambiguous,short,comma,nonfinal,6,0,While,20.302001953125
critical,24,unambiguous,short,comma,nonfinal,6,1,the,7.08778190612793
critical,24,unambiguous,short,comma,nonfinal,6,2,mechanic,20.98339080810547
critical,24,unambiguous,short,comma,nonfinal,6,3,"inspected,",26.917059898376465
critical,24,unambiguous,short,comma,nonfinal,6,4,the,4.411154270172119
critical,24,unambiguous,short,comma,nonfinal,6,5,engine,8.228096008300781
critical,24,unambiguous,short,comma,nonfinal,6,6,hissed,17.761106729507446
critical,24,unambiguous,short,comma,nonfinal,6,7,as,6.225350856781006
critical,24,unambiguous,short,comma,nonfinal,6,8,steam,7.245873928070068
critical,24,unambiguous,short,comma,nonfinal,6,9,escaped.,6.36906623840332
critical,24,unambiguous,long,object,nonfinal,11,0,While,20.302001953125
critical,24,unambiguous,long,object,nonfinal,11,1,the,7.08778190612793
critical,24,unambiguous,long,object,nonfinal,11,2,mechanic,20.98339080810547
critical,24,unambiguous,long,object,nonfinal,11,3,inspected,20.11153030395508
critical,24,unambiguous,long,object,nonfinal,11,4,the,0.940219521522522
critical,24,unambiguous,long,object,nonfinal,11,5,vehicle,11.11695957183838
critical,24,unambiguous,long,object,nonfinal,11,6,the,2.7487120628356934
critical,24,unambiguous,long,object,nonfinal,11,7,engine,7.067078113555908
critical,24,unambiguous,long,object,nonfinal,11,8,running,14.334354400634766
critical,24,unambiguous,long,object,nonfinal,11,9,on,8.887283325195312
critical,24,unambiguous,long,object,nonfinal,11,10,diesel,16.59462547302246
critical,24,unambiguous,long,object,nonfinal,11,11,hissed,34.98983573913574
critical,24,unambiguous,long,object,nonfinal,11,12,as,8.022274017333984
critical,24,unambiguous,long,object,nonfinal,11,13,steam,12.88875961303711
critical,24,unambiguous,long,object,nonfinal,11,14,escaped.,19.623488426208496
critical,24,unambiguous,short,object,nonfinal,8,0,While,20.302001953125
critical,24,unambiguous,short,object,nonfinal,8,1,the,7.08778190612793
critical,24,unambiguous,short,object,nonfinal,8,2,mechanic,20.98339080810547
critical,24,unambiguous,short,object,nonfinal,8,3,inspected,20.11153030395508
critical,24,unambiguous,short,object,nonfinal,8,4,the,0.940219521522522
critical,24,unambiguous,short,object,nonfinal,8,5,vehicle,11.11695957183838
critical,24,unambiguous,short,object,nonfinal,8,6,the,2.7487120628356934
critical,24,unambiguous,short,object,nonfinal,8,7,engine,7.067078113555908
critical,24,unambiguous,short,object,nonfinal,8,8,hissed,35.814334869384766
critical,24,unambiguous,short,object,nonfinal,8,9,as,8.103192329406738
critical,24,unambiguous,short,object,nonfinal,8,10,steam,13.301616668701172
critical,24,unambiguous,short,object,nonfinal,8,11,escaped.,15.347685813903809
critical,25,ambiguous,long,,final,9,0,After,18.587234497070312
critical,25,ambiguous,long,,final,9,1,the,2.4606616497039795
critical,25,ambiguous,long,,final,9,2,doctor,11.153579711914062
critical,25,ambiguous,long,,final,9,3,left,5.176806926727295
critical,25,ambiguous,long,,final,9,4,the,3.0402653217315674
critical,25,ambiguous,long,,final,9,5,patient,4.286715507507324
critical,25,ambiguous,long,,final,9,6,with,5.700586318969727
critical,25,ambiguous,long,,final,9,7,cardiac,13.050640106201172
critical,25,ambiguous,long,,final,9,8,issues,8.027263641357422
critical,25,ambiguous,long,,final,9,9,recovered.,16.923359394073486
critical,25,ambiguous,short,,final,6,0,After,18.587234497070312
critical,25,ambiguous,short,,final,6,1,the,2.4606616497039795
critical,25,ambiguous,short,,final,6,2,doctor,11.153579711914062
critical,25,ambiguous,short,,final,6,3,left,5.176806926727295
critical,25,ambiguous,short,,final,6,4,the,3.0402653217315674
critical,25,ambiguous,short,,final,6,5,patient,4.286715507507324
critical,25,ambiguous,short,,final,6,6,recovered.,14.739094972610474
critical,25,unambiguous,long,comma,final,9,0,After,18.587234497070312
critical,25,unambiguous,long,comma,final,9,1,the,2.4606616497039795
critical,25,unambiguous,long,comma,final,9,2,doctor,11.153579711914062
critical,25,unambiguous,long,comma,final,9,3,"left,",6.077470421791077
critical,25,unambiguous,long,comma,final,9,4,the,2.708704710006714
critical,25,unambiguous,long,comma,final,9,5,patient,2.40396785736084
critical,25,unambiguous,long,comma,final,9,6,with,10.526840209960938
critical,25,unambiguous,long,comma,final,9,7,cardiac,10.204675674438477
critical,25,unambiguous,long,comma,final,9,8,issues,7.8688883781433105
critical,25,unambiguous,long,comma,final,9,9,recovered.,12.820051431655884
critical,25,unambiguous,short,comma,final,6,0,After,18.587234497070312
critical,25,unambiguous,short,comma,final,6,1,the,2.4606616497039795
critical,25,unambiguous,short,comma,final,6,2,doctor,11.153579711914062
critical,25,unambiguous,short,comma,final,6,3,"left,",6.077470421791077
critical,25,unambiguous,short,comma,final,6,4,the,2.708704710006714
critical,25,unambiguous,short,comma,final,6,5,patient,2.40396785736084
critical,25,unambiguous,short,comma,final,6,6,recovered.,13.522335529327393
critical,25,unambiguous,long,object,final,12,0,After,18.587234497070312
critical,25,unambiguous,long,object,final,12,1,the,2.4606616497039795
critical,25,unambiguous,long,object,final,12,2,doctor,11.153579711914062
critical,25,unambiguous,long,object,final,12,3,left,5.176806926727295
critical,25,unambiguous,long,object,final,12,4,the,3.0402653217315674
critical,25,unambiguous,long,object,final,12,5,operating,7.49647045135498
critical,25,unambiguous,long,object,final,12,6,room,0.1412294059991836
critical,25,unambiguous,long,object,final,12,7,the,6.958585739135742
critical,25,unambiguous,long,object,final,12,8,patient,2.0612573623657227
critical,25,unambiguous,long,object,final,12,9,with,10.436756134033203
critical,25,unambiguous,long,object,final,12,10,cardiac,9.359195709228516
critical,25,unambiguous,long,object,final,12,11,issues,11.462892532348633
critical,25,unambiguous,long,object,final,12,12,recovered.,11.196770906448364
critical,25,unambiguous,short,object,final,9,0,After,18.587234497070312
critical,25,unambiguous,short,object,final,9,1,the,2.4606616497039795
critical,25,unambiguous,short,object,final,9,2,doctor,11.153579711914062
critical,25,unambiguous,short,object,final,9,3,left,5.176806926727295
critical,25,unambiguous,short,object,final,9,4,the,3.0402653217315674
critical,25,unambiguous,short,object,final,9,5,operating,7.49647045135498
critical,25,unambiguous,short,object,final,9,6,room,0.1412294059991836
critical,25,unambiguous,short,object,final,9,7,the,6.958585739135742
critical,25,unambiguous,short,object,final,9,8,patient,2.0612573623657227
critical,25,unambiguous,short,object,final,9,9,recovered.,11.82701015472412
critical,25,ambiguous,long,,nonfinal,9,0,After,18.587234497070312
critical,25,ambiguous,long,,nonfinal,9,1,the,2.4606616497039795
critical,25,ambiguous,long,,nonfinal,9,2,doctor,11.153579711914062
critical,25,ambiguous,long,,nonfinal,9,3,left,5.176806926727295
critical,25,ambiguous,long,,nonfinal,9,4,the,3.0402653217315674
critical,25,ambiguous,long,,nonfinal,9,5,patient,4.286715507507324
critical,25,ambiguous,long,,nonfinal,9,6,with,5.700586318969727
critical,25,ambiguous,long,,nonfinal,9,7,cardiac,13.050640106201172
critical,25,ambiguous,long,,nonfinal,9,8,issues,8.027263641357422
critical,25,ambiguous,long,,nonfinal,9,9,recovered,12.239913940429688
critical,25,ambiguous,long,,nonfinal,9,10,from,3.3828437328338623
critical,25,ambiguous,long,,nonfinal,9,11,the,1.2623498439788818
critical,25,ambiguous,long,,nonfinal,9,12,surgery.,6.903559446334839
critical,25,ambiguous,short,,nonfinal,6,0,After,18.587234497070312
critical,25,ambiguous,short,,nonfinal,6,1,the,2.4606616497039795
critical,25,ambiguous,short,,nonfinal,6,2,doctor,11.153579711914062
critical,25,ambiguous,short,,nonfinal,6,3,left,5.176806926727295
critical,25,ambiguous,short,,nonfinal,6,4,the,3.0402653217315674
critical,25,ambiguous,short,,nonfinal,6,5,patient,4.286715507507324
critical,25,ambiguous,short,,nonfinal,6,6,recovered,11.48327350616455
critical,25,ambiguous,short,,nonfinal,6,7,from,3.6021833419799805
critical,25,ambiguous,short,,nonfinal,6,8,the,0.8951160311698914
critical,25,ambiguous,short,,nonfinal,6,9,surgery.,7.69791054725647
critical,25,unambiguous,long,comma,nonfinal,9,0,After,18.587234497070312
critical,25,unambiguous,long,comma,nonfinal,9,1,the,2.4606616497039795
critical,25,unambiguous,long,comma,nonfinal,9,2,doctor,11.153579711914062
critical,25,unambiguous,long,comma,nonfinal,9,3,"left,",6.077470421791077
critical,25,unambiguous,long,comma,nonfinal,9,4,the,2.708704710006714
critical,25,unambiguous,long,comma,nonfinal,9,5,patient,2.40396785736084
critical,25,unambiguous,long,comma,nonfinal,9,6,with,10.526840209960938
critical,25,unambiguous,long,comma,nonfinal,9,7,cardiac,10.204675674438477
critical,25,unambiguous,long,comma,nonfinal,9,8,issues,7.8688883781433105
critical,25,unambiguous,long,comma,nonfinal,9,9,recovered,9.494702339172363
critical,25,unambiguous,long,comma,nonfinal,9,10,from,4.824512481689453
critical,25,unambiguous,long,comma,nonfinal,9,11,the,1.441343903541565
critical,25,unambiguous,long,comma,nonfinal,9,12,surgery.,5.414071559906006
critical,25,unambiguous,short,comma,nonfinal,6,0,After,18.587234497070312
critical,25,unambiguous,short,comma,nonfinal,6,1,the,2.4606616497039795
critical,25,unambiguous,short,comma,nonfinal,6,2,doctor,11.153579711914062
critical,25,unambiguous,short,comma,nonfinal,6,3,"left,",6.077470421791077
critical,25,unambiguous,short,comma,nonfinal,6,4,the,2.708704710006714
critical,25,unambiguous,short,comma,nonfinal,6,5,patient,2.40396785736084
critical,25,unambiguous,short,comma,nonfinal,6,6,recovered,10.46332836151123
critical,25,unambiguous,short,comma,nonfinal,6,7,from,4.020387649536133
critical,25,unambiguous,short,comma,nonfinal,6,8,the,0.8798934817314148
critical,25,unambiguous,short,comma,nonfinal,6,9,surgery.,6.798072338104248
critical,25,unambiguous,long,object,nonfinal,12,0,After,18.587234497070312
critical,25,unambiguous,long,object,nonfinal,12,1,the,2.4606616497039795
critical,25,unambiguous,long,object,nonfinal,12,2,doctor,11.153579711914062
critical,25,unambiguous,long,object,nonfinal,12,3,left,5.176806926727295
critical,25,unambiguous,long,object,nonfinal,12,4,the,3.0402653217315674
critical,25,unambiguous,long,object,nonfinal,12,5,operating,7.49647045135498
critical,25,unambiguous,long,object,nonfinal,12,6,room,0.1412294059991836
critical,25,unambiguous,long,object,nonfinal,12,7,the,6.958585739135742
critical,25,unambiguous,long,object,nonfinal,12,8,patient,2.0612573623657227
critical,25,unambiguous,long,object,nonfinal,12,9,with,10.436756134033203
critical,25,unambiguous,long,object,nonfinal,12,10,cardiac,9.359195709228516
critical,25,unambiguous,long,object,nonfinal,12,11,issues,11.462892532348633
critical,25,unambiguous,long,object,nonfinal,12,12,recovered,7.986795902252197
critical,25,unambiguous,long,object,nonfinal,12,13,from,4.07888650894165
critical,25,unambiguous,long,object,nonfinal,12,14,the,0.9670597910881042
critical,25,unambiguous,long,object,nonfinal,12,15,surgery.,3.318362593650818
critical,25,unambiguous,short,object,nonfinal,9,0,After,18.587234497070312
critical,25,unambiguous,short,object,nonfinal,9,1,the,2.4606616497039795
critical,25,unambiguous,short,object,nonfinal,9,2,doctor,11.153579711914062
critical,25,unambiguous,short,object,nonfinal,9,3,left,5.176806926727295
critical,25,unambiguous,short,object,nonfinal,9,4,the,3.0402653217315674
critical,25,unambiguous,short,object,nonfinal,9,5,operating,7.49647045135498
critical,25,unambiguous,short,object,nonfinal,9,6,room,0.1412294059991836
critical,25,unambiguous,short,object,nonfinal,9,7,the,6.958585739135742
critical,25,unambiguous,short,object,nonfinal,9,8,patient,2.0612573623657227
critical,25,unambiguous,short,object,nonfinal,9,9,recovered,8.671687126159668
critical,25,unambiguous,short,object,nonfinal,9,10,from,3.833925247192383
critical,25,unambiguous,short,object,nonfinal,9,11,the,0.6530249714851379
critical,25,unambiguous,short,object,nonfinal,9,12,surgery.,5.277104616165161
critical,26,ambiguous,long,,final,9,0,After,18.587234497070312
critical,26,ambiguous,long,,final,9,1,the,2.4606616497039795
critical,26,ambiguous,long,,final,9,2,gardener,16.61815530527383
critical,26,ambiguous,long,,final,9,3,watered,7.592925261706114
critical,26,ambiguous,long,,final,9,4,the,0.9641594886779784
critical,26,ambiguous,long,,final,9,5,plants,3.194215774536133
critical,26,ambiguous,long,,final,9,6,that,9.031460762023926
critical,26,ambiguous,long,,final,9,7,were,1.8913440704345703
critical,26,ambiguous,long,,final,9,8,wilting,12.27367493591737
critical,26,ambiguous,long,,final,9,9,revived.,33.35496425628662
critical,26,ambiguous,short,,final,6,0,After,18.587234497070312
critical,26,ambiguous,short,,final,6,1,the,2.4606616497039795
critical,26,ambiguous,short,,final,6,2,gardener,16.61815530527383
critical,26,ambiguous,short,,final,6,3,watered,7.592925261706114
critical,26,ambiguous,short,,final,6,4,the,0.9641594886779784
critical,26,ambiguous,short,,final,6,5,plants,3.194215774536133
critical,26,ambiguous,short,,final,6,6,revived.,32.95642375946045
critical,26,unambiguous,long,comma,final,9,0,After,18.587234497070312
critical,26,unambiguous,long,comma,final,9,1,the,2.4606616497039795
critical,26,unambiguous,long,comma,final,9,2,gardener,16.61815530527383
critical,26,unambiguous,long,comma,final,9,3,"watered,",13.402606677263975
critical,26,unambiguous,long,comma,final,9,4,the,2.2444891929626465
critical,26,unambiguous,long,comma,final,9,5,plants,5.649277687072754
critical,26,unambiguous,long,comma,final,9,6,that,4.904094696044922
critical,26,unambiguous,long,comma,final,9,7,were,1.2480381727218628
critical,26,unambiguous,long,comma,final,9,8,wilting,11.646586906630546
critical,26,unambiguous,long,comma,final,9,9,revived.,10.685957908630373
critical,26,unambiguous,short,comma,final,6,0,After,18.587234497070312
critical,26,unambiguous,short,comma,final,6,1,the,2.4606616497039795
critical,26,unambiguous,short,comma,final,6,2,gardener,16.61815530527383
critical,26,unambiguous,short,comma,final,6,3,"watered,",13.402606677263975
critical,26,unambiguous,short,comma,final,6,4,the,2.2444891929626465
critical,26,unambiguous,short,comma,final,6,5,plants,5.649277687072754
critical,26,unambiguous,short,comma,final,6,6,revived.,18.695487022399902
critical,26,unambiguous,long,object,final,12,0,After,18.587234497070312
critical,26,unambiguous,long,object,final,12,1,the,2.4606616497039795
critical,26,unambiguous,long,object,final,12,2,gardener,16.61815530527383
critical,26,unambiguous,long,object,final,12,3,watered,7.592922508716583
critical,26,unambiguous,long,object,final,12,4,the,0.9641594886779784
critical,26,unambiguous,long,object,final,12,5,flower,4.009809970855713
critical,26,unambiguous,long,object,final,12,6,bed,1.6524642705917358
critical,26,unambiguous,long,object,final,12,7,the,8.991984367370605
critical,26,unambiguous,long,object,final,12,8,plants,7.55360746383667
critical,26,unambiguous,long,object,final,12,9,that,8.381152153015137
critical,26,unambiguous,long,object,final,12,10,were,1.302137017250061
critical,26,unambiguous,long,object,final,12,11,wilting,9.647142772562802
critical,26,unambiguous,long,object,final,12,12,revived.,8.581477284431458
critical,26,unambiguous,short,object,final,9,0,After,18.587234497070312
critical,26,unambiguous,short,object,final,9,1,the,2.4606616497039795
critical,26,unambiguous,short,object,final,9,2,gardener,16.61815530527383
critical,26,unambiguous,short,object,final,9,3,watered,7.592925261706114
critical,26,unambiguous,short,object,final,9,4,the,0.9641594886779784
critical,26,unambiguous,short,object,final,9,5,flower,4.009809970855713
critical,26,unambiguous,short,object,final,9,6,bed,1.6524642705917358
critical,26,unambiguous,short,object,final,9,7,the,8.991984367370605
critical,26,unambiguous,short,object,final,9,8,plants,7.55360746383667
critical,26,unambiguous,short,object,final,9,9,revived.,18.46366810798645
critical,26,ambiguous,long,,nonfinal,9,0,After,18.587234497070312
critical,26,ambiguous,long,,nonfinal,9,1,the,2.4606616497039795
critical,26,ambiguous,long,,nonfinal,9,2,gardener,16.61815530527383
critical,26,ambiguous,long,,nonfinal,9,3,watered,7.592922508716583
critical,26,ambiguous,long,,nonfinal,9,4,the,0.9641594886779784
critical,26,ambiguous,long,,nonfinal,9,5,plants,3.194215774536133
critical,26,ambiguous,long,,nonfinal,9,6,that,9.031460762023926
critical,26,ambiguous,long,,nonfinal,9,7,were,1.8913440704345703
critical,26,ambiguous,long,,nonfinal,9,8,wilting,12.27367493591737
critical,26,ambiguous,long,,nonfinal,9,9,revived,28.478639602661133
critical,26,ambiguous,long,,nonfinal,9,10,in,6.18091344833374
critical,26,ambiguous,long,,nonfinal,9,11,the,2.386659622192383
critical,26,ambiguous,long,,nonfinal,9,12,afternoon,4.325586318969727
critical,26,ambiguous,long,,nonfinal,9,13,sun.,6.49873149394989
critical,26,ambiguous,short,,nonfinal,6,0,After,18.587234497070312
critical,26,ambiguous,short,,nonfinal,6,1,the,2.4606616497039795
critical,26,ambiguous,short,,nonfinal,6,2,gardener,16.61815530527383
critical,26,ambiguous,short,,nonfinal,6,3,watered,7.592925261706114
critical,26,ambiguous,short,,nonfinal,6,4,the,0.9641594886779784
critical,26,ambiguous,short,,nonfinal,6,5,plants,3.194215774536133
critical,26,ambiguous,short,,nonfinal,6,6,revived,28.854026794433597
critical,26,ambiguous,short,,nonfinal,6,7,in,5.678110122680664
critical,26,ambiguous,short,,nonfinal,6,8,the,2.424396753311157
critical,26,ambiguous,short,,nonfinal,6,9,afternoon,4.668445587158203
critical,26,ambiguous,short,,nonfinal,6,10,sun.,8.670490026473999
critical,26,unambiguous,long,comma,nonfinal,9,0,After,18.587234497070312
critical,26,unambiguous,long,comma,nonfinal,9,1,the,2.4606616497039795
critical,26,unambiguous,long,comma,nonfinal,9,2,gardener,16.61815530527383
critical,26,unambiguous,long,comma,nonfinal,9,3,"watered,",13.402603924274445
critical,26,unambiguous,long,comma,nonfinal,9,4,the,2.2444891929626465
critical,26,unambiguous,long,comma,nonfinal,9,5,plants,5.649277687072754
critical,26,unambiguous,long,comma,nonfinal,9,6,that,4.904094696044922
critical,26,unambiguous,long,comma,nonfinal,9,7,were,1.2480381727218628
critical,26,unambiguous,long,comma,nonfinal,9,8,wilting,11.646586906630546
critical,26,unambiguous,long,comma,nonfinal,9,9,revived,8.650866508483887
critical,26,unambiguous,long,comma,nonfinal,9,10,in,8.336522102355957
critical,26,unambiguous,long,comma,nonfinal,9,11,the,2.2057807445526123
critical,26,unambiguous,long,comma,nonfinal,9,12,afternoon,5.120360851287842
critical,26,unambiguous,long,comma,nonfinal,9,13,sun.,4.772425055503845
critical,26,unambiguous,short,comma,nonfinal,6,0,After,18.587234497070312
critical,26,unambiguous,short,comma,nonfinal,6,1,the,2.4606616497039795
critical,26,unambiguous,short,comma,nonfinal,6,2,gardener,16.61815530527383
critical,26,unambiguous,short,comma,nonfinal,6,3,"watered,",13.402606677263975
critical,26,unambiguous,short,comma,nonfinal,6,4,the,2.2444891929626465
critical,26,unambiguous,short,comma,nonfinal,6,5,plants,5.649277687072754
critical,26,unambiguous,short,comma,nonfinal,6,6,revived,15.983909606933594
critical,26,unambiguous,short,comma,nonfinal,6,7,in,7.494946002960205
critical,26,unambiguous,short,comma,nonfinal,6,8,the,2.5102312564849854
critical,26,unambiguous,short,comma,nonfinal,6,9,afternoon,6.254642963409424
critical,26,unambiguous,short,comma,nonfinal,6,10,sun.,7.253215670585632
critical,26,unambiguous,long,object,nonfinal,12,0,After,18.587234497070312
critical,26,unambiguous,long,object,nonfinal,12,1,the,2.4606616497039795
critical,26,unambiguous,long,object,nonfinal,12,2,gardener,16.61815530527383
critical,26,unambiguous,long,object,nonfinal,12,3,watered,7.592925261706114
critical,26,unambiguous,long,object,nonfinal,12,4,the,0.9641594886779784
critical,26,unambiguous,long,object,nonfinal,12,5,flower,4.009809970855713
critical,26,unambiguous,long,object,nonfinal,12,6,bed,1.6524642705917358
critical,26,unambiguous,long,object,nonfinal,12,7,the,8.991984367370605
critical,26,unambiguous,long,object,nonfinal,12,8,plants,7.55360746383667
critical,26,unambiguous,long,object,nonfinal,12,9,that,8.381152153015137
critical,26,unambiguous,long,object,nonfinal,12,10,were,1.302137017250061
critical,26,unambiguous,long,object,nonfinal,12,11,wilting,9.647142772562802
critical,26,unambiguous,long,object,nonfinal,12,12,revived,6.619848728179932
critical,26,unambiguous,long,object,nonfinal,12,13,in,7.836066246032715
critical,26,unambiguous,long,object,nonfinal,12,14,the,2.264697790145874
critical,26,unambiguous,long,object,nonfinal,12,15,afternoon,5.483871936798096
critical,26,unambiguous,long,object,nonfinal,12,16,sun.,4.954883337020874
critical,26,unambiguous,short,object,nonfinal,9,0,After,18.587234497070312
critical,26,unambiguous,short,object,nonfinal,9,1,the,2.4606616497039795
critical,26,unambiguous,short,object,nonfinal,9,2,gardener,16.61815530527383
critical,26,unambiguous,short,object,nonfinal,9,3,watered,7.592922508716583
critical,26,unambiguous,short,object,nonfinal,9,4,the,0.9641594886779784
critical,26,unambiguous,short,object,nonfinal,9,5,flower,4.009809970855713
critical,26,unambiguous,short,object,nonfinal,9,6,bed,1.6524642705917358
critical,26,unambiguous,short,object,nonfinal,9,7,the,8.991984367370605
critical,26,unambiguous,short,object,nonfinal,9,8,plants,7.55360746383667
critical,26,unambiguous,short,object,nonfinal,9,9,revived,16.12981414794922
critical,26,unambiguous,short,object,nonfinal,9,10,in,7.289491653442383
critical,26,unambiguous,short,object,nonfinal,9,11,the,2.749383449554444
critical,26,unambiguous,short,object,nonfinal,9,12,afternoon,5.992885589599609
critical,26,unambiguous,short,object,nonfinal,9,13,sun.,7.29473078250885
critical,27,ambiguous,long,,final,7,0,Because,21.475265502929688
critical,27,ambiguous,long,,final,7,1,the,3.5499446392059326
critical,27,ambiguous,long,,final,7,2,employees,13.440603256225586
critical,27,ambiguous,long,,final,7,3,mopped,24.022417545318604
critical,27,ambiguous,long,,final,7,4,the,0.8389313817024231
critical,27,ambiguous,long,,final,7,5,bathroom,6.026357173919678
critical,27,ambiguous,long,,final,7,6,downstairs,12.080080032348633
critical,27,ambiguous,long,,final,7,7,sparkled.,27.5536048412323
critical,27,ambiguous,short,,final,6,0,Because,21.475265502929688
critical,27,ambiguous,short,,final,6,1,the,3.5499460697174072
critical,27,ambiguous,short,,final,6,2,employees,13.440603256225586
critical,27,ambiguous,short,,final,6,3,mopped,24.022417545318604
critical,27,ambiguous,short,,final,6,4,the,0.8389313817024231
critical,27,ambiguous,short,,final,6,5,bathroom,6.026357173919678
critical,27,ambiguous,short,,final,6,6,sparkled.,28.76724934577942
critical,27,unambiguous,long,comma,final,7,0,Because,21.475265502929688
critical,27,unambiguous,long,comma,final,7,1,the,3.5499460697174072
critical,27,unambiguous,long,comma,final,7,2,employees,13.440603256225586
critical,27,unambiguous,long,comma,final,7,3,"mopped,",29.64762306213379
critical,27,unambiguous,long,comma,final,7,4,the,4.665011405944824
critical,27,unambiguous,long,comma,final,7,5,bathroom,7.225717544555664
critical,27,unambiguous,long,comma,final,7,6,downstairs,13.912335395812988
critical,27,unambiguous,long,comma,final,7,7,sparkled.,15.079728543758392
critical,27,unambiguous,short,comma,final,6,0,Because,21.475265502929688
critical,27,unambiguous,short,comma,final,6,1,the,3.5499446392059326
critical,27,unambiguous,short,comma,final,6,2,employees,13.440603256225586
critical,27,unambiguous,short,comma,final,6,3,"mopped,",29.64762306213379
critical,27,unambiguous,short,comma,final,6,4,the,4.665011405944824
critical,27,unambiguous,short,comma,final,6,5,bathroom,7.225717544555664
critical,27,unambiguous,short,comma,final,6,6,sparkled.,15.199105396866798
critical,27,unambiguous,long,object,final,9,0,Because,21.475265502929688
critical,27,unambiguous,long,object,final,9,1,the,3.5499460697174072
critical,27,unambiguous,long,object,final,9,2,employees,13.440603256225586
critical,27,unambiguous,long,object,final,9,3,mopped,24.022417545318604
critical,27,unambiguous,long,object,final,9,4,the,0.8389313817024231
critical,27,unambiguous,long,object,final,9,5,floor,1.9286271333694456
critical,27,unambiguous,long,object,final,9,6,the,7.246622562408447
critical,27,unambiguous,long,object,final,9,7,bathroom,9.01823902130127
critical,27,unambiguous,long,object,final,9,8,downstairs,11.511176109313965
critical,27,unambiguous,long,object,final,9,9,sparkled.,15.865947365760803
critical,27,unambiguous,short,object,final,8,0,Because,21.475265502929688
critical,27,unambiguous,short,object,final,8,1,the,3.5499460697174072
critical,27,unambiguous,short,object,final,8,2,employees,13.440603256225586
critical,27,unambiguous,short,object,final,8,3,mopped,24.022417545318604
critical,27,unambiguous,short,object,final,8,4,the,0.8389313817024231
critical,27,unambiguous,short,object,final,8,5,floor,1.9286271333694456
critical,27,unambiguous,short,object,final,8,6,the,7.246622562408447
critical,27,unambiguous,short,object,final,8,7,bathroom,9.01823902130127
critical,27,unambiguous,short,object,final,8,8,sparkled.,17.108830869197845
critical,27,ambiguous,long,,nonfinal,7,0,Because,21.475265502929688
critical,27,ambiguous,long,,nonfinal,7,1,the,3.5499460697174072
critical,27,ambiguous,long,,nonfinal,7,2,employees,13.440603256225586
critical,27,ambiguous,long,,nonfinal,7,3,mopped,24.022417545318604
critical,27,ambiguous,long,,nonfinal,7,4,the,0.8389313817024231
critical,27,ambiguous,long,,nonfinal,7,5,bathroom,6.026357173919678
critical,27,ambiguous,long,,nonfinal,7,6,downstairs,12.080080032348633
critical,27,ambiguous,long,,nonfinal,7,7,sparkled,23.88935899734497
critical,27,ambiguous,long,,nonfinal,7,8,brilliantly,8.177228927612305
critical,27,ambiguous,long,,nonfinal,7,9,in,3.7284791469573975
critical,27,ambiguous,long,,nonfinal,7,10,the,0.1985175013542175
critical,27,ambiguous,long,,nonfinal,7,11,light.,6.028910875320435
critical,27,ambiguous,short,,nonfinal,6,0,Because,21.475265502929688
critical,27,ambiguous,short,,nonfinal,6,1,the,3.5499460697174072
critical,27,ambiguous,short,,nonfinal,6,2,employees,13.440603256225586
critical,27,ambiguous,short,,nonfinal,6,3,mopped,24.022417545318604
critical,27,ambiguous,short,,nonfinal,6,4,the,0.8389313817024231
critical,27,ambiguous,short,,nonfinal,6,5,bathroom,6.026357173919678
critical,27,ambiguous,short,,nonfinal,6,6,sparkled,25.21734857559204
critical,27,ambiguous,short,,nonfinal,6,7,brilliantly,8.19415283203125
critical,27,ambiguous,short,,nonfinal,6,8,in,4.297890186309815
critical,27,ambiguous,short,,nonfinal,6,9,the,0.1964564621448516
critical,27,ambiguous,short,,nonfinal,6,10,light.,6.041241407394409
critical,27,unambiguous,long,comma,nonfinal,7,0,Because,21.475265502929688
critical,27,unambiguous,long,comma,nonfinal,7,1,the,3.5499460697174072
critical,27,unambiguous,long,comma,nonfinal,7,2,employees,13.440603256225586
critical,27,unambiguous,long,comma,nonfinal,7,3,"mopped,",29.64762306213379
critical,27,unambiguous,long,comma,nonfinal,7,4,the,4.665011405944824
critical,27,unambiguous,long,comma,nonfinal,7,5,bathroom,7.225717544555664
critical,27,unambiguous,long,comma,nonfinal,7,6,downstairs,13.912335395812988
critical,27,unambiguous,long,comma,nonfinal,7,7,sparkled,13.368868052959442
critical,27,unambiguous,long,comma,nonfinal,7,8,brilliantly,10.135714530944824
critical,27,unambiguous,long,comma,nonfinal,7,9,in,7.677558422088623
critical,27,unambiguous,long,comma,nonfinal,7,10,the,0.58461993932724
critical,27,unambiguous,long,comma,nonfinal,7,11,light.,5.432477712631226
critical,27,unambiguous,short,comma,nonfinal,6,0,Because,21.475265502929688
critical,27,unambiguous,short,comma,nonfinal,6,1,the,3.5499460697174072
critical,27,unambiguous,short,comma,nonfinal,6,2,employees,13.440603256225586
critical,27,unambiguous,short,comma,nonfinal,6,3,"mopped,",29.64762306213379
critical,27,unambiguous,short,comma,nonfinal,6,4,the,4.665011405944824
critical,27,unambiguous,short,comma,nonfinal,6,5,bathroom,7.225717544555664
critical,27,unambiguous,short,comma,nonfinal,6,6,sparkled,13.40065397322178
critical,27,unambiguous,short,comma,nonfinal,6,7,brilliantly,11.453055381774902
critical,27,unambiguous,short,comma,nonfinal,6,8,in,7.50086498260498
critical,27,unambiguous,short,comma,nonfinal,6,9,the,0.7092289328575134
critical,27,unambiguous,short,comma,nonfinal,6,10,light.,5.895424842834473
critical,27,unambiguous,long,object,nonfinal,9,0,Because,21.475265502929688
critical,27,unambiguous,long,object,nonfinal,9,1,the,3.5499460697174072
critical,27,unambiguous,long,object,nonfinal,9,2,employees,13.440603256225586
critical,27,unambiguous,long,object,nonfinal,9,3,mopped,24.022417545318604
critical,27,unambiguous,long,object,nonfinal,9,4,the,0.8389313817024231
critical,27,unambiguous,long,object,nonfinal,9,5,floor,1.9286271333694456
critical,27,unambiguous,long,object,nonfinal,9,6,the,7.246622562408447
critical,27,unambiguous,long,object,nonfinal,9,7,bathroom,9.01823902130127
critical,27,unambiguous,long,object,nonfinal,9,8,downstairs,11.511176109313965
critical,27,unambiguous,long,object,nonfinal,9,9,sparkled,13.983326196670532
critical,27,unambiguous,long,object,nonfinal,9,10,brilliantly,10.195438385009766
critical,27,unambiguous,long,object,nonfinal,9,11,in,7.109094142913818
critical,27,unambiguous,long,object,nonfinal,9,12,the,0.421649158000946
critical,27,unambiguous,long,object,nonfinal,9,13,light.,5.291955471038818
critical,27,unambiguous,short,object,nonfinal,8,0,Because,21.475265502929688
critical,27,unambiguous,short,object,nonfinal,8,1,the,3.5499460697174072
critical,27,unambiguous,short,object,nonfinal,8,2,employees,13.440603256225586
critical,27,unambiguous,short,object,nonfinal,8,3,mopped,24.022417545318604
critical,27,unambiguous,short,object,nonfinal,8,4,the,0.8389313817024231
critical,27,unambiguous,short,object,nonfinal,8,5,floor,1.9286271333694456
critical,27,unambiguous,short,object,nonfinal,8,6,the,7.246622562408447
critical,27,unambiguous,short,object,nonfinal,8,7,bathroom,9.01823902130127
critical,27,unambiguous,short,object,nonfinal,8,8,sparkled,15.154964864253998
critical,27,unambiguous,short,object,nonfinal,8,9,brilliantly,11.130711555480955
critical,27,unambiguous,short,object,nonfinal,8,10,in,7.303415298461914
critical,27,unambiguous,short,object,nonfinal,8,11,the,0.4735274016857147
critical,27,unambiguous,short,object,nonfinal,8,12,light.,5.577279090881348
critical,28,ambiguous,long,,final,9,0,While,20.302001953125
critical,28,ambiguous,long,,final,9,1,the,7.08778190612793
critical,28,ambiguous,long,,final,9,2,martial,23.51556968688965
critical,28,ambiguous,long,,final,9,3,artists,13.263154983520508
critical,28,ambiguous,long,,final,9,4,fought,18.47679710388184
critical,28,ambiguous,long,,final,9,5,the,2.8437483310699463
critical,28,ambiguous,long,,final,9,6,spectator,19.636213302612305
critical,28,ambiguous,long,,final,9,7,watching,12.550609588623049
critical,28,ambiguous,long,,final,9,8,attentively,16.28205442428589
critical,28,ambiguous,long,,final,9,9,cheered.,19.758512020111084
critical,28,ambiguous,short,,final,7,0,While,20.302001953125
critical,28,ambiguous,short,,final,7,1,the,7.08778190612793
critical,28,ambiguous,short,,final,7,2,martial,23.51556968688965
critical,28,ambiguous,short,,final,7,3,artists,13.263154983520508
critical,28,ambiguous,short,,final,7,4,fought,18.47679710388184
critical,28,ambiguous,short,,final,7,5,the,2.8437483310699463
critical,28,ambiguous,short,,final,7,6,spectator,19.636213302612305
critical,28,ambiguous,short,,final,7,7,cheered.,18.424281120300293
critical,28,unambiguous,long,comma,final,9,0,While,20.302001953125
critical,28,unambiguous,long,comma,final,9,1,the,7.08778190612793
critical,28,unambiguous,long,comma,final,9,2,martial,23.51556968688965
critical,28,unambiguous,long,comma,final,9,3,artists,13.263154983520508
critical,28,unambiguous,long,comma,final,9,4,"fought,",21.754414796829224
critical,28,unambiguous,long,comma,final,9,5,the,4.4966816902160645
critical,28,unambiguous,long,comma,final,9,6,spectator,19.051061630249023
critical,28,unambiguous,long,comma,final,9,7,watching,11.641837120056152
critical,28,unambiguous,long,comma,final,9,8,attentively,14.388383120298386
critical,28,unambiguous,long,comma,final,9,9,cheered.,16.329550743103027
critical,28,unambiguous,short,comma,final,7,0,While,20.302001953125
critical,28,unambiguous,short,comma,final,7,1,the,7.08778190612793
critical,28,unambiguous,short,comma,final,7,2,martial,23.51556968688965
critical,28,unambiguous,short,comma,final,7,3,artists,13.263154983520508
critical,28,unambiguous,short,comma,final,7,4,"fought,",21.754414796829224
critical,28,unambiguous,short,comma,final,7,5,the,4.4966816902160645
critical,28,unambiguous,short,comma,final,7,6,spectator,19.051061630249023
critical,28,unambiguous,short,comma,final,7,7,cheered.,11.431311130523682
critical,28,unambiguous,long,object,final,11,0,While,20.302001953125
critical,28,unambiguous,long,object,final,11,1,the,7.08778190612793
critical,28,unambiguous,long,object,final,11,2,martial,23.51556968688965
critical,28,unambiguous,long,object,final,11,3,artists,13.263154983520508
critical,28,unambiguous,long,object,final,11,4,fought,18.47679710388184
critical,28,unambiguous,long,object,final,11,5,each,13.483893394470217
critical,28,unambiguous,long,object,final,11,6,other,0.8482927083969116
critical,28,unambiguous,long,object,final,11,7,the,6.361684799194336
critical,28,unambiguous,long,object,final,11,8,spectator,18.55158042907715
critical,28,unambiguous,long,object,final,11,9,watching,10.820241928100586
critical,28,unambiguous,long,object,final,11,10,attentively,17.79581928253174
critical,28,unambiguous,long,object,final,11,11,cheered.,20.86887788772583
critical,28,unambiguous,short,object,final,9,0,While,20.302001953125
critical,28,unambiguous,short,object,final,9,1,the,7.08778190612793
critical,28,unambiguous,short,object,final,9,2,martial,23.51556968688965
critical,28,unambiguous,short,object,final,9,3,artists,13.263154983520508
critical,28,unambiguous,short,object,final,9,4,fought,18.47679710388184
critical,28,unambiguous,short,object,final,9,5,each,13.483893394470217
critical,28,unambiguous,short,object,final,9,6,other,0.8482927083969116
critical,28,unambiguous,short,object,final,9,7,the,6.361684799194336
critical,28,unambiguous,short,object,final,9,8,spectator,18.55158042907715
critical,28,unambiguous,short,object,final,9,9,cheered.,17.882692337036133
critical,28,ambiguous,long,,nonfinal,9,0,While,20.302001953125
critical,28,ambiguous,long,,nonfinal,9,1,the,7.08778190612793
critical,28,ambiguous,long,,nonfinal,9,2,martial,23.51556968688965
critical,28,ambiguous,long,,nonfinal,9,3,artists,13.263154983520508
critical,28,ambiguous,long,,nonfinal,9,4,fought,18.47679710388184
critical,28,ambiguous,long,,nonfinal,9,5,the,2.8437483310699463
critical,28,ambiguous,long,,nonfinal,9,6,spectator,19.636213302612305
critical,28,ambiguous,long,,nonfinal,9,7,watching,12.550609588623049
critical,28,ambiguous,long,,nonfinal,9,8,attentively,16.28205442428589
critical,28,ambiguous,long,,nonfinal,9,9,cheered,12.328012466430664
critical,28,ambiguous,long,,nonfinal,9,10,for,8.07774829864502
critical,28,ambiguous,long,,nonfinal,9,11,the,0.53183913230896
critical,28,ambiguous,long,,nonfinal,9,12,underdog.,19.69392991065979
critical,28,ambiguous,short,,nonfinal,7,0,While,20.302001953125
critical,28,ambiguous,short,,nonfinal,7,1,the,7.08778190612793
critical,28,ambiguous,short,,nonfinal,7,2,martial,23.51556968688965
critical,28,ambiguous,short,,nonfinal,7,3,artists,13.263154983520508
critical,28,ambiguous,short,,nonfinal,7,4,fought,18.47679710388184
critical,28,ambiguous,short,,nonfinal,7,5,the,2.8437483310699463
critical,28,ambiguous,short,,nonfinal,7,6,spectator,19.636213302612305
critical,28,ambiguous,short,,nonfinal,7,7,cheered,10.444659233093262
critical,28,ambiguous,short,,nonfinal,7,8,for,6.991210460662842
critical,28,ambiguous,short,,nonfinal,7,9,the,0.3270009160041809
critical,28,ambiguous,short,,nonfinal,7,10,underdog.,19.799099922180176
critical,28,unambiguous,long,comma,nonfinal,9,0,While,20.302001953125
critical,28,unambiguous,long,comma,nonfinal,9,1,the,7.08778190612793
critical,28,unambiguous,long,comma,nonfinal,9,2,martial,23.51556968688965
critical,28,unambiguous,long,comma,nonfinal,9,3,artists,13.263154983520508
critical,28,unambiguous,long,comma,nonfinal,9,4,"fought,",21.754414796829224
critical,28,unambiguous,long,comma,nonfinal,9,5,the,4.4966816902160645
critical,28,unambiguous,long,comma,nonfinal,9,6,spectator,19.051061630249023
critical,28,unambiguous,long,comma,nonfinal,9,7,watching,11.641837120056152
critical,28,unambiguous,long,comma,nonfinal,9,8,attentively,14.388383120298386
critical,28,unambiguous,long,comma,nonfinal,9,9,cheered,11.346027374267578
critical,28,unambiguous,long,comma,nonfinal,9,10,for,4.744706630706787
critical,28,unambiguous,long,comma,nonfinal,9,11,the,0.6526287198066711
critical,28,unambiguous,long,comma,nonfinal,9,12,underdog.,15.788319706916807
critical,28,unambiguous,short,comma,nonfinal,7,0,While,20.302001953125
critical,28,unambiguous,short,comma,nonfinal,7,1,the,7.08778190612793
critical,28,unambiguous,short,comma,nonfinal,7,2,martial,23.51556968688965
critical,28,unambiguous,short,comma,nonfinal,7,3,artists,13.263154983520508
critical,28,unambiguous,short,comma,nonfinal,7,4,"fought,",21.754414796829224
critical,28,unambiguous,short,comma,nonfinal,7,5,the,4.4966816902160645
critical,28,unambiguous,short,comma,nonfinal,7,6,spectator,19.051061630249023
critical,28,unambiguous,short,comma,nonfinal,7,7,cheered,7.0434889793396
critical,28,unambiguous,short,comma,nonfinal,7,8,for,4.826966762542725
critical,28,unambiguous,short,comma,nonfinal,7,9,the,0.7378688454627991
critical,28,unambiguous,short,comma,nonfinal,7,10,underdog.,14.22278068959713
critical,28,unambiguous,long,object,nonfinal,11,0,While,20.302001953125
critical,28,unambiguous,long,object,nonfinal,11,1,the,7.08778190612793
critical,28,unambiguous,long,object,nonfinal,11,2,martial,23.51556968688965
critical,28,unambiguous,long,object,nonfinal,11,3,artists,13.263154983520508
critical,28,unambiguous,long,object,nonfinal,11,4,fought,18.47679710388184
critical,28,unambiguous,long,object,nonfinal,11,5,each,13.483893394470217
critical,28,unambiguous,long,object,nonfinal,11,6,other,0.8482927083969116
critical,28,unambiguous,long,object,nonfinal,11,7,the,6.361684799194336
critical,28,unambiguous,long,object,nonfinal,11,8,spectator,18.55158042907715
critical,28,unambiguous,long,object,nonfinal,11,9,watching,10.820241928100586
critical,28,unambiguous,long,object,nonfinal,11,10,attentively,17.79581928253174
critical,28,unambiguous,long,object,nonfinal,11,11,cheered,13.083953857421877
critical,28,unambiguous,long,object,nonfinal,11,12,for,7.226359844207764
critical,28,unambiguous,long,object,nonfinal,11,13,the,1.4236392974853516
critical,28,unambiguous,long,object,nonfinal,11,14,underdog.,19.46366572380066
critical,28,unambiguous,short,object,nonfinal,9,0,While,20.302001953125
critical,28,unambiguous,short,object,nonfinal,9,1,the,7.08778190612793
critical,28,unambiguous,short,object,nonfinal,9,2,martial,23.51556968688965
critical,28,unambiguous,short,object,nonfinal,9,3,artists,13.263154983520508
critical,28,unambiguous,short,object,nonfinal,9,4,fought,18.47679710388184
critical,28,unambiguous,short,object,nonfinal,9,5,each,13.483890533447266
critical,28,unambiguous,short,object,nonfinal,9,6,other,0.8482927083969116
critical,28,unambiguous,short,object,nonfinal,9,7,the,6.361684799194336
critical,28,unambiguous,short,object,nonfinal,9,8,spectator,18.55158042907715
critical,28,unambiguous,short,object,nonfinal,9,9,cheered,9.892938613891602
critical,28,unambiguous,short,object,nonfinal,9,10,for,5.678987979888916
critical,28,unambiguous,short,object,nonfinal,9,11,the,1.115176796913147
critical,28,unambiguous,short,object,nonfinal,9,12,underdog.,20.999088048934937
critical,29,ambiguous,long,,final,8,0,Before,20.509679794311523
critical,29,ambiguous,long,,final,8,1,the,3.3642916679382324
critical,29,ambiguous,long,,final,8,2,fans,16.397863388061523
critical,29,ambiguous,long,,final,8,3,notice,11.383832931518556
critical,29,ambiguous,long,,final,8,4,the,2.9804537296295166
critical,29,ambiguous,long,,final,8,5,celebrity,12.43570327758789
critical,29,ambiguous,long,,final,8,6,shopping,14.027732849121094
critical,29,ambiguous,long,,final,8,7,discreetly,17.5809338837862
critical,29,ambiguous,long,,final,8,8,flees.,21.491032354533672
critical,29,ambiguous,short,,final,6,0,Before,20.509679794311523
critical,29,ambiguous,short,,final,6,1,the,3.3642916679382324
critical,29,ambiguous,short,,final,6,2,fans,16.397863388061523
critical,29,ambiguous,short,,final,6,3,notice,11.383832931518556
critical,29,ambiguous,short,,final,6,4,the,2.9804537296295166
critical,29,ambiguous,short,,final,6,5,celebrity,12.43570327758789
critical,29,ambiguous,short,,final,6,6,flees.,21.014312863349915
critical,29,unambiguous,long,comma,final,8,0,Before,20.509679794311523
critical,29,unambiguous,long,comma,final,8,1,the,3.3642916679382324
critical,29,unambiguous,long,comma,final,8,2,fans,16.397863388061523
critical,29,unambiguous,long,comma,final,8,3,"notice,",14.23942732810974
critical,29,unambiguous,long,comma,final,8,4,the,2.0505175590515137
critical,29,unambiguous,long,comma,final,8,5,celebrity,11.524109840393066
critical,29,unambiguous,long,comma,final,8,6,shopping,17.202716827392578
critical,29,unambiguous,long,comma,final,8,7,discreetly,17.84969425573945
critical,29,unambiguous,long,comma,final,8,8,flees.,13.370275880210102
critical,29,unambiguous,short,comma,final,6,0,Before,20.509679794311523
critical,29,unambiguous,short,comma,final,6,1,the,3.3642916679382324
critical,29,unambiguous,short,comma,final,6,2,fans,16.397863388061523
critical,29,unambiguous,short,comma,final,6,3,"notice,",14.23942732810974
critical,29,unambiguous,short,comma,final,6,4,the,2.0505175590515137
critical,29,unambiguous,short,comma,final,6,5,celebrity,11.524109840393066
critical,29,unambiguous,short,comma,final,6,6,flees.,14.641272513428705
critical,29,unambiguous,long,object,final,9,0,Before,20.509679794311523
critical,29,unambiguous,long,object,final,9,1,the,3.3642916679382324
critical,29,unambiguous,long,object,final,9,2,fans,16.397863388061523
critical,29,unambiguous,long,object,final,9,3,notice,11.383832931518556
critical,29,unambiguous,long,object,final,9,4,him,6.283770084381104
critical,29,unambiguous,long,object,final,9,5,the,8.599260330200195
critical,29,unambiguous,long,object,final,9,6,celebrity,11.666298866271973
critical,29,unambiguous,long,object,final,9,7,shopping,17.56684684753418
critical,29,unambiguous,long,object,final,9,8,discreetly,18.549850970506668
critical,29,unambiguous,long,object,final,9,9,flees.,20.13638230599463
critical,29,unambiguous,short,object,final,7,0,Before,20.509679794311523
critical,29,unambiguous,short,object,final,7,1,the,3.3642916679382324
critical,29,unambiguous,short,object,final,7,2,fans,16.397863388061523
critical,29,unambiguous,short,object,final,7,3,notice,11.383832931518556
critical,29,unambiguous,short,object,final,7,4,him,6.283770084381104
critical,29,unambiguous,short,object,final,7,5,the,8.599260330200195
critical,29,unambiguous,short,object,final,7,6,celebrity,11.666298866271973
critical,29,unambiguous,short,object,final,7,7,flees.,18.160122816916555
critical,29,ambiguous,long,,nonfinal,8,0,Before,20.509679794311523
critical,29,ambiguous,long,,nonfinal,8,1,the,3.3642916679382324
critical,29,ambiguous,long,,nonfinal,8,2,fans,16.397863388061523
critical,29,ambiguous,long,,nonfinal,8,3,notice,11.383832931518556
critical,29,ambiguous,long,,nonfinal,8,4,the,2.9804537296295166
critical,29,ambiguous,long,,nonfinal,8,5,celebrity,12.43570327758789
critical,29,ambiguous,long,,nonfinal,8,6,shopping,14.027732849121094
critical,29,ambiguous,long,,nonfinal,8,7,discreetly,17.5809338837862
critical,29,ambiguous,long,,nonfinal,8,8,flees,17.806564085185528
critical,29,ambiguous,long,,nonfinal,8,9,in,6.311606407165527
critical,29,ambiguous,long,,nonfinal,8,10,his,5.176834583282471
critical,29,ambiguous,long,,nonfinal,8,11,limousine.,8.169445231556892
critical,29,ambiguous,short,,nonfinal,6,0,Before,20.509679794311523
critical,29,ambiguous,short,,nonfinal,6,1,the,3.3642916679382324
critical,29,ambiguous,short,,nonfinal,6,2,fans,16.397863388061523
critical,29,ambiguous,short,,nonfinal,6,3,notice,11.383832931518556
critical,29,ambiguous,short,,nonfinal,6,4,the,2.9804537296295166
critical,29,ambiguous,short,,nonfinal,6,5,celebrity,12.43570327758789
critical,29,ambiguous,short,,nonfinal,6,6,flees,17.2986923456192
critical,29,ambiguous,short,,nonfinal,6,7,in,5.836854457855225
critical,29,ambiguous,short,,nonfinal,6,8,his,3.584261417388916
critical,29,ambiguous,short,,nonfinal,6,9,limousine.,8.918688595294952
critical,29,unambiguous,long,comma,nonfinal,8,0,Before,20.509679794311523
critical,29,unambiguous,long,comma,nonfinal,8,1,the,3.3642916679382324
critical,29,unambiguous,long,comma,nonfinal,8,2,fans,16.397863388061523
critical,29,unambiguous,long,comma,nonfinal,8,3,"notice,",14.23942732810974
critical,29,unambiguous,long,comma,nonfinal,8,4,the,2.0505175590515137
critical,29,unambiguous,long,comma,nonfinal,8,5,celebrity,11.524109840393066
critical,29,unambiguous,long,comma,nonfinal,8,6,shopping,17.202716827392578
critical,29,unambiguous,long,comma,nonfinal,8,7,discreetly,17.84969425573945
critical,29,unambiguous,long,comma,nonfinal,8,8,flees,9.977383042685688
critical,29,unambiguous,long,comma,nonfinal,8,9,in,7.002269268035889
critical,29,unambiguous,long,comma,nonfinal,8,10,his,3.84072208404541
critical,29,unambiguous,long,comma,nonfinal,8,11,limousine.,7.125044316053391
critical,29,unambiguous,short,comma,nonfinal,6,0,Before,20.509679794311523
critical,29,unambiguous,short,comma,nonfinal,6,1,the,3.3642916679382324
critical,29,unambiguous,short,comma,nonfinal,6,2,fans,16.397863388061523
critical,29,unambiguous,short,comma,nonfinal,6,3,"notice,",14.23942732810974
critical,29,unambiguous,short,comma,nonfinal,6,4,the,2.0505175590515137
critical,29,unambiguous,short,comma,nonfinal,6,5,celebrity,11.524109840393066
critical,29,unambiguous,short,comma,nonfinal,6,6,flees,11.853714434662834
critical,29,unambiguous,short,comma,nonfinal,6,7,in,4.523083209991455
critical,29,unambiguous,short,comma,nonfinal,6,8,his,3.3338053226470947
critical,29,unambiguous,short,comma,nonfinal,6,9,limousine.,8.418031692504883
critical,29,unambiguous,long,object,nonfinal,9,0,Before,20.509679794311523
critical,29,unambiguous,long,object,nonfinal,9,1,the,3.3642916679382324
critical,29,unambiguous,long,object,nonfinal,9,2,fans,16.397863388061523
critical,29,unambiguous,long,object,nonfinal,9,3,notice,11.383832931518556
critical,29,unambiguous,long,object,nonfinal,9,4,him,6.283770084381104
critical,29,unambiguous,long,object,nonfinal,9,5,the,8.599260330200195
critical,29,unambiguous,long,object,nonfinal,9,6,celebrity,11.666298866271973
critical,29,unambiguous,long,object,nonfinal,9,7,shopping,17.56684684753418
critical,29,unambiguous,long,object,nonfinal,9,8,discreetly,18.549850970506668
critical,29,unambiguous,long,object,nonfinal,9,9,flees,16.319077456369996
critical,29,unambiguous,long,object,nonfinal,9,10,in,6.792112350463867
critical,29,unambiguous,long,object,nonfinal,9,11,his,3.015538215637207
critical,29,unambiguous,long,object,nonfinal,9,12,limousine.,6.531707048416138
critical,29,unambiguous,short,object,nonfinal,7,0,Before,20.509679794311523
critical,29,unambiguous,short,object,nonfinal,7,1,the,3.3642916679382324
critical,29,unambiguous,short,object,nonfinal,7,2,fans,16.397863388061523
critical,29,unambiguous,short,object,nonfinal,7,3,notice,11.383832931518556
critical,29,unambiguous,short,object,nonfinal,7,4,him,6.283770084381104
critical,29,unambiguous,short,object,nonfinal,7,5,the,8.599260330200195
critical,29,unambiguous,short,object,nonfinal,7,6,celebrity,11.666298866271973
critical,29,unambiguous,short,object,nonfinal,7,7,flees,14.708896105643362
critical,29,unambiguous,short,object,nonfinal,7,8,in,5.464964866638184
critical,29,unambiguous,short,object,nonfinal,7,9,his,2.686429500579834
critical,29,unambiguous,short,object,nonfinal,7,10,limousine.,7.288304090499878
critical,30,ambiguous,long,,final,8,0,While,20.302001953125
critical,30,ambiguous,long,,final,8,1,the,7.08778190612793
critical,30,ambiguous,long,,final,8,2,chef,16.308055877685547
critical,30,ambiguous,long,,final,8,3,cooked,11.272497177124023
critical,30,ambiguous,long,,final,8,4,the,4.539166927337647
critical,30,ambiguous,long,,final,8,5,stew,15.862139701843262
critical,30,ambiguous,long,,final,8,6,with,8.761713981628418
critical,30,ambiguous,long,,final,8,7,vegetables,12.75454807281494
critical,30,ambiguous,long,,final,8,8,simmered.,21.50683009624481
critical,30,ambiguous,short,,final,6,0,While,20.302001953125
critical,30,ambiguous,short,,final,6,1,the,7.08778190612793
critical,30,ambiguous,short,,final,6,2,chef,16.308055877685547
critical,30,ambiguous,short,,final,6,3,cooked,11.272497177124023
critical,30,ambiguous,short,,final,6,4,the,4.539166927337647
critical,30,ambiguous,short,,final,6,5,stew,15.862139701843262
critical,30,ambiguous,short,,final,6,6,simmered.,21.236641883850098
critical,30,unambiguous,long,comma,final,8,0,While,20.302001953125
critical,30,unambiguous,long,comma,final,8,1,the,7.08778190612793
critical,30,unambiguous,long,comma,final,8,2,chef,16.308055877685547
critical,30,unambiguous,long,comma,final,8,3,"cooked,",17.96691608428955
critical,30,unambiguous,long,comma,final,8,4,the,6.057944297790527
critical,30,unambiguous,long,comma,final,8,5,stew,17.07333755493164
critical,30,unambiguous,long,comma,final,8,6,with,11.077219009399414
critical,30,unambiguous,long,comma,final,8,7,vegetables,8.525348663330078
critical,30,unambiguous,long,comma,final,8,8,simmered.,14.182846307754517
critical,30,unambiguous,short,comma,final,6,0,While,20.302001953125
critical,30,unambiguous,short,comma,final,6,1,the,7.08778190612793
critical,30,unambiguous,short,comma,final,6,2,chef,16.308055877685547
critical,30,unambiguous,short,comma,final,6,3,"cooked,",17.96691608428955
critical,30,unambiguous,short,comma,final,6,4,the,6.057944297790527
critical,30,unambiguous,short,comma,final,6,5,stew,17.07333755493164
critical,30,unambiguous,short,comma,final,6,6,simmered.,11.997655156999826
critical,30,unambiguous,long,object,final,11,0,While,20.302001953125
critical,30,unambiguous,long,object,final,11,1,the,7.08778190612793
critical,30,unambiguous,long,object,final,11,2,chef,16.308055877685547
critical,30,unambiguous,long,object,final,11,3,cooked,11.272497177124023
critical,30,unambiguous,long,object,final,11,4,the,4.539166927337647
critical,30,unambiguous,long,object,final,11,5,main,10.678640365600586
critical,30,unambiguous,long,object,final,11,6,course,11.743693351745604
critical,30,unambiguous,long,object,final,11,7,the,4.161548137664795
critical,30,unambiguous,long,object,final,11,8,stew,19.010906219482425
critical,30,unambiguous,long,object,final,11,9,with,8.960783958435059
critical,30,unambiguous,long,object,final,11,10,vegetables,13.763555526733398
critical,30,unambiguous,long,object,final,11,11,simmered.,22.910763263702396
critical,30,unambiguous,short,object,final,9,0,While,20.302001953125
critical,30,unambiguous,short,object,final,9,1,the,7.08778190612793
critical,30,unambiguous,short,object,final,9,2,chef,16.308055877685547
critical,30,unambiguous,short,object,final,9,3,cooked,11.272497177124023
critical,30,unambiguous,short,object,final,9,4,the,4.539166927337647
critical,30,unambiguous,short,object,final,9,5,main,10.678640365600586
critical,30,unambiguous,short,object,final,9,6,course,11.743693351745604
critical,30,unambiguous,short,object,final,9,7,the,4.161548137664795
critical,30,unambiguous,short,object,final,9,8,stew,19.010906219482425
critical,30,unambiguous,short,object,final,9,9,simmered.,21.37064516544342
critical,30,ambiguous,long,,nonfinal,8,0,While,20.302001953125
critical,30,ambiguous,long,,nonfinal,8,1,the,7.08778190612793
critical,30,ambiguous,long,,nonfinal,8,2,chef,16.308055877685547
critical,30,ambiguous,long,,nonfinal,8,3,cooked,11.272497177124023
critical,30,ambiguous,long,,nonfinal,8,4,the,4.539166927337647
critical,30,ambiguous,long,,nonfinal,8,5,stew,15.862139701843262
critical,30,ambiguous,long,,nonfinal,8,6,with,8.761713981628418
critical,30,ambiguous,long,,nonfinal,8,7,vegetables,12.75454807281494
critical,30,ambiguous,long,,nonfinal,8,8,simmered,15.327627062797546
critical,30,ambiguous,long,,nonfinal,8,9,on,6.647696018218994
critical,30,ambiguous,long,,nonfinal,8,10,the,1.1480928659439087
critical,30,ambiguous,long,,nonfinal,8,11,back,7.244375705718994
critical,30,ambiguous,long,,nonfinal,8,12,burner.,16.178263187408447
critical,30,ambiguous,short,,nonfinal,6,0,While,20.302001953125
critical,30,ambiguous,short,,nonfinal,6,1,the,7.08778190612793
critical,30,ambiguous,short,,nonfinal,6,2,chef,16.308055877685547
critical,30,ambiguous,short,,nonfinal,6,3,cooked,11.272497177124023
critical,30,ambiguous,short,,nonfinal,6,4,the,4.539166927337647
critical,30,ambiguous,short,,nonfinal,6,5,stew,15.862139701843262
critical,30,ambiguous,short,,nonfinal,6,6,simmered,13.886300086975098
critical,30,ambiguous,short,,nonfinal,6,7,on,9.054981231689451
critical,30,ambiguous,short,,nonfinal,6,8,the,0.8070196509361267
critical,30,ambiguous,short,,nonfinal,6,9,back,7.877416133880615
critical,30,ambiguous,short,,nonfinal,6,10,burner.,15.57947587966919
critical,30,unambiguous,long,comma,nonfinal,8,0,While,20.302001953125
critical,30,unambiguous,long,comma,nonfinal,8,1,the,7.08778190612793
critical,30,unambiguous,long,comma,nonfinal,8,2,chef,16.308055877685547
critical,30,unambiguous,long,comma,nonfinal,8,3,"cooked,",17.96691608428955
critical,30,unambiguous,long,comma,nonfinal,8,4,the,6.057944297790527
critical,30,unambiguous,long,comma,nonfinal,8,5,stew,17.07333755493164
critical,30,unambiguous,long,comma,nonfinal,8,6,with,11.077219009399414
critical,30,unambiguous,long,comma,nonfinal,8,7,vegetables,8.525348663330078
critical,30,unambiguous,long,comma,nonfinal,8,8,simmered,11.350071907043455
critical,30,unambiguous,long,comma,nonfinal,8,9,on,5.623419761657715
critical,30,unambiguous,long,comma,nonfinal,8,10,the,0.4738823771476745
critical,30,unambiguous,long,comma,nonfinal,8,11,back,7.901335716247559
critical,30,unambiguous,long,comma,nonfinal,8,12,burner.,5.052041292190552
critical,30,unambiguous,short,comma,nonfinal,6,0,While,20.302001953125
critical,30,unambiguous,short,comma,nonfinal,6,1,the,7.08778190612793
critical,30,unambiguous,short,comma,nonfinal,6,2,chef,16.308055877685547
critical,30,unambiguous,short,comma,nonfinal,6,3,"cooked,",17.96691608428955
critical,30,unambiguous,short,comma,nonfinal,6,4,the,6.057944297790527
critical,30,unambiguous,short,comma,nonfinal,6,5,stew,17.07333755493164
critical,30,unambiguous,short,comma,nonfinal,6,6,simmered,8.98740291967988
critical,30,unambiguous,short,comma,nonfinal,6,7,on,6.497889518737793
critical,30,unambiguous,short,comma,nonfinal,6,8,the,0.5844493508338928
critical,30,unambiguous,short,comma,nonfinal,6,9,back,7.091368675231934
critical,30,unambiguous,short,comma,nonfinal,6,10,burner.,3.988847255706787
critical,30,unambiguous,long,object,nonfinal,11,0,While,20.302001953125
critical,30,unambiguous,long,object,nonfinal,11,1,the,7.08778190612793
critical,30,unambiguous,long,object,nonfinal,11,2,chef,16.308055877685547
critical,30,unambiguous,long,object,nonfinal,11,3,cooked,11.272497177124023
critical,30,unambiguous,long,object,nonfinal,11,4,the,4.539166927337647
critical,30,unambiguous,long,object,nonfinal,11,5,main,10.678640365600586
critical,30,unambiguous,long,object,nonfinal,11,6,course,11.743693351745604
critical,30,unambiguous,long,object,nonfinal,11,7,the,4.161548137664795
critical,30,unambiguous,long,object,nonfinal,11,8,stew,19.010906219482425
critical,30,unambiguous,long,object,nonfinal,11,9,with,8.960783958435059
critical,30,unambiguous,long,object,nonfinal,11,10,vegetables,13.763555526733398
critical,30,unambiguous,long,object,nonfinal,11,11,simmered,18.38685894012451
critical,30,unambiguous,long,object,nonfinal,11,12,on,7.418163299560547
critical,30,unambiguous,long,object,nonfinal,11,13,the,0.5805391073226929
critical,30,unambiguous,long,object,nonfinal,11,14,back,8.859514236450195
critical,30,unambiguous,long,object,nonfinal,11,15,burner.,15.315065860748293
critical,30,unambiguous,short,object,nonfinal,9,0,While,20.302001953125
critical,30,unambiguous,short,object,nonfinal,9,1,the,7.08778190612793
critical,30,unambiguous,short,object,nonfinal,9,2,chef,16.308055877685547
critical,30,unambiguous,short,object,nonfinal,9,3,cooked,11.272497177124023
critical,30,unambiguous,short,object,nonfinal,9,4,the,4.539166927337647
critical,30,unambiguous,short,object,nonfinal,9,5,main,10.678640365600586
critical,30,unambiguous,short,object,nonfinal,9,6,course,11.743693351745604
critical,30,unambiguous,short,object,nonfinal,9,7,the,4.161548137664795
critical,30,unambiguous,short,object,nonfinal,9,8,stew,19.010906219482425
critical,30,unambiguous,short,object,nonfinal,9,9,simmered,14.191221356391909
critical,30,unambiguous,short,object,nonfinal,9,10,on,7.759682178497314
critical,30,unambiguous,short,object,nonfinal,9,11,the,0.4807946979999542
critical,30,unambiguous,short,object,nonfinal,9,12,back,7.36171293258667
critical,30,unambiguous,short,object,nonfinal,9,13,burner.,15.66272258758545
critical,31,ambiguous,long,,final,8,0,While,20.302001953125
critical,31,ambiguous,long,,final,8,1,the,7.08778190612793
critical,31,ambiguous,long,,final,8,2,mom,21.120569229125977
critical,31,ambiguous,long,,final,8,3,dressed,17.292404174804688
critical,31,ambiguous,long,,final,8,4,the,3.505609035491944
critical,31,ambiguous,long,,final,8,5,baby,7.992645740509033
critical,31,ambiguous,long,,final,8,6,fidgeting,29.038099765777588
critical,31,ambiguous,long,,final,8,7,restlessly,34.833767890930176
critical,31,ambiguous,long,,final,8,8,cried.,22.057064533233643
critical,31,ambiguous,short,,final,6,0,While,20.302001953125
critical,31,ambiguous,short,,final,6,1,the,7.08778190612793
critical,31,ambiguous,short,,final,6,2,mom,21.120569229125977
critical,31,ambiguous,short,,final,6,3,dressed,17.292404174804688
critical,31,ambiguous,short,,final,6,4,the,3.505609035491944
critical,31,ambiguous,short,,final,6,5,baby,7.992645740509033
critical,31,ambiguous,short,,final,6,6,cried.,17.863994598388672
critical,31,unambiguous,long,comma,final,8,0,While,20.302001953125
critical,31,unambiguous,long,comma,final,8,1,the,7.08778190612793
critical,31,unambiguous,long,comma,final,8,2,mom,21.120569229125977
critical,31,unambiguous,long,comma,final,8,3,"dressed,",24.054032802581787
critical,31,unambiguous,long,comma,final,8,4,the,3.404367685317993
critical,31,unambiguous,long,comma,final,8,5,baby,8.494169235229492
critical,31,unambiguous,long,comma,final,8,6,fidgeting,24.739661693573
critical,31,unambiguous,long,comma,final,8,7,restlessly,24.07580089569092
critical,31,unambiguous,long,comma,final,8,8,cried.,14.918837070465088
critical,31,unambiguous,short,comma,final,6,0,While,20.302001953125
critical,31,unambiguous,short,comma,final,6,1,the,7.08778190612793
critical,31,unambiguous,short,comma,final,6,2,mom,21.120569229125977
critical,31,unambiguous,short,comma,final,6,3,"dressed,",24.054032802581787
critical,31,unambiguous,short,comma,final,6,4,the,3.4043703079223637
critical,31,unambiguous,short,comma,final,6,5,baby,8.494169235229492
critical,31,unambiguous,short,comma,final,6,6,cried.,8.98288631439209
critical,31,unambiguous,long,object,final,9,0,While,20.302001953125
critical,31,unambiguous,long,object,final,9,1,the,7.08778190612793
critical,31,unambiguous,long,object,final,9,2,mom,21.120569229125977
critical,31,unambiguous,long,object,final,9,3,dressed,17.292404174804688
critical,31,unambiguous,long,object,final,9,4,herself,15.223516464233398
critical,31,unambiguous,long,object,final,9,5,the,7.381645202636719
critical,31,unambiguous,long,object,final,9,6,baby,8.941624641418457
critical,31,unambiguous,long,object,final,9,7,fidgeting,25.450273036956787
critical,31,unambiguous,long,object,final,9,8,restlessly,35.39370155334473
critical,31,unambiguous,long,object,final,9,9,cried.,20.91605854034424
critical,31,unambiguous,short,object,final,7,0,While,20.302001953125
critical,31,unambiguous,short,object,final,7,1,the,7.08778190612793
critical,31,unambiguous,short,object,final,7,2,mom,21.120569229125977
critical,31,unambiguous,short,object,final,7,3,dressed,17.292404174804688
critical,31,unambiguous,short,object,final,7,4,herself,15.223516464233398
critical,31,unambiguous,short,object,final,7,5,the,7.381645202636719
critical,31,unambiguous,short,object,final,7,6,baby,8.941624641418457
critical,31,unambiguous,short,object,final,7,7,cried.,15.21718406677246
critical,31,ambiguous,long,,nonfinal,8,0,While,20.302001953125
critical,31,ambiguous,long,,nonfinal,8,1,the,7.08778190612793
critical,31,ambiguous,long,,nonfinal,8,2,mom,21.120569229125977
critical,31,ambiguous,long,,nonfinal,8,3,dressed,17.292404174804688
critical,31,ambiguous,long,,nonfinal,8,4,the,3.505609035491944
critical,31,ambiguous,long,,nonfinal,8,5,baby,7.992645740509033
critical,31,ambiguous,long,,nonfinal,8,6,fidgeting,29.038099765777588
critical,31,ambiguous,long,,nonfinal,8,7,restlessly,34.833767890930176
critical,31,ambiguous,long,,nonfinal,8,8,cried,16.897323608398438
critical,31,ambiguous,long,,nonfinal,8,9,loudly,3.874544858932495
critical,31,ambiguous,long,,nonfinal,8,10,in,7.581449031829834
critical,31,ambiguous,long,,nonfinal,8,11,her,7.981743812561035
critical,31,ambiguous,long,,nonfinal,8,12,crib.,13.908828258514404
critical,31,ambiguous,short,,nonfinal,6,0,While,20.302001953125
critical,31,ambiguous,short,,nonfinal,6,1,the,7.08778190612793
critical,31,ambiguous,short,,nonfinal,6,2,mom,21.120569229125977
critical,31,ambiguous,short,,nonfinal,6,3,dressed,17.292404174804688
critical,31,ambiguous,short,,nonfinal,6,4,the,3.505609035491944
critical,31,ambiguous,short,,nonfinal,6,5,baby,7.992645740509033
critical,31,ambiguous,short,,nonfinal,6,6,cried,10.483986854553224
critical,31,ambiguous,short,,nonfinal,6,7,loudly,8.77525806427002
critical,31,ambiguous,short,,nonfinal,6,8,in,9.758427619934082
critical,31,ambiguous,short,,nonfinal,6,9,her,11.840166091918944
critical,31,ambiguous,short,,nonfinal,6,10,crib.,12.063676357269289
critical,31,unambiguous,long,comma,nonfinal,8,0,While,20.302001953125
critical,31,unambiguous,long,comma,nonfinal,8,1,the,7.08778190612793
critical,31,unambiguous,long,comma,nonfinal,8,2,mom,21.120569229125977
critical,31,unambiguous,long,comma,nonfinal,8,3,"dressed,",24.054032802581787
critical,31,unambiguous,long,comma,nonfinal,8,4,the,3.404367685317993
critical,31,unambiguous,long,comma,nonfinal,8,5,baby,8.494169235229492
critical,31,unambiguous,long,comma,nonfinal,8,6,fidgeting,24.739661693573
critical,31,unambiguous,long,comma,nonfinal,8,7,restlessly,24.07580089569092
critical,31,unambiguous,long,comma,nonfinal,8,8,cried,10.552227973937988
critical,31,unambiguous,long,comma,nonfinal,8,9,loudly,7.0709099769592285
critical,31,unambiguous,long,comma,nonfinal,8,10,in,4.928037643432617
critical,31,unambiguous,long,comma,nonfinal,8,11,her,6.421715259552002
critical,31,unambiguous,long,comma,nonfinal,8,12,crib.,9.48671293258667
critical,31,unambiguous,short,comma,nonfinal,6,0,While,20.302001953125
critical,31,unambiguous,short,comma,nonfinal,6,1,the,7.08778190612793
critical,31,unambiguous,short,comma,nonfinal,6,2,mom,21.120569229125977
critical,31,unambiguous,short,comma,nonfinal,6,3,"dressed,",24.054032802581787
critical,31,unambiguous,short,comma,nonfinal,6,4,the,3.4043703079223637
critical,31,unambiguous,short,comma,nonfinal,6,5,baby,8.494169235229492
critical,31,unambiguous,short,comma,nonfinal,6,6,cried,6.076241970062256
critical,31,unambiguous,short,comma,nonfinal,6,7,loudly,8.981356620788574
critical,31,unambiguous,short,comma,nonfinal,6,8,in,5.065436363220215
critical,31,unambiguous,short,comma,nonfinal,6,9,her,7.1115031242370605
critical,31,unambiguous,short,comma,nonfinal,6,10,crib.,5.724264860153198
critical,31,unambiguous,long,object,nonfinal,9,0,While,20.302001953125
critical,31,unambiguous,long,object,nonfinal,9,1,the,7.08778190612793
critical,31,unambiguous,long,object,nonfinal,9,2,mom,21.120569229125977
critical,31,unambiguous,long,object,nonfinal,9,3,dressed,17.292404174804688
critical,31,unambiguous,long,object,nonfinal,9,4,herself,15.223516464233398
critical,31,unambiguous,long,object,nonfinal,9,5,the,7.381645202636719
critical,31,unambiguous,long,object,nonfinal,9,6,baby,8.941624641418457
critical,31,unambiguous,long,object,nonfinal,9,7,fidgeting,25.450273036956787
critical,31,unambiguous,long,object,nonfinal,9,8,restlessly,35.39370155334473
critical,31,unambiguous,long,object,nonfinal,9,9,cried,12.915855407714844
critical,31,unambiguous,long,object,nonfinal,9,10,loudly,4.441562175750732
critical,31,unambiguous,long,object,nonfinal,9,11,in,7.330629825592041
critical,31,unambiguous,long,object,nonfinal,9,12,her,5.053871154785156
critical,31,unambiguous,long,object,nonfinal,9,13,crib.,15.242796421051024
critical,31,unambiguous,short,object,nonfinal,7,0,While,20.302001953125
critical,31,unambiguous,short,object,nonfinal,7,1,the,7.08778190612793
critical,31,unambiguous,short,object,nonfinal,7,2,mom,21.120569229125977
critical,31,unambiguous,short,object,nonfinal,7,3,dressed,17.292404174804688
critical,31,unambiguous,short,object,nonfinal,7,4,herself,15.223516464233398
critical,31,unambiguous,short,object,nonfinal,7,5,the,7.381645202636719
critical,31,unambiguous,short,object,nonfinal,7,6,baby,8.941624641418457
critical,31,unambiguous,short,object,nonfinal,7,7,cried,7.344005584716797
critical,31,unambiguous,short,object,nonfinal,7,8,loudly,7.693318843841553
critical,31,unambiguous,short,object,nonfinal,7,9,in,9.181028366088867
critical,31,unambiguous,short,object,nonfinal,7,10,her,6.308140754699707
critical,31,unambiguous,short,object,nonfinal,7,11,crib.,12.755793571472168
critical,32,ambiguous,long,,final,9,0,After,18.587234497070312
critical,32,ambiguous,long,,final,9,1,the,2.4606616497039795
critical,32,ambiguous,long,,final,9,2,customer,11.625106811523438
critical,32,ambiguous,long,,final,9,3,emailed,16.389328002929688
critical,32,ambiguous,long,,final,9,4,the,2.466035842895508
critical,32,ambiguous,long,,final,9,5,company,3.646681547164917
critical,32,ambiguous,long,,final,9,6,providing,10.186636924743652
critical,32,ambiguous,long,,final,9,7,phone,12.95167636871338
critical,32,ambiguous,long,,final,9,8,service,3.252147912979126
critical,32,ambiguous,long,,final,9,9,replied.,24.19300889968872
critical,32,ambiguous,short,,final,6,0,After,18.587234497070312
critical,32,ambiguous,short,,final,6,1,the,2.4606616497039795
critical,32,ambiguous,short,,final,6,2,customer,11.625106811523438
critical,32,ambiguous,short,,final,6,3,emailed,16.389328002929688
critical,32,ambiguous,short,,final,6,4,the,2.466035842895508
critical,32,ambiguous,short,,final,6,5,company,3.646681547164917
critical,32,ambiguous,short,,final,6,6,replied.,22.798675060272217
critical,32,unambiguous,long,comma,final,9,0,After,18.587234497070312
critical,32,unambiguous,long,comma,final,9,1,the,2.4606616497039795
critical,32,unambiguous,long,comma,final,9,2,customer,11.625106811523438
critical,32,unambiguous,long,comma,final,9,3,"emailed,",21.286078453063965
critical,32,unambiguous,long,comma,final,9,4,the,2.376800298690796
critical,32,unambiguous,long,comma,final,9,5,company,4.473962306976318
critical,32,unambiguous,long,comma,final,9,6,providing,15.307767868041992
critical,32,unambiguous,long,comma,final,9,7,phone,10.842241287231444
critical,32,unambiguous,long,comma,final,9,8,service,3.587087392807007
critical,32,unambiguous,long,comma,final,9,9,replied.,10.436165809631348
critical,32,unambiguous,short,comma,final,6,0,After,18.587234497070312
critical,32,unambiguous,short,comma,final,6,1,the,2.4606616497039795
critical,32,unambiguous,short,comma,final,6,2,customer,11.625106811523438
critical,32,unambiguous,short,comma,final,6,3,"emailed,",21.286078453063965
critical,32,unambiguous,short,comma,final,6,4,the,2.376800298690796
critical,32,unambiguous,short,comma,final,6,5,company,4.473962306976318
critical,32,unambiguous,short,comma,final,6,6,replied.,9.91101598739624
critical,32,unambiguous,long,object,final,12,0,After,18.587234497070312
critical,32,unambiguous,long,object,final,12,1,the,2.4606616497039795
critical,32,unambiguous,long,object,final,12,2,customer,11.625106811523438
critical,32,unambiguous,long,object,final,12,3,emailed,16.389326095581055
critical,32,unambiguous,long,object,final,12,4,the,2.466035842895508
critical,32,unambiguous,long,object,final,12,5,help,9.556904792785645
critical,32,unambiguous,long,object,final,12,6,desk,1.19732666015625
critical,32,unambiguous,long,object,final,12,7,the,6.784998893737793
critical,32,unambiguous,long,object,final,12,8,company,8.108002662658691
critical,32,unambiguous,long,object,final,12,9,providing,14.415878295898438
critical,32,unambiguous,long,object,final,12,10,phone,9.3121337890625
critical,32,unambiguous,long,object,final,12,11,service,4.073495864868164
critical,32,unambiguous,long,object,final,12,12,replied.,12.473491191864014
critical,32,unambiguous,short,object,final,9,0,After,18.587234497070312
critical,32,unambiguous,short,object,final,9,1,the,2.4606616497039795
critical,32,unambiguous,short,object,final,9,2,customer,11.625106811523438
critical,32,unambiguous,short,object,final,9,3,emailed,16.389328002929688
critical,32,unambiguous,short,object,final,9,4,the,2.466035842895508
critical,32,unambiguous,short,object,final,9,5,help,9.556902885437012
critical,32,unambiguous,short,object,final,9,6,desk,1.19732666015625
critical,32,unambiguous,short,object,final,9,7,the,6.784998893737793
critical,32,unambiguous,short,object,final,9,8,company,8.108002662658691
critical,32,unambiguous,short,object,final,9,9,replied.,13.93254852294922
critical,32,ambiguous,long,,nonfinal,9,0,After,18.587234497070312
critical,32,ambiguous,long,,nonfinal,9,1,the,2.4606616497039795
critical,32,ambiguous,long,,nonfinal,9,2,customer,11.625106811523438
critical,32,ambiguous,long,,nonfinal,9,3,emailed,16.389328002929688
critical,32,ambiguous,long,,nonfinal,9,4,the,2.466035842895508
critical,32,ambiguous,long,,nonfinal,9,5,company,3.646681547164917
critical,32,ambiguous,long,,nonfinal,9,6,providing,10.186636924743652
critical,32,ambiguous,long,,nonfinal,9,7,phone,12.95167636871338
critical,32,ambiguous,long,,nonfinal,9,8,service,3.252147912979126
critical,32,ambiguous,long,,nonfinal,9,9,replied,18.848276138305664
critical,32,ambiguous,long,,nonfinal,9,10,within,5.669882774353027
critical,32,ambiguous,long,,nonfinal,9,11,a,3.4899544715881348
critical,32,ambiguous,long,,nonfinal,9,12,few,1.5511486530303955
critical,32,ambiguous,long,,nonfinal,9,13,hours.,3.301816463470459
critical,32,ambiguous,short,,nonfinal,6,0,After,18.587234497070312
critical,32,ambiguous,short,,nonfinal,6,1,the,2.4606616497039795
critical,32,ambiguous,short,,nonfinal,6,2,customer,11.625106811523438
critical,32,ambiguous,short,,nonfinal,6,3,emailed,16.389328002929688
critical,32,ambiguous,short,,nonfinal,6,4,the,2.466035842895508
critical,32,ambiguous,short,,nonfinal,6,5,company,3.646681547164917
critical,32,ambiguous,short,,nonfinal,6,6,replied,17.237791061401367
critical,32,ambiguous,short,,nonfinal,6,7,within,5.6786274909973145
critical,32,ambiguous,short,,nonfinal,6,8,a,3.288283586502075
critical,32,ambiguous,short,,nonfinal,6,9,few,1.5262373685836792
critical,32,ambiguous,short,,nonfinal,6,10,hours.,3.401926875114441
critical,32,unambiguous,long,comma,nonfinal,9,0,After,18.587234497070312
critical,32,unambiguous,long,comma,nonfinal,9,1,the,2.4606616497039795
critical,32,unambiguous,long,comma,nonfinal,9,2,customer,11.625106811523438
critical,32,unambiguous,long,comma,nonfinal,9,3,"emailed,",21.286078453063965
critical,32,unambiguous,long,comma,nonfinal,9,4,the,2.376800298690796
critical,32,unambiguous,long,comma,nonfinal,9,5,company,4.473962306976318
critical,32,unambiguous,long,comma,nonfinal,9,6,providing,15.307767868041992
critical,32,unambiguous,long,comma,nonfinal,9,7,phone,10.842241287231444
critical,32,unambiguous,long,comma,nonfinal,9,8,service,3.587087392807007
critical,32,unambiguous,long,comma,nonfinal,9,9,replied,5.836271286010742
critical,32,unambiguous,long,comma,nonfinal,9,10,within,6.394923210144043
critical,32,unambiguous,long,comma,nonfinal,9,11,a,3.1220932006835938
critical,32,unambiguous,long,comma,nonfinal,9,12,few,1.457031488418579
critical,32,unambiguous,long,comma,nonfinal,9,13,hours.,2.997401714324951
critical,32,unambiguous,short,comma,nonfinal,6,0,After,18.587234497070312
critical,32,unambiguous,short,comma,nonfinal,6,1,the,2.4606616497039795
critical,32,unambiguous,short,comma,nonfinal,6,2,customer,11.625106811523438
critical,32,unambiguous,short,comma,nonfinal,6,3,"emailed,",21.286078453063965
critical,32,unambiguous,short,comma,nonfinal,6,4,the,2.376800298690796
critical,32,unambiguous,short,comma,nonfinal,6,5,company,4.473962306976318
critical,32,unambiguous,short,comma,nonfinal,6,6,replied,4.038474559783936
critical,32,unambiguous,short,comma,nonfinal,6,7,within,4.0773234367370605
critical,32,unambiguous,short,comma,nonfinal,6,8,a,3.631640672683716
critical,32,unambiguous,short,comma,nonfinal,6,9,few,1.291295289993286
critical,32,unambiguous,short,comma,nonfinal,6,10,hours.,3.1436310410499573
critical,32,unambiguous,long,object,nonfinal,12,0,After,18.587234497070312
critical,32,unambiguous,long,object,nonfinal,12,1,the,2.4606616497039795
critical,32,unambiguous,long,object,nonfinal,12,2,customer,11.625106811523438
critical,32,unambiguous,long,object,nonfinal,12,3,emailed,16.389328002929688
critical,32,unambiguous,long,object,nonfinal,12,4,the,2.466035842895508
critical,32,unambiguous,long,object,nonfinal,12,5,help,9.556904792785645
critical,32,unambiguous,long,object,nonfinal,12,6,desk,1.19732666015625
critical,32,unambiguous,long,object,nonfinal,12,7,the,6.784998893737793
critical,32,unambiguous,long,object,nonfinal,12,8,company,8.108002662658691
critical,32,unambiguous,long,object,nonfinal,12,9,providing,14.415878295898438
critical,32,unambiguous,long,object,nonfinal,12,10,phone,9.31213092803955
critical,32,unambiguous,long,object,nonfinal,12,11,service,4.073495864868164
critical,32,unambiguous,long,object,nonfinal,12,12,replied,7.726704120635986
critical,32,unambiguous,long,object,nonfinal,12,13,within,5.347055912017822
critical,32,unambiguous,long,object,nonfinal,12,14,a,3.463257312774658
critical,32,unambiguous,long,object,nonfinal,12,15,few,1.2302923202514648
critical,32,unambiguous,long,object,nonfinal,12,16,hours.,2.8477548360824585
critical,32,unambiguous,short,object,nonfinal,9,0,After,18.587234497070312
critical,32,unambiguous,short,object,nonfinal,9,1,the,2.4606616497039795
critical,32,unambiguous,short,object,nonfinal,9,2,customer,11.625106811523438
critical,32,unambiguous,short,object,nonfinal,9,3,emailed,16.389328002929688
critical,32,unambiguous,short,object,nonfinal,9,4,the,2.466035842895508
critical,32,unambiguous,short,object,nonfinal,9,5,help,9.556902885437012
critical,32,unambiguous,short,object,nonfinal,9,6,desk,1.19732666015625
critical,32,unambiguous,short,object,nonfinal,9,7,the,6.784998893737793
critical,32,unambiguous,short,object,nonfinal,9,8,company,8.108002662658691
critical,32,unambiguous,short,object,nonfinal,9,9,replied,8.204522132873535
critical,32,unambiguous,short,object,nonfinal,9,10,within,3.879491090774536
critical,32,unambiguous,short,object,nonfinal,9,11,a,3.633558511734009
critical,32,unambiguous,short,object,nonfinal,9,12,few,1.3132045269012451
critical,32,unambiguous,short,object,nonfinal,9,13,hours.,2.867759704589844
critical,33,ambiguous,long,,final,8,0,As,19.040546417236328
critical,33,ambiguous,long,,final,8,1,the,3.442674398422241
critical,33,ambiguous,long,,final,8,2,guest,13.816766738891602
critical,33,ambiguous,long,,final,8,3,photographed,23.56978988647461
critical,33,ambiguous,long,,final,8,4,the,3.3663361072540283
critical,33,ambiguous,long,,final,8,5,couple,8.2313814163208
critical,33,ambiguous,long,,final,8,6,of,9.70343017578125
critical,33,ambiguous,long,,final,8,7,newlyweds,10.242004547268152
critical,33,ambiguous,long,,final,8,8,smiled.,20.211483478546143
critical,33,ambiguous,short,,final,6,0,As,19.040546417236328
critical,33,ambiguous,short,,final,6,1,the,3.442674398422241
critical,33,ambiguous,short,,final,6,2,guest,13.816766738891602
critical,33,ambiguous,short,,final,6,3,photographed,23.56978988647461
critical,33,ambiguous,short,,final,6,4,the,3.3663387298583984
critical,33,ambiguous,short,,final,6,5,couple,8.2313814163208
critical,33,ambiguous,short,,final,6,6,smiled.,19.830739974975582
critical,33,unambiguous,long,comma,final,8,0,As,19.040546417236328
critical,33,unambiguous,long,comma,final,8,1,the,3.442674398422241
critical,33,unambiguous,long,comma,final,8,2,guest,13.816766738891602
critical,33,unambiguous,long,comma,final,8,3,"photographed,",26.3366494178772
critical,33,unambiguous,long,comma,final,8,4,the,2.8734145164489746
critical,33,unambiguous,long,comma,final,8,5,couple,10.49555206298828
critical,33,unambiguous,long,comma,final,8,6,of,8.832050323486328
critical,33,unambiguous,long,comma,final,8,7,newlyweds,11.831563022919
critical,33,unambiguous,long,comma,final,8,8,smiled.,10.89934253692627
critical,33,unambiguous,short,comma,final,6,0,As,19.040546417236328
critical,33,unambiguous,short,comma,final,6,1,the,3.442674398422241
critical,33,unambiguous,short,comma,final,6,2,guest,13.816766738891602
critical,33,unambiguous,short,comma,final,6,3,"photographed,",26.336652278900143
critical,33,unambiguous,short,comma,final,6,4,the,2.8734145164489746
critical,33,unambiguous,short,comma,final,6,5,couple,10.49555206298828
critical,33,unambiguous,short,comma,final,6,6,smiled.,10.810503005981444
critical,33,unambiguous,long,object,final,10,0,As,19.040546417236328
critical,33,unambiguous,long,object,final,10,1,the,3.442674398422241
critical,33,unambiguous,long,object,final,10,2,guest,13.816766738891602
critical,33,unambiguous,long,object,final,10,3,photographed,23.56978988647461
critical,33,unambiguous,long,object,final,10,4,the,3.3663387298583984
critical,33,unambiguous,long,object,final,10,5,ceremony,11.398054122924805
critical,33,unambiguous,long,object,final,10,6,the,7.990724086761475
critical,33,unambiguous,long,object,final,10,7,couple,6.288454532623291
critical,33,unambiguous,long,object,final,10,8,of,9.491539001464844
critical,33,unambiguous,long,object,final,10,9,newlyweds,10.376228987704962
critical,33,unambiguous,long,object,final,10,10,smiled.,10.254560470581056
critical,33,unambiguous,short,object,final,8,0,As,19.040546417236328
critical,33,unambiguous,short,object,final,8,1,the,3.442674398422241
critical,33,unambiguous,short,object,final,8,2,guest,13.816766738891602
critical,33,unambiguous,short,object,final,8,3,photographed,23.56978988647461
critical,33,unambiguous,short,object,final,8,4,the,3.3663387298583984
critical,33,unambiguous,short,object,final,8,5,ceremony,11.398054122924805
critical,33,unambiguous,short,object,final,8,6,the,7.990724086761475
critical,33,unambiguous,short,object,final,8,7,couple,6.288454532623291
critical,33,unambiguous,short,object,final,8,8,smiled.,11.217419624328612
critical,33,ambiguous,long,,nonfinal,8,0,As,19.040546417236328
critical,33,ambiguous,long,,nonfinal,8,1,the,3.442674398422241
critical,33,ambiguous,long,,nonfinal,8,2,guest,13.816766738891602
critical,33,ambiguous,long,,nonfinal,8,3,photographed,23.56978988647461
critical,33,ambiguous,long,,nonfinal,8,4,the,3.3663361072540283
critical,33,ambiguous,long,,nonfinal,8,5,couple,8.2313814163208
critical,33,ambiguous,long,,nonfinal,8,6,of,9.70343017578125
critical,33,ambiguous,long,,nonfinal,8,7,newlyweds,10.242004547268152
critical,33,ambiguous,long,,nonfinal,8,8,smiled,15.066987037658691
critical,33,ambiguous,long,,nonfinal,8,9,for,4.167794704437256
critical,33,ambiguous,long,,nonfinal,8,10,the,0.3983833491802215
critical,33,ambiguous,long,,nonfinal,8,11,camera.,2.495360791683197
critical,33,ambiguous,short,,nonfinal,6,0,As,19.040546417236328
critical,33,ambiguous,short,,nonfinal,6,1,the,3.442674398422241
critical,33,ambiguous,short,,nonfinal,6,2,guest,13.816766738891602
critical,33,ambiguous,short,,nonfinal,6,3,photographed,23.56978988647461
critical,33,ambiguous,short,,nonfinal,6,4,the,3.3663387298583984
critical,33,ambiguous,short,,nonfinal,6,5,couple,8.2313814163208
critical,33,ambiguous,short,,nonfinal,6,6,smiled,15.508628845214844
critical,33,ambiguous,short,,nonfinal,6,7,for,4.630092144012451
critical,33,ambiguous,short,,nonfinal,6,8,the,0.3430572152137756
critical,33,ambiguous,short,,nonfinal,6,9,camera.,2.092522531747818
critical,33,unambiguous,long,comma,nonfinal,8,0,As,19.040546417236328
critical,33,unambiguous,long,comma,nonfinal,8,1,the,3.442674398422241
critical,33,unambiguous,long,comma,nonfinal,8,2,guest,13.816766738891602
critical,33,unambiguous,long,comma,nonfinal,8,3,"photographed,",26.3366494178772
critical,33,unambiguous,long,comma,nonfinal,8,4,the,2.8734145164489746
critical,33,unambiguous,long,comma,nonfinal,8,5,couple,10.49555206298828
critical,33,unambiguous,long,comma,nonfinal,8,6,of,8.832050323486328
critical,33,unambiguous,long,comma,nonfinal,8,7,newlyweds,11.831563022919
critical,33,unambiguous,long,comma,nonfinal,8,8,smiled,6.663076877593994
critical,33,unambiguous,long,comma,nonfinal,8,9,for,5.294899940490723
critical,33,unambiguous,long,comma,nonfinal,8,10,the,0.3660753965377807
critical,33,unambiguous,long,comma,nonfinal,8,11,camera.,2.0028493404388428
critical,33,unambiguous,short,comma,nonfinal,6,0,As,19.040546417236328
critical,33,unambiguous,short,comma,nonfinal,6,1,the,3.442674398422241
critical,33,unambiguous,short,comma,nonfinal,6,2,guest,13.816766738891602
critical,33,unambiguous,short,comma,nonfinal,6,3,"photographed,",26.3366494178772
critical,33,unambiguous,short,comma,nonfinal,6,4,the,2.8734145164489746
critical,33,unambiguous,short,comma,nonfinal,6,5,couple,10.49555206298828
critical,33,unambiguous,short,comma,nonfinal,6,6,smiled,6.475998401641846
critical,33,unambiguous,short,comma,nonfinal,6,7,for,5.205914974212647
critical,33,unambiguous,short,comma,nonfinal,6,8,the,0.2786201536655426
critical,33,unambiguous,short,comma,nonfinal,6,9,camera.,2.135146677494049
critical,33,unambiguous,long,object,nonfinal,10,0,As,19.040546417236328
critical,33,unambiguous,long,object,nonfinal,10,1,the,3.442674398422241
critical,33,unambiguous,long,object,nonfinal,10,2,guest,13.816766738891602
critical,33,unambiguous,long,object,nonfinal,10,3,photographed,23.56978988647461
critical,33,unambiguous,long,object,nonfinal,10,4,the,3.3663361072540283
critical,33,unambiguous,long,object,nonfinal,10,5,ceremony,11.398054122924805
critical,33,unambiguous,long,object,nonfinal,10,6,the,7.990724086761475
critical,33,unambiguous,long,object,nonfinal,10,7,couple,6.288454532623291
critical,33,unambiguous,long,object,nonfinal,10,8,of,9.491539001464844
critical,33,unambiguous,long,object,nonfinal,10,9,newlyweds,10.376228987704962
critical,33,unambiguous,long,object,nonfinal,10,10,smiled,5.860508441925049
critical,33,unambiguous,long,object,nonfinal,10,11,for,4.748864650726318
critical,33,unambiguous,long,object,nonfinal,10,12,the,0.3474407196044922
critical,33,unambiguous,long,object,nonfinal,10,13,camera.,2.09163099527359
critical,33,unambiguous,short,object,nonfinal,8,0,As,19.040546417236328
critical,33,unambiguous,short,object,nonfinal,8,1,the,3.442674398422241
critical,33,unambiguous,short,object,nonfinal,8,2,guest,13.816766738891602
critical,33,unambiguous,short,object,nonfinal,8,3,photographed,23.56978988647461
critical,33,unambiguous,short,object,nonfinal,8,4,the,3.3663361072540283
critical,33,unambiguous,short,object,nonfinal,8,5,ceremony,11.398054122924805
critical,33,unambiguous,short,object,nonfinal,8,6,the,7.990724086761475
critical,33,unambiguous,short,object,nonfinal,8,7,couple,6.288454532623291
critical,33,unambiguous,short,object,nonfinal,8,8,smiled,6.575585842132568
critical,33,unambiguous,short,object,nonfinal,8,9,for,4.41376543045044
critical,33,unambiguous,short,object,nonfinal,8,10,the,0.3460456132888794
critical,33,unambiguous,short,object,nonfinal,8,11,camera.,2.376780927181244
critical,34,ambiguous,long,,final,11,0,While,20.302001953125
critical,34,ambiguous,long,,final,11,1,the,7.08778190612793
critical,34,ambiguous,long,,final,11,2,tailor,22.25688743591309
critical,34,ambiguous,long,,final,11,3,was,10.43692111968994
critical,34,ambiguous,long,,final,11,4,measuring,14.817588806152344
critical,34,ambiguous,long,,final,11,5,the,2.137980937957764
critical,34,ambiguous,long,,final,11,6,suit,9.722882270812988
critical,34,ambiguous,long,,final,11,7,made,12.62421417236328
critical,34,ambiguous,long,,final,11,8,of,10.924845695495604
critical,34,ambiguous,long,,final,11,9,vintage,18.640396118164062
critical,34,ambiguous,long,,final,11,10,tweed,24.618732929229736
critical,34,ambiguous,long,,final,11,11,ripped.,26.09612369537353
critical,34,ambiguous,short,,final,7,0,While,20.302001953125
critical,34,ambiguous,short,,final,7,1,the,7.08778190612793
critical,34,ambiguous,short,,final,7,2,tailor,22.25688743591309
critical,34,ambiguous,short,,final,7,3,was,10.43692111968994
critical,34,ambiguous,short,,final,7,4,measuring,14.817588806152344
critical,34,ambiguous,short,,final,7,5,the,2.137980937957764
critical,34,ambiguous,short,,final,7,6,suit,9.722882270812988
critical,34,ambiguous,short,,final,7,7,ripped.,24.52071475982666
critical,34,unambiguous,long,comma,final,11,0,While,20.302001953125
critical,34,unambiguous,long,comma,final,11,1,the,7.08778190612793
critical,34,unambiguous,long,comma,final,11,2,tailor,22.25688743591309
critical,34,unambiguous,long,comma,final,11,3,was,10.43692111968994
critical,34,unambiguous,long,comma,final,11,4,"measuring,",18.80428957939148
critical,34,unambiguous,long,comma,final,11,5,the,2.595672130584717
critical,34,unambiguous,long,comma,final,11,6,suit,13.44824504852295
critical,34,unambiguous,long,comma,final,11,7,made,8.593598365783691
critical,34,unambiguous,long,comma,final,11,8,of,3.579718351364136
critical,34,unambiguous,long,comma,final,11,9,vintage,15.965819358825684
critical,34,unambiguous,long,comma,final,11,10,tweed,8.891557820141315
critical,34,unambiguous,long,comma,final,11,11,ripped.,17.630940914154053
critical,34,unambiguous,short,comma,final,7,0,While,20.302001953125
critical,34,unambiguous,short,comma,final,7,1,the,7.08778190612793
critical,34,unambiguous,short,comma,final,7,2,tailor,22.25688743591309
critical,34,unambiguous,short,comma,final,7,3,was,10.43692111968994
critical,34,unambiguous,short,comma,final,7,4,"measuring,",18.80428957939148
critical,34,unambiguous,short,comma,final,7,5,the,2.595672130584717
critical,34,unambiguous,short,comma,final,7,6,suit,13.44824504852295
critical,34,unambiguous,short,comma,final,7,7,ripped.,13.67590594291687
critical,34,unambiguous,long,object,final,14,0,While,20.302001953125
critical,34,unambiguous,long,object,final,14,1,the,7.08778190612793
critical,34,unambiguous,long,object,final,14,2,tailor,22.25688743591309
critical,34,unambiguous,long,object,final,14,3,was,10.43692111968994
critical,34,unambiguous,long,object,final,14,4,measuring,14.817588806152344
critical,34,unambiguous,long,object,final,14,5,the,2.137980937957764
critical,34,unambiguous,long,object,final,14,6,client's,17.66768789291382
critical,34,unambiguous,long,object,final,14,7,inseam,22.36959314346313
critical,34,unambiguous,long,object,final,14,8,the,4.6028733253479
critical,34,unambiguous,long,object,final,14,9,suit,13.504212379455566
critical,34,unambiguous,long,object,final,14,10,made,9.495316505432127
critical,34,unambiguous,long,object,final,14,11,of,9.20571231842041
critical,34,unambiguous,long,object,final,14,12,vintage,21.097265243530277
critical,34,unambiguous,long,object,final,14,13,tweed,20.952707529067997
critical,34,unambiguous,long,object,final,14,14,ripped.,23.68978309631348
critical,34,unambiguous,short,object,final,10,0,While,20.302001953125
critical,34,unambiguous,short,object,final,10,1,the,7.08778190612793
critical,34,unambiguous,short,object,final,10,2,tailor,22.25688743591309
critical,34,unambiguous,short,object,final,10,3,was,10.43692111968994
critical,34,unambiguous,short,object,final,10,4,measuring,14.817588806152344
critical,34,unambiguous,short,object,final,10,5,the,2.137980937957764
critical,34,unambiguous,short,object,final,10,6,client's,17.66768789291382
critical,34,unambiguous,short,object,final,10,7,inseam,22.36959314346313
critical,34,unambiguous,short,object,final,10,8,the,4.6028733253479
critical,34,unambiguous,short,object,final,10,9,suit,13.504212379455566
critical,34,unambiguous,short,object,final,10,10,ripped.,21.15829467773437
critical,34,ambiguous,long,,nonfinal,11,0,While,20.302001953125
critical,34,ambiguous,long,,nonfinal,11,1,the,7.08778190612793
critical,34,ambiguous,long,,nonfinal,11,2,tailor,22.25688743591309
critical,34,ambiguous,long,,nonfinal,11,3,was,10.43692111968994
critical,34,ambiguous,long,,nonfinal,11,4,measuring,14.817588806152344
critical,34,ambiguous,long,,nonfinal,11,5,the,2.137980937957764
critical,34,ambiguous,long,,nonfinal,11,6,suit,9.722882270812988
critical,34,ambiguous,long,,nonfinal,11,7,made,12.62421417236328
critical,34,ambiguous,long,,nonfinal,11,8,of,10.924845695495604
critical,34,ambiguous,long,,nonfinal,11,9,vintage,18.640396118164062
critical,34,ambiguous,long,,nonfinal,11,10,tweed,24.618732929229736
critical,34,ambiguous,long,,nonfinal,11,11,ripped,16.46377182006836
critical,34,ambiguous,long,,nonfinal,11,12,along,9.736952781677246
critical,34,ambiguous,long,,nonfinal,11,13,a,4.381900310516357
critical,34,ambiguous,long,,nonfinal,11,14,weak,16.494346618652344
critical,34,ambiguous,long,,nonfinal,11,15,seam.,19.329315662384037
critical,34,ambiguous,short,,nonfinal,7,0,While,20.302001953125
critical,34,ambiguous,short,,nonfinal,7,1,the,7.08778190612793
critical,34,ambiguous,short,,nonfinal,7,2,tailor,22.25688743591309
critical,34,ambiguous,short,,nonfinal,7,3,was,10.43692111968994
critical,34,ambiguous,short,,nonfinal,7,4,measuring,14.817588806152344
critical,34,ambiguous,short,,nonfinal,7,5,the,2.137980937957764
critical,34,ambiguous,short,,nonfinal,7,6,suit,9.722882270812988
critical,34,ambiguous,short,,nonfinal,7,7,ripped,17.856111526489258
critical,34,ambiguous,short,,nonfinal,7,8,along,11.485907554626465
critical,34,ambiguous,short,,nonfinal,7,9,a,4.876828193664551
critical,34,ambiguous,short,,nonfinal,7,10,weak,13.863968849182127
critical,34,ambiguous,short,,nonfinal,7,11,seam.,16.700127124786377
critical,34,unambiguous,long,comma,nonfinal,11,0,While,20.302001953125
critical,34,unambiguous,long,comma,nonfinal,11,1,the,7.08778190612793
critical,34,unambiguous,long,comma,nonfinal,11,2,tailor,22.25688743591309
critical,34,unambiguous,long,comma,nonfinal,11,3,was,10.43692111968994
critical,34,unambiguous,long,comma,nonfinal,11,4,"measuring,",18.80428957939148
critical,34,unambiguous,long,comma,nonfinal,11,5,the,2.595672130584717
critical,34,unambiguous,long,comma,nonfinal,11,6,suit,13.44824504852295
critical,34,unambiguous,long,comma,nonfinal,11,7,made,8.593598365783691
critical,34,unambiguous,long,comma,nonfinal,11,8,of,3.579718351364136
critical,34,unambiguous,long,comma,nonfinal,11,9,vintage,15.965819358825684
critical,34,unambiguous,long,comma,nonfinal,11,10,tweed,8.891557820141315
critical,34,unambiguous,long,comma,nonfinal,11,11,ripped,13.17838191986084
critical,34,unambiguous,long,comma,nonfinal,11,12,along,8.320722579956055
critical,34,unambiguous,long,comma,nonfinal,11,13,a,4.84279203414917
critical,34,unambiguous,long,comma,nonfinal,11,14,weak,13.820520401000977
critical,34,unambiguous,long,comma,nonfinal,11,15,seam.,8.868190288543701
critical,34,unambiguous,short,comma,nonfinal,7,0,While,20.302001953125
critical,34,unambiguous,short,comma,nonfinal,7,1,the,7.08778190612793
critical,34,unambiguous,short,comma,nonfinal,7,2,tailor,22.25688743591309
critical,34,unambiguous,short,comma,nonfinal,7,3,was,10.43692111968994
critical,34,unambiguous,short,comma,nonfinal,7,4,"measuring,",18.80428957939148
critical,34,unambiguous,short,comma,nonfinal,7,5,the,2.595672130584717
critical,34,unambiguous,short,comma,nonfinal,7,6,suit,13.44824504852295
critical,34,unambiguous,short,comma,nonfinal,7,7,ripped,11.240785598754885
critical,34,unambiguous,short,comma,nonfinal,7,8,along,11.42678165435791
critical,34,unambiguous,short,comma,nonfinal,7,9,a,5.785567760467529
critical,34,unambiguous,short,comma,nonfinal,7,10,weak,13.76956272125244
critical,34,unambiguous,short,comma,nonfinal,7,11,seam.,9.95314335823059
critical,34,unambiguous,long,object,nonfinal,14,0,While,20.302001953125
critical,34,unambiguous,long,object,nonfinal,14,1,the,7.08778190612793
critical,34,unambiguous,long,object,nonfinal,14,2,tailor,22.25688743591309
critical,34,unambiguous,long,object,nonfinal,14,3,was,10.43692111968994
critical,34,unambiguous,long,object,nonfinal,14,4,measuring,14.817588806152344
critical,34,unambiguous,long,object,nonfinal,14,5,the,2.137980937957764
critical,34,unambiguous,long,object,nonfinal,14,6,client's,17.66768789291382
critical,34,unambiguous,long,object,nonfinal,14,7,inseam,22.36959314346313
critical,34,unambiguous,long,object,nonfinal,14,8,the,4.6028733253479
critical,34,unambiguous,long,object,nonfinal,14,9,suit,13.504212379455566
critical,34,unambiguous,long,object,nonfinal,14,10,made,9.495316505432127
critical,34,unambiguous,long,object,nonfinal,14,11,of,9.20571231842041
critical,34,unambiguous,long,object,nonfinal,14,12,vintage,21.097265243530277
critical,34,unambiguous,long,object,nonfinal,14,13,tweed,20.952707529067997
critical,34,unambiguous,long,object,nonfinal,14,14,ripped,13.893709182739258
critical,34,unambiguous,long,object,nonfinal,14,15,along,10.622384071350098
critical,34,unambiguous,long,object,nonfinal,14,16,a,4.372255802154541
critical,34,unambiguous,long,object,nonfinal,14,17,weak,16.902557373046875
critical,34,unambiguous,long,object,nonfinal,14,18,seam.,17.610544681549072
critical,34,unambiguous,short,object,nonfinal,10,0,While,20.302001953125
critical,34,unambiguous,short,object,nonfinal,10,1,the,7.08778190612793
critical,34,unambiguous,short,object,nonfinal,10,2,tailor,22.25688743591309
critical,34,unambiguous,short,object,nonfinal,10,3,was,10.43692111968994
critical,34,unambiguous,short,object,nonfinal,10,4,measuring,14.817588806152344
critical,34,unambiguous,short,object,nonfinal,10,5,the,2.137980937957764
critical,34,unambiguous,short,object,nonfinal,10,6,client's,17.66768789291382
critical,34,unambiguous,short,object,nonfinal,10,7,inseam,22.36959314346313
critical,34,unambiguous,short,object,nonfinal,10,8,the,4.6028733253479
critical,34,unambiguous,short,object,nonfinal,10,9,suit,13.504212379455566
critical,34,unambiguous,short,object,nonfinal,10,10,ripped,13.756143569946287
critical,34,unambiguous,short,object,nonfinal,10,11,along,11.428706169128418
critical,34,unambiguous,short,object,nonfinal,10,12,a,7.182596683502197
critical,34,unambiguous,short,object,nonfinal,10,13,weak,14.382959365844728
critical,34,unambiguous,short,object,nonfinal,10,14,seam.,16.093806266784668
critical,35,ambiguous,long,,final,8,0,After,18.587234497070312
critical,35,ambiguous,long,,final,8,1,our,7.953045845031738
critical,35,ambiguous,long,,final,8,2,team,6.232743263244629
critical,35,ambiguous,long,,final,8,3,won,7.713841438293457
critical,35,ambiguous,long,,final,8,4,the,0.962106704711914
critical,35,ambiguous,long,,final,8,5,tournament,5.55886173248291
critical,35,ambiguous,long,,final,8,6,in,3.6286826133728023
critical,35,ambiguous,long,,final,8,7,basketball,10.972578048706056
critical,35,ambiguous,long,,final,8,8,advanced.,25.531192779541016
critical,35,ambiguous,short,,final,6,0,After,18.587234497070312
critical,35,ambiguous,short,,final,6,1,our,7.953045845031738
critical,35,ambiguous,short,,final,6,2,team,6.232743263244629
critical,35,ambiguous,short,,final,6,3,won,7.713841438293457
critical,35,ambiguous,short,,final,6,4,the,0.962106704711914
critical,35,ambiguous,short,,final,6,5,tournament,5.55886173248291
critical,35,ambiguous,short,,final,6,6,advanced.,27.7036247253418
critical,35,unambiguous,long,comma,final,8,0,After,18.587234497070312
critical,35,unambiguous,long,comma,final,8,1,our,7.953045845031738
critical,35,unambiguous,long,comma,final,8,2,team,6.232746124267578
critical,35,unambiguous,long,comma,final,8,3,"won,",12.653064727783203
critical,35,unambiguous,long,comma,final,8,4,the,3.4861268997192383
critical,35,unambiguous,long,comma,final,8,5,tournament,8.702790260314941
critical,35,unambiguous,long,comma,final,8,6,in,8.712000846862793
critical,35,unambiguous,long,comma,final,8,7,basketball,12.865815162658691
critical,35,unambiguous,long,comma,final,8,8,advanced.,15.450473070144652
critical,35,unambiguous,short,comma,final,6,0,After,18.587234497070312
critical,35,unambiguous,short,comma,final,6,1,our,7.953045845031738
critical,35,unambiguous,short,comma,final,6,2,team,6.232743263244629
critical,35,unambiguous,short,comma,final,6,3,"won,",12.653064727783203
critical,35,unambiguous,short,comma,final,6,4,the,3.4861268997192383
critical,35,unambiguous,short,comma,final,6,5,tournament,8.702790260314941
critical,35,unambiguous,short,comma,final,6,6,advanced.,17.46164870262146
critical,35,unambiguous,long,object,final,10,0,After,18.587234497070312
critical,35,unambiguous,long,object,final,10,1,our,7.953045845031738
critical,35,unambiguous,long,object,final,10,2,team,6.232746124267578
critical,35,unambiguous,long,object,final,10,3,won,7.713841438293457
critical,35,unambiguous,long,object,final,10,4,the,0.9621094465255736
critical,35,unambiguous,long,object,final,10,5,semifinals,13.421104788780212
critical,35,unambiguous,long,object,final,10,6,the,8.02897834777832
critical,35,unambiguous,long,object,final,10,7,tournament,5.281585693359375
critical,35,unambiguous,long,object,final,10,8,in,6.09666633605957
critical,35,unambiguous,long,object,final,10,9,basketball,14.54428482055664
critical,35,unambiguous,long,object,final,10,10,advanced.,21.017169952392575
critical,35,unambiguous,short,object,final,8,0,After,18.587234497070312
critical,35,unambiguous,short,object,final,8,1,our,7.953045845031738
critical,35,unambiguous,short,object,final,8,2,team,6.232746124267578
critical,35,unambiguous,short,object,final,8,3,won,7.713841438293457
critical,35,unambiguous,short,object,final,8,4,the,0.962106704711914
critical,35,unambiguous,short,object,final,8,5,semifinals,13.421104788780212
critical,35,unambiguous,short,object,final,8,6,the,8.02897834777832
critical,35,unambiguous,short,object,final,8,7,tournament,5.281585693359375
critical,35,unambiguous,short,object,final,8,8,advanced.,17.591105937957764
critical,35,ambiguous,long,,nonfinal,8,0,After,18.587234497070312
critical,35,ambiguous,long,,nonfinal,8,1,our,7.953045845031738
critical,35,ambiguous,long,,nonfinal,8,2,team,6.232746124267578
critical,35,ambiguous,long,,nonfinal,8,3,won,7.713841438293457
critical,35,ambiguous,long,,nonfinal,8,4,the,0.962106704711914
critical,35,ambiguous,long,,nonfinal,8,5,tournament,5.55886173248291
critical,35,ambiguous,long,,nonfinal,8,6,in,3.6286826133728023
critical,35,ambiguous,long,,nonfinal,8,7,basketball,10.972578048706056
critical,35,ambiguous,long,,nonfinal,8,8,advanced,21.20846176147461
critical,35,ambiguous,long,,nonfinal,8,9,to,3.165053129196167
critical,35,ambiguous,long,,nonfinal,8,10,the,0.3927230536937713
critical,35,ambiguous,long,,nonfinal,8,11,final,2.922816276550293
critical,35,ambiguous,long,,nonfinal,8,12,round.,6.509097337722778
critical,35,ambiguous,short,,nonfinal,6,0,After,18.587234497070312
critical,35,ambiguous,short,,nonfinal,6,1,our,7.953045845031738
critical,35,ambiguous,short,,nonfinal,6,2,team,6.232746124267578
critical,35,ambiguous,short,,nonfinal,6,3,won,7.713841438293457
critical,35,ambiguous,short,,nonfinal,6,4,the,0.9621094465255736
critical,35,ambiguous,short,,nonfinal,6,5,tournament,5.55886173248291
critical,35,ambiguous,short,,nonfinal,6,6,advanced,21.06500625610352
critical,35,ambiguous,short,,nonfinal,6,7,to,0.6355432868003845
critical,35,ambiguous,short,,nonfinal,6,8,the,0.3442349731922149
critical,35,ambiguous,short,,nonfinal,6,9,final,3.022714853286743
critical,35,ambiguous,short,,nonfinal,6,10,round.,5.450187921524048
critical,35,unambiguous,long,comma,nonfinal,8,0,After,18.587234497070312
critical,35,unambiguous,long,comma,nonfinal,8,1,our,7.953045845031738
critical,35,unambiguous,long,comma,nonfinal,8,2,team,6.232746124267578
critical,35,unambiguous,long,comma,nonfinal,8,3,"won,",12.653064727783203
critical,35,unambiguous,long,comma,nonfinal,8,4,the,3.4861268997192383
critical,35,unambiguous,long,comma,nonfinal,8,5,tournament,8.702790260314941
critical,35,unambiguous,long,comma,nonfinal,8,6,in,8.712000846862793
critical,35,unambiguous,long,comma,nonfinal,8,7,basketball,12.865815162658691
critical,35,unambiguous,long,comma,nonfinal,8,8,advanced,12.47952365875244
critical,35,unambiguous,long,comma,nonfinal,8,9,to,1.2908329963684082
critical,35,unambiguous,long,comma,nonfinal,8,10,the,0.3900814056396484
critical,35,unambiguous,long,comma,nonfinal,8,11,final,2.7672007083892822
critical,35,unambiguous,long,comma,nonfinal,8,12,round.,3.7604596614837646
critical,35,unambiguous,short,comma,nonfinal,6,0,After,18.587234497070312
critical,35,unambiguous,short,comma,nonfinal,6,1,our,7.953045845031738
critical,35,unambiguous,short,comma,nonfinal,6,2,team,6.232746124267578
critical,35,unambiguous,short,comma,nonfinal,6,3,"won,",12.653067588806152
critical,35,unambiguous,short,comma,nonfinal,6,4,the,3.4861268997192383
critical,35,unambiguous,short,comma,nonfinal,6,5,tournament,8.702790260314941
critical,35,unambiguous,short,comma,nonfinal,6,6,advanced,13.726086616516112
critical,35,unambiguous,short,comma,nonfinal,6,7,to,0.7248862385749817
critical,35,unambiguous,short,comma,nonfinal,6,8,the,0.4672149419784546
critical,35,unambiguous,short,comma,nonfinal,6,9,final,2.6463286876678467
critical,35,unambiguous,short,comma,nonfinal,6,10,round.,3.368086338043213
critical,35,unambiguous,long,object,nonfinal,10,0,After,18.587234497070312
critical,35,unambiguous,long,object,nonfinal,10,1,our,7.953045845031738
critical,35,unambiguous,long,object,nonfinal,10,2,team,6.232746124267578
critical,35,unambiguous,long,object,nonfinal,10,3,won,7.713841438293457
critical,35,unambiguous,long,object,nonfinal,10,4,the,0.962106704711914
critical,35,unambiguous,long,object,nonfinal,10,5,semifinals,13.421104788780212
critical,35,unambiguous,long,object,nonfinal,10,6,the,8.02897834777832
critical,35,unambiguous,long,object,nonfinal,10,7,tournament,5.281585693359375
critical,35,unambiguous,long,object,nonfinal,10,8,in,6.09666633605957
critical,35,unambiguous,long,object,nonfinal,10,9,basketball,14.54428482055664
critical,35,unambiguous,long,object,nonfinal,10,10,advanced,16.354150772094727
critical,35,unambiguous,long,object,nonfinal,10,11,to,0.6224478483200073
critical,35,unambiguous,long,object,nonfinal,10,12,the,0.5865048766136169
critical,35,unambiguous,long,object,nonfinal,10,13,final,1.712746262550354
critical,35,unambiguous,long,object,nonfinal,10,14,round.,5.77281653881073
critical,35,unambiguous,short,object,nonfinal,8,0,After,18.587234497070312
critical,35,unambiguous,short,object,nonfinal,8,1,our,7.953045845031738
critical,35,unambiguous,short,object,nonfinal,8,2,team,6.232746124267578
critical,35,unambiguous,short,object,nonfinal,8,3,won,7.713841438293457
critical,35,unambiguous,short,object,nonfinal,8,4,the,0.962106704711914
critical,35,unambiguous,short,object,nonfinal,8,5,semifinals,13.421104788780212
critical,35,unambiguous,short,object,nonfinal,8,6,the,8.02897834777832
critical,35,unambiguous,short,object,nonfinal,8,7,tournament,5.281585693359375
critical,35,unambiguous,short,object,nonfinal,8,8,advanced,13.177082061767578
critical,35,unambiguous,short,object,nonfinal,8,9,to,0.6208600997924805
critical,35,unambiguous,short,object,nonfinal,8,10,the,0.5680270195007324
critical,35,unambiguous,short,object,nonfinal,8,11,final,1.7476904392242432
critical,35,unambiguous,short,object,nonfinal,8,12,round.,5.130979776382446
critical,36,ambiguous,long,,final,8,0,As,19.040546417236328
critical,36,ambiguous,long,,final,8,1,the,3.442674398422241
critical,36,ambiguous,long,,final,8,2,musician,16.42739486694336
critical,36,ambiguous,long,,final,8,3,played,6.360494613647461
critical,36,ambiguous,long,,final,8,4,the,2.3618693351745605
critical,36,ambiguous,long,,final,8,5,song,3.2737791538238525
critical,36,ambiguous,long,,final,8,6,of,6.915953159332275
critical,36,ambiguous,long,,final,8,7,mourning,11.502169609069824
critical,36,ambiguous,long,,final,8,8,crescendoed.,28.79596510529518
critical,36,ambiguous,short,,final,6,0,As,19.040546417236328
critical,36,ambiguous,short,,final,6,1,the,3.442674398422241
critical,36,ambiguous,short,,final,6,2,musician,16.42739486694336
critical,36,ambiguous,short,,final,6,3,played,6.360494613647461
critical,36,ambiguous,short,,final,6,4,the,2.3618693351745605
critical,36,ambiguous,short,,final,6,5,song,3.2737791538238525
critical,36,ambiguous,short,,final,6,6,crescendoed.,28.61305755376816
critical,36,unambiguous,long,comma,final,8,0,As,19.040546417236328
critical,36,unambiguous,long,comma,final,8,1,the,3.442674398422241
critical,36,unambiguous,long,comma,final,8,2,musician,16.42739486694336
critical,36,unambiguous,long,comma,final,8,3,"played,",8.331179141998291
critical,36,unambiguous,long,comma,final,8,4,the,1.293755292892456
critical,36,unambiguous,long,comma,final,8,5,song,7.700862884521484
critical,36,unambiguous,long,comma,final,8,6,of,6.213210105895996
critical,36,unambiguous,long,comma,final,8,7,mourning,12.622889518737791
critical,36,unambiguous,long,comma,final,8,8,crescendoed.,15.911472726613283
critical,36,unambiguous,short,comma,final,6,0,As,19.040546417236328
critical,36,unambiguous,short,comma,final,6,1,the,3.442674398422241
critical,36,unambiguous,short,comma,final,6,2,musician,16.42739486694336
critical,36,unambiguous,short,comma,final,6,3,"played,",8.331179141998291
critical,36,unambiguous,short,comma,final,6,4,the,1.293755292892456
critical,36,unambiguous,short,comma,final,6,5,song,7.700862884521484
critical,36,unambiguous,short,comma,final,6,6,crescendoed.,13.144219644367697
critical,36,unambiguous,long,object,final,10,0,As,19.040546417236328
critical,36,unambiguous,long,object,final,10,1,the,3.442674398422241
critical,36,unambiguous,long,object,final,10,2,musician,16.42739486694336
critical,36,unambiguous,long,object,final,10,3,played,6.360494613647461
critical,36,unambiguous,long,object,final,10,4,the,2.3618693351745605
critical,36,unambiguous,long,object,final,10,5,piano,3.467112302780152
critical,36,unambiguous,long,object,final,10,6,the,6.773243427276611
critical,36,unambiguous,long,object,final,10,7,song,6.361631393432617
critical,36,unambiguous,long,object,final,10,8,of,6.039798259735107
critical,36,unambiguous,long,object,final,10,9,mourning,12.231101989746094
critical,36,unambiguous,long,object,final,10,10,crescendoed.,18.18280893564224
critical,36,unambiguous,short,object,final,8,0,As,19.040546417236328
critical,36,unambiguous,short,object,final,8,1,the,3.442674398422241
critical,36,unambiguous,short,object,final,8,2,musician,16.42739486694336
critical,36,unambiguous,short,object,final,8,3,played,6.360494613647461
critical,36,unambiguous,short,object,final,8,4,the,2.3618693351745605
critical,36,unambiguous,short,object,final,8,5,piano,3.467112302780152
critical,36,unambiguous,short,object,final,8,6,the,6.773243427276611
critical,36,unambiguous,short,object,final,8,7,song,6.361631393432617
critical,36,unambiguous,short,object,final,8,8,crescendoed.,14.644797027111052
critical,36,ambiguous,long,,nonfinal,8,0,As,19.040546417236328
critical,36,ambiguous,long,,nonfinal,8,1,the,3.442674398422241
critical,36,ambiguous,long,,nonfinal,8,2,musician,16.42739486694336
critical,36,ambiguous,long,,nonfinal,8,3,played,6.360494613647461
critical,36,ambiguous,long,,nonfinal,8,4,the,2.3618693351745605
critical,36,ambiguous,long,,nonfinal,8,5,song,3.2737791538238525
critical,36,ambiguous,long,,nonfinal,8,6,of,6.915953159332275
critical,36,ambiguous,long,,nonfinal,8,7,mourning,11.502169609069824
critical,36,ambiguous,long,,nonfinal,8,8,crescendoed,24.248439222574238
critical,36,ambiguous,long,,nonfinal,8,9,to,3.118359088897705
critical,36,ambiguous,long,,nonfinal,8,10,a,1.192789077758789
critical,36,ambiguous,long,,nonfinal,8,11,dramatic,6.872060775756836
critical,36,ambiguous,long,,nonfinal,8,12,climax.,4.652345299720764
critical,36,ambiguous,short,,nonfinal,6,0,As,19.040546417236328
critical,36,ambiguous,short,,nonfinal,6,1,the,3.442674398422241
critical,36,ambiguous,short,,nonfinal,6,2,musician,16.42739486694336
critical,36,ambiguous,short,,nonfinal,6,3,played,6.360494613647461
critical,36,ambiguous,short,,nonfinal,6,4,the,2.3618693351745605
critical,36,ambiguous,short,,nonfinal,6,5,song,3.2737791538238525
critical,36,ambiguous,short,,nonfinal,6,6,crescendoed,23.404077470302585
critical,36,ambiguous,short,,nonfinal,6,7,to,3.856874704360962
critical,36,ambiguous,short,,nonfinal,6,8,a,1.862797737121582
critical,36,ambiguous,short,,nonfinal,6,9,dramatic,5.879397392272949
critical,36,ambiguous,short,,nonfinal,6,10,climax.,5.575856328010559
critical,36,unambiguous,long,comma,nonfinal,8,0,As,19.040546417236328
critical,36,unambiguous,long,comma,nonfinal,8,1,the,3.442674398422241
critical,36,unambiguous,long,comma,nonfinal,8,2,musician,16.42739486694336
critical,36,unambiguous,long,comma,nonfinal,8,3,"played,",8.331179141998291
critical,36,unambiguous,long,comma,nonfinal,8,4,the,1.293755292892456
critical,36,unambiguous,long,comma,nonfinal,8,5,song,7.700862884521484
critical,36,unambiguous,long,comma,nonfinal,8,6,of,6.213210105895996
critical,36,unambiguous,long,comma,nonfinal,8,7,mourning,12.622889518737791
critical,36,unambiguous,long,comma,nonfinal,8,8,crescendoed,12.910532403737308
critical,36,unambiguous,long,comma,nonfinal,8,9,to,4.061715602874756
critical,36,unambiguous,long,comma,nonfinal,8,10,a,0.9522995948791504
critical,36,unambiguous,long,comma,nonfinal,8,11,dramatic,7.401639461517334
critical,36,unambiguous,long,comma,nonfinal,8,12,climax.,3.839027047157288
critical,36,unambiguous,short,comma,nonfinal,6,0,As,19.040546417236328
critical,36,unambiguous,short,comma,nonfinal,6,1,the,3.442674398422241
critical,36,unambiguous,short,comma,nonfinal,6,2,musician,16.42739486694336
critical,36,unambiguous,short,comma,nonfinal,6,3,"played,",8.331179141998291
critical,36,unambiguous,short,comma,nonfinal,6,4,the,1.293755292892456
critical,36,unambiguous,short,comma,nonfinal,6,5,song,7.700862884521484
critical,36,unambiguous,short,comma,nonfinal,6,6,crescendoed,9.868607766926289
critical,36,unambiguous,short,comma,nonfinal,6,7,to,3.497948169708252
critical,36,unambiguous,short,comma,nonfinal,6,8,a,0.9731906652450562
critical,36,unambiguous,short,comma,nonfinal,6,9,dramatic,6.064666748046875
critical,36,unambiguous,short,comma,nonfinal,6,10,climax.,3.57157039642334
critical,36,unambiguous,long,object,nonfinal,10,0,As,19.040546417236328
critical,36,unambiguous,long,object,nonfinal,10,1,the,3.442674398422241
critical,36,unambiguous,long,object,nonfinal,10,2,musician,16.42739486694336
critical,36,unambiguous,long,object,nonfinal,10,3,played,6.360494613647461
critical,36,unambiguous,long,object,nonfinal,10,4,the,2.3618693351745605
critical,36,unambiguous,long,object,nonfinal,10,5,piano,3.467112302780152
critical,36,unambiguous,long,object,nonfinal,10,6,the,6.773243427276611
critical,36,unambiguous,long,object,nonfinal,10,7,song,6.361631393432617
critical,36,unambiguous,long,object,nonfinal,10,8,of,6.039795398712158
critical,36,unambiguous,long,object,nonfinal,10,9,mourning,12.231101989746094
critical,36,unambiguous,long,object,nonfinal,10,10,crescendoed,14.407093584537506
critical,36,unambiguous,long,object,nonfinal,10,11,to,3.953281164169312
critical,36,unambiguous,long,object,nonfinal,10,12,a,1.154168725013733
critical,36,unambiguous,long,object,nonfinal,10,13,dramatic,7.1367902755737305
critical,36,unambiguous,long,object,nonfinal,10,14,climax.,4.275662064552307
critical,36,unambiguous,short,object,nonfinal,8,0,As,19.040546417236328
critical,36,unambiguous,short,object,nonfinal,8,1,the,3.442674398422241
critical,36,unambiguous,short,object,nonfinal,8,2,musician,16.42739486694336
critical,36,unambiguous,short,object,nonfinal,8,3,played,6.360494613647461
critical,36,unambiguous,short,object,nonfinal,8,4,the,2.3618693351745605
critical,36,unambiguous,short,object,nonfinal,8,5,piano,3.467112302780152
critical,36,unambiguous,short,object,nonfinal,8,6,the,6.773243427276611
critical,36,unambiguous,short,object,nonfinal,8,7,song,6.361631393432617
critical,36,unambiguous,short,object,nonfinal,8,8,crescendoed,11.156639516353607
critical,36,unambiguous,short,object,nonfinal,8,9,to,3.836407423019409
critical,36,unambiguous,short,object,nonfinal,8,10,a,1.1258094310760498
critical,36,unambiguous,short,object,nonfinal,8,11,dramatic,6.434821605682373
critical,36,unambiguous,short,object,nonfinal,8,12,climax.,4.152624249458313
filler,1,,,,,-1,0,The,14.009326934814451
filler,1,,,,,-1,1,little,17.880582809448242
filler,1,,,,,-1,2,blonde,17.65726089477539
filler,1,,,,,-1,3,girls,17.08992576599121
filler,1,,,,,-1,4,turned,12.992263793945312
filler,1,,,,,-1,5,out,6.571234226226807
filler,1,,,,,-1,6,to,3.124336004257202
filler,1,,,,,-1,7,be,1.1449697017669678
filler,1,,,,,-1,8,daughters,13.282411575317385
filler,1,,,,,-1,9,of,3.748561382293701
filler,1,,,,,-1,10,one,8.745406150817871
filler,1,,,,,-1,11,of,2.792013168334961
filler,1,,,,,-1,12,the,1.6878955364227295
filler,1,,,,,-1,13,neighbors.,15.206334114074709
filler,2,,,,,-1,0,After,18.587215423583984
filler,2,,,,,-1,1,the,2.4606575965881348
filler,2,,,,,-1,2,show,9.94536590576172
filler,2,,,,,-1,3,the,6.404537677764893
filler,2,,,,,-1,4,famous,10.751752853393556
filler,2,,,,,-1,5,violinist,7.895086348056793
filler,2,,,,,-1,6,met,7.523447036743164
filler,2,,,,,-1,7,with,2.011027574539185
filler,2,,,,,-1,8,some,5.640708923339844
filler,2,,,,,-1,9,of,2.364654064178467
filler,2,,,,,-1,10,his,1.8528860807418823
filler,2,,,,,-1,11,devoted,8.95115852355957
filler,2,,,,,-1,12,fans.,1.8846904635429385
filler,3,,,,,-1,0,The,14.009326934814451
filler,3,,,,,-1,1,pharmacologist,26.873583793640137
filler,3,,,,,-1,2,made,13.851746559143066
filler,3,,,,,-1,3,sure,12.615166664123535
filler,3,,,,,-1,4,that,3.2973365783691406
filler,3,,,,,-1,5,the,0.8102859258651733
filler,3,,,,,-1,6,new,13.547607421875
filler,3,,,,,-1,7,shipment,17.648958206176758
filler,3,,,,,-1,8,of,6.478352546691895
filler,3,,,,,-1,9,patches,18.6278018951416
filler,3,,,,,-1,10,didn't,10.146191835403442
filler,3,,,,,-1,11,have,4.832803249359131
filler,3,,,,,-1,12,any,1.1262552738189695
filler,3,,,,,-1,13,tears.,15.522713899612429
filler,4,,,,,-1,0,On,19.36323547363281
filler,4,,,,,-1,1,returning,16.443574905395508
filler,4,,,,,-1,2,from,2.109261274337769
filler,4,,,,,-1,3,abroad,7.103128433227539
filler,4,,,,,-1,4,the,6.207291603088379
filler,4,,,,,-1,5,accountant,14.787062644958496
filler,4,,,,,-1,6,discovered,5.762328147888184
filler,4,,,,,-1,7,he,5.94102668762207
filler,4,,,,,-1,8,had,1.0397933721542358
filler,4,,,,,-1,9,a,4.059731483459473
filler,4,,,,,-1,10,serious,9.374878883361816
filler,4,,,,,-1,11,case,4.047139644622803
filler,4,,,,,-1,12,of,0.0310862082988023
filler,4,,,,,-1,13,malaria.,6.406333148479462
filler,5,,,,,-1,0,The,14.009326934814451
filler,5,,,,,-1,1,coach,18.462108612060547
filler,5,,,,,-1,2,encouraged,16.82450294494629
filler,5,,,,,-1,3,his,10.950399398803713
filler,5,,,,,-1,4,team,11.531108856201172
filler,5,,,,,-1,5,as,8.8142728805542
filler,5,,,,,-1,6,the,4.577443599700928
filler,5,,,,,-1,7,game,12.221899032592772
filler,5,,,,,-1,8,turned,10.999889373779297
filler,5,,,,,-1,9,increasingly,14.720508575439451
filler,5,,,,,-1,10,discouraging.,21.268590465188023
filler,6,,,,,-1,0,The,14.009326934814451
filler,6,,,,,-1,1,photographer,21.634300231933597
filler,6,,,,,-1,2,posed,12.102116584777832
filler,6,,,,,-1,3,the,2.093064546585083
filler,6,,,,,-1,4,newlyweds,43.36534309387207
filler,6,,,,,-1,5,in,8.160370826721191
filler,6,,,,,-1,6,front,12.39529037475586
filler,6,,,,,-1,7,of,0.0768005698919296
filler,6,,,,,-1,8,an,8.382885932922363
filler,6,,,,,-1,9,old,5.211979389190674
filler,6,,,,,-1,10,oak,10.64000129699707
filler,6,,,,,-1,11,tree,3.859227418899536
filler,6,,,,,-1,12,that,8.710082054138184
filler,6,,,,,-1,13,stood,6.422038555145264
filler,6,,,,,-1,14,by,8.058363914489746
filler,6,,,,,-1,15,the,3.842648267745972
filler,6,,,,,-1,16,pond.,16.6400089263916
filler,7,,,,,-1,0,The,14.009326934814451
filler,7,,,,,-1,1,horse,21.04788017272949
filler,7,,,,,-1,2,galloped,42.24509620666504
filler,7,,,,,-1,3,furiously,32.43003559112549
filler,7,,,,,-1,4,around,13.00680160522461
filler,7,,,,,-1,5,the,2.133129596710205
filler,7,,,,,-1,6,field,9.058106422424316
filler,7,,,,,-1,7,before,11.35336208343506
filler,7,,,,,-1,8,jumping,10.890015602111816
filler,7,,,,,-1,9,over,5.121811389923096
filler,7,,,,,-1,10,the,1.779387593269348
filler,7,,,,,-1,11,fence.,5.303075432777405
filler,8,,,,,-1,0,The,14.009326934814451
filler,8,,,,,-1,1,talented,17.380563735961914
filler,8,,,,,-1,2,cartoonists,24.46871328353882
filler,8,,,,,-1,3,drew,10.610305786132812
filler,8,,,,,-1,4,a,1.225507140159607
filler,8,,,,,-1,5,huge,9.34701919555664
filler,8,,,,,-1,6,illustration,10.512033462524414
filler,8,,,,,-1,7,of,4.33784818649292
filler,8,,,,,-1,8,the,3.927445411682129
filler,8,,,,,-1,9,upcoming,14.12034511566162
filler,8,,,,,-1,10,mall,15.923741340637209
filler,8,,,,,-1,11,to,6.150979995727539
filler,8,,,,,-1,12,be,4.622720241546631
filler,8,,,,,-1,13,opened,6.129585266113281
filler,8,,,,,-1,14,in,3.877262115478516
filler,8,,,,,-1,15,May.,13.655609369277954
filler,9,,,,,-1,0,The,14.009326934814451
filler,9,,,,,-1,1,protesters,22.562936782836918
filler,9,,,,,-1,2,rallied,15.08963108062744
filler,9,,,,,-1,3,outside,12.264747619628906
filler,9,,,,,-1,4,the,6.709572792053223
filler,9,,,,,-1,5,state,9.512640953063965
filler,9,,,,,-1,6,capital,11.580050468444824
filler,9,,,,,-1,7,to,5.070537090301514
filler,9,,,,,-1,8,petition,14.09821891784668
filler,9,,,,,-1,9,the,0.6544641256332397
filler,9,,,,,-1,10,widely,18.98915100097656
filler,9,,,,,-1,11,controversial,12.421813011169434
filler,9,,,,,-1,12,bill.,18.995388507843018
filler,10,,,,,-1,0,The,14.009326934814451
filler,10,,,,,-1,1,small,16.15251350402832
filler,10,,,,,-1,2,orange,19.820446014404297
filler,10,,,,,-1,3,kitten,24.373754501342773
filler,10,,,,,-1,4,climbed,15.433034896850586
filler,10,,,,,-1,5,up,3.125208139419556
filler,10,,,,,-1,6,the,9.392388343811035
filler,10,,,,,-1,7,curtains,14.274022102355955
filler,10,,,,,-1,8,behind,8.86469841003418
filler,10,,,,,-1,9,the,0.1401149481534958
filler,10,,,,,-1,10,couch,11.190796852111816
filler,10,,,,,-1,11,when,9.017523765563965
filler,10,,,,,-1,12,the,0.6035737991333008
filler,10,,,,,-1,13,vacuum,15.71826171875
filler,10,,,,,-1,14,turned,10.263076782226562
filler,10,,,,,-1,15,on.,8.949949264526367
filler,11,,,,,-1,0,The,14.009326934814451
filler,11,,,,,-1,1,captain,18.006206512451172
filler,11,,,,,-1,2,made,15.714763641357422
filler,11,,,,,-1,3,sure,7.985861778259277
filler,11,,,,,-1,4,the,1.630789041519165
filler,11,,,,,-1,5,sailors,11.75885009765625
filler,11,,,,,-1,6,fixed,12.933777809143066
filler,11,,,,,-1,7,the,0.2155203968286514
filler,11,,,,,-1,8,rudder,18.22290945053101
filler,11,,,,,-1,9,before,9.69697380065918
filler,11,,,,,-1,10,setting,8.419021606445312
filler,11,,,,,-1,11,sail.,9.954353094100952
filler,12,,,,,-1,0,The,14.009326934814451
filler,12,,,,,-1,1,student,19.596086502075195
filler,12,,,,,-1,2,felt,22.781051635742188
filler,12,,,,,-1,3,that,12.078474044799805
filler,12,,,,,-1,4,he,16.750030517578125
filler,12,,,,,-1,5,hadn't,14.651814341545103
filler,12,,,,,-1,6,prepared,17.646974563598633
filler,12,,,,,-1,7,sufficiently,11.192814826965332
filler,12,,,,,-1,8,after,13.242674827575684
filler,12,,,,,-1,9,he,2.4582676887512207
filler,12,,,,,-1,10,finished,4.669326305389404
filler,12,,,,,-1,11,the,8.045761108398438
filler,12,,,,,-1,12,midterm.,19.16756248474121
filler,13,,,,,-1,0,The,14.009326934814451
filler,13,,,,,-1,1,boys,21.507762908935547
filler,13,,,,,-1,2,rode,20.607112884521484
filler,13,,,,,-1,3,their,8.88434886932373
filler,13,,,,,-1,4,bikes,8.185958862304688
filler,13,,,,,-1,5,past,16.567712783813477
filler,13,,,,,-1,6,the,2.2468996047973637
filler,13,,,,,-1,7,yellow,10.282283782958984
filler,13,,,,,-1,8,wall,8.388123512268066
filler,13,,,,,-1,9,that,9.905028343200684
filler,13,,,,,-1,10,stood,9.93425178527832
filler,13,,,,,-1,11,in,3.6013498306274414
filler,13,,,,,-1,12,front,4.989500045776367
filler,13,,,,,-1,13,of,0.0102886902168393
filler,13,,,,,-1,14,the,0.3687473237514496
filler,13,,,,,-1,15,old,7.826046943664551
filler,13,,,,,-1,16,factory.,12.912002325057983
filler,14,,,,,-1,0,The,14.009326934814451
filler,14,,,,,-1,1,desert,23.22440528869629
filler,14,,,,,-1,2,bandits,38.27250862121582
filler,14,,,,,-1,3,joked,22.87373352050781
filler,14,,,,,-1,4,that,7.8982977867126465
filler,14,,,,,-1,5,the,0.5773388743400574
filler,14,,,,,-1,6,oasis,16.737272262573242
filler,14,,,,,-1,7,in,7.819126605987549
filler,14,,,,,-1,8,the,0.2307071536779403
filler,14,,,,,-1,9,horizon,11.655216217041016
filler,14,,,,,-1,10,was,2.383932590484619
filler,14,,,,,-1,11,all,8.339111328125
filler,14,,,,,-1,12,but,8.74526596069336
filler,14,,,,,-1,13,a,6.8762736320495605
filler,14,,,,,-1,14,wild,12.479744911193848
filler,14,,,,,-1,15,fantasy.,12.417129516601562
filler,15,,,,,-1,0,The,14.009326934814451
filler,15,,,,,-1,1,carpenter,32.129106521606445
filler,15,,,,,-1,2,told,16.85633659362793
filler,15,,,,,-1,3,all,6.896853923797607
filler,15,,,,,-1,4,the,3.053853273391724
filler,15,,,,,-1,5,disappointed,24.58344841003418
filler,15,,,,,-1,6,applicants,14.008140563964844
filler,15,,,,,-1,7,that,6.330034732818604
filler,15,,,,,-1,8,he,5.027374744415283
filler,15,,,,,-1,9,was,1.9950647354125977
filler,15,,,,,-1,10,not,3.93853759765625
filler,15,,,,,-1,11,taking,11.733591079711914
filler,15,,,,,-1,12,any,0.8069563508033752
filler,15,,,,,-1,13,new,7.760916709899902
filler,15,,,,,-1,14,apprentices.,19.274375915527344
filler,16,,,,,-1,0,The,14.009326934814451
filler,16,,,,,-1,1,California,17.822284698486328
filler,16,,,,,-1,2,judges,23.06779670715332
filler,16,,,,,-1,3,requested,18.092361450195312
filler,16,,,,,-1,4,the,3.1375536918640137
filler,16,,,,,-1,5,opinions,15.441142082214355
filler,16,,,,,-1,6,of,3.5647683143615723
filler,16,,,,,-1,7,various,15.908612251281738
filler,16,,,,,-1,8,industry,14.665776252746582
filler,16,,,,,-1,9,leaders.,14.497424602508543
filler,17,,,,,-1,0,The,14.009326934814451
filler,17,,,,,-1,1,dance,16.92642593383789
filler,17,,,,,-1,2,troupe,21.42825126647949
filler,17,,,,,-1,3,forgot,18.72010803222656
filler,17,,,,,-1,4,most,13.559060096740724
filler,17,,,,,-1,5,of,2.5727367401123047
filler,17,,,,,-1,6,the,0.6642299890518188
filler,17,,,,,-1,7,steps,15.234350204467772
filler,17,,,,,-1,8,when,6.111546516418457
filler,17,,,,,-1,9,they,5.701926708221436
filler,17,,,,,-1,10,performed,9.775994300842283
filler,17,,,,,-1,11,for,6.127752780914307
filler,17,,,,,-1,12,the,0.7116587162017822
filler,17,,,,,-1,13,prime,14.491156578063965
filler,17,,,,,-1,14,minister.,15.075215339660645
filler,18,,,,,-1,0,There,17.816251754760742
filler,18,,,,,-1,1,were,6.222629547119141
filler,18,,,,,-1,2,several,9.816533088684082
filler,18,,,,,-1,3,noblemen,28.011902809143063
filler,18,,,,,-1,4,who,4.031820774078369
filler,18,,,,,-1,5,kept,11.51415729522705
filler,18,,,,,-1,6,insisting,14.91622829437256
filler,18,,,,,-1,7,that,4.163848400115967
filler,18,,,,,-1,8,the,3.3754470348358154
filler,18,,,,,-1,9,croutons,31.699285984039307
filler,18,,,,,-1,10,were,1.3566211462020874
filler,18,,,,,-1,11,too,10.07129192352295
filler,18,,,,,-1,12,soft.,13.888165950775146
filler,19,,,,,-1,0,The,14.009326934814451
filler,19,,,,,-1,1,priest,20.517786026000977
filler,19,,,,,-1,2,checked,16.624263763427734
filler,19,,,,,-1,3,twice,11.229449272155762
filler,19,,,,,-1,4,that,12.05372142791748
filler,19,,,,,-1,5,he,8.280840873718262
filler,19,,,,,-1,6,had,1.960093140602112
filler,19,,,,,-1,7,all,9.424665451049805
filler,19,,,,,-1,8,the,2.180428981781006
filler,19,,,,,-1,9,supplies,13.420317649841309
filler,19,,,,,-1,10,ready,10.554587364196776
filler,19,,,,,-1,11,for,3.5841708183288574
filler,19,,,,,-1,12,the,1.8600763082504272
filler,19,,,,,-1,13,event,10.251355171203612
filler,19,,,,,-1,14,on,9.500965118408203
filler,19,,,,,-1,15,Sunday.,14.103014707565308
filler,20,,,,,-1,0,The,14.009326934814451
filler,20,,,,,-1,1,jeweler,39.59054374694824
filler,20,,,,,-1,2,showed,21.7935791015625
filler,20,,,,,-1,3,off,13.056476593017578
filler,20,,,,,-1,4,his,9.779912948608398
filler,20,,,,,-1,5,collection,14.999066352844238
filler,20,,,,,-1,6,of,7.045083522796631
filler,20,,,,,-1,7,rare,4.655218124389648
filler,20,,,,,-1,8,and,2.951835870742798
filler,20,,,,,-1,9,precious,4.331541061401367
filler,20,,,,,-1,10,stones,6.344926834106445
filler,20,,,,,-1,11,at,10.189570426940918
filler,20,,,,,-1,12,the,1.461010456085205
filler,20,,,,,-1,13,convention.,20.42287588119507
filler,21,,,,,-1,0,The,14.009326934814451
filler,21,,,,,-1,1,serious,19.16357040405273
filler,21,,,,,-1,2,man,14.457725524902344
filler,21,,,,,-1,3,shifted,24.17742347717285
filler,21,,,,,-1,4,his,10.47614574432373
filler,21,,,,,-1,5,glasses,14.172001838684082
filler,21,,,,,-1,6,to,6.0999674797058105
filler,21,,,,,-1,7,indicate,12.872491836547852
filler,21,,,,,-1,8,the,3.076436758041382
filler,21,,,,,-1,9,prisoners,20.801179885864254
filler,21,,,,,-1,10,would,9.247547149658203
filler,21,,,,,-1,11,be,1.7394875288009644
filler,21,,,,,-1,12,set,10.914587020874023
filler,21,,,,,-1,13,free.,8.388292789459229
filler,22,,,,,-1,0,The,14.009326934814451
filler,22,,,,,-1,1,doctor,17.947803497314453
filler,22,,,,,-1,2,made,13.396771430969238
filler,22,,,,,-1,3,the,3.5204079151153564
filler,22,,,,,-1,4,nurse,10.650453567504885
filler,22,,,,,-1,5,administer,15.944085121154783
filler,22,,,,,-1,6,the,0.3807998597621918
filler,22,,,,,-1,7,shot,19.25367546081543
filler,22,,,,,-1,8,because,12.550332069396973
filler,22,,,,,-1,9,he,3.2371811866760254
filler,22,,,,,-1,10,didn't,5.385784029960632
filler,22,,,,,-1,11,like,5.656071662902832
filler,22,,,,,-1,12,to,4.075143814086914
filler,22,,,,,-1,13,give,3.9923171997070312
filler,22,,,,,-1,14,shots,17.352413177490234
filler,22,,,,,-1,15,to,3.09626841545105
filler,22,,,,,-1,16,children.,10.32808518409729
filler,23,,,,,-1,0,The,14.009326934814451
filler,23,,,,,-1,1,football,18.903451919555664
filler,23,,,,,-1,2,player,7.466534614562988
filler,23,,,,,-1,3,performed,22.22369956970215
filler,23,,,,,-1,4,a,1.8657283782958984
filler,23,,,,,-1,5,humorous,15.838275909423828
filler,23,,,,,-1,6,victory,12.569072723388672
filler,23,,,,,-1,7,dance,13.981032371520996
filler,23,,,,,-1,8,at,9.415254592895508
filler,23,,,,,-1,9,the,2.190626859664917
filler,23,,,,,-1,10,end,2.965271234512329
filler,23,,,,,-1,11,zone.,20.26456379890442
filler,24,,,,,-1,0,The,14.009326934814451
filler,24,,,,,-1,1,journalists,20.591684341430664
filler,24,,,,,-1,2,were,4.837629795074463
filler,24,,,,,-1,3,riled,22.28842639923096
filler,24,,,,,-1,4,up,4.692897319793701
filler,24,,,,,-1,5,to,4.716256618499756
filler,24,,,,,-1,6,hear,11.938218116760254
filler,24,,,,,-1,7,that,7.322348594665527
filler,24,,,,,-1,8,the,4.234455108642578
filler,24,,,,,-1,9,famous,11.115153312683104
filler,24,,,,,-1,10,British,11.619168281555176
filler,24,,,,,-1,11,actor,12.64093780517578
filler,24,,,,,-1,12,threw,13.91874885559082
filler,24,,,,,-1,13,a,1.3566844463348389
filler,24,,,,,-1,14,fit,7.69333553314209
filler,24,,,,,-1,15,on,6.248443603515625
filler,24,,,,,-1,16,the,1.2016689777374268
filler,24,,,,,-1,17,set.,14.724394798278809
filler,25,,,,,-1,0,The,14.009326934814451
filler,25,,,,,-1,1,salesman,22.25716781616211
filler,25,,,,,-1,2,made,17.60186767578125
filler,25,,,,,-1,3,sure,10.136372566223145
filler,25,,,,,-1,4,that,3.5785434246063232
filler,25,,,,,-1,5,there,8.454607009887695
filler,25,,,,,-1,6,were,0.7942571640014648
filler,25,,,,,-1,7,people,5.395754814147949
filler,25,,,,,-1,8,all,11.500197410583496
filler,25,,,,,-1,9,around,1.5806773900985718
filler,25,,,,,-1,10,to,5.985852241516113
filler,25,,,,,-1,11,witness,15.73798942565918
filler,25,,,,,-1,12,his,13.563051223754885
filler,25,,,,,-1,13,biggest,13.556682586669922
filler,25,,,,,-1,14,sale.,21.09108591079712
filler,26,,,,,-1,0,The,14.009326934814451
filler,26,,,,,-1,1,guides,23.075336456298828
filler,26,,,,,-1,2,were,5.844974994659424
filler,26,,,,,-1,3,in,7.615922927856445
filler,26,,,,,-1,4,the,2.181114196777344
filler,26,,,,,-1,5,process,9.2432222366333
filler,26,,,,,-1,6,of,0.8055612444877625
filler,26,,,,,-1,7,explaining,16.800621032714844
filler,26,,,,,-1,8,the,1.2745730876922607
filler,26,,,,,-1,9,delay,17.9242000579834
filler,26,,,,,-1,10,when,8.614773750305176
filler,26,,,,,-1,11,the,1.1793662309646606
filler,26,,,,,-1,12,boat,14.058140754699709
filler,26,,,,,-1,13,started,9.782607078552246
filler,26,,,,,-1,14,to,3.022359848022461
filler,26,,,,,-1,15,move,5.6052446365356445
filler,26,,,,,-1,16,again.,13.620750904083252
filler,27,,,,,-1,0,The,14.009326934814451
filler,27,,,,,-1,1,detective's,29.377934455871586
filler,27,,,,,-1,2,computer,15.223030090332031
filler,27,,,,,-1,3,crashed,9.990822792053224
filler,27,,,,,-1,4,and,6.977201461791992
filler,27,,,,,-1,5,all,10.666462898254396
filler,27,,,,,-1,6,the,2.464376449584961
filler,27,,,,,-1,7,important,11.358810424804688
filler,27,,,,,-1,8,documents,7.340758800506592
filler,27,,,,,-1,9,were,1.094643473625183
filler,27,,,,,-1,10,lost.,6.737889528274536
filler,28,,,,,-1,0,The,14.009326934814451
filler,28,,,,,-1,1,chiefs,21.53943252563477
filler,28,,,,,-1,2,perform,19.02548599243164
filler,28,,,,,-1,3,a,7.633055210113525
filler,28,,,,,-1,4,ceremony,8.292940139770508
filler,28,,,,,-1,5,for,5.71470832824707
filler,28,,,,,-1,6,each,13.826873779296877
filler,28,,,,,-1,7,family's,19.917503356933597
filler,28,,,,,-1,8,oldest,17.698137283325195
filler,28,,,,,-1,9,child,9.37179183959961
filler,28,,,,,-1,10,every,19.885156631469727
filler,28,,,,,-1,11,time,5.926568984985352
filler,28,,,,,-1,12,there,10.093138694763184
filler,28,,,,,-1,13,is,0.6891908645629883
filler,28,,,,,-1,14,a,0.7551166415214539
filler,28,,,,,-1,15,full,11.366480827331545
filler,28,,,,,-1,16,moon.,11.50343656539917
filler,29,,,,,-1,0,The,14.009326934814451
filler,29,,,,,-1,1,saleslady,50.849623680114746
filler,29,,,,,-1,2,found,14.293548583984377
filler,29,,,,,-1,3,herself,18.5543212890625
filler,29,,,,,-1,4,surrounded,11.831534385681152
filler,29,,,,,-1,5,by,0.8823232650756836
filler,29,,,,,-1,6,angry,13.865867614746094
filler,29,,,,,-1,7,shoppers,8.147802352905273
filler,29,,,,,-1,8,who,2.952160596847534
filler,29,,,,,-1,9,wanted,8.437592506408691
filler,29,,,,,-1,10,their,8.39209270477295
filler,29,,,,,-1,11,money,2.165586233139038
filler,29,,,,,-1,12,back.,5.5786988735198975
filler,30,,,,,-1,0,The,14.009326934814451
filler,30,,,,,-1,1,scientist,20.957080841064453
filler,30,,,,,-1,2,forgot,19.147205352783203
filler,30,,,,,-1,3,to,3.2850749492645264
filler,30,,,,,-1,4,make,7.830876350402832
filler,30,,,,,-1,5,sure,8.423018455505371
filler,30,,,,,-1,6,that,4.644480705261231
filler,30,,,,,-1,7,the,2.727375268936157
filler,30,,,,,-1,8,temperature,14.853025436401367
filler,30,,,,,-1,9,was,1.192291021347046
filler,30,,,,,-1,10,set,9.55983543395996
filler,30,,,,,-1,11,to,0.5903600454330444
filler,30,,,,,-1,12,zero,5.542832851409912
filler,30,,,,,-1,13,degrees.,15.20744800567627
filler,31,,,,,-1,0,The,14.009326934814451
filler,31,,,,,-1,1,candy,19.56103515625
filler,31,,,,,-1,2,shop,15.620229721069336
filler,31,,,,,-1,3,was,9.27401351928711
filler,31,,,,,-1,4,small,12.764753341674805
filler,31,,,,,-1,5,but,7.626942157745361
filler,31,,,,,-1,6,tidy,18.954683303833008
filler,31,,,,,-1,7,and,2.281312704086304
filler,31,,,,,-1,8,smelled,15.145064353942873
filler,31,,,,,-1,9,deliciously,12.057212591171265
filler,31,,,,,-1,10,of,9.005809783935547
filler,31,,,,,-1,11,chocolate.,10.227033376693726
filler,32,,,,,-1,0,The,14.009326934814451
filler,32,,,,,-1,1,virus,18.346435546875
filler,32,,,,,-1,2,caused,17.943605422973633
filler,32,,,,,-1,3,an,7.393616676330566
filler,32,,,,,-1,4,unusual,7.525374889373779
filler,32,,,,,-1,5,amount,4.886712074279785
filler,32,,,,,-1,6,of,1.1756128072738647
filler,32,,,,,-1,7,workers,11.68238639831543
filler,32,,,,,-1,8,at,9.601755142211914
filler,32,,,,,-1,9,the,3.1993892192840576
filler,32,,,,,-1,10,city,7.73717737197876
filler,32,,,,,-1,11,hall,8.331754684448242
filler,32,,,,,-1,12,to,5.440618991851807
filler,32,,,,,-1,13,call,8.992240905761719
filler,32,,,,,-1,14,in,6.210984230041504
filler,32,,,,,-1,15,sick.,24.57915306091309
filler,33,,,,,-1,0,The,14.009326934814451
filler,33,,,,,-1,1,furious,22.43849754333496
filler,33,,,,,-1,2,man,16.725065231323242
filler,33,,,,,-1,3,standing,15.959033966064451
filler,33,,,,,-1,4,at,4.869471549987793
filler,33,,,,,-1,5,the,0.8642279505729675
filler,33,,,,,-1,6,mayor's,18.808220863342285
filler,33,,,,,-1,7,door,9.279413223266602
filler,33,,,,,-1,8,was,14.39846420288086
filler,33,,,,,-1,9,angry,21.061561584472656
filler,33,,,,,-1,10,about,7.635902881622314
filler,33,,,,,-1,11,the,0.7239313721656799
filler,33,,,,,-1,12,high,8.582839965820312
filler,33,,,,,-1,13,cost,4.211145401000977
filler,33,,,,,-1,14,of,0.2247221618890762
filler,33,,,,,-1,15,electricity.,9.743573665618896
filler,34,,,,,-1,0,The,14.009326934814451
filler,34,,,,,-1,1,bartender,20.767742156982425
filler,34,,,,,-1,2,tried,10.339987754821776
filler,34,,,,,-1,3,several,19.483583450317383
filler,34,,,,,-1,4,times,10.65644359588623
filler,34,,,,,-1,5,to,8.21320629119873
filler,34,,,,,-1,6,get,6.624805927276611
filler,34,,,,,-1,7,the,4.245929718017578
filler,34,,,,,-1,8,woman,13.985479354858398
filler,34,,,,,-1,9,to,1.9105015993118288
filler,34,,,,,-1,10,order,12.198328018188477
filler,34,,,,,-1,11,from,8.096199989318848
filler,34,,,,,-1,12,the,1.189255952835083
filler,34,,,,,-1,13,secret,14.439796447753906
filler,34,,,,,-1,14,menu.,15.868530750274658
filler,35,,,,,-1,0,The,14.009326934814451
filler,35,,,,,-1,1,seamstress,46.70873641967773
filler,35,,,,,-1,2,fretted,35.5051212310791
filler,35,,,,,-1,3,over,16.559322357177734
filler,35,,,,,-1,4,whether,17.447711944580078
filler,35,,,,,-1,5,the,3.514565944671631
filler,35,,,,,-1,6,dress,11.327370643615724
filler,35,,,,,-1,7,would,10.276166915893556
filler,35,,,,,-1,8,be,0.5067324042320251
filler,35,,,,,-1,9,finished,13.107712745666504
filler,35,,,,,-1,10,in,7.584390640258789
filler,35,,,,,-1,11,time.,10.80245304107666
