item_category,item,ambiguity,length,resolution,finality,critical_word_index,word_index,word,surprisal
critical,1,ambiguous,short,object,nonfinal,6,0,As,7.8977556228637695
critical,1,ambiguous,short,object,nonfinal,6,1,the,2.5009360313415527
critical,1,ambiguous,short,object,nonfinal,6,2,lifeguard,28.12384605407715
critical,1,ambiguous,short,object,nonfinal,6,3,watched,8.086267471313477
critical,1,ambiguous,short,object,nonfinal,6,4,the,1.5784649848937988
critical,1,ambiguous,short,object,nonfinal,6,5,kids,5.728252410888672
critical,1,ambiguous,short,object,nonfinal,6,6,splashed,10.282970428466797
critical,1,ambiguous,short,object,nonfinal,6,7,each,8.931741714477539
critical,1,ambiguous,short,object,nonfinal,6,8,other,0.040087092667818
critical,1,ambiguous,short,object,nonfinal,6,9,with,1.9371713399887085
critical,1,ambiguous,short,object,nonfinal,6,10,water.,8.325457274913788
critical,1,ambiguous,long,object,nonfinal,8,0,As,7.8977556228637695
critical,1,ambiguous,long,object,nonfinal,8,1,the,2.5009360313415527
critical,1,ambiguous,long,object,nonfinal,8,2,lifeguard,28.12384605407715
critical,1,ambiguous,long,object,nonfinal,8,3,watched,8.086267471313477
critical,1,ambiguous,long,object,nonfinal,8,4,the,1.5784649848937988
critical,1,ambiguous,long,object,nonfinal,8,5,kids,5.728252410888672
critical,1,ambiguous,long,object,nonfinal,8,6,playing,3.132018804550171
critical,1,ambiguous,long,object,nonfinal,8,7,happily,8.474289894104004
critical,1,ambiguous,long,object,nonfinal,8,8,splashed,14.612493515014648
critical,1,ambiguous,long,object,nonfinal,8,9,each,9.02722454071045
critical,1,ambiguous,long,object,nonfinal,8,10,other,0.084970436990261
critical,1,ambiguous,long,object,nonfinal,8,11,with,1.6083019971847534
critical,1,ambiguous,long,object,nonfinal,8,12,water.,4.791150629520416
critical,1,unambiguous,short,object,nonfinal,8,0,As,7.8977556228637695
critical,1,unambiguous,short,object,nonfinal,8,1,the,2.5009360313415527
critical,1,unambiguous,short,object,nonfinal,8,2,lifeguard,28.12384605407715
critical,1,unambiguous,short,object,nonfinal,8,3,watched,8.086267471313477
critical,1,unambiguous,short,object,nonfinal,8,4,the,1.5784649848937988
critical,1,unambiguous,short,object,nonfinal,8,5,pool,8.066397666931152
critical,1,unambiguous,short,object,nonfinal,8,6,the,7.984642505645752
critical,1,unambiguous,short,object,nonfinal,8,7,kids,5.058329105377197
critical,1,unambiguous,short,object,nonfinal,8,8,splashed,4.236582279205322
critical,1,unambiguous,short,object,nonfinal,8,9,each,8.270109176635742
critical,1,unambiguous,short,object,nonfinal,8,10,other,0.0577063709497451
critical,1,unambiguous,short,object,nonfinal,8,11,with,2.686165332794189
critical,1,unambiguous,short,object,nonfinal,8,12,water.,2.848811388015747
critical,1,unambiguous,long,object,nonfinal,10,0,As,7.8977556228637695
critical,1,unambiguous,long,object,nonfinal,10,1,the,2.5009360313415527
critical,1,unambiguous,long,object,nonfinal,10,2,lifeguard,28.12384605407715
critical,1,unambiguous,long,object,nonfinal,10,3,watched,8.086267471313477
critical,1,unambiguous,long,object,nonfinal,10,4,the,1.5784649848937988
critical,1,unambiguous,long,object,nonfinal,10,5,pool,8.066397666931152
critical,1,unambiguous,long,object,nonfinal,10,6,the,7.984642505645752
critical,1,unambiguous,long,object,nonfinal,10,7,kids,5.058329105377197
critical,1,unambiguous,long,object,nonfinal,10,8,playing,5.98782205581665
critical,1,unambiguous,long,object,nonfinal,10,9,happily,9.040360450744627
critical,1,unambiguous,long,object,nonfinal,10,10,splashed,6.571726799011231
critical,1,unambiguous,long,object,nonfinal,10,11,each,6.121830940246582
critical,1,unambiguous,long,object,nonfinal,10,12,other,0.0510692149400711
critical,1,unambiguous,long,object,nonfinal,10,13,with,2.444145917892456
critical,1,unambiguous,long,object,nonfinal,10,14,water.,1.6460968852043152
critical,2,ambiguous,short,comma,nonfinal,6,0,Because,15.85752010345459
critical,2,ambiguous,short,comma,nonfinal,6,1,the,2.919984817504883
critical,2,ambiguous,short,comma,nonfinal,6,2,suspect,17.485641479492188
critical,2,ambiguous,short,comma,nonfinal,6,3,changed,11.167704582214355
critical,2,ambiguous,short,comma,nonfinal,6,4,the,3.0167243480682373
critical,2,ambiguous,short,comma,nonfinal,6,5,file,12.227860450744627
critical,2,ambiguous,short,comma,nonfinal,6,6,needed,17.32807159423828
critical,2,ambiguous,short,comma,nonfinal,6,7,to,0.9368183612823486
critical,2,ambiguous,short,comma,nonfinal,6,8,be,2.885164499282837
critical,2,ambiguous,short,comma,nonfinal,6,9,updated.,7.060000419616699
critical,2,ambiguous,long,comma,nonfinal,9,0,Because,15.85752010345459
critical,2,ambiguous,long,comma,nonfinal,9,1,the,2.919984817504883
critical,2,ambiguous,long,comma,nonfinal,9,2,suspect,17.485641479492188
critical,2,ambiguous,long,comma,nonfinal,9,3,changed,11.167704582214355
critical,2,ambiguous,long,comma,nonfinal,9,4,the,3.0167243480682373
critical,2,ambiguous,long,comma,nonfinal,9,5,file,12.227860450744627
critical,2,ambiguous,long,comma,nonfinal,9,6,with,6.398982048034668
critical,2,ambiguous,long,comma,nonfinal,9,7,the,1.5173382759094238
critical,2,ambiguous,long,comma,nonfinal,9,8,evidence,7.888176918029785
critical,2,ambiguous,long,comma,nonfinal,9,9,needed,12.206192016601562
critical,2,ambiguous,long,comma,nonfinal,9,10,to,1.2499643564224243
critical,2,ambiguous,long,comma,nonfinal,9,11,be,2.844639778137207
critical,2,ambiguous,long,comma,nonfinal,9,12,updated.,11.507116556167604
critical,2,unambiguous,short,comma,nonfinal,6,0,Because,15.85752010345459
critical,2,unambiguous,short,comma,nonfinal,6,1,the,2.919984817504883
critical,2,unambiguous,short,comma,nonfinal,6,2,suspect,17.485641479492188
critical,2,unambiguous,short,comma,nonfinal,6,3,"changed,",17.58316946029663
critical,2,unambiguous,short,comma,nonfinal,6,4,the,1.4365862607955933
critical,2,unambiguous,short,comma,nonfinal,6,5,file,11.975692749023438
critical,2,unambiguous,short,comma,nonfinal,6,6,needed,9.489521026611328
critical,2,unambiguous,short,comma,nonfinal,6,7,to,0.1910493373870849
critical,2,unambiguous,short,comma,nonfinal,6,8,be,0.150948479771614
critical,2,unambiguous,short,comma,nonfinal,6,9,updated.,3.40439236164093
critical,2,unambiguous,long,comma,nonfinal,9,0,Because,15.85752010345459
critical,2,unambiguous,long,comma,nonfinal,9,1,the,2.919984817504883
critical,2,unambiguous,long,comma,nonfinal,9,2,suspect,17.485641479492188
critical,2,unambiguous,long,comma,nonfinal,9,3,"changed,",17.58316946029663
critical,2,unambiguous,long,comma,nonfinal,9,4,the,1.4365862607955933
critical,2,unambiguous,long,comma,nonfinal,9,5,file,11.975692749023438
critical,2,unambiguous,long,comma,nonfinal,9,6,with,6.737249851226807
critical,2,unambiguous,long,comma,nonfinal,9,7,the,0.4627709090709686
critical,2,unambiguous,long,comma,nonfinal,9,8,evidence,7.848450183868408
critical,2,unambiguous,long,comma,nonfinal,9,9,needed,7.875718593597412
critical,2,unambiguous,long,comma,nonfinal,9,10,to,0.1744344383478164
critical,2,unambiguous,long,comma,nonfinal,9,11,be,0.430171251296997
critical,2,unambiguous,long,comma,nonfinal,9,12,updated.,4.83884060382843
critical,3,ambiguous,short,object,nonfinal,7,0,While,11.34129524230957
critical,3,ambiguous,short,object,nonfinal,7,1,the,2.07014274597168
critical,3,ambiguous,short,object,nonfinal,7,2,new,5.612490177154541
critical,3,ambiguous,short,object,nonfinal,7,3,chef,18.5830078125
critical,3,ambiguous,short,object,nonfinal,7,4,cooked,15.49400806427002
critical,3,ambiguous,short,object,nonfinal,7,5,the,3.5386765003204346
critical,3,ambiguous,short,object,nonfinal,7,6,stew,11.52712631225586
critical,3,ambiguous,short,object,nonfinal,7,7,boiled,17.72124671936035
critical,3,ambiguous,short,object,nonfinal,7,8,over.,10.687791347503662
critical,3,ambiguous,long,object,nonfinal,11,0,While,11.34129524230957
critical,3,ambiguous,long,object,nonfinal,11,1,the,2.07014274597168
critical,3,ambiguous,long,object,nonfinal,11,2,new,5.612490177154541
critical,3,ambiguous,long,object,nonfinal,11,3,chef,18.5830078125
critical,3,ambiguous,long,object,nonfinal,11,4,cooked,15.49400806427002
critical,3,ambiguous,long,object,nonfinal,11,5,the,3.5386765003204346
critical,3,ambiguous,long,object,nonfinal,11,6,stew,11.52712631225586
critical,3,ambiguous,long,object,nonfinal,11,7,with,5.601367473602295
critical,3,ambiguous,long,object,nonfinal,11,8,lamb,7.16265344619751
critical,3,ambiguous,long,object,nonfinal,11,9,and,2.2253618240356445
critical,3,ambiguous,long,object,nonfinal,11,10,vegetables,3.499717712402344
critical,3,ambiguous,long,object,nonfinal,11,11,boiled,14.90838623046875
critical,3,ambiguous,long,object,nonfinal,11,12,over.,15.176273345947266
critical,3,unambiguous,short,object,nonfinal,9,0,While,11.34129524230957
critical,3,unambiguous,short,object,nonfinal,9,1,the,2.07014274597168
critical,3,unambiguous,short,object,nonfinal,9,2,new,5.612490177154541
critical,3,unambiguous,short,object,nonfinal,9,3,chef,18.5830078125
critical,3,unambiguous,short,object,nonfinal,9,4,cooked,15.49400806427002
critical,3,unambiguous,short,object,nonfinal,9,5,the,3.5386765003204346
critical,3,unambiguous,short,object,nonfinal,9,6,appetizers,6.875969409942627
critical,3,unambiguous,short,object,nonfinal,9,7,the,7.346611976623535
critical,3,unambiguous,short,object,nonfinal,9,8,stew,17.47522735595703
critical,3,unambiguous,short,object,nonfinal,9,9,boiled,10.197955131530762
critical,3,unambiguous,short,object,nonfinal,9,10,over.,6.956932067871094
critical,3,unambiguous,long,object,nonfinal,13,0,While,11.34129524230957
critical,3,unambiguous,long,object,nonfinal,13,1,the,2.07014274597168
critical,3,unambiguous,long,object,nonfinal,13,2,new,5.612490177154541
critical,3,unambiguous,long,object,nonfinal,13,3,chef,18.5830078125
critical,3,unambiguous,long,object,nonfinal,13,4,cooked,15.49400806427002
critical,3,unambiguous,long,object,nonfinal,13,5,the,3.5386765003204346
critical,3,unambiguous,long,object,nonfinal,13,6,appetizers,6.875969409942627
critical,3,unambiguous,long,object,nonfinal,13,7,the,7.346611976623535
critical,3,unambiguous,long,object,nonfinal,13,8,stew,17.47522735595703
critical,3,unambiguous,long,object,nonfinal,13,9,with,9.249710083007812
critical,3,unambiguous,long,object,nonfinal,13,10,lamb,4.56893253326416
critical,3,unambiguous,long,object,nonfinal,13,11,and,1.988356113433838
critical,3,unambiguous,long,object,nonfinal,13,12,vegetables,3.39434027671814
critical,3,unambiguous,long,object,nonfinal,13,13,boiled,7.826783180236816
critical,3,unambiguous,long,object,nonfinal,13,14,over.,8.052475214004517
critical,4,ambiguous,short,comma,nonfinal,6,0,As,7.8977556228637695
critical,4,ambiguous,short,comma,nonfinal,6,1,the,2.5009360313415527
critical,4,ambiguous,short,comma,nonfinal,6,2,child,12.86805248260498
critical,4,ambiguous,short,comma,nonfinal,6,3,showered,21.07290267944336
critical,4,ambiguous,short,comma,nonfinal,6,4,the,3.3645503520965576
critical,4,ambiguous,short,comma,nonfinal,6,5,cat,9.583829879760742
critical,4,ambiguous,short,comma,nonfinal,6,6,ran,19.003814697265625
critical,4,ambiguous,short,comma,nonfinal,6,7,around,5.055709362030029
critical,4,ambiguous,short,comma,nonfinal,6,8,the,1.1682162284851074
critical,4,ambiguous,short,comma,nonfinal,6,9,room.,4.830412149429321
critical,4,ambiguous,long,comma,nonfinal,8,0,As,7.8977556228637695
critical,4,ambiguous,long,comma,nonfinal,8,1,the,2.5009360313415527
critical,4,ambiguous,long,comma,nonfinal,8,2,child,12.86805248260498
critical,4,ambiguous,long,comma,nonfinal,8,3,showered,21.07290267944336
critical,4,ambiguous,long,comma,nonfinal,8,4,the,3.3645503520965576
critical,4,ambiguous,long,comma,nonfinal,8,5,cat,9.583829879760742
critical,4,ambiguous,long,comma,nonfinal,8,6,complaining,24.519407272338867
critical,4,ambiguous,long,comma,nonfinal,8,7,loudly,8.184246063232422
critical,4,ambiguous,long,comma,nonfinal,8,8,ran,18.49005508422852
critical,4,ambiguous,long,comma,nonfinal,8,9,around,5.408262729644775
critical,4,ambiguous,long,comma,nonfinal,8,10,the,0.908332586288452
critical,4,ambiguous,long,comma,nonfinal,8,11,room.,5.50142240524292
critical,4,unambiguous,short,comma,nonfinal,6,0,As,7.8977556228637695
critical,4,unambiguous,short,comma,nonfinal,6,1,the,2.5009360313415527
critical,4,unambiguous,short,comma,nonfinal,6,2,child,12.86805248260498
critical,4,unambiguous,short,comma,nonfinal,6,3,"showered,",25.08251428604126
critical,4,unambiguous,short,comma,nonfinal,6,4,the,2.4290692806243896
critical,4,unambiguous,short,comma,nonfinal,6,5,cat,9.077532768249512
critical,4,unambiguous,short,comma,nonfinal,6,6,ran,6.589694023132324
critical,4,unambiguous,short,comma,nonfinal,6,7,around,3.050468683242798
critical,4,unambiguous,short,comma,nonfinal,6,8,the,1.0066956281661987
critical,4,unambiguous,short,comma,nonfinal,6,9,room.,4.218310594558716
critical,4,unambiguous,long,comma,nonfinal,8,0,As,7.8977556228637695
critical,4,unambiguous,long,comma,nonfinal,8,1,the,2.5009360313415527
critical,4,unambiguous,long,comma,nonfinal,8,2,child,12.86805248260498
critical,4,unambiguous,long,comma,nonfinal,8,3,"showered,",25.08251428604126
critical,4,unambiguous,long,comma,nonfinal,8,4,the,2.4290692806243896
critical,4,unambiguous,long,comma,nonfinal,8,5,cat,9.077532768249512
critical,4,unambiguous,long,comma,nonfinal,8,6,complaining,21.94435691833496
critical,4,unambiguous,long,comma,nonfinal,8,7,loudly,5.334588050842285
critical,4,unambiguous,long,comma,nonfinal,8,8,ran,9.980324745178224
critical,4,unambiguous,long,comma,nonfinal,8,9,around,4.302367687225342
critical,4,unambiguous,long,comma,nonfinal,8,10,the,0.874282717704773
critical,4,unambiguous,long,comma,nonfinal,8,11,room.,3.751472592353821
critical,5,ambiguous,short,comma,final,6,0,When,8.470284461975098
critical,5,ambiguous,short,comma,final,6,1,the,3.306835651397705
critical,5,ambiguous,short,comma,final,6,2,family,8.481155395507812
critical,5,ambiguous,short,comma,final,6,3,moved,3.8881094455718994
critical,5,ambiguous,short,comma,final,6,4,the,8.701964378356934
critical,5,ambiguous,short,comma,final,6,5,vases,21.07229423522949
critical,5,ambiguous,short,comma,final,6,6,broke.,11.236557006835938
critical,5,ambiguous,long,comma,final,9,0,When,8.470284461975098
critical,5,ambiguous,long,comma,final,9,1,the,3.306835651397705
critical,5,ambiguous,long,comma,final,9,2,family,8.481155395507812
critical,5,ambiguous,long,comma,final,9,3,moved,3.8881094455718994
critical,5,ambiguous,long,comma,final,9,4,the,8.701964378356934
critical,5,ambiguous,long,comma,final,9,5,vases,21.07229423522949
critical,5,ambiguous,long,comma,final,9,6,made,9.06056308746338
critical,5,ambiguous,long,comma,final,9,7,of,2.5165271759033203
critical,5,ambiguous,long,comma,final,9,8,porcelain,4.553349494934082
critical,5,ambiguous,long,comma,final,9,9,broke.,9.965982794761658
critical,5,unambiguous,short,comma,final,6,0,When,8.470284461975098
critical,5,unambiguous,short,comma,final,6,1,the,3.306835651397705
critical,5,unambiguous,short,comma,final,6,2,family,8.481155395507812
critical,5,unambiguous,short,comma,final,6,3,"moved,",8.530953168869019
critical,5,unambiguous,short,comma,final,6,4,the,2.143390893936157
critical,5,unambiguous,short,comma,final,6,5,vases,20.471923828125
critical,5,unambiguous,short,comma,final,6,6,broke.,9.083529472351074
critical,5,unambiguous,long,comma,final,9,0,When,8.470284461975098
critical,5,unambiguous,long,comma,final,9,1,the,3.306835651397705
critical,5,unambiguous,long,comma,final,9,2,family,8.481155395507812
critical,5,unambiguous,long,comma,final,9,3,"moved,",8.530953168869019
critical,5,unambiguous,long,comma,final,9,4,the,2.143390893936157
critical,5,unambiguous,long,comma,final,9,5,vases,20.471923828125
critical,5,unambiguous,long,comma,final,9,6,made,8.13521957397461
critical,5,unambiguous,long,comma,final,9,7,of,5.031670093536377
critical,5,unambiguous,long,comma,final,9,8,porcelain,4.342366695404053
critical,5,unambiguous,long,comma,final,9,9,broke.,9.0516437292099
critical,6,ambiguous,short,comma,nonfinal,7,0,After,9.363202095031738
critical,6,ambiguous,short,comma,nonfinal,7,1,the,2.855858564376831
critical,6,ambiguous,short,comma,nonfinal,7,2,new,8.154762268066406
critical,6,ambiguous,short,comma,nonfinal,7,3,doctor,13.631175994873049
critical,6,ambiguous,short,comma,nonfinal,7,4,left,6.624535083770752
critical,6,ambiguous,short,comma,nonfinal,7,5,the,2.459423542022705
critical,6,ambiguous,short,comma,nonfinal,7,6,operation,10.621867179870604
critical,6,ambiguous,short,comma,nonfinal,7,7,appeared,16.77675437927246
critical,6,ambiguous,short,comma,nonfinal,7,8,more,6.873512268066406
critical,6,ambiguous,short,comma,nonfinal,7,9,likely,9.25327205657959
critical,6,ambiguous,short,comma,nonfinal,7,10,to,1.1876873970031738
critical,6,ambiguous,short,comma,nonfinal,7,11,succeed.,7.065369129180908
critical,6,ambiguous,long,comma,nonfinal,10,0,After,9.363202095031738
critical,6,ambiguous,long,comma,nonfinal,10,1,the,2.855858564376831
critical,6,ambiguous,long,comma,nonfinal,10,2,new,8.154762268066406
critical,6,ambiguous,long,comma,nonfinal,10,3,doctor,13.631175994873049
critical,6,ambiguous,long,comma,nonfinal,10,4,left,6.624535083770752
critical,6,ambiguous,long,comma,nonfinal,10,5,the,2.459423542022705
critical,6,ambiguous,long,comma,nonfinal,10,6,operation,10.621867179870604
critical,6,ambiguous,long,comma,nonfinal,10,7,on,7.2873921394348145
critical,6,ambiguous,long,comma,nonfinal,10,8,the,1.5649981498718262
critical,6,ambiguous,long,comma,nonfinal,10,9,brain,5.921080589294434
critical,6,ambiguous,long,comma,nonfinal,10,10,appeared,13.979864120483398
critical,6,ambiguous,long,comma,nonfinal,10,11,more,7.672835350036621
critical,6,ambiguous,long,comma,nonfinal,10,12,likely,9.666722297668455
critical,6,ambiguous,long,comma,nonfinal,10,13,to,1.126098394393921
critical,6,ambiguous,long,comma,nonfinal,10,14,succeed.,9.230854868888857
critical,6,unambiguous,short,comma,nonfinal,7,0,After,9.363202095031738
critical,6,unambiguous,short,comma,nonfinal,7,1,the,2.855858564376831
critical,6,unambiguous,short,comma,nonfinal,7,2,new,8.154762268066406
critical,6,unambiguous,short,comma,nonfinal,7,3,doctor,13.631175994873049
critical,6,unambiguous,short,comma,nonfinal,7,4,"left,",8.333129048347473
critical,6,unambiguous,short,comma,nonfinal,7,5,the,2.5739309787750244
critical,6,unambiguous,short,comma,nonfinal,7,6,operation,11.356942176818848
critical,6,unambiguous,short,comma,nonfinal,7,7,appeared,11.401318550109863
critical,6,unambiguous,short,comma,nonfinal,7,8,more,6.9005656242370605
critical,6,unambiguous,short,comma,nonfinal,7,9,likely,9.644304275512695
critical,6,unambiguous,short,comma,nonfinal,7,10,to,1.5430035591125488
critical,6,unambiguous,short,comma,nonfinal,7,11,succeed.,2.905331790447235
critical,6,unambiguous,long,comma,nonfinal,10,0,After,9.363202095031738
critical,6,unambiguous,long,comma,nonfinal,10,1,the,2.855858564376831
critical,6,unambiguous,long,comma,nonfinal,10,2,new,8.154762268066406
critical,6,unambiguous,long,comma,nonfinal,10,3,doctor,13.631175994873049
critical,6,unambiguous,long,comma,nonfinal,10,4,"left,",8.333129048347473
critical,6,unambiguous,long,comma,nonfinal,10,5,the,2.5739309787750244
critical,6,unambiguous,long,comma,nonfinal,10,6,operation,11.356942176818848
critical,6,unambiguous,long,comma,nonfinal,10,7,on,6.263869762420654
critical,6,unambiguous,long,comma,nonfinal,10,8,the,1.520026683807373
critical,6,unambiguous,long,comma,nonfinal,10,9,brain,6.353333473205566
critical,6,unambiguous,long,comma,nonfinal,10,10,appeared,9.27019500732422
critical,6,unambiguous,long,comma,nonfinal,10,11,more,6.475656032562256
critical,6,unambiguous,long,comma,nonfinal,10,12,likely,9.264060020446776
critical,6,unambiguous,long,comma,nonfinal,10,13,to,1.7963216304779053
critical,6,unambiguous,long,comma,nonfinal,10,14,succeed.,2.874451994895935
critical,7,ambiguous,short,comma,final,6,0,While,11.34129524230957
critical,7,ambiguous,short,comma,final,6,1,the,2.07014274597168
critical,7,ambiguous,short,comma,final,6,2,mom,20.4437198638916
critical,7,ambiguous,short,comma,final,6,3,dressed,13.975106239318848
critical,7,ambiguous,short,comma,final,6,4,the,4.516913890838623
critical,7,ambiguous,short,comma,final,6,5,baby,2.284818410873413
critical,7,ambiguous,short,comma,final,6,6,cried.,21.187126874923703
critical,7,ambiguous,long,comma,final,8,0,While,11.34129524230957
critical,7,ambiguous,long,comma,final,8,1,the,2.07014274597168
critical,7,ambiguous,long,comma,final,8,2,mom,20.4437198638916
critical,7,ambiguous,long,comma,final,8,3,dressed,13.975106239318848
critical,7,ambiguous,long,comma,final,8,4,the,4.516913890838623
critical,7,ambiguous,long,comma,final,8,5,baby,2.284818410873413
critical,7,ambiguous,long,comma,final,8,6,she,8.637645721435547
critical,7,ambiguous,long,comma,final,8,7,adored,15.536282539367676
critical,7,ambiguous,long,comma,final,8,8,cried.,19.70454478263855
critical,7,unambiguous,short,comma,final,6,0,While,11.34129524230957
critical,7,unambiguous,short,comma,final,6,1,the,2.07014274597168
critical,7,unambiguous,short,comma,final,6,2,mom,20.4437198638916
critical,7,unambiguous,short,comma,final,6,3,"dressed,",20.742689609527588
critical,7,unambiguous,short,comma,final,6,4,the,1.2104827165603638
critical,7,unambiguous,short,comma,final,6,5,baby,2.8253090381622314
critical,7,unambiguous,short,comma,final,6,6,cried.,6.9524277448654175
critical,7,unambiguous,long,comma,final,8,0,While,11.34129524230957
critical,7,unambiguous,long,comma,final,8,1,the,2.07014274597168
critical,7,unambiguous,long,comma,final,8,2,mom,20.4437198638916
critical,7,unambiguous,long,comma,final,8,3,"dressed,",20.742689609527588
critical,7,unambiguous,long,comma,final,8,4,the,1.2104827165603638
critical,7,unambiguous,long,comma,final,8,5,baby,2.8253090381622314
critical,7,unambiguous,long,comma,final,8,6,she,11.921245574951172
critical,7,unambiguous,long,comma,final,8,7,adored,10.49310302734375
critical,7,unambiguous,long,comma,final,8,8,cried.,7.951118230819702
critical,8,ambiguous,short,comma,nonfinal,6,0,As,7.8977556228637695
critical,8,ambiguous,short,comma,nonfinal,6,1,the,2.5009360313415527
critical,8,ambiguous,short,comma,nonfinal,6,2,crowd,15.087637901306152
critical,8,ambiguous,short,comma,nonfinal,6,3,applauded,9.67408847808838
critical,8,ambiguous,short,comma,nonfinal,6,4,the,2.659806728363037
critical,8,ambiguous,short,comma,nonfinal,6,5,cast,9.454702377319336
critical,8,ambiguous,short,comma,nonfinal,6,6,came,11.813440322875977
critical,8,ambiguous,short,comma,nonfinal,6,7,back,3.265504837036133
critical,8,ambiguous,short,comma,nonfinal,6,8,on,1.442414402961731
critical,8,ambiguous,short,comma,nonfinal,6,9,stage,0.4077199697494507
critical,8,ambiguous,short,comma,nonfinal,6,10,and,2.896146535873413
critical,8,ambiguous,short,comma,nonfinal,6,11,waived.,18.25064253807068
critical,8,ambiguous,long,comma,nonfinal,9,0,As,7.8977556228637695
critical,8,ambiguous,long,comma,nonfinal,9,1,the,2.5009360313415527
critical,8,ambiguous,long,comma,nonfinal,9,2,crowd,15.087637901306152
critical,8,ambiguous,long,comma,nonfinal,9,3,applauded,9.67408847808838
critical,8,ambiguous,long,comma,nonfinal,9,4,the,2.659806728363037
critical,8,ambiguous,long,comma,nonfinal,9,5,cast,9.454702377319336
critical,8,ambiguous,long,comma,nonfinal,9,6,for,4.822996139526367
critical,8,ambiguous,long,comma,nonfinal,9,7,the,2.519411087036133
critical,8,ambiguous,long,comma,nonfinal,9,8,play,4.244284152984619
critical,8,ambiguous,long,comma,nonfinal,9,9,came,16.62819480895996
critical,8,ambiguous,long,comma,nonfinal,9,10,back,4.777248859405518
critical,8,ambiguous,long,comma,nonfinal,9,11,on,1.679967761039734
critical,8,ambiguous,long,comma,nonfinal,9,12,stage,0.3831855952739715
critical,8,ambiguous,long,comma,nonfinal,9,13,and,4.081151008605957
critical,8,ambiguous,long,comma,nonfinal,9,14,waived.,18.211217880249023
critical,8,unambiguous,short,comma,nonfinal,6,0,As,7.8977556228637695
critical,8,unambiguous,short,comma,nonfinal,6,1,the,2.5009360313415527
critical,8,unambiguous,short,comma,nonfinal,6,2,crowd,15.087637901306152
critical,8,unambiguous,short,comma,nonfinal,6,3,"applauded,",11.154611468315125
critical,8,unambiguous,short,comma,nonfinal,6,4,the,1.4976826906204224
critical,8,unambiguous,short,comma,nonfinal,6,5,cast,8.70923137664795
critical,8,unambiguous,short,comma,nonfinal,6,6,came,6.196025848388672
critical,8,unambiguous,short,comma,nonfinal,6,7,back,3.340816736221313
critical,8,unambiguous,short,comma,nonfinal,6,8,on,1.590261697769165
critical,8,unambiguous,short,comma,nonfinal,6,9,stage,0.3198904693126678
critical,8,unambiguous,short,comma,nonfinal,6,10,and,2.904376983642578
critical,8,unambiguous,short,comma,nonfinal,6,11,waived.,17.764636754989624
critical,8,unambiguous,long,comma,nonfinal,9,0,As,7.8977556228637695
critical,8,unambiguous,long,comma,nonfinal,9,1,the,2.5009360313415527
critical,8,unambiguous,long,comma,nonfinal,9,2,crowd,15.087637901306152
critical,8,unambiguous,long,comma,nonfinal,9,3,"applauded,",11.154611468315125
critical,8,unambiguous,long,comma,nonfinal,9,4,the,1.4976826906204224
critical,8,unambiguous,long,comma,nonfinal,9,5,cast,8.70923137664795
critical,8,unambiguous,long,comma,nonfinal,9,6,for,8.108236312866211
critical,8,unambiguous,long,comma,nonfinal,9,7,the,1.255544900894165
critical,8,unambiguous,long,comma,nonfinal,9,8,play,4.695211887359619
critical,8,unambiguous,long,comma,nonfinal,9,9,came,7.654523849487305
critical,8,unambiguous,long,comma,nonfinal,9,10,back,5.158681392669678
critical,8,unambiguous,long,comma,nonfinal,9,11,on,1.325826644897461
critical,8,unambiguous,long,comma,nonfinal,9,12,stage,0.246642380952835
critical,8,unambiguous,long,comma,nonfinal,9,13,and,2.9673638343811035
critical,8,unambiguous,long,comma,nonfinal,9,14,waived.,17.076164484024048
critical,9,ambiguous,short,object,nonfinal,6,0,Because,15.85752010345459
critical,9,ambiguous,short,object,nonfinal,6,1,the,2.919984817504883
critical,9,ambiguous,short,object,nonfinal,6,2,mechanic,20.13726234436035
critical,9,ambiguous,short,object,nonfinal,6,3,stopped,10.930465698242188
critical,9,ambiguous,short,object,nonfinal,6,4,the,3.606157064437866
critical,9,ambiguous,short,object,nonfinal,6,5,truck,5.322117328643799
critical,9,ambiguous,short,object,nonfinal,6,6,needed,17.033702850341797
critical,9,ambiguous,short,object,nonfinal,6,7,several,9.911734580993652
critical,9,ambiguous,short,object,nonfinal,6,8,more,6.016899585723877
critical,9,ambiguous,short,object,nonfinal,6,9,hours,2.415167570114136
critical,9,ambiguous,short,object,nonfinal,6,10,before,6.799941062927246
critical,9,ambiguous,short,object,nonfinal,6,11,it,2.105733633041382
critical,9,ambiguous,short,object,nonfinal,6,12,was,1.6413143873214722
critical,9,ambiguous,short,object,nonfinal,6,13,ready.,3.932376503944397
critical,9,ambiguous,long,object,nonfinal,8,0,Because,15.85752010345459
critical,9,ambiguous,long,object,nonfinal,8,1,the,2.919984817504883
critical,9,ambiguous,long,object,nonfinal,8,2,mechanic,20.13726234436035
critical,9,ambiguous,long,object,nonfinal,8,3,stopped,10.930465698242188
critical,9,ambiguous,long,object,nonfinal,8,4,the,3.606157064437866
critical,9,ambiguous,long,object,nonfinal,8,5,truck,5.322117328643799
critical,9,ambiguous,long,object,nonfinal,8,6,leaking,15.273505210876465
critical,9,ambiguous,long,object,nonfinal,8,7,oil,2.040201187133789
critical,9,ambiguous,long,object,nonfinal,8,8,needed,15.81265354156494
critical,9,ambiguous,long,object,nonfinal,8,9,several,11.64601993560791
critical,9,ambiguous,long,object,nonfinal,8,10,more,5.925640106201172
critical,9,ambiguous,long,object,nonfinal,8,11,hours,2.765453577041626
critical,9,ambiguous,long,object,nonfinal,8,12,before,6.859394550323486
critical,9,ambiguous,long,object,nonfinal,8,13,it,2.850820302963257
critical,9,ambiguous,long,object,nonfinal,8,14,was,1.4843010902404783
critical,9,ambiguous,long,object,nonfinal,8,15,ready.,4.597828269004822
critical,9,unambiguous,short,object,nonfinal,8,0,Because,15.85752010345459
critical,9,unambiguous,short,object,nonfinal,8,1,the,2.919984817504883
critical,9,unambiguous,short,object,nonfinal,8,2,mechanic,20.13726234436035
critical,9,unambiguous,short,object,nonfinal,8,3,stopped,10.930465698242188
critical,9,unambiguous,short,object,nonfinal,8,4,the,3.606157064437866
critical,9,unambiguous,short,object,nonfinal,8,5,repairs,9.424578666687012
critical,9,unambiguous,short,object,nonfinal,8,6,the,6.789421081542969
critical,9,unambiguous,short,object,nonfinal,8,7,truck,7.598392963409424
critical,9,unambiguous,short,object,nonfinal,8,8,needed,7.253696918487549
critical,9,unambiguous,short,object,nonfinal,8,9,several,9.811959266662598
critical,9,unambiguous,short,object,nonfinal,8,10,more,5.247931003570557
critical,9,unambiguous,short,object,nonfinal,8,11,hours,5.541036128997803
critical,9,unambiguous,short,object,nonfinal,8,12,before,4.74796199798584
critical,9,unambiguous,short,object,nonfinal,8,13,it,1.3329041004180908
critical,9,unambiguous,short,object,nonfinal,8,14,was,1.4092203378677368
critical,9,unambiguous,short,object,nonfinal,8,15,ready.,3.839970707893372
critical,9,unambiguous,long,object,nonfinal,10,0,Because,15.85752010345459
critical,9,unambiguous,long,object,nonfinal,10,1,the,2.919984817504883
critical,9,unambiguous,long,object,nonfinal,10,2,mechanic,20.13726234436035
critical,9,unambiguous,long,object,nonfinal,10,3,stopped,10.930465698242188
critical,9,unambiguous,long,object,nonfinal,10,4,the,3.606157064437866
critical,9,unambiguous,long,object,nonfinal,10,5,repairs,9.424578666687012
critical,9,unambiguous,long,object,nonfinal,10,6,the,6.789421081542969
critical,9,unambiguous,long,object,nonfinal,10,7,truck,7.598392963409424
critical,9,unambiguous,long,object,nonfinal,10,8,leaking,18.65229797363281
critical,9,unambiguous,long,object,nonfinal,10,9,oil,2.450364828109741
critical,9,unambiguous,long,object,nonfinal,10,10,needed,11.720653533935549
critical,9,unambiguous,long,object,nonfinal,10,11,several,11.923203468322754
critical,9,unambiguous,long,object,nonfinal,10,12,more,3.9108359813690186
critical,9,unambiguous,long,object,nonfinal,10,13,hours,3.404070377349853
critical,9,unambiguous,long,object,nonfinal,10,14,before,6.896039009094238
critical,9,unambiguous,long,object,nonfinal,10,15,it,1.8900370597839355
critical,9,unambiguous,long,object,nonfinal,10,16,was,1.6077791452407837
critical,9,unambiguous,long,object,nonfinal,10,17,ready.,4.377561092376709
critical,10,ambiguous,short,comma,nonfinal,6,0,When,8.470284461975098
critical,10,ambiguous,short,comma,nonfinal,6,1,the,3.306835651397705
critical,10,ambiguous,short,comma,nonfinal,6,2,boy,12.583577156066896
critical,10,ambiguous,short,comma,nonfinal,6,3,hid,16.32817840576172
critical,10,ambiguous,short,comma,nonfinal,6,4,his,2.8002023696899414
critical,10,ambiguous,short,comma,nonfinal,6,5,toy,7.83580207824707
critical,10,ambiguous,short,comma,nonfinal,6,6,fell,16.813512802124023
critical,10,ambiguous,short,comma,nonfinal,6,7,off,3.981802940368652
critical,10,ambiguous,short,comma,nonfinal,6,8,the,1.0896490812301636
critical,10,ambiguous,short,comma,nonfinal,6,9,table.,3.913557410240173
critical,10,ambiguous,long,comma,nonfinal,8,0,When,8.470284461975098
critical,10,ambiguous,long,comma,nonfinal,8,1,the,3.306835651397705
critical,10,ambiguous,long,comma,nonfinal,8,2,boy,12.583577156066896
critical,10,ambiguous,long,comma,nonfinal,8,3,hid,16.32817840576172
critical,10,ambiguous,long,comma,nonfinal,8,4,his,2.8002023696899414
critical,10,ambiguous,long,comma,nonfinal,8,5,toy,7.83580207824707
critical,10,ambiguous,long,comma,nonfinal,8,6,from,4.217916965484619
critical,10,ambiguous,long,comma,nonfinal,8,7,childhood,17.65486717224121
critical,10,ambiguous,long,comma,nonfinal,8,8,fell,15.172447204589844
critical,10,ambiguous,long,comma,nonfinal,8,9,off,5.707426071166992
critical,10,ambiguous,long,comma,nonfinal,8,10,the,1.3213385343551636
critical,10,ambiguous,long,comma,nonfinal,8,11,table.,5.835266828536987
critical,10,unambiguous,short,comma,nonfinal,6,0,When,8.470284461975098
critical,10,unambiguous,short,comma,nonfinal,6,1,the,3.306835651397705
critical,10,unambiguous,short,comma,nonfinal,6,2,boy,12.583577156066896
critical,10,unambiguous,short,comma,nonfinal,6,3,"hid,",20.441593170166016
critical,10,unambiguous,short,comma,nonfinal,6,4,his,3.462407112121582
critical,10,unambiguous,short,comma,nonfinal,6,5,toy,14.123766899108888
critical,10,unambiguous,short,comma,nonfinal,6,6,fell,3.81203818321228
critical,10,unambiguous,short,comma,nonfinal,6,7,off,4.023975849151611
critical,10,unambiguous,short,comma,nonfinal,6,8,the,1.0366756916046145
critical,10,unambiguous,short,comma,nonfinal,6,9,table.,3.073861062526703
critical,10,unambiguous,long,comma,nonfinal,8,0,When,8.470284461975098
critical,10,unambiguous,long,comma,nonfinal,8,1,the,3.306835651397705
critical,10,unambiguous,long,comma,nonfinal,8,2,boy,12.583577156066896
critical,10,unambiguous,long,comma,nonfinal,8,3,"hid,",20.441593170166016
critical,10,unambiguous,long,comma,nonfinal,8,4,his,3.462407112121582
critical,10,unambiguous,long,comma,nonfinal,8,5,toy,14.123766899108888
critical,10,unambiguous,long,comma,nonfinal,8,6,from,9.06606674194336
critical,10,unambiguous,long,comma,nonfinal,8,7,childhood,9.488443374633787
critical,10,unambiguous,long,comma,nonfinal,8,8,fell,4.42434024810791
critical,10,unambiguous,long,comma,nonfinal,8,9,off,4.791621208190918
critical,10,unambiguous,long,comma,nonfinal,8,10,the,1.545587420463562
critical,10,unambiguous,long,comma,nonfinal,8,11,table.,3.4105535745620728
critical,11,ambiguous,short,comma,final,10,0,Whenever,19.598634719848636
critical,11,ambiguous,short,comma,final,10,1,the,4.178014278411865
critical,11,ambiguous,short,comma,final,10,2,wildlife,20.202505111694336
critical,11,ambiguous,short,comma,final,10,3,documentary,8.53773021697998
critical,11,ambiguous,short,comma,final,10,4,crew,7.872990131378174
critical,11,ambiguous,short,comma,final,10,5,tries,8.49294376373291
critical,11,ambiguous,short,comma,final,10,6,to,0.0969376787543296
critical,11,ambiguous,short,comma,final,10,7,film,2.754889726638794
critical,11,ambiguous,short,comma,final,10,8,the,2.438215970993042
critical,11,ambiguous,short,comma,final,10,9,bear,7.4504780769348145
critical,11,ambiguous,short,comma,final,10,10,leaves.,23.416407585144043
critical,11,ambiguous,long,comma,final,12,0,Whenever,19.598634719848636
critical,11,ambiguous,long,comma,final,12,1,the,4.178014278411865
critical,11,ambiguous,long,comma,final,12,2,wildlife,20.202505111694336
critical,11,ambiguous,long,comma,final,12,3,documentary,8.53773021697998
critical,11,ambiguous,long,comma,final,12,4,crew,7.872990131378174
critical,11,ambiguous,long,comma,final,12,5,tries,8.49294376373291
critical,11,ambiguous,long,comma,final,12,6,to,0.0969376787543296
critical,11,ambiguous,long,comma,final,12,7,film,2.754889726638794
critical,11,ambiguous,long,comma,final,12,8,the,2.438215970993042
critical,11,ambiguous,long,comma,final,12,9,bear,7.4504780769348145
critical,11,ambiguous,long,comma,final,12,10,hunting,8.679848670959473
critical,11,ambiguous,long,comma,final,12,11,cautiously,21.524492263793945
critical,11,ambiguous,long,comma,final,12,12,leaves.,20.206499099731445
critical,11,unambiguous,short,comma,final,10,0,Whenever,19.598634719848636
critical,11,unambiguous,short,comma,final,10,1,the,4.178014278411865
critical,11,unambiguous,short,comma,final,10,2,wildlife,20.202505111694336
critical,11,unambiguous,short,comma,final,10,3,documentary,8.53773021697998
critical,11,unambiguous,short,comma,final,10,4,crew,7.872990131378174
critical,11,unambiguous,short,comma,final,10,5,tries,8.49294376373291
critical,11,unambiguous,short,comma,final,10,6,to,0.0969376787543296
critical,11,unambiguous,short,comma,final,10,7,"film,",9.544170618057253
critical,11,unambiguous,short,comma,final,10,8,the,1.8674041032791135
critical,11,unambiguous,short,comma,final,10,9,bear,6.744384765625
critical,11,unambiguous,short,comma,final,10,10,leaves.,11.370258808135986
critical,11,unambiguous,long,comma,final,12,0,Whenever,19.598634719848636
critical,11,unambiguous,long,comma,final,12,1,the,4.178014278411865
critical,11,unambiguous,long,comma,final,12,2,wildlife,20.202505111694336
critical,11,unambiguous,long,comma,final,12,3,documentary,8.53773021697998
critical,11,unambiguous,long,comma,final,12,4,crew,7.872990131378174
critical,11,unambiguous,long,comma,final,12,5,tries,8.49294376373291
critical,11,unambiguous,long,comma,final,12,6,to,0.0969376787543296
critical,11,unambiguous,long,comma,final,12,7,"film,",9.544170618057253
critical,11,unambiguous,long,comma,final,12,8,the,1.8674041032791135
critical,11,unambiguous,long,comma,final,12,9,bear,6.744384765625
critical,11,unambiguous,long,comma,final,12,10,hunting,15.434233665466309
critical,11,unambiguous,long,comma,final,12,11,cautiously,19.951812744140625
critical,11,unambiguous,long,comma,final,12,12,leaves.,13.373353242874146
critical,12,ambiguous,short,object,nonfinal,6,0,After,9.363202095031738
critical,12,ambiguous,short,object,nonfinal,6,1,the,2.855858564376831
critical,12,ambiguous,short,object,nonfinal,6,2,tutor,26.76018714904785
critical,12,ambiguous,short,object,nonfinal,6,3,explained,7.187849998474121
critical,12,ambiguous,short,object,nonfinal,6,4,the,1.3755667209625244
critical,12,ambiguous,short,object,nonfinal,6,5,problem,4.486196517944336
critical,12,ambiguous,short,object,nonfinal,6,6,was,11.015665054321287
critical,12,ambiguous,short,object,nonfinal,6,7,no,8.462943077087402
critical,12,ambiguous,short,object,nonfinal,6,8,longer,0.9692419171333312
critical,12,ambiguous,short,object,nonfinal,6,9,difficult,6.2787675857543945
critical,12,ambiguous,short,object,nonfinal,6,10,for,3.3595283031463623
critical,12,ambiguous,short,object,nonfinal,6,11,the,2.5059797763824463
critical,12,ambiguous,short,object,nonfinal,6,12,student.,4.803475499153137
critical,12,ambiguous,long,object,nonfinal,9,0,After,9.363202095031738
critical,12,ambiguous,long,object,nonfinal,9,1,the,2.855858564376831
critical,12,ambiguous,long,object,nonfinal,9,2,tutor,26.76018714904785
critical,12,ambiguous,long,object,nonfinal,9,3,explained,7.187849998474121
critical,12,ambiguous,long,object,nonfinal,9,4,the,1.3755667209625244
critical,12,ambiguous,long,object,nonfinal,9,5,problem,4.486196517944336
critical,12,ambiguous,long,object,nonfinal,9,6,for,6.854592800140381
critical,12,ambiguous,long,object,nonfinal,9,7,extra,14.11888313293457
critical,12,ambiguous,long,object,nonfinal,9,8,credit,3.6922335624694815
critical,12,ambiguous,long,object,nonfinal,9,9,was,10.075214385986328
critical,12,ambiguous,long,object,nonfinal,9,10,no,8.852303504943848
critical,12,ambiguous,long,object,nonfinal,9,11,longer,1.261051058769226
critical,12,ambiguous,long,object,nonfinal,9,12,difficult,12.740678787231444
critical,12,ambiguous,long,object,nonfinal,9,13,for,3.032411813735962
critical,12,ambiguous,long,object,nonfinal,9,14,the,3.430385112762451
critical,12,ambiguous,long,object,nonfinal,9,15,student.,3.991409182548523
critical,12,unambiguous,short,object,nonfinal,8,0,After,9.363202095031738
critical,12,unambiguous,short,object,nonfinal,8,1,the,2.855858564376831
critical,12,unambiguous,short,object,nonfinal,8,2,tutor,26.76018714904785
critical,12,unambiguous,short,object,nonfinal,8,3,explained,7.187849998474121
critical,12,unambiguous,short,object,nonfinal,8,4,the,1.3755667209625244
critical,12,unambiguous,short,object,nonfinal,8,5,concepts,6.857988357543945
critical,12,unambiguous,short,object,nonfinal,8,6,the,8.806909561157227
critical,12,unambiguous,short,object,nonfinal,8,7,problem,6.939838409423828
critical,12,unambiguous,short,object,nonfinal,8,8,was,2.1336469650268555
critical,12,unambiguous,short,object,nonfinal,8,9,no,6.841944694519043
critical,12,unambiguous,short,object,nonfinal,8,10,longer,0.292362242937088
critical,12,unambiguous,short,object,nonfinal,8,11,difficult,3.250216245651245
critical,12,unambiguous,short,object,nonfinal,8,12,for,3.187534809112549
critical,12,unambiguous,short,object,nonfinal,8,13,the,3.797555685043335
critical,12,unambiguous,short,object,nonfinal,8,14,student.,1.8812782764434812
critical,12,unambiguous,long,object,nonfinal,11,0,After,9.363202095031738
critical,12,unambiguous,long,object,nonfinal,11,1,the,2.855858564376831
critical,12,unambiguous,long,object,nonfinal,11,2,tutor,26.76018714904785
critical,12,unambiguous,long,object,nonfinal,11,3,explained,7.187849998474121
critical,12,unambiguous,long,object,nonfinal,11,4,the,1.3755667209625244
critical,12,unambiguous,long,object,nonfinal,11,5,concepts,6.857988357543945
critical,12,unambiguous,long,object,nonfinal,11,6,the,8.806909561157227
critical,12,unambiguous,long,object,nonfinal,11,7,problem,6.939838409423828
critical,12,unambiguous,long,object,nonfinal,11,8,for,7.983787059783935
critical,12,unambiguous,long,object,nonfinal,11,9,extra,11.771198272705078
critical,12,unambiguous,long,object,nonfinal,11,10,credit,2.6634554862976074
critical,12,unambiguous,long,object,nonfinal,11,11,was,2.091256856918335
critical,12,unambiguous,long,object,nonfinal,11,12,no,8.270992279052734
critical,12,unambiguous,long,object,nonfinal,11,13,longer,0.5229758620262146
critical,12,unambiguous,long,object,nonfinal,11,14,difficult,3.975286722183228
critical,12,unambiguous,long,object,nonfinal,11,15,for,3.348287582397461
critical,12,unambiguous,long,object,nonfinal,11,16,the,5.053381443023682
critical,12,unambiguous,long,object,nonfinal,11,17,student.,2.603401839733124
critical,13,ambiguous,short,object,final,7,0,When,8.470284461975098
critical,13,ambiguous,short,object,final,7,1,the,3.306835651397705
critical,13,ambiguous,short,object,final,7,2,original,7.3058695793151855
critical,13,ambiguous,short,object,final,7,3,members,11.13170051574707
critical,13,ambiguous,short,object,final,7,4,left,6.903361797332764
critical,13,ambiguous,short,object,final,7,5,the,1.6908453702926636
critical,13,ambiguous,short,object,final,7,6,company,6.350411415100098
critical,13,ambiguous,short,object,final,7,7,failed.,19.526474237442017
critical,13,ambiguous,long,object,final,11,0,When,8.470284461975098
critical,13,ambiguous,long,object,final,11,1,the,3.306835651397705
critical,13,ambiguous,long,object,final,11,2,original,7.3058695793151855
critical,13,ambiguous,long,object,final,11,3,members,11.13170051574707
critical,13,ambiguous,long,object,final,11,4,left,6.903361797332764
critical,13,ambiguous,long,object,final,11,5,the,1.6908453702926636
critical,13,ambiguous,long,object,final,11,6,company,6.350411415100098
critical,13,ambiguous,long,object,final,11,7,that,7.507554531097412
critical,13,ambiguous,long,object,final,11,8,was,2.8580434322357178
critical,13,ambiguous,long,object,final,11,9,recently,12.340261459350586
critical,13,ambiguous,long,object,final,11,10,acquired,3.4120724201202397
critical,13,ambiguous,long,object,final,11,11,failed.,24.46227169036865
critical,13,unambiguous,short,object,final,10,0,When,8.470284461975098
critical,13,unambiguous,short,object,final,10,1,the,3.306835651397705
critical,13,unambiguous,short,object,final,10,2,original,7.3058695793151855
critical,13,unambiguous,short,object,final,10,3,members,11.13170051574707
critical,13,unambiguous,short,object,final,10,4,left,6.903361797332764
critical,13,unambiguous,short,object,final,10,5,the,1.6908453702926636
critical,13,unambiguous,short,object,final,10,6,engineering,20.514272689819336
critical,13,unambiguous,short,object,final,10,7,team,3.2863242626190186
critical,13,unambiguous,short,object,final,10,8,the,7.017775535583496
critical,13,unambiguous,short,object,final,10,9,company,3.005615472793579
critical,13,unambiguous,short,object,final,10,10,failed.,11.79287075996399
critical,13,unambiguous,long,object,final,14,0,When,8.470284461975098
critical,13,unambiguous,long,object,final,14,1,the,3.306835651397705
critical,13,unambiguous,long,object,final,14,2,original,7.3058695793151855
critical,13,unambiguous,long,object,final,14,3,members,11.13170051574707
critical,13,unambiguous,long,object,final,14,4,left,6.903361797332764
critical,13,unambiguous,long,object,final,14,5,the,1.6908453702926636
critical,13,unambiguous,long,object,final,14,6,engineering,20.514272689819336
critical,13,unambiguous,long,object,final,14,7,team,3.2863242626190186
critical,13,unambiguous,long,object,final,14,8,the,7.017775535583496
critical,13,unambiguous,long,object,final,14,9,company,3.005615472793579
critical,13,unambiguous,long,object,final,14,10,that,7.971943378448486
critical,13,unambiguous,long,object,final,14,11,was,2.9370949268341064
critical,13,unambiguous,long,object,final,14,12,recently,12.274162292480469
critical,13,unambiguous,long,object,final,14,13,acquired,2.6651806831359863
critical,13,unambiguous,long,object,final,14,14,failed.,15.689126014709473
critical,14,ambiguous,short,object,nonfinal,6,0,Because,15.85752010345459
critical,14,ambiguous,short,object,nonfinal,6,1,the,2.919984817504883
critical,14,ambiguous,short,object,nonfinal,6,2,student,12.090699195861816
critical,14,ambiguous,short,object,nonfinal,6,3,left,12.391594886779783
critical,14,ambiguous,short,object,nonfinal,6,4,the,1.5463992357254028
critical,14,ambiguous,short,object,nonfinal,6,5,backpack,13.353397369384766
critical,14,ambiguous,short,object,nonfinal,6,6,was,10.300016403198242
critical,14,ambiguous,short,object,nonfinal,6,7,put,7.983123779296875
critical,14,ambiguous,short,object,nonfinal,6,8,in,1.5410140752792358
critical,14,ambiguous,short,object,nonfinal,6,9,lost,11.868474960327148
critical,14,ambiguous,short,object,nonfinal,6,10,and,0.5360355377197266
critical,14,ambiguous,short,object,nonfinal,6,11,found.,1.5898048244416714
critical,14,ambiguous,long,object,nonfinal,9,0,Because,15.85752010345459
critical,14,ambiguous,long,object,nonfinal,9,1,the,2.919984817504883
critical,14,ambiguous,long,object,nonfinal,9,2,student,12.090699195861816
critical,14,ambiguous,long,object,nonfinal,9,3,left,12.391594886779783
critical,14,ambiguous,long,object,nonfinal,9,4,the,1.5463992357254028
critical,14,ambiguous,long,object,nonfinal,9,5,backpack,13.353397369384766
critical,14,ambiguous,long,object,nonfinal,9,6,he,9.071483612060549
critical,14,ambiguous,long,object,nonfinal,9,7,just,8.325435638427734
critical,14,ambiguous,long,object,nonfinal,9,8,bought,3.31373143196106
critical,14,ambiguous,long,object,nonfinal,9,9,was,7.973594665527344
critical,14,ambiguous,long,object,nonfinal,9,10,put,7.869876384735107
critical,14,ambiguous,long,object,nonfinal,9,11,in,1.2989065647125244
critical,14,ambiguous,long,object,nonfinal,9,12,lost,13.630681991577148
critical,14,ambiguous,long,object,nonfinal,9,13,and,0.5154388546943665
critical,14,ambiguous,long,object,nonfinal,9,14,found.,2.1224613282829523
critical,14,unambiguous,short,object,nonfinal,8,0,Because,15.85752010345459
critical,14,unambiguous,short,object,nonfinal,8,1,the,2.919984817504883
critical,14,unambiguous,short,object,nonfinal,8,2,student,12.090699195861816
critical,14,unambiguous,short,object,nonfinal,8,3,left,12.391594886779783
critical,14,unambiguous,short,object,nonfinal,8,4,the,1.5463992357254028
critical,14,unambiguous,short,object,nonfinal,8,5,room,3.713567733764648
critical,14,unambiguous,short,object,nonfinal,8,6,the,6.906729698181152
critical,14,unambiguous,short,object,nonfinal,8,7,backpack,18.45026588439941
critical,14,unambiguous,short,object,nonfinal,8,8,was,2.187561511993408
critical,14,unambiguous,short,object,nonfinal,8,9,put,7.755334854125977
critical,14,unambiguous,short,object,nonfinal,8,10,in,1.893922448158264
critical,14,unambiguous,short,object,nonfinal,8,11,lost,12.380372047424316
critical,14,unambiguous,short,object,nonfinal,8,12,and,0.5458977222442627
critical,14,unambiguous,short,object,nonfinal,8,13,found.,1.3375462889671326
critical,14,unambiguous,long,object,nonfinal,11,0,Because,15.85752010345459
critical,14,unambiguous,long,object,nonfinal,11,1,the,2.919984817504883
critical,14,unambiguous,long,object,nonfinal,11,2,student,12.090699195861816
critical,14,unambiguous,long,object,nonfinal,11,3,left,12.391594886779783
critical,14,unambiguous,long,object,nonfinal,11,4,the,1.5463992357254028
critical,14,unambiguous,long,object,nonfinal,11,5,room,3.713567733764648
critical,14,unambiguous,long,object,nonfinal,11,6,the,6.906729698181152
critical,14,unambiguous,long,object,nonfinal,11,7,backpack,18.45026588439941
critical,14,unambiguous,long,object,nonfinal,11,8,he,6.099431991577148
critical,14,unambiguous,long,object,nonfinal,11,9,just,8.574707984924316
critical,14,unambiguous,long,object,nonfinal,11,10,bought,4.475907802581787
critical,14,unambiguous,long,object,nonfinal,11,11,was,2.265834331512451
critical,14,unambiguous,long,object,nonfinal,11,12,put,7.99289083480835
critical,14,unambiguous,long,object,nonfinal,11,13,in,1.9447826147079468
critical,14,unambiguous,long,object,nonfinal,11,14,lost,11.546514511108398
critical,14,unambiguous,long,object,nonfinal,11,15,and,0.2590884268283844
critical,14,unambiguous,long,object,nonfinal,11,16,found.,0.7337990440428257
critical,15,ambiguous,short,object,nonfinal,7,0,Once,15.265670776367188
critical,15,ambiguous,short,object,nonfinal,7,1,the,3.457420825958252
critical,15,ambiguous,short,object,nonfinal,7,2,new,5.647040843963623
critical,15,ambiguous,short,object,nonfinal,7,3,assistant,16.316757202148438
critical,15,ambiguous,short,object,nonfinal,7,4,started,11.472991943359377
critical,15,ambiguous,short,object,nonfinal,7,5,the,5.319153785705566
critical,15,ambiguous,short,object,nonfinal,7,6,job,3.5432112216949463
critical,15,ambiguous,short,object,nonfinal,7,7,became,13.59671401977539
critical,15,ambiguous,short,object,nonfinal,7,8,much,3.841564178466797
critical,15,ambiguous,short,object,nonfinal,7,9,easier,0.9899926781654358
critical,15,ambiguous,short,object,nonfinal,7,10,for,3.6707756519317623
critical,15,ambiguous,short,object,nonfinal,7,11,her,4.016141414642334
critical,15,ambiguous,short,object,nonfinal,7,12,boss.,5.301545262336731
critical,15,ambiguous,long,object,nonfinal,11,0,Once,15.265670776367188
critical,15,ambiguous,long,object,nonfinal,11,1,the,3.457420825958252
critical,15,ambiguous,long,object,nonfinal,11,2,new,5.647040843963623
critical,15,ambiguous,long,object,nonfinal,11,3,assistant,16.316757202148438
critical,15,ambiguous,long,object,nonfinal,11,4,started,11.472991943359377
critical,15,ambiguous,long,object,nonfinal,11,5,the,5.319153785705566
critical,15,ambiguous,long,object,nonfinal,11,6,job,3.5432112216949463
critical,15,ambiguous,long,object,nonfinal,11,7,as,6.942653179168701
critical,15,ambiguous,long,object,nonfinal,11,8,an,3.1439638137817383
critical,15,ambiguous,long,object,nonfinal,11,9,executive,5.453556060791016
critical,15,ambiguous,long,object,nonfinal,11,10,manager,7.825667381286621
critical,15,ambiguous,long,object,nonfinal,11,11,became,14.304031372070312
critical,15,ambiguous,long,object,nonfinal,11,12,much,6.743830680847168
critical,15,ambiguous,long,object,nonfinal,11,13,easier,1.3059316873550415
critical,15,ambiguous,long,object,nonfinal,11,14,for,2.8084189891815186
critical,15,ambiguous,long,object,nonfinal,11,15,her,3.3430399894714355
critical,15,ambiguous,long,object,nonfinal,11,16,boss.,5.301383197307587
critical,15,unambiguous,short,object,nonfinal,8,0,Once,15.265670776367188
critical,15,unambiguous,short,object,nonfinal,8,1,the,3.457420825958252
critical,15,unambiguous,short,object,nonfinal,8,2,new,5.647040843963623
critical,15,unambiguous,short,object,nonfinal,8,3,assistant,16.316757202148438
critical,15,unambiguous,short,object,nonfinal,8,4,started,11.472991943359377
critical,15,unambiguous,short,object,nonfinal,8,5,work,4.27884578704834
critical,15,unambiguous,short,object,nonfinal,8,6,the,6.200004577636719
critical,15,unambiguous,short,object,nonfinal,8,7,job,8.255167007446289
critical,15,unambiguous,short,object,nonfinal,8,8,became,3.686157703399658
critical,15,unambiguous,short,object,nonfinal,8,9,much,3.817029714584351
critical,15,unambiguous,short,object,nonfinal,8,10,easier,0.7623701691627502
critical,15,unambiguous,short,object,nonfinal,8,11,for,3.432680130004883
critical,15,unambiguous,short,object,nonfinal,8,12,her,4.558120727539063
critical,15,unambiguous,short,object,nonfinal,8,13,boss.,5.037839591503143
critical,15,unambiguous,long,object,nonfinal,12,0,Once,15.265670776367188
critical,15,unambiguous,long,object,nonfinal,12,1,the,3.457420825958252
critical,15,unambiguous,long,object,nonfinal,12,2,new,5.647040843963623
critical,15,unambiguous,long,object,nonfinal,12,3,assistant,16.316757202148438
critical,15,unambiguous,long,object,nonfinal,12,4,started,11.472991943359377
critical,15,unambiguous,long,object,nonfinal,12,5,work,4.27884578704834
critical,15,unambiguous,long,object,nonfinal,12,6,the,6.200004577636719
critical,15,unambiguous,long,object,nonfinal,12,7,job,8.255167007446289
critical,15,unambiguous,long,object,nonfinal,12,8,as,9.53592586517334
critical,15,unambiguous,long,object,nonfinal,12,9,an,4.345280647277832
critical,15,unambiguous,long,object,nonfinal,12,10,executive,4.967298984527588
critical,15,unambiguous,long,object,nonfinal,12,11,manager,7.88412618637085
critical,15,unambiguous,long,object,nonfinal,12,12,became,3.188032865524292
critical,15,unambiguous,long,object,nonfinal,12,13,much,4.40229082107544
critical,15,unambiguous,long,object,nonfinal,12,14,easier,0.7925373315811157
critical,15,unambiguous,long,object,nonfinal,12,15,for,3.3516199588775635
critical,15,unambiguous,long,object,nonfinal,12,16,her,4.086513996124268
critical,15,unambiguous,long,object,nonfinal,12,17,boss.,3.377106487751007
critical,16,ambiguous,short,object,nonfinal,8,0,When,8.470284461975098
critical,16,ambiguous,short,object,nonfinal,8,1,the,3.306835651397705
critical,16,ambiguous,short,object,nonfinal,8,2,magician,21.3874626159668
critical,16,ambiguous,short,object,nonfinal,8,3,tried,11.605224609375
critical,16,ambiguous,short,object,nonfinal,8,4,to,0.1997337639331817
critical,16,ambiguous,short,object,nonfinal,8,5,juggle,10.464177131652832
critical,16,ambiguous,short,object,nonfinal,8,6,the,2.7727179527282715
critical,16,ambiguous,short,object,nonfinal,8,7,torches,10.188033103942873
critical,16,ambiguous,short,object,nonfinal,8,8,fell,17.537979125976562
critical,16,ambiguous,short,object,nonfinal,8,9,down.,5.423336744308472
critical,16,ambiguous,long,object,nonfinal,10,0,When,8.470284461975098
critical,16,ambiguous,long,object,nonfinal,10,1,the,3.306835651397705
critical,16,ambiguous,long,object,nonfinal,10,2,magician,21.3874626159668
critical,16,ambiguous,long,object,nonfinal,10,3,tried,11.605224609375
critical,16,ambiguous,long,object,nonfinal,10,4,to,0.1997337639331817
critical,16,ambiguous,long,object,nonfinal,10,5,juggle,10.464177131652832
critical,16,ambiguous,long,object,nonfinal,10,6,the,2.7727179527282715
critical,16,ambiguous,long,object,nonfinal,10,7,torches,10.188033103942873
critical,16,ambiguous,long,object,nonfinal,10,8,burning,11.14806079864502
critical,16,ambiguous,long,object,nonfinal,10,9,dangerously,11.987884521484377
critical,16,ambiguous,long,object,nonfinal,10,10,fell,16.343435287475586
critical,16,ambiguous,long,object,nonfinal,10,11,down.,5.953758716583252
critical,16,unambiguous,short,object,nonfinal,10,0,When,8.470284461975098
critical,16,unambiguous,short,object,nonfinal,10,1,the,3.306835651397705
critical,16,unambiguous,short,object,nonfinal,10,2,magician,21.3874626159668
critical,16,unambiguous,short,object,nonfinal,10,3,tried,11.605224609375
critical,16,unambiguous,short,object,nonfinal,10,4,to,0.1997337639331817
critical,16,unambiguous,short,object,nonfinal,10,5,juggle,10.464177131652832
critical,16,unambiguous,short,object,nonfinal,10,6,more,7.45177698135376
critical,16,unambiguous,short,object,nonfinal,10,7,items,8.425013542175293
critical,16,unambiguous,short,object,nonfinal,10,8,the,8.44512939453125
critical,16,unambiguous,short,object,nonfinal,10,9,torches,13.687687873840332
critical,16,unambiguous,short,object,nonfinal,10,10,fell,4.023794174194336
critical,16,unambiguous,short,object,nonfinal,10,11,down.,5.726136207580566
critical,16,unambiguous,long,object,nonfinal,12,0,When,8.470284461975098
critical,16,unambiguous,long,object,nonfinal,12,1,the,3.306835651397705
critical,16,unambiguous,long,object,nonfinal,12,2,magician,21.3874626159668
critical,16,unambiguous,long,object,nonfinal,12,3,tried,11.605224609375
critical,16,unambiguous,long,object,nonfinal,12,4,to,0.1997337639331817
critical,16,unambiguous,long,object,nonfinal,12,5,juggle,10.464177131652832
critical,16,unambiguous,long,object,nonfinal,12,6,more,7.45177698135376
critical,16,unambiguous,long,object,nonfinal,12,7,items,8.425013542175293
critical,16,unambiguous,long,object,nonfinal,12,8,the,8.44512939453125
critical,16,unambiguous,long,object,nonfinal,12,9,torches,13.687687873840332
critical,16,unambiguous,long,object,nonfinal,12,10,burning,12.276987075805664
critical,16,unambiguous,long,object,nonfinal,12,11,dangerously,12.663025856018066
critical,16,unambiguous,long,object,nonfinal,12,12,fell,6.685043811798096
critical,16,unambiguous,long,object,nonfinal,12,13,down.,5.949135899543762
critical,17,ambiguous,short,comma,nonfinal,8,0,When,8.470284461975098
critical,17,ambiguous,short,comma,nonfinal,8,1,the,3.306835651397705
critical,17,ambiguous,short,comma,nonfinal,8,2,marathon,21.89353370666504
critical,17,ambiguous,short,comma,nonfinal,8,3,runner,4.073000431060791
critical,17,ambiguous,short,comma,nonfinal,8,4,finally,7.880796909332275
critical,17,ambiguous,short,comma,nonfinal,8,5,stopped,6.939769744873047
critical,17,ambiguous,short,comma,nonfinal,8,6,his,5.858359336853027
critical,17,ambiguous,short,comma,nonfinal,8,7,friend,12.314579963684082
critical,17,ambiguous,short,comma,nonfinal,8,8,collapsed,15.836750984191896
critical,17,ambiguous,short,comma,nonfinal,8,9,from,5.5910515785217285
critical,17,ambiguous,short,comma,nonfinal,8,10,exhaustion.,1.563913881778717
critical,17,ambiguous,long,comma,nonfinal,10,0,When,8.470284461975098
critical,17,ambiguous,long,comma,nonfinal,10,1,the,3.306835651397705
critical,17,ambiguous,long,comma,nonfinal,10,2,marathon,21.89353370666504
critical,17,ambiguous,long,comma,nonfinal,10,3,runner,4.073000431060791
critical,17,ambiguous,long,comma,nonfinal,10,4,finally,7.880796909332275
critical,17,ambiguous,long,comma,nonfinal,10,5,stopped,6.939769744873047
critical,17,ambiguous,long,comma,nonfinal,10,6,his,5.858359336853027
critical,17,ambiguous,long,comma,nonfinal,10,7,friend,12.314579963684082
critical,17,ambiguous,long,comma,nonfinal,10,8,sweating,18.34210205078125
critical,17,ambiguous,long,comma,nonfinal,10,9,profusely,2.0876190662384038
critical,17,ambiguous,long,comma,nonfinal,10,10,collapsed,13.690234184265137
critical,17,ambiguous,long,comma,nonfinal,10,11,from,6.000840663909912
critical,17,ambiguous,long,comma,nonfinal,10,12,exhaustion.,2.8832932710647583
critical,17,unambiguous,short,comma,nonfinal,8,0,When,8.470284461975098
critical,17,unambiguous,short,comma,nonfinal,8,1,the,3.306835651397705
critical,17,unambiguous,short,comma,nonfinal,8,2,marathon,21.89353370666504
critical,17,unambiguous,short,comma,nonfinal,8,3,runner,4.073000431060791
critical,17,unambiguous,short,comma,nonfinal,8,4,finally,7.880796909332275
critical,17,unambiguous,short,comma,nonfinal,8,5,"stopped,",8.942831039428711
critical,17,unambiguous,short,comma,nonfinal,8,6,his,3.7432010173797607
critical,17,unambiguous,short,comma,nonfinal,8,7,friend,6.1680216789245605
critical,17,unambiguous,short,comma,nonfinal,8,8,collapsed,10.018301963806152
critical,17,unambiguous,short,comma,nonfinal,8,9,from,6.94868803024292
critical,17,unambiguous,short,comma,nonfinal,8,10,exhaustion.,1.3823800086975098
critical,17,unambiguous,long,comma,nonfinal,10,0,When,8.470284461975098
critical,17,unambiguous,long,comma,nonfinal,10,1,the,3.306835651397705
critical,17,unambiguous,long,comma,nonfinal,10,2,marathon,21.89353370666504
critical,17,unambiguous,long,comma,nonfinal,10,3,runner,4.073000431060791
critical,17,unambiguous,long,comma,nonfinal,10,4,finally,7.880796909332275
critical,17,unambiguous,long,comma,nonfinal,10,5,"stopped,",8.942831039428711
critical,17,unambiguous,long,comma,nonfinal,10,6,his,3.7432010173797607
critical,17,unambiguous,long,comma,nonfinal,10,7,friend,6.1680216789245605
critical,17,unambiguous,long,comma,nonfinal,10,8,sweating,20.47547721862793
critical,17,unambiguous,long,comma,nonfinal,10,9,profusely,2.189520835876465
critical,17,unambiguous,long,comma,nonfinal,10,10,collapsed,11.598647117614746
critical,17,unambiguous,long,comma,nonfinal,10,11,from,7.8835883140563965
critical,17,unambiguous,long,comma,nonfinal,10,12,exhaustion.,1.586387276649475
critical,18,ambiguous,short,comma,nonfinal,7,0,While,11.34129524230957
critical,18,ambiguous,short,comma,nonfinal,7,1,the,2.07014274597168
critical,18,ambiguous,short,comma,nonfinal,7,2,martial,22.35456275939941
critical,18,ambiguous,short,comma,nonfinal,7,3,artists,6.349527835845947
critical,18,ambiguous,short,comma,nonfinal,7,4,fought,9.34347915649414
critical,18,ambiguous,short,comma,nonfinal,7,5,the,3.990060806274414
critical,18,ambiguous,short,comma,nonfinal,7,6,spectator,21.26471328735352
critical,18,ambiguous,short,comma,nonfinal,7,7,supported,13.99119758605957
critical,18,ambiguous,short,comma,nonfinal,7,8,the,1.6890677213668823
critical,18,ambiguous,short,comma,nonfinal,7,9,underdog.,11.22764778137207
critical,18,ambiguous,long,comma,nonfinal,9,0,While,11.34129524230957
critical,18,ambiguous,long,comma,nonfinal,9,1,the,2.07014274597168
critical,18,ambiguous,long,comma,nonfinal,9,2,martial,22.35456275939941
critical,18,ambiguous,long,comma,nonfinal,9,3,artists,6.349527835845947
critical,18,ambiguous,long,comma,nonfinal,9,4,fought,9.34347915649414
critical,18,ambiguous,long,comma,nonfinal,9,5,the,3.990060806274414
critical,18,ambiguous,long,comma,nonfinal,9,6,spectator,21.26471328735352
critical,18,ambiguous,long,comma,nonfinal,9,7,cheering,9.72028923034668
critical,18,ambiguous,long,comma,nonfinal,9,8,enthusiastically,10.481325639470016
critical,18,ambiguous,long,comma,nonfinal,9,9,supported,9.42785358428955
critical,18,ambiguous,long,comma,nonfinal,9,10,the,1.4376015663146973
critical,18,ambiguous,long,comma,nonfinal,9,11,underdog.,10.793065786361694
critical,18,unambiguous,short,comma,nonfinal,7,0,While,11.34129524230957
critical,18,unambiguous,short,comma,nonfinal,7,1,the,2.07014274597168
critical,18,unambiguous,short,comma,nonfinal,7,2,martial,22.35456275939941
critical,18,unambiguous,short,comma,nonfinal,7,3,artists,6.349527835845947
critical,18,unambiguous,short,comma,nonfinal,7,4,"fought,",11.348791360855104
critical,18,unambiguous,short,comma,nonfinal,7,5,the,1.4377750158309937
critical,18,unambiguous,short,comma,nonfinal,7,6,spectator,12.436676025390623
critical,18,unambiguous,short,comma,nonfinal,7,7,supported,15.151124954223633
critical,18,unambiguous,short,comma,nonfinal,7,8,the,1.561663031578064
critical,18,unambiguous,short,comma,nonfinal,7,9,underdog.,14.329877495765686
critical,18,unambiguous,long,comma,nonfinal,9,0,While,11.34129524230957
critical,18,unambiguous,long,comma,nonfinal,9,1,the,2.07014274597168
critical,18,unambiguous,long,comma,nonfinal,9,2,martial,22.35456275939941
critical,18,unambiguous,long,comma,nonfinal,9,3,artists,6.349527835845947
critical,18,unambiguous,long,comma,nonfinal,9,4,"fought,",11.348791360855104
critical,18,unambiguous,long,comma,nonfinal,9,5,the,1.4377750158309937
critical,18,unambiguous,long,comma,nonfinal,9,6,spectator,12.436676025390623
critical,18,unambiguous,long,comma,nonfinal,9,7,cheering,12.180405616760254
critical,18,unambiguous,long,comma,nonfinal,9,8,enthusiastically,11.366639099956956
critical,18,unambiguous,long,comma,nonfinal,9,9,supported,9.829352378845217
critical,18,unambiguous,long,comma,nonfinal,9,10,the,1.7397104501724243
critical,18,unambiguous,long,comma,nonfinal,9,11,underdog.,11.897906064987184
critical,19,ambiguous,short,object,final,6,0,When,8.470284461975098
critical,19,ambiguous,short,object,final,6,1,the,3.306835651397705
critical,19,ambiguous,short,object,final,6,2,band,11.255041122436523
critical,19,ambiguous,short,object,final,6,3,left,11.261889457702637
critical,19,ambiguous,short,object,final,6,4,the,1.7033904790878296
critical,19,ambiguous,short,object,final,6,5,venue,6.043371200561523
critical,19,ambiguous,short,object,final,6,6,closed.,22.57535409927368
critical,19,ambiguous,long,object,final,9,0,When,8.470284461975098
critical,19,ambiguous,long,object,final,9,1,the,3.306835651397705
critical,19,ambiguous,long,object,final,9,2,band,11.255041122436523
critical,19,ambiguous,long,object,final,9,3,left,11.261889457702637
critical,19,ambiguous,long,object,final,9,4,the,1.7033904790878296
critical,19,ambiguous,long,object,final,9,5,venue,6.043371200561523
critical,19,ambiguous,long,object,final,9,6,with,7.174772262573242
critical,19,ambiguous,long,object,final,9,7,live,13.648067474365234
critical,19,ambiguous,long,object,final,9,8,music,2.867473602294922
critical,19,ambiguous,long,object,final,9,9,closed.,21.15370178222656
critical,19,unambiguous,short,object,final,8,0,When,8.470284461975098
critical,19,unambiguous,short,object,final,8,1,the,3.306835651397705
critical,19,unambiguous,short,object,final,8,2,band,11.255041122436523
critical,19,unambiguous,short,object,final,8,3,left,11.261889457702637
critical,19,unambiguous,short,object,final,8,4,the,1.7033904790878296
critical,19,unambiguous,short,object,final,8,5,stage,2.175398826599121
critical,19,unambiguous,short,object,final,8,6,the,6.221806526184082
critical,19,unambiguous,short,object,final,8,7,venue,8.001360893249512
critical,19,unambiguous,short,object,final,8,8,closed.,12.164628505706789
critical,19,unambiguous,long,object,final,11,0,When,8.470284461975098
critical,19,unambiguous,long,object,final,11,1,the,3.306835651397705
critical,19,unambiguous,long,object,final,11,2,band,11.255041122436523
critical,19,unambiguous,long,object,final,11,3,left,11.261889457702637
critical,19,unambiguous,long,object,final,11,4,the,1.7033904790878296
critical,19,unambiguous,long,object,final,11,5,stage,2.175398826599121
critical,19,unambiguous,long,object,final,11,6,the,6.221806526184082
critical,19,unambiguous,long,object,final,11,7,venue,8.001360893249512
critical,19,unambiguous,long,object,final,11,8,with,12.773260116577148
critical,19,unambiguous,long,object,final,11,9,live,11.3095064163208
critical,19,unambiguous,long,object,final,11,10,music,1.12647807598114
critical,19,unambiguous,long,object,final,11,11,closed.,12.421766519546509
critical,20,ambiguous,short,comma,nonfinal,6,0,After,9.363202095031738
critical,20,ambiguous,short,comma,nonfinal,6,1,the,2.855858564376831
critical,20,ambiguous,short,comma,nonfinal,6,2,customer,17.077632904052734
critical,20,ambiguous,short,comma,nonfinal,6,3,emailed,13.586786270141602
critical,20,ambiguous,short,comma,nonfinal,6,4,the,4.589256763458252
critical,20,ambiguous,short,comma,nonfinal,6,5,company,4.220556259155273
critical,20,ambiguous,short,comma,nonfinal,6,6,responded,20.379127502441406
critical,20,ambiguous,short,comma,nonfinal,6,7,quickly.,6.1431074142456055
critical,20,ambiguous,long,comma,nonfinal,9,0,After,9.363202095031738
critical,20,ambiguous,long,comma,nonfinal,9,1,the,2.855858564376831
critical,20,ambiguous,long,comma,nonfinal,9,2,customer,17.077632904052734
critical,20,ambiguous,long,comma,nonfinal,9,3,emailed,13.586786270141602
critical,20,ambiguous,long,comma,nonfinal,9,4,the,4.589256763458252
critical,20,ambiguous,long,comma,nonfinal,9,5,company,4.220556259155273
critical,20,ambiguous,long,comma,nonfinal,9,6,providing,10.901128768920898
critical,20,ambiguous,long,comma,nonfinal,9,7,phone,12.47730827331543
critical,20,ambiguous,long,comma,nonfinal,9,8,service,2.051241159439087
critical,20,ambiguous,long,comma,nonfinal,9,9,responded,21.00739479064941
critical,20,ambiguous,long,comma,nonfinal,9,10,quickly.,8.942052125930786
critical,20,unambiguous,short,comma,nonfinal,6,0,After,9.363202095031738
critical,20,unambiguous,short,comma,nonfinal,6,1,the,2.855858564376831
critical,20,unambiguous,short,comma,nonfinal,6,2,customer,17.077632904052734
critical,20,unambiguous,short,comma,nonfinal,6,3,"emailed,",18.51429843902588
critical,20,unambiguous,short,comma,nonfinal,6,4,the,4.328775882720947
critical,20,unambiguous,short,comma,nonfinal,6,5,company,4.134702205657959
critical,20,unambiguous,short,comma,nonfinal,6,6,responded,4.39096736907959
critical,20,unambiguous,short,comma,nonfinal,6,7,quickly.,5.876721620559692
critical,20,unambiguous,long,comma,nonfinal,9,0,After,9.363202095031738
critical,20,unambiguous,long,comma,nonfinal,9,1,the,2.855858564376831
critical,20,unambiguous,long,comma,nonfinal,9,2,customer,17.077632904052734
critical,20,unambiguous,long,comma,nonfinal,9,3,"emailed,",18.51429843902588
critical,20,unambiguous,long,comma,nonfinal,9,4,the,4.328775882720947
critical,20,unambiguous,long,comma,nonfinal,9,5,company,4.134702205657959
critical,20,unambiguous,long,comma,nonfinal,9,6,providing,16.63090705871582
critical,20,unambiguous,long,comma,nonfinal,9,7,phone,10.416878700256348
critical,20,unambiguous,long,comma,nonfinal,9,8,service,1.197384476661682
critical,20,unambiguous,long,comma,nonfinal,9,9,responded,5.563919544219971
critical,20,unambiguous,long,comma,nonfinal,9,10,quickly.,6.892616033554077
critical,21,ambiguous,short,object,nonfinal,6,0,As,7.8977556228637695
critical,21,ambiguous,short,object,nonfinal,6,1,the,2.5009360313415527
critical,21,ambiguous,short,object,nonfinal,6,2,detective,23.185104370117188
critical,21,ambiguous,short,object,nonfinal,6,3,investigated,8.23637580871582
critical,21,ambiguous,short,object,nonfinal,6,4,the,0.8507830500602722
critical,21,ambiguous,short,object,nonfinal,6,5,case,2.848332643508911
critical,21,ambiguous,short,object,nonfinal,6,6,became,16.264123916625977
critical,21,ambiguous,short,object,nonfinal,6,7,more,1.160164713859558
critical,21,ambiguous,short,object,nonfinal,6,8,complex.,5.43683648109436
critical,21,ambiguous,long,object,nonfinal,10,0,As,7.8977556228637695
critical,21,ambiguous,long,object,nonfinal,10,1,the,2.5009360313415527
critical,21,ambiguous,long,object,nonfinal,10,2,detective,23.185104370117188
critical,21,ambiguous,long,object,nonfinal,10,3,investigated,8.23637580871582
critical,21,ambiguous,long,object,nonfinal,10,4,the,0.8507830500602722
critical,21,ambiguous,long,object,nonfinal,10,5,case,2.848332643508911
critical,21,ambiguous,long,object,nonfinal,10,6,about,10.131776809692385
critical,21,ambiguous,long,object,nonfinal,10,7,the,0.6747663617134094
critical,21,ambiguous,long,object,nonfinal,10,8,bank,9.191022872924805
critical,21,ambiguous,long,object,nonfinal,10,9,robbery,0.4800049662590027
critical,21,ambiguous,long,object,nonfinal,10,10,became,18.040510177612305
critical,21,ambiguous,long,object,nonfinal,10,11,more,1.042734980583191
critical,21,ambiguous,long,object,nonfinal,10,12,complex.,5.370500922203064
critical,21,unambiguous,short,object,nonfinal,8,0,As,7.8977556228637695
critical,21,unambiguous,short,object,nonfinal,8,1,the,2.5009360313415527
critical,21,unambiguous,short,object,nonfinal,8,2,detective,23.185104370117188
critical,21,unambiguous,short,object,nonfinal,8,3,investigated,8.23637580871582
critical,21,unambiguous,short,object,nonfinal,8,4,the,0.8507830500602722
critical,21,unambiguous,short,object,nonfinal,8,5,suspects,11.124719619750977
critical,21,unambiguous,short,object,nonfinal,8,6,the,8.538743019104004
critical,21,unambiguous,short,object,nonfinal,8,7,case,6.519346237182617
critical,21,unambiguous,short,object,nonfinal,8,8,became,3.802382230758667
critical,21,unambiguous,short,object,nonfinal,8,9,more,1.258844256401062
critical,21,unambiguous,short,object,nonfinal,8,10,complex.,4.573552489280701
critical,21,unambiguous,long,object,nonfinal,12,0,As,7.8977556228637695
critical,21,unambiguous,long,object,nonfinal,12,1,the,2.5009360313415527
critical,21,unambiguous,long,object,nonfinal,12,2,detective,23.185104370117188
critical,21,unambiguous,long,object,nonfinal,12,3,investigated,8.23637580871582
critical,21,unambiguous,long,object,nonfinal,12,4,the,0.8507830500602722
critical,21,unambiguous,long,object,nonfinal,12,5,suspects,11.124719619750977
critical,21,unambiguous,long,object,nonfinal,12,6,the,8.538743019104004
critical,21,unambiguous,long,object,nonfinal,12,7,case,6.519346237182617
critical,21,unambiguous,long,object,nonfinal,12,8,about,10.148527145385742
critical,21,unambiguous,long,object,nonfinal,12,9,the,0.8734544515609741
critical,21,unambiguous,long,object,nonfinal,12,10,bank,7.4367594718933105
critical,21,unambiguous,long,object,nonfinal,12,11,robbery,0.4369267523288727
critical,21,unambiguous,long,object,nonfinal,12,12,became,5.233784198760986
critical,21,unambiguous,long,object,nonfinal,12,13,more,1.291355848312378
critical,21,unambiguous,long,object,nonfinal,12,14,complex.,4.53888076543808
critical,22,ambiguous,short,object,nonfinal,6,0,Although,14.11025047302246
critical,22,ambiguous,short,object,nonfinal,6,1,the,1.863471865653992
critical,22,ambiguous,short,object,nonfinal,6,2,team,9.060733795166016
critical,22,ambiguous,short,object,nonfinal,6,3,lost,6.609397888183594
critical,22,ambiguous,short,object,nonfinal,6,4,the,2.670527219772339
critical,22,ambiguous,short,object,nonfinal,6,5,championship,6.802541255950928
critical,22,ambiguous,short,object,nonfinal,6,6,was,13.923294067382812
critical,22,ambiguous,short,object,nonfinal,6,7,still,4.001202583312988
critical,22,ambiguous,short,object,nonfinal,6,8,a,2.3387768268585205
critical,22,ambiguous,short,object,nonfinal,6,9,great,2.452569007873535
critical,22,ambiguous,short,object,nonfinal,6,10,experience,4.301327228546143
critical,22,ambiguous,short,object,nonfinal,6,11,for,1.4565691947937012
critical,22,ambiguous,short,object,nonfinal,6,12,the,1.4527029991149902
critical,22,ambiguous,short,object,nonfinal,6,13,players.,4.302298784255981
critical,22,ambiguous,long,object,nonfinal,8,0,Although,14.11025047302246
critical,22,ambiguous,long,object,nonfinal,8,1,the,1.863471865653992
critical,22,ambiguous,long,object,nonfinal,8,2,team,9.060733795166016
critical,22,ambiguous,long,object,nonfinal,8,3,lost,6.609397888183594
critical,22,ambiguous,long,object,nonfinal,8,4,the,2.670527219772339
critical,22,ambiguous,long,object,nonfinal,8,5,championship,6.802541255950928
critical,22,ambiguous,long,object,nonfinal,8,6,in,3.4739394187927246
critical,22,ambiguous,long,object,nonfinal,8,7,basketball,13.779545783996582
critical,22,ambiguous,long,object,nonfinal,8,8,was,13.51987361907959
critical,22,ambiguous,long,object,nonfinal,8,9,still,4.403473854064941
critical,22,ambiguous,long,object,nonfinal,8,10,a,2.556872844696045
critical,22,ambiguous,long,object,nonfinal,8,11,great,2.694607734680176
critical,22,ambiguous,long,object,nonfinal,8,12,experience,5.351145267486572
critical,22,ambiguous,long,object,nonfinal,8,13,for,1.254331350326538
critical,22,ambiguous,long,object,nonfinal,8,14,the,1.3799970149993896
critical,22,ambiguous,long,object,nonfinal,8,15,players.,3.956712603569031
critical,22,unambiguous,short,object,nonfinal,9,0,Although,14.11025047302246
critical,22,unambiguous,short,object,nonfinal,9,1,the,1.863471865653992
critical,22,unambiguous,short,object,nonfinal,9,2,team,9.060733795166016
critical,22,unambiguous,short,object,nonfinal,9,3,lost,6.609397888183594
critical,22,unambiguous,short,object,nonfinal,9,4,the,2.670527219772339
critical,22,unambiguous,short,object,nonfinal,9,5,final,4.648308753967285
critical,22,unambiguous,short,object,nonfinal,9,6,game,2.899850368499756
critical,22,unambiguous,short,object,nonfinal,9,7,the,9.461310386657717
critical,22,unambiguous,short,object,nonfinal,9,8,championship,8.872350692749023
critical,22,unambiguous,short,object,nonfinal,9,9,was,2.1165781021118164
critical,22,unambiguous,short,object,nonfinal,9,10,still,4.157206058502197
critical,22,unambiguous,short,object,nonfinal,9,11,a,2.02797532081604
critical,22,unambiguous,short,object,nonfinal,9,12,great,2.386453151702881
critical,22,unambiguous,short,object,nonfinal,9,13,experience,3.396599531173706
critical,22,unambiguous,short,object,nonfinal,9,14,for,0.9260013699531556
critical,22,unambiguous,short,object,nonfinal,9,15,the,0.8875983357429504
critical,22,unambiguous,short,object,nonfinal,9,16,players.,3.8652480840682975
critical,22,unambiguous,long,object,nonfinal,11,0,Although,14.11025047302246
critical,22,unambiguous,long,object,nonfinal,11,1,the,1.863471865653992
critical,22,unambiguous,long,object,nonfinal,11,2,team,9.060733795166016
critical,22,unambiguous,long,object,nonfinal,11,3,lost,6.609397888183594
critical,22,unambiguous,long,object,nonfinal,11,4,the,2.670527219772339
critical,22,unambiguous,long,object,nonfinal,11,5,final,4.648308753967285
critical,22,unambiguous,long,object,nonfinal,11,6,game,2.899850368499756
critical,22,unambiguous,long,object,nonfinal,11,7,the,9.461310386657717
critical,22,unambiguous,long,object,nonfinal,11,8,championship,8.872350692749023
critical,22,unambiguous,long,object,nonfinal,11,9,in,6.640558242797852
critical,22,unambiguous,long,object,nonfinal,11,10,basketball,7.996180534362793
critical,22,unambiguous,long,object,nonfinal,11,11,was,2.697053909301758
critical,22,unambiguous,long,object,nonfinal,11,12,still,4.853353023529053
critical,22,unambiguous,long,object,nonfinal,11,13,a,2.5040948390960693
critical,22,unambiguous,long,object,nonfinal,11,14,great,2.632812261581421
critical,22,unambiguous,long,object,nonfinal,11,15,experience,3.636313199996948
critical,22,unambiguous,long,object,nonfinal,11,16,for,0.9030107259750366
critical,22,unambiguous,long,object,nonfinal,11,17,the,1.000077724456787
critical,22,unambiguous,long,object,nonfinal,11,18,players.,4.10370683670044
critical,23,ambiguous,short,comma,nonfinal,7,0,After,9.363202095031738
critical,23,ambiguous,short,comma,nonfinal,7,1,the,2.855858564376831
critical,23,ambiguous,short,comma,nonfinal,7,2,director,18.64621353149414
critical,23,ambiguous,short,comma,nonfinal,7,3,finished,9.724945068359377
critical,23,ambiguous,short,comma,nonfinal,7,4,filming,2.8668572902679443
critical,23,ambiguous,short,comma,nonfinal,7,5,the,2.1124229431152344
critical,23,ambiguous,short,comma,nonfinal,7,6,actors,9.399421691894531
critical,23,ambiguous,short,comma,nonfinal,7,7,left,9.257119178771973
critical,23,ambiguous,short,comma,nonfinal,7,8,to,4.0554914474487305
critical,23,ambiguous,short,comma,nonfinal,7,9,go,2.9662961959838867
critical,23,ambiguous,short,comma,nonfinal,7,10,home.,2.8691383600234985
critical,23,ambiguous,long,comma,nonfinal,12,0,After,9.363202095031738
critical,23,ambiguous,long,comma,nonfinal,12,1,the,2.855858564376831
critical,23,ambiguous,long,comma,nonfinal,12,2,director,18.64621353149414
critical,23,ambiguous,long,comma,nonfinal,12,3,finished,9.724945068359377
critical,23,ambiguous,long,comma,nonfinal,12,4,filming,2.8668572902679443
critical,23,ambiguous,long,comma,nonfinal,12,5,the,2.1124229431152344
critical,23,ambiguous,long,comma,nonfinal,12,6,actors,9.399421691894531
critical,23,ambiguous,long,comma,nonfinal,12,7,exhausted,17.700010299682617
critical,23,ambiguous,long,comma,nonfinal,12,8,from,4.916711330413818
critical,23,ambiguous,long,comma,nonfinal,12,9,the,1.6137806177139282
critical,23,ambiguous,long,comma,nonfinal,12,10,long,2.962529182434082
critical,23,ambiguous,long,comma,nonfinal,12,11,day,2.7998361587524414
critical,23,ambiguous,long,comma,nonfinal,12,12,left,8.462555885314941
critical,23,ambiguous,long,comma,nonfinal,12,13,to,3.606151580810547
critical,23,ambiguous,long,comma,nonfinal,12,14,go,2.691168069839477
critical,23,ambiguous,long,comma,nonfinal,12,15,home.,2.074460208415985
critical,23,unambiguous,short,comma,nonfinal,7,0,After,9.363202095031738
critical,23,unambiguous,short,comma,nonfinal,7,1,the,2.855858564376831
critical,23,unambiguous,short,comma,nonfinal,7,2,director,18.64621353149414
critical,23,unambiguous,short,comma,nonfinal,7,3,finished,9.724945068359377
critical,23,unambiguous,short,comma,nonfinal,7,4,"filming,",3.968063592910767
critical,23,unambiguous,short,comma,nonfinal,7,5,the,2.700303792953491
critical,23,unambiguous,short,comma,nonfinal,7,6,actors,3.733289241790772
critical,23,unambiguous,short,comma,nonfinal,7,7,left,5.241103649139404
critical,23,unambiguous,short,comma,nonfinal,7,8,to,5.466635227203369
critical,23,unambiguous,short,comma,nonfinal,7,9,go,3.893706560134888
critical,23,unambiguous,short,comma,nonfinal,7,10,home.,2.1730599403381348
critical,23,unambiguous,long,comma,nonfinal,12,0,After,9.363202095031738
critical,23,unambiguous,long,comma,nonfinal,12,1,the,2.855858564376831
critical,23,unambiguous,long,comma,nonfinal,12,2,director,18.64621353149414
critical,23,unambiguous,long,comma,nonfinal,12,3,finished,9.724945068359377
critical,23,unambiguous,long,comma,nonfinal,12,4,"filming,",3.968063592910767
critical,23,unambiguous,long,comma,nonfinal,12,5,the,2.700303792953491
critical,23,unambiguous,long,comma,nonfinal,12,6,actors,3.733289241790772
critical,23,unambiguous,long,comma,nonfinal,12,7,exhausted,18.23554039001465
critical,23,unambiguous,long,comma,nonfinal,12,8,from,5.307563304901123
critical,23,unambiguous,long,comma,nonfinal,12,9,the,1.6307835578918457
critical,23,unambiguous,long,comma,nonfinal,12,10,long,2.9435863494873047
critical,23,unambiguous,long,comma,nonfinal,12,11,day,2.9321885108947754
critical,23,unambiguous,long,comma,nonfinal,12,12,left,6.304380416870117
critical,23,unambiguous,long,comma,nonfinal,12,13,to,4.92205286026001
critical,23,unambiguous,long,comma,nonfinal,12,14,go,2.0658555030822754
critical,23,unambiguous,long,comma,nonfinal,12,15,home.,1.5183481574058533
critical,24,ambiguous,short,object,final,6,0,As,7.8977556228637695
critical,24,ambiguous,short,object,final,6,1,the,2.5009360313415527
critical,24,ambiguous,short,object,final,6,2,doctor,17.945892333984375
critical,24,ambiguous,short,object,final,6,3,lectured,14.919297218322754
critical,24,ambiguous,short,object,final,6,4,the,3.061830520629883
critical,24,ambiguous,short,object,final,6,5,student,6.411886215209961
critical,24,ambiguous,short,object,final,6,6,listened.,17.795401334762573
critical,24,ambiguous,long,object,final,8,0,As,7.8977556228637695
critical,24,ambiguous,long,object,final,8,1,the,2.5009360313415527
critical,24,ambiguous,long,object,final,8,2,doctor,17.945892333984375
critical,24,ambiguous,long,object,final,8,3,lectured,14.919297218322754
critical,24,ambiguous,long,object,final,8,4,the,3.061830520629883
critical,24,ambiguous,long,object,final,8,5,student,6.411886215209961
critical,24,ambiguous,long,object,final,8,6,watching,13.776001930236816
critical,24,ambiguous,long,object,final,8,7,quietly,9.20061206817627
critical,24,ambiguous,long,object,final,8,8,listened.,12.803876757621763
critical,24,unambiguous,short,object,final,8,0,As,7.8977556228637695
critical,24,unambiguous,short,object,final,8,1,the,2.5009360313415527
critical,24,unambiguous,short,object,final,8,2,doctor,17.945892333984375
critical,24,unambiguous,short,object,final,8,3,lectured,14.919297218322754
critical,24,unambiguous,short,object,final,8,4,the,3.061830520629883
critical,24,unambiguous,short,object,final,8,5,nurse,7.4511332511901855
critical,24,unambiguous,short,object,final,8,6,the,7.888007640838623
critical,24,unambiguous,short,object,final,8,7,student,6.693594932556152
critical,24,unambiguous,short,object,final,8,8,listened.,7.3965418338775635
critical,24,unambiguous,long,object,final,10,0,As,7.8977556228637695
critical,24,unambiguous,long,object,final,10,1,the,2.5009360313415527
critical,24,unambiguous,long,object,final,10,2,doctor,17.945892333984375
critical,24,unambiguous,long,object,final,10,3,lectured,14.919297218322754
critical,24,unambiguous,long,object,final,10,4,the,3.061830520629883
critical,24,unambiguous,long,object,final,10,5,nurse,7.4511332511901855
critical,24,unambiguous,long,object,final,10,6,the,7.888007640838623
critical,24,unambiguous,long,object,final,10,7,student,6.693594932556152
critical,24,unambiguous,long,object,final,10,8,watching,10.494795799255373
critical,24,unambiguous,long,object,final,10,9,quietly,6.40769100189209
critical,24,unambiguous,long,object,final,10,10,listened.,6.055107474327087
critical,25,ambiguous,short,object,nonfinal,7,0,After,9.363202095031738
critical,25,ambiguous,short,object,nonfinal,7,1,the,2.855858564376831
critical,25,ambiguous,short,object,nonfinal,7,2,teacher,17.611276626586914
critical,25,ambiguous,short,object,nonfinal,7,3,finished,5.20819616317749
critical,25,ambiguous,short,object,nonfinal,7,4,grading,7.471428394317627
critical,25,ambiguous,short,object,nonfinal,7,5,the,1.2468990087509155
critical,25,ambiguous,short,object,nonfinal,7,6,students,3.91805362701416
critical,25,ambiguous,short,object,nonfinal,7,7,passed,15.023186683654783
critical,25,ambiguous,short,object,nonfinal,7,8,the,2.417924642562866
critical,25,ambiguous,short,object,nonfinal,7,9,class.,8.635902404785156
critical,25,ambiguous,long,object,nonfinal,9,0,After,9.363202095031738
critical,25,ambiguous,long,object,nonfinal,9,1,the,2.855858564376831
critical,25,ambiguous,long,object,nonfinal,9,2,teacher,17.611276626586914
critical,25,ambiguous,long,object,nonfinal,9,3,finished,5.20819616317749
critical,25,ambiguous,long,object,nonfinal,9,4,grading,7.471428394317627
critical,25,ambiguous,long,object,nonfinal,9,5,the,1.2468990087509155
critical,25,ambiguous,long,object,nonfinal,9,6,students,3.91805362701416
critical,25,ambiguous,long,object,nonfinal,9,7,studying,16.671567916870117
critical,25,ambiguous,long,object,nonfinal,9,8,engineering,13.90475368499756
critical,25,ambiguous,long,object,nonfinal,9,9,passed,12.352639198303224
critical,25,ambiguous,long,object,nonfinal,9,10,the,1.712834358215332
critical,25,ambiguous,long,object,nonfinal,9,11,class.,6.817721009254456
critical,25,unambiguous,short,object,nonfinal,9,0,After,9.363202095031738
critical,25,unambiguous,short,object,nonfinal,9,1,the,2.855858564376831
critical,25,unambiguous,short,object,nonfinal,9,2,teacher,17.611276626586914
critical,25,unambiguous,short,object,nonfinal,9,3,finished,5.20819616317749
critical,25,unambiguous,short,object,nonfinal,9,4,grading,7.471428394317627
critical,25,unambiguous,short,object,nonfinal,9,5,the,1.2468990087509155
critical,25,unambiguous,short,object,nonfinal,9,6,final,4.906318187713623
critical,25,unambiguous,short,object,nonfinal,9,7,the,9.768864631652832
critical,25,unambiguous,short,object,nonfinal,9,8,students,1.6222422122955322
critical,25,unambiguous,short,object,nonfinal,9,9,passed,9.346187591552734
critical,25,unambiguous,short,object,nonfinal,9,10,the,3.194865226745605
critical,25,unambiguous,short,object,nonfinal,9,11,class.,6.204900026321411
critical,25,unambiguous,long,object,nonfinal,11,0,After,9.363202095031738
critical,25,unambiguous,long,object,nonfinal,11,1,the,2.855858564376831
critical,25,unambiguous,long,object,nonfinal,11,2,teacher,17.611276626586914
critical,25,unambiguous,long,object,nonfinal,11,3,finished,5.20819616317749
critical,25,unambiguous,long,object,nonfinal,11,4,grading,7.471428394317627
critical,25,unambiguous,long,object,nonfinal,11,5,the,1.2468990087509155
critical,25,unambiguous,long,object,nonfinal,11,6,final,4.906318187713623
critical,25,unambiguous,long,object,nonfinal,11,7,the,9.768864631652832
critical,25,unambiguous,long,object,nonfinal,11,8,students,1.6222422122955322
critical,25,unambiguous,long,object,nonfinal,11,9,studying,15.461459159851074
critical,25,unambiguous,long,object,nonfinal,11,10,engineering,8.792922973632812
critical,25,unambiguous,long,object,nonfinal,11,11,passed,11.521927833557127
critical,25,unambiguous,long,object,nonfinal,11,12,the,2.1662466526031494
critical,25,unambiguous,long,object,nonfinal,11,13,class.,5.806332588195801
critical,26,ambiguous,short,comma,final,6,0,As,7.8977556228637695
critical,26,ambiguous,short,comma,final,6,1,the,2.5009360313415527
critical,26,ambiguous,short,comma,final,6,2,people,11.140318870544434
critical,26,ambiguous,short,comma,final,6,3,gathered,6.231555938720703
critical,26,ambiguous,short,comma,final,6,4,the,7.61730432510376
critical,26,ambiguous,short,comma,final,6,5,animals,8.315450668334961
critical,26,ambiguous,short,comma,final,6,6,scattered.,9.747658967971802
critical,26,ambiguous,long,comma,final,9,0,As,7.8977556228637695
critical,26,ambiguous,long,comma,final,9,1,the,2.5009360313415527
critical,26,ambiguous,long,comma,final,9,2,people,11.140318870544434
critical,26,ambiguous,long,comma,final,9,3,gathered,6.231555938720703
critical,26,ambiguous,long,comma,final,9,4,the,7.61730432510376
critical,26,ambiguous,long,comma,final,9,5,animals,8.315450668334961
critical,26,ambiguous,long,comma,final,9,6,in,4.238362312316895
critical,26,ambiguous,long,comma,final,9,7,the,0.920104444026947
critical,26,ambiguous,long,comma,final,9,8,park,6.762750148773193
critical,26,ambiguous,long,comma,final,9,9,scattered.,13.662578344345093
critical,26,unambiguous,short,comma,final,6,0,As,7.8977556228637695
critical,26,unambiguous,short,comma,final,6,1,the,2.5009360313415527
critical,26,unambiguous,short,comma,final,6,2,people,11.140318870544434
critical,26,unambiguous,short,comma,final,6,3,"gathered,",9.532092809677124
critical,26,unambiguous,short,comma,final,6,4,the,1.830390691757202
critical,26,unambiguous,short,comma,final,6,5,animals,9.683479309082031
critical,26,unambiguous,short,comma,final,6,6,scattered.,8.654286503791809
critical,26,unambiguous,long,comma,final,9,0,As,7.8977556228637695
critical,26,unambiguous,long,comma,final,9,1,the,2.5009360313415527
critical,26,unambiguous,long,comma,final,9,2,people,11.140318870544434
critical,26,unambiguous,long,comma,final,9,3,"gathered,",9.532092809677124
critical,26,unambiguous,long,comma,final,9,4,the,1.830390691757202
critical,26,unambiguous,long,comma,final,9,5,animals,9.683479309082031
critical,26,unambiguous,long,comma,final,9,6,in,5.468472957611084
critical,26,unambiguous,long,comma,final,9,7,the,0.2574318945407867
critical,26,unambiguous,long,comma,final,9,8,park,5.9783148765563965
critical,26,unambiguous,long,comma,final,9,9,scattered.,8.965693593025208
critical,27,ambiguous,short,comma,nonfinal,6,0,Once,15.265670776367188
critical,27,ambiguous,short,comma,nonfinal,6,1,the,3.457420825958252
critical,27,ambiguous,short,comma,nonfinal,6,2,audience,16.68446159362793
critical,27,ambiguous,short,comma,nonfinal,6,3,quieted,17.6939315199852
critical,27,ambiguous,short,comma,nonfinal,6,4,the,7.070429801940918
critical,27,ambiguous,short,comma,nonfinal,6,5,man,7.660164833068848
critical,27,ambiguous,short,comma,nonfinal,6,6,put,8.994061470031738
critical,27,ambiguous,short,comma,nonfinal,6,7,away,5.133035659790039
critical,27,ambiguous,short,comma,nonfinal,6,8,his,0.4443728923797607
critical,27,ambiguous,short,comma,nonfinal,6,9,phone.,7.602530241012573
critical,27,ambiguous,long,comma,nonfinal,8,0,Once,15.265670776367188
critical,27,ambiguous,long,comma,nonfinal,8,1,the,3.457420825958252
critical,27,ambiguous,long,comma,nonfinal,8,2,audience,16.68446159362793
critical,27,ambiguous,long,comma,nonfinal,8,3,quieted,17.6939315199852
critical,27,ambiguous,long,comma,nonfinal,8,4,the,7.070429801940918
critical,27,ambiguous,long,comma,nonfinal,8,5,man,7.660164833068848
critical,27,ambiguous,long,comma,nonfinal,8,6,talking,13.975748062133787
critical,27,ambiguous,long,comma,nonfinal,8,7,loudly,7.066588401794434
critical,27,ambiguous,long,comma,nonfinal,8,8,put,11.660962104797363
critical,27,ambiguous,long,comma,nonfinal,8,9,away,5.006968021392822
critical,27,ambiguous,long,comma,nonfinal,8,10,his,0.4850103259086609
critical,27,ambiguous,long,comma,nonfinal,8,11,phone.,4.823086977005005
critical,27,unambiguous,short,comma,nonfinal,6,0,Once,15.265670776367188
critical,27,unambiguous,short,comma,nonfinal,6,1,the,3.457420825958252
critical,27,unambiguous,short,comma,nonfinal,6,2,audience,16.68446159362793
critical,27,unambiguous,short,comma,nonfinal,6,3,"quieted,",20.283563792705536
critical,27,unambiguous,short,comma,nonfinal,6,4,the,1.5871522426605225
critical,27,unambiguous,short,comma,nonfinal,6,5,man,4.97078275680542
critical,27,unambiguous,short,comma,nonfinal,6,6,put,8.699548721313477
critical,27,unambiguous,short,comma,nonfinal,6,7,away,4.853353023529053
critical,27,unambiguous,short,comma,nonfinal,6,8,his,0.4847764372825622
critical,27,unambiguous,short,comma,nonfinal,6,9,phone.,6.379884958267212
critical,27,unambiguous,long,comma,nonfinal,8,0,Once,15.265670776367188
critical,27,unambiguous,long,comma,nonfinal,8,1,the,3.457420825958252
critical,27,unambiguous,long,comma,nonfinal,8,2,audience,16.68446159362793
critical,27,unambiguous,long,comma,nonfinal,8,3,"quieted,",20.283563792705536
critical,27,unambiguous,long,comma,nonfinal,8,4,the,1.5871522426605225
critical,27,unambiguous,long,comma,nonfinal,8,5,man,4.97078275680542
critical,27,unambiguous,long,comma,nonfinal,8,6,talking,15.401206970214844
critical,27,unambiguous,long,comma,nonfinal,8,7,loudly,7.8388895988464355
critical,27,unambiguous,long,comma,nonfinal,8,8,put,11.523472785949709
critical,27,unambiguous,long,comma,nonfinal,8,9,away,4.4037766456604
critical,27,unambiguous,long,comma,nonfinal,8,10,his,0.4992477595806122
critical,27,unambiguous,long,comma,nonfinal,8,11,phone.,4.617222309112549
critical,28,ambiguous,short,comma,nonfinal,7,0,After,9.363202095031738
critical,28,ambiguous,short,comma,nonfinal,7,1,the,2.855858564376831
critical,28,ambiguous,short,comma,nonfinal,7,2,corrupt,22.774600982666016
critical,28,ambiguous,short,comma,nonfinal,7,3,politician,6.401512145996094
critical,28,ambiguous,short,comma,nonfinal,7,4,signed,17.267616271972656
critical,28,ambiguous,short,comma,nonfinal,7,5,the,1.2827181816101074
critical,28,ambiguous,short,comma,nonfinal,7,6,bill,3.380202054977417
critical,28,ambiguous,short,comma,nonfinal,7,7,received,17.027725219726562
critical,28,ambiguous,short,comma,nonfinal,7,8,unwelcome,20.43623352050781
critical,28,ambiguous,short,comma,nonfinal,7,9,attention,2.2469353675842285
critical,28,ambiguous,short,comma,nonfinal,7,10,from,0.9992329478263856
critical,28,ambiguous,short,comma,nonfinal,7,11,southern,18.842378616333008
critical,28,ambiguous,short,comma,nonfinal,7,12,voters.,6.855800747871399
critical,28,ambiguous,long,comma,nonfinal,9,0,After,9.363202095031738
critical,28,ambiguous,long,comma,nonfinal,9,1,the,2.855858564376831
critical,28,ambiguous,long,comma,nonfinal,9,2,corrupt,22.774600982666016
critical,28,ambiguous,long,comma,nonfinal,9,3,politician,6.401512145996094
critical,28,ambiguous,long,comma,nonfinal,9,4,signed,17.267616271972656
critical,28,ambiguous,long,comma,nonfinal,9,5,the,1.2827181816101074
critical,28,ambiguous,long,comma,nonfinal,9,6,bill,3.380202054977417
critical,28,ambiguous,long,comma,nonfinal,9,7,on,6.533843994140625
critical,28,ambiguous,long,comma,nonfinal,9,8,taxes,11.200397491455078
critical,28,ambiguous,long,comma,nonfinal,9,9,received,14.287681579589844
critical,28,ambiguous,long,comma,nonfinal,9,10,unwelcome,19.29293632507324
critical,28,ambiguous,long,comma,nonfinal,9,11,attention,3.768857955932617
critical,28,ambiguous,long,comma,nonfinal,9,12,from,1.06993567943573
critical,28,ambiguous,long,comma,nonfinal,9,13,southern,19.69812774658203
critical,28,ambiguous,long,comma,nonfinal,9,14,voters.,5.859789848327637
critical,28,unambiguous,short,comma,nonfinal,7,0,After,9.363202095031738
critical,28,unambiguous,short,comma,nonfinal,7,1,the,2.855858564376831
critical,28,unambiguous,short,comma,nonfinal,7,2,corrupt,22.774600982666016
critical,28,unambiguous,short,comma,nonfinal,7,3,politician,6.401512145996094
critical,28,unambiguous,short,comma,nonfinal,7,4,"signed,",23.329938888549805
critical,28,unambiguous,short,comma,nonfinal,7,5,the,1.5759223699569702
critical,28,unambiguous,short,comma,nonfinal,7,6,bill,6.827335834503174
critical,28,unambiguous,short,comma,nonfinal,7,7,received,7.90403938293457
critical,28,unambiguous,short,comma,nonfinal,7,8,unwelcome,20.22739601135254
critical,28,unambiguous,short,comma,nonfinal,7,9,attention,1.602085828781128
critical,28,unambiguous,short,comma,nonfinal,7,10,from,0.9695666432380676
critical,28,unambiguous,short,comma,nonfinal,7,11,southern,17.26337432861328
critical,28,unambiguous,short,comma,nonfinal,7,12,voters.,8.012644290924072
critical,28,unambiguous,long,comma,nonfinal,9,0,After,9.363202095031738
critical,28,unambiguous,long,comma,nonfinal,9,1,the,2.855858564376831
critical,28,unambiguous,long,comma,nonfinal,9,2,corrupt,22.774600982666016
critical,28,unambiguous,long,comma,nonfinal,9,3,politician,6.401512145996094
critical,28,unambiguous,long,comma,nonfinal,9,4,"signed,",23.329938888549805
critical,28,unambiguous,long,comma,nonfinal,9,5,the,1.5759223699569702
critical,28,unambiguous,long,comma,nonfinal,9,6,bill,6.827335834503174
critical,28,unambiguous,long,comma,nonfinal,9,7,on,8.602849960327148
critical,28,unambiguous,long,comma,nonfinal,9,8,taxes,9.775744438171388
critical,28,unambiguous,long,comma,nonfinal,9,9,received,8.883171081542969
critical,28,unambiguous,long,comma,nonfinal,9,10,unwelcome,22.154268264770508
critical,28,unambiguous,long,comma,nonfinal,9,11,attention,3.3372530937194824
critical,28,unambiguous,long,comma,nonfinal,9,12,from,1.2928857803344729
critical,28,unambiguous,long,comma,nonfinal,9,13,southern,19.045848846435547
critical,28,unambiguous,long,comma,nonfinal,9,14,voters.,6.421042501926422
critical,29,ambiguous,short,object,nonfinal,7,0,While,11.34129524230957
critical,29,ambiguous,short,object,nonfinal,7,1,the,2.07014274597168
critical,29,ambiguous,short,object,nonfinal,7,2,art,12.352957725524902
critical,29,ambiguous,short,object,nonfinal,7,3,class,11.123224258422852
critical,29,ambiguous,short,object,nonfinal,7,4,painted,14.051100730895996
critical,29,ambiguous,short,object,nonfinal,7,5,the,3.3047664165496826
critical,29,ambiguous,short,object,nonfinal,7,6,model,9.969014167785645
critical,29,ambiguous,short,object,nonfinal,7,7,stayed,22.55890464782715
critical,29,ambiguous,short,object,nonfinal,7,8,still.,8.522810459136963
critical,29,ambiguous,long,object,nonfinal,10,0,While,11.34129524230957
critical,29,ambiguous,long,object,nonfinal,10,1,the,2.07014274597168
critical,29,ambiguous,long,object,nonfinal,10,2,art,12.352957725524902
critical,29,ambiguous,long,object,nonfinal,10,3,class,11.123224258422852
critical,29,ambiguous,long,object,nonfinal,10,4,painted,14.051100730895996
critical,29,ambiguous,long,object,nonfinal,10,5,the,3.3047664165496826
critical,29,ambiguous,long,object,nonfinal,10,6,model,9.969014167785645
critical,29,ambiguous,long,object,nonfinal,10,7,in,3.50876259803772
critical,29,ambiguous,long,object,nonfinal,10,8,the,2.03430700302124
critical,29,ambiguous,long,object,nonfinal,10,9,nude,6.272634983062744
critical,29,ambiguous,long,object,nonfinal,10,10,stayed,26.49114990234375
critical,29,ambiguous,long,object,nonfinal,10,11,still.,11.445741176605225
critical,29,unambiguous,short,object,nonfinal,9,0,While,11.34129524230957
critical,29,unambiguous,short,object,nonfinal,9,1,the,2.07014274597168
critical,29,unambiguous,short,object,nonfinal,9,2,art,12.352957725524902
critical,29,unambiguous,short,object,nonfinal,9,3,class,11.123224258422852
critical,29,unambiguous,short,object,nonfinal,9,4,painted,14.051100730895996
critical,29,unambiguous,short,object,nonfinal,9,5,their,4.030453205108643
critical,29,unambiguous,short,object,nonfinal,9,6,portraits,6.070759296417236
critical,29,unambiguous,short,object,nonfinal,9,7,the,6.73861026763916
critical,29,unambiguous,short,object,nonfinal,9,8,model,10.491521835327148
critical,29,unambiguous,short,object,nonfinal,9,9,stayed,8.890804290771484
critical,29,unambiguous,short,object,nonfinal,9,10,still.,6.221212148666382
critical,29,unambiguous,long,object,nonfinal,12,0,While,11.34129524230957
critical,29,unambiguous,long,object,nonfinal,12,1,the,2.07014274597168
critical,29,unambiguous,long,object,nonfinal,12,2,art,12.352957725524902
critical,29,unambiguous,long,object,nonfinal,12,3,class,11.123224258422852
critical,29,unambiguous,long,object,nonfinal,12,4,painted,14.051100730895996
critical,29,unambiguous,long,object,nonfinal,12,5,their,4.030453205108643
critical,29,unambiguous,long,object,nonfinal,12,6,portraits,6.070759296417236
critical,29,unambiguous,long,object,nonfinal,12,7,the,6.73861026763916
critical,29,unambiguous,long,object,nonfinal,12,8,model,10.491521835327148
critical,29,unambiguous,long,object,nonfinal,12,9,in,6.277025699615479
critical,29,unambiguous,long,object,nonfinal,12,10,the,0.7082465887069702
critical,29,unambiguous,long,object,nonfinal,12,11,nude,8.038581848144531
critical,29,unambiguous,long,object,nonfinal,12,12,stayed,9.427302360534668
critical,29,unambiguous,long,object,nonfinal,12,13,still.,7.433959722518921
critical,30,ambiguous,short,object,final,6,0,As,7.8977556228637695
critical,30,ambiguous,short,object,final,6,1,the,2.5009360313415527
critical,30,ambiguous,short,object,final,6,2,professor,18.67403030395508
critical,30,ambiguous,short,object,final,6,3,wrote,7.016622543334961
critical,30,ambiguous,short,object,final,6,4,the,4.313754081726074
critical,30,ambiguous,short,object,final,6,5,textbook,9.83749008178711
critical,30,ambiguous,short,object,final,6,6,grew.,23.383559942245483
critical,30,ambiguous,long,object,final,8,0,As,7.8977556228637695
critical,30,ambiguous,long,object,final,8,1,the,2.5009360313415527
critical,30,ambiguous,long,object,final,8,2,professor,18.67403030395508
critical,30,ambiguous,long,object,final,8,3,wrote,7.016622543334961
critical,30,ambiguous,long,object,final,8,4,the,4.313754081726074
critical,30,ambiguous,long,object,final,8,5,textbook,9.83749008178711
critical,30,ambiguous,long,object,final,8,6,on,4.501862049102783
critical,30,ambiguous,long,object,final,8,7,biology,13.29443073272705
critical,30,ambiguous,long,object,final,8,8,grew.,27.161613941192627
critical,30,unambiguous,short,object,final,8,0,As,7.8977556228637695
critical,30,unambiguous,short,object,final,8,1,the,2.5009360313415527
critical,30,unambiguous,short,object,final,8,2,professor,18.67403030395508
critical,30,unambiguous,short,object,final,8,3,wrote,7.016622543334961
critical,30,unambiguous,short,object,final,8,4,the,4.313754081726074
critical,30,unambiguous,short,object,final,8,5,chapter,10.448851585388184
critical,30,unambiguous,short,object,final,8,6,the,8.32081127166748
critical,30,unambiguous,short,object,final,8,7,textbook,8.802788734436035
critical,30,unambiguous,short,object,final,8,8,grew.,14.469085216522217
critical,30,unambiguous,long,object,final,10,0,As,7.8977556228637695
critical,30,unambiguous,long,object,final,10,1,the,2.5009360313415527
critical,30,unambiguous,long,object,final,10,2,professor,18.67403030395508
critical,30,unambiguous,long,object,final,10,3,wrote,7.016622543334961
critical,30,unambiguous,long,object,final,10,4,the,4.313754081726074
critical,30,unambiguous,long,object,final,10,5,chapter,10.448851585388184
critical,30,unambiguous,long,object,final,10,6,the,8.32081127166748
critical,30,unambiguous,long,object,final,10,7,textbook,8.802788734436035
critical,30,unambiguous,long,object,final,10,8,on,4.689639568328857
critical,30,unambiguous,long,object,final,10,9,biology,10.270941734313965
critical,30,unambiguous,long,object,final,10,10,grew.,16.63392448425293
