item_category,item,ambiguity,length,resolution,finality,critical_word_index,word_index,word,surprisal
critical,1,ambiguous,long,object,nonfinal,8,0,As,7.890288829803467
critical,1,ambiguous,long,object,nonfinal,8,1,the,2.4022316932678223
critical,1,ambiguous,long,object,nonfinal,8,2,lifeguard,25.964548110961918
critical,1,ambiguous,long,object,nonfinal,8,3,watched,11.87644863128662
critical,1,ambiguous,long,object,nonfinal,8,4,the,1.8169705867767332
critical,1,ambiguous,long,object,nonfinal,8,5,kids,4.60454797744751
critical,1,ambiguous,long,object,nonfinal,8,6,playing,5.216443061828613
critical,1,ambiguous,long,object,nonfinal,8,7,happily,7.393726825714111
critical,1,ambiguous,long,object,nonfinal,8,8,splashed,16.16066551208496
critical,1,ambiguous,long,object,nonfinal,8,9,each,8.406388282775879
critical,1,ambiguous,long,object,nonfinal,8,10,other,0.151017278432846
critical,1,ambiguous,long,object,nonfinal,8,11,with,2.056345701217652
critical,1,ambiguous,long,object,nonfinal,8,12,water.,5.192753255367279
critical,1,ambiguous,short,object,nonfinal,6,0,As,7.890288829803467
critical,1,ambiguous,short,object,nonfinal,6,1,the,2.4022316932678223
critical,1,ambiguous,short,object,nonfinal,6,2,lifeguard,25.964548110961918
critical,1,ambiguous,short,object,nonfinal,6,3,watched,11.87644863128662
critical,1,ambiguous,short,object,nonfinal,6,4,the,1.8169705867767332
critical,1,ambiguous,short,object,nonfinal,6,5,kids,4.60454797744751
critical,1,ambiguous,short,object,nonfinal,6,6,splashed,12.410540580749512
critical,1,ambiguous,short,object,nonfinal,6,7,each,9.147978782653809
critical,1,ambiguous,short,object,nonfinal,6,8,other,0.096153438091278
critical,1,ambiguous,short,object,nonfinal,6,9,with,2.820862293243408
critical,1,ambiguous,short,object,nonfinal,6,10,water.,9.134008169174194
critical,1,unambiguous,long,object,nonfinal,10,0,As,7.890288829803467
critical,1,unambiguous,long,object,nonfinal,10,1,the,2.4022316932678223
critical,1,unambiguous,long,object,nonfinal,10,2,lifeguard,25.964548110961918
critical,1,unambiguous,long,object,nonfinal,10,3,watched,11.87644863128662
critical,1,unambiguous,long,object,nonfinal,10,4,the,1.8169705867767332
critical,1,unambiguous,long,object,nonfinal,10,5,pool,8.24852466583252
critical,1,unambiguous,long,object,nonfinal,10,6,the,8.827789306640625
critical,1,unambiguous,long,object,nonfinal,10,7,kids,3.807314872741699
critical,1,unambiguous,long,object,nonfinal,10,8,playing,7.318507194519043
critical,1,unambiguous,long,object,nonfinal,10,9,happily,7.239378452301025
critical,1,unambiguous,long,object,nonfinal,10,10,splashed,9.153522491455078
critical,1,unambiguous,long,object,nonfinal,10,11,each,5.702419281005859
critical,1,unambiguous,long,object,nonfinal,10,12,other,0.0470434464514255
critical,1,unambiguous,long,object,nonfinal,10,13,with,3.05849552154541
critical,1,unambiguous,long,object,nonfinal,10,14,water.,2.2795186042785645
critical,1,unambiguous,short,object,nonfinal,8,0,As,7.890288829803467
critical,1,unambiguous,short,object,nonfinal,8,1,the,2.4022316932678223
critical,1,unambiguous,short,object,nonfinal,8,2,lifeguard,25.964548110961918
critical,1,unambiguous,short,object,nonfinal,8,3,watched,11.87644863128662
critical,1,unambiguous,short,object,nonfinal,8,4,the,1.8169705867767332
critical,1,unambiguous,short,object,nonfinal,8,5,pool,8.24852466583252
critical,1,unambiguous,short,object,nonfinal,8,6,the,8.827789306640625
critical,1,unambiguous,short,object,nonfinal,8,7,kids,3.807314872741699
critical,1,unambiguous,short,object,nonfinal,8,8,splashed,7.34021520614624
critical,1,unambiguous,short,object,nonfinal,8,9,each,7.242763042449951
critical,1,unambiguous,short,object,nonfinal,8,10,other,0.1160291284322738
critical,1,unambiguous,short,object,nonfinal,8,11,with,3.3786253929138184
critical,1,unambiguous,short,object,nonfinal,8,12,water.,3.4359052181243896
critical,2,ambiguous,long,comma,nonfinal,9,0,Because,15.916193962097168
critical,2,ambiguous,long,comma,nonfinal,9,1,the,2.867253541946411
critical,2,ambiguous,long,comma,nonfinal,9,2,suspect,15.937948226928713
critical,2,ambiguous,long,comma,nonfinal,9,3,changed,13.784689903259276
critical,2,ambiguous,long,comma,nonfinal,9,4,the,3.058456897735596
critical,2,ambiguous,long,comma,nonfinal,9,5,file,12.351754188537598
critical,2,ambiguous,long,comma,nonfinal,9,6,with,7.113544940948486
critical,2,ambiguous,long,comma,nonfinal,9,7,the,1.4733988046646118
critical,2,ambiguous,long,comma,nonfinal,9,8,evidence,11.237736701965332
critical,2,ambiguous,long,comma,nonfinal,9,9,needed,12.18873119354248
critical,2,ambiguous,long,comma,nonfinal,9,10,to,1.0733808279037476
critical,2,ambiguous,long,comma,nonfinal,9,11,be,4.001328945159912
critical,2,ambiguous,long,comma,nonfinal,9,12,updated.,15.934561252593994
critical,2,ambiguous,short,comma,nonfinal,6,0,Because,15.916193962097168
critical,2,ambiguous,short,comma,nonfinal,6,1,the,2.867253541946411
critical,2,ambiguous,short,comma,nonfinal,6,2,suspect,15.937948226928713
critical,2,ambiguous,short,comma,nonfinal,6,3,changed,13.784689903259276
critical,2,ambiguous,short,comma,nonfinal,6,4,the,3.058456897735596
critical,2,ambiguous,short,comma,nonfinal,6,5,file,12.351754188537598
critical,2,ambiguous,short,comma,nonfinal,6,6,needed,18.733585357666016
critical,2,ambiguous,short,comma,nonfinal,6,7,to,0.7699621915817261
critical,2,ambiguous,short,comma,nonfinal,6,8,be,2.6468350887298584
critical,2,ambiguous,short,comma,nonfinal,6,9,updated.,9.803067445755005
critical,2,unambiguous,long,comma,nonfinal,9,0,Because,15.916193962097168
critical,2,unambiguous,long,comma,nonfinal,9,1,the,2.867253541946411
critical,2,unambiguous,long,comma,nonfinal,9,2,suspect,15.937948226928713
critical,2,unambiguous,long,comma,nonfinal,9,3,"changed,",22.57231712341309
critical,2,unambiguous,long,comma,nonfinal,9,4,the,1.4188458919525146
critical,2,unambiguous,long,comma,nonfinal,9,5,file,11.77448272705078
critical,2,unambiguous,long,comma,nonfinal,9,6,with,7.3469390869140625
critical,2,unambiguous,long,comma,nonfinal,9,7,the,0.5057803392410278
critical,2,unambiguous,long,comma,nonfinal,9,8,evidence,7.453318119049072
critical,2,unambiguous,long,comma,nonfinal,9,9,needed,7.9478230476379395
critical,2,unambiguous,long,comma,nonfinal,9,10,to,0.5821130871772766
critical,2,unambiguous,long,comma,nonfinal,9,11,be,1.9191887378692627
critical,2,unambiguous,long,comma,nonfinal,9,12,updated.,4.67174232006073
critical,2,unambiguous,short,comma,nonfinal,6,0,Because,15.916193962097168
critical,2,unambiguous,short,comma,nonfinal,6,1,the,2.867253541946411
critical,2,unambiguous,short,comma,nonfinal,6,2,suspect,15.937948226928713
critical,2,unambiguous,short,comma,nonfinal,6,3,"changed,",22.57231712341309
critical,2,unambiguous,short,comma,nonfinal,6,4,the,1.4188458919525146
critical,2,unambiguous,short,comma,nonfinal,6,5,file,11.77448272705078
critical,2,unambiguous,short,comma,nonfinal,6,6,needed,9.60447883605957
critical,2,unambiguous,short,comma,nonfinal,6,7,to,0.2097748070955276
critical,2,unambiguous,short,comma,nonfinal,6,8,be,0.207397311925888
critical,2,unambiguous,short,comma,nonfinal,6,9,updated.,4.05311381816864
critical,3,ambiguous,long,object,nonfinal,11,0,While,11.370803833007812
critical,3,ambiguous,long,object,nonfinal,11,1,the,1.824116826057434
critical,3,ambiguous,long,object,nonfinal,11,2,new,5.830693244934082
critical,3,ambiguous,long,object,nonfinal,11,3,chef,19.73042106628418
critical,3,ambiguous,long,object,nonfinal,11,4,cooked,15.10421657562256
critical,3,ambiguous,long,object,nonfinal,11,5,the,3.342027425765991
critical,3,ambiguous,long,object,nonfinal,11,6,stew,11.75694465637207
critical,3,ambiguous,long,object,nonfinal,11,7,with,5.879767417907715
critical,3,ambiguous,long,object,nonfinal,11,8,lamb,7.699249267578125
critical,3,ambiguous,long,object,nonfinal,11,9,and,2.0216848850250244
critical,3,ambiguous,long,object,nonfinal,11,10,vegetables,2.845242500305176
critical,3,ambiguous,long,object,nonfinal,11,11,boiled,15.785357475280762
critical,3,ambiguous,long,object,nonfinal,11,12,over.,20.79049015045166
critical,3,ambiguous,short,object,nonfinal,7,0,While,11.370803833007812
critical,3,ambiguous,short,object,nonfinal,7,1,the,1.824116826057434
critical,3,ambiguous,short,object,nonfinal,7,2,new,5.830693244934082
critical,3,ambiguous,short,object,nonfinal,7,3,chef,19.73042106628418
critical,3,ambiguous,short,object,nonfinal,7,4,cooked,15.10421657562256
critical,3,ambiguous,short,object,nonfinal,7,5,the,3.342027425765991
critical,3,ambiguous,short,object,nonfinal,7,6,stew,11.75694465637207
critical,3,ambiguous,short,object,nonfinal,7,7,boiled,16.915464401245117
critical,3,ambiguous,short,object,nonfinal,7,8,over.,14.310265064239502
critical,3,unambiguous,long,object,nonfinal,13,0,While,11.370803833007812
critical,3,unambiguous,long,object,nonfinal,13,1,the,1.824116826057434
critical,3,unambiguous,long,object,nonfinal,13,2,new,5.830693244934082
critical,3,unambiguous,long,object,nonfinal,13,3,chef,19.73042106628418
critical,3,unambiguous,long,object,nonfinal,13,4,cooked,15.10421657562256
critical,3,unambiguous,long,object,nonfinal,13,5,the,3.342027425765991
critical,3,unambiguous,long,object,nonfinal,13,6,appetizers,8.276660919189453
critical,3,unambiguous,long,object,nonfinal,13,7,the,7.0321364402771
critical,3,unambiguous,long,object,nonfinal,13,8,stew,16.524805068969727
critical,3,unambiguous,long,object,nonfinal,13,9,with,8.432657241821289
critical,3,unambiguous,long,object,nonfinal,13,10,lamb,3.695808172225952
critical,3,unambiguous,long,object,nonfinal,13,11,and,1.8088667392730715
critical,3,unambiguous,long,object,nonfinal,13,12,vegetables,3.580926418304444
critical,3,unambiguous,long,object,nonfinal,13,13,boiled,9.600000381469728
critical,3,unambiguous,long,object,nonfinal,13,14,over.,14.027085304260254
critical,3,unambiguous,short,object,nonfinal,9,0,While,11.370803833007812
critical,3,unambiguous,short,object,nonfinal,9,1,the,1.824116826057434
critical,3,unambiguous,short,object,nonfinal,9,2,new,5.830693244934082
critical,3,unambiguous,short,object,nonfinal,9,3,chef,19.73042106628418
critical,3,unambiguous,short,object,nonfinal,9,4,cooked,15.10421657562256
critical,3,unambiguous,short,object,nonfinal,9,5,the,3.342027425765991
critical,3,unambiguous,short,object,nonfinal,9,6,appetizers,8.276660919189453
critical,3,unambiguous,short,object,nonfinal,9,7,the,7.0321364402771
critical,3,unambiguous,short,object,nonfinal,9,8,stew,16.524805068969727
critical,3,unambiguous,short,object,nonfinal,9,9,boiled,8.379237174987793
critical,3,unambiguous,short,object,nonfinal,9,10,over.,9.75083827972412
critical,4,ambiguous,long,comma,nonfinal,8,0,As,7.890288829803467
critical,4,ambiguous,long,comma,nonfinal,8,1,the,2.4022316932678223
critical,4,ambiguous,long,comma,nonfinal,8,2,child,12.756021499633787
critical,4,ambiguous,long,comma,nonfinal,8,3,showered,25.586191177368164
critical,4,ambiguous,long,comma,nonfinal,8,4,the,4.946658611297607
critical,4,ambiguous,long,comma,nonfinal,8,5,cat,9.972134590148926
critical,4,ambiguous,long,comma,nonfinal,8,6,complaining,21.29277610778809
critical,4,ambiguous,long,comma,nonfinal,8,7,loudly,6.645044803619385
critical,4,ambiguous,long,comma,nonfinal,8,8,ran,18.90431022644043
critical,4,ambiguous,long,comma,nonfinal,8,9,around,6.124927043914795
critical,4,ambiguous,long,comma,nonfinal,8,10,the,0.8818939924240112
critical,4,ambiguous,long,comma,nonfinal,8,11,room.,4.640700101852417
critical,4,ambiguous,short,comma,nonfinal,6,0,As,7.890288829803467
critical,4,ambiguous,short,comma,nonfinal,6,1,the,2.4022316932678223
critical,4,ambiguous,short,comma,nonfinal,6,2,child,12.756021499633787
critical,4,ambiguous,short,comma,nonfinal,6,3,showered,25.586191177368164
critical,4,ambiguous,short,comma,nonfinal,6,4,the,4.946658611297607
critical,4,ambiguous,short,comma,nonfinal,6,5,cat,9.972134590148926
critical,4,ambiguous,short,comma,nonfinal,6,6,ran,11.406710624694824
critical,4,ambiguous,short,comma,nonfinal,6,7,around,5.109574317932129
critical,4,ambiguous,short,comma,nonfinal,6,8,the,0.9790133237838744
critical,4,ambiguous,short,comma,nonfinal,6,9,room.,4.609143137931824
critical,4,unambiguous,long,comma,nonfinal,8,0,As,7.890288829803467
critical,4,unambiguous,long,comma,nonfinal,8,1,the,2.4022316932678223
critical,4,unambiguous,long,comma,nonfinal,8,2,child,12.756021499633787
critical,4,unambiguous,long,comma,nonfinal,8,3,"showered,",28.079546213150024
critical,4,unambiguous,long,comma,nonfinal,8,4,the,2.7214643955230717
critical,4,unambiguous,long,comma,nonfinal,8,5,cat,10.708174705505373
critical,4,unambiguous,long,comma,nonfinal,8,6,complaining,22.23729133605957
critical,4,unambiguous,long,comma,nonfinal,8,7,loudly,5.518637180328369
critical,4,unambiguous,long,comma,nonfinal,8,8,ran,10.755728721618652
critical,4,unambiguous,long,comma,nonfinal,8,9,around,3.937800168991089
critical,4,unambiguous,long,comma,nonfinal,8,10,the,0.9138360023498536
critical,4,unambiguous,long,comma,nonfinal,8,11,room.,3.104743719100952
critical,4,unambiguous,short,comma,nonfinal,6,0,As,7.890288829803467
critical,4,unambiguous,short,comma,nonfinal,6,1,the,2.4022316932678223
critical,4,unambiguous,short,comma,nonfinal,6,2,child,12.756021499633787
critical,4,unambiguous,short,comma,nonfinal,6,3,"showered,",28.079546213150024
critical,4,unambiguous,short,comma,nonfinal,6,4,the,2.7214643955230717
critical,4,unambiguous,short,comma,nonfinal,6,5,cat,10.708174705505373
critical,4,unambiguous,short,comma,nonfinal,6,6,ran,5.261912345886231
critical,4,unambiguous,short,comma,nonfinal,6,7,around,3.7837119102478023
critical,4,unambiguous,short,comma,nonfinal,6,8,the,1.2822420597076416
critical,4,unambiguous,short,comma,nonfinal,6,9,room.,3.909361004829407
critical,5,ambiguous,long,comma,final,9,0,When,8.491835594177246
critical,5,ambiguous,long,comma,final,9,1,the,3.2204699516296387
critical,5,ambiguous,long,comma,final,9,2,family,8.417073249816895
critical,5,ambiguous,long,comma,final,9,3,moved,4.939580917358398
critical,5,ambiguous,long,comma,final,9,4,the,8.649494171142578
critical,5,ambiguous,long,comma,final,9,5,vases,19.72657585144043
critical,5,ambiguous,long,comma,final,9,6,made,9.318320274353027
critical,5,ambiguous,long,comma,final,9,7,of,1.7650675773620603
critical,5,ambiguous,long,comma,final,9,8,porcelain,4.315925121307373
critical,5,ambiguous,long,comma,final,9,9,broke.,12.682545185089111
critical,5,ambiguous,short,comma,final,6,0,When,8.491835594177246
critical,5,ambiguous,short,comma,final,6,1,the,3.2204699516296387
critical,5,ambiguous,short,comma,final,6,2,family,8.417073249816895
critical,5,ambiguous,short,comma,final,6,3,moved,4.939580917358398
critical,5,ambiguous,short,comma,final,6,4,the,8.649494171142578
critical,5,ambiguous,short,comma,final,6,5,vases,19.72657585144043
critical,5,ambiguous,short,comma,final,6,6,broke.,15.373690485954285
critical,5,unambiguous,long,comma,final,9,0,When,8.491835594177246
critical,5,unambiguous,long,comma,final,9,1,the,3.2204699516296387
critical,5,unambiguous,long,comma,final,9,2,family,8.417073249816895
critical,5,unambiguous,long,comma,final,9,3,"moved,",10.139887809753418
critical,5,unambiguous,long,comma,final,9,4,the,2.19105076789856
critical,5,unambiguous,long,comma,final,9,5,vases,20.089599609375
critical,5,unambiguous,long,comma,final,9,6,made,9.058889389038086
critical,5,unambiguous,long,comma,final,9,7,of,2.0439298152923584
critical,5,unambiguous,long,comma,final,9,8,porcelain,4.167662620544434
critical,5,unambiguous,long,comma,final,9,9,broke.,10.150182366371157
critical,5,unambiguous,short,comma,final,6,0,When,8.491835594177246
critical,5,unambiguous,short,comma,final,6,1,the,3.2204699516296387
critical,5,unambiguous,short,comma,final,6,2,family,8.417073249816895
critical,5,unambiguous,short,comma,final,6,3,"moved,",10.139887809753418
critical,5,unambiguous,short,comma,final,6,4,the,2.19105076789856
critical,5,unambiguous,short,comma,final,6,5,vases,20.089599609375
critical,5,unambiguous,short,comma,final,6,6,broke.,10.191221117973328
critical,6,ambiguous,long,comma,nonfinal,10,0,After,9.379180908203123
critical,6,ambiguous,long,comma,nonfinal,10,1,the,2.699500322341919
critical,6,ambiguous,long,comma,nonfinal,10,2,new,8.102417945861816
critical,6,ambiguous,long,comma,nonfinal,10,3,doctor,15.447185516357422
critical,6,ambiguous,long,comma,nonfinal,10,4,left,6.221117496490479
critical,6,ambiguous,long,comma,nonfinal,10,5,the,2.4895739555358887
critical,6,ambiguous,long,comma,nonfinal,10,6,operation,9.687259674072266
critical,6,ambiguous,long,comma,nonfinal,10,7,on,8.245075225830078
critical,6,ambiguous,long,comma,nonfinal,10,8,the,1.1026674509048462
critical,6,ambiguous,long,comma,nonfinal,10,9,brain,6.962924003601074
critical,6,ambiguous,long,comma,nonfinal,10,10,appeared,15.772168159484863
critical,6,ambiguous,long,comma,nonfinal,10,11,more,6.439114570617676
critical,6,ambiguous,long,comma,nonfinal,10,12,likely,10.71277141571045
critical,6,ambiguous,long,comma,nonfinal,10,13,to,1.0518238544464111
critical,6,ambiguous,long,comma,nonfinal,10,14,succeed.,6.761587381362915
critical,6,ambiguous,short,comma,nonfinal,7,0,After,9.379180908203123
critical,6,ambiguous,short,comma,nonfinal,7,1,the,2.699500322341919
critical,6,ambiguous,short,comma,nonfinal,7,2,new,8.102417945861816
critical,6,ambiguous,short,comma,nonfinal,7,3,doctor,15.447185516357422
critical,6,ambiguous,short,comma,nonfinal,7,4,left,6.221117496490479
critical,6,ambiguous,short,comma,nonfinal,7,5,the,2.4895739555358887
critical,6,ambiguous,short,comma,nonfinal,7,6,operation,9.687259674072266
critical,6,ambiguous,short,comma,nonfinal,7,7,appeared,16.0239200592041
critical,6,ambiguous,short,comma,nonfinal,7,8,more,5.992541313171387
critical,6,ambiguous,short,comma,nonfinal,7,9,likely,9.902812957763672
critical,6,ambiguous,short,comma,nonfinal,7,10,to,1.145156741142273
critical,6,ambiguous,short,comma,nonfinal,7,11,succeed.,4.253340125083923
critical,6,unambiguous,long,comma,nonfinal,10,0,After,9.379180908203123
critical,6,unambiguous,long,comma,nonfinal,10,1,the,2.699500322341919
critical,6,unambiguous,long,comma,nonfinal,10,2,new,8.102417945861816
critical,6,unambiguous,long,comma,nonfinal,10,3,doctor,15.447185516357422
critical,6,unambiguous,long,comma,nonfinal,10,4,"left,",7.089153826236725
critical,6,unambiguous,long,comma,nonfinal,10,5,the,1.8388769626617432
critical,6,unambiguous,long,comma,nonfinal,10,6,operation,12.784795761108398
critical,6,unambiguous,long,comma,nonfinal,10,7,on,7.216405868530273
critical,6,unambiguous,long,comma,nonfinal,10,8,the,0.8176275491714478
critical,6,unambiguous,long,comma,nonfinal,10,9,brain,6.762974262237549
critical,6,unambiguous,long,comma,nonfinal,10,10,appeared,10.458710670471191
critical,6,unambiguous,long,comma,nonfinal,10,11,more,6.355014801025391
critical,6,unambiguous,long,comma,nonfinal,10,12,likely,8.777588844299316
critical,6,unambiguous,long,comma,nonfinal,10,13,to,1.4293628931045532
critical,6,unambiguous,long,comma,nonfinal,10,14,succeed.,3.3780667781829834
critical,6,unambiguous,short,comma,nonfinal,7,0,After,9.379180908203123
critical,6,unambiguous,short,comma,nonfinal,7,1,the,2.699500322341919
critical,6,unambiguous,short,comma,nonfinal,7,2,new,8.102417945861816
critical,6,unambiguous,short,comma,nonfinal,7,3,doctor,15.447185516357422
critical,6,unambiguous,short,comma,nonfinal,7,4,"left,",7.089153826236725
critical,6,unambiguous,short,comma,nonfinal,7,5,the,1.8388769626617432
critical,6,unambiguous,short,comma,nonfinal,7,6,operation,12.784795761108398
critical,6,unambiguous,short,comma,nonfinal,7,7,appeared,12.18076229095459
critical,6,unambiguous,short,comma,nonfinal,7,8,more,6.3670148849487305
critical,6,unambiguous,short,comma,nonfinal,7,9,likely,8.560428619384766
critical,6,unambiguous,short,comma,nonfinal,7,10,to,0.9476629495620728
critical,6,unambiguous,short,comma,nonfinal,7,11,succeed.,2.255110800266266
critical,7,ambiguous,long,comma,final,8,0,While,11.370803833007812
critical,7,ambiguous,long,comma,final,8,1,the,1.824116826057434
critical,7,ambiguous,long,comma,final,8,2,mom,23.013540267944336
critical,7,ambiguous,long,comma,final,8,3,dressed,15.76339054107666
critical,7,ambiguous,long,comma,final,8,4,the,7.114573955535889
critical,7,ambiguous,long,comma,final,8,5,baby,2.621450424194336
critical,7,ambiguous,long,comma,final,8,6,she,10.103766441345217
critical,7,ambiguous,long,comma,final,8,7,adored,9.293208122253418
critical,7,ambiguous,long,comma,final,8,8,cried.,22.160196781158447
critical,7,ambiguous,short,comma,final,6,0,While,11.370803833007812
critical,7,ambiguous,short,comma,final,6,1,the,1.824116826057434
critical,7,ambiguous,short,comma,final,6,2,mom,23.013540267944336
critical,7,ambiguous,short,comma,final,6,3,dressed,15.76339054107666
critical,7,ambiguous,short,comma,final,6,4,the,7.114573955535889
critical,7,ambiguous,short,comma,final,6,5,baby,2.621450424194336
critical,7,ambiguous,short,comma,final,6,6,cried.,21.544594764709476
critical,7,unambiguous,long,comma,final,8,0,While,11.370803833007812
critical,7,unambiguous,long,comma,final,8,1,the,1.824116826057434
critical,7,unambiguous,long,comma,final,8,2,mom,23.013540267944336
critical,7,unambiguous,long,comma,final,8,3,"dressed,",25.788264274597168
critical,7,unambiguous,long,comma,final,8,4,the,2.255496025085449
critical,7,unambiguous,long,comma,final,8,5,baby,4.269503593444824
critical,7,unambiguous,long,comma,final,8,6,she,13.74499797821045
critical,7,unambiguous,long,comma,final,8,7,adored,10.242033004760742
critical,7,unambiguous,long,comma,final,8,8,cried.,9.439035058021544
critical,7,unambiguous,short,comma,final,6,0,While,11.370803833007812
critical,7,unambiguous,short,comma,final,6,1,the,1.824116826057434
critical,7,unambiguous,short,comma,final,6,2,mom,23.013540267944336
critical,7,unambiguous,short,comma,final,6,3,"dressed,",25.788264274597168
critical,7,unambiguous,short,comma,final,6,4,the,2.255496025085449
critical,7,unambiguous,short,comma,final,6,5,baby,4.269503593444824
critical,7,unambiguous,short,comma,final,6,6,cried.,6.477463662624359
critical,8,ambiguous,long,comma,nonfinal,9,0,As,7.890288829803467
critical,8,ambiguous,long,comma,nonfinal,9,1,the,2.4022316932678223
critical,8,ambiguous,long,comma,nonfinal,9,2,crowd,13.61732578277588
critical,8,ambiguous,long,comma,nonfinal,9,3,applauded,8.542774200439453
critical,8,ambiguous,long,comma,nonfinal,9,4,the,2.902602195739746
critical,8,ambiguous,long,comma,nonfinal,9,5,cast,6.597645282745361
critical,8,ambiguous,long,comma,nonfinal,9,6,for,5.955018997192383
critical,8,ambiguous,long,comma,nonfinal,9,7,the,3.666562795639038
critical,8,ambiguous,long,comma,nonfinal,9,8,play,6.705996990203857
critical,8,ambiguous,long,comma,nonfinal,9,9,came,15.886109352111816
critical,8,ambiguous,long,comma,nonfinal,9,10,back,5.557532787322998
critical,8,ambiguous,long,comma,nonfinal,9,11,on,2.344296932220459
critical,8,ambiguous,long,comma,nonfinal,9,12,stage,0.6058549880981445
critical,8,ambiguous,long,comma,nonfinal,9,13,and,4.463505744934082
critical,8,ambiguous,long,comma,nonfinal,9,14,waived.,25.929975509643555
critical,8,ambiguous,short,comma,nonfinal,6,0,As,7.890288829803467
critical,8,ambiguous,short,comma,nonfinal,6,1,the,2.4022316932678223
critical,8,ambiguous,short,comma,nonfinal,6,2,crowd,13.61732578277588
critical,8,ambiguous,short,comma,nonfinal,6,3,applauded,8.542774200439453
critical,8,ambiguous,short,comma,nonfinal,6,4,the,2.902602195739746
critical,8,ambiguous,short,comma,nonfinal,6,5,cast,6.597645282745361
critical,8,ambiguous,short,comma,nonfinal,6,6,came,15.64963436126709
critical,8,ambiguous,short,comma,nonfinal,6,7,back,4.867659568786621
critical,8,ambiguous,short,comma,nonfinal,6,8,on,1.5045757293701172
critical,8,ambiguous,short,comma,nonfinal,6,9,stage,0.2676215171813965
critical,8,ambiguous,short,comma,nonfinal,6,10,and,2.7921948432922363
critical,8,ambiguous,short,comma,nonfinal,6,11,waived.,22.644617557525635
critical,8,unambiguous,long,comma,nonfinal,9,0,As,7.890288829803467
critical,8,unambiguous,long,comma,nonfinal,9,1,the,2.4022316932678223
critical,8,unambiguous,long,comma,nonfinal,9,2,crowd,13.61732578277588
critical,8,unambiguous,long,comma,nonfinal,9,3,"applauded,",9.57503879070282
critical,8,unambiguous,long,comma,nonfinal,9,4,the,1.1783013343811035
critical,8,unambiguous,long,comma,nonfinal,9,5,cast,6.959408760070801
critical,8,unambiguous,long,comma,nonfinal,9,6,for,9.526464462280272
critical,8,unambiguous,long,comma,nonfinal,9,7,the,0.9459266066551208
critical,8,unambiguous,long,comma,nonfinal,9,8,play,4.720282554626465
critical,8,unambiguous,long,comma,nonfinal,9,9,came,8.19273567199707
critical,8,unambiguous,long,comma,nonfinal,9,10,back,6.434391021728516
critical,8,unambiguous,long,comma,nonfinal,9,11,on,1.4257086515426636
critical,8,unambiguous,long,comma,nonfinal,9,12,stage,0.1745059788227081
critical,8,unambiguous,long,comma,nonfinal,9,13,and,2.4796292781829834
critical,8,unambiguous,long,comma,nonfinal,9,14,waived.,21.84599781036377
critical,8,unambiguous,short,comma,nonfinal,6,0,As,7.890288829803467
critical,8,unambiguous,short,comma,nonfinal,6,1,the,2.4022316932678223
critical,8,unambiguous,short,comma,nonfinal,6,2,crowd,13.61732578277588
critical,8,unambiguous,short,comma,nonfinal,6,3,"applauded,",9.57503879070282
critical,8,unambiguous,short,comma,nonfinal,6,4,the,1.1783013343811035
critical,8,unambiguous,short,comma,nonfinal,6,5,cast,6.959408760070801
critical,8,unambiguous,short,comma,nonfinal,6,6,came,6.359292507171631
critical,8,unambiguous,short,comma,nonfinal,6,7,back,4.541519641876221
critical,8,unambiguous,short,comma,nonfinal,6,8,on,1.7350462675094604
critical,8,unambiguous,short,comma,nonfinal,6,9,stage,0.1800727099180221
critical,8,unambiguous,short,comma,nonfinal,6,10,and,2.191953182220459
critical,8,unambiguous,short,comma,nonfinal,6,11,waived.,20.72828435897827
critical,9,ambiguous,long,object,nonfinal,8,0,Because,15.916193962097168
critical,9,ambiguous,long,object,nonfinal,8,1,the,2.867253541946411
critical,9,ambiguous,long,object,nonfinal,8,2,mechanic,21.817760467529297
critical,9,ambiguous,long,object,nonfinal,8,3,stopped,11.955833435058594
critical,9,ambiguous,long,object,nonfinal,8,4,the,3.10290002822876
critical,9,ambiguous,long,object,nonfinal,8,5,truck,5.0773515701293945
critical,9,ambiguous,long,object,nonfinal,8,6,leaking,16.507640838623047
critical,9,ambiguous,long,object,nonfinal,8,7,oil,2.0843169689178467
critical,9,ambiguous,long,object,nonfinal,8,8,needed,14.888631820678713
critical,9,ambiguous,long,object,nonfinal,8,9,several,10.688436508178713
critical,9,ambiguous,long,object,nonfinal,8,10,more,5.441154003143311
critical,9,ambiguous,long,object,nonfinal,8,11,hours,3.611547708511353
critical,9,ambiguous,long,object,nonfinal,8,12,before,5.792463779449463
critical,9,ambiguous,long,object,nonfinal,8,13,it,2.0427796840667725
critical,9,ambiguous,long,object,nonfinal,8,14,was,1.9094972610473635
critical,9,ambiguous,long,object,nonfinal,8,15,ready.,5.0137869119644165
critical,9,ambiguous,short,object,nonfinal,6,0,Because,15.916193962097168
critical,9,ambiguous,short,object,nonfinal,6,1,the,2.867253541946411
critical,9,ambiguous,short,object,nonfinal,6,2,mechanic,21.817760467529297
critical,9,ambiguous,short,object,nonfinal,6,3,stopped,11.955833435058594
critical,9,ambiguous,short,object,nonfinal,6,4,the,3.10290002822876
critical,9,ambiguous,short,object,nonfinal,6,5,truck,5.0773515701293945
critical,9,ambiguous,short,object,nonfinal,6,6,needed,16.018205642700195
critical,9,ambiguous,short,object,nonfinal,6,7,several,9.6007719039917
critical,9,ambiguous,short,object,nonfinal,6,8,more,3.8946144580841056
critical,9,ambiguous,short,object,nonfinal,6,9,hours,2.788466215133667
critical,9,ambiguous,short,object,nonfinal,6,10,before,5.644214630126953
critical,9,ambiguous,short,object,nonfinal,6,11,it,1.665028691291809
critical,9,ambiguous,short,object,nonfinal,6,12,was,2.44366717338562
critical,9,ambiguous,short,object,nonfinal,6,13,ready.,3.0869674682617188
critical,9,unambiguous,long,object,nonfinal,10,0,Because,15.916193962097168
critical,9,unambiguous,long,object,nonfinal,10,1,the,2.867253541946411
critical,9,unambiguous,long,object,nonfinal,10,2,mechanic,21.817760467529297
critical,9,unambiguous,long,object,nonfinal,10,3,stopped,11.955833435058594
critical,9,unambiguous,long,object,nonfinal,10,4,the,3.10290002822876
critical,9,unambiguous,long,object,nonfinal,10,5,repairs,12.155800819396973
critical,9,unambiguous,long,object,nonfinal,10,6,the,6.84323787689209
critical,9,unambiguous,long,object,nonfinal,10,7,truck,7.20008659362793
critical,9,unambiguous,long,object,nonfinal,10,8,leaking,16.885709762573242
critical,9,unambiguous,long,object,nonfinal,10,9,oil,1.554621338844299
critical,9,unambiguous,long,object,nonfinal,10,10,needed,8.4556245803833
critical,9,unambiguous,long,object,nonfinal,10,11,several,10.23095989227295
critical,9,unambiguous,long,object,nonfinal,10,12,more,2.5712313652038574
critical,9,unambiguous,long,object,nonfinal,10,13,hours,3.3806424140930176
critical,9,unambiguous,long,object,nonfinal,10,14,before,6.10775899887085
critical,9,unambiguous,long,object,nonfinal,10,15,it,1.912592887878418
critical,9,unambiguous,long,object,nonfinal,10,16,was,2.217060089111328
critical,9,unambiguous,long,object,nonfinal,10,17,ready.,3.7860865592956543
critical,9,unambiguous,short,object,nonfinal,8,0,Because,15.916193962097168
critical,9,unambiguous,short,object,nonfinal,8,1,the,2.867253541946411
critical,9,unambiguous,short,object,nonfinal,8,2,mechanic,21.817760467529297
critical,9,unambiguous,short,object,nonfinal,8,3,stopped,11.955833435058594
critical,9,unambiguous,short,object,nonfinal,8,4,the,3.10290002822876
critical,9,unambiguous,short,object,nonfinal,8,5,repairs,12.155800819396973
critical,9,unambiguous,short,object,nonfinal,8,6,the,6.84323787689209
critical,9,unambiguous,short,object,nonfinal,8,7,truck,7.20008659362793
critical,9,unambiguous,short,object,nonfinal,8,8,needed,5.45683479309082
critical,9,unambiguous,short,object,nonfinal,8,9,several,10.585382461547852
critical,9,unambiguous,short,object,nonfinal,8,10,more,3.213810920715332
critical,9,unambiguous,short,object,nonfinal,8,11,hours,4.456975936889648
critical,9,unambiguous,short,object,nonfinal,8,12,before,4.833463668823242
critical,9,unambiguous,short,object,nonfinal,8,13,it,2.328411102294922
critical,9,unambiguous,short,object,nonfinal,8,14,was,2.138435125350952
critical,9,unambiguous,short,object,nonfinal,8,15,ready.,2.982930421829224
critical,10,ambiguous,long,comma,nonfinal,8,0,When,8.491835594177246
critical,10,ambiguous,long,comma,nonfinal,8,1,the,3.2204699516296387
critical,10,ambiguous,long,comma,nonfinal,8,2,boy,13.139512062072754
critical,10,ambiguous,long,comma,nonfinal,8,3,hid,17.454248428344727
critical,10,ambiguous,long,comma,nonfinal,8,4,his,2.233050346374512
critical,10,ambiguous,long,comma,nonfinal,8,5,toy,8.6541109085083
critical,10,ambiguous,long,comma,nonfinal,8,6,from,3.8980445861816406
critical,10,ambiguous,long,comma,nonfinal,8,7,childhood,14.679357528686523
critical,10,ambiguous,long,comma,nonfinal,8,8,fell,15.241011619567873
critical,10,ambiguous,long,comma,nonfinal,8,9,off,5.830756664276123
critical,10,ambiguous,long,comma,nonfinal,8,10,the,0.8194822072982788
critical,10,ambiguous,long,comma,nonfinal,8,11,table.,7.927331209182739
critical,10,ambiguous,short,comma,nonfinal,6,0,When,8.491835594177246
critical,10,ambiguous,short,comma,nonfinal,6,1,the,3.2204699516296387
critical,10,ambiguous,short,comma,nonfinal,6,2,boy,13.139512062072754
critical,10,ambiguous,short,comma,nonfinal,6,3,hid,17.454248428344727
critical,10,ambiguous,short,comma,nonfinal,6,4,his,2.233050346374512
critical,10,ambiguous,short,comma,nonfinal,6,5,toy,8.6541109085083
critical,10,ambiguous,short,comma,nonfinal,6,6,fell,15.952447891235352
critical,10,ambiguous,short,comma,nonfinal,6,7,off,3.465421438217163
critical,10,ambiguous,short,comma,nonfinal,6,8,the,0.8102474212646484
critical,10,ambiguous,short,comma,nonfinal,6,9,table.,5.778980255126953
critical,10,unambiguous,long,comma,nonfinal,8,0,When,8.491835594177246
critical,10,unambiguous,long,comma,nonfinal,8,1,the,3.2204699516296387
critical,10,unambiguous,long,comma,nonfinal,8,2,boy,13.139512062072754
critical,10,unambiguous,long,comma,nonfinal,8,3,"hid,",22.433322429656982
critical,10,unambiguous,long,comma,nonfinal,8,4,his,3.52828049659729
critical,10,unambiguous,long,comma,nonfinal,8,5,toy,12.67077350616455
critical,10,unambiguous,long,comma,nonfinal,8,6,from,9.864773750305176
critical,10,unambiguous,long,comma,nonfinal,8,7,childhood,8.204401016235352
critical,10,unambiguous,long,comma,nonfinal,8,8,fell,6.064620018005371
critical,10,unambiguous,long,comma,nonfinal,8,9,off,5.960170269012451
critical,10,unambiguous,long,comma,nonfinal,8,10,the,1.3954039812088013
critical,10,unambiguous,long,comma,nonfinal,8,11,table.,4.3099788427352905
critical,10,unambiguous,short,comma,nonfinal,6,0,When,8.491835594177246
critical,10,unambiguous,short,comma,nonfinal,6,1,the,3.2204699516296387
critical,10,unambiguous,short,comma,nonfinal,6,2,boy,13.139512062072754
critical,10,unambiguous,short,comma,nonfinal,6,3,"hid,",22.433322429656982
critical,10,unambiguous,short,comma,nonfinal,6,4,his,3.52828049659729
critical,10,unambiguous,short,comma,nonfinal,6,5,toy,12.67077350616455
critical,10,unambiguous,short,comma,nonfinal,6,6,fell,5.1695661544799805
critical,10,unambiguous,short,comma,nonfinal,6,7,off,4.932883262634277
critical,10,unambiguous,short,comma,nonfinal,6,8,the,1.1016052961349487
critical,10,unambiguous,short,comma,nonfinal,6,9,table.,4.269341230392456
critical,11,ambiguous,long,comma,final,12,0,Whenever,19.71836471557617
critical,11,ambiguous,long,comma,final,12,1,the,4.337061405181885
critical,11,ambiguous,long,comma,final,12,2,wildlife,21.423809051513672
critical,11,ambiguous,long,comma,final,12,3,documentary,7.907690525054932
critical,11,ambiguous,long,comma,final,12,4,crew,6.563197612762451
critical,11,ambiguous,long,comma,final,12,5,tries,10.15513801574707
critical,11,ambiguous,long,comma,final,12,6,to,0.0559562742710113
critical,11,ambiguous,long,comma,final,12,7,film,2.410332679748535
critical,11,ambiguous,long,comma,final,12,8,the,3.596030712127685
critical,11,ambiguous,long,comma,final,12,9,bear,8.377541542053223
critical,11,ambiguous,long,comma,final,12,10,hunting,7.050775527954102
critical,11,ambiguous,long,comma,final,12,11,cautiously,24.488224029541016
critical,11,ambiguous,long,comma,final,12,12,leaves.,21.126373291015625
critical,11,ambiguous,short,comma,final,10,0,Whenever,19.71836471557617
critical,11,ambiguous,short,comma,final,10,1,the,4.337061405181885
critical,11,ambiguous,short,comma,final,10,2,wildlife,21.423809051513672
critical,11,ambiguous,short,comma,final,10,3,documentary,7.907690525054932
critical,11,ambiguous,short,comma,final,10,4,crew,6.563197612762451
critical,11,ambiguous,short,comma,final,10,5,tries,10.15513801574707
critical,11,ambiguous,short,comma,final,10,6,to,0.0559562742710113
critical,11,ambiguous,short,comma,final,10,7,film,2.410332679748535
critical,11,ambiguous,short,comma,final,10,8,the,3.596030712127685
critical,11,ambiguous,short,comma,final,10,9,bear,8.377541542053223
critical,11,ambiguous,short,comma,final,10,10,leaves.,22.61250734329224
critical,11,unambiguous,long,comma,final,12,0,Whenever,19.71836471557617
critical,11,unambiguous,long,comma,final,12,1,the,4.337061405181885
critical,11,unambiguous,long,comma,final,12,2,wildlife,21.423809051513672
critical,11,unambiguous,long,comma,final,12,3,documentary,7.907690525054932
critical,11,unambiguous,long,comma,final,12,4,crew,6.563197612762451
critical,11,unambiguous,long,comma,final,12,5,tries,10.15513801574707
critical,11,unambiguous,long,comma,final,12,6,to,0.0559562742710113
critical,11,unambiguous,long,comma,final,12,7,"film,",10.287991046905518
critical,11,unambiguous,long,comma,final,12,8,the,2.7693912982940674
critical,11,unambiguous,long,comma,final,12,9,bear,7.381699085235596
critical,11,unambiguous,long,comma,final,12,10,hunting,13.4462251663208
critical,11,unambiguous,long,comma,final,12,11,cautiously,23.248714447021484
critical,11,unambiguous,long,comma,final,12,12,leaves.,14.547162532806396
critical,11,unambiguous,short,comma,final,10,0,Whenever,19.71836471557617
critical,11,unambiguous,short,comma,final,10,1,the,4.337061405181885
critical,11,unambiguous,short,comma,final,10,2,wildlife,21.423809051513672
critical,11,unambiguous,short,comma,final,10,3,documentary,7.907690525054932
critical,11,unambiguous,short,comma,final,10,4,crew,6.563197612762451
critical,11,unambiguous,short,comma,final,10,5,tries,10.15513801574707
critical,11,unambiguous,short,comma,final,10,6,to,0.0559562742710113
critical,11,unambiguous,short,comma,final,10,7,"film,",10.287991046905518
critical,11,unambiguous,short,comma,final,10,8,the,2.7693912982940674
critical,11,unambiguous,short,comma,final,10,9,bear,7.381699085235596
critical,11,unambiguous,short,comma,final,10,10,leaves.,10.067291855812073
critical,12,ambiguous,long,object,nonfinal,9,0,After,9.379180908203123
critical,12,ambiguous,long,object,nonfinal,9,1,the,2.699500322341919
critical,12,ambiguous,long,object,nonfinal,9,2,tutor,26.539905548095703
critical,12,ambiguous,long,object,nonfinal,9,3,explained,7.46360969543457
critical,12,ambiguous,long,object,nonfinal,9,4,the,1.081162691116333
critical,12,ambiguous,long,object,nonfinal,9,5,problem,5.948226451873779
critical,12,ambiguous,long,object,nonfinal,9,6,for,6.833705902099609
critical,12,ambiguous,long,object,nonfinal,9,7,extra,15.618736267089844
critical,12,ambiguous,long,object,nonfinal,9,8,credit,1.9627678394317627
critical,12,ambiguous,long,object,nonfinal,9,9,was,9.946575164794922
critical,12,ambiguous,long,object,nonfinal,9,10,no,9.054414749145508
critical,12,ambiguous,long,object,nonfinal,9,11,longer,2.0512630939483643
critical,12,ambiguous,long,object,nonfinal,9,12,difficult,11.922119140625
critical,12,ambiguous,long,object,nonfinal,9,13,for,4.523140907287598
critical,12,ambiguous,long,object,nonfinal,9,14,the,2.742393970489502
critical,12,ambiguous,long,object,nonfinal,9,15,student.,4.571342945098877
critical,12,ambiguous,short,object,nonfinal,6,0,After,9.379180908203123
critical,12,ambiguous,short,object,nonfinal,6,1,the,2.699500322341919
critical,12,ambiguous,short,object,nonfinal,6,2,tutor,26.539905548095703
critical,12,ambiguous,short,object,nonfinal,6,3,explained,7.46360969543457
critical,12,ambiguous,short,object,nonfinal,6,4,the,1.081162691116333
critical,12,ambiguous,short,object,nonfinal,6,5,problem,5.948226451873779
critical,12,ambiguous,short,object,nonfinal,6,6,was,10.034173965454102
critical,12,ambiguous,short,object,nonfinal,6,7,no,11.232414245605469
critical,12,ambiguous,short,object,nonfinal,6,8,longer,0.7998596429824829
critical,12,ambiguous,short,object,nonfinal,6,9,difficult,11.54089069366455
critical,12,ambiguous,short,object,nonfinal,6,10,for,3.558577060699463
critical,12,ambiguous,short,object,nonfinal,6,11,the,2.4634273052215576
critical,12,ambiguous,short,object,nonfinal,6,12,student.,6.465777158737183
critical,12,unambiguous,long,object,nonfinal,11,0,After,9.379180908203123
critical,12,unambiguous,long,object,nonfinal,11,1,the,2.699500322341919
critical,12,unambiguous,long,object,nonfinal,11,2,tutor,26.539905548095703
critical,12,unambiguous,long,object,nonfinal,11,3,explained,7.46360969543457
critical,12,unambiguous,long,object,nonfinal,11,4,the,1.081162691116333
critical,12,unambiguous,long,object,nonfinal,11,5,concepts,5.98699951171875
critical,12,unambiguous,long,object,nonfinal,11,6,the,8.830297470092773
critical,12,unambiguous,long,object,nonfinal,11,7,problem,7.705879211425781
critical,12,unambiguous,long,object,nonfinal,11,8,for,7.7475666999816895
critical,12,unambiguous,long,object,nonfinal,11,9,extra,13.220052719116213
critical,12,unambiguous,long,object,nonfinal,11,10,credit,1.7334833145141602
critical,12,unambiguous,long,object,nonfinal,11,11,was,1.3383772373199463
critical,12,unambiguous,long,object,nonfinal,11,12,no,11.049924850463867
critical,12,unambiguous,long,object,nonfinal,11,13,longer,1.2702363729476929
critical,12,unambiguous,long,object,nonfinal,11,14,difficult,5.561156749725342
critical,12,unambiguous,long,object,nonfinal,11,15,for,4.96697473526001
critical,12,unambiguous,long,object,nonfinal,11,16,the,3.78164267539978
critical,12,unambiguous,long,object,nonfinal,11,17,student.,2.9141098856925964
critical,12,unambiguous,short,object,nonfinal,8,0,After,9.379180908203123
critical,12,unambiguous,short,object,nonfinal,8,1,the,2.699500322341919
critical,12,unambiguous,short,object,nonfinal,8,2,tutor,26.539905548095703
critical,12,unambiguous,short,object,nonfinal,8,3,explained,7.46360969543457
critical,12,unambiguous,short,object,nonfinal,8,4,the,1.081162691116333
critical,12,unambiguous,short,object,nonfinal,8,5,concepts,5.98699951171875
critical,12,unambiguous,short,object,nonfinal,8,6,the,8.830297470092773
critical,12,unambiguous,short,object,nonfinal,8,7,problem,7.705879211425781
critical,12,unambiguous,short,object,nonfinal,8,8,was,1.4152438640594482
critical,12,unambiguous,short,object,nonfinal,8,9,no,9.553454399108888
critical,12,unambiguous,short,object,nonfinal,8,10,longer,0.386229008436203
critical,12,unambiguous,short,object,nonfinal,8,11,difficult,4.794477462768555
critical,12,unambiguous,short,object,nonfinal,8,12,for,3.933449506759644
critical,12,unambiguous,short,object,nonfinal,8,13,the,3.703980684280396
critical,12,unambiguous,short,object,nonfinal,8,14,student.,2.2462199926376343
critical,13,ambiguous,long,object,final,11,0,When,8.491835594177246
critical,13,ambiguous,long,object,final,11,1,the,3.2204699516296387
critical,13,ambiguous,long,object,final,11,2,original,7.984598636627197
critical,13,ambiguous,long,object,final,11,3,members,8.57450008392334
critical,13,ambiguous,long,object,final,11,4,left,5.30310583114624
critical,13,ambiguous,long,object,final,11,5,the,1.1101136207580566
critical,13,ambiguous,long,object,final,11,6,company,6.28752326965332
critical,13,ambiguous,long,object,final,11,7,that,8.207978248596191
critical,13,ambiguous,long,object,final,11,8,was,3.737997531890869
critical,13,ambiguous,long,object,final,11,9,recently,11.424357414245604
critical,13,ambiguous,long,object,final,11,10,acquired,1.9090211391448972
critical,13,ambiguous,long,object,final,11,11,failed.,27.595122814178467
critical,13,ambiguous,short,object,final,7,0,When,8.491835594177246
critical,13,ambiguous,short,object,final,7,1,the,3.2204699516296387
critical,13,ambiguous,short,object,final,7,2,original,7.984598636627197
critical,13,ambiguous,short,object,final,7,3,members,8.57450008392334
critical,13,ambiguous,short,object,final,7,4,left,5.30310583114624
critical,13,ambiguous,short,object,final,7,5,the,1.1101136207580566
critical,13,ambiguous,short,object,final,7,6,company,6.28752326965332
critical,13,ambiguous,short,object,final,7,7,failed.,21.53690814971924
critical,13,unambiguous,long,object,final,14,0,When,8.491835594177246
critical,13,unambiguous,long,object,final,14,1,the,3.2204699516296387
critical,13,unambiguous,long,object,final,14,2,original,7.984598636627197
critical,13,unambiguous,long,object,final,14,3,members,8.57450008392334
critical,13,unambiguous,long,object,final,14,4,left,5.30310583114624
critical,13,unambiguous,long,object,final,14,5,the,1.1101136207580566
critical,13,unambiguous,long,object,final,14,6,engineering,22.02510452270508
critical,13,unambiguous,long,object,final,14,7,team,3.970735549926758
critical,13,unambiguous,long,object,final,14,8,the,6.917242527008057
critical,13,unambiguous,long,object,final,14,9,company,1.92785120010376
critical,13,unambiguous,long,object,final,14,10,that,8.594017028808594
critical,13,unambiguous,long,object,final,14,11,was,2.949392318725586
critical,13,unambiguous,long,object,final,14,12,recently,12.156641960144045
critical,13,unambiguous,long,object,final,14,13,acquired,1.7672772407531738
critical,13,unambiguous,long,object,final,14,14,failed.,15.696802616119385
critical,13,unambiguous,short,object,final,10,0,When,8.491835594177246
critical,13,unambiguous,short,object,final,10,1,the,3.2204699516296387
critical,13,unambiguous,short,object,final,10,2,original,7.984598636627197
critical,13,unambiguous,short,object,final,10,3,members,8.57450008392334
critical,13,unambiguous,short,object,final,10,4,left,5.30310583114624
critical,13,unambiguous,short,object,final,10,5,the,1.1101136207580566
critical,13,unambiguous,short,object,final,10,6,engineering,22.02510452270508
critical,13,unambiguous,short,object,final,10,7,team,3.970735549926758
critical,13,unambiguous,short,object,final,10,8,the,6.917242527008057
critical,13,unambiguous,short,object,final,10,9,company,1.92785120010376
critical,13,unambiguous,short,object,final,10,10,failed.,11.71445655822754
critical,14,ambiguous,long,object,nonfinal,9,0,Because,15.916193962097168
critical,14,ambiguous,long,object,nonfinal,9,1,the,2.867253541946411
critical,14,ambiguous,long,object,nonfinal,9,2,student,11.828144073486328
critical,14,ambiguous,long,object,nonfinal,9,3,left,15.181528091430664
critical,14,ambiguous,long,object,nonfinal,9,4,the,1.3474799394607544
critical,14,ambiguous,long,object,nonfinal,9,5,backpack,15.983997344970703
critical,14,ambiguous,long,object,nonfinal,9,6,he,9.955988883972168
critical,14,ambiguous,long,object,nonfinal,9,7,just,8.574642181396484
critical,14,ambiguous,long,object,nonfinal,9,8,bought,3.3698418140411377
critical,14,ambiguous,long,object,nonfinal,9,9,was,9.200065612792969
critical,14,ambiguous,long,object,nonfinal,9,10,put,11.05709171295166
critical,14,ambiguous,long,object,nonfinal,9,11,in,1.3477798700332642
critical,14,ambiguous,long,object,nonfinal,9,12,lost,16.573505401611328
critical,14,ambiguous,long,object,nonfinal,9,13,and,0.3357981741428375
critical,14,ambiguous,long,object,nonfinal,9,14,found.,1.9394332207739355
critical,14,ambiguous,short,object,nonfinal,6,0,Because,15.916193962097168
critical,14,ambiguous,short,object,nonfinal,6,1,the,2.867253541946411
critical,14,ambiguous,short,object,nonfinal,6,2,student,11.828144073486328
critical,14,ambiguous,short,object,nonfinal,6,3,left,15.181528091430664
critical,14,ambiguous,short,object,nonfinal,6,4,the,1.3474799394607544
critical,14,ambiguous,short,object,nonfinal,6,5,backpack,15.983997344970703
critical,14,ambiguous,short,object,nonfinal,6,6,was,10.360867500305176
critical,14,ambiguous,short,object,nonfinal,6,7,put,7.97459602355957
critical,14,ambiguous,short,object,nonfinal,6,8,in,1.5093114376068115
critical,14,ambiguous,short,object,nonfinal,6,9,lost,16.07261848449707
critical,14,ambiguous,short,object,nonfinal,6,10,and,0.4860862493515014
critical,14,ambiguous,short,object,nonfinal,6,11,found.,1.8389871455729008
critical,14,unambiguous,long,object,nonfinal,11,0,Because,15.916193962097168
critical,14,unambiguous,long,object,nonfinal,11,1,the,2.867253541946411
critical,14,unambiguous,long,object,nonfinal,11,2,student,11.828144073486328
critical,14,unambiguous,long,object,nonfinal,11,3,left,15.181528091430664
critical,14,unambiguous,long,object,nonfinal,11,4,the,1.3474799394607544
critical,14,unambiguous,long,object,nonfinal,11,5,room,3.3193037509918213
critical,14,unambiguous,long,object,nonfinal,11,6,the,5.971885681152344
critical,14,unambiguous,long,object,nonfinal,11,7,backpack,15.153480529785156
critical,14,unambiguous,long,object,nonfinal,11,8,he,6.563470363616943
critical,14,unambiguous,long,object,nonfinal,11,9,just,10.26809310913086
critical,14,unambiguous,long,object,nonfinal,11,10,bought,4.198055267333984
critical,14,unambiguous,long,object,nonfinal,11,11,was,2.2078773975372314
critical,14,unambiguous,long,object,nonfinal,11,12,put,7.124633312225342
critical,14,unambiguous,long,object,nonfinal,11,13,in,1.7036408185958862
critical,14,unambiguous,long,object,nonfinal,11,14,lost,15.756658554077148
critical,14,unambiguous,long,object,nonfinal,11,15,and,0.2356052249670028
critical,14,unambiguous,long,object,nonfinal,11,16,found.,0.793123435229063
critical,14,unambiguous,short,object,nonfinal,8,0,Because,15.916193962097168
critical,14,unambiguous,short,object,nonfinal,8,1,the,2.867253541946411
critical,14,unambiguous,short,object,nonfinal,8,2,student,11.828144073486328
critical,14,unambiguous,short,object,nonfinal,8,3,left,15.181528091430664
critical,14,unambiguous,short,object,nonfinal,8,4,the,1.3474799394607544
critical,14,unambiguous,short,object,nonfinal,8,5,room,3.3193037509918213
critical,14,unambiguous,short,object,nonfinal,8,6,the,5.971885681152344
critical,14,unambiguous,short,object,nonfinal,8,7,backpack,15.153480529785156
critical,14,unambiguous,short,object,nonfinal,8,8,was,1.176630973815918
critical,14,unambiguous,short,object,nonfinal,8,9,put,6.53389310836792
critical,14,unambiguous,short,object,nonfinal,8,10,in,1.640111804008484
critical,14,unambiguous,short,object,nonfinal,8,11,lost,15.06381893157959
critical,14,unambiguous,short,object,nonfinal,8,12,and,0.2951662540435791
critical,14,unambiguous,short,object,nonfinal,8,13,found.,1.1848614234477282
critical,15,ambiguous,long,object,nonfinal,11,0,Once,15.305874824523926
critical,15,ambiguous,long,object,nonfinal,11,1,the,3.407320261001587
critical,15,ambiguous,long,object,nonfinal,11,2,new,5.556195259094238
critical,15,ambiguous,long,object,nonfinal,11,3,assistant,15.13560962677002
critical,15,ambiguous,long,object,nonfinal,11,4,started,14.515741348266602
critical,15,ambiguous,long,object,nonfinal,11,5,the,4.513476848602295
critical,15,ambiguous,long,object,nonfinal,11,6,job,2.8179452419281006
critical,15,ambiguous,long,object,nonfinal,11,7,as,7.262125492095947
critical,15,ambiguous,long,object,nonfinal,11,8,an,4.270059585571289
critical,15,ambiguous,long,object,nonfinal,11,9,executive,7.182544231414795
critical,15,ambiguous,long,object,nonfinal,11,10,manager,8.765962600708008
critical,15,ambiguous,long,object,nonfinal,11,11,became,17.875648498535156
critical,15,ambiguous,long,object,nonfinal,11,12,much,7.578089237213135
critical,15,ambiguous,long,object,nonfinal,11,13,easier,2.199063777923584
critical,15,ambiguous,long,object,nonfinal,11,14,for,3.1825292110443115
critical,15,ambiguous,long,object,nonfinal,11,15,her,2.955864429473877
critical,15,ambiguous,long,object,nonfinal,11,16,boss.,9.184774219989777
critical,15,ambiguous,short,object,nonfinal,7,0,Once,15.305874824523926
critical,15,ambiguous,short,object,nonfinal,7,1,the,3.407320261001587
critical,15,ambiguous,short,object,nonfinal,7,2,new,5.556195259094238
critical,15,ambiguous,short,object,nonfinal,7,3,assistant,15.13560962677002
critical,15,ambiguous,short,object,nonfinal,7,4,started,14.515741348266602
critical,15,ambiguous,short,object,nonfinal,7,5,the,4.513476848602295
critical,15,ambiguous,short,object,nonfinal,7,6,job,2.8179452419281006
critical,15,ambiguous,short,object,nonfinal,7,7,became,18.29209899902344
critical,15,ambiguous,short,object,nonfinal,7,8,much,3.445643424987793
critical,15,ambiguous,short,object,nonfinal,7,9,easier,0.9553374648094176
critical,15,ambiguous,short,object,nonfinal,7,10,for,3.860713243484497
critical,15,ambiguous,short,object,nonfinal,7,11,her,3.2724502086639404
critical,15,ambiguous,short,object,nonfinal,7,12,boss.,10.529820442199709
critical,15,unambiguous,long,object,nonfinal,12,0,Once,15.305874824523926
critical,15,unambiguous,long,object,nonfinal,12,1,the,3.407320261001587
critical,15,unambiguous,long,object,nonfinal,12,2,new,5.556195259094238
critical,15,unambiguous,long,object,nonfinal,12,3,assistant,15.13560962677002
critical,15,unambiguous,long,object,nonfinal,12,4,started,14.515741348266602
critical,15,unambiguous,long,object,nonfinal,12,5,work,6.373521327972412
critical,15,unambiguous,long,object,nonfinal,12,6,the,6.406130790710449
critical,15,unambiguous,long,object,nonfinal,12,7,job,7.38979434967041
critical,15,unambiguous,long,object,nonfinal,12,8,as,9.15131950378418
critical,15,unambiguous,long,object,nonfinal,12,9,an,4.118819236755371
critical,15,unambiguous,long,object,nonfinal,12,10,executive,6.361777305603027
critical,15,unambiguous,long,object,nonfinal,12,11,manager,8.621424674987793
critical,15,unambiguous,long,object,nonfinal,12,12,became,4.099526882171631
critical,15,unambiguous,long,object,nonfinal,12,13,much,5.154659748077393
critical,15,unambiguous,long,object,nonfinal,12,14,easier,2.399141550064087
critical,15,unambiguous,long,object,nonfinal,12,15,for,3.497785806655884
critical,15,unambiguous,long,object,nonfinal,12,16,her,2.404545783996582
critical,15,unambiguous,long,object,nonfinal,12,17,boss.,10.291347324848177
critical,15,unambiguous,short,object,nonfinal,8,0,Once,15.305874824523926
critical,15,unambiguous,short,object,nonfinal,8,1,the,3.407320261001587
critical,15,unambiguous,short,object,nonfinal,8,2,new,5.556195259094238
critical,15,unambiguous,short,object,nonfinal,8,3,assistant,15.13560962677002
critical,15,unambiguous,short,object,nonfinal,8,4,started,14.515741348266602
critical,15,unambiguous,short,object,nonfinal,8,5,work,6.373521327972412
critical,15,unambiguous,short,object,nonfinal,8,6,the,6.406130790710449
critical,15,unambiguous,short,object,nonfinal,8,7,job,7.38979434967041
critical,15,unambiguous,short,object,nonfinal,8,8,became,3.413247585296631
critical,15,unambiguous,short,object,nonfinal,8,9,much,3.4544711112976074
critical,15,unambiguous,short,object,nonfinal,8,10,easier,1.4196327924728394
critical,15,unambiguous,short,object,nonfinal,8,11,for,3.8798789978027344
critical,15,unambiguous,short,object,nonfinal,8,12,her,2.97647762298584
critical,15,unambiguous,short,object,nonfinal,8,13,boss.,10.595870196819304
critical,16,ambiguous,long,object,nonfinal,10,0,When,8.491835594177246
critical,16,ambiguous,long,object,nonfinal,10,1,the,3.2204699516296387
critical,16,ambiguous,long,object,nonfinal,10,2,magician,23.59084129333496
critical,16,ambiguous,long,object,nonfinal,10,3,tried,9.139759063720703
critical,16,ambiguous,long,object,nonfinal,10,4,to,0.0900693759322166
critical,16,ambiguous,long,object,nonfinal,10,5,juggle,11.276683807373049
critical,16,ambiguous,long,object,nonfinal,10,6,the,2.252389430999756
critical,16,ambiguous,long,object,nonfinal,10,7,torches,10.70504379272461
critical,16,ambiguous,long,object,nonfinal,10,8,burning,11.79914665222168
critical,16,ambiguous,long,object,nonfinal,10,9,dangerously,14.085234642028809
critical,16,ambiguous,long,object,nonfinal,10,10,fell,18.97233390808105
critical,16,ambiguous,long,object,nonfinal,10,11,down.,6.401571273803711
critical,16,ambiguous,short,object,nonfinal,8,0,When,8.491835594177246
critical,16,ambiguous,short,object,nonfinal,8,1,the,3.2204699516296387
critical,16,ambiguous,short,object,nonfinal,8,2,magician,23.59084129333496
critical,16,ambiguous,short,object,nonfinal,8,3,tried,9.139759063720703
critical,16,ambiguous,short,object,nonfinal,8,4,to,0.0900693759322166
critical,16,ambiguous,short,object,nonfinal,8,5,juggle,11.276683807373049
critical,16,ambiguous,short,object,nonfinal,8,6,the,2.252389430999756
critical,16,ambiguous,short,object,nonfinal,8,7,torches,10.70504379272461
critical,16,ambiguous,short,object,nonfinal,8,8,fell,18.39597511291504
critical,16,ambiguous,short,object,nonfinal,8,9,down.,6.54990816116333
critical,16,unambiguous,long,object,nonfinal,12,0,When,8.491835594177246
critical,16,unambiguous,long,object,nonfinal,12,1,the,3.2204699516296387
critical,16,unambiguous,long,object,nonfinal,12,2,magician,23.59084129333496
critical,16,unambiguous,long,object,nonfinal,12,3,tried,9.139759063720703
critical,16,unambiguous,long,object,nonfinal,12,4,to,0.0900693759322166
critical,16,unambiguous,long,object,nonfinal,12,5,juggle,11.276683807373049
critical,16,unambiguous,long,object,nonfinal,12,6,more,8.330057144165039
critical,16,unambiguous,long,object,nonfinal,12,7,items,10.04519271850586
critical,16,unambiguous,long,object,nonfinal,12,8,the,6.8847198486328125
critical,16,unambiguous,long,object,nonfinal,12,9,torches,14.67507553100586
critical,16,unambiguous,long,object,nonfinal,12,10,burning,10.697364807128906
critical,16,unambiguous,long,object,nonfinal,12,11,dangerously,12.034045219421388
critical,16,unambiguous,long,object,nonfinal,12,12,fell,8.192361831665039
critical,16,unambiguous,long,object,nonfinal,12,13,down.,5.039427399635315
critical,16,unambiguous,short,object,nonfinal,10,0,When,8.491835594177246
critical,16,unambiguous,short,object,nonfinal,10,1,the,3.2204699516296387
critical,16,unambiguous,short,object,nonfinal,10,2,magician,23.59084129333496
critical,16,unambiguous,short,object,nonfinal,10,3,tried,9.139759063720703
critical,16,unambiguous,short,object,nonfinal,10,4,to,0.0900693759322166
critical,16,unambiguous,short,object,nonfinal,10,5,juggle,11.276683807373049
critical,16,unambiguous,short,object,nonfinal,10,6,more,8.330057144165039
critical,16,unambiguous,short,object,nonfinal,10,7,items,10.04519271850586
critical,16,unambiguous,short,object,nonfinal,10,8,the,6.8847198486328125
critical,16,unambiguous,short,object,nonfinal,10,9,torches,14.67507553100586
critical,16,unambiguous,short,object,nonfinal,10,10,fell,5.112766265869141
critical,16,unambiguous,short,object,nonfinal,10,11,down.,5.27987551689148
critical,17,ambiguous,long,comma,nonfinal,10,0,When,8.491835594177246
critical,17,ambiguous,long,comma,nonfinal,10,1,the,3.2204699516296387
critical,17,ambiguous,long,comma,nonfinal,10,2,marathon,20.32768821716309
critical,17,ambiguous,long,comma,nonfinal,10,3,runner,4.393958568572998
critical,17,ambiguous,long,comma,nonfinal,10,4,finally,8.705467224121094
critical,17,ambiguous,long,comma,nonfinal,10,5,stopped,9.09000301361084
critical,17,ambiguous,long,comma,nonfinal,10,6,his,5.287539005279541
critical,17,ambiguous,long,comma,nonfinal,10,7,friend,13.737154006958008
critical,17,ambiguous,long,comma,nonfinal,10,8,sweating,19.06200790405273
critical,17,ambiguous,long,comma,nonfinal,10,9,profusely,3.157480478286743
critical,17,ambiguous,long,comma,nonfinal,10,10,collapsed,21.081825256347656
critical,17,ambiguous,long,comma,nonfinal,10,11,from,4.350296974182129
critical,17,ambiguous,long,comma,nonfinal,10,12,exhaustion.,5.406966686248779
critical,17,ambiguous,short,comma,nonfinal,8,0,When,8.491835594177246
critical,17,ambiguous,short,comma,nonfinal,8,1,the,3.2204699516296387
critical,17,ambiguous,short,comma,nonfinal,8,2,marathon,20.32768821716309
critical,17,ambiguous,short,comma,nonfinal,8,3,runner,4.393958568572998
critical,17,ambiguous,short,comma,nonfinal,8,4,finally,8.705467224121094
critical,17,ambiguous,short,comma,nonfinal,8,5,stopped,9.09000301361084
critical,17,ambiguous,short,comma,nonfinal,8,6,his,5.287539005279541
critical,17,ambiguous,short,comma,nonfinal,8,7,friend,13.737154006958008
critical,17,ambiguous,short,comma,nonfinal,8,8,collapsed,14.069734573364258
critical,17,ambiguous,short,comma,nonfinal,8,9,from,5.262627601623535
critical,17,ambiguous,short,comma,nonfinal,8,10,exhaustion.,2.746945381164551
critical,17,unambiguous,long,comma,nonfinal,10,0,When,8.491835594177246
critical,17,unambiguous,long,comma,nonfinal,10,1,the,3.2204699516296387
critical,17,unambiguous,long,comma,nonfinal,10,2,marathon,20.32768821716309
critical,17,unambiguous,long,comma,nonfinal,10,3,runner,4.393958568572998
critical,17,unambiguous,long,comma,nonfinal,10,4,finally,8.705467224121094
critical,17,unambiguous,long,comma,nonfinal,10,5,"stopped,",11.845343828201294
critical,17,unambiguous,long,comma,nonfinal,10,6,his,4.123103618621826
critical,17,unambiguous,long,comma,nonfinal,10,7,friend,7.881373405456543
critical,17,unambiguous,long,comma,nonfinal,10,8,sweating,22.875141143798828
critical,17,unambiguous,long,comma,nonfinal,10,9,profusely,2.509631395339966
critical,17,unambiguous,long,comma,nonfinal,10,10,collapsed,11.009214401245115
critical,17,unambiguous,long,comma,nonfinal,10,11,from,5.801635265350342
critical,17,unambiguous,long,comma,nonfinal,10,12,exhaustion.,2.063516616821289
critical,17,unambiguous,short,comma,nonfinal,8,0,When,8.491835594177246
critical,17,unambiguous,short,comma,nonfinal,8,1,the,3.2204699516296387
critical,17,unambiguous,short,comma,nonfinal,8,2,marathon,20.32768821716309
critical,17,unambiguous,short,comma,nonfinal,8,3,runner,4.393958568572998
critical,17,unambiguous,short,comma,nonfinal,8,4,finally,8.705467224121094
critical,17,unambiguous,short,comma,nonfinal,8,5,"stopped,",11.845343828201294
critical,17,unambiguous,short,comma,nonfinal,8,6,his,4.123103618621826
critical,17,unambiguous,short,comma,nonfinal,8,7,friend,7.881373405456543
critical,17,unambiguous,short,comma,nonfinal,8,8,collapsed,8.9146146774292
critical,17,unambiguous,short,comma,nonfinal,8,9,from,5.336118221282959
critical,17,unambiguous,short,comma,nonfinal,8,10,exhaustion.,1.5695879459381104
critical,18,ambiguous,long,comma,nonfinal,9,0,While,11.370803833007812
critical,18,ambiguous,long,comma,nonfinal,9,1,the,1.824116826057434
critical,18,ambiguous,long,comma,nonfinal,9,2,martial,23.421770095825195
critical,18,ambiguous,long,comma,nonfinal,9,3,artists,6.622304916381836
critical,18,ambiguous,long,comma,nonfinal,9,4,fought,9.603279113769531
critical,18,ambiguous,long,comma,nonfinal,9,5,the,5.109502792358398
critical,18,ambiguous,long,comma,nonfinal,9,6,spectator,18.02324104309082
critical,18,ambiguous,long,comma,nonfinal,9,7,cheering,11.745956420898438
critical,18,ambiguous,long,comma,nonfinal,9,8,enthusiastically,9.654628831427544
critical,18,ambiguous,long,comma,nonfinal,9,9,supported,15.08096694946289
critical,18,ambiguous,long,comma,nonfinal,9,10,the,1.492468237876892
critical,18,ambiguous,long,comma,nonfinal,9,11,underdog.,13.725471138954164
critical,18,ambiguous,short,comma,nonfinal,7,0,While,11.370803833007812
critical,18,ambiguous,short,comma,nonfinal,7,1,the,1.824116826057434
critical,18,ambiguous,short,comma,nonfinal,7,2,martial,23.421770095825195
critical,18,ambiguous,short,comma,nonfinal,7,3,artists,6.622304916381836
critical,18,ambiguous,short,comma,nonfinal,7,4,fought,9.603279113769531
critical,18,ambiguous,short,comma,nonfinal,7,5,the,5.109502792358398
critical,18,ambiguous,short,comma,nonfinal,7,6,spectator,18.02324104309082
critical,18,ambiguous,short,comma,nonfinal,7,7,supported,15.466761589050291
critical,18,ambiguous,short,comma,nonfinal,7,8,the,2.1462581157684326
critical,18,ambiguous,short,comma,nonfinal,7,9,underdog.,12.023663759231567
critical,18,unambiguous,long,comma,nonfinal,9,0,While,11.370803833007812
critical,18,unambiguous,long,comma,nonfinal,9,1,the,1.824116826057434
critical,18,unambiguous,long,comma,nonfinal,9,2,martial,23.421770095825195
critical,18,unambiguous,long,comma,nonfinal,9,3,artists,6.622304916381836
critical,18,unambiguous,long,comma,nonfinal,9,4,"fought,",11.690353155136108
critical,18,unambiguous,long,comma,nonfinal,9,5,the,1.0574923753738403
critical,18,unambiguous,long,comma,nonfinal,9,6,spectator,10.674915313720703
critical,18,unambiguous,long,comma,nonfinal,9,7,cheering,10.316476821899414
critical,18,unambiguous,long,comma,nonfinal,9,8,enthusiastically,11.026989597827196
critical,18,unambiguous,long,comma,nonfinal,9,9,supported,8.410109519958496
critical,18,unambiguous,long,comma,nonfinal,9,10,the,1.631006360054016
critical,18,unambiguous,long,comma,nonfinal,9,11,underdog.,12.301959156990051
critical,18,unambiguous,short,comma,nonfinal,7,0,While,11.370803833007812
critical,18,unambiguous,short,comma,nonfinal,7,1,the,1.824116826057434
critical,18,unambiguous,short,comma,nonfinal,7,2,martial,23.421770095825195
critical,18,unambiguous,short,comma,nonfinal,7,3,artists,6.622304916381836
critical,18,unambiguous,short,comma,nonfinal,7,4,"fought,",11.690353155136108
critical,18,unambiguous,short,comma,nonfinal,7,5,the,1.0574923753738403
critical,18,unambiguous,short,comma,nonfinal,7,6,spectator,10.674915313720703
critical,18,unambiguous,short,comma,nonfinal,7,7,supported,14.017854690551758
critical,18,unambiguous,short,comma,nonfinal,7,8,the,1.7701252698898315
critical,18,unambiguous,short,comma,nonfinal,7,9,underdog.,13.683695077896118
critical,19,ambiguous,long,object,final,9,0,When,8.491835594177246
critical,19,ambiguous,long,object,final,9,1,the,3.2204699516296387
critical,19,ambiguous,long,object,final,9,2,band,12.946816444396973
critical,19,ambiguous,long,object,final,9,3,left,8.37620735168457
critical,19,ambiguous,long,object,final,9,4,the,1.2802636623382568
critical,19,ambiguous,long,object,final,9,5,venue,5.219392776489258
critical,19,ambiguous,long,object,final,9,6,with,6.287459850311279
critical,19,ambiguous,long,object,final,9,7,live,14.37784481048584
critical,19,ambiguous,long,object,final,9,8,music,0.7975894808769226
critical,19,ambiguous,long,object,final,9,9,closed.,20.171671390533447
critical,19,ambiguous,short,object,final,6,0,When,8.491835594177246
critical,19,ambiguous,short,object,final,6,1,the,3.2204699516296387
critical,19,ambiguous,short,object,final,6,2,band,12.946816444396973
critical,19,ambiguous,short,object,final,6,3,left,8.37620735168457
critical,19,ambiguous,short,object,final,6,4,the,1.2802636623382568
critical,19,ambiguous,short,object,final,6,5,venue,5.219392776489258
critical,19,ambiguous,short,object,final,6,6,closed.,20.77112340927124
critical,19,unambiguous,long,object,final,11,0,When,8.491835594177246
critical,19,unambiguous,long,object,final,11,1,the,3.2204699516296387
critical,19,unambiguous,long,object,final,11,2,band,12.946816444396973
critical,19,unambiguous,long,object,final,11,3,left,8.37620735168457
critical,19,unambiguous,long,object,final,11,4,the,1.2802636623382568
critical,19,unambiguous,long,object,final,11,5,stage,1.3808363676071167
critical,19,unambiguous,long,object,final,11,6,the,6.334640979766846
critical,19,unambiguous,long,object,final,11,7,venue,8.037654876708984
critical,19,unambiguous,long,object,final,11,8,with,12.414758682250977
critical,19,unambiguous,long,object,final,11,9,live,11.169864654541016
critical,19,unambiguous,long,object,final,11,10,music,0.7588039636611938
critical,19,unambiguous,long,object,final,11,11,closed.,8.657402753829956
critical,19,unambiguous,short,object,final,8,0,When,8.491835594177246
critical,19,unambiguous,short,object,final,8,1,the,3.2204699516296387
critical,19,unambiguous,short,object,final,8,2,band,12.946816444396973
critical,19,unambiguous,short,object,final,8,3,left,8.37620735168457
critical,19,unambiguous,short,object,final,8,4,the,1.2802636623382568
critical,19,unambiguous,short,object,final,8,5,stage,1.3808363676071167
critical,19,unambiguous,short,object,final,8,6,the,6.334640979766846
critical,19,unambiguous,short,object,final,8,7,venue,8.037654876708984
critical,19,unambiguous,short,object,final,8,8,closed.,11.521710395812988
critical,20,ambiguous,long,comma,nonfinal,9,0,After,9.379180908203123
critical,20,ambiguous,long,comma,nonfinal,9,1,the,2.699500322341919
critical,20,ambiguous,long,comma,nonfinal,9,2,customer,16.430578231811523
critical,20,ambiguous,long,comma,nonfinal,9,3,emailed,13.543039321899414
critical,20,ambiguous,long,comma,nonfinal,9,4,the,3.7518112659454346
critical,20,ambiguous,long,comma,nonfinal,9,5,company,3.9018874168396
critical,20,ambiguous,long,comma,nonfinal,9,6,providing,10.428146362304688
critical,20,ambiguous,long,comma,nonfinal,9,7,phone,12.541885375976562
critical,20,ambiguous,long,comma,nonfinal,9,8,service,3.19073486328125
critical,20,ambiguous,long,comma,nonfinal,9,9,responded,20.44623374938965
critical,20,ambiguous,long,comma,nonfinal,9,10,quickly.,9.717850923538208
critical,20,ambiguous,short,comma,nonfinal,6,0,After,9.379180908203123
critical,20,ambiguous,short,comma,nonfinal,6,1,the,2.699500322341919
critical,20,ambiguous,short,comma,nonfinal,6,2,customer,16.430578231811523
critical,20,ambiguous,short,comma,nonfinal,6,3,emailed,13.543039321899414
critical,20,ambiguous,short,comma,nonfinal,6,4,the,3.7518112659454346
critical,20,ambiguous,short,comma,nonfinal,6,5,company,3.9018874168396
critical,20,ambiguous,short,comma,nonfinal,6,6,responded,21.354633331298828
critical,20,ambiguous,short,comma,nonfinal,6,7,quickly.,6.75298547744751
critical,20,unambiguous,long,comma,nonfinal,9,0,After,9.379180908203123
critical,20,unambiguous,long,comma,nonfinal,9,1,the,2.699500322341919
critical,20,unambiguous,long,comma,nonfinal,9,2,customer,16.430578231811523
critical,20,unambiguous,long,comma,nonfinal,9,3,"emailed,",18.65665578842163
critical,20,unambiguous,long,comma,nonfinal,9,4,the,3.696482181549072
critical,20,unambiguous,long,comma,nonfinal,9,5,company,5.77166748046875
critical,20,unambiguous,long,comma,nonfinal,9,6,providing,15.54627513885498
critical,20,unambiguous,long,comma,nonfinal,9,7,phone,10.842629432678224
critical,20,unambiguous,long,comma,nonfinal,9,8,service,2.83724308013916
critical,20,unambiguous,long,comma,nonfinal,9,9,responded,5.162767887115479
critical,20,unambiguous,long,comma,nonfinal,9,10,quickly.,6.547676801681519
critical,20,unambiguous,short,comma,nonfinal,6,0,After,9.379180908203123
critical,20,unambiguous,short,comma,nonfinal,6,1,the,2.699500322341919
critical,20,unambiguous,short,comma,nonfinal,6,2,customer,16.430578231811523
critical,20,unambiguous,short,comma,nonfinal,6,3,"emailed,",18.65665578842163
critical,20,unambiguous,short,comma,nonfinal,6,4,the,3.696482181549072
critical,20,unambiguous,short,comma,nonfinal,6,5,company,5.77166748046875
critical,20,unambiguous,short,comma,nonfinal,6,6,responded,3.854783296585083
critical,20,unambiguous,short,comma,nonfinal,6,7,quickly.,5.465603351593018
critical,21,ambiguous,long,object,nonfinal,10,0,As,7.890288829803467
critical,21,ambiguous,long,object,nonfinal,10,1,the,2.4022316932678223
critical,21,ambiguous,long,object,nonfinal,10,2,detective,25.48907852172852
critical,21,ambiguous,long,object,nonfinal,10,3,investigated,9.565763473510742
critical,21,ambiguous,long,object,nonfinal,10,4,the,0.6483443379402161
critical,21,ambiguous,long,object,nonfinal,10,5,case,2.5330731868743896
critical,21,ambiguous,long,object,nonfinal,10,6,about,13.150775909423828
critical,21,ambiguous,long,object,nonfinal,10,7,the,0.681475043296814
critical,21,ambiguous,long,object,nonfinal,10,8,bank,10.588476181030272
critical,21,ambiguous,long,object,nonfinal,10,9,robbery,0.3257488906383514
critical,21,ambiguous,long,object,nonfinal,10,10,became,16.16753578186035
critical,21,ambiguous,long,object,nonfinal,10,11,more,2.7567524909973145
critical,21,ambiguous,long,object,nonfinal,10,12,complex.,6.927133798599243
critical,21,ambiguous,short,object,nonfinal,6,0,As,7.890288829803467
critical,21,ambiguous,short,object,nonfinal,6,1,the,2.4022316932678223
critical,21,ambiguous,short,object,nonfinal,6,2,detective,25.48907852172852
critical,21,ambiguous,short,object,nonfinal,6,3,investigated,9.565763473510742
critical,21,ambiguous,short,object,nonfinal,6,4,the,0.6483443379402161
critical,21,ambiguous,short,object,nonfinal,6,5,case,2.5330731868743896
critical,21,ambiguous,short,object,nonfinal,6,6,became,15.167702674865724
critical,21,ambiguous,short,object,nonfinal,6,7,more,1.1475067138671875
critical,21,ambiguous,short,object,nonfinal,6,8,complex.,5.672876834869385
critical,21,unambiguous,long,object,nonfinal,12,0,As,7.890288829803467
critical,21,unambiguous,long,object,nonfinal,12,1,the,2.4022316932678223
critical,21,unambiguous,long,object,nonfinal,12,2,detective,25.48907852172852
critical,21,unambiguous,long,object,nonfinal,12,3,investigated,9.565763473510742
critical,21,unambiguous,long,object,nonfinal,12,4,the,0.6483443379402161
critical,21,unambiguous,long,object,nonfinal,12,5,suspects,12.891984939575195
critical,21,unambiguous,long,object,nonfinal,12,6,the,8.381260871887207
critical,21,unambiguous,long,object,nonfinal,12,7,case,4.2619309425354
critical,21,unambiguous,long,object,nonfinal,12,8,about,16.124107360839844
critical,21,unambiguous,long,object,nonfinal,12,9,the,0.8434304594993591
critical,21,unambiguous,long,object,nonfinal,12,10,bank,9.582447052001951
critical,21,unambiguous,long,object,nonfinal,12,11,robbery,0.3665129244327545
critical,21,unambiguous,long,object,nonfinal,12,12,became,3.834631204605103
critical,21,unambiguous,long,object,nonfinal,12,13,more,1.646457314491272
critical,21,unambiguous,long,object,nonfinal,12,14,complex.,4.972188949584961
critical,21,unambiguous,short,object,nonfinal,8,0,As,7.890288829803467
critical,21,unambiguous,short,object,nonfinal,8,1,the,2.4022316932678223
critical,21,unambiguous,short,object,nonfinal,8,2,detective,25.48907852172852
critical,21,unambiguous,short,object,nonfinal,8,3,investigated,9.565763473510742
critical,21,unambiguous,short,object,nonfinal,8,4,the,0.6483443379402161
critical,21,unambiguous,short,object,nonfinal,8,5,suspects,12.891984939575195
critical,21,unambiguous,short,object,nonfinal,8,6,the,8.381260871887207
critical,21,unambiguous,short,object,nonfinal,8,7,case,4.2619309425354
critical,21,unambiguous,short,object,nonfinal,8,8,became,3.818779706954956
critical,21,unambiguous,short,object,nonfinal,8,9,more,1.702300786972046
critical,21,unambiguous,short,object,nonfinal,8,10,complex.,4.353838562965393
critical,22,ambiguous,long,object,nonfinal,8,0,Although,14.004401206970217
critical,22,ambiguous,long,object,nonfinal,8,1,the,1.687774419784546
critical,22,ambiguous,long,object,nonfinal,8,2,team,9.031364440917969
critical,22,ambiguous,long,object,nonfinal,8,3,lost,5.980059623718262
critical,22,ambiguous,long,object,nonfinal,8,4,the,2.184760332107544
critical,22,ambiguous,long,object,nonfinal,8,5,championship,6.571367740631104
critical,22,ambiguous,long,object,nonfinal,8,6,in,4.2432355880737305
critical,22,ambiguous,long,object,nonfinal,8,7,basketball,14.122703552246094
critical,22,ambiguous,long,object,nonfinal,8,8,was,13.196195602416992
critical,22,ambiguous,long,object,nonfinal,8,9,still,4.22535514831543
critical,22,ambiguous,long,object,nonfinal,8,10,a,3.1157450675964355
critical,22,ambiguous,long,object,nonfinal,8,11,great,2.570504903793335
critical,22,ambiguous,long,object,nonfinal,8,12,experience,4.375422954559326
critical,22,ambiguous,long,object,nonfinal,8,13,for,1.599650502204895
critical,22,ambiguous,long,object,nonfinal,8,14,the,1.2157549858093262
critical,22,ambiguous,long,object,nonfinal,8,15,players.,3.840887069702149
critical,22,ambiguous,short,object,nonfinal,6,0,Although,14.004401206970217
critical,22,ambiguous,short,object,nonfinal,6,1,the,1.687774419784546
critical,22,ambiguous,short,object,nonfinal,6,2,team,9.031364440917969
critical,22,ambiguous,short,object,nonfinal,6,3,lost,5.980059623718262
critical,22,ambiguous,short,object,nonfinal,6,4,the,2.184760332107544
critical,22,ambiguous,short,object,nonfinal,6,5,championship,6.571367740631104
critical,22,ambiguous,short,object,nonfinal,6,6,was,12.188334465026855
critical,22,ambiguous,short,object,nonfinal,6,7,still,3.628825664520264
critical,22,ambiguous,short,object,nonfinal,6,8,a,2.378365993499756
critical,22,ambiguous,short,object,nonfinal,6,9,great,2.4566991329193115
critical,22,ambiguous,short,object,nonfinal,6,10,experience,3.5834414958953857
critical,22,ambiguous,short,object,nonfinal,6,11,for,1.605676770210266
critical,22,ambiguous,short,object,nonfinal,6,12,the,1.257804036140442
critical,22,ambiguous,short,object,nonfinal,6,13,players.,4.151256680488586
critical,22,unambiguous,long,object,nonfinal,11,0,Although,14.004401206970217
critical,22,unambiguous,long,object,nonfinal,11,1,the,1.687774419784546
critical,22,unambiguous,long,object,nonfinal,11,2,team,9.031364440917969
critical,22,unambiguous,long,object,nonfinal,11,3,lost,5.980059623718262
critical,22,unambiguous,long,object,nonfinal,11,4,the,2.184760332107544
critical,22,unambiguous,long,object,nonfinal,11,5,final,3.924671649932861
critical,22,unambiguous,long,object,nonfinal,11,6,game,2.9441585540771484
critical,22,unambiguous,long,object,nonfinal,11,7,the,9.532527923583984
critical,22,unambiguous,long,object,nonfinal,11,8,championship,7.510026931762695
critical,22,unambiguous,long,object,nonfinal,11,9,in,5.869726657867432
critical,22,unambiguous,long,object,nonfinal,11,10,basketball,10.99516487121582
critical,22,unambiguous,long,object,nonfinal,11,11,was,3.24206018447876
critical,22,unambiguous,long,object,nonfinal,11,12,still,4.353475093841553
critical,22,unambiguous,long,object,nonfinal,11,13,a,2.4556424617767334
critical,22,unambiguous,long,object,nonfinal,11,14,great,2.8307573795318604
critical,22,unambiguous,long,object,nonfinal,11,15,experience,3.1006739139556885
critical,22,unambiguous,long,object,nonfinal,11,16,for,1.1336381435394287
critical,22,unambiguous,long,object,nonfinal,11,17,the,1.1360899209976196
critical,22,unambiguous,long,object,nonfinal,11,18,players.,4.268004059791565
critical,22,unambiguous,short,object,nonfinal,9,0,Although,14.004401206970217
critical,22,unambiguous,short,object,nonfinal,9,1,the,1.687774419784546
critical,22,unambiguous,short,object,nonfinal,9,2,team,9.031364440917969
critical,22,unambiguous,short,object,nonfinal,9,3,lost,5.980059623718262
critical,22,unambiguous,short,object,nonfinal,9,4,the,2.184760332107544
critical,22,unambiguous,short,object,nonfinal,9,5,final,3.924671649932861
critical,22,unambiguous,short,object,nonfinal,9,6,game,2.9441585540771484
critical,22,unambiguous,short,object,nonfinal,9,7,the,9.532527923583984
critical,22,unambiguous,short,object,nonfinal,9,8,championship,7.510026931762695
critical,22,unambiguous,short,object,nonfinal,9,9,was,1.9798505306243896
critical,22,unambiguous,short,object,nonfinal,9,10,still,3.2317054271698
critical,22,unambiguous,short,object,nonfinal,9,11,a,1.9319677352905276
critical,22,unambiguous,short,object,nonfinal,9,12,great,2.5758707523345947
critical,22,unambiguous,short,object,nonfinal,9,13,experience,2.416821241378784
critical,22,unambiguous,short,object,nonfinal,9,14,for,1.2601457834243774
critical,22,unambiguous,short,object,nonfinal,9,15,the,1.1189355850219729
critical,22,unambiguous,short,object,nonfinal,9,16,players.,3.9996834993362422
critical,23,ambiguous,long,comma,nonfinal,12,0,After,9.379180908203123
critical,23,ambiguous,long,comma,nonfinal,12,1,the,2.699500322341919
critical,23,ambiguous,long,comma,nonfinal,12,2,director,20.08764266967773
critical,23,ambiguous,long,comma,nonfinal,12,3,finished,9.985085487365724
critical,23,ambiguous,long,comma,nonfinal,12,4,filming,2.4133074283599854
critical,23,ambiguous,long,comma,nonfinal,12,5,the,1.489639401435852
critical,23,ambiguous,long,comma,nonfinal,12,6,actors,11.792180061340332
critical,23,ambiguous,long,comma,nonfinal,12,7,exhausted,16.129697799682617
critical,23,ambiguous,long,comma,nonfinal,12,8,from,4.628017425537109
critical,23,ambiguous,long,comma,nonfinal,12,9,the,1.4185651540756226
critical,23,ambiguous,long,comma,nonfinal,12,10,long,2.0560100078582764
critical,23,ambiguous,long,comma,nonfinal,12,11,day,2.674924612045288
critical,23,ambiguous,long,comma,nonfinal,12,12,left,10.863465309143066
critical,23,ambiguous,long,comma,nonfinal,12,13,to,4.174118041992188
critical,23,ambiguous,long,comma,nonfinal,12,14,go,5.935577869415283
critical,23,ambiguous,long,comma,nonfinal,12,15,home.,2.935870409011841
critical,23,ambiguous,short,comma,nonfinal,7,0,After,9.379180908203123
critical,23,ambiguous,short,comma,nonfinal,7,1,the,2.699500322341919
critical,23,ambiguous,short,comma,nonfinal,7,2,director,20.08764266967773
critical,23,ambiguous,short,comma,nonfinal,7,3,finished,9.985085487365724
critical,23,ambiguous,short,comma,nonfinal,7,4,filming,2.4133074283599854
critical,23,ambiguous,short,comma,nonfinal,7,5,the,1.489639401435852
critical,23,ambiguous,short,comma,nonfinal,7,6,actors,11.792180061340332
critical,23,ambiguous,short,comma,nonfinal,7,7,left,6.064347743988037
critical,23,ambiguous,short,comma,nonfinal,7,8,to,3.779152154922485
critical,23,ambiguous,short,comma,nonfinal,7,9,go,2.8676388263702397
critical,23,ambiguous,short,comma,nonfinal,7,10,home.,2.437247335910797
critical,23,unambiguous,long,comma,nonfinal,12,0,After,9.379180908203123
critical,23,unambiguous,long,comma,nonfinal,12,1,the,2.699500322341919
critical,23,unambiguous,long,comma,nonfinal,12,2,director,20.08764266967773
critical,23,unambiguous,long,comma,nonfinal,12,3,finished,9.985085487365724
critical,23,unambiguous,long,comma,nonfinal,12,4,"filming,",4.169440150260925
critical,23,unambiguous,long,comma,nonfinal,12,5,the,2.153775930404663
critical,23,unambiguous,long,comma,nonfinal,12,6,actors,3.6593751907348633
critical,23,unambiguous,long,comma,nonfinal,12,7,exhausted,16.288705825805664
critical,23,unambiguous,long,comma,nonfinal,12,8,from,6.41227388381958
critical,23,unambiguous,long,comma,nonfinal,12,9,the,1.468885898590088
critical,23,unambiguous,long,comma,nonfinal,12,10,long,2.6072020530700684
critical,23,unambiguous,long,comma,nonfinal,12,11,day,4.096704006195068
critical,23,unambiguous,long,comma,nonfinal,12,12,left,6.95733118057251
critical,23,unambiguous,long,comma,nonfinal,12,13,to,4.696383953094482
critical,23,unambiguous,long,comma,nonfinal,12,14,go,3.8853659629821777
critical,23,unambiguous,long,comma,nonfinal,12,15,home.,1.7426245212554932
critical,23,unambiguous,short,comma,nonfinal,7,0,After,9.379180908203123
critical,23,unambiguous,short,comma,nonfinal,7,1,the,2.699500322341919
critical,23,unambiguous,short,comma,nonfinal,7,2,director,20.08764266967773
critical,23,unambiguous,short,comma,nonfinal,7,3,finished,9.985085487365724
critical,23,unambiguous,short,comma,nonfinal,7,4,"filming,",4.169440150260925
critical,23,unambiguous,short,comma,nonfinal,7,5,the,2.153775930404663
critical,23,unambiguous,short,comma,nonfinal,7,6,actors,3.6593751907348633
critical,23,unambiguous,short,comma,nonfinal,7,7,left,5.517085075378418
critical,23,unambiguous,short,comma,nonfinal,7,8,to,4.762725353240967
critical,23,unambiguous,short,comma,nonfinal,7,9,go,2.936318874359131
critical,23,unambiguous,short,comma,nonfinal,7,10,home.,2.10958594083786
critical,24,ambiguous,long,object,final,8,0,As,7.890288829803467
critical,24,ambiguous,long,object,final,8,1,the,2.4022316932678223
critical,24,ambiguous,long,object,final,8,2,doctor,14.756513595581056
critical,24,ambiguous,long,object,final,8,3,lectured,16.255699157714844
critical,24,ambiguous,long,object,final,8,4,the,3.535008430480957
critical,24,ambiguous,long,object,final,8,5,student,7.726759433746338
critical,24,ambiguous,long,object,final,8,6,watching,14.508712768554688
critical,24,ambiguous,long,object,final,8,7,quietly,12.641937255859377
critical,24,ambiguous,long,object,final,8,8,listened.,20.44659113883972
critical,24,ambiguous,short,object,final,6,0,As,7.890288829803467
critical,24,ambiguous,short,object,final,6,1,the,2.4022316932678223
critical,24,ambiguous,short,object,final,6,2,doctor,14.756513595581056
critical,24,ambiguous,short,object,final,6,3,lectured,16.255699157714844
critical,24,ambiguous,short,object,final,6,4,the,3.535008430480957
critical,24,ambiguous,short,object,final,6,5,student,7.726759433746338
critical,24,ambiguous,short,object,final,6,6,listened.,23.435582160949707
critical,24,unambiguous,long,object,final,10,0,As,7.890288829803467
critical,24,unambiguous,long,object,final,10,1,the,2.4022316932678223
critical,24,unambiguous,long,object,final,10,2,doctor,14.756513595581056
critical,24,unambiguous,long,object,final,10,3,lectured,16.255699157714844
critical,24,unambiguous,long,object,final,10,4,the,3.535008430480957
critical,24,unambiguous,long,object,final,10,5,nurse,9.414466857910156
critical,24,unambiguous,long,object,final,10,6,the,7.470296382904053
critical,24,unambiguous,long,object,final,10,7,student,6.697188854217529
critical,24,unambiguous,long,object,final,10,8,watching,12.079049110412598
critical,24,unambiguous,long,object,final,10,9,quietly,7.783570289611816
critical,24,unambiguous,long,object,final,10,10,listened.,5.18235719203949
critical,24,unambiguous,short,object,final,8,0,As,7.890288829803467
critical,24,unambiguous,short,object,final,8,1,the,2.4022316932678223
critical,24,unambiguous,short,object,final,8,2,doctor,14.756513595581056
critical,24,unambiguous,short,object,final,8,3,lectured,16.255699157714844
critical,24,unambiguous,short,object,final,8,4,the,3.535008430480957
critical,24,unambiguous,short,object,final,8,5,nurse,9.414466857910156
critical,24,unambiguous,short,object,final,8,6,the,7.470296382904053
critical,24,unambiguous,short,object,final,8,7,student,6.697188854217529
critical,24,unambiguous,short,object,final,8,8,listened.,8.099831104278564
critical,25,ambiguous,long,object,nonfinal,9,0,After,9.379180908203123
critical,25,ambiguous,long,object,nonfinal,9,1,the,2.699500322341919
critical,25,ambiguous,long,object,nonfinal,9,2,teacher,18.54948234558105
critical,25,ambiguous,long,object,nonfinal,9,3,finished,5.573523044586182
critical,25,ambiguous,long,object,nonfinal,9,4,grading,9.589584350585938
critical,25,ambiguous,long,object,nonfinal,9,5,the,1.021161437034607
critical,25,ambiguous,long,object,nonfinal,9,6,students,3.107643842697144
critical,25,ambiguous,long,object,nonfinal,9,7,studying,16.87456703186035
critical,25,ambiguous,long,object,nonfinal,9,8,engineering,14.973176956176758
critical,25,ambiguous,long,object,nonfinal,9,9,passed,14.589509963989258
critical,25,ambiguous,long,object,nonfinal,9,10,the,1.7815613746643066
critical,25,ambiguous,long,object,nonfinal,9,11,class.,6.300065517425537
critical,25,ambiguous,short,object,nonfinal,7,0,After,9.379180908203123
critical,25,ambiguous,short,object,nonfinal,7,1,the,2.699500322341919
critical,25,ambiguous,short,object,nonfinal,7,2,teacher,18.54948234558105
critical,25,ambiguous,short,object,nonfinal,7,3,finished,5.573523044586182
critical,25,ambiguous,short,object,nonfinal,7,4,grading,9.589584350585938
critical,25,ambiguous,short,object,nonfinal,7,5,the,1.021161437034607
critical,25,ambiguous,short,object,nonfinal,7,6,students,3.107643842697144
critical,25,ambiguous,short,object,nonfinal,7,7,passed,14.434589385986328
critical,25,ambiguous,short,object,nonfinal,7,8,the,1.7115658521652222
critical,25,ambiguous,short,object,nonfinal,7,9,class.,7.925991058349609
critical,25,unambiguous,long,object,nonfinal,11,0,After,9.379180908203123
critical,25,unambiguous,long,object,nonfinal,11,1,the,2.699500322341919
critical,25,unambiguous,long,object,nonfinal,11,2,teacher,18.54948234558105
critical,25,unambiguous,long,object,nonfinal,11,3,finished,5.573523044586182
critical,25,unambiguous,long,object,nonfinal,11,4,grading,9.589584350585938
critical,25,unambiguous,long,object,nonfinal,11,5,the,1.021161437034607
critical,25,unambiguous,long,object,nonfinal,11,6,final,4.76695442199707
critical,25,unambiguous,long,object,nonfinal,11,7,the,13.173489570617676
critical,25,unambiguous,long,object,nonfinal,11,8,students,1.4115042686462402
critical,25,unambiguous,long,object,nonfinal,11,9,studying,18.318471908569336
critical,25,unambiguous,long,object,nonfinal,11,10,engineering,13.067492485046388
critical,25,unambiguous,long,object,nonfinal,11,11,passed,10.444395065307615
critical,25,unambiguous,long,object,nonfinal,11,12,the,1.957283616065979
critical,25,unambiguous,long,object,nonfinal,11,13,class.,6.333675265312195
critical,25,unambiguous,short,object,nonfinal,9,0,After,9.379180908203123
critical,25,unambiguous,short,object,nonfinal,9,1,the,2.699500322341919
critical,25,unambiguous,short,object,nonfinal,9,2,teacher,18.54948234558105
critical,25,unambiguous,short,object,nonfinal,9,3,finished,5.573523044586182
critical,25,unambiguous,short,object,nonfinal,9,4,grading,9.589584350585938
critical,25,unambiguous,short,object,nonfinal,9,5,the,1.021161437034607
critical,25,unambiguous,short,object,nonfinal,9,6,final,4.76695442199707
critical,25,unambiguous,short,object,nonfinal,9,7,the,13.173489570617676
critical,25,unambiguous,short,object,nonfinal,9,8,students,1.4115042686462402
critical,25,unambiguous,short,object,nonfinal,9,9,passed,11.533557891845703
critical,25,unambiguous,short,object,nonfinal,9,10,the,2.1506967544555664
critical,25,unambiguous,short,object,nonfinal,9,11,class.,7.478911638259888
critical,26,ambiguous,long,comma,final,9,0,As,7.890288829803467
critical,26,ambiguous,long,comma,final,9,1,the,2.4022316932678223
critical,26,ambiguous,long,comma,final,9,2,people,11.307995796203612
critical,26,ambiguous,long,comma,final,9,3,gathered,8.892476081848145
critical,26,ambiguous,long,comma,final,9,4,the,8.564798355102539
critical,26,ambiguous,long,comma,final,9,5,animals,10.88857650756836
critical,26,ambiguous,long,comma,final,9,6,in,4.621406555175781
critical,26,ambiguous,long,comma,final,9,7,the,1.1373611688613892
critical,26,ambiguous,long,comma,final,9,8,park,6.845349788665772
critical,26,ambiguous,long,comma,final,9,9,scattered.,17.01134467124939
critical,26,ambiguous,short,comma,final,6,0,As,7.890288829803467
critical,26,ambiguous,short,comma,final,6,1,the,2.4022316932678223
critical,26,ambiguous,short,comma,final,6,2,people,11.307995796203612
critical,26,ambiguous,short,comma,final,6,3,gathered,8.892476081848145
critical,26,ambiguous,short,comma,final,6,4,the,8.564798355102539
critical,26,ambiguous,short,comma,final,6,5,animals,10.88857650756836
critical,26,ambiguous,short,comma,final,6,6,scattered.,11.668647527694702
critical,26,unambiguous,long,comma,final,9,0,As,7.890288829803467
critical,26,unambiguous,long,comma,final,9,1,the,2.4022316932678223
critical,26,unambiguous,long,comma,final,9,2,people,11.307995796203612
critical,26,unambiguous,long,comma,final,9,3,"gathered,",13.163798809051514
critical,26,unambiguous,long,comma,final,9,4,the,1.8555772304534912
critical,26,unambiguous,long,comma,final,9,5,animals,11.065274238586426
critical,26,unambiguous,long,comma,final,9,6,in,5.606240749359131
critical,26,unambiguous,long,comma,final,9,7,the,0.2411086708307266
critical,26,unambiguous,long,comma,final,9,8,park,5.286755084991455
critical,26,unambiguous,long,comma,final,9,9,scattered.,10.680120944976808
critical,26,unambiguous,short,comma,final,6,0,As,7.890288829803467
critical,26,unambiguous,short,comma,final,6,1,the,2.4022316932678223
critical,26,unambiguous,short,comma,final,6,2,people,11.307995796203612
critical,26,unambiguous,short,comma,final,6,3,"gathered,",13.163798809051514
critical,26,unambiguous,short,comma,final,6,4,the,1.8555772304534912
critical,26,unambiguous,short,comma,final,6,5,animals,11.065274238586426
critical,26,unambiguous,short,comma,final,6,6,scattered.,8.2900630235672
critical,27,ambiguous,long,comma,nonfinal,8,0,Once,15.305874824523926
critical,27,ambiguous,long,comma,nonfinal,8,1,the,3.407320261001587
critical,27,ambiguous,long,comma,nonfinal,8,2,audience,19.485450744628903
critical,27,ambiguous,long,comma,nonfinal,8,3,quieted,17.841524690389633
critical,27,ambiguous,long,comma,nonfinal,8,4,the,8.681132316589355
critical,27,ambiguous,long,comma,nonfinal,8,5,man,6.102749347686768
critical,27,ambiguous,long,comma,nonfinal,8,6,talking,13.627649307250977
critical,27,ambiguous,long,comma,nonfinal,8,7,loudly,7.42044734954834
critical,27,ambiguous,long,comma,nonfinal,8,8,put,9.92740249633789
critical,27,ambiguous,long,comma,nonfinal,8,9,away,6.229292869567871
critical,27,ambiguous,long,comma,nonfinal,8,10,his,0.264432281255722
critical,27,ambiguous,long,comma,nonfinal,8,11,phone.,8.206145286560059
critical,27,ambiguous,short,comma,nonfinal,6,0,Once,15.305874824523926
critical,27,ambiguous,short,comma,nonfinal,6,1,the,3.407320261001587
critical,27,ambiguous,short,comma,nonfinal,6,2,audience,19.485450744628903
critical,27,ambiguous,short,comma,nonfinal,6,3,quieted,17.841524690389633
critical,27,ambiguous,short,comma,nonfinal,6,4,the,8.681132316589355
critical,27,ambiguous,short,comma,nonfinal,6,5,man,6.102749347686768
critical,27,ambiguous,short,comma,nonfinal,6,6,put,8.672215461730957
critical,27,ambiguous,short,comma,nonfinal,6,7,away,7.184521675109863
critical,27,ambiguous,short,comma,nonfinal,6,8,his,0.4723359048366546
critical,27,ambiguous,short,comma,nonfinal,6,9,phone.,10.410685062408447
critical,27,unambiguous,long,comma,nonfinal,8,0,Once,15.305874824523926
critical,27,unambiguous,long,comma,nonfinal,8,1,the,3.407320261001587
critical,27,unambiguous,long,comma,nonfinal,8,2,audience,19.485450744628903
critical,27,unambiguous,long,comma,nonfinal,8,3,"quieted,",20.41402181982994
critical,27,unambiguous,long,comma,nonfinal,8,4,the,1.711018204689026
critical,27,unambiguous,long,comma,nonfinal,8,5,man,4.705087661743164
critical,27,unambiguous,long,comma,nonfinal,8,6,talking,13.11709976196289
critical,27,unambiguous,long,comma,nonfinal,8,7,loudly,10.1848726272583
critical,27,unambiguous,long,comma,nonfinal,8,8,put,9.381671905517578
critical,27,unambiguous,long,comma,nonfinal,8,9,away,7.11592960357666
critical,27,unambiguous,long,comma,nonfinal,8,10,his,0.2549140751361847
critical,27,unambiguous,long,comma,nonfinal,8,11,phone.,6.001893401145935
critical,27,unambiguous,short,comma,nonfinal,6,0,Once,15.305874824523926
critical,27,unambiguous,short,comma,nonfinal,6,1,the,3.407320261001587
critical,27,unambiguous,short,comma,nonfinal,6,2,audience,19.485450744628903
critical,27,unambiguous,short,comma,nonfinal,6,3,"quieted,",20.41402181982994
critical,27,unambiguous,short,comma,nonfinal,6,4,the,1.711018204689026
critical,27,unambiguous,short,comma,nonfinal,6,5,man,4.705087661743164
critical,27,unambiguous,short,comma,nonfinal,6,6,put,8.237707138061523
critical,27,unambiguous,short,comma,nonfinal,6,7,away,6.67136812210083
critical,27,unambiguous,short,comma,nonfinal,6,8,his,0.3981687426567077
critical,27,unambiguous,short,comma,nonfinal,6,9,phone.,7.941748857498169
critical,28,ambiguous,long,comma,nonfinal,9,0,After,9.379180908203123
critical,28,ambiguous,long,comma,nonfinal,9,1,the,2.699500322341919
critical,28,ambiguous,long,comma,nonfinal,9,2,corrupt,25.01318359375
critical,28,ambiguous,long,comma,nonfinal,9,3,politician,7.660899639129639
critical,28,ambiguous,long,comma,nonfinal,9,4,signed,16.677715301513672
critical,28,ambiguous,long,comma,nonfinal,9,5,the,1.4727108478546145
critical,28,ambiguous,long,comma,nonfinal,9,6,bill,3.84086799621582
critical,28,ambiguous,long,comma,nonfinal,9,7,on,5.837017059326172
critical,28,ambiguous,long,comma,nonfinal,9,8,taxes,12.912562370300291
critical,28,ambiguous,long,comma,nonfinal,9,9,received,12.50688362121582
critical,28,ambiguous,long,comma,nonfinal,9,10,unwelcome,22.60191345214844
critical,28,ambiguous,long,comma,nonfinal,9,11,attention,4.287136554718018
critical,28,ambiguous,long,comma,nonfinal,9,12,from,0.9164391160011292
critical,28,ambiguous,long,comma,nonfinal,9,13,southern,16.905792236328125
critical,28,ambiguous,long,comma,nonfinal,9,14,voters.,8.223780870437622
critical,28,ambiguous,short,comma,nonfinal,7,0,After,9.379180908203123
critical,28,ambiguous,short,comma,nonfinal,7,1,the,2.699500322341919
critical,28,ambiguous,short,comma,nonfinal,7,2,corrupt,25.01318359375
critical,28,ambiguous,short,comma,nonfinal,7,3,politician,7.660899639129639
critical,28,ambiguous,short,comma,nonfinal,7,4,signed,16.677715301513672
critical,28,ambiguous,short,comma,nonfinal,7,5,the,1.4727108478546145
critical,28,ambiguous,short,comma,nonfinal,7,6,bill,3.84086799621582
critical,28,ambiguous,short,comma,nonfinal,7,7,received,17.36065101623535
critical,28,ambiguous,short,comma,nonfinal,7,8,unwelcome,19.38375473022461
critical,28,ambiguous,short,comma,nonfinal,7,9,attention,2.739824056625366
critical,28,ambiguous,short,comma,nonfinal,7,10,from,1.141794204711914
critical,28,ambiguous,short,comma,nonfinal,7,11,southern,16.408180236816406
critical,28,ambiguous,short,comma,nonfinal,7,12,voters.,8.628845810890198
critical,28,unambiguous,long,comma,nonfinal,9,0,After,9.379180908203123
critical,28,unambiguous,long,comma,nonfinal,9,1,the,2.699500322341919
critical,28,unambiguous,long,comma,nonfinal,9,2,corrupt,25.01318359375
critical,28,unambiguous,long,comma,nonfinal,9,3,politician,7.660899639129639
critical,28,unambiguous,long,comma,nonfinal,9,4,"signed,",24.72958374023437
critical,28,unambiguous,long,comma,nonfinal,9,5,the,1.7742308378219604
critical,28,unambiguous,long,comma,nonfinal,9,6,bill,5.811128616333008
critical,28,unambiguous,long,comma,nonfinal,9,7,on,7.093206882476807
critical,28,unambiguous,long,comma,nonfinal,9,8,taxes,11.658464431762695
critical,28,unambiguous,long,comma,nonfinal,9,9,received,8.761727333068848
critical,28,unambiguous,long,comma,nonfinal,9,10,unwelcome,20.266433715820312
critical,28,unambiguous,long,comma,nonfinal,9,11,attention,1.798476219177246
critical,28,unambiguous,long,comma,nonfinal,9,12,from,1.3564093112945557
critical,28,unambiguous,long,comma,nonfinal,9,13,southern,17.560619354248047
critical,28,unambiguous,long,comma,nonfinal,9,14,voters.,7.954155147075653
critical,28,unambiguous,short,comma,nonfinal,7,0,After,9.379180908203123
critical,28,unambiguous,short,comma,nonfinal,7,1,the,2.699500322341919
critical,28,unambiguous,short,comma,nonfinal,7,2,corrupt,25.01318359375
critical,28,unambiguous,short,comma,nonfinal,7,3,politician,7.660899639129639
critical,28,unambiguous,short,comma,nonfinal,7,4,"signed,",24.72958374023437
critical,28,unambiguous,short,comma,nonfinal,7,5,the,1.7742308378219604
critical,28,unambiguous,short,comma,nonfinal,7,6,bill,5.811128616333008
critical,28,unambiguous,short,comma,nonfinal,7,7,received,8.150537490844727
critical,28,unambiguous,short,comma,nonfinal,7,8,unwelcome,18.92896270751953
critical,28,unambiguous,short,comma,nonfinal,7,9,attention,1.212843656539917
critical,28,unambiguous,short,comma,nonfinal,7,10,from,0.7865798473358154
critical,28,unambiguous,short,comma,nonfinal,7,11,southern,16.208261489868164
critical,28,unambiguous,short,comma,nonfinal,7,12,voters.,9.068811655044556
critical,29,ambiguous,long,object,nonfinal,10,0,While,11.370803833007812
critical,29,ambiguous,long,object,nonfinal,10,1,the,1.824116826057434
critical,29,ambiguous,long,object,nonfinal,10,2,art,13.607830047607422
critical,29,ambiguous,long,object,nonfinal,10,3,class,11.758771896362305
critical,29,ambiguous,long,object,nonfinal,10,4,painted,12.539234161376951
critical,29,ambiguous,long,object,nonfinal,10,5,the,2.91040587425232
critical,29,ambiguous,long,object,nonfinal,10,6,model,9.478463172912598
critical,29,ambiguous,long,object,nonfinal,10,7,in,3.9731624126434326
critical,29,ambiguous,long,object,nonfinal,10,8,the,1.77803373336792
critical,29,ambiguous,long,object,nonfinal,10,9,nude,9.569207191467283
critical,29,ambiguous,long,object,nonfinal,10,10,stayed,26.660717010498047
critical,29,ambiguous,long,object,nonfinal,10,11,still.,9.717194318771362
critical,29,ambiguous,short,object,nonfinal,7,0,While,11.370803833007812
critical,29,ambiguous,short,object,nonfinal,7,1,the,1.824116826057434
critical,29,ambiguous,short,object,nonfinal,7,2,art,13.607830047607422
critical,29,ambiguous,short,object,nonfinal,7,3,class,11.758771896362305
critical,29,ambiguous,short,object,nonfinal,7,4,painted,12.539234161376951
critical,29,ambiguous,short,object,nonfinal,7,5,the,2.91040587425232
critical,29,ambiguous,short,object,nonfinal,7,6,model,9.478463172912598
critical,29,ambiguous,short,object,nonfinal,7,7,stayed,21.31722640991211
critical,29,ambiguous,short,object,nonfinal,7,8,still.,8.821375370025635
critical,29,unambiguous,long,object,nonfinal,12,0,While,11.370803833007812
critical,29,unambiguous,long,object,nonfinal,12,1,the,1.824116826057434
critical,29,unambiguous,long,object,nonfinal,12,2,art,13.607830047607422
critical,29,unambiguous,long,object,nonfinal,12,3,class,11.758771896362305
critical,29,unambiguous,long,object,nonfinal,12,4,painted,12.539234161376951
critical,29,unambiguous,long,object,nonfinal,12,5,their,3.582852602005005
critical,29,unambiguous,long,object,nonfinal,12,6,portraits,5.970353126525879
critical,29,unambiguous,long,object,nonfinal,12,7,the,7.6001129150390625
critical,29,unambiguous,long,object,nonfinal,12,8,model,12.311787605285645
critical,29,unambiguous,long,object,nonfinal,12,9,in,5.566024303436279
critical,29,unambiguous,long,object,nonfinal,12,10,the,0.8367712497711182
critical,29,unambiguous,long,object,nonfinal,12,11,nude,6.885486602783203
critical,29,unambiguous,long,object,nonfinal,12,12,stayed,11.07366943359375
critical,29,unambiguous,long,object,nonfinal,12,13,still.,4.929022669792175
critical,29,unambiguous,short,object,nonfinal,9,0,While,11.370803833007812
critical,29,unambiguous,short,object,nonfinal,9,1,the,1.824116826057434
critical,29,unambiguous,short,object,nonfinal,9,2,art,13.607830047607422
critical,29,unambiguous,short,object,nonfinal,9,3,class,11.758771896362305
critical,29,unambiguous,short,object,nonfinal,9,4,painted,12.539234161376951
critical,29,unambiguous,short,object,nonfinal,9,5,their,3.582852602005005
critical,29,unambiguous,short,object,nonfinal,9,6,portraits,5.970353126525879
critical,29,unambiguous,short,object,nonfinal,9,7,the,7.6001129150390625
critical,29,unambiguous,short,object,nonfinal,9,8,model,12.311787605285645
critical,29,unambiguous,short,object,nonfinal,9,9,stayed,7.59961462020874
critical,29,unambiguous,short,object,nonfinal,9,10,still.,5.834719181060791
critical,30,ambiguous,long,object,final,8,0,As,7.890288829803467
critical,30,ambiguous,long,object,final,8,1,the,2.4022316932678223
critical,30,ambiguous,long,object,final,8,2,professor,18.36883354187012
critical,30,ambiguous,long,object,final,8,3,wrote,9.690482139587402
critical,30,ambiguous,long,object,final,8,4,the,5.537390232086182
critical,30,ambiguous,long,object,final,8,5,textbook,8.43340015411377
critical,30,ambiguous,long,object,final,8,6,on,4.438591480255127
critical,30,ambiguous,long,object,final,8,7,biology,8.991365432739258
critical,30,ambiguous,long,object,final,8,8,grew.,28.012338161468502
critical,30,ambiguous,short,object,final,6,0,As,7.890288829803467
critical,30,ambiguous,short,object,final,6,1,the,2.4022316932678223
critical,30,ambiguous,short,object,final,6,2,professor,18.36883354187012
critical,30,ambiguous,short,object,final,6,3,wrote,9.690482139587402
critical,30,ambiguous,short,object,final,6,4,the,5.537390232086182
critical,30,ambiguous,short,object,final,6,5,textbook,8.43340015411377
critical,30,ambiguous,short,object,final,6,6,grew.,25.85931897163391
critical,30,unambiguous,long,object,final,10,0,As,7.890288829803467
critical,30,unambiguous,long,object,final,10,1,the,2.4022316932678223
critical,30,unambiguous,long,object,final,10,2,professor,18.36883354187012
critical,30,unambiguous,long,object,final,10,3,wrote,9.690482139587402
critical,30,unambiguous,long,object,final,10,4,the,5.537390232086182
critical,30,unambiguous,long,object,final,10,5,chapter,8.560476303100586
critical,30,unambiguous,long,object,final,10,6,the,7.956363201141357
critical,30,unambiguous,long,object,final,10,7,textbook,8.957989692687988
critical,30,unambiguous,long,object,final,10,8,on,5.599702835083008
critical,30,unambiguous,long,object,final,10,9,biology,11.778657913208008
critical,30,unambiguous,long,object,final,10,10,grew.,21.223061084747314
critical,30,unambiguous,short,object,final,8,0,As,7.890288829803467
critical,30,unambiguous,short,object,final,8,1,the,2.4022316932678223
critical,30,unambiguous,short,object,final,8,2,professor,18.36883354187012
critical,30,unambiguous,short,object,final,8,3,wrote,9.690482139587402
critical,30,unambiguous,short,object,final,8,4,the,5.537390232086182
critical,30,unambiguous,short,object,final,8,5,chapter,8.560476303100586
critical,30,unambiguous,short,object,final,8,6,the,7.956363201141357
critical,30,unambiguous,short,object,final,8,7,textbook,8.957989692687988
critical,30,unambiguous,short,object,final,8,8,grew.,19.654258728027344
filler,1,,,,,-1,0,The,4.129395484924316
filler,1,,,,,-1,1,little,13.5521240234375
filler,1,,,,,-1,2,blonde,13.680561065673828
filler,1,,,,,-1,3,girls,7.930854797363281
filler,1,,,,,-1,4,turned,10.787541389465332
filler,1,,,,,-1,5,out,2.9725260734558105
filler,1,,,,,-1,6,to,0.4268031418323517
filler,1,,,,,-1,7,be,0.0847558006644249
filler,1,,,,,-1,8,daughters,10.343515396118164
filler,1,,,,,-1,9,of,0.1582020223140716
filler,1,,,,,-1,10,one,6.319284915924072
filler,1,,,,,-1,11,of,0.2184482365846634
filler,1,,,,,-1,12,the,0.4363516271114349
filler,1,,,,,-1,13,neighbors.,13.753763794898989
filler,2,,,,,-1,0,After,9.379180908203123
filler,2,,,,,-1,1,the,2.699500322341919
filler,2,,,,,-1,2,show,8.62856388092041
filler,2,,,,,-1,3,the,6.190743923187256
filler,2,,,,,-1,4,famous,11.725014686584473
filler,2,,,,,-1,5,violinist,9.855606079101562
filler,2,,,,,-1,6,met,11.994219779968262
filler,2,,,,,-1,7,with,1.360201120376587
filler,2,,,,,-1,8,some,5.691216945648193
filler,2,,,,,-1,9,of,0.8504087924957275
filler,2,,,,,-1,10,his,3.051398754119873
filler,2,,,,,-1,11,devoted,8.466755867004395
filler,2,,,,,-1,12,fans.,2.846577137708664
filler,3,,,,,-1,0,The,4.129395484924316
filler,3,,,,,-1,1,pharmacologist,32.85178995132446
filler,3,,,,,-1,2,made,12.526220321655272
filler,3,,,,,-1,3,sure,7.757452011108398
filler,3,,,,,-1,4,that,1.4893146753311155
filler,3,,,,,-1,5,the,1.1285749673843384
filler,3,,,,,-1,6,new,4.930225372314453
filler,3,,,,,-1,7,shipment,14.523451805114746
filler,3,,,,,-1,8,of,0.8434524536132812
filler,3,,,,,-1,9,patches,18.04716110229492
filler,3,,,,,-1,10,didn't,7.283261554635828
filler,3,,,,,-1,11,have,3.5757477283477783
filler,3,,,,,-1,12,any,0.9820319414138794
filler,3,,,,,-1,13,tears.,16.951063632965088
filler,4,,,,,-1,0,On,8.385754585266113
filler,4,,,,,-1,1,returning,15.594148635864258
filler,4,,,,,-1,2,from,2.031522274017334
filler,4,,,,,-1,3,abroad,9.562975883483888
filler,4,,,,,-1,4,the,6.391327857971191
filler,4,,,,,-1,5,accountant,16.029518127441406
filler,4,,,,,-1,6,discovered,6.629397392272949
filler,4,,,,,-1,7,he,5.169162750244141
filler,4,,,,,-1,8,had,0.738331139087677
filler,4,,,,,-1,9,a,3.000874280929565
filler,4,,,,,-1,10,serious,6.40474796295166
filler,4,,,,,-1,11,case,5.082874298095703
filler,4,,,,,-1,12,of,0.0057841204106807
filler,4,,,,,-1,13,malaria.,8.565562665462494
filler,5,,,,,-1,0,The,4.129395484924316
filler,5,,,,,-1,1,coach,17.14200210571289
filler,5,,,,,-1,2,encouraged,17.56896209716797
filler,5,,,,,-1,3,his,2.830416202545166
filler,5,,,,,-1,4,team,1.7334750890731812
filler,5,,,,,-1,5,as,8.521533966064453
filler,5,,,,,-1,6,the,3.0094900131225586
filler,5,,,,,-1,7,game,2.270170927047729
filler,5,,,,,-1,8,turned,8.218238830566406
filler,5,,,,,-1,9,increasingly,11.096796989440918
filler,5,,,,,-1,10,discouraging.,18.70124578475952
filler,6,,,,,-1,0,The,4.129395484924316
filler,6,,,,,-1,1,photographer,21.09062957763672
filler,6,,,,,-1,2,posed,12.270028114318848
filler,6,,,,,-1,3,the,3.182441234588623
filler,6,,,,,-1,4,newlyweds,14.824389457702637
filler,6,,,,,-1,5,in,2.1347780227661133
filler,6,,,,,-1,6,front,1.7207895517349243
filler,6,,,,,-1,7,of,0.0063069476746022
filler,6,,,,,-1,8,an,4.067381381988525
filler,6,,,,,-1,9,old,2.7677154541015625
filler,6,,,,,-1,10,oak,6.787168502807617
filler,6,,,,,-1,11,tree,0.0881239101290702
filler,6,,,,,-1,12,that,3.9078969955444336
filler,6,,,,,-1,13,stood,3.4443583488464355
filler,6,,,,,-1,14,by,6.276444911956787
filler,6,,,,,-1,15,the,0.4137379825115204
filler,6,,,,,-1,16,pond.,7.989968657493591
filler,7,,,,,-1,0,The,4.129395484924316
filler,7,,,,,-1,1,horse,17.921260833740234
filler,7,,,,,-1,2,galloped,14.031973958015442
filler,7,,,,,-1,3,furiously,7.54124641418457
filler,7,,,,,-1,4,around,5.783146381378174
filler,7,,,,,-1,5,the,0.32525634765625
filler,7,,,,,-1,6,field,3.303938150405884
filler,7,,,,,-1,7,before,6.402052879333496
filler,7,,,,,-1,8,jumping,5.885316371917725
filler,7,,,,,-1,9,over,2.844964504241944
filler,7,,,,,-1,10,the,0.8698497414588928
filler,7,,,,,-1,11,fence.,4.3422839641571045
filler,8,,,,,-1,0,The,4.129395484924316
filler,8,,,,,-1,1,talented,16.3107967376709
filler,8,,,,,-1,2,cartoonists,18.57113540172577
filler,8,,,,,-1,3,drew,10.948878288269045
filler,8,,,,,-1,4,a,2.991859674453736
filler,8,,,,,-1,5,huge,6.917259216308594
filler,8,,,,,-1,6,illustration,9.17884349822998
filler,8,,,,,-1,7,of,0.9965665340423584
filler,8,,,,,-1,8,the,0.8482569456100464
filler,8,,,,,-1,9,upcoming,6.353992462158203
filler,8,,,,,-1,10,mall,19.90842628479004
filler,8,,,,,-1,11,to,5.4211835861206055
filler,8,,,,,-1,12,be,3.699473381042481
filler,8,,,,,-1,13,opened,4.126378536224365
filler,8,,,,,-1,14,in,0.6906163096427917
filler,8,,,,,-1,15,May.,11.22839379310608
filler,9,,,,,-1,0,The,4.129395484924316
filler,9,,,,,-1,1,protesters,19.473499298095703
filler,9,,,,,-1,2,rallied,9.94983196258545
filler,9,,,,,-1,3,outside,2.234173059463501
filler,9,,,,,-1,4,the,0.3376583456993103
filler,9,,,,,-1,5,state,6.457365036010742
filler,9,,,,,-1,6,capital,4.028706073760986
filler,9,,,,,-1,7,to,5.736031532287598
filler,9,,,,,-1,8,petition,11.032153129577637
filler,9,,,,,-1,9,the,1.637062907218933
filler,9,,,,,-1,10,widely,22.412548065185547
filler,9,,,,,-1,11,controversial,9.035978317260742
filler,9,,,,,-1,12,bill.,5.1905436515808105
filler,10,,,,,-1,0,The,4.129395484924316
filler,10,,,,,-1,1,small,12.118146896362305
filler,10,,,,,-1,2,orange,13.104937553405762
filler,10,,,,,-1,3,kitten,9.520478248596191
filler,10,,,,,-1,4,climbed,11.280224800109863
filler,10,,,,,-1,5,up,1.9533486366271973
filler,10,,,,,-1,6,the,1.6105583906173706
filler,10,,,,,-1,7,curtains,10.517550468444824
filler,10,,,,,-1,8,behind,10.557716369628906
filler,10,,,,,-1,9,the,1.5088987350463867
filler,10,,,,,-1,10,couch,4.143901348114014
filler,10,,,,,-1,11,when,9.486767768859863
filler,10,,,,,-1,12,the,2.665976047515869
filler,10,,,,,-1,13,vacuum,10.873645782470703
filler,10,,,,,-1,14,turned,10.823506355285645
filler,10,,,,,-1,15,on.,0.8988804221153259
filler,11,,,,,-1,0,The,4.129395484924316
filler,11,,,,,-1,1,captain,17.460609436035156
filler,11,,,,,-1,2,made,9.63165283203125
filler,11,,,,,-1,3,sure,6.347274303436279
filler,11,,,,,-1,4,the,2.7825114727020264
filler,11,,,,,-1,5,sailors,10.266706466674805
filler,11,,,,,-1,6,fixed,16.5191593170166
filler,11,,,,,-1,7,the,0.9739363789558412
filler,11,,,,,-1,8,rudder,6.426373958587647
filler,11,,,,,-1,9,before,3.885066032409668
filler,11,,,,,-1,10,setting,3.897905588150024
filler,11,,,,,-1,11,sail.,2.42165607213974
filler,12,,,,,-1,0,The,4.129395484924316
filler,12,,,,,-1,1,student,13.401514053344728
filler,12,,,,,-1,2,felt,14.533045768737791
filler,12,,,,,-1,3,that,1.5592992305755615
filler,12,,,,,-1,4,he,3.034186601638794
filler,12,,,,,-1,5,hadn't,10.375236125895754
filler,12,,,,,-1,6,prepared,8.14349365234375
filler,12,,,,,-1,7,sufficiently,5.53808069229126
filler,12,,,,,-1,8,after,12.216917991638184
filler,12,,,,,-1,9,he,5.134096145629883
filler,12,,,,,-1,10,finished,6.445220470428467
filler,12,,,,,-1,11,the,1.873534917831421
filler,12,,,,,-1,12,midterm.,9.22180199623108
filler,13,,,,,-1,0,The,4.129395484924316
filler,13,,,,,-1,1,boys,14.014812469482422
filler,13,,,,,-1,2,rode,17.831871032714844
filler,13,,,,,-1,3,their,3.274472713470459
filler,13,,,,,-1,4,bikes,0.4113219678401947
filler,13,,,,,-1,5,past,7.569260597229004
filler,13,,,,,-1,6,the,0.582407534122467
filler,13,,,,,-1,7,yellow,11.285868644714355
filler,13,,,,,-1,8,wall,9.766109466552734
filler,13,,,,,-1,9,that,5.185340404510498
filler,13,,,,,-1,10,stood,5.456690311431885
filler,13,,,,,-1,11,in,2.197657585144043
filler,13,,,,,-1,12,front,1.807667016983032
filler,13,,,,,-1,13,of,0.0112297795712947
filler,13,,,,,-1,14,the,0.6387710571289062
filler,13,,,,,-1,15,old,4.606632232666016
filler,13,,,,,-1,16,factory.,9.29658269882202
filler,14,,,,,-1,0,The,4.129395484924316
filler,14,,,,,-1,1,desert,21.12116241455078
filler,14,,,,,-1,2,bandits,15.526443481445312
filler,14,,,,,-1,3,joked,19.32884407043457
filler,14,,,,,-1,4,that,2.630484342575073
filler,14,,,,,-1,5,the,2.4507501125335693
filler,14,,,,,-1,6,oasis,12.40336799621582
filler,14,,,,,-1,7,in,5.795714855194092
filler,14,,,,,-1,8,the,0.9242127537727356
filler,14,,,,,-1,9,horizon,11.79341983795166
filler,14,,,,,-1,10,was,0.7254393100738525
filler,14,,,,,-1,11,all,9.658679008483888
filler,14,,,,,-1,12,but,5.096970081329346
filler,14,,,,,-1,13,a,2.146456241607666
filler,14,,,,,-1,14,wild,14.99308967590332
filler,14,,,,,-1,15,fantasy.,8.219540894031525
filler,15,,,,,-1,0,The,4.129395484924316
filler,15,,,,,-1,1,carpenter,27.138818740844727
filler,15,,,,,-1,2,told,8.88708782196045
filler,15,,,,,-1,3,all,10.912603378295898
filler,15,,,,,-1,4,the,1.4386307001113892
filler,15,,,,,-1,5,disappointed,19.371013641357425
filler,15,,,,,-1,6,applicants,8.570905685424805
filler,15,,,,,-1,7,that,1.063813090324402
filler,15,,,,,-1,8,he,1.9506080150604248
filler,15,,,,,-1,9,was,2.55258846282959
filler,15,,,,,-1,10,not,2.581423759460449
filler,15,,,,,-1,11,taking,7.089947700500488
filler,15,,,,,-1,12,any,1.0386238098144531
filler,15,,,,,-1,13,new,2.969936847686768
filler,15,,,,,-1,14,apprentices.,5.688335657119751
filler,16,,,,,-1,0,The,4.129395484924316
filler,16,,,,,-1,1,California,11.05702018737793
filler,16,,,,,-1,2,judges,17.41400909423828
filler,16,,,,,-1,3,requested,16.320240020751953
filler,16,,,,,-1,4,the,2.261802911758423
filler,16,,,,,-1,5,opinions,12.023751258850098
filler,16,,,,,-1,6,of,1.7758653163909912
filler,16,,,,,-1,7,various,7.234978675842285
filler,16,,,,,-1,8,industry,10.422481536865234
filler,16,,,,,-1,9,leaders.,10.254879474639893
filler,17,,,,,-1,0,The,4.129395484924316
filler,17,,,,,-1,1,dance,19.735475540161133
filler,17,,,,,-1,2,troupe,7.240875244140625
filler,17,,,,,-1,3,forgot,24.89666557312012
filler,17,,,,,-1,4,most,10.13902759552002
filler,17,,,,,-1,5,of,0.1033656969666481
filler,17,,,,,-1,6,the,1.0289102792739868
filler,17,,,,,-1,7,steps,3.3573765754699707
filler,17,,,,,-1,8,when,5.231863498687744
filler,17,,,,,-1,9,they,0.6958996057510376
filler,17,,,,,-1,10,performed,2.8104963302612305
filler,17,,,,,-1,11,for,4.071597099304199
filler,17,,,,,-1,12,the,1.1442404985427856
filler,17,,,,,-1,13,prime,11.351021766662598
filler,17,,,,,-1,14,minister.,2.1511313877999783
filler,18,,,,,-1,0,There,8.812994956970215
filler,18,,,,,-1,1,were,5.200257301330566
filler,18,,,,,-1,2,several,4.880509853363037
filler,18,,,,,-1,3,noblemen,21.75629448890686
filler,18,,,,,-1,4,who,2.4827799797058105
filler,18,,,,,-1,5,kept,10.276422500610352
filler,18,,,,,-1,6,insisting,14.32436466217041
filler,18,,,,,-1,7,that,1.3881559371948242
filler,18,,,,,-1,8,the,1.702724575996399
filler,18,,,,,-1,9,croutons,34.734148025512695
filler,18,,,,,-1,10,were,2.046761512756348
filler,18,,,,,-1,11,too,4.443687915802002
filler,18,,,,,-1,12,soft.,7.297917366027832
filler,19,,,,,-1,0,The,4.129395484924316
filler,19,,,,,-1,1,priest,20.881147384643555
filler,19,,,,,-1,2,checked,19.615966796875
filler,19,,,,,-1,3,twice,11.620634078979492
filler,19,,,,,-1,4,that,4.051473617553711
filler,19,,,,,-1,5,he,2.874418973922729
filler,19,,,,,-1,6,had,1.5284056663513184
filler,19,,,,,-1,7,all,6.893232345581055
filler,19,,,,,-1,8,the,0.6603776216506958
filler,19,,,,,-1,9,supplies,8.906355857849121
filler,19,,,,,-1,10,ready,5.8113789558410645
filler,19,,,,,-1,11,for,3.158118724822998
filler,19,,,,,-1,12,the,0.8277456164360046
filler,19,,,,,-1,13,event,8.602803230285645
filler,19,,,,,-1,14,on,6.342822074890137
filler,19,,,,,-1,15,Sunday.,4.308347105979919
filler,20,,,,,-1,0,The,4.129395484924316
filler,20,,,,,-1,1,jeweler,25.434682846069336
filler,20,,,,,-1,2,showed,12.213980674743652
filler,20,,,,,-1,3,off,2.115672826766968
filler,20,,,,,-1,4,his,2.367103099822998
filler,20,,,,,-1,5,collection,3.5910940170288086
filler,20,,,,,-1,6,of,0.8748908638954163
filler,20,,,,,-1,7,rare,4.405425071716309
filler,20,,,,,-1,8,and,1.858441710472107
filler,20,,,,,-1,9,precious,4.299103736877441
filler,20,,,,,-1,10,stones,1.3503416776657104
filler,20,,,,,-1,11,at,2.178984403610229
filler,20,,,,,-1,12,the,0.7465615272521973
filler,20,,,,,-1,13,convention.,13.268045902252195
filler,21,,,,,-1,0,The,4.129395484924316
filler,21,,,,,-1,1,serious,22.19483757019043
filler,21,,,,,-1,2,man,9.71479320526123
filler,21,,,,,-1,3,shifted,20.960113525390625
filler,21,,,,,-1,4,his,1.0114285945892334
filler,21,,,,,-1,5,glasses,7.538533210754394
filler,21,,,,,-1,6,to,2.656721830368042
filler,21,,,,,-1,7,indicate,9.853116035461426
filler,21,,,,,-1,8,the,1.9545539617538448
filler,21,,,,,-1,9,prisoners,17.258073806762695
filler,21,,,,,-1,10,would,8.592630386352539
filler,21,,,,,-1,11,be,0.9711736440658568
filler,21,,,,,-1,12,set,7.31812047958374
filler,21,,,,,-1,13,free.,1.9298791885375977
filler,22,,,,,-1,0,The,4.129395484924316
filler,22,,,,,-1,1,doctor,15.77177619934082
filler,22,,,,,-1,2,made,8.928187370300293
filler,22,,,,,-1,3,the,2.774636030197144
filler,22,,,,,-1,4,nurse,15.315160751342772
filler,22,,,,,-1,5,administer,11.705185890197754
filler,22,,,,,-1,6,the,1.985076069831848
filler,22,,,,,-1,7,shot,5.038153171539307
filler,22,,,,,-1,8,because,7.52988338470459
filler,22,,,,,-1,9,he,1.9322705268859863
filler,22,,,,,-1,10,didn't,5.000272982870229
filler,22,,,,,-1,11,like,5.160373687744141
filler,22,,,,,-1,12,to,5.245730876922607
filler,22,,,,,-1,13,give,4.955814838409424
filler,22,,,,,-1,14,shots,2.1454710960388184
filler,22,,,,,-1,15,to,2.928047180175781
filler,22,,,,,-1,16,children.,3.2811511158943176
filler,23,,,,,-1,0,The,4.129395484924316
filler,23,,,,,-1,1,football,16.38935089111328
filler,23,,,,,-1,2,player,6.014357089996338
filler,23,,,,,-1,3,performed,13.509931564331056
filler,23,,,,,-1,4,a,2.653073072433472
filler,23,,,,,-1,5,humorous,12.858110427856444
filler,23,,,,,-1,6,victory,11.907585144042969
filler,23,,,,,-1,7,dance,1.3406033515930176
filler,23,,,,,-1,8,at,4.697831153869629
filler,23,,,,,-1,9,the,0.6317129135131836
filler,23,,,,,-1,10,end,0.8210781812667847
filler,23,,,,,-1,11,zone.,21.971885204315186
filler,24,,,,,-1,0,The,4.129395484924316
filler,24,,,,,-1,1,journalists,23.991161346435547
filler,24,,,,,-1,2,were,3.46063494682312
filler,24,,,,,-1,3,riled,16.883681923151016
filler,24,,,,,-1,4,up,2.103468894958496
filler,24,,,,,-1,5,to,6.382248401641846
filler,24,,,,,-1,6,hear,4.356766223907471
filler,24,,,,,-1,7,that,1.9656461477279663
filler,24,,,,,-1,8,the,1.1289409399032593
filler,24,,,,,-1,9,famous,12.721007347106934
filler,24,,,,,-1,10,British,5.973202228546143
filler,24,,,,,-1,11,actor,3.173547744750977
filler,24,,,,,-1,12,threw,20.15471649169922
filler,24,,,,,-1,13,a,1.7340914011001587
filler,24,,,,,-1,14,fit,3.7039365768432617
filler,24,,,,,-1,15,on,4.594165802001953
filler,24,,,,,-1,16,the,1.2508972883224487
filler,24,,,,,-1,17,set.,6.1104501485824585
filler,25,,,,,-1,0,The,4.129395484924316
filler,25,,,,,-1,1,salesman,26.181257247924805
filler,25,,,,,-1,2,made,7.642673492431641
filler,25,,,,,-1,3,sure,6.188899040222168
filler,25,,,,,-1,4,that,2.4641425609588623
filler,25,,,,,-1,5,there,6.516029357910156
filler,25,,,,,-1,6,were,1.9666064977645876
filler,25,,,,,-1,7,people,10.16066074371338
filler,25,,,,,-1,8,all,7.023690223693848
filler,25,,,,,-1,9,around,1.1162444353103638
filler,25,,,,,-1,10,to,3.172835111618042
filler,25,,,,,-1,11,witness,6.759677410125732
filler,25,,,,,-1,12,his,3.4017369747161865
filler,25,,,,,-1,13,biggest,12.994208335876465
filler,25,,,,,-1,14,sale.,5.15829348564148
filler,26,,,,,-1,0,The,4.129395484924316
filler,26,,,,,-1,1,guides,22.176652908325195
filler,26,,,,,-1,2,were,3.1637654304504395
filler,26,,,,,-1,3,in,7.821897506713867
filler,26,,,,,-1,4,the,2.212120532989502
filler,26,,,,,-1,5,process,4.716876029968262
filler,26,,,,,-1,6,of,0.0106876902282238
filler,26,,,,,-1,7,explaining,6.85210657119751
filler,26,,,,,-1,8,the,1.3223429918289185
filler,26,,,,,-1,9,delay,19.57466125488281
filler,26,,,,,-1,10,when,3.905065536499024
filler,26,,,,,-1,11,the,1.931067943572998
filler,26,,,,,-1,12,boat,6.0454816818237305
filler,26,,,,,-1,13,started,4.118257999420166
filler,26,,,,,-1,14,to,1.214192032814026
filler,26,,,,,-1,15,move,2.685741662979126
filler,26,,,,,-1,16,again.,3.813477337360382
filler,27,,,,,-1,0,The,4.129395484924316
filler,27,,,,,-1,1,detective's,28.496196966501884
filler,27,,,,,-1,2,computer,13.51894760131836
filler,27,,,,,-1,3,crashed,4.286203861236572
filler,27,,,,,-1,4,and,2.6980528831481934
filler,27,,,,,-1,5,all,5.623851776123047
filler,27,,,,,-1,6,the,1.8390201330184937
filler,27,,,,,-1,7,important,6.0902910232543945
filler,27,,,,,-1,8,documents,3.93906307220459
filler,27,,,,,-1,9,were,1.068609356880188
filler,27,,,,,-1,10,lost.,1.382454335689545
filler,28,,,,,-1,0,The,4.129395484924316
filler,28,,,,,-1,1,chiefs,20.949302673339844
filler,28,,,,,-1,2,perform,16.143972396850586
filler,28,,,,,-1,3,a,1.8867900371551516
filler,28,,,,,-1,4,ceremony,3.727949619293213
filler,28,,,,,-1,5,for,5.206762313842773
filler,28,,,,,-1,6,each,6.340721130371094
filler,28,,,,,-1,7,family's,12.354382027871909
filler,28,,,,,-1,8,oldest,11.217039108276367
filler,28,,,,,-1,9,child,4.549975872039795
filler,28,,,,,-1,10,every,7.054956912994385
filler,28,,,,,-1,11,time,7.683488845825195
filler,28,,,,,-1,12,there,5.5111494064331055
filler,28,,,,,-1,13,is,0.2668510377407074
filler,28,,,,,-1,14,a,0.1659976541996002
filler,28,,,,,-1,15,full,7.555508613586426
filler,28,,,,,-1,16,moon.,0.9437114372849464
filler,29,,,,,-1,0,The,4.129395484924316
filler,29,,,,,-1,1,saleslady,26.54535961151123
filler,29,,,,,-1,2,found,10.978155136108398
filler,29,,,,,-1,3,herself,7.085464954376221
filler,29,,,,,-1,4,surrounded,8.107673645019531
filler,29,,,,,-1,5,by,0.0741066336631774
filler,29,,,,,-1,6,angry,9.389479637145996
filler,29,,,,,-1,7,shoppers,4.4905524253845215
filler,29,,,,,-1,8,who,2.863381862640381
filler,29,,,,,-1,9,wanted,3.907390832901001
filler,29,,,,,-1,10,their,3.063605308532715
filler,29,,,,,-1,11,money,0.4546726047992706
filler,29,,,,,-1,12,back.,1.396383598446846
filler,30,,,,,-1,0,The,4.129395484924316
filler,30,,,,,-1,1,scientist,22.75162506103516
filler,30,,,,,-1,2,forgot,18.75615692138672
filler,30,,,,,-1,3,to,0.731410562992096
filler,30,,,,,-1,4,make,7.191765308380127
filler,30,,,,,-1,5,sure,4.45637845993042
filler,30,,,,,-1,6,that,1.8176310062408447
filler,30,,,,,-1,7,the,1.005517840385437
filler,30,,,,,-1,8,temperature,6.021483898162842
filler,30,,,,,-1,9,was,1.8843244314193728
filler,30,,,,,-1,10,set,4.705860614776611
filler,30,,,,,-1,11,to,1.3660567998886108
filler,30,,,,,-1,12,zero,4.420168876647949
filler,30,,,,,-1,13,degrees.,6.404779672622681
filler,31,,,,,-1,0,The,4.129395484924316
filler,31,,,,,-1,1,candy,22.930517196655277
filler,31,,,,,-1,2,shop,4.516979694366455
filler,31,,,,,-1,3,was,3.4024579524993896
filler,31,,,,,-1,4,small,8.028682708740234
filler,31,,,,,-1,5,but,2.0849058628082275
filler,31,,,,,-1,6,tidy,9.823335647583008
filler,31,,,,,-1,7,and,1.5562806129455566
filler,31,,,,,-1,8,smelled,7.455372333526611
filler,31,,,,,-1,9,deliciously,8.377128601074219
filler,31,,,,,-1,10,of,1.7473711967468262
filler,31,,,,,-1,11,chocolate.,2.7495704889297485
filler,32,,,,,-1,0,The,4.129395484924316
filler,32,,,,,-1,1,virus,16.85062599182129
filler,32,,,,,-1,2,caused,8.875003814697266
filler,32,,,,,-1,3,an,4.271033763885498
filler,32,,,,,-1,4,unusual,7.842945575714111
filler,32,,,,,-1,5,amount,4.259814739227295
filler,32,,,,,-1,6,of,0.0034369013737887
filler,32,,,,,-1,7,workers,17.299388885498047
filler,32,,,,,-1,8,at,6.791849613189697
filler,32,,,,,-1,9,the,0.6760624051094055
filler,32,,,,,-1,10,city,8.400128364562988
filler,32,,,,,-1,11,hall,5.808244705200195
filler,32,,,,,-1,12,to,1.500338077545166
filler,32,,,,,-1,13,call,5.5573577880859375
filler,32,,,,,-1,14,in,0.648338794708252
filler,32,,,,,-1,15,sick.,1.9441661909222605
filler,33,,,,,-1,0,The,4.129395484924316
filler,33,,,,,-1,1,furious,26.594873428344727
filler,33,,,,,-1,2,man,6.854774475097656
filler,33,,,,,-1,3,standing,10.79587745666504
filler,33,,,,,-1,4,at,3.3676486015319824
filler,33,,,,,-1,5,the,0.1441407203674316
filler,33,,,,,-1,6,mayor's,16.214864518493414
filler,33,,,,,-1,7,door,2.036937713623047
filler,33,,,,,-1,8,was,2.6812398433685303
filler,33,,,,,-1,9,angry,4.823750019073486
filler,33,,,,,-1,10,about,3.8379950523376474
filler,33,,,,,-1,11,the,1.294195532798767
filler,33,,,,,-1,12,high,8.914353370666504
filler,33,,,,,-1,13,cost,2.1936235427856445
filler,33,,,,,-1,14,of,0.0280428025871515
filler,33,,,,,-1,15,electricity.,5.382179021835327
filler,34,,,,,-1,0,The,4.129395484924316
filler,34,,,,,-1,1,bartender,25.34994506835937
filler,34,,,,,-1,2,tried,9.89767074584961
filler,34,,,,,-1,3,several,8.402724266052246
filler,34,,,,,-1,4,times,0.8210176825523376
filler,34,,,,,-1,5,to,0.1640549451112747
filler,34,,,,,-1,6,get,2.547255754470825
filler,34,,,,,-1,7,the,3.243782758712769
filler,34,,,,,-1,8,woman,8.551584243774414
filler,34,,,,,-1,9,to,0.6458677649497986
filler,34,,,,,-1,10,order,3.897429466247559
filler,34,,,,,-1,11,from,7.087121486663818
filler,34,,,,,-1,12,the,0.435892105102539
filler,34,,,,,-1,13,secret,14.758562088012695
filler,34,,,,,-1,14,menu.,1.9847926422953608
filler,35,,,,,-1,0,The,4.129395484924316
filler,35,,,,,-1,1,seamstress,31.11468243598938
filler,35,,,,,-1,2,fretted,19.153396606445312
filler,35,,,,,-1,3,over,2.5142736434936523
filler,35,,,,,-1,4,whether,6.4959716796875
filler,35,,,,,-1,5,the,3.3861236572265625
filler,35,,,,,-1,6,dress,2.2629284858703613
filler,35,,,,,-1,7,would,1.441401720046997
filler,35,,,,,-1,8,be,2.4049887657165527
filler,35,,,,,-1,9,finished,7.406048774719238
filler,35,,,,,-1,10,in,0.847015917301178
filler,35,,,,,-1,11,time.,2.3998127933591604
