item_category,item,ambiguity,length,resolution,finality,critical_word_index,word_index,word,surprisal
critical,1,ambiguous,short,object,nonfinal,6,0,As,25.38521194458008
critical,1,ambiguous,short,object,nonfinal,6,1,the,2.97714900970459
critical,1,ambiguous,short,object,nonfinal,6,2,lifeguard,19.8638129234314
critical,1,ambiguous,short,object,nonfinal,6,3,watched,11.803887367248535
critical,1,ambiguous,short,object,nonfinal,6,4,the,2.644063949584961
critical,1,ambiguous,short,object,nonfinal,6,5,kids,9.713129043579102
critical,1,ambiguous,short,object,nonfinal,6,6,splashed,13.187299251556396
critical,1,ambiguous,short,object,nonfinal,6,7,each,10.758320808410645
critical,1,ambiguous,short,object,nonfinal,6,8,other,0.0890787541866302
critical,1,ambiguous,short,object,nonfinal,6,9,with,1.946155667304993
critical,1,ambiguous,short,object,nonfinal,6,10,water.,10.600449204444883
critical,1,ambiguous,long,object,nonfinal,8,0,As,25.38521194458008
critical,1,ambiguous,long,object,nonfinal,8,1,the,2.97714900970459
critical,1,ambiguous,long,object,nonfinal,8,2,lifeguard,19.8638129234314
critical,1,ambiguous,long,object,nonfinal,8,3,watched,11.803887367248535
critical,1,ambiguous,long,object,nonfinal,8,4,the,2.644063949584961
critical,1,ambiguous,long,object,nonfinal,8,5,kids,9.713129043579102
critical,1,ambiguous,long,object,nonfinal,8,6,playing,5.857415199279785
critical,1,ambiguous,long,object,nonfinal,8,7,happily,9.167396545410156
critical,1,ambiguous,long,object,nonfinal,8,8,splashed,17.178794384002686
critical,1,ambiguous,long,object,nonfinal,8,9,each,11.291418075561523
critical,1,ambiguous,long,object,nonfinal,8,10,other,0.1068328693509101
critical,1,ambiguous,long,object,nonfinal,8,11,with,2.5519254207611084
critical,1,ambiguous,long,object,nonfinal,8,12,water.,10.267028570175173
critical,1,unambiguous,short,object,nonfinal,8,0,As,25.38521194458008
critical,1,unambiguous,short,object,nonfinal,8,1,the,2.97714900970459
critical,1,unambiguous,short,object,nonfinal,8,2,lifeguard,19.8638129234314
critical,1,unambiguous,short,object,nonfinal,8,3,watched,11.803887367248535
critical,1,unambiguous,short,object,nonfinal,8,4,the,2.644063949584961
critical,1,unambiguous,short,object,nonfinal,8,5,pool,7.329586982727051
critical,1,unambiguous,short,object,nonfinal,8,6,the,9.87541961669922
critical,1,unambiguous,short,object,nonfinal,8,7,kids,7.938036918640137
critical,1,unambiguous,short,object,nonfinal,8,8,splashed,7.417823761701584
critical,1,unambiguous,short,object,nonfinal,8,9,each,9.399928092956545
critical,1,unambiguous,short,object,nonfinal,8,10,other,0.1003498136997222
critical,1,unambiguous,short,object,nonfinal,8,11,with,2.5417439937591557
critical,1,unambiguous,short,object,nonfinal,8,12,water.,4.133406281471252
critical,1,unambiguous,long,object,nonfinal,10,0,As,25.38521194458008
critical,1,unambiguous,long,object,nonfinal,10,1,the,2.97714900970459
critical,1,unambiguous,long,object,nonfinal,10,2,lifeguard,19.8638129234314
critical,1,unambiguous,long,object,nonfinal,10,3,watched,11.803887367248535
critical,1,unambiguous,long,object,nonfinal,10,4,the,2.644063949584961
critical,1,unambiguous,long,object,nonfinal,10,5,pool,7.329586982727051
critical,1,unambiguous,long,object,nonfinal,10,6,the,9.87541961669922
critical,1,unambiguous,long,object,nonfinal,10,7,kids,7.938036918640137
critical,1,unambiguous,long,object,nonfinal,10,8,playing,9.498516082763672
critical,1,unambiguous,long,object,nonfinal,10,9,happily,10.274215698242188
critical,1,unambiguous,long,object,nonfinal,10,10,splashed,6.028401851654053
critical,1,unambiguous,long,object,nonfinal,10,11,each,9.201396942138672
critical,1,unambiguous,long,object,nonfinal,10,12,other,0.1168711557984352
critical,1,unambiguous,long,object,nonfinal,10,13,with,3.015799760818481
critical,1,unambiguous,long,object,nonfinal,10,14,water.,3.5281319618225098
critical,2,ambiguous,short,comma,nonfinal,6,0,Because,27.3464298248291
critical,2,ambiguous,short,comma,nonfinal,6,1,the,3.574718475341797
critical,2,ambiguous,short,comma,nonfinal,6,2,suspect,13.081286430358888
critical,2,ambiguous,short,comma,nonfinal,6,3,changed,11.661348342895508
critical,2,ambiguous,short,comma,nonfinal,6,4,the,4.632601737976074
critical,2,ambiguous,short,comma,nonfinal,6,5,file,10.39987087249756
critical,2,ambiguous,short,comma,nonfinal,6,6,needed,15.156464576721191
critical,2,ambiguous,short,comma,nonfinal,6,7,to,0.6352681517601013
critical,2,ambiguous,short,comma,nonfinal,6,8,be,3.349803686141968
critical,2,ambiguous,short,comma,nonfinal,6,9,updated.,8.073058366775513
critical,2,ambiguous,long,comma,nonfinal,9,0,Because,27.3464298248291
critical,2,ambiguous,long,comma,nonfinal,9,1,the,3.574718475341797
critical,2,ambiguous,long,comma,nonfinal,9,2,suspect,13.081286430358888
critical,2,ambiguous,long,comma,nonfinal,9,3,changed,11.661348342895508
critical,2,ambiguous,long,comma,nonfinal,9,4,the,4.632601737976074
critical,2,ambiguous,long,comma,nonfinal,9,5,file,10.39987087249756
critical,2,ambiguous,long,comma,nonfinal,9,6,with,7.059521675109863
critical,2,ambiguous,long,comma,nonfinal,9,7,the,1.7907713651657104
critical,2,ambiguous,long,comma,nonfinal,9,8,evidence,11.190628051757812
critical,2,ambiguous,long,comma,nonfinal,9,9,needed,10.92848777770996
critical,2,ambiguous,long,comma,nonfinal,9,10,to,0.7985966205596924
critical,2,ambiguous,long,comma,nonfinal,9,11,be,4.704806804656982
critical,2,ambiguous,long,comma,nonfinal,9,12,updated.,13.512927055358888
critical,2,unambiguous,short,comma,nonfinal,6,0,Because,27.3464298248291
critical,2,unambiguous,short,comma,nonfinal,6,1,the,3.574718475341797
critical,2,unambiguous,short,comma,nonfinal,6,2,suspect,13.081286430358888
critical,2,unambiguous,short,comma,nonfinal,6,3,"changed,",20.29096984863281
critical,2,unambiguous,short,comma,nonfinal,6,4,the,2.66984224319458
critical,2,unambiguous,short,comma,nonfinal,6,5,file,12.060523986816406
critical,2,unambiguous,short,comma,nonfinal,6,6,needed,8.978781700134277
critical,2,unambiguous,short,comma,nonfinal,6,7,to,0.225308284163475
critical,2,unambiguous,short,comma,nonfinal,6,8,be,0.1850368231534958
critical,2,unambiguous,short,comma,nonfinal,6,9,updated.,5.111533522605896
critical,2,unambiguous,long,comma,nonfinal,9,0,Because,27.3464298248291
critical,2,unambiguous,long,comma,nonfinal,9,1,the,3.574718475341797
critical,2,unambiguous,long,comma,nonfinal,9,2,suspect,13.081286430358888
critical,2,unambiguous,long,comma,nonfinal,9,3,"changed,",20.29096984863281
critical,2,unambiguous,long,comma,nonfinal,9,4,the,2.66984224319458
critical,2,unambiguous,long,comma,nonfinal,9,5,file,12.060523986816406
critical,2,unambiguous,long,comma,nonfinal,9,6,with,8.315320014953613
critical,2,unambiguous,long,comma,nonfinal,9,7,the,1.665067195892334
critical,2,unambiguous,long,comma,nonfinal,9,8,evidence,8.73304271697998
critical,2,unambiguous,long,comma,nonfinal,9,9,needed,8.511771202087402
critical,2,unambiguous,long,comma,nonfinal,9,10,to,0.4200124144554138
critical,2,unambiguous,long,comma,nonfinal,9,11,be,4.216233253479004
critical,2,unambiguous,long,comma,nonfinal,9,12,updated.,6.29564368724823
critical,3,ambiguous,short,object,nonfinal,7,0,While,25.83150863647461
critical,3,ambiguous,short,object,nonfinal,7,1,the,2.8453469276428223
critical,3,ambiguous,short,object,nonfinal,7,2,new,8.274924278259277
critical,3,ambiguous,short,object,nonfinal,7,3,chef,15.242527961730955
critical,3,ambiguous,short,object,nonfinal,7,4,cooked,14.281505584716797
critical,3,ambiguous,short,object,nonfinal,7,5,the,4.073418617248535
critical,3,ambiguous,short,object,nonfinal,7,6,stew,9.539527893066406
critical,3,ambiguous,short,object,nonfinal,7,7,boiled,13.922184944152832
critical,3,ambiguous,short,object,nonfinal,7,8,over.,13.203501224517822
critical,3,ambiguous,long,object,nonfinal,11,0,While,25.83150863647461
critical,3,ambiguous,long,object,nonfinal,11,1,the,2.8453469276428223
critical,3,ambiguous,long,object,nonfinal,11,2,new,8.274924278259277
critical,3,ambiguous,long,object,nonfinal,11,3,chef,15.242527961730955
critical,3,ambiguous,long,object,nonfinal,11,4,cooked,14.281505584716797
critical,3,ambiguous,long,object,nonfinal,11,5,the,4.073418617248535
critical,3,ambiguous,long,object,nonfinal,11,6,stew,9.539527893066406
critical,3,ambiguous,long,object,nonfinal,11,7,with,4.978559494018555
critical,3,ambiguous,long,object,nonfinal,11,8,lamb,7.4831109046936035
critical,3,ambiguous,long,object,nonfinal,11,9,and,2.4320051670074463
critical,3,ambiguous,long,object,nonfinal,11,10,vegetables,4.335646629333496
critical,3,ambiguous,long,object,nonfinal,11,11,boiled,13.156332015991213
critical,3,ambiguous,long,object,nonfinal,11,12,over.,17.108932971954346
critical,3,unambiguous,short,object,nonfinal,9,0,While,25.83150863647461
critical,3,unambiguous,short,object,nonfinal,9,1,the,2.8453469276428223
critical,3,unambiguous,short,object,nonfinal,9,2,new,8.274924278259277
critical,3,unambiguous,short,object,nonfinal,9,3,chef,15.242527961730955
critical,3,unambiguous,short,object,nonfinal,9,4,cooked,14.281505584716797
critical,3,unambiguous,short,object,nonfinal,9,5,the,4.073418617248535
critical,3,unambiguous,short,object,nonfinal,9,6,appetizers,10.726877450942991
critical,3,unambiguous,short,object,nonfinal,9,7,the,7.789707660675049
critical,3,unambiguous,short,object,nonfinal,9,8,stew,13.444299697875977
critical,3,unambiguous,short,object,nonfinal,9,9,boiled,9.676508903503418
critical,3,unambiguous,short,object,nonfinal,9,10,over.,6.23358678817749
critical,3,unambiguous,long,object,nonfinal,13,0,While,25.83150863647461
critical,3,unambiguous,long,object,nonfinal,13,1,the,2.8453469276428223
critical,3,unambiguous,long,object,nonfinal,13,2,new,8.274924278259277
critical,3,unambiguous,long,object,nonfinal,13,3,chef,15.242527961730955
critical,3,unambiguous,long,object,nonfinal,13,4,cooked,14.281505584716797
critical,3,unambiguous,long,object,nonfinal,13,5,the,4.073418617248535
critical,3,unambiguous,long,object,nonfinal,13,6,appetizers,10.726877450942991
critical,3,unambiguous,long,object,nonfinal,13,7,the,7.789707660675049
critical,3,unambiguous,long,object,nonfinal,13,8,stew,13.444299697875977
critical,3,unambiguous,long,object,nonfinal,13,9,with,8.389451026916504
critical,3,unambiguous,long,object,nonfinal,13,10,lamb,7.472489356994629
critical,3,unambiguous,long,object,nonfinal,13,11,and,2.3382375240325928
critical,3,unambiguous,long,object,nonfinal,13,12,vegetables,4.299577236175537
critical,3,unambiguous,long,object,nonfinal,13,13,boiled,11.93748950958252
critical,3,unambiguous,long,object,nonfinal,13,14,over.,16.34702491760254
critical,4,ambiguous,short,comma,nonfinal,6,0,As,25.38521194458008
critical,4,ambiguous,short,comma,nonfinal,6,1,the,2.97714900970459
critical,4,ambiguous,short,comma,nonfinal,6,2,child,12.02329921722412
critical,4,ambiguous,short,comma,nonfinal,6,3,showered,22.036877632141117
critical,4,ambiguous,short,comma,nonfinal,6,4,the,5.297461986541748
critical,4,ambiguous,short,comma,nonfinal,6,5,cat,10.279829978942873
critical,4,ambiguous,short,comma,nonfinal,6,6,ran,16.115615844726562
critical,4,ambiguous,short,comma,nonfinal,6,7,around,4.504305362701416
critical,4,ambiguous,short,comma,nonfinal,6,8,the,2.0041675567626958
critical,4,ambiguous,short,comma,nonfinal,6,9,room.,5.595649719238281
critical,4,ambiguous,long,comma,nonfinal,8,0,As,25.38521194458008
critical,4,ambiguous,long,comma,nonfinal,8,1,the,2.97714900970459
critical,4,ambiguous,long,comma,nonfinal,8,2,child,12.02329921722412
critical,4,ambiguous,long,comma,nonfinal,8,3,showered,22.036877632141117
critical,4,ambiguous,long,comma,nonfinal,8,4,the,5.297461986541748
critical,4,ambiguous,long,comma,nonfinal,8,5,cat,10.279829978942873
critical,4,ambiguous,long,comma,nonfinal,8,6,complaining,20.82839775085449
critical,4,ambiguous,long,comma,nonfinal,8,7,loudly,9.944300651550291
critical,4,ambiguous,long,comma,nonfinal,8,8,ran,18.33228302001953
critical,4,ambiguous,long,comma,nonfinal,8,9,around,5.882665157318115
critical,4,ambiguous,long,comma,nonfinal,8,10,the,1.6247159242630005
critical,4,ambiguous,long,comma,nonfinal,8,11,room.,5.4381959438323975
critical,4,unambiguous,short,comma,nonfinal,6,0,As,25.38521194458008
critical,4,unambiguous,short,comma,nonfinal,6,1,the,2.97714900970459
critical,4,unambiguous,short,comma,nonfinal,6,2,child,12.02329921722412
critical,4,unambiguous,short,comma,nonfinal,6,3,"showered,",26.763599395751957
critical,4,unambiguous,short,comma,nonfinal,6,4,the,3.561345100402832
critical,4,unambiguous,short,comma,nonfinal,6,5,cat,9.576533317565918
critical,4,unambiguous,short,comma,nonfinal,6,6,ran,6.535538673400879
critical,4,unambiguous,short,comma,nonfinal,6,7,around,3.470736503601074
critical,4,unambiguous,short,comma,nonfinal,6,8,the,1.6403017044067385
critical,4,unambiguous,short,comma,nonfinal,6,9,room.,5.222813010215759
critical,4,unambiguous,long,comma,nonfinal,8,0,As,25.38521194458008
critical,4,unambiguous,long,comma,nonfinal,8,1,the,2.97714900970459
critical,4,unambiguous,long,comma,nonfinal,8,2,child,12.02329921722412
critical,4,unambiguous,long,comma,nonfinal,8,3,"showered,",26.763599395751957
critical,4,unambiguous,long,comma,nonfinal,8,4,the,3.561345100402832
critical,4,unambiguous,long,comma,nonfinal,8,5,cat,9.576533317565918
critical,4,unambiguous,long,comma,nonfinal,8,6,complaining,20.86283302307129
critical,4,unambiguous,long,comma,nonfinal,8,7,loudly,5.745530128479004
critical,4,unambiguous,long,comma,nonfinal,8,8,ran,8.8994779586792
critical,4,unambiguous,long,comma,nonfinal,8,9,around,3.804773569107056
critical,4,unambiguous,long,comma,nonfinal,8,10,the,1.276733160018921
critical,4,unambiguous,long,comma,nonfinal,8,11,room.,4.110357880592346
critical,5,ambiguous,short,comma,final,6,0,When,24.135202407836918
critical,5,ambiguous,short,comma,final,6,1,the,3.619032382965088
critical,5,ambiguous,short,comma,final,6,2,family,9.41136360168457
critical,5,ambiguous,short,comma,final,6,3,moved,6.09547233581543
critical,5,ambiguous,short,comma,final,6,4,the,9.332433700561523
critical,5,ambiguous,short,comma,final,6,5,vases,17.30788230895996
critical,5,ambiguous,short,comma,final,6,6,broke.,18.19829607009888
critical,5,ambiguous,long,comma,final,9,0,When,24.135202407836918
critical,5,ambiguous,long,comma,final,9,1,the,3.619032382965088
critical,5,ambiguous,long,comma,final,9,2,family,9.41136360168457
critical,5,ambiguous,long,comma,final,9,3,moved,6.09547233581543
critical,5,ambiguous,long,comma,final,9,4,the,9.332433700561523
critical,5,ambiguous,long,comma,final,9,5,vases,17.30788230895996
critical,5,ambiguous,long,comma,final,9,6,made,10.76691722869873
critical,5,ambiguous,long,comma,final,9,7,of,1.923844695091248
critical,5,ambiguous,long,comma,final,9,8,porcelain,7.167865447234362
critical,5,ambiguous,long,comma,final,9,9,broke.,18.98467206954956
critical,5,unambiguous,short,comma,final,6,0,When,24.135202407836918
critical,5,unambiguous,short,comma,final,6,1,the,3.619032382965088
critical,5,unambiguous,short,comma,final,6,2,family,9.41136360168457
critical,5,unambiguous,short,comma,final,6,3,"moved,",15.11825466156006
critical,5,unambiguous,short,comma,final,6,4,the,3.1119229793548584
critical,5,unambiguous,short,comma,final,6,5,vases,19.011253833770752
critical,5,unambiguous,short,comma,final,6,6,broke.,12.784073114395142
critical,5,unambiguous,long,comma,final,9,0,When,24.135202407836918
critical,5,unambiguous,long,comma,final,9,1,the,3.619032382965088
critical,5,unambiguous,long,comma,final,9,2,family,9.41136360168457
critical,5,unambiguous,long,comma,final,9,3,"moved,",15.11825466156006
critical,5,unambiguous,long,comma,final,9,4,the,3.1119229793548584
critical,5,unambiguous,long,comma,final,9,5,vases,19.011253833770752
critical,5,unambiguous,long,comma,final,9,6,made,8.784995079040527
critical,5,unambiguous,long,comma,final,9,7,of,2.588248014450073
critical,5,unambiguous,long,comma,final,9,8,porcelain,6.799043759703636
critical,5,unambiguous,long,comma,final,9,9,broke.,11.571311712265016
critical,6,ambiguous,short,comma,nonfinal,7,0,After,25.59530067443848
critical,6,ambiguous,short,comma,nonfinal,7,1,the,3.976106882095337
critical,6,ambiguous,short,comma,nonfinal,7,2,new,9.168397903442385
critical,6,ambiguous,short,comma,nonfinal,7,3,doctor,13.21056842803955
critical,6,ambiguous,short,comma,nonfinal,7,4,left,6.39725923538208
critical,6,ambiguous,short,comma,nonfinal,7,5,the,2.4800944328308105
critical,6,ambiguous,short,comma,nonfinal,7,6,operation,9.001874923706055
critical,6,ambiguous,short,comma,nonfinal,7,7,appeared,19.53415870666504
critical,6,ambiguous,short,comma,nonfinal,7,8,more,7.700397968292236
critical,6,ambiguous,short,comma,nonfinal,7,9,likely,7.541073322296143
critical,6,ambiguous,short,comma,nonfinal,7,10,to,0.8072205185890198
critical,6,ambiguous,short,comma,nonfinal,7,11,succeed.,6.195992827415466
critical,6,ambiguous,long,comma,nonfinal,10,0,After,25.59530067443848
critical,6,ambiguous,long,comma,nonfinal,10,1,the,3.976106882095337
critical,6,ambiguous,long,comma,nonfinal,10,2,new,9.168397903442385
critical,6,ambiguous,long,comma,nonfinal,10,3,doctor,13.21056842803955
critical,6,ambiguous,long,comma,nonfinal,10,4,left,6.39725923538208
critical,6,ambiguous,long,comma,nonfinal,10,5,the,2.4800944328308105
critical,6,ambiguous,long,comma,nonfinal,10,6,operation,9.001874923706055
critical,6,ambiguous,long,comma,nonfinal,10,7,on,6.449806213378906
critical,6,ambiguous,long,comma,nonfinal,10,8,the,2.936638116836548
critical,6,ambiguous,long,comma,nonfinal,10,9,brain,8.98493480682373
critical,6,ambiguous,long,comma,nonfinal,10,10,appeared,15.636056900024414
critical,6,ambiguous,long,comma,nonfinal,10,11,more,7.575613021850586
critical,6,ambiguous,long,comma,nonfinal,10,12,likely,8.578582763671875
critical,6,ambiguous,long,comma,nonfinal,10,13,to,0.8322171568870544
critical,6,ambiguous,long,comma,nonfinal,10,14,succeed.,8.504506349563599
critical,6,unambiguous,short,comma,nonfinal,7,0,After,25.59530067443848
critical,6,unambiguous,short,comma,nonfinal,7,1,the,3.976106882095337
critical,6,unambiguous,short,comma,nonfinal,7,2,new,9.168397903442385
critical,6,unambiguous,short,comma,nonfinal,7,3,doctor,13.21056842803955
critical,6,unambiguous,short,comma,nonfinal,7,4,"left,",8.947973728179932
critical,6,unambiguous,short,comma,nonfinal,7,5,the,2.914107084274292
critical,6,unambiguous,short,comma,nonfinal,7,6,operation,11.617496490478516
critical,6,unambiguous,short,comma,nonfinal,7,7,appeared,10.3504056930542
critical,6,unambiguous,short,comma,nonfinal,7,8,more,6.72229528427124
critical,6,unambiguous,short,comma,nonfinal,7,9,likely,4.988850593566895
critical,6,unambiguous,short,comma,nonfinal,7,10,to,0.8259955048561096
critical,6,unambiguous,short,comma,nonfinal,7,11,succeed.,3.917814314365387
critical,6,unambiguous,long,comma,nonfinal,10,0,After,25.59530067443848
critical,6,unambiguous,long,comma,nonfinal,10,1,the,3.976106882095337
critical,6,unambiguous,long,comma,nonfinal,10,2,new,9.168397903442385
critical,6,unambiguous,long,comma,nonfinal,10,3,doctor,13.21056842803955
critical,6,unambiguous,long,comma,nonfinal,10,4,"left,",8.947973728179932
critical,6,unambiguous,long,comma,nonfinal,10,5,the,2.914107084274292
critical,6,unambiguous,long,comma,nonfinal,10,6,operation,11.617496490478516
critical,6,unambiguous,long,comma,nonfinal,10,7,on,6.835839748382568
critical,6,unambiguous,long,comma,nonfinal,10,8,the,2.4253957271575928
critical,6,unambiguous,long,comma,nonfinal,10,9,brain,5.692653179168701
critical,6,unambiguous,long,comma,nonfinal,10,10,appeared,8.380975723266602
critical,6,unambiguous,long,comma,nonfinal,10,11,more,6.58193302154541
critical,6,unambiguous,long,comma,nonfinal,10,12,likely,5.964710712432861
critical,6,unambiguous,long,comma,nonfinal,10,13,to,1.4271175861358645
critical,6,unambiguous,long,comma,nonfinal,10,14,succeed.,2.783295571804046
critical,7,ambiguous,short,comma,final,6,0,While,25.83150863647461
critical,7,ambiguous,short,comma,final,6,1,the,2.8453469276428223
critical,7,ambiguous,short,comma,final,6,2,mom,15.387048721313477
critical,7,ambiguous,short,comma,final,6,3,dressed,13.206066131591797
critical,7,ambiguous,short,comma,final,6,4,the,5.084577560424805
critical,7,ambiguous,short,comma,final,6,5,baby,2.7614195346832275
critical,7,ambiguous,short,comma,final,6,6,cried.,19.155223608016968
critical,7,ambiguous,long,comma,final,8,0,While,25.83150863647461
critical,7,ambiguous,long,comma,final,8,1,the,2.8453469276428223
critical,7,ambiguous,long,comma,final,8,2,mom,15.387048721313477
critical,7,ambiguous,long,comma,final,8,3,dressed,13.206066131591797
critical,7,ambiguous,long,comma,final,8,4,the,5.084577560424805
critical,7,ambiguous,long,comma,final,8,5,baby,2.7614195346832275
critical,7,ambiguous,long,comma,final,8,6,she,8.012068748474121
critical,7,ambiguous,long,comma,final,8,7,adored,12.5397916585207
critical,7,ambiguous,long,comma,final,8,8,cried.,15.331342458724976
critical,7,unambiguous,short,comma,final,6,0,While,25.83150863647461
critical,7,unambiguous,short,comma,final,6,1,the,2.8453469276428223
critical,7,unambiguous,short,comma,final,6,2,mom,15.387048721313477
critical,7,unambiguous,short,comma,final,6,3,"dressed,",20.23641967773437
critical,7,unambiguous,short,comma,final,6,4,the,2.256863594055176
critical,7,unambiguous,short,comma,final,6,5,baby,4.434218883514404
critical,7,unambiguous,short,comma,final,6,6,cried.,7.356256365776062
critical,7,unambiguous,long,comma,final,8,0,While,25.83150863647461
critical,7,unambiguous,long,comma,final,8,1,the,2.8453469276428223
critical,7,unambiguous,long,comma,final,8,2,mom,15.387048721313477
critical,7,unambiguous,long,comma,final,8,3,"dressed,",20.23641967773437
critical,7,unambiguous,long,comma,final,8,4,the,2.256863594055176
critical,7,unambiguous,long,comma,final,8,5,baby,4.434218883514404
critical,7,unambiguous,long,comma,final,8,6,she,11.362345695495604
critical,7,unambiguous,long,comma,final,8,7,adored,11.170086428523064
critical,7,unambiguous,long,comma,final,8,8,cried.,8.428922057151794
critical,8,ambiguous,short,comma,nonfinal,6,0,As,25.38521194458008
critical,8,ambiguous,short,comma,nonfinal,6,1,the,2.97714900970459
critical,8,ambiguous,short,comma,nonfinal,6,2,crowd,11.316436767578123
critical,8,ambiguous,short,comma,nonfinal,6,3,applauded,8.255882263183594
critical,8,ambiguous,short,comma,nonfinal,6,4,the,3.1605403423309326
critical,8,ambiguous,short,comma,nonfinal,6,5,cast,10.816448211669922
critical,8,ambiguous,short,comma,nonfinal,6,6,came,13.787249565124512
critical,8,ambiguous,short,comma,nonfinal,6,7,back,4.987992286682129
critical,8,ambiguous,short,comma,nonfinal,6,8,on,5.6939849853515625
critical,8,ambiguous,short,comma,nonfinal,6,9,stage,0.4767634272575378
critical,8,ambiguous,short,comma,nonfinal,6,10,and,2.224041223526001
critical,8,ambiguous,short,comma,nonfinal,6,11,waived.,24.234737396240234
critical,8,ambiguous,long,comma,nonfinal,9,0,As,25.38521194458008
critical,8,ambiguous,long,comma,nonfinal,9,1,the,2.97714900970459
critical,8,ambiguous,long,comma,nonfinal,9,2,crowd,11.316436767578123
critical,8,ambiguous,long,comma,nonfinal,9,3,applauded,8.255882263183594
critical,8,ambiguous,long,comma,nonfinal,9,4,the,3.1605403423309326
critical,8,ambiguous,long,comma,nonfinal,9,5,cast,10.816448211669922
critical,8,ambiguous,long,comma,nonfinal,9,6,for,5.558027744293213
critical,8,ambiguous,long,comma,nonfinal,9,7,the,3.219085931777954
critical,8,ambiguous,long,comma,nonfinal,9,8,play,8.852632522583008
critical,8,ambiguous,long,comma,nonfinal,9,9,came,14.387364387512209
critical,8,ambiguous,long,comma,nonfinal,9,10,back,6.423378467559815
critical,8,ambiguous,long,comma,nonfinal,9,11,on,6.150198459625244
critical,8,ambiguous,long,comma,nonfinal,9,12,stage,0.5129430890083313
critical,8,ambiguous,long,comma,nonfinal,9,13,and,2.43554949760437
critical,8,ambiguous,long,comma,nonfinal,9,14,waived.,24.148642539978027
critical,8,unambiguous,short,comma,nonfinal,6,0,As,25.38521194458008
critical,8,unambiguous,short,comma,nonfinal,6,1,the,2.97714900970459
critical,8,unambiguous,short,comma,nonfinal,6,2,crowd,11.316436767578123
critical,8,unambiguous,short,comma,nonfinal,6,3,"applauded,",10.200425386428831
critical,8,unambiguous,short,comma,nonfinal,6,4,the,3.0196189880371094
critical,8,unambiguous,short,comma,nonfinal,6,5,cast,10.71916961669922
critical,8,unambiguous,short,comma,nonfinal,6,6,came,7.54445219039917
critical,8,unambiguous,short,comma,nonfinal,6,7,back,4.543787002563477
critical,8,unambiguous,short,comma,nonfinal,6,8,on,4.829712867736816
critical,8,unambiguous,short,comma,nonfinal,6,9,stage,0.4191588759422302
critical,8,unambiguous,short,comma,nonfinal,6,10,and,2.2511839866638184
critical,8,unambiguous,short,comma,nonfinal,6,11,waived.,24.02728033065796
critical,8,unambiguous,long,comma,nonfinal,9,0,As,25.38521194458008
critical,8,unambiguous,long,comma,nonfinal,9,1,the,2.97714900970459
critical,8,unambiguous,long,comma,nonfinal,9,2,crowd,11.316436767578123
critical,8,unambiguous,long,comma,nonfinal,9,3,"applauded,",10.200425386428831
critical,8,unambiguous,long,comma,nonfinal,9,4,the,3.0196189880371094
critical,8,unambiguous,long,comma,nonfinal,9,5,cast,10.71916961669922
critical,8,unambiguous,long,comma,nonfinal,9,6,for,11.86851978302002
critical,8,unambiguous,long,comma,nonfinal,9,7,the,1.9165911674499512
critical,8,unambiguous,long,comma,nonfinal,9,8,play,10.036775588989258
critical,8,unambiguous,long,comma,nonfinal,9,9,came,7.892897605895996
critical,8,unambiguous,long,comma,nonfinal,9,10,back,5.432153224945068
critical,8,unambiguous,long,comma,nonfinal,9,11,on,4.840532779693604
critical,8,unambiguous,long,comma,nonfinal,9,12,stage,0.1643273532390594
critical,8,unambiguous,long,comma,nonfinal,9,13,and,2.408863306045532
critical,8,unambiguous,long,comma,nonfinal,9,14,waived.,23.555564880371094
critical,9,ambiguous,short,object,nonfinal,6,0,Because,27.3464298248291
critical,9,ambiguous,short,object,nonfinal,6,1,the,3.574718475341797
critical,9,ambiguous,short,object,nonfinal,6,2,mechanic,15.376955032348633
critical,9,ambiguous,short,object,nonfinal,6,3,stopped,11.748016357421877
critical,9,ambiguous,short,object,nonfinal,6,4,the,5.428708076477051
critical,9,ambiguous,short,object,nonfinal,6,5,truck,7.033721446990967
critical,9,ambiguous,short,object,nonfinal,6,6,needed,14.965473175048828
critical,9,ambiguous,short,object,nonfinal,6,7,several,9.579620361328123
critical,9,ambiguous,short,object,nonfinal,6,8,more,4.931911945343018
critical,9,ambiguous,short,object,nonfinal,6,9,hours,3.727174997329712
critical,9,ambiguous,short,object,nonfinal,6,10,before,4.003937721252441
critical,9,ambiguous,short,object,nonfinal,6,11,it,1.5626481771469116
critical,9,ambiguous,short,object,nonfinal,6,12,was,2.1081604957580566
critical,9,ambiguous,short,object,nonfinal,6,13,ready.,6.147496461868286
critical,9,ambiguous,long,object,nonfinal,8,0,Because,27.3464298248291
critical,9,ambiguous,long,object,nonfinal,8,1,the,3.574718475341797
critical,9,ambiguous,long,object,nonfinal,8,2,mechanic,15.376955032348633
critical,9,ambiguous,long,object,nonfinal,8,3,stopped,11.748016357421877
critical,9,ambiguous,long,object,nonfinal,8,4,the,5.428708076477051
critical,9,ambiguous,long,object,nonfinal,8,5,truck,7.033721446990967
critical,9,ambiguous,long,object,nonfinal,8,6,leaking,16.124664306640625
critical,9,ambiguous,long,object,nonfinal,8,7,oil,2.991276264190674
critical,9,ambiguous,long,object,nonfinal,8,8,needed,13.967973709106444
critical,9,ambiguous,long,object,nonfinal,8,9,several,10.760187149047852
critical,9,ambiguous,long,object,nonfinal,8,10,more,5.22139310836792
critical,9,ambiguous,long,object,nonfinal,8,11,hours,3.738699197769165
critical,9,ambiguous,long,object,nonfinal,8,12,before,3.464033365249634
critical,9,ambiguous,long,object,nonfinal,8,13,it,1.791899561882019
critical,9,ambiguous,long,object,nonfinal,8,14,was,1.8761132955551147
critical,9,ambiguous,long,object,nonfinal,8,15,ready.,6.836681842803955
critical,9,unambiguous,short,object,nonfinal,8,0,Because,27.3464298248291
critical,9,unambiguous,short,object,nonfinal,8,1,the,3.574718475341797
critical,9,unambiguous,short,object,nonfinal,8,2,mechanic,15.376955032348633
critical,9,unambiguous,short,object,nonfinal,8,3,stopped,11.748016357421877
critical,9,unambiguous,short,object,nonfinal,8,4,the,5.428708076477051
critical,9,unambiguous,short,object,nonfinal,8,5,repairs,13.561555862426758
critical,9,unambiguous,short,object,nonfinal,8,6,the,7.714905261993408
critical,9,unambiguous,short,object,nonfinal,8,7,truck,7.012500286102295
critical,9,unambiguous,short,object,nonfinal,8,8,needed,7.079312324523926
critical,9,unambiguous,short,object,nonfinal,8,9,several,8.310938835144043
critical,9,unambiguous,short,object,nonfinal,8,10,more,3.9412589073181152
critical,9,unambiguous,short,object,nonfinal,8,11,hours,3.627056360244751
critical,9,unambiguous,short,object,nonfinal,8,12,before,3.607298851013184
critical,9,unambiguous,short,object,nonfinal,8,13,it,1.1033636331558228
critical,9,unambiguous,short,object,nonfinal,8,14,was,1.962484359741211
critical,9,unambiguous,short,object,nonfinal,8,15,ready.,5.862467527389526
critical,9,unambiguous,long,object,nonfinal,10,0,Because,27.3464298248291
critical,9,unambiguous,long,object,nonfinal,10,1,the,3.574718475341797
critical,9,unambiguous,long,object,nonfinal,10,2,mechanic,15.376955032348633
critical,9,unambiguous,long,object,nonfinal,10,3,stopped,11.748016357421877
critical,9,unambiguous,long,object,nonfinal,10,4,the,5.428708076477051
critical,9,unambiguous,long,object,nonfinal,10,5,repairs,13.561555862426758
critical,9,unambiguous,long,object,nonfinal,10,6,the,7.714905261993408
critical,9,unambiguous,long,object,nonfinal,10,7,truck,7.012500286102295
critical,9,unambiguous,long,object,nonfinal,10,8,leaking,17.410388946533203
critical,9,unambiguous,long,object,nonfinal,10,9,oil,3.085385322570801
critical,9,unambiguous,long,object,nonfinal,10,10,needed,9.833819389343262
critical,9,unambiguous,long,object,nonfinal,10,11,several,9.558382987976074
critical,9,unambiguous,long,object,nonfinal,10,12,more,4.087078094482422
critical,9,unambiguous,long,object,nonfinal,10,13,hours,3.2313475608825684
critical,9,unambiguous,long,object,nonfinal,10,14,before,3.818840265274048
critical,9,unambiguous,long,object,nonfinal,10,15,it,1.344062328338623
critical,9,unambiguous,long,object,nonfinal,10,16,was,1.7296226024627686
critical,9,unambiguous,long,object,nonfinal,10,17,ready.,8.084422826766968
critical,10,ambiguous,short,comma,nonfinal,6,0,When,24.135202407836918
critical,10,ambiguous,short,comma,nonfinal,6,1,the,3.619032382965088
critical,10,ambiguous,short,comma,nonfinal,6,2,boy,11.004666328430176
critical,10,ambiguous,short,comma,nonfinal,6,3,hid,14.079562187194824
critical,10,ambiguous,short,comma,nonfinal,6,4,his,2.676721572875977
critical,10,ambiguous,short,comma,nonfinal,6,5,toy,6.786782264709473
critical,10,ambiguous,short,comma,nonfinal,6,6,fell,15.547847747802734
critical,10,ambiguous,short,comma,nonfinal,6,7,off,3.8338701725006095
critical,10,ambiguous,short,comma,nonfinal,6,8,the,1.3298083543777466
critical,10,ambiguous,short,comma,nonfinal,6,9,table.,8.257963180541992
critical,10,ambiguous,long,comma,nonfinal,8,0,When,24.135202407836918
critical,10,ambiguous,long,comma,nonfinal,8,1,the,3.619032382965088
critical,10,ambiguous,long,comma,nonfinal,8,2,boy,11.004666328430176
critical,10,ambiguous,long,comma,nonfinal,8,3,hid,14.079562187194824
critical,10,ambiguous,long,comma,nonfinal,8,4,his,2.676721572875977
critical,10,ambiguous,long,comma,nonfinal,8,5,toy,6.786782264709473
critical,10,ambiguous,long,comma,nonfinal,8,6,from,4.2747015953063965
critical,10,ambiguous,long,comma,nonfinal,8,7,childhood,14.388965606689451
critical,10,ambiguous,long,comma,nonfinal,8,8,fell,14.602532386779783
critical,10,ambiguous,long,comma,nonfinal,8,9,off,10.134475708007812
critical,10,ambiguous,long,comma,nonfinal,8,10,the,1.3316960334777832
critical,10,ambiguous,long,comma,nonfinal,8,11,table.,10.049884557724
critical,10,unambiguous,short,comma,nonfinal,6,0,When,24.135202407836918
critical,10,unambiguous,short,comma,nonfinal,6,1,the,3.619032382965088
critical,10,unambiguous,short,comma,nonfinal,6,2,boy,11.004666328430176
critical,10,unambiguous,short,comma,nonfinal,6,3,"hid,",21.383316040039062
critical,10,unambiguous,short,comma,nonfinal,6,4,his,4.16091251373291
critical,10,unambiguous,short,comma,nonfinal,6,5,toy,11.012349128723145
critical,10,unambiguous,short,comma,nonfinal,6,6,fell,6.410808563232422
critical,10,unambiguous,short,comma,nonfinal,6,7,off,3.9972951412200928
critical,10,unambiguous,short,comma,nonfinal,6,8,the,2.185285806655884
critical,10,unambiguous,short,comma,nonfinal,6,9,table.,4.914179921150208
critical,10,unambiguous,long,comma,nonfinal,8,0,When,24.135202407836918
critical,10,unambiguous,long,comma,nonfinal,8,1,the,3.619032382965088
critical,10,unambiguous,long,comma,nonfinal,8,2,boy,11.004666328430176
critical,10,unambiguous,long,comma,nonfinal,8,3,"hid,",21.383316040039062
critical,10,unambiguous,long,comma,nonfinal,8,4,his,4.16091251373291
critical,10,unambiguous,long,comma,nonfinal,8,5,toy,11.012349128723145
critical,10,unambiguous,long,comma,nonfinal,8,6,from,10.126151084899902
critical,10,unambiguous,long,comma,nonfinal,8,7,childhood,13.60273265838623
critical,10,unambiguous,long,comma,nonfinal,8,8,fell,8.440248489379883
critical,10,unambiguous,long,comma,nonfinal,8,9,off,4.166250705718994
critical,10,unambiguous,long,comma,nonfinal,8,10,the,1.8400877714157104
critical,10,unambiguous,long,comma,nonfinal,8,11,table.,4.785713076591492
critical,11,ambiguous,short,comma,final,10,0,Whenever,30.448633193969727
critical,11,ambiguous,short,comma,final,10,1,the,4.230096340179443
critical,11,ambiguous,short,comma,final,10,2,wildlife,16.34836196899414
critical,11,ambiguous,short,comma,final,10,3,documentary,12.034668922424316
critical,11,ambiguous,short,comma,final,10,4,crew,6.1579694747924805
critical,11,ambiguous,short,comma,final,10,5,tries,7.836344242095947
critical,11,ambiguous,short,comma,final,10,6,to,0.070510134100914
critical,11,ambiguous,short,comma,final,10,7,film,3.299006938934326
critical,11,ambiguous,short,comma,final,10,8,the,4.086263656616211
critical,11,ambiguous,short,comma,final,10,9,bear,9.904208183288574
critical,11,ambiguous,short,comma,final,10,10,leaves.,28.23967266082764
critical,11,ambiguous,long,comma,final,12,0,Whenever,30.448633193969727
critical,11,ambiguous,long,comma,final,12,1,the,4.230096340179443
critical,11,ambiguous,long,comma,final,12,2,wildlife,16.34836196899414
critical,11,ambiguous,long,comma,final,12,3,documentary,12.034668922424316
critical,11,ambiguous,long,comma,final,12,4,crew,6.1579694747924805
critical,11,ambiguous,long,comma,final,12,5,tries,7.836344242095947
critical,11,ambiguous,long,comma,final,12,6,to,0.070510134100914
critical,11,ambiguous,long,comma,final,12,7,film,3.299006938934326
critical,11,ambiguous,long,comma,final,12,8,the,4.086263656616211
critical,11,ambiguous,long,comma,final,12,9,bear,9.904208183288574
critical,11,ambiguous,long,comma,final,12,10,hunting,7.522548675537109
critical,11,ambiguous,long,comma,final,12,11,cautiously,22.140634536743164
critical,11,ambiguous,long,comma,final,12,12,leaves.,23.82885980606079
critical,11,unambiguous,short,comma,final,10,0,Whenever,30.448633193969727
critical,11,unambiguous,short,comma,final,10,1,the,4.230096340179443
critical,11,unambiguous,short,comma,final,10,2,wildlife,16.34836196899414
critical,11,unambiguous,short,comma,final,10,3,documentary,12.034668922424316
critical,11,unambiguous,short,comma,final,10,4,crew,6.1579694747924805
critical,11,unambiguous,short,comma,final,10,5,tries,7.836344242095947
critical,11,unambiguous,short,comma,final,10,6,to,0.070510134100914
critical,11,unambiguous,short,comma,final,10,7,"film,",10.359255313873293
critical,11,unambiguous,short,comma,final,10,8,the,3.286018848419189
critical,11,unambiguous,short,comma,final,10,9,bear,10.335315704345703
critical,11,unambiguous,short,comma,final,10,10,leaves.,14.76847243309021
critical,11,unambiguous,long,comma,final,12,0,Whenever,30.448633193969727
critical,11,unambiguous,long,comma,final,12,1,the,4.230096340179443
critical,11,unambiguous,long,comma,final,12,2,wildlife,16.34836196899414
critical,11,unambiguous,long,comma,final,12,3,documentary,12.034668922424316
critical,11,unambiguous,long,comma,final,12,4,crew,6.1579694747924805
critical,11,unambiguous,long,comma,final,12,5,tries,7.836344242095947
critical,11,unambiguous,long,comma,final,12,6,to,0.070510134100914
critical,11,unambiguous,long,comma,final,12,7,"film,",10.359255313873293
critical,11,unambiguous,long,comma,final,12,8,the,3.286018848419189
critical,11,unambiguous,long,comma,final,12,9,bear,10.335315704345703
critical,11,unambiguous,long,comma,final,12,10,hunting,10.860905647277832
critical,11,unambiguous,long,comma,final,12,11,cautiously,21.26937294006348
critical,11,unambiguous,long,comma,final,12,12,leaves.,17.451324462890625
critical,12,ambiguous,short,object,nonfinal,6,0,After,25.59530067443848
critical,12,ambiguous,short,object,nonfinal,6,1,the,3.976106882095337
critical,12,ambiguous,short,object,nonfinal,6,2,tutor,19.991384506225582
critical,12,ambiguous,short,object,nonfinal,6,3,explained,9.164897918701172
critical,12,ambiguous,short,object,nonfinal,6,4,the,2.55691146850586
critical,12,ambiguous,short,object,nonfinal,6,5,problem,6.729062080383301
critical,12,ambiguous,short,object,nonfinal,6,6,was,10.585193634033203
critical,12,ambiguous,short,object,nonfinal,6,7,no,8.93106746673584
critical,12,ambiguous,short,object,nonfinal,6,8,longer,1.0021992921829224
critical,12,ambiguous,short,object,nonfinal,6,9,difficult,9.945561408996582
critical,12,ambiguous,short,object,nonfinal,6,10,for,3.9155797958374015
critical,12,ambiguous,short,object,nonfinal,6,11,the,3.1109983921051025
critical,12,ambiguous,short,object,nonfinal,6,12,student.,11.122076749801636
critical,12,ambiguous,long,object,nonfinal,9,0,After,25.59530067443848
critical,12,ambiguous,long,object,nonfinal,9,1,the,3.976106882095337
critical,12,ambiguous,long,object,nonfinal,9,2,tutor,19.991384506225582
critical,12,ambiguous,long,object,nonfinal,9,3,explained,9.164897918701172
critical,12,ambiguous,long,object,nonfinal,9,4,the,2.55691146850586
critical,12,ambiguous,long,object,nonfinal,9,5,problem,6.729062080383301
critical,12,ambiguous,long,object,nonfinal,9,6,for,7.23832893371582
critical,12,ambiguous,long,object,nonfinal,9,7,extra,14.664715766906738
critical,12,ambiguous,long,object,nonfinal,9,8,credit,1.2031135559082031
critical,12,ambiguous,long,object,nonfinal,9,9,was,11.264060020446776
critical,12,ambiguous,long,object,nonfinal,9,10,no,7.720386505126953
critical,12,ambiguous,long,object,nonfinal,9,11,longer,1.5563026666641235
critical,12,ambiguous,long,object,nonfinal,9,12,difficult,10.87440013885498
critical,12,ambiguous,long,object,nonfinal,9,13,for,4.153218746185303
critical,12,ambiguous,long,object,nonfinal,9,14,the,3.487224817276001
critical,12,ambiguous,long,object,nonfinal,9,15,student.,6.980076909065247
critical,12,unambiguous,short,object,nonfinal,8,0,After,25.59530067443848
critical,12,unambiguous,short,object,nonfinal,8,1,the,3.976106882095337
critical,12,unambiguous,short,object,nonfinal,8,2,tutor,19.991384506225582
critical,12,unambiguous,short,object,nonfinal,8,3,explained,9.164897918701172
critical,12,unambiguous,short,object,nonfinal,8,4,the,2.55691146850586
critical,12,unambiguous,short,object,nonfinal,8,5,concepts,7.683271408081055
critical,12,unambiguous,short,object,nonfinal,8,6,the,8.551219940185547
critical,12,unambiguous,short,object,nonfinal,8,7,problem,8.91907024383545
critical,12,unambiguous,short,object,nonfinal,8,8,was,1.8599992990493772
critical,12,unambiguous,short,object,nonfinal,8,9,no,7.587038040161133
critical,12,unambiguous,short,object,nonfinal,8,10,longer,0.1802839040756225
critical,12,unambiguous,short,object,nonfinal,8,11,difficult,5.113404750823975
critical,12,unambiguous,short,object,nonfinal,8,12,for,4.075031280517578
critical,12,unambiguous,short,object,nonfinal,8,13,the,2.690215826034546
critical,12,unambiguous,short,object,nonfinal,8,14,student.,3.861189365386963
critical,12,unambiguous,long,object,nonfinal,11,0,After,25.59530067443848
critical,12,unambiguous,long,object,nonfinal,11,1,the,3.976106882095337
critical,12,unambiguous,long,object,nonfinal,11,2,tutor,19.991384506225582
critical,12,unambiguous,long,object,nonfinal,11,3,explained,9.164897918701172
critical,12,unambiguous,long,object,nonfinal,11,4,the,2.55691146850586
critical,12,unambiguous,long,object,nonfinal,11,5,concepts,7.683271408081055
critical,12,unambiguous,long,object,nonfinal,11,6,the,8.551219940185547
critical,12,unambiguous,long,object,nonfinal,11,7,problem,8.91907024383545
critical,12,unambiguous,long,object,nonfinal,11,8,for,9.278169631958008
critical,12,unambiguous,long,object,nonfinal,11,9,extra,15.647047996520996
critical,12,unambiguous,long,object,nonfinal,11,10,credit,1.9504098892211916
critical,12,unambiguous,long,object,nonfinal,11,11,was,1.715324640274048
critical,12,unambiguous,long,object,nonfinal,11,12,no,7.949880123138428
critical,12,unambiguous,long,object,nonfinal,11,13,longer,0.3013631403446197
critical,12,unambiguous,long,object,nonfinal,11,14,difficult,7.194587230682373
critical,12,unambiguous,long,object,nonfinal,11,15,for,4.717030048370361
critical,12,unambiguous,long,object,nonfinal,11,16,the,2.587906837463379
critical,12,unambiguous,long,object,nonfinal,11,17,student.,2.861224412918091
critical,13,ambiguous,short,object,final,7,0,When,24.135202407836918
critical,13,ambiguous,short,object,final,7,1,the,3.619032382965088
critical,13,ambiguous,short,object,final,7,2,original,9.115102767944336
critical,13,ambiguous,short,object,final,7,3,members,10.575947761535645
critical,13,ambiguous,short,object,final,7,4,left,8.658757209777832
critical,13,ambiguous,short,object,final,7,5,the,2.033842086791992
critical,13,ambiguous,short,object,final,7,6,company,5.61414098739624
critical,13,ambiguous,short,object,final,7,7,failed.,23.580474853515625
critical,13,ambiguous,long,object,final,11,0,When,24.135202407836918
critical,13,ambiguous,long,object,final,11,1,the,3.619032382965088
critical,13,ambiguous,long,object,final,11,2,original,9.115102767944336
critical,13,ambiguous,long,object,final,11,3,members,10.575947761535645
critical,13,ambiguous,long,object,final,11,4,left,8.658757209777832
critical,13,ambiguous,long,object,final,11,5,the,2.033842086791992
critical,13,ambiguous,long,object,final,11,6,company,5.61414098739624
critical,13,ambiguous,long,object,final,11,7,that,6.421265125274658
critical,13,ambiguous,long,object,final,11,8,was,4.724234104156494
critical,13,ambiguous,long,object,final,11,9,recently,10.940715789794922
critical,13,ambiguous,long,object,final,11,10,acquired,2.146728754043579
critical,13,ambiguous,long,object,final,11,11,failed.,27.417930126190186
critical,13,unambiguous,short,object,final,10,0,When,24.135202407836918
critical,13,unambiguous,short,object,final,10,1,the,3.619032382965088
critical,13,unambiguous,short,object,final,10,2,original,9.115102767944336
critical,13,unambiguous,short,object,final,10,3,members,10.575947761535645
critical,13,unambiguous,short,object,final,10,4,left,8.658757209777832
critical,13,unambiguous,short,object,final,10,5,the,2.033842086791992
critical,13,unambiguous,short,object,final,10,6,engineering,16.234678268432617
critical,13,unambiguous,short,object,final,10,7,team,3.0381107330322266
critical,13,unambiguous,short,object,final,10,8,the,8.228221893310547
critical,13,unambiguous,short,object,final,10,9,company,3.0746424198150635
critical,13,unambiguous,short,object,final,10,10,failed.,10.67448115348816
critical,13,unambiguous,long,object,final,14,0,When,24.135202407836918
critical,13,unambiguous,long,object,final,14,1,the,3.619032382965088
critical,13,unambiguous,long,object,final,14,2,original,9.115102767944336
critical,13,unambiguous,long,object,final,14,3,members,10.575947761535645
critical,13,unambiguous,long,object,final,14,4,left,8.658757209777832
critical,13,unambiguous,long,object,final,14,5,the,2.033842086791992
critical,13,unambiguous,long,object,final,14,6,engineering,16.234678268432617
critical,13,unambiguous,long,object,final,14,7,team,3.0381107330322266
critical,13,unambiguous,long,object,final,14,8,the,8.228221893310547
critical,13,unambiguous,long,object,final,14,9,company,3.0746424198150635
critical,13,unambiguous,long,object,final,14,10,that,6.1259284019470215
critical,13,unambiguous,long,object,final,14,11,was,4.238533020019531
critical,13,unambiguous,long,object,final,14,12,recently,10.634581565856934
critical,13,unambiguous,long,object,final,14,13,acquired,2.88782262802124
critical,13,unambiguous,long,object,final,14,14,failed.,13.8787739276886
critical,14,ambiguous,short,object,nonfinal,6,0,Because,27.3464298248291
critical,14,ambiguous,short,object,nonfinal,6,1,the,3.574718475341797
critical,14,ambiguous,short,object,nonfinal,6,2,student,12.042285919189451
critical,14,ambiguous,short,object,nonfinal,6,3,left,10.20557689666748
critical,14,ambiguous,short,object,nonfinal,6,4,the,2.423816204071045
critical,14,ambiguous,short,object,nonfinal,6,5,backpack,14.245391845703123
critical,14,ambiguous,short,object,nonfinal,6,6,was,10.0295991897583
critical,14,ambiguous,short,object,nonfinal,6,7,put,8.874403953552246
critical,14,ambiguous,short,object,nonfinal,6,8,in,1.8681002855300903
critical,14,ambiguous,short,object,nonfinal,6,9,lost,17.418251037597656
critical,14,ambiguous,short,object,nonfinal,6,10,and,1.998553991317749
critical,14,ambiguous,short,object,nonfinal,6,11,found.,1.624649956822395
critical,14,ambiguous,long,object,nonfinal,9,0,Because,27.3464298248291
critical,14,ambiguous,long,object,nonfinal,9,1,the,3.574718475341797
critical,14,ambiguous,long,object,nonfinal,9,2,student,12.042285919189451
critical,14,ambiguous,long,object,nonfinal,9,3,left,10.20557689666748
critical,14,ambiguous,long,object,nonfinal,9,4,the,2.423816204071045
critical,14,ambiguous,long,object,nonfinal,9,5,backpack,14.245391845703123
critical,14,ambiguous,long,object,nonfinal,9,6,he,6.712474822998047
critical,14,ambiguous,long,object,nonfinal,9,7,just,9.073870658874512
critical,14,ambiguous,long,object,nonfinal,9,8,bought,3.781989336013794
critical,14,ambiguous,long,object,nonfinal,9,9,was,9.780468940734863
critical,14,ambiguous,long,object,nonfinal,9,10,put,11.417193412780762
critical,14,ambiguous,long,object,nonfinal,9,11,in,1.9572341442108157
critical,14,ambiguous,long,object,nonfinal,9,12,lost,16.507057189941406
critical,14,ambiguous,long,object,nonfinal,9,13,and,2.2465500831604004
critical,14,ambiguous,long,object,nonfinal,9,14,found.,2.374582290649414
critical,14,unambiguous,short,object,nonfinal,8,0,Because,27.3464298248291
critical,14,unambiguous,short,object,nonfinal,8,1,the,3.574718475341797
critical,14,unambiguous,short,object,nonfinal,8,2,student,12.042285919189451
critical,14,unambiguous,short,object,nonfinal,8,3,left,10.20557689666748
critical,14,unambiguous,short,object,nonfinal,8,4,the,2.423816204071045
critical,14,unambiguous,short,object,nonfinal,8,5,room,3.106881618499756
critical,14,unambiguous,short,object,nonfinal,8,6,the,7.321045398712158
critical,14,unambiguous,short,object,nonfinal,8,7,backpack,15.414653778076172
critical,14,unambiguous,short,object,nonfinal,8,8,was,1.4895623922348022
critical,14,unambiguous,short,object,nonfinal,8,9,put,8.192252159118652
critical,14,unambiguous,short,object,nonfinal,8,10,in,2.1519129276275635
critical,14,unambiguous,short,object,nonfinal,8,11,lost,17.294641494750977
critical,14,unambiguous,short,object,nonfinal,8,12,and,2.214399099349976
critical,14,unambiguous,short,object,nonfinal,8,13,found.,1.463090866804123
critical,14,unambiguous,long,object,nonfinal,11,0,Because,27.3464298248291
critical,14,unambiguous,long,object,nonfinal,11,1,the,3.574718475341797
critical,14,unambiguous,long,object,nonfinal,11,2,student,12.042285919189451
critical,14,unambiguous,long,object,nonfinal,11,3,left,10.20557689666748
critical,14,unambiguous,long,object,nonfinal,11,4,the,2.423816204071045
critical,14,unambiguous,long,object,nonfinal,11,5,room,3.106881618499756
critical,14,unambiguous,long,object,nonfinal,11,6,the,7.321045398712158
critical,14,unambiguous,long,object,nonfinal,11,7,backpack,15.414653778076172
critical,14,unambiguous,long,object,nonfinal,11,8,he,5.545403003692627
critical,14,unambiguous,long,object,nonfinal,11,9,just,9.539132118225098
critical,14,unambiguous,long,object,nonfinal,11,10,bought,3.6077282428741455
critical,14,unambiguous,long,object,nonfinal,11,11,was,1.4863373041152954
critical,14,unambiguous,long,object,nonfinal,11,12,put,9.457493782043455
critical,14,unambiguous,long,object,nonfinal,11,13,in,2.230612277984619
critical,14,unambiguous,long,object,nonfinal,11,14,lost,16.678651809692383
critical,14,unambiguous,long,object,nonfinal,11,15,and,2.830977439880371
critical,14,unambiguous,long,object,nonfinal,11,16,found.,2.470980763435364
critical,15,ambiguous,short,object,nonfinal,7,0,Once,27.531389236450195
critical,15,ambiguous,short,object,nonfinal,7,1,the,3.753607988357544
critical,15,ambiguous,short,object,nonfinal,7,2,new,8.318748474121094
critical,15,ambiguous,short,object,nonfinal,7,3,assistant,12.623867988586426
critical,15,ambiguous,short,object,nonfinal,7,4,started,10.582265853881836
critical,15,ambiguous,short,object,nonfinal,7,5,the,5.168780326843262
critical,15,ambiguous,short,object,nonfinal,7,6,job,6.467989444732666
critical,15,ambiguous,short,object,nonfinal,7,7,became,18.265697479248047
critical,15,ambiguous,short,object,nonfinal,7,8,much,4.480618476867676
critical,15,ambiguous,short,object,nonfinal,7,9,easier,1.0374873876571655
critical,15,ambiguous,short,object,nonfinal,7,10,for,3.485771894454956
critical,15,ambiguous,short,object,nonfinal,7,11,her,4.840456008911133
critical,15,ambiguous,short,object,nonfinal,7,12,boss.,12.080551028251648
critical,15,ambiguous,long,object,nonfinal,11,0,Once,27.531389236450195
critical,15,ambiguous,long,object,nonfinal,11,1,the,3.753607988357544
critical,15,ambiguous,long,object,nonfinal,11,2,new,8.318748474121094
critical,15,ambiguous,long,object,nonfinal,11,3,assistant,12.623867988586426
critical,15,ambiguous,long,object,nonfinal,11,4,started,10.582265853881836
critical,15,ambiguous,long,object,nonfinal,11,5,the,5.168780326843262
critical,15,ambiguous,long,object,nonfinal,11,6,job,6.467989444732666
critical,15,ambiguous,long,object,nonfinal,11,7,as,6.478286266326904
critical,15,ambiguous,long,object,nonfinal,11,8,an,3.822593688964844
critical,15,ambiguous,long,object,nonfinal,11,9,executive,7.643932819366455
critical,15,ambiguous,long,object,nonfinal,11,10,manager,8.621515274047852
critical,15,ambiguous,long,object,nonfinal,11,11,became,14.447957038879396
critical,15,ambiguous,long,object,nonfinal,11,12,much,7.417564868927002
critical,15,ambiguous,long,object,nonfinal,11,13,easier,1.85402250289917
critical,15,ambiguous,long,object,nonfinal,11,14,for,3.459569931030273
critical,15,ambiguous,long,object,nonfinal,11,15,her,4.874610424041748
critical,15,ambiguous,long,object,nonfinal,11,16,boss.,13.907530069351196
critical,15,unambiguous,short,object,nonfinal,8,0,Once,27.531389236450195
critical,15,unambiguous,short,object,nonfinal,8,1,the,3.753607988357544
critical,15,unambiguous,short,object,nonfinal,8,2,new,8.318748474121094
critical,15,unambiguous,short,object,nonfinal,8,3,assistant,12.623867988586426
critical,15,unambiguous,short,object,nonfinal,8,4,started,10.582265853881836
critical,15,unambiguous,short,object,nonfinal,8,5,work,6.409939289093018
critical,15,unambiguous,short,object,nonfinal,8,6,the,7.206045627593994
critical,15,unambiguous,short,object,nonfinal,8,7,job,7.256633281707764
critical,15,unambiguous,short,object,nonfinal,8,8,became,3.928909301757813
critical,15,unambiguous,short,object,nonfinal,8,9,much,3.919795513153076
critical,15,unambiguous,short,object,nonfinal,8,10,easier,0.9516446590423584
critical,15,unambiguous,short,object,nonfinal,8,11,for,3.259816884994507
critical,15,unambiguous,short,object,nonfinal,8,12,her,3.931892156600952
critical,15,unambiguous,short,object,nonfinal,8,13,boss.,12.020812809467316
critical,15,unambiguous,long,object,nonfinal,12,0,Once,27.531389236450195
critical,15,unambiguous,long,object,nonfinal,12,1,the,3.753607988357544
critical,15,unambiguous,long,object,nonfinal,12,2,new,8.318748474121094
critical,15,unambiguous,long,object,nonfinal,12,3,assistant,12.623867988586426
critical,15,unambiguous,long,object,nonfinal,12,4,started,10.582265853881836
critical,15,unambiguous,long,object,nonfinal,12,5,work,6.409939289093018
critical,15,unambiguous,long,object,nonfinal,12,6,the,7.206045627593994
critical,15,unambiguous,long,object,nonfinal,12,7,job,7.256633281707764
critical,15,unambiguous,long,object,nonfinal,12,8,as,10.158632278442385
critical,15,unambiguous,long,object,nonfinal,12,9,an,4.866003036499023
critical,15,unambiguous,long,object,nonfinal,12,10,executive,7.436639785766602
critical,15,unambiguous,long,object,nonfinal,12,11,manager,7.538552761077881
critical,15,unambiguous,long,object,nonfinal,12,12,became,6.210064888000488
critical,15,unambiguous,long,object,nonfinal,12,13,much,4.427037239074707
critical,15,unambiguous,long,object,nonfinal,12,14,easier,1.311724066734314
critical,15,unambiguous,long,object,nonfinal,12,15,for,3.2982144355773926
critical,15,unambiguous,long,object,nonfinal,12,16,her,3.808504819869995
critical,15,unambiguous,long,object,nonfinal,12,17,boss.,13.420920610427856
critical,16,ambiguous,short,object,nonfinal,8,0,When,24.135202407836918
critical,16,ambiguous,short,object,nonfinal,8,1,the,3.619032382965088
critical,16,ambiguous,short,object,nonfinal,8,2,magician,15.640372276306152
critical,16,ambiguous,short,object,nonfinal,8,3,tried,9.271158218383787
critical,16,ambiguous,short,object,nonfinal,8,4,to,0.3440850079059601
critical,16,ambiguous,short,object,nonfinal,8,5,juggle,11.035749673232203
critical,16,ambiguous,short,object,nonfinal,8,6,the,2.7216956615448
critical,16,ambiguous,short,object,nonfinal,8,7,torches,13.56399917602539
critical,16,ambiguous,short,object,nonfinal,8,8,fell,16.688074111938477
critical,16,ambiguous,short,object,nonfinal,8,9,down.,8.43803596496582
critical,16,ambiguous,long,object,nonfinal,10,0,When,24.135202407836918
critical,16,ambiguous,long,object,nonfinal,10,1,the,3.619032382965088
critical,16,ambiguous,long,object,nonfinal,10,2,magician,15.640372276306152
critical,16,ambiguous,long,object,nonfinal,10,3,tried,9.271158218383787
critical,16,ambiguous,long,object,nonfinal,10,4,to,0.3440850079059601
critical,16,ambiguous,long,object,nonfinal,10,5,juggle,11.035749673232203
critical,16,ambiguous,long,object,nonfinal,10,6,the,2.7216956615448
critical,16,ambiguous,long,object,nonfinal,10,7,torches,13.56399917602539
critical,16,ambiguous,long,object,nonfinal,10,8,burning,10.18190097808838
critical,16,ambiguous,long,object,nonfinal,10,9,dangerously,12.68394374847412
critical,16,ambiguous,long,object,nonfinal,10,10,fell,21.042299270629883
critical,16,ambiguous,long,object,nonfinal,10,11,down.,11.301269054412842
critical,16,unambiguous,short,object,nonfinal,10,0,When,24.135202407836918
critical,16,unambiguous,short,object,nonfinal,10,1,the,3.619032382965088
critical,16,unambiguous,short,object,nonfinal,10,2,magician,15.640372276306152
critical,16,unambiguous,short,object,nonfinal,10,3,tried,9.271158218383787
critical,16,unambiguous,short,object,nonfinal,10,4,to,0.3440850079059601
critical,16,unambiguous,short,object,nonfinal,10,5,juggle,11.035749673232203
critical,16,unambiguous,short,object,nonfinal,10,6,more,8.759029388427734
critical,16,unambiguous,short,object,nonfinal,10,7,items,8.45286750793457
critical,16,unambiguous,short,object,nonfinal,10,8,the,8.866401672363281
critical,16,unambiguous,short,object,nonfinal,10,9,torches,15.802899360656738
critical,16,unambiguous,short,object,nonfinal,10,10,fell,4.674251556396484
critical,16,unambiguous,short,object,nonfinal,10,11,down.,7.247904539108276
critical,16,unambiguous,long,object,nonfinal,12,0,When,24.135202407836918
critical,16,unambiguous,long,object,nonfinal,12,1,the,3.619032382965088
critical,16,unambiguous,long,object,nonfinal,12,2,magician,15.640372276306152
critical,16,unambiguous,long,object,nonfinal,12,3,tried,9.271158218383787
critical,16,unambiguous,long,object,nonfinal,12,4,to,0.3440850079059601
critical,16,unambiguous,long,object,nonfinal,12,5,juggle,11.035749673232203
critical,16,unambiguous,long,object,nonfinal,12,6,more,8.759029388427734
critical,16,unambiguous,long,object,nonfinal,12,7,items,8.45286750793457
critical,16,unambiguous,long,object,nonfinal,12,8,the,8.866401672363281
critical,16,unambiguous,long,object,nonfinal,12,9,torches,15.802899360656738
critical,16,unambiguous,long,object,nonfinal,12,10,burning,10.499229431152344
critical,16,unambiguous,long,object,nonfinal,12,11,dangerously,11.032282829284668
critical,16,unambiguous,long,object,nonfinal,12,12,fell,9.846675872802734
critical,16,unambiguous,long,object,nonfinal,12,13,down.,7.235687017440796
critical,17,ambiguous,short,comma,nonfinal,8,0,When,24.135202407836918
critical,17,ambiguous,short,comma,nonfinal,8,1,the,3.619032382965088
critical,17,ambiguous,short,comma,nonfinal,8,2,marathon,14.871617317199709
critical,17,ambiguous,short,comma,nonfinal,8,3,runner,5.434728622436523
critical,17,ambiguous,short,comma,nonfinal,8,4,finally,8.832863807678223
critical,17,ambiguous,short,comma,nonfinal,8,5,stopped,7.270490646362305
critical,17,ambiguous,short,comma,nonfinal,8,6,his,5.830096244812012
critical,17,ambiguous,short,comma,nonfinal,8,7,friend,11.610309600830078
critical,17,ambiguous,short,comma,nonfinal,8,8,collapsed,18.364280700683597
critical,17,ambiguous,short,comma,nonfinal,8,9,from,5.231024265289307
critical,17,ambiguous,short,comma,nonfinal,8,10,exhaustion.,2.536284565925598
critical,17,ambiguous,long,comma,nonfinal,10,0,When,24.135202407836918
critical,17,ambiguous,long,comma,nonfinal,10,1,the,3.619032382965088
critical,17,ambiguous,long,comma,nonfinal,10,2,marathon,14.871617317199709
critical,17,ambiguous,long,comma,nonfinal,10,3,runner,5.434728622436523
critical,17,ambiguous,long,comma,nonfinal,10,4,finally,8.832863807678223
critical,17,ambiguous,long,comma,nonfinal,10,5,stopped,7.270490646362305
critical,17,ambiguous,long,comma,nonfinal,10,6,his,5.830096244812012
critical,17,ambiguous,long,comma,nonfinal,10,7,friend,11.610309600830078
critical,17,ambiguous,long,comma,nonfinal,10,8,sweating,15.566802024841309
critical,17,ambiguous,long,comma,nonfinal,10,9,profusely,5.393728114897385
critical,17,ambiguous,long,comma,nonfinal,10,10,collapsed,20.366796493530277
critical,17,ambiguous,long,comma,nonfinal,10,11,from,5.669571876525879
critical,17,ambiguous,long,comma,nonfinal,10,12,exhaustion.,2.372347980737686
critical,17,unambiguous,short,comma,nonfinal,8,0,When,24.135202407836918
critical,17,unambiguous,short,comma,nonfinal,8,1,the,3.619032382965088
critical,17,unambiguous,short,comma,nonfinal,8,2,marathon,14.871617317199709
critical,17,unambiguous,short,comma,nonfinal,8,3,runner,5.434728622436523
critical,17,unambiguous,short,comma,nonfinal,8,4,finally,8.832863807678223
critical,17,unambiguous,short,comma,nonfinal,8,5,"stopped,",9.345102310180664
critical,17,unambiguous,short,comma,nonfinal,8,6,his,5.212103366851807
critical,17,unambiguous,short,comma,nonfinal,8,7,friend,7.285151958465576
critical,17,unambiguous,short,comma,nonfinal,8,8,collapsed,9.710102081298828
critical,17,unambiguous,short,comma,nonfinal,8,9,from,5.194085121154785
critical,17,unambiguous,short,comma,nonfinal,8,10,exhaustion.,1.8217365145683289
critical,17,unambiguous,long,comma,nonfinal,10,0,When,24.135202407836918
critical,17,unambiguous,long,comma,nonfinal,10,1,the,3.619032382965088
critical,17,unambiguous,long,comma,nonfinal,10,2,marathon,14.871617317199709
critical,17,unambiguous,long,comma,nonfinal,10,3,runner,5.434728622436523
critical,17,unambiguous,long,comma,nonfinal,10,4,finally,8.832863807678223
critical,17,unambiguous,long,comma,nonfinal,10,5,"stopped,",9.345102310180664
critical,17,unambiguous,long,comma,nonfinal,10,6,his,5.212103366851807
critical,17,unambiguous,long,comma,nonfinal,10,7,friend,7.285151958465576
critical,17,unambiguous,long,comma,nonfinal,10,8,sweating,17.957530975341797
critical,17,unambiguous,long,comma,nonfinal,10,9,profusely,1.709303879411891
critical,17,unambiguous,long,comma,nonfinal,10,10,collapsed,16.440826416015625
critical,17,unambiguous,long,comma,nonfinal,10,11,from,6.306254386901856
critical,17,unambiguous,long,comma,nonfinal,10,12,exhaustion.,1.5827439427375791
critical,18,ambiguous,short,comma,nonfinal,7,0,While,25.83150863647461
critical,18,ambiguous,short,comma,nonfinal,7,1,the,2.8453469276428223
critical,18,ambiguous,short,comma,nonfinal,7,2,martial,15.36439609527588
critical,18,ambiguous,short,comma,nonfinal,7,3,artists,7.231361389160156
critical,18,ambiguous,short,comma,nonfinal,7,4,fought,9.877098083496094
critical,18,ambiguous,short,comma,nonfinal,7,5,the,4.64828634262085
critical,18,ambiguous,short,comma,nonfinal,7,6,spectator,19.42801856994629
critical,18,ambiguous,short,comma,nonfinal,7,7,supported,17.506887435913086
critical,18,ambiguous,short,comma,nonfinal,7,8,the,8.699239730834961
critical,18,ambiguous,short,comma,nonfinal,7,9,underdog.,12.53757357597351
critical,18,ambiguous,long,comma,nonfinal,9,0,While,25.83150863647461
critical,18,ambiguous,long,comma,nonfinal,9,1,the,2.8453469276428223
critical,18,ambiguous,long,comma,nonfinal,9,2,martial,15.36439609527588
critical,18,ambiguous,long,comma,nonfinal,9,3,artists,7.231361389160156
critical,18,ambiguous,long,comma,nonfinal,9,4,fought,9.877098083496094
critical,18,ambiguous,long,comma,nonfinal,9,5,the,4.64828634262085
critical,18,ambiguous,long,comma,nonfinal,9,6,spectator,19.42801856994629
critical,18,ambiguous,long,comma,nonfinal,9,7,cheering,12.890751838684082
critical,18,ambiguous,long,comma,nonfinal,9,8,enthusiastically,13.250853538513184
critical,18,ambiguous,long,comma,nonfinal,9,9,supported,14.892536163330078
critical,18,ambiguous,long,comma,nonfinal,9,10,the,3.885371446609497
critical,18,ambiguous,long,comma,nonfinal,9,11,underdog.,12.390356540679932
critical,18,unambiguous,short,comma,nonfinal,7,0,While,25.83150863647461
critical,18,unambiguous,short,comma,nonfinal,7,1,the,2.8453469276428223
critical,18,unambiguous,short,comma,nonfinal,7,2,martial,15.36439609527588
critical,18,unambiguous,short,comma,nonfinal,7,3,artists,7.231361389160156
critical,18,unambiguous,short,comma,nonfinal,7,4,"fought,",12.881769895553589
critical,18,unambiguous,short,comma,nonfinal,7,5,the,2.236412763595581
critical,18,unambiguous,short,comma,nonfinal,7,6,spectator,14.053133964538574
critical,18,unambiguous,short,comma,nonfinal,7,7,supported,12.188225746154783
critical,18,unambiguous,short,comma,nonfinal,7,8,the,2.02798080444336
critical,18,unambiguous,short,comma,nonfinal,7,9,underdog.,10.697463750839232
critical,18,unambiguous,long,comma,nonfinal,9,0,While,25.83150863647461
critical,18,unambiguous,long,comma,nonfinal,9,1,the,2.8453469276428223
critical,18,unambiguous,long,comma,nonfinal,9,2,martial,15.36439609527588
critical,18,unambiguous,long,comma,nonfinal,9,3,artists,7.231361389160156
critical,18,unambiguous,long,comma,nonfinal,9,4,"fought,",12.881769895553589
critical,18,unambiguous,long,comma,nonfinal,9,5,the,2.236412763595581
critical,18,unambiguous,long,comma,nonfinal,9,6,spectator,14.053133964538574
critical,18,unambiguous,long,comma,nonfinal,9,7,cheering,11.58304500579834
critical,18,unambiguous,long,comma,nonfinal,9,8,enthusiastically,10.702240943908691
critical,18,unambiguous,long,comma,nonfinal,9,9,supported,9.038538932800291
critical,18,unambiguous,long,comma,nonfinal,9,10,the,1.4130975008010864
critical,18,unambiguous,long,comma,nonfinal,9,11,underdog.,9.623026251792908
critical,19,ambiguous,short,object,final,6,0,When,24.135202407836918
critical,19,ambiguous,short,object,final,6,1,the,3.619032382965088
critical,19,ambiguous,short,object,final,6,2,band,10.172479629516602
critical,19,ambiguous,short,object,final,6,3,left,9.256551742553713
critical,19,ambiguous,short,object,final,6,4,the,2.490055561065674
critical,19,ambiguous,short,object,final,6,5,venue,8.063570022583008
critical,19,ambiguous,short,object,final,6,6,closed.,19.355494022369385
critical,19,ambiguous,long,object,final,9,0,When,24.135202407836918
critical,19,ambiguous,long,object,final,9,1,the,3.619032382965088
critical,19,ambiguous,long,object,final,9,2,band,10.172479629516602
critical,19,ambiguous,long,object,final,9,3,left,9.256551742553713
critical,19,ambiguous,long,object,final,9,4,the,2.490055561065674
critical,19,ambiguous,long,object,final,9,5,venue,8.063570022583008
critical,19,ambiguous,long,object,final,9,6,with,7.5551838874816895
critical,19,ambiguous,long,object,final,9,7,live,10.831021308898926
critical,19,ambiguous,long,object,final,9,8,music,3.5129148960113525
critical,19,ambiguous,long,object,final,9,9,closed.,21.913495540618896
critical,19,unambiguous,short,object,final,8,0,When,24.135202407836918
critical,19,unambiguous,short,object,final,8,1,the,3.619032382965088
critical,19,unambiguous,short,object,final,8,2,band,10.172479629516602
critical,19,unambiguous,short,object,final,8,3,left,9.256551742553713
critical,19,unambiguous,short,object,final,8,4,the,2.490055561065674
critical,19,unambiguous,short,object,final,8,5,stage,3.865256309509277
critical,19,unambiguous,short,object,final,8,6,the,7.869287490844727
critical,19,unambiguous,short,object,final,8,7,venue,8.264633178710938
critical,19,unambiguous,short,object,final,8,8,closed.,12.219782829284668
critical,19,unambiguous,long,object,final,11,0,When,24.135202407836918
critical,19,unambiguous,long,object,final,11,1,the,3.619032382965088
critical,19,unambiguous,long,object,final,11,2,band,10.172479629516602
critical,19,unambiguous,long,object,final,11,3,left,9.256551742553713
critical,19,unambiguous,long,object,final,11,4,the,2.490055561065674
critical,19,unambiguous,long,object,final,11,5,stage,3.865256309509277
critical,19,unambiguous,long,object,final,11,6,the,7.869287490844727
critical,19,unambiguous,long,object,final,11,7,venue,8.264633178710938
critical,19,unambiguous,long,object,final,11,8,with,11.267587661743164
critical,19,unambiguous,long,object,final,11,9,live,11.703339576721191
critical,19,unambiguous,long,object,final,11,10,music,3.60850977897644
critical,19,unambiguous,long,object,final,11,11,closed.,17.49033236503601
critical,20,ambiguous,short,comma,nonfinal,6,0,After,25.59530067443848
critical,20,ambiguous,short,comma,nonfinal,6,1,the,3.976106882095337
critical,20,ambiguous,short,comma,nonfinal,6,2,customer,14.661154747009276
critical,20,ambiguous,short,comma,nonfinal,6,3,emailed,10.127153396606444
critical,20,ambiguous,short,comma,nonfinal,6,4,the,4.339675426483154
critical,20,ambiguous,short,comma,nonfinal,6,5,company,2.774991035461426
critical,20,ambiguous,short,comma,nonfinal,6,6,responded,15.10678005218506
critical,20,ambiguous,short,comma,nonfinal,6,7,quickly.,10.919093132019045
critical,20,ambiguous,long,comma,nonfinal,9,0,After,25.59530067443848
critical,20,ambiguous,long,comma,nonfinal,9,1,the,3.976106882095337
critical,20,ambiguous,long,comma,nonfinal,9,2,customer,14.661154747009276
critical,20,ambiguous,long,comma,nonfinal,9,3,emailed,10.127153396606444
critical,20,ambiguous,long,comma,nonfinal,9,4,the,4.339675426483154
critical,20,ambiguous,long,comma,nonfinal,9,5,company,2.774991035461426
critical,20,ambiguous,long,comma,nonfinal,9,6,providing,9.959715843200684
critical,20,ambiguous,long,comma,nonfinal,9,7,phone,11.210197448730469
critical,20,ambiguous,long,comma,nonfinal,9,8,service,4.3362908363342285
critical,20,ambiguous,long,comma,nonfinal,9,9,responded,14.091416358947754
critical,20,ambiguous,long,comma,nonfinal,9,10,quickly.,11.141168117523192
critical,20,unambiguous,short,comma,nonfinal,6,0,After,25.59530067443848
critical,20,unambiguous,short,comma,nonfinal,6,1,the,3.976106882095337
critical,20,unambiguous,short,comma,nonfinal,6,2,customer,14.661154747009276
critical,20,unambiguous,short,comma,nonfinal,6,3,"emailed,",15.24457550048828
critical,20,unambiguous,short,comma,nonfinal,6,4,the,2.9547719955444336
critical,20,unambiguous,short,comma,nonfinal,6,5,company,2.574181318283081
critical,20,unambiguous,short,comma,nonfinal,6,6,responded,3.25040054321289
critical,20,unambiguous,short,comma,nonfinal,6,7,quickly.,9.194379568099976
critical,20,unambiguous,long,comma,nonfinal,9,0,After,25.59530067443848
critical,20,unambiguous,long,comma,nonfinal,9,1,the,3.976106882095337
critical,20,unambiguous,long,comma,nonfinal,9,2,customer,14.661154747009276
critical,20,unambiguous,long,comma,nonfinal,9,3,"emailed,",15.24457550048828
critical,20,unambiguous,long,comma,nonfinal,9,4,the,2.9547719955444336
critical,20,unambiguous,long,comma,nonfinal,9,5,company,2.574181318283081
critical,20,unambiguous,long,comma,nonfinal,9,6,providing,14.847171783447266
critical,20,unambiguous,long,comma,nonfinal,9,7,phone,11.765236854553224
critical,20,unambiguous,long,comma,nonfinal,9,8,service,2.2001781463623047
critical,20,unambiguous,long,comma,nonfinal,9,9,responded,3.766480684280396
critical,20,unambiguous,long,comma,nonfinal,9,10,quickly.,8.472641468048096
critical,21,ambiguous,short,object,nonfinal,6,0,As,25.38521194458008
critical,21,ambiguous,short,object,nonfinal,6,1,the,2.97714900970459
critical,21,ambiguous,short,object,nonfinal,6,2,detective,16.53042221069336
critical,21,ambiguous,short,object,nonfinal,6,3,investigated,10.457799911499023
critical,21,ambiguous,short,object,nonfinal,6,4,the,1.7334915399551392
critical,21,ambiguous,short,object,nonfinal,6,5,case,4.114584445953369
critical,21,ambiguous,short,object,nonfinal,6,6,became,14.57092571258545
critical,21,ambiguous,short,object,nonfinal,6,7,more,1.5309373140335083
critical,21,ambiguous,short,object,nonfinal,6,8,complex.,10.89646577835083
critical,21,ambiguous,long,object,nonfinal,10,0,As,25.38521194458008
critical,21,ambiguous,long,object,nonfinal,10,1,the,2.97714900970459
critical,21,ambiguous,long,object,nonfinal,10,2,detective,16.53042221069336
critical,21,ambiguous,long,object,nonfinal,10,3,investigated,10.457799911499023
critical,21,ambiguous,long,object,nonfinal,10,4,the,1.7334915399551392
critical,21,ambiguous,long,object,nonfinal,10,5,case,4.114584445953369
critical,21,ambiguous,long,object,nonfinal,10,6,about,10.890419960021973
critical,21,ambiguous,long,object,nonfinal,10,7,the,2.444112777709961
critical,21,ambiguous,long,object,nonfinal,10,8,bank,10.812199592590332
critical,21,ambiguous,long,object,nonfinal,10,9,robbery,1.852954864501953
critical,21,ambiguous,long,object,nonfinal,10,10,became,15.110081672668455
critical,21,ambiguous,long,object,nonfinal,10,11,more,1.9663587808609009
critical,21,ambiguous,long,object,nonfinal,10,12,complex.,11.547146320343018
critical,21,unambiguous,short,object,nonfinal,8,0,As,25.38521194458008
critical,21,unambiguous,short,object,nonfinal,8,1,the,2.97714900970459
critical,21,unambiguous,short,object,nonfinal,8,2,detective,16.53042221069336
critical,21,unambiguous,short,object,nonfinal,8,3,investigated,10.457799911499023
critical,21,unambiguous,short,object,nonfinal,8,4,the,1.7334915399551392
critical,21,unambiguous,short,object,nonfinal,8,5,suspects,11.278484344482422
critical,21,unambiguous,short,object,nonfinal,8,6,the,9.698929786682127
critical,21,unambiguous,short,object,nonfinal,8,7,case,6.363622188568115
critical,21,unambiguous,short,object,nonfinal,8,8,became,3.861459016799927
critical,21,unambiguous,short,object,nonfinal,8,9,more,2.1081604957580566
critical,21,unambiguous,short,object,nonfinal,8,10,complex.,4.363879561424255
critical,21,unambiguous,long,object,nonfinal,12,0,As,25.38521194458008
critical,21,unambiguous,long,object,nonfinal,12,1,the,2.97714900970459
critical,21,unambiguous,long,object,nonfinal,12,2,detective,16.53042221069336
critical,21,unambiguous,long,object,nonfinal,12,3,investigated,10.457799911499023
critical,21,unambiguous,long,object,nonfinal,12,4,the,1.7334915399551392
critical,21,unambiguous,long,object,nonfinal,12,5,suspects,11.278484344482422
critical,21,unambiguous,long,object,nonfinal,12,6,the,9.698929786682127
critical,21,unambiguous,long,object,nonfinal,12,7,case,6.363622188568115
critical,21,unambiguous,long,object,nonfinal,12,8,about,12.22825813293457
critical,21,unambiguous,long,object,nonfinal,12,9,the,2.458498954772949
critical,21,unambiguous,long,object,nonfinal,12,10,bank,10.01394748687744
critical,21,unambiguous,long,object,nonfinal,12,11,robbery,1.1336766481399536
critical,21,unambiguous,long,object,nonfinal,12,12,became,4.365244388580322
critical,21,unambiguous,long,object,nonfinal,12,13,more,1.9477131366729736
critical,21,unambiguous,long,object,nonfinal,12,14,complex.,4.194896280765533
critical,22,ambiguous,short,object,nonfinal,6,0,Although,27.41296768188477
critical,22,ambiguous,short,object,nonfinal,6,1,the,2.515668630599976
critical,22,ambiguous,short,object,nonfinal,6,2,team,9.226018905639648
critical,22,ambiguous,short,object,nonfinal,6,3,lost,8.99275016784668
critical,22,ambiguous,short,object,nonfinal,6,4,the,3.896604061126709
critical,22,ambiguous,short,object,nonfinal,6,5,championship,6.737504482269287
critical,22,ambiguous,short,object,nonfinal,6,6,was,12.454009056091309
critical,22,ambiguous,short,object,nonfinal,6,7,still,5.246819019317627
critical,22,ambiguous,short,object,nonfinal,6,8,a,2.148423671722412
critical,22,ambiguous,short,object,nonfinal,6,9,great,3.49393892288208
critical,22,ambiguous,short,object,nonfinal,6,10,experience,5.072580337524414
critical,22,ambiguous,short,object,nonfinal,6,11,for,1.443212389945984
critical,22,ambiguous,short,object,nonfinal,6,12,the,3.0206427574157715
critical,22,ambiguous,short,object,nonfinal,6,13,players.,3.553871512413025
critical,22,ambiguous,long,object,nonfinal,8,0,Although,27.41296768188477
critical,22,ambiguous,long,object,nonfinal,8,1,the,2.515668630599976
critical,22,ambiguous,long,object,nonfinal,8,2,team,9.226018905639648
critical,22,ambiguous,long,object,nonfinal,8,3,lost,8.99275016784668
critical,22,ambiguous,long,object,nonfinal,8,4,the,3.896604061126709
critical,22,ambiguous,long,object,nonfinal,8,5,championship,6.737504482269287
critical,22,ambiguous,long,object,nonfinal,8,6,in,3.1384494304656982
critical,22,ambiguous,long,object,nonfinal,8,7,basketball,14.817672729492188
critical,22,ambiguous,long,object,nonfinal,8,8,was,12.228246688842772
critical,22,ambiguous,long,object,nonfinal,8,9,still,5.525634765625
critical,22,ambiguous,long,object,nonfinal,8,10,a,2.5894148349761963
critical,22,ambiguous,long,object,nonfinal,8,11,great,4.2269206047058105
critical,22,ambiguous,long,object,nonfinal,8,12,experience,4.062862873077393
critical,22,ambiguous,long,object,nonfinal,8,13,for,1.4915436506271362
critical,22,ambiguous,long,object,nonfinal,8,14,the,3.1125833988189697
critical,22,ambiguous,long,object,nonfinal,8,15,players.,3.5909647941589355
critical,22,unambiguous,short,object,nonfinal,9,0,Although,27.41296768188477
critical,22,unambiguous,short,object,nonfinal,9,1,the,2.515668630599976
critical,22,unambiguous,short,object,nonfinal,9,2,team,9.226018905639648
critical,22,unambiguous,short,object,nonfinal,9,3,lost,8.99275016784668
critical,22,unambiguous,short,object,nonfinal,9,4,the,3.896604061126709
critical,22,unambiguous,short,object,nonfinal,9,5,final,5.015069007873535
critical,22,unambiguous,short,object,nonfinal,9,6,game,2.0600714683532715
critical,22,unambiguous,short,object,nonfinal,9,7,the,9.568217277526855
critical,22,unambiguous,short,object,nonfinal,9,8,championship,10.667591094970703
critical,22,unambiguous,short,object,nonfinal,9,9,was,2.456649780273437
critical,22,unambiguous,short,object,nonfinal,9,10,still,2.83746600151062
critical,22,unambiguous,short,object,nonfinal,9,11,a,3.0891716480255127
critical,22,unambiguous,short,object,nonfinal,9,12,great,3.664997100830078
critical,22,unambiguous,short,object,nonfinal,9,13,experience,3.893885374069214
critical,22,unambiguous,short,object,nonfinal,9,14,for,1.1473251581192017
critical,22,unambiguous,short,object,nonfinal,9,15,the,2.545970678329468
critical,22,unambiguous,short,object,nonfinal,9,16,players.,3.666496872901917
critical,22,unambiguous,long,object,nonfinal,11,0,Although,27.41296768188477
critical,22,unambiguous,long,object,nonfinal,11,1,the,2.515668630599976
critical,22,unambiguous,long,object,nonfinal,11,2,team,9.226018905639648
critical,22,unambiguous,long,object,nonfinal,11,3,lost,8.99275016784668
critical,22,unambiguous,long,object,nonfinal,11,4,the,3.896604061126709
critical,22,unambiguous,long,object,nonfinal,11,5,final,5.015069007873535
critical,22,unambiguous,long,object,nonfinal,11,6,game,2.0600714683532715
critical,22,unambiguous,long,object,nonfinal,11,7,the,9.568217277526855
critical,22,unambiguous,long,object,nonfinal,11,8,championship,10.667591094970703
critical,22,unambiguous,long,object,nonfinal,11,9,in,4.7641119956970215
critical,22,unambiguous,long,object,nonfinal,11,10,basketball,13.114015579223633
critical,22,unambiguous,long,object,nonfinal,11,11,was,7.570659637451172
critical,22,unambiguous,long,object,nonfinal,11,12,still,3.079166412353516
critical,22,unambiguous,long,object,nonfinal,11,13,a,2.8457322120666504
critical,22,unambiguous,long,object,nonfinal,11,14,great,3.987025737762451
critical,22,unambiguous,long,object,nonfinal,11,15,experience,2.869738340377808
critical,22,unambiguous,long,object,nonfinal,11,16,for,1.2644494771957395
critical,22,unambiguous,long,object,nonfinal,11,17,the,2.526081085205078
critical,22,unambiguous,long,object,nonfinal,11,18,players.,3.585890531539917
critical,23,ambiguous,short,comma,nonfinal,7,0,After,25.59530067443848
critical,23,ambiguous,short,comma,nonfinal,7,1,the,3.976106882095337
critical,23,ambiguous,short,comma,nonfinal,7,2,director,12.467955589294434
critical,23,ambiguous,short,comma,nonfinal,7,3,finished,11.684599876403809
critical,23,ambiguous,short,comma,nonfinal,7,4,filming,3.19065523147583
critical,23,ambiguous,short,comma,nonfinal,7,5,the,2.934128522872925
critical,23,ambiguous,short,comma,nonfinal,7,6,actors,12.796818733215332
critical,23,ambiguous,short,comma,nonfinal,7,7,left,10.52003288269043
critical,23,ambiguous,short,comma,nonfinal,7,8,to,4.016700267791748
critical,23,ambiguous,short,comma,nonfinal,7,9,go,3.257224798202514
critical,23,ambiguous,short,comma,nonfinal,7,10,home.,4.578579902648926
critical,23,ambiguous,long,comma,nonfinal,12,0,After,25.59530067443848
critical,23,ambiguous,long,comma,nonfinal,12,1,the,3.976106882095337
critical,23,ambiguous,long,comma,nonfinal,12,2,director,12.467955589294434
critical,23,ambiguous,long,comma,nonfinal,12,3,finished,11.684599876403809
critical,23,ambiguous,long,comma,nonfinal,12,4,filming,3.19065523147583
critical,23,ambiguous,long,comma,nonfinal,12,5,the,2.934128522872925
critical,23,ambiguous,long,comma,nonfinal,12,6,actors,12.796818733215332
critical,23,ambiguous,long,comma,nonfinal,12,7,exhausted,16.960163116455078
critical,23,ambiguous,long,comma,nonfinal,12,8,from,3.689542531967163
critical,23,ambiguous,long,comma,nonfinal,12,9,the,2.3435428142547607
critical,23,ambiguous,long,comma,nonfinal,12,10,long,4.298300266265869
critical,23,ambiguous,long,comma,nonfinal,12,11,day,1.970486402511597
critical,23,ambiguous,long,comma,nonfinal,12,12,left,13.66696071624756
critical,23,ambiguous,long,comma,nonfinal,12,13,to,3.6714470386505127
critical,23,ambiguous,long,comma,nonfinal,12,14,go,7.434251308441162
critical,23,ambiguous,long,comma,nonfinal,12,15,home.,8.794466495513916
critical,23,unambiguous,short,comma,nonfinal,7,0,After,25.59530067443848
critical,23,unambiguous,short,comma,nonfinal,7,1,the,3.976106882095337
critical,23,unambiguous,short,comma,nonfinal,7,2,director,12.467955589294434
critical,23,unambiguous,short,comma,nonfinal,7,3,finished,11.684599876403809
critical,23,unambiguous,short,comma,nonfinal,7,4,"filming,",6.755473136901856
critical,23,unambiguous,short,comma,nonfinal,7,5,the,3.304647922515869
critical,23,unambiguous,short,comma,nonfinal,7,6,actors,4.81835412979126
critical,23,unambiguous,short,comma,nonfinal,7,7,left,5.791704177856445
critical,23,unambiguous,short,comma,nonfinal,7,8,to,4.4223480224609375
critical,23,unambiguous,short,comma,nonfinal,7,9,go,2.775277137756348
critical,23,unambiguous,short,comma,nonfinal,7,10,home.,4.467718482017517
critical,23,unambiguous,long,comma,nonfinal,12,0,After,25.59530067443848
critical,23,unambiguous,long,comma,nonfinal,12,1,the,3.976106882095337
critical,23,unambiguous,long,comma,nonfinal,12,2,director,12.467955589294434
critical,23,unambiguous,long,comma,nonfinal,12,3,finished,11.684599876403809
critical,23,unambiguous,long,comma,nonfinal,12,4,"filming,",6.755473136901856
critical,23,unambiguous,long,comma,nonfinal,12,5,the,3.304647922515869
critical,23,unambiguous,long,comma,nonfinal,12,6,actors,4.81835412979126
critical,23,unambiguous,long,comma,nonfinal,12,7,exhausted,15.513076782226562
critical,23,unambiguous,long,comma,nonfinal,12,8,from,10.715911865234377
critical,23,unambiguous,long,comma,nonfinal,12,9,the,1.968483090400696
critical,23,unambiguous,long,comma,nonfinal,12,10,long,4.172183513641357
critical,23,unambiguous,long,comma,nonfinal,12,11,day,1.9082204103469849
critical,23,unambiguous,long,comma,nonfinal,12,12,left,9.898694038391112
critical,23,unambiguous,long,comma,nonfinal,12,13,to,3.6542983055114746
critical,23,unambiguous,long,comma,nonfinal,12,14,go,6.384182929992676
critical,23,unambiguous,long,comma,nonfinal,12,15,home.,4.008538603782654
critical,24,ambiguous,short,object,final,6,0,As,25.38521194458008
critical,24,ambiguous,short,object,final,6,1,the,2.97714900970459
critical,24,ambiguous,short,object,final,6,2,doctor,12.891797065734863
critical,24,ambiguous,short,object,final,6,3,lectured,13.407436937093737
critical,24,ambiguous,short,object,final,6,4,the,4.067827224731445
critical,24,ambiguous,short,object,final,6,5,student,5.045095920562744
critical,24,ambiguous,short,object,final,6,6,listened.,26.674251556396484
critical,24,ambiguous,long,object,final,8,0,As,25.38521194458008
critical,24,ambiguous,long,object,final,8,1,the,2.97714900970459
critical,24,ambiguous,long,object,final,8,2,doctor,12.891797065734863
critical,24,ambiguous,long,object,final,8,3,lectured,13.407436937093737
critical,24,ambiguous,long,object,final,8,4,the,4.067827224731445
critical,24,ambiguous,long,object,final,8,5,student,5.045095920562744
critical,24,ambiguous,long,object,final,8,6,watching,13.58225917816162
critical,24,ambiguous,long,object,final,8,7,quietly,12.422882080078123
critical,24,ambiguous,long,object,final,8,8,listened.,23.11884355545044
critical,24,unambiguous,short,object,final,8,0,As,25.38521194458008
critical,24,unambiguous,short,object,final,8,1,the,2.97714900970459
critical,24,unambiguous,short,object,final,8,2,doctor,12.891797065734863
critical,24,unambiguous,short,object,final,8,3,lectured,13.407436937093737
critical,24,unambiguous,short,object,final,8,4,the,4.067827224731445
critical,24,unambiguous,short,object,final,8,5,nurse,7.967579364776611
critical,24,unambiguous,short,object,final,8,6,the,8.585681915283203
critical,24,unambiguous,short,object,final,8,7,student,8.329496383666992
critical,24,unambiguous,short,object,final,8,8,listened.,15.055278301239014
critical,24,unambiguous,long,object,final,10,0,As,25.38521194458008
critical,24,unambiguous,long,object,final,10,1,the,2.97714900970459
critical,24,unambiguous,long,object,final,10,2,doctor,12.891797065734863
critical,24,unambiguous,long,object,final,10,3,lectured,13.407436937093737
critical,24,unambiguous,long,object,final,10,4,the,4.067827224731445
critical,24,unambiguous,long,object,final,10,5,nurse,7.967579364776611
critical,24,unambiguous,long,object,final,10,6,the,8.585681915283203
critical,24,unambiguous,long,object,final,10,7,student,8.329496383666992
critical,24,unambiguous,long,object,final,10,8,watching,16.035200119018555
critical,24,unambiguous,long,object,final,10,9,quietly,7.880624771118164
critical,24,unambiguous,long,object,final,10,10,listened.,8.87170696258545
critical,25,ambiguous,short,object,nonfinal,7,0,After,25.59530067443848
critical,25,ambiguous,short,object,nonfinal,7,1,the,3.976106882095337
critical,25,ambiguous,short,object,nonfinal,7,2,teacher,14.875271797180176
critical,25,ambiguous,short,object,nonfinal,7,3,finished,12.24086093902588
critical,25,ambiguous,short,object,nonfinal,7,4,grading,9.185392379760742
critical,25,ambiguous,short,object,nonfinal,7,5,the,2.880690097808838
critical,25,ambiguous,short,object,nonfinal,7,6,students,2.947876214981079
critical,25,ambiguous,short,object,nonfinal,7,7,passed,13.98207950592041
critical,25,ambiguous,short,object,nonfinal,7,8,the,1.7691594362258911
critical,25,ambiguous,short,object,nonfinal,7,9,class.,10.064292907714844
critical,25,ambiguous,long,object,nonfinal,9,0,After,25.59530067443848
critical,25,ambiguous,long,object,nonfinal,9,1,the,3.976106882095337
critical,25,ambiguous,long,object,nonfinal,9,2,teacher,14.875271797180176
critical,25,ambiguous,long,object,nonfinal,9,3,finished,12.24086093902588
critical,25,ambiguous,long,object,nonfinal,9,4,grading,9.185392379760742
critical,25,ambiguous,long,object,nonfinal,9,5,the,2.880690097808838
critical,25,ambiguous,long,object,nonfinal,9,6,students,2.947876214981079
critical,25,ambiguous,long,object,nonfinal,9,7,studying,13.122199058532717
critical,25,ambiguous,long,object,nonfinal,9,8,engineering,9.990325927734377
critical,25,ambiguous,long,object,nonfinal,9,9,passed,15.586338996887209
critical,25,ambiguous,long,object,nonfinal,9,10,the,1.2519346475601196
critical,25,ambiguous,long,object,nonfinal,9,11,class.,11.113502025604248
critical,25,unambiguous,short,object,nonfinal,9,0,After,25.59530067443848
critical,25,unambiguous,short,object,nonfinal,9,1,the,3.976106882095337
critical,25,unambiguous,short,object,nonfinal,9,2,teacher,14.875271797180176
critical,25,unambiguous,short,object,nonfinal,9,3,finished,12.24086093902588
critical,25,unambiguous,short,object,nonfinal,9,4,grading,9.185392379760742
critical,25,unambiguous,short,object,nonfinal,9,5,the,2.880690097808838
critical,25,unambiguous,short,object,nonfinal,9,6,final,4.033133506774902
critical,25,unambiguous,short,object,nonfinal,9,7,the,13.219406127929688
critical,25,unambiguous,short,object,nonfinal,9,8,students,2.159177541732788
critical,25,unambiguous,short,object,nonfinal,9,9,passed,9.578988075256348
critical,25,unambiguous,short,object,nonfinal,9,10,the,2.5525527000427246
critical,25,unambiguous,short,object,nonfinal,9,11,class.,7.470750093460083
critical,25,unambiguous,long,object,nonfinal,11,0,After,25.59530067443848
critical,25,unambiguous,long,object,nonfinal,11,1,the,3.976106882095337
critical,25,unambiguous,long,object,nonfinal,11,2,teacher,14.875271797180176
critical,25,unambiguous,long,object,nonfinal,11,3,finished,12.24086093902588
critical,25,unambiguous,long,object,nonfinal,11,4,grading,9.185392379760742
critical,25,unambiguous,long,object,nonfinal,11,5,the,2.880690097808838
critical,25,unambiguous,long,object,nonfinal,11,6,final,4.033133506774902
critical,25,unambiguous,long,object,nonfinal,11,7,the,13.219406127929688
critical,25,unambiguous,long,object,nonfinal,11,8,students,2.159177541732788
critical,25,unambiguous,long,object,nonfinal,11,9,studying,16.850887298583984
critical,25,unambiguous,long,object,nonfinal,11,10,engineering,11.601195335388184
critical,25,unambiguous,long,object,nonfinal,11,11,passed,8.267374038696289
critical,25,unambiguous,long,object,nonfinal,11,12,the,1.6360421180725098
critical,25,unambiguous,long,object,nonfinal,11,13,class.,7.156988024711609
critical,26,ambiguous,short,comma,final,6,0,As,25.38521194458008
critical,26,ambiguous,short,comma,final,6,1,the,2.97714900970459
critical,26,ambiguous,short,comma,final,6,2,people,9.96203899383545
critical,26,ambiguous,short,comma,final,6,3,gathered,7.869728088378906
critical,26,ambiguous,short,comma,final,6,4,the,9.177632331848145
critical,26,ambiguous,short,comma,final,6,5,animals,11.85853672027588
critical,26,ambiguous,short,comma,final,6,6,scattered.,13.856903553009031
critical,26,ambiguous,long,comma,final,9,0,As,25.38521194458008
critical,26,ambiguous,long,comma,final,9,1,the,2.97714900970459
critical,26,ambiguous,long,comma,final,9,2,people,9.96203899383545
critical,26,ambiguous,long,comma,final,9,3,gathered,7.869728088378906
critical,26,ambiguous,long,comma,final,9,4,the,9.177632331848145
critical,26,ambiguous,long,comma,final,9,5,animals,11.85853672027588
critical,26,ambiguous,long,comma,final,9,6,in,3.7349679470062256
critical,26,ambiguous,long,comma,final,9,7,the,1.3023792505264282
critical,26,ambiguous,long,comma,final,9,8,park,4.760755062103272
critical,26,ambiguous,long,comma,final,9,9,scattered.,16.38521909713745
critical,26,unambiguous,short,comma,final,6,0,As,25.38521194458008
critical,26,unambiguous,short,comma,final,6,1,the,2.97714900970459
critical,26,unambiguous,short,comma,final,6,2,people,9.96203899383545
critical,26,unambiguous,short,comma,final,6,3,"gathered,",14.820436000823976
critical,26,unambiguous,short,comma,final,6,4,the,3.295264720916748
critical,26,unambiguous,short,comma,final,6,5,animals,11.311306953430176
critical,26,unambiguous,short,comma,final,6,6,scattered.,10.63846755027771
critical,26,unambiguous,long,comma,final,9,0,As,25.38521194458008
critical,26,unambiguous,long,comma,final,9,1,the,2.97714900970459
critical,26,unambiguous,long,comma,final,9,2,people,9.96203899383545
critical,26,unambiguous,long,comma,final,9,3,"gathered,",14.820436000823976
critical,26,unambiguous,long,comma,final,9,4,the,3.295264720916748
critical,26,unambiguous,long,comma,final,9,5,animals,11.311306953430176
critical,26,unambiguous,long,comma,final,9,6,in,5.500748157501221
critical,26,unambiguous,long,comma,final,9,7,the,0.4677102565765381
critical,26,unambiguous,long,comma,final,9,8,park,4.520848751068115
critical,26,unambiguous,long,comma,final,9,9,scattered.,12.162007570266724
critical,27,ambiguous,short,comma,nonfinal,6,0,Once,27.531389236450195
critical,27,ambiguous,short,comma,nonfinal,6,1,the,3.753607988357544
critical,27,ambiguous,short,comma,nonfinal,6,2,audience,11.746855735778809
critical,27,ambiguous,short,comma,nonfinal,6,3,quieted,14.37826719880104
critical,27,ambiguous,short,comma,nonfinal,6,4,the,8.18728256225586
critical,27,ambiguous,short,comma,nonfinal,6,5,man,8.45592212677002
critical,27,ambiguous,short,comma,nonfinal,6,6,put,10.374554634094238
critical,27,ambiguous,short,comma,nonfinal,6,7,away,6.849620342254639
critical,27,ambiguous,short,comma,nonfinal,6,8,his,0.7770754098892212
critical,27,ambiguous,short,comma,nonfinal,6,9,phone.,8.901792049407959
critical,27,ambiguous,long,comma,nonfinal,8,0,Once,27.531389236450195
critical,27,ambiguous,long,comma,nonfinal,8,1,the,3.753607988357544
critical,27,ambiguous,long,comma,nonfinal,8,2,audience,11.746855735778809
critical,27,ambiguous,long,comma,nonfinal,8,3,quieted,14.37826719880104
critical,27,ambiguous,long,comma,nonfinal,8,4,the,8.18728256225586
critical,27,ambiguous,long,comma,nonfinal,8,5,man,8.45592212677002
critical,27,ambiguous,long,comma,nonfinal,8,6,talking,12.020008087158203
critical,27,ambiguous,long,comma,nonfinal,8,7,loudly,5.343052387237549
critical,27,ambiguous,long,comma,nonfinal,8,8,put,12.002650260925291
critical,27,ambiguous,long,comma,nonfinal,8,9,away,6.366549968719482
critical,27,ambiguous,long,comma,nonfinal,8,10,his,0.7297691702842712
critical,27,ambiguous,long,comma,nonfinal,8,11,phone.,7.243471622467041
critical,27,unambiguous,short,comma,nonfinal,6,0,Once,27.531389236450195
critical,27,unambiguous,short,comma,nonfinal,6,1,the,3.753607988357544
critical,27,unambiguous,short,comma,nonfinal,6,2,audience,11.746855735778809
critical,27,unambiguous,short,comma,nonfinal,6,3,"quieted,",16.59837332367897
critical,27,unambiguous,short,comma,nonfinal,6,4,the,2.7223010063171387
critical,27,unambiguous,short,comma,nonfinal,6,5,man,6.8662519454956055
critical,27,unambiguous,short,comma,nonfinal,6,6,put,7.7705888748168945
critical,27,unambiguous,short,comma,nonfinal,6,7,away,7.285994052886963
critical,27,unambiguous,short,comma,nonfinal,6,8,his,0.7977085113525391
critical,27,unambiguous,short,comma,nonfinal,6,9,phone.,7.811039209365845
critical,27,unambiguous,long,comma,nonfinal,8,0,Once,27.531389236450195
critical,27,unambiguous,long,comma,nonfinal,8,1,the,3.753607988357544
critical,27,unambiguous,long,comma,nonfinal,8,2,audience,11.746855735778809
critical,27,unambiguous,long,comma,nonfinal,8,3,"quieted,",16.59837332367897
critical,27,unambiguous,long,comma,nonfinal,8,4,the,2.7223010063171387
critical,27,unambiguous,long,comma,nonfinal,8,5,man,6.8662519454956055
critical,27,unambiguous,long,comma,nonfinal,8,6,talking,13.039201736450195
critical,27,unambiguous,long,comma,nonfinal,8,7,loudly,7.644295692443848
critical,27,unambiguous,long,comma,nonfinal,8,8,put,8.647805213928223
critical,27,unambiguous,long,comma,nonfinal,8,9,away,7.963088512420654
critical,27,unambiguous,long,comma,nonfinal,8,10,his,0.6291042566299438
critical,27,unambiguous,long,comma,nonfinal,8,11,phone.,6.219316244125366
critical,28,ambiguous,short,comma,nonfinal,7,0,After,25.59530067443848
critical,28,ambiguous,short,comma,nonfinal,7,1,the,3.976106882095337
critical,28,ambiguous,short,comma,nonfinal,7,2,corrupt,15.58914566040039
critical,28,ambiguous,short,comma,nonfinal,7,3,politician,6.904368877410889
critical,28,ambiguous,short,comma,nonfinal,7,4,signed,11.815213203430176
critical,28,ambiguous,short,comma,nonfinal,7,5,the,2.689527988433838
critical,28,ambiguous,short,comma,nonfinal,7,6,bill,3.838465690612793
critical,28,ambiguous,short,comma,nonfinal,7,7,received,16.847177505493164
critical,28,ambiguous,short,comma,nonfinal,7,8,unwelcome,15.913100242614746
critical,28,ambiguous,short,comma,nonfinal,7,9,attention,1.3651074171066284
critical,28,ambiguous,short,comma,nonfinal,7,10,from,1.6192564964294434
critical,28,ambiguous,short,comma,nonfinal,7,11,southern,14.36313247680664
critical,28,ambiguous,short,comma,nonfinal,7,12,voters.,10.916792869567873
critical,28,ambiguous,long,comma,nonfinal,9,0,After,25.59530067443848
critical,28,ambiguous,long,comma,nonfinal,9,1,the,3.976106882095337
critical,28,ambiguous,long,comma,nonfinal,9,2,corrupt,15.58914566040039
critical,28,ambiguous,long,comma,nonfinal,9,3,politician,6.904368877410889
critical,28,ambiguous,long,comma,nonfinal,9,4,signed,11.815213203430176
critical,28,ambiguous,long,comma,nonfinal,9,5,the,2.689527988433838
critical,28,ambiguous,long,comma,nonfinal,9,6,bill,3.838465690612793
critical,28,ambiguous,long,comma,nonfinal,9,7,on,5.521066665649414
critical,28,ambiguous,long,comma,nonfinal,9,8,taxes,13.33537483215332
critical,28,ambiguous,long,comma,nonfinal,9,9,received,12.944976806640623
critical,28,ambiguous,long,comma,nonfinal,9,10,unwelcome,16.614614486694336
critical,28,ambiguous,long,comma,nonfinal,9,11,attention,1.5771992206573486
critical,28,ambiguous,long,comma,nonfinal,9,12,from,1.477190613746643
critical,28,ambiguous,long,comma,nonfinal,9,13,southern,14.775010108947754
critical,28,ambiguous,long,comma,nonfinal,9,14,voters.,8.566430926322937
critical,28,unambiguous,short,comma,nonfinal,7,0,After,25.59530067443848
critical,28,unambiguous,short,comma,nonfinal,7,1,the,3.976106882095337
critical,28,unambiguous,short,comma,nonfinal,7,2,corrupt,15.58914566040039
critical,28,unambiguous,short,comma,nonfinal,7,3,politician,6.904368877410889
critical,28,unambiguous,short,comma,nonfinal,7,4,"signed,",20.32639503479004
critical,28,unambiguous,short,comma,nonfinal,7,5,the,2.615952491760254
critical,28,unambiguous,short,comma,nonfinal,7,6,bill,8.898662567138672
critical,28,unambiguous,short,comma,nonfinal,7,7,received,7.239352226257324
critical,28,unambiguous,short,comma,nonfinal,7,8,unwelcome,16.56043815612793
critical,28,unambiguous,short,comma,nonfinal,7,9,attention,1.322973132133484
critical,28,unambiguous,short,comma,nonfinal,7,10,from,1.3238205909729004
critical,28,unambiguous,short,comma,nonfinal,7,11,southern,14.145988464355469
critical,28,unambiguous,short,comma,nonfinal,7,12,voters.,8.851080298423767
critical,28,unambiguous,long,comma,nonfinal,9,0,After,25.59530067443848
critical,28,unambiguous,long,comma,nonfinal,9,1,the,3.976106882095337
critical,28,unambiguous,long,comma,nonfinal,9,2,corrupt,15.58914566040039
critical,28,unambiguous,long,comma,nonfinal,9,3,politician,6.904368877410889
critical,28,unambiguous,long,comma,nonfinal,9,4,"signed,",20.32639503479004
critical,28,unambiguous,long,comma,nonfinal,9,5,the,2.615952491760254
critical,28,unambiguous,long,comma,nonfinal,9,6,bill,8.898662567138672
critical,28,unambiguous,long,comma,nonfinal,9,7,on,9.22353172302246
critical,28,unambiguous,long,comma,nonfinal,9,8,taxes,9.051295280456545
critical,28,unambiguous,long,comma,nonfinal,9,9,received,7.687244892120361
critical,28,unambiguous,long,comma,nonfinal,9,10,unwelcome,18.20663833618164
critical,28,unambiguous,long,comma,nonfinal,9,11,attention,1.4258434772491455
critical,28,unambiguous,long,comma,nonfinal,9,12,from,1.8800978660583496
critical,28,unambiguous,long,comma,nonfinal,9,13,southern,14.559252738952637
critical,28,unambiguous,long,comma,nonfinal,9,14,voters.,7.462594151496887
critical,29,ambiguous,short,object,nonfinal,7,0,While,25.83150863647461
critical,29,ambiguous,short,object,nonfinal,7,1,the,2.8453469276428223
critical,29,ambiguous,short,object,nonfinal,7,2,art,12.061735153198242
critical,29,ambiguous,short,object,nonfinal,7,3,class,10.53329086303711
critical,29,ambiguous,short,object,nonfinal,7,4,painted,15.614956855773926
critical,29,ambiguous,short,object,nonfinal,7,5,the,3.785203218460083
critical,29,ambiguous,short,object,nonfinal,7,6,model,9.766644477844238
critical,29,ambiguous,short,object,nonfinal,7,7,stayed,19.454545974731445
critical,29,ambiguous,short,object,nonfinal,7,8,still.,12.286968469619753
critical,29,ambiguous,long,object,nonfinal,10,0,While,25.83150863647461
critical,29,ambiguous,long,object,nonfinal,10,1,the,2.8453469276428223
critical,29,ambiguous,long,object,nonfinal,10,2,art,12.061735153198242
critical,29,ambiguous,long,object,nonfinal,10,3,class,10.53329086303711
critical,29,ambiguous,long,object,nonfinal,10,4,painted,15.614956855773926
critical,29,ambiguous,long,object,nonfinal,10,5,the,3.785203218460083
critical,29,ambiguous,long,object,nonfinal,10,6,model,9.766644477844238
critical,29,ambiguous,long,object,nonfinal,10,7,in,4.028147220611572
critical,29,ambiguous,long,object,nonfinal,10,8,the,2.9011518955230717
critical,29,ambiguous,long,object,nonfinal,10,9,nude,7.632188320159912
critical,29,ambiguous,long,object,nonfinal,10,10,stayed,18.73820686340332
critical,29,ambiguous,long,object,nonfinal,10,11,still.,15.882952213287354
critical,29,unambiguous,short,object,nonfinal,9,0,While,25.83150863647461
critical,29,unambiguous,short,object,nonfinal,9,1,the,2.8453469276428223
critical,29,unambiguous,short,object,nonfinal,9,2,art,12.061735153198242
critical,29,unambiguous,short,object,nonfinal,9,3,class,10.53329086303711
critical,29,unambiguous,short,object,nonfinal,9,4,painted,15.614956855773926
critical,29,unambiguous,short,object,nonfinal,9,5,their,4.781943321228027
critical,29,unambiguous,short,object,nonfinal,9,6,portraits,5.222373008728027
critical,29,unambiguous,short,object,nonfinal,9,7,the,8.200980186462402
critical,29,unambiguous,short,object,nonfinal,9,8,model,11.718716621398926
critical,29,unambiguous,short,object,nonfinal,9,9,stayed,8.905861854553223
critical,29,unambiguous,short,object,nonfinal,9,10,still.,10.63005781173706
critical,29,unambiguous,long,object,nonfinal,12,0,While,25.83150863647461
critical,29,unambiguous,long,object,nonfinal,12,1,the,2.8453469276428223
critical,29,unambiguous,long,object,nonfinal,12,2,art,12.061735153198242
critical,29,unambiguous,long,object,nonfinal,12,3,class,10.53329086303711
critical,29,unambiguous,long,object,nonfinal,12,4,painted,15.614956855773926
critical,29,unambiguous,long,object,nonfinal,12,5,their,4.781943321228027
critical,29,unambiguous,long,object,nonfinal,12,6,portraits,5.222373008728027
critical,29,unambiguous,long,object,nonfinal,12,7,the,8.200980186462402
critical,29,unambiguous,long,object,nonfinal,12,8,model,11.718716621398926
critical,29,unambiguous,long,object,nonfinal,12,9,in,6.53299617767334
critical,29,unambiguous,long,object,nonfinal,12,10,the,1.4155300855636597
critical,29,unambiguous,long,object,nonfinal,12,11,nude,9.123093605041504
critical,29,unambiguous,long,object,nonfinal,12,12,stayed,10.373167991638184
critical,29,unambiguous,long,object,nonfinal,12,13,still.,8.34083366394043
critical,30,ambiguous,short,object,final,6,0,As,25.38521194458008
critical,30,ambiguous,short,object,final,6,1,the,2.97714900970459
critical,30,ambiguous,short,object,final,6,2,professor,13.8934907913208
critical,30,ambiguous,short,object,final,6,3,wrote,8.025574684143066
critical,30,ambiguous,short,object,final,6,4,the,6.557585716247559
critical,30,ambiguous,short,object,final,6,5,textbook,8.663995742797852
critical,30,ambiguous,short,object,final,6,6,grew.,26.25212526321411
critical,30,ambiguous,long,object,final,8,0,As,25.38521194458008
critical,30,ambiguous,long,object,final,8,1,the,2.97714900970459
critical,30,ambiguous,long,object,final,8,2,professor,13.8934907913208
critical,30,ambiguous,long,object,final,8,3,wrote,8.025574684143066
critical,30,ambiguous,long,object,final,8,4,the,6.557585716247559
critical,30,ambiguous,long,object,final,8,5,textbook,8.663995742797852
critical,30,ambiguous,long,object,final,8,6,on,2.533863067626953
critical,30,ambiguous,long,object,final,8,7,biology,9.413323402404783
critical,30,ambiguous,long,object,final,8,8,grew.,25.317150592803955
critical,30,unambiguous,short,object,final,8,0,As,25.38521194458008
critical,30,unambiguous,short,object,final,8,1,the,2.97714900970459
critical,30,unambiguous,short,object,final,8,2,professor,13.8934907913208
critical,30,unambiguous,short,object,final,8,3,wrote,8.025574684143066
critical,30,unambiguous,short,object,final,8,4,the,6.557585716247559
critical,30,unambiguous,short,object,final,8,5,chapter,7.868121147155762
critical,30,unambiguous,short,object,final,8,6,the,9.81313705444336
critical,30,unambiguous,short,object,final,8,7,textbook,8.750279426574707
critical,30,unambiguous,short,object,final,8,8,grew.,19.14216947555542
critical,30,unambiguous,long,object,final,10,0,As,25.38521194458008
critical,30,unambiguous,long,object,final,10,1,the,2.97714900970459
critical,30,unambiguous,long,object,final,10,2,professor,13.8934907913208
critical,30,unambiguous,long,object,final,10,3,wrote,8.025574684143066
critical,30,unambiguous,long,object,final,10,4,the,6.557585716247559
critical,30,unambiguous,long,object,final,10,5,chapter,7.868121147155762
critical,30,unambiguous,long,object,final,10,6,the,9.81313705444336
critical,30,unambiguous,long,object,final,10,7,textbook,8.750279426574707
critical,30,unambiguous,long,object,final,10,8,on,6.860418319702148
critical,30,unambiguous,long,object,final,10,9,biology,9.422106742858888
critical,30,unambiguous,long,object,final,10,10,grew.,19.316739082336422
