item_category,item,ambiguity,length,resolution,finality,critical_word_index,word_index,word,surprisal
critical,1,ambiguous,long,object,nonfinal,8,0,As,19.27421760559082
critical,1,ambiguous,long,object,nonfinal,8,1,the,2.6874070167541504
critical,1,ambiguous,long,object,nonfinal,8,2,lifeguard,20.09003734588623
critical,1,ambiguous,long,object,nonfinal,8,3,watched,8.39416790008545
critical,1,ambiguous,long,object,nonfinal,8,4,the,2.30175518989563
critical,1,ambiguous,long,object,nonfinal,8,5,kids,7.946290016174316
critical,1,ambiguous,long,object,nonfinal,8,6,playing,5.166067123413086
critical,1,ambiguous,long,object,nonfinal,8,7,happily,11.263254165649414
critical,1,ambiguous,long,object,nonfinal,8,8,splashed,19.549939155578613
critical,1,ambiguous,long,object,nonfinal,8,9,each,10.844890594482422
critical,1,ambiguous,long,object,nonfinal,8,10,other,0.0462261848151683
critical,1,ambiguous,long,object,nonfinal,8,11,with,1.8189655542373655
critical,1,ambiguous,long,object,nonfinal,8,12,water.,9.001888036727905
critical,1,ambiguous,short,object,nonfinal,6,0,As,19.27421760559082
critical,1,ambiguous,short,object,nonfinal,6,1,the,2.6874070167541504
critical,1,ambiguous,short,object,nonfinal,6,2,lifeguard,20.09003734588623
critical,1,ambiguous,short,object,nonfinal,6,3,watched,8.39416790008545
critical,1,ambiguous,short,object,nonfinal,6,4,the,2.30175518989563
critical,1,ambiguous,short,object,nonfinal,6,5,kids,7.946290016174316
critical,1,ambiguous,short,object,nonfinal,6,6,splashed,13.420820713043211
critical,1,ambiguous,short,object,nonfinal,6,7,each,10.581077575683594
critical,1,ambiguous,short,object,nonfinal,6,8,other,0.0690186992287635
critical,1,ambiguous,short,object,nonfinal,6,9,with,2.00558876991272
critical,1,ambiguous,short,object,nonfinal,6,10,water.,10.367307722568512
critical,1,unambiguous,long,object,nonfinal,10,0,As,19.27421760559082
critical,1,unambiguous,long,object,nonfinal,10,1,the,2.6874070167541504
critical,1,unambiguous,long,object,nonfinal,10,2,lifeguard,20.09003734588623
critical,1,unambiguous,long,object,nonfinal,10,3,watched,8.39416790008545
critical,1,unambiguous,long,object,nonfinal,10,4,the,2.30175518989563
critical,1,unambiguous,long,object,nonfinal,10,5,pool,6.857963562011719
critical,1,unambiguous,long,object,nonfinal,10,6,the,8.374032974243164
critical,1,unambiguous,long,object,nonfinal,10,7,kids,8.776954650878906
critical,1,unambiguous,long,object,nonfinal,10,8,playing,9.215234756469728
critical,1,unambiguous,long,object,nonfinal,10,9,happily,9.728338241577148
critical,1,unambiguous,long,object,nonfinal,10,10,splashed,8.90099623799324
critical,1,unambiguous,long,object,nonfinal,10,11,each,5.630875587463379
critical,1,unambiguous,long,object,nonfinal,10,12,other,0.0347226075828075
critical,1,unambiguous,long,object,nonfinal,10,13,with,2.718636989593506
critical,1,unambiguous,long,object,nonfinal,10,14,water.,5.337482929229736
critical,1,unambiguous,short,object,nonfinal,8,0,As,19.27421760559082
critical,1,unambiguous,short,object,nonfinal,8,1,the,2.6874070167541504
critical,1,unambiguous,short,object,nonfinal,8,2,lifeguard,20.09003734588623
critical,1,unambiguous,short,object,nonfinal,8,3,watched,8.39416790008545
critical,1,unambiguous,short,object,nonfinal,8,4,the,2.30175518989563
critical,1,unambiguous,short,object,nonfinal,8,5,pool,6.857963562011719
critical,1,unambiguous,short,object,nonfinal,8,6,the,8.374032974243164
critical,1,unambiguous,short,object,nonfinal,8,7,kids,8.776954650878906
critical,1,unambiguous,short,object,nonfinal,8,8,splashed,6.94440433382988
critical,1,unambiguous,short,object,nonfinal,8,9,each,5.899095058441162
critical,1,unambiguous,short,object,nonfinal,8,10,other,0.0307656321674585
critical,1,unambiguous,short,object,nonfinal,8,11,with,3.133065700531006
critical,1,unambiguous,short,object,nonfinal,8,12,water.,6.656305313110352
critical,2,ambiguous,long,comma,nonfinal,9,0,Because,20.8662052154541
critical,2,ambiguous,long,comma,nonfinal,9,1,the,3.200220823287964
critical,2,ambiguous,long,comma,nonfinal,9,2,suspect,13.4856538772583
critical,2,ambiguous,long,comma,nonfinal,9,3,changed,12.348745346069336
critical,2,ambiguous,long,comma,nonfinal,9,4,the,3.511141300201416
critical,2,ambiguous,long,comma,nonfinal,9,5,file,10.446436882019045
critical,2,ambiguous,long,comma,nonfinal,9,6,with,8.221322059631348
critical,2,ambiguous,long,comma,nonfinal,9,7,the,1.2526569366455078
critical,2,ambiguous,long,comma,nonfinal,9,8,evidence,11.136270523071287
critical,2,ambiguous,long,comma,nonfinal,9,9,needed,10.566591262817385
critical,2,ambiguous,long,comma,nonfinal,9,10,to,0.6812521815299988
critical,2,ambiguous,long,comma,nonfinal,9,11,be,4.4993896484375
critical,2,ambiguous,long,comma,nonfinal,9,12,updated.,19.01909208297729
critical,2,ambiguous,short,comma,nonfinal,6,0,Because,20.8662052154541
critical,2,ambiguous,short,comma,nonfinal,6,1,the,3.200220823287964
critical,2,ambiguous,short,comma,nonfinal,6,2,suspect,13.4856538772583
critical,2,ambiguous,short,comma,nonfinal,6,3,changed,12.348745346069336
critical,2,ambiguous,short,comma,nonfinal,6,4,the,3.511141300201416
critical,2,ambiguous,short,comma,nonfinal,6,5,file,10.446436882019045
critical,2,ambiguous,short,comma,nonfinal,6,6,needed,14.777701377868652
critical,2,ambiguous,short,comma,nonfinal,6,7,to,0.6382908821105957
critical,2,ambiguous,short,comma,nonfinal,6,8,be,3.903574228286743
critical,2,ambiguous,short,comma,nonfinal,6,9,updated.,12.172848224639893
critical,2,unambiguous,long,comma,nonfinal,9,0,Because,20.8662052154541
critical,2,unambiguous,long,comma,nonfinal,9,1,the,3.200220823287964
critical,2,unambiguous,long,comma,nonfinal,9,2,suspect,13.4856538772583
critical,2,unambiguous,long,comma,nonfinal,9,3,"changed,",20.54699420928955
critical,2,unambiguous,long,comma,nonfinal,9,4,the,2.2210912704467773
critical,2,unambiguous,long,comma,nonfinal,9,5,file,11.244943618774414
critical,2,unambiguous,long,comma,nonfinal,9,6,with,8.2581205368042
critical,2,unambiguous,long,comma,nonfinal,9,7,the,1.038413405418396
critical,2,unambiguous,long,comma,nonfinal,9,8,evidence,7.214311122894287
critical,2,unambiguous,long,comma,nonfinal,9,9,needed,7.026258945465088
critical,2,unambiguous,long,comma,nonfinal,9,10,to,0.3727428019046783
critical,2,unambiguous,long,comma,nonfinal,9,11,be,6.071103096008301
critical,2,unambiguous,long,comma,nonfinal,9,12,updated.,5.608200013637543
critical,2,unambiguous,short,comma,nonfinal,6,0,Because,20.8662052154541
critical,2,unambiguous,short,comma,nonfinal,6,1,the,3.200220823287964
critical,2,unambiguous,short,comma,nonfinal,6,2,suspect,13.4856538772583
critical,2,unambiguous,short,comma,nonfinal,6,3,"changed,",20.54699420928955
critical,2,unambiguous,short,comma,nonfinal,6,4,the,2.2210912704467773
critical,2,unambiguous,short,comma,nonfinal,6,5,file,11.244943618774414
critical,2,unambiguous,short,comma,nonfinal,6,6,needed,8.113960266113281
critical,2,unambiguous,short,comma,nonfinal,6,7,to,0.3657259345054626
critical,2,unambiguous,short,comma,nonfinal,6,8,be,0.2222635000944137
critical,2,unambiguous,short,comma,nonfinal,6,9,updated.,4.321841478347778
critical,3,ambiguous,long,object,nonfinal,11,0,While,20.730052947998047
critical,3,ambiguous,long,object,nonfinal,11,1,the,2.4466512203216557
critical,3,ambiguous,long,object,nonfinal,11,2,new,7.571244716644287
critical,3,ambiguous,long,object,nonfinal,11,3,chef,15.794044494628906
critical,3,ambiguous,long,object,nonfinal,11,4,cooked,13.28996753692627
critical,3,ambiguous,long,object,nonfinal,11,5,the,3.4521374702453613
critical,3,ambiguous,long,object,nonfinal,11,6,stew,10.5716552734375
critical,3,ambiguous,long,object,nonfinal,11,7,with,5.167627334594727
critical,3,ambiguous,long,object,nonfinal,11,8,lamb,7.513692378997803
critical,3,ambiguous,long,object,nonfinal,11,9,and,2.152034044265747
critical,3,ambiguous,long,object,nonfinal,11,10,vegetables,4.2242350578308105
critical,3,ambiguous,long,object,nonfinal,11,11,boiled,13.959372520446776
critical,3,ambiguous,long,object,nonfinal,11,12,over.,16.846137046813965
critical,3,ambiguous,short,object,nonfinal,7,0,While,20.730052947998047
critical,3,ambiguous,short,object,nonfinal,7,1,the,2.4466512203216557
critical,3,ambiguous,short,object,nonfinal,7,2,new,7.571244716644287
critical,3,ambiguous,short,object,nonfinal,7,3,chef,15.794044494628906
critical,3,ambiguous,short,object,nonfinal,7,4,cooked,13.28996753692627
critical,3,ambiguous,short,object,nonfinal,7,5,the,3.4521374702453613
critical,3,ambiguous,short,object,nonfinal,7,6,stew,10.5716552734375
critical,3,ambiguous,short,object,nonfinal,7,7,boiled,17.321510314941406
critical,3,ambiguous,short,object,nonfinal,7,8,over.,15.981960773468018
critical,3,unambiguous,long,object,nonfinal,13,0,While,20.730052947998047
critical,3,unambiguous,long,object,nonfinal,13,1,the,2.4466512203216557
critical,3,unambiguous,long,object,nonfinal,13,2,new,7.571244716644287
critical,3,unambiguous,long,object,nonfinal,13,3,chef,15.794044494628906
critical,3,unambiguous,long,object,nonfinal,13,4,cooked,13.28996753692627
critical,3,unambiguous,long,object,nonfinal,13,5,the,3.4521374702453613
critical,3,unambiguous,long,object,nonfinal,13,6,appetizers,10.13865315914154
critical,3,unambiguous,long,object,nonfinal,13,7,the,7.572353363037109
critical,3,unambiguous,long,object,nonfinal,13,8,stew,14.260437965393066
critical,3,unambiguous,long,object,nonfinal,13,9,with,8.575706481933594
critical,3,unambiguous,long,object,nonfinal,13,10,lamb,7.783605098724365
critical,3,unambiguous,long,object,nonfinal,13,11,and,1.8734675645828247
critical,3,unambiguous,long,object,nonfinal,13,12,vegetables,4.204636096954346
critical,3,unambiguous,long,object,nonfinal,13,13,boiled,11.415189743041992
critical,3,unambiguous,long,object,nonfinal,13,14,over.,13.743317127227783
critical,3,unambiguous,short,object,nonfinal,9,0,While,20.730052947998047
critical,3,unambiguous,short,object,nonfinal,9,1,the,2.4466512203216557
critical,3,unambiguous,short,object,nonfinal,9,2,new,7.571244716644287
critical,3,unambiguous,short,object,nonfinal,9,3,chef,15.794044494628906
critical,3,unambiguous,short,object,nonfinal,9,4,cooked,13.28996753692627
critical,3,unambiguous,short,object,nonfinal,9,5,the,3.4521374702453613
critical,3,unambiguous,short,object,nonfinal,9,6,appetizers,10.13865315914154
critical,3,unambiguous,short,object,nonfinal,9,7,the,7.572353363037109
critical,3,unambiguous,short,object,nonfinal,9,8,stew,14.260437965393066
critical,3,unambiguous,short,object,nonfinal,9,9,boiled,11.87702178955078
critical,3,unambiguous,short,object,nonfinal,9,10,over.,5.612461090087891
critical,4,ambiguous,long,comma,nonfinal,8,0,As,19.27421760559082
critical,4,ambiguous,long,comma,nonfinal,8,1,the,2.6874070167541504
critical,4,ambiguous,long,comma,nonfinal,8,2,child,11.550172805786133
critical,4,ambiguous,long,comma,nonfinal,8,3,showered,27.33436393737793
critical,4,ambiguous,long,comma,nonfinal,8,4,the,4.676284790039063
critical,4,ambiguous,long,comma,nonfinal,8,5,cat,8.349000930786133
critical,4,ambiguous,long,comma,nonfinal,8,6,complaining,20.296974182128903
critical,4,ambiguous,long,comma,nonfinal,8,7,loudly,6.644925117492676
critical,4,ambiguous,long,comma,nonfinal,8,8,ran,16.02773094177246
critical,4,ambiguous,long,comma,nonfinal,8,9,around,6.475144863128662
critical,4,ambiguous,long,comma,nonfinal,8,10,the,0.8183993697166443
critical,4,ambiguous,long,comma,nonfinal,8,11,room.,4.002378940582275
critical,4,ambiguous,short,comma,nonfinal,6,0,As,19.27421760559082
critical,4,ambiguous,short,comma,nonfinal,6,1,the,2.6874070167541504
critical,4,ambiguous,short,comma,nonfinal,6,2,child,11.550172805786133
critical,4,ambiguous,short,comma,nonfinal,6,3,showered,27.33436393737793
critical,4,ambiguous,short,comma,nonfinal,6,4,the,4.676284790039063
critical,4,ambiguous,short,comma,nonfinal,6,5,cat,8.349000930786133
critical,4,ambiguous,short,comma,nonfinal,6,6,ran,16.28445053100586
critical,4,ambiguous,short,comma,nonfinal,6,7,around,3.6724019050598153
critical,4,ambiguous,short,comma,nonfinal,6,8,the,1.0851430892944336
critical,4,ambiguous,short,comma,nonfinal,6,9,room.,5.255092144012451
critical,4,unambiguous,long,comma,nonfinal,8,0,As,19.27421760559082
critical,4,unambiguous,long,comma,nonfinal,8,1,the,2.6874070167541504
critical,4,unambiguous,long,comma,nonfinal,8,2,child,11.550172805786133
critical,4,unambiguous,long,comma,nonfinal,8,3,"showered,",29.445653200149536
critical,4,unambiguous,long,comma,nonfinal,8,4,the,2.3007700443267822
critical,4,unambiguous,long,comma,nonfinal,8,5,cat,7.013606548309326
critical,4,unambiguous,long,comma,nonfinal,8,6,complaining,20.48827743530273
critical,4,unambiguous,long,comma,nonfinal,8,7,loudly,4.9183268547058105
critical,4,unambiguous,long,comma,nonfinal,8,8,ran,8.660069465637207
critical,4,unambiguous,long,comma,nonfinal,8,9,around,4.566250801086426
critical,4,unambiguous,long,comma,nonfinal,8,10,the,0.5578415393829346
critical,4,unambiguous,long,comma,nonfinal,8,11,room.,2.9574164152145386
critical,4,unambiguous,short,comma,nonfinal,6,0,As,19.27421760559082
critical,4,unambiguous,short,comma,nonfinal,6,1,the,2.6874070167541504
critical,4,unambiguous,short,comma,nonfinal,6,2,child,11.550172805786133
critical,4,unambiguous,short,comma,nonfinal,6,3,"showered,",29.445653200149536
critical,4,unambiguous,short,comma,nonfinal,6,4,the,2.3007700443267822
critical,4,unambiguous,short,comma,nonfinal,6,5,cat,7.013606548309326
critical,4,unambiguous,short,comma,nonfinal,6,6,ran,6.507246971130371
critical,4,unambiguous,short,comma,nonfinal,6,7,around,2.890469789505005
critical,4,unambiguous,short,comma,nonfinal,6,8,the,0.9789679050445556
critical,4,unambiguous,short,comma,nonfinal,6,9,room.,4.288186550140381
critical,5,ambiguous,long,comma,final,9,0,When,19.626379013061523
critical,5,ambiguous,long,comma,final,9,1,the,3.305397748947144
critical,5,ambiguous,long,comma,final,9,2,family,9.596137046813965
critical,5,ambiguous,long,comma,final,9,3,moved,5.297348976135254
critical,5,ambiguous,long,comma,final,9,4,the,9.028783798217772
critical,5,ambiguous,long,comma,final,9,5,vases,17.82969331741333
critical,5,ambiguous,long,comma,final,9,6,made,10.3639554977417
critical,5,ambiguous,long,comma,final,9,7,of,2.35532021522522
critical,5,ambiguous,long,comma,final,9,8,porcelain,6.924906203057617
critical,5,ambiguous,long,comma,final,9,9,broke.,17.158889055252075
critical,5,ambiguous,short,comma,final,6,0,When,19.626379013061523
critical,5,ambiguous,short,comma,final,6,1,the,3.305397748947144
critical,5,ambiguous,short,comma,final,6,2,family,9.596137046813965
critical,5,ambiguous,short,comma,final,6,3,moved,5.297348976135254
critical,5,ambiguous,short,comma,final,6,4,the,9.028783798217772
critical,5,ambiguous,short,comma,final,6,5,vases,17.82969331741333
critical,5,ambiguous,short,comma,final,6,6,broke.,14.701924324035645
critical,5,unambiguous,long,comma,final,9,0,When,19.626379013061523
critical,5,unambiguous,long,comma,final,9,1,the,3.305397748947144
critical,5,unambiguous,long,comma,final,9,2,family,9.596137046813965
critical,5,unambiguous,long,comma,final,9,3,"moved,",12.298641681671144
critical,5,unambiguous,long,comma,final,9,4,the,2.818305730819702
critical,5,unambiguous,long,comma,final,9,5,vases,17.31881856918335
critical,5,unambiguous,long,comma,final,9,6,made,8.74708080291748
critical,5,unambiguous,long,comma,final,9,7,of,2.829554796218872
critical,5,unambiguous,long,comma,final,9,8,porcelain,7.290700966725126
critical,5,unambiguous,long,comma,final,9,9,broke.,11.958718299865724
critical,5,unambiguous,short,comma,final,6,0,When,19.626379013061523
critical,5,unambiguous,short,comma,final,6,1,the,3.305397748947144
critical,5,unambiguous,short,comma,final,6,2,family,9.596137046813965
critical,5,unambiguous,short,comma,final,6,3,"moved,",12.298641681671144
critical,5,unambiguous,short,comma,final,6,4,the,2.818305730819702
critical,5,unambiguous,short,comma,final,6,5,vases,17.31881856918335
critical,5,unambiguous,short,comma,final,6,6,broke.,10.333824038505554
critical,6,ambiguous,long,comma,nonfinal,10,0,After,20.82152938842773
critical,6,ambiguous,long,comma,nonfinal,10,1,the,3.3860509395599365
critical,6,ambiguous,long,comma,nonfinal,10,2,new,8.901023864746094
critical,6,ambiguous,long,comma,nonfinal,10,3,doctor,14.147172927856444
critical,6,ambiguous,long,comma,nonfinal,10,4,left,6.478391170501709
critical,6,ambiguous,long,comma,nonfinal,10,5,the,1.9978811740875244
critical,6,ambiguous,long,comma,nonfinal,10,6,operation,9.16493320465088
critical,6,ambiguous,long,comma,nonfinal,10,7,on,7.243984699249268
critical,6,ambiguous,long,comma,nonfinal,10,8,the,1.9577473402023315
critical,6,ambiguous,long,comma,nonfinal,10,9,brain,9.115056037902832
critical,6,ambiguous,long,comma,nonfinal,10,10,appeared,17.554452896118164
critical,6,ambiguous,long,comma,nonfinal,10,11,more,6.9192609786987305
critical,6,ambiguous,long,comma,nonfinal,10,12,likely,8.453885078430176
critical,6,ambiguous,long,comma,nonfinal,10,13,to,1.8523178100585935
critical,6,ambiguous,long,comma,nonfinal,10,14,succeed.,6.59516453742981
critical,6,ambiguous,short,comma,nonfinal,7,0,After,20.82152938842773
critical,6,ambiguous,short,comma,nonfinal,7,1,the,3.3860509395599365
critical,6,ambiguous,short,comma,nonfinal,7,2,new,8.901023864746094
critical,6,ambiguous,short,comma,nonfinal,7,3,doctor,14.147172927856444
critical,6,ambiguous,short,comma,nonfinal,7,4,left,6.478391170501709
critical,6,ambiguous,short,comma,nonfinal,7,5,the,1.9978811740875244
critical,6,ambiguous,short,comma,nonfinal,7,6,operation,9.16493320465088
critical,6,ambiguous,short,comma,nonfinal,7,7,appeared,19.30464553833008
critical,6,ambiguous,short,comma,nonfinal,7,8,more,7.287580966949463
critical,6,ambiguous,short,comma,nonfinal,7,9,likely,7.869381427764893
critical,6,ambiguous,short,comma,nonfinal,7,10,to,2.04778790473938
critical,6,ambiguous,short,comma,nonfinal,7,11,succeed.,3.742110013961792
critical,6,unambiguous,long,comma,nonfinal,10,0,After,20.82152938842773
critical,6,unambiguous,long,comma,nonfinal,10,1,the,3.3860509395599365
critical,6,unambiguous,long,comma,nonfinal,10,2,new,8.901023864746094
critical,6,unambiguous,long,comma,nonfinal,10,3,doctor,14.147172927856444
critical,6,unambiguous,long,comma,nonfinal,10,4,"left,",8.21205747127533
critical,6,unambiguous,long,comma,nonfinal,10,5,the,2.2718989849090576
critical,6,unambiguous,long,comma,nonfinal,10,6,operation,11.53386402130127
critical,6,unambiguous,long,comma,nonfinal,10,7,on,7.205841064453125
critical,6,unambiguous,long,comma,nonfinal,10,8,the,1.3429629802703855
critical,6,unambiguous,long,comma,nonfinal,10,9,brain,7.864357471466064
critical,6,unambiguous,long,comma,nonfinal,10,10,appeared,11.271073341369627
critical,6,unambiguous,long,comma,nonfinal,10,11,more,6.959630012512207
critical,6,unambiguous,long,comma,nonfinal,10,12,likely,8.790769577026367
critical,6,unambiguous,long,comma,nonfinal,10,13,to,1.3922834396362305
critical,6,unambiguous,long,comma,nonfinal,10,14,succeed.,2.260938882827759
critical,6,unambiguous,short,comma,nonfinal,7,0,After,20.82152938842773
critical,6,unambiguous,short,comma,nonfinal,7,1,the,3.3860509395599365
critical,6,unambiguous,short,comma,nonfinal,7,2,new,8.901023864746094
critical,6,unambiguous,short,comma,nonfinal,7,3,doctor,14.147172927856444
critical,6,unambiguous,short,comma,nonfinal,7,4,"left,",8.21205747127533
critical,6,unambiguous,short,comma,nonfinal,7,5,the,2.2718989849090576
critical,6,unambiguous,short,comma,nonfinal,7,6,operation,11.53386402130127
critical,6,unambiguous,short,comma,nonfinal,7,7,appeared,11.944421768188477
critical,6,unambiguous,short,comma,nonfinal,7,8,more,7.425859451293945
critical,6,unambiguous,short,comma,nonfinal,7,9,likely,7.682738780975342
critical,6,unambiguous,short,comma,nonfinal,7,10,to,0.902717649936676
critical,6,unambiguous,short,comma,nonfinal,7,11,succeed.,3.024962961673737
critical,7,ambiguous,long,comma,final,8,0,While,20.730052947998047
critical,7,ambiguous,long,comma,final,8,1,the,2.4466512203216557
critical,7,ambiguous,long,comma,final,8,2,mom,15.969734191894531
critical,7,ambiguous,long,comma,final,8,3,dressed,12.015633583068848
critical,7,ambiguous,long,comma,final,8,4,the,5.741264343261719
critical,7,ambiguous,long,comma,final,8,5,baby,2.246861219406128
critical,7,ambiguous,long,comma,final,8,6,she,8.452409744262695
critical,7,ambiguous,long,comma,final,8,7,adored,12.139515459537506
critical,7,ambiguous,long,comma,final,8,8,cried.,21.352515697479248
critical,7,ambiguous,short,comma,final,6,0,While,20.730052947998047
critical,7,ambiguous,short,comma,final,6,1,the,2.4466512203216557
critical,7,ambiguous,short,comma,final,6,2,mom,15.969734191894531
critical,7,ambiguous,short,comma,final,6,3,dressed,12.015633583068848
critical,7,ambiguous,short,comma,final,6,4,the,5.741264343261719
critical,7,ambiguous,short,comma,final,6,5,baby,2.246861219406128
critical,7,ambiguous,short,comma,final,6,6,cried.,20.25998997688293
critical,7,unambiguous,long,comma,final,8,0,While,20.730052947998047
critical,7,unambiguous,long,comma,final,8,1,the,2.4466512203216557
critical,7,unambiguous,long,comma,final,8,2,mom,15.969734191894531
critical,7,unambiguous,long,comma,final,8,3,"dressed,",19.20827341079712
critical,7,unambiguous,long,comma,final,8,4,the,1.536469578742981
critical,7,unambiguous,long,comma,final,8,5,baby,3.818873405456543
critical,7,unambiguous,long,comma,final,8,6,she,10.663762092590332
critical,7,unambiguous,long,comma,final,8,7,adored,10.68301486968994
critical,7,unambiguous,long,comma,final,8,8,cried.,7.683579206466675
critical,7,unambiguous,short,comma,final,6,0,While,20.730052947998047
critical,7,unambiguous,short,comma,final,6,1,the,2.4466512203216557
critical,7,unambiguous,short,comma,final,6,2,mom,15.969734191894531
critical,7,unambiguous,short,comma,final,6,3,"dressed,",19.20827341079712
critical,7,unambiguous,short,comma,final,6,4,the,1.536469578742981
critical,7,unambiguous,short,comma,final,6,5,baby,3.818873405456543
critical,7,unambiguous,short,comma,final,6,6,cried.,6.783671259880066
critical,8,ambiguous,long,comma,nonfinal,9,0,As,19.27421760559082
critical,8,ambiguous,long,comma,nonfinal,9,1,the,2.6874070167541504
critical,8,ambiguous,long,comma,nonfinal,9,2,crowd,11.21498203277588
critical,8,ambiguous,long,comma,nonfinal,9,3,applauded,8.735684394836426
critical,8,ambiguous,long,comma,nonfinal,9,4,the,3.295836925506592
critical,8,ambiguous,long,comma,nonfinal,9,5,cast,11.158408164978027
critical,8,ambiguous,long,comma,nonfinal,9,6,for,5.529449939727783
critical,8,ambiguous,long,comma,nonfinal,9,7,the,3.972749710083008
critical,8,ambiguous,long,comma,nonfinal,9,8,play,7.967108726501465
critical,8,ambiguous,long,comma,nonfinal,9,9,came,13.780105590820312
critical,8,ambiguous,long,comma,nonfinal,9,10,back,5.755532741546631
critical,8,ambiguous,long,comma,nonfinal,9,11,on,3.958183526992798
critical,8,ambiguous,long,comma,nonfinal,9,12,stage,0.7406756281852722
critical,8,ambiguous,long,comma,nonfinal,9,13,and,1.9384453296661377
critical,8,ambiguous,long,comma,nonfinal,9,14,waived.,25.472126960754395
critical,8,ambiguous,short,comma,nonfinal,6,0,As,19.27421760559082
critical,8,ambiguous,short,comma,nonfinal,6,1,the,2.6874070167541504
critical,8,ambiguous,short,comma,nonfinal,6,2,crowd,11.21498203277588
critical,8,ambiguous,short,comma,nonfinal,6,3,applauded,8.735684394836426
critical,8,ambiguous,short,comma,nonfinal,6,4,the,3.295836925506592
critical,8,ambiguous,short,comma,nonfinal,6,5,cast,11.158408164978027
critical,8,ambiguous,short,comma,nonfinal,6,6,came,15.479743003845217
critical,8,ambiguous,short,comma,nonfinal,6,7,back,4.5616774559021
critical,8,ambiguous,short,comma,nonfinal,6,8,on,2.5421154499053955
critical,8,ambiguous,short,comma,nonfinal,6,9,stage,0.4260835647583008
critical,8,ambiguous,short,comma,nonfinal,6,10,and,1.5976252555847168
critical,8,ambiguous,short,comma,nonfinal,6,11,waived.,24.63513469696045
critical,8,unambiguous,long,comma,nonfinal,9,0,As,19.27421760559082
critical,8,unambiguous,long,comma,nonfinal,9,1,the,2.6874070167541504
critical,8,unambiguous,long,comma,nonfinal,9,2,crowd,11.21498203277588
critical,8,unambiguous,long,comma,nonfinal,9,3,"applauded,",9.991562247276306
critical,8,unambiguous,long,comma,nonfinal,9,4,the,2.646151304244995
critical,8,unambiguous,long,comma,nonfinal,9,5,cast,10.464570999145508
critical,8,unambiguous,long,comma,nonfinal,9,6,for,9.73651123046875
critical,8,unambiguous,long,comma,nonfinal,9,7,the,1.4641804695129397
critical,8,unambiguous,long,comma,nonfinal,9,8,play,8.666932106018066
critical,8,unambiguous,long,comma,nonfinal,9,9,came,6.481281280517578
critical,8,unambiguous,long,comma,nonfinal,9,10,back,6.684731960296631
critical,8,unambiguous,long,comma,nonfinal,9,11,on,2.709162950515747
critical,8,unambiguous,long,comma,nonfinal,9,12,stage,0.2740151286125183
critical,8,unambiguous,long,comma,nonfinal,9,13,and,2.4729344844818115
critical,8,unambiguous,long,comma,nonfinal,9,14,waived.,23.69255828857422
critical,8,unambiguous,short,comma,nonfinal,6,0,As,19.27421760559082
critical,8,unambiguous,short,comma,nonfinal,6,1,the,2.6874070167541504
critical,8,unambiguous,short,comma,nonfinal,6,2,crowd,11.21498203277588
critical,8,unambiguous,short,comma,nonfinal,6,3,"applauded,",9.991562247276306
critical,8,unambiguous,short,comma,nonfinal,6,4,the,2.646151304244995
critical,8,unambiguous,short,comma,nonfinal,6,5,cast,10.464570999145508
critical,8,unambiguous,short,comma,nonfinal,6,6,came,8.481049537658691
critical,8,unambiguous,short,comma,nonfinal,6,7,back,4.705468654632568
critical,8,unambiguous,short,comma,nonfinal,6,8,on,3.08412504196167
critical,8,unambiguous,short,comma,nonfinal,6,9,stage,0.4211263358592987
critical,8,unambiguous,short,comma,nonfinal,6,10,and,1.7952264547348022
critical,8,unambiguous,short,comma,nonfinal,6,11,waived.,23.818225383758545
critical,9,ambiguous,long,object,nonfinal,8,0,Because,20.8662052154541
critical,9,ambiguous,long,object,nonfinal,8,1,the,3.200220823287964
critical,9,ambiguous,long,object,nonfinal,8,2,mechanic,15.550143241882324
critical,9,ambiguous,long,object,nonfinal,8,3,stopped,12.992207527160645
critical,9,ambiguous,long,object,nonfinal,8,4,the,4.85629415512085
critical,9,ambiguous,long,object,nonfinal,8,5,truck,7.535165786743164
critical,9,ambiguous,long,object,nonfinal,8,6,leaking,17.533824920654297
critical,9,ambiguous,long,object,nonfinal,8,7,oil,3.1294968128204346
critical,9,ambiguous,long,object,nonfinal,8,8,needed,17.425153732299805
critical,9,ambiguous,long,object,nonfinal,8,9,several,13.482173919677734
critical,9,ambiguous,long,object,nonfinal,8,10,more,5.059375762939453
critical,9,ambiguous,long,object,nonfinal,8,11,hours,3.164833068847656
critical,9,ambiguous,long,object,nonfinal,8,12,before,5.759173393249512
critical,9,ambiguous,long,object,nonfinal,8,13,it,2.191631317138672
critical,9,ambiguous,long,object,nonfinal,8,14,was,1.393082857131958
critical,9,ambiguous,long,object,nonfinal,8,15,ready.,8.193524360656738
critical,9,ambiguous,short,object,nonfinal,6,0,Because,20.8662052154541
critical,9,ambiguous,short,object,nonfinal,6,1,the,3.200220823287964
critical,9,ambiguous,short,object,nonfinal,6,2,mechanic,15.550143241882324
critical,9,ambiguous,short,object,nonfinal,6,3,stopped,12.992207527160645
critical,9,ambiguous,short,object,nonfinal,6,4,the,4.85629415512085
critical,9,ambiguous,short,object,nonfinal,6,5,truck,7.535165786743164
critical,9,ambiguous,short,object,nonfinal,6,6,needed,16.27601432800293
critical,9,ambiguous,short,object,nonfinal,6,7,several,11.555829048156738
critical,9,ambiguous,short,object,nonfinal,6,8,more,5.691164493560791
critical,9,ambiguous,short,object,nonfinal,6,9,hours,2.121612310409546
critical,9,ambiguous,short,object,nonfinal,6,10,before,5.841843605041504
critical,9,ambiguous,short,object,nonfinal,6,11,it,1.4576658010482788
critical,9,ambiguous,short,object,nonfinal,6,12,was,1.656997799873352
critical,9,ambiguous,short,object,nonfinal,6,13,ready.,5.235889434814453
critical,9,unambiguous,long,object,nonfinal,10,0,Because,20.8662052154541
critical,9,unambiguous,long,object,nonfinal,10,1,the,3.200220823287964
critical,9,unambiguous,long,object,nonfinal,10,2,mechanic,15.550143241882324
critical,9,unambiguous,long,object,nonfinal,10,3,stopped,12.992207527160645
critical,9,unambiguous,long,object,nonfinal,10,4,the,4.85629415512085
critical,9,unambiguous,long,object,nonfinal,10,5,repairs,13.854098320007324
critical,9,unambiguous,long,object,nonfinal,10,6,the,7.349173545837402
critical,9,unambiguous,long,object,nonfinal,10,7,truck,8.082100868225098
critical,9,unambiguous,long,object,nonfinal,10,8,leaking,17.87494468688965
critical,9,unambiguous,long,object,nonfinal,10,9,oil,2.8247063159942627
critical,9,unambiguous,long,object,nonfinal,10,10,needed,11.521368026733398
critical,9,unambiguous,long,object,nonfinal,10,11,several,8.847223281860352
critical,9,unambiguous,long,object,nonfinal,10,12,more,3.6394431591033936
critical,9,unambiguous,long,object,nonfinal,10,13,hours,3.124768018722534
critical,9,unambiguous,long,object,nonfinal,10,14,before,4.978172779083252
critical,9,unambiguous,long,object,nonfinal,10,15,it,1.359829664230347
critical,9,unambiguous,long,object,nonfinal,10,16,was,1.136110544204712
critical,9,unambiguous,long,object,nonfinal,10,17,ready.,7.420938491821289
critical,9,unambiguous,short,object,nonfinal,8,0,Because,20.8662052154541
critical,9,unambiguous,short,object,nonfinal,8,1,the,3.200220823287964
critical,9,unambiguous,short,object,nonfinal,8,2,mechanic,15.550143241882324
critical,9,unambiguous,short,object,nonfinal,8,3,stopped,12.992207527160645
critical,9,unambiguous,short,object,nonfinal,8,4,the,4.85629415512085
critical,9,unambiguous,short,object,nonfinal,8,5,repairs,13.854098320007324
critical,9,unambiguous,short,object,nonfinal,8,6,the,7.349173545837402
critical,9,unambiguous,short,object,nonfinal,8,7,truck,8.082100868225098
critical,9,unambiguous,short,object,nonfinal,8,8,needed,6.677237987518311
critical,9,unambiguous,short,object,nonfinal,8,9,several,9.410213470458984
critical,9,unambiguous,short,object,nonfinal,8,10,more,5.5767741203308105
critical,9,unambiguous,short,object,nonfinal,8,11,hours,2.981155633926392
critical,9,unambiguous,short,object,nonfinal,8,12,before,5.129405975341797
critical,9,unambiguous,short,object,nonfinal,8,13,it,1.2085262537002563
critical,9,unambiguous,short,object,nonfinal,8,14,was,1.523570895195007
critical,9,unambiguous,short,object,nonfinal,8,15,ready.,5.523378372192383
critical,10,ambiguous,long,comma,nonfinal,8,0,When,19.626379013061523
critical,10,ambiguous,long,comma,nonfinal,8,1,the,3.305397748947144
critical,10,ambiguous,long,comma,nonfinal,8,2,boy,11.454848289489746
critical,10,ambiguous,long,comma,nonfinal,8,3,hid,12.290975570678713
critical,10,ambiguous,long,comma,nonfinal,8,4,his,2.1915032863616943
critical,10,ambiguous,long,comma,nonfinal,8,5,toy,7.999833583831787
critical,10,ambiguous,long,comma,nonfinal,8,6,from,5.90288782119751
critical,10,ambiguous,long,comma,nonfinal,8,7,childhood,13.27151584625244
critical,10,ambiguous,long,comma,nonfinal,8,8,fell,14.81944751739502
critical,10,ambiguous,long,comma,nonfinal,8,9,off,6.984362602233887
critical,10,ambiguous,long,comma,nonfinal,8,10,the,1.238709807395935
critical,10,ambiguous,long,comma,nonfinal,8,11,table.,5.778749227523804
critical,10,ambiguous,short,comma,nonfinal,6,0,When,19.626379013061523
critical,10,ambiguous,short,comma,nonfinal,6,1,the,3.305397748947144
critical,10,ambiguous,short,comma,nonfinal,6,2,boy,11.454848289489746
critical,10,ambiguous,short,comma,nonfinal,6,3,hid,12.290975570678713
critical,10,ambiguous,short,comma,nonfinal,6,4,his,2.1915032863616943
critical,10,ambiguous,short,comma,nonfinal,6,5,toy,7.999833583831787
critical,10,ambiguous,short,comma,nonfinal,6,6,fell,15.23416805267334
critical,10,ambiguous,short,comma,nonfinal,6,7,off,7.486457824707031
critical,10,ambiguous,short,comma,nonfinal,6,8,the,1.1008224487304688
critical,10,ambiguous,short,comma,nonfinal,6,9,table.,4.93409538269043
critical,10,unambiguous,long,comma,nonfinal,8,0,When,19.626379013061523
critical,10,unambiguous,long,comma,nonfinal,8,1,the,3.305397748947144
critical,10,unambiguous,long,comma,nonfinal,8,2,boy,11.454848289489746
critical,10,unambiguous,long,comma,nonfinal,8,3,"hid,",18.26225852966309
critical,10,unambiguous,long,comma,nonfinal,8,4,his,3.430798053741455
critical,10,unambiguous,long,comma,nonfinal,8,5,toy,12.161733627319336
critical,10,unambiguous,long,comma,nonfinal,8,6,from,11.070356369018556
critical,10,unambiguous,long,comma,nonfinal,8,7,childhood,6.198971748352051
critical,10,unambiguous,long,comma,nonfinal,8,8,fell,7.369251728057861
critical,10,unambiguous,long,comma,nonfinal,8,9,off,4.8780293464660645
critical,10,unambiguous,long,comma,nonfinal,8,10,the,1.3280748128890991
critical,10,unambiguous,long,comma,nonfinal,8,11,table.,3.763278841972351
critical,10,unambiguous,short,comma,nonfinal,6,0,When,19.626379013061523
critical,10,unambiguous,short,comma,nonfinal,6,1,the,3.305397748947144
critical,10,unambiguous,short,comma,nonfinal,6,2,boy,11.454848289489746
critical,10,unambiguous,short,comma,nonfinal,6,3,"hid,",18.26225852966309
critical,10,unambiguous,short,comma,nonfinal,6,4,his,3.430798053741455
critical,10,unambiguous,short,comma,nonfinal,6,5,toy,12.161733627319336
critical,10,unambiguous,short,comma,nonfinal,6,6,fell,8.469527244567871
critical,10,unambiguous,short,comma,nonfinal,6,7,off,4.103657245635986
critical,10,unambiguous,short,comma,nonfinal,6,8,the,1.217686653137207
critical,10,unambiguous,short,comma,nonfinal,6,9,table.,3.6774884462356567
critical,11,ambiguous,long,comma,final,12,0,Whenever,23.47001266479492
critical,11,ambiguous,long,comma,final,12,1,the,4.052472114562988
critical,11,ambiguous,long,comma,final,12,2,wildlife,15.699461936950684
critical,11,ambiguous,long,comma,final,12,3,documentary,10.268357276916504
critical,11,ambiguous,long,comma,final,12,4,crew,6.567072868347168
critical,11,ambiguous,long,comma,final,12,5,tries,7.912367343902588
critical,11,ambiguous,long,comma,final,12,6,to,0.0455134883522987
critical,11,ambiguous,long,comma,final,12,7,film,3.371739149093628
critical,11,ambiguous,long,comma,final,12,8,the,3.3128466606140137
critical,11,ambiguous,long,comma,final,12,9,bear,8.798643112182617
critical,11,ambiguous,long,comma,final,12,10,hunting,7.7233967781066895
critical,11,ambiguous,long,comma,final,12,11,cautiously,20.090606689453125
critical,11,ambiguous,long,comma,final,12,12,leaves.,24.873310089111328
critical,11,ambiguous,short,comma,final,10,0,Whenever,23.47001266479492
critical,11,ambiguous,short,comma,final,10,1,the,4.052472114562988
critical,11,ambiguous,short,comma,final,10,2,wildlife,15.699461936950684
critical,11,ambiguous,short,comma,final,10,3,documentary,10.268357276916504
critical,11,ambiguous,short,comma,final,10,4,crew,6.567072868347168
critical,11,ambiguous,short,comma,final,10,5,tries,7.912367343902588
critical,11,ambiguous,short,comma,final,10,6,to,0.0455134883522987
critical,11,ambiguous,short,comma,final,10,7,film,3.371739149093628
critical,11,ambiguous,short,comma,final,10,8,the,3.3128466606140137
critical,11,ambiguous,short,comma,final,10,9,bear,8.798643112182617
critical,11,ambiguous,short,comma,final,10,10,leaves.,23.54837417602539
critical,11,unambiguous,long,comma,final,12,0,Whenever,23.47001266479492
critical,11,unambiguous,long,comma,final,12,1,the,4.052472114562988
critical,11,unambiguous,long,comma,final,12,2,wildlife,15.699461936950684
critical,11,unambiguous,long,comma,final,12,3,documentary,10.268357276916504
critical,11,unambiguous,long,comma,final,12,4,crew,6.567072868347168
critical,11,unambiguous,long,comma,final,12,5,tries,7.912367343902588
critical,11,unambiguous,long,comma,final,12,6,to,0.0455134883522987
critical,11,unambiguous,long,comma,final,12,7,"film,",10.890135526657104
critical,11,unambiguous,long,comma,final,12,8,the,3.196893215179444
critical,11,unambiguous,long,comma,final,12,9,bear,8.500716209411621
critical,11,unambiguous,long,comma,final,12,10,hunting,12.741446495056152
critical,11,unambiguous,long,comma,final,12,11,cautiously,20.108510971069336
critical,11,unambiguous,long,comma,final,12,12,leaves.,14.802854061126707
critical,11,unambiguous,short,comma,final,10,0,Whenever,23.47001266479492
critical,11,unambiguous,short,comma,final,10,1,the,4.052472114562988
critical,11,unambiguous,short,comma,final,10,2,wildlife,15.699461936950684
critical,11,unambiguous,short,comma,final,10,3,documentary,10.268357276916504
critical,11,unambiguous,short,comma,final,10,4,crew,6.567072868347168
critical,11,unambiguous,short,comma,final,10,5,tries,7.912367343902588
critical,11,unambiguous,short,comma,final,10,6,to,0.0455134883522987
critical,11,unambiguous,short,comma,final,10,7,"film,",10.890135526657104
critical,11,unambiguous,short,comma,final,10,8,the,3.196893215179444
critical,11,unambiguous,short,comma,final,10,9,bear,8.500716209411621
critical,11,unambiguous,short,comma,final,10,10,leaves.,13.262152194976808
critical,12,ambiguous,long,object,nonfinal,9,0,After,20.82152938842773
critical,12,ambiguous,long,object,nonfinal,9,1,the,3.3860509395599365
critical,12,ambiguous,long,object,nonfinal,9,2,tutor,20.335750579833984
critical,12,ambiguous,long,object,nonfinal,9,3,explained,10.073129653930664
critical,12,ambiguous,long,object,nonfinal,9,4,the,1.7797824144363403
critical,12,ambiguous,long,object,nonfinal,9,5,problem,7.2299113273620605
critical,12,ambiguous,long,object,nonfinal,9,6,for,7.851067066192627
critical,12,ambiguous,long,object,nonfinal,9,7,extra,14.517120361328123
critical,12,ambiguous,long,object,nonfinal,9,8,credit,1.335489273071289
critical,12,ambiguous,long,object,nonfinal,9,9,was,10.430326461791992
critical,12,ambiguous,long,object,nonfinal,9,10,no,8.078374862670898
critical,12,ambiguous,long,object,nonfinal,9,11,longer,0.3181059956550598
critical,12,ambiguous,long,object,nonfinal,9,12,difficult,11.999921798706056
critical,12,ambiguous,long,object,nonfinal,9,13,for,5.082316875457764
critical,12,ambiguous,long,object,nonfinal,9,14,the,3.0311267375946045
critical,12,ambiguous,long,object,nonfinal,9,15,student.,10.307005405426024
critical,12,ambiguous,short,object,nonfinal,6,0,After,20.82152938842773
critical,12,ambiguous,short,object,nonfinal,6,1,the,3.3860509395599365
critical,12,ambiguous,short,object,nonfinal,6,2,tutor,20.335750579833984
critical,12,ambiguous,short,object,nonfinal,6,3,explained,10.073129653930664
critical,12,ambiguous,short,object,nonfinal,6,4,the,1.7797824144363403
critical,12,ambiguous,short,object,nonfinal,6,5,problem,7.2299113273620605
critical,12,ambiguous,short,object,nonfinal,6,6,was,8.783584594726562
critical,12,ambiguous,short,object,nonfinal,6,7,no,9.173783302307127
critical,12,ambiguous,short,object,nonfinal,6,8,longer,0.6937642693519592
critical,12,ambiguous,short,object,nonfinal,6,9,difficult,9.950372695922852
critical,12,ambiguous,short,object,nonfinal,6,10,for,4.908324241638184
critical,12,ambiguous,short,object,nonfinal,6,11,the,3.038978815078736
critical,12,ambiguous,short,object,nonfinal,6,12,student.,11.122027158737184
critical,12,unambiguous,long,object,nonfinal,11,0,After,20.82152938842773
critical,12,unambiguous,long,object,nonfinal,11,1,the,3.3860509395599365
critical,12,unambiguous,long,object,nonfinal,11,2,tutor,20.335750579833984
critical,12,unambiguous,long,object,nonfinal,11,3,explained,10.073129653930664
critical,12,unambiguous,long,object,nonfinal,11,4,the,1.7797824144363403
critical,12,unambiguous,long,object,nonfinal,11,5,concepts,7.45381498336792
critical,12,unambiguous,long,object,nonfinal,11,6,the,9.174580574035645
critical,12,unambiguous,long,object,nonfinal,11,7,problem,7.984988212585449
critical,12,unambiguous,long,object,nonfinal,11,8,for,7.395161151885986
critical,12,unambiguous,long,object,nonfinal,11,9,extra,16.882762908935547
critical,12,unambiguous,long,object,nonfinal,11,10,credit,3.281401395797729
critical,12,unambiguous,long,object,nonfinal,11,11,was,1.6341460943222046
critical,12,unambiguous,long,object,nonfinal,11,12,no,10.17250156402588
critical,12,unambiguous,long,object,nonfinal,11,13,longer,0.2016159445047378
critical,12,unambiguous,long,object,nonfinal,11,14,difficult,7.189696788787842
critical,12,unambiguous,long,object,nonfinal,11,15,for,5.971680164337158
critical,12,unambiguous,long,object,nonfinal,11,16,the,3.3264856338500977
critical,12,unambiguous,long,object,nonfinal,11,17,student.,4.065023183822632
critical,12,unambiguous,short,object,nonfinal,8,0,After,20.82152938842773
critical,12,unambiguous,short,object,nonfinal,8,1,the,3.3860509395599365
critical,12,unambiguous,short,object,nonfinal,8,2,tutor,20.335750579833984
critical,12,unambiguous,short,object,nonfinal,8,3,explained,10.073129653930664
critical,12,unambiguous,short,object,nonfinal,8,4,the,1.7797824144363403
critical,12,unambiguous,short,object,nonfinal,8,5,concepts,7.45381498336792
critical,12,unambiguous,short,object,nonfinal,8,6,the,9.174580574035645
critical,12,unambiguous,short,object,nonfinal,8,7,problem,7.984988212585449
critical,12,unambiguous,short,object,nonfinal,8,8,was,1.49408757686615
critical,12,unambiguous,short,object,nonfinal,8,9,no,9.847896575927734
critical,12,unambiguous,short,object,nonfinal,8,10,longer,0.1998603492975235
critical,12,unambiguous,short,object,nonfinal,8,11,difficult,4.062896251678467
critical,12,unambiguous,short,object,nonfinal,8,12,for,4.0429887771606445
critical,12,unambiguous,short,object,nonfinal,8,13,the,3.8125953674316406
critical,12,unambiguous,short,object,nonfinal,8,14,student.,4.65944766998291
critical,13,ambiguous,long,object,final,11,0,When,19.626379013061523
critical,13,ambiguous,long,object,final,11,1,the,3.305397748947144
critical,13,ambiguous,long,object,final,11,2,original,9.025301933288574
critical,13,ambiguous,long,object,final,11,3,members,10.683003425598145
critical,13,ambiguous,long,object,final,11,4,left,8.3029203414917
critical,13,ambiguous,long,object,final,11,5,the,1.8996639251708984
critical,13,ambiguous,long,object,final,11,6,company,6.003866195678711
critical,13,ambiguous,long,object,final,11,7,that,7.478294849395752
critical,13,ambiguous,long,object,final,11,8,was,4.419713497161865
critical,13,ambiguous,long,object,final,11,9,recently,10.088725090026855
critical,13,ambiguous,long,object,final,11,10,acquired,1.2944968938827517
critical,13,ambiguous,long,object,final,11,11,failed.,27.49138164520264
critical,13,ambiguous,short,object,final,7,0,When,19.626379013061523
critical,13,ambiguous,short,object,final,7,1,the,3.305397748947144
critical,13,ambiguous,short,object,final,7,2,original,9.025301933288574
critical,13,ambiguous,short,object,final,7,3,members,10.683003425598145
critical,13,ambiguous,short,object,final,7,4,left,8.3029203414917
critical,13,ambiguous,short,object,final,7,5,the,1.8996639251708984
critical,13,ambiguous,short,object,final,7,6,company,6.003866195678711
critical,13,ambiguous,short,object,final,7,7,failed.,23.06800937652588
critical,13,unambiguous,long,object,final,14,0,When,19.626379013061523
critical,13,unambiguous,long,object,final,14,1,the,3.305397748947144
critical,13,unambiguous,long,object,final,14,2,original,9.025301933288574
critical,13,unambiguous,long,object,final,14,3,members,10.683003425598145
critical,13,unambiguous,long,object,final,14,4,left,8.3029203414917
critical,13,unambiguous,long,object,final,14,5,the,1.8996639251708984
critical,13,unambiguous,long,object,final,14,6,engineering,15.503637313842772
critical,13,unambiguous,long,object,final,14,7,team,1.434503197669983
critical,13,unambiguous,long,object,final,14,8,the,6.99214506149292
critical,13,unambiguous,long,object,final,14,9,company,4.757584095001221
critical,13,unambiguous,long,object,final,14,10,that,6.1087493896484375
critical,13,unambiguous,long,object,final,14,11,was,3.885998964309693
critical,13,unambiguous,long,object,final,14,12,recently,11.421112060546877
critical,13,unambiguous,long,object,final,14,13,acquired,1.671130657196045
critical,13,unambiguous,long,object,final,14,14,failed.,16.983569145202637
critical,13,unambiguous,short,object,final,10,0,When,19.626379013061523
critical,13,unambiguous,short,object,final,10,1,the,3.305397748947144
critical,13,unambiguous,short,object,final,10,2,original,9.025301933288574
critical,13,unambiguous,short,object,final,10,3,members,10.683003425598145
critical,13,unambiguous,short,object,final,10,4,left,8.3029203414917
critical,13,unambiguous,short,object,final,10,5,the,1.8996639251708984
critical,13,unambiguous,short,object,final,10,6,engineering,15.503637313842772
critical,13,unambiguous,short,object,final,10,7,team,1.434503197669983
critical,13,unambiguous,short,object,final,10,8,the,6.99214506149292
critical,13,unambiguous,short,object,final,10,9,company,4.757584095001221
critical,13,unambiguous,short,object,final,10,10,failed.,13.285877227783203
critical,14,ambiguous,long,object,nonfinal,9,0,Because,20.8662052154541
critical,14,ambiguous,long,object,nonfinal,9,1,the,3.200220823287964
critical,14,ambiguous,long,object,nonfinal,9,2,student,12.0306978225708
critical,14,ambiguous,long,object,nonfinal,9,3,left,9.875903129577637
critical,14,ambiguous,long,object,nonfinal,9,4,the,1.9843372106552124
critical,14,ambiguous,long,object,nonfinal,9,5,backpack,11.95297622680664
critical,14,ambiguous,long,object,nonfinal,9,6,he,8.705888748168945
critical,14,ambiguous,long,object,nonfinal,9,7,just,8.70919132232666
critical,14,ambiguous,long,object,nonfinal,9,8,bought,4.853287220001221
critical,14,ambiguous,long,object,nonfinal,9,9,was,7.189235210418701
critical,14,ambiguous,long,object,nonfinal,9,10,put,10.3137788772583
critical,14,ambiguous,long,object,nonfinal,9,11,in,1.7277019023895264
critical,14,ambiguous,long,object,nonfinal,9,12,lost,17.10026741027832
critical,14,ambiguous,long,object,nonfinal,9,13,and,1.763485312461853
critical,14,ambiguous,long,object,nonfinal,9,14,found.,2.9141538068652157
critical,14,ambiguous,short,object,nonfinal,6,0,Because,20.8662052154541
critical,14,ambiguous,short,object,nonfinal,6,1,the,3.200220823287964
critical,14,ambiguous,short,object,nonfinal,6,2,student,12.0306978225708
critical,14,ambiguous,short,object,nonfinal,6,3,left,9.875903129577637
critical,14,ambiguous,short,object,nonfinal,6,4,the,1.9843372106552124
critical,14,ambiguous,short,object,nonfinal,6,5,backpack,11.95297622680664
critical,14,ambiguous,short,object,nonfinal,6,6,was,10.599782943725586
critical,14,ambiguous,short,object,nonfinal,6,7,put,9.623708724975586
critical,14,ambiguous,short,object,nonfinal,6,8,in,1.8082048892974851
critical,14,ambiguous,short,object,nonfinal,6,9,lost,17.068206787109375
critical,14,ambiguous,short,object,nonfinal,6,10,and,1.77680504322052
critical,14,ambiguous,short,object,nonfinal,6,11,found.,2.4118695333600044
critical,14,unambiguous,long,object,nonfinal,11,0,Because,20.8662052154541
critical,14,unambiguous,long,object,nonfinal,11,1,the,3.200220823287964
critical,14,unambiguous,long,object,nonfinal,11,2,student,12.0306978225708
critical,14,unambiguous,long,object,nonfinal,11,3,left,9.875903129577637
critical,14,unambiguous,long,object,nonfinal,11,4,the,1.9843372106552124
critical,14,unambiguous,long,object,nonfinal,11,5,room,3.979306936264038
critical,14,unambiguous,long,object,nonfinal,11,6,the,6.80539083480835
critical,14,unambiguous,long,object,nonfinal,11,7,backpack,14.347002983093262
critical,14,unambiguous,long,object,nonfinal,11,8,he,6.441921234130859
critical,14,unambiguous,long,object,nonfinal,11,9,just,9.12695026397705
critical,14,unambiguous,long,object,nonfinal,11,10,bought,6.147499084472656
critical,14,unambiguous,long,object,nonfinal,11,11,was,1.4455114603042605
critical,14,unambiguous,long,object,nonfinal,11,12,put,8.65971851348877
critical,14,unambiguous,long,object,nonfinal,11,13,in,1.973544955253601
critical,14,unambiguous,long,object,nonfinal,11,14,lost,19.112852096557617
critical,14,unambiguous,long,object,nonfinal,11,15,and,2.620905637741089
critical,14,unambiguous,long,object,nonfinal,11,16,found.,1.2462977431714537
critical,14,unambiguous,short,object,nonfinal,8,0,Because,20.8662052154541
critical,14,unambiguous,short,object,nonfinal,8,1,the,3.200220823287964
critical,14,unambiguous,short,object,nonfinal,8,2,student,12.0306978225708
critical,14,unambiguous,short,object,nonfinal,8,3,left,9.875903129577637
critical,14,unambiguous,short,object,nonfinal,8,4,the,1.9843372106552124
critical,14,unambiguous,short,object,nonfinal,8,5,room,3.979306936264038
critical,14,unambiguous,short,object,nonfinal,8,6,the,6.80539083480835
critical,14,unambiguous,short,object,nonfinal,8,7,backpack,14.347002983093262
critical,14,unambiguous,short,object,nonfinal,8,8,was,1.36129629611969
critical,14,unambiguous,short,object,nonfinal,8,9,put,7.50909423828125
critical,14,unambiguous,short,object,nonfinal,8,10,in,1.903581023216248
critical,14,unambiguous,short,object,nonfinal,8,11,lost,19.127216339111328
critical,14,unambiguous,short,object,nonfinal,8,12,and,2.343778133392334
critical,14,unambiguous,short,object,nonfinal,8,13,found.,1.5149195045232773
critical,15,ambiguous,long,object,nonfinal,11,0,Once,21.83137321472168
critical,15,ambiguous,long,object,nonfinal,11,1,the,3.26051926612854
critical,15,ambiguous,long,object,nonfinal,11,2,new,8.198102951049805
critical,15,ambiguous,long,object,nonfinal,11,3,assistant,13.62244701385498
critical,15,ambiguous,long,object,nonfinal,11,4,started,10.92349338531494
critical,15,ambiguous,long,object,nonfinal,11,5,the,5.3826003074646
critical,15,ambiguous,long,object,nonfinal,11,6,job,6.041716575622559
critical,15,ambiguous,long,object,nonfinal,11,7,as,7.36106014251709
critical,15,ambiguous,long,object,nonfinal,11,8,an,4.920809745788574
critical,15,ambiguous,long,object,nonfinal,11,9,executive,7.6142354011535645
critical,15,ambiguous,long,object,nonfinal,11,10,manager,8.058711051940918
critical,15,ambiguous,long,object,nonfinal,11,11,became,16.165292739868164
critical,15,ambiguous,long,object,nonfinal,11,12,much,5.91969108581543
critical,15,ambiguous,long,object,nonfinal,11,13,easier,2.7084131240844727
critical,15,ambiguous,long,object,nonfinal,11,14,for,3.3002769947052
critical,15,ambiguous,long,object,nonfinal,11,15,her,3.22556209564209
critical,15,ambiguous,long,object,nonfinal,11,16,boss.,13.738360404968262
critical,15,ambiguous,short,object,nonfinal,7,0,Once,21.83137321472168
critical,15,ambiguous,short,object,nonfinal,7,1,the,3.26051926612854
critical,15,ambiguous,short,object,nonfinal,7,2,new,8.198102951049805
critical,15,ambiguous,short,object,nonfinal,7,3,assistant,13.62244701385498
critical,15,ambiguous,short,object,nonfinal,7,4,started,10.92349338531494
critical,15,ambiguous,short,object,nonfinal,7,5,the,5.3826003074646
critical,15,ambiguous,short,object,nonfinal,7,6,job,6.041716575622559
critical,15,ambiguous,short,object,nonfinal,7,7,became,15.88158130645752
critical,15,ambiguous,short,object,nonfinal,7,8,much,3.966797828674317
critical,15,ambiguous,short,object,nonfinal,7,9,easier,1.124623417854309
critical,15,ambiguous,short,object,nonfinal,7,10,for,4.0660810470581055
critical,15,ambiguous,short,object,nonfinal,7,11,her,3.215332508087158
critical,15,ambiguous,short,object,nonfinal,7,12,boss.,14.393108487129211
critical,15,unambiguous,long,object,nonfinal,12,0,Once,21.83137321472168
critical,15,unambiguous,long,object,nonfinal,12,1,the,3.26051926612854
critical,15,unambiguous,long,object,nonfinal,12,2,new,8.198102951049805
critical,15,unambiguous,long,object,nonfinal,12,3,assistant,13.62244701385498
critical,15,unambiguous,long,object,nonfinal,12,4,started,10.92349338531494
critical,15,unambiguous,long,object,nonfinal,12,5,work,7.060057163238525
critical,15,unambiguous,long,object,nonfinal,12,6,the,6.004486560821533
critical,15,unambiguous,long,object,nonfinal,12,7,job,8.68750286102295
critical,15,unambiguous,long,object,nonfinal,12,8,as,10.09150218963623
critical,15,unambiguous,long,object,nonfinal,12,9,an,5.389357089996338
critical,15,unambiguous,long,object,nonfinal,12,10,executive,7.907077312469482
critical,15,unambiguous,long,object,nonfinal,12,11,manager,7.272309303283691
critical,15,unambiguous,long,object,nonfinal,12,12,became,4.476142406463623
critical,15,unambiguous,long,object,nonfinal,12,13,much,4.1390581130981445
critical,15,unambiguous,long,object,nonfinal,12,14,easier,1.938555359840393
critical,15,unambiguous,long,object,nonfinal,12,15,for,4.223321437835693
critical,15,unambiguous,long,object,nonfinal,12,16,her,2.588449001312256
critical,15,unambiguous,long,object,nonfinal,12,17,boss.,13.80569577217102
critical,15,unambiguous,short,object,nonfinal,8,0,Once,21.83137321472168
critical,15,unambiguous,short,object,nonfinal,8,1,the,3.26051926612854
critical,15,unambiguous,short,object,nonfinal,8,2,new,8.198102951049805
critical,15,unambiguous,short,object,nonfinal,8,3,assistant,13.62244701385498
critical,15,unambiguous,short,object,nonfinal,8,4,started,10.92349338531494
critical,15,unambiguous,short,object,nonfinal,8,5,work,7.060057163238525
critical,15,unambiguous,short,object,nonfinal,8,6,the,6.004486560821533
critical,15,unambiguous,short,object,nonfinal,8,7,job,8.68750286102295
critical,15,unambiguous,short,object,nonfinal,8,8,became,4.265769481658936
critical,15,unambiguous,short,object,nonfinal,8,9,much,4.013552188873291
critical,15,unambiguous,short,object,nonfinal,8,10,easier,1.3499826192855835
critical,15,unambiguous,short,object,nonfinal,8,11,for,4.349499225616455
critical,15,unambiguous,short,object,nonfinal,8,12,her,2.609805107116699
critical,15,unambiguous,short,object,nonfinal,8,13,boss.,13.762651324272156
critical,16,ambiguous,long,object,nonfinal,10,0,When,19.626379013061523
critical,16,ambiguous,long,object,nonfinal,10,1,the,3.305397748947144
critical,16,ambiguous,long,object,nonfinal,10,2,magician,14.993264198303224
critical,16,ambiguous,long,object,nonfinal,10,3,tried,10.708596229553224
critical,16,ambiguous,long,object,nonfinal,10,4,to,0.1961923092603683
critical,16,ambiguous,long,object,nonfinal,10,5,juggle,11.428358621895311
critical,16,ambiguous,long,object,nonfinal,10,6,the,2.357055187225342
critical,16,ambiguous,long,object,nonfinal,10,7,torches,12.60780143737793
critical,16,ambiguous,long,object,nonfinal,10,8,burning,11.539776802062988
critical,16,ambiguous,long,object,nonfinal,10,9,dangerously,13.850424766540527
critical,16,ambiguous,long,object,nonfinal,10,10,fell,22.624711990356445
critical,16,ambiguous,long,object,nonfinal,10,11,down.,6.882029056549072
critical,16,ambiguous,short,object,nonfinal,8,0,When,19.626379013061523
critical,16,ambiguous,short,object,nonfinal,8,1,the,3.305397748947144
critical,16,ambiguous,short,object,nonfinal,8,2,magician,14.993264198303224
critical,16,ambiguous,short,object,nonfinal,8,3,tried,10.708596229553224
critical,16,ambiguous,short,object,nonfinal,8,4,to,0.1961923092603683
critical,16,ambiguous,short,object,nonfinal,8,5,juggle,11.428358621895311
critical,16,ambiguous,short,object,nonfinal,8,6,the,2.357055187225342
critical,16,ambiguous,short,object,nonfinal,8,7,torches,12.60780143737793
critical,16,ambiguous,short,object,nonfinal,8,8,fell,14.817365646362305
critical,16,ambiguous,short,object,nonfinal,8,9,down.,6.874705076217651
critical,16,unambiguous,long,object,nonfinal,12,0,When,19.626379013061523
critical,16,unambiguous,long,object,nonfinal,12,1,the,3.305397748947144
critical,16,unambiguous,long,object,nonfinal,12,2,magician,14.993264198303224
critical,16,unambiguous,long,object,nonfinal,12,3,tried,10.708596229553224
critical,16,unambiguous,long,object,nonfinal,12,4,to,0.1961923092603683
critical,16,unambiguous,long,object,nonfinal,12,5,juggle,11.428358621895311
critical,16,unambiguous,long,object,nonfinal,12,6,more,6.64984941482544
critical,16,unambiguous,long,object,nonfinal,12,7,items,8.798912048339844
critical,16,unambiguous,long,object,nonfinal,12,8,the,7.588329792022705
critical,16,unambiguous,long,object,nonfinal,12,9,torches,13.657011985778809
critical,16,unambiguous,long,object,nonfinal,12,10,burning,9.680987358093262
critical,16,unambiguous,long,object,nonfinal,12,11,dangerously,12.272756576538086
critical,16,unambiguous,long,object,nonfinal,12,12,fell,11.780341148376465
critical,16,unambiguous,long,object,nonfinal,12,13,down.,5.891822814941406
critical,16,unambiguous,short,object,nonfinal,10,0,When,19.626379013061523
critical,16,unambiguous,short,object,nonfinal,10,1,the,3.305397748947144
critical,16,unambiguous,short,object,nonfinal,10,2,magician,14.993264198303224
critical,16,unambiguous,short,object,nonfinal,10,3,tried,10.708596229553224
critical,16,unambiguous,short,object,nonfinal,10,4,to,0.1961923092603683
critical,16,unambiguous,short,object,nonfinal,10,5,juggle,11.428358621895311
critical,16,unambiguous,short,object,nonfinal,10,6,more,6.64984941482544
critical,16,unambiguous,short,object,nonfinal,10,7,items,8.798912048339844
critical,16,unambiguous,short,object,nonfinal,10,8,the,7.588329792022705
critical,16,unambiguous,short,object,nonfinal,10,9,torches,13.657011985778809
critical,16,unambiguous,short,object,nonfinal,10,10,fell,5.295342922210693
critical,16,unambiguous,short,object,nonfinal,10,11,down.,6.238522052764893
critical,17,ambiguous,long,comma,nonfinal,10,0,When,19.626379013061523
critical,17,ambiguous,long,comma,nonfinal,10,1,the,3.305397748947144
critical,17,ambiguous,long,comma,nonfinal,10,2,marathon,15.524873733520508
critical,17,ambiguous,long,comma,nonfinal,10,3,runner,3.9933228492736816
critical,17,ambiguous,long,comma,nonfinal,10,4,finally,9.927291870117188
critical,17,ambiguous,long,comma,nonfinal,10,5,stopped,7.075379848480225
critical,17,ambiguous,long,comma,nonfinal,10,6,his,5.196442604064941
critical,17,ambiguous,long,comma,nonfinal,10,7,friend,11.237699508666992
critical,17,ambiguous,long,comma,nonfinal,10,8,sweating,16.230693817138672
critical,17,ambiguous,long,comma,nonfinal,10,9,profusely,4.390711377724074
critical,17,ambiguous,long,comma,nonfinal,10,10,collapsed,20.120140075683597
critical,17,ambiguous,long,comma,nonfinal,10,11,from,4.935410976409912
critical,17,ambiguous,long,comma,nonfinal,10,12,exhaustion.,2.18274462223053
critical,17,ambiguous,short,comma,nonfinal,8,0,When,19.626379013061523
critical,17,ambiguous,short,comma,nonfinal,8,1,the,3.305397748947144
critical,17,ambiguous,short,comma,nonfinal,8,2,marathon,15.524873733520508
critical,17,ambiguous,short,comma,nonfinal,8,3,runner,3.9933228492736816
critical,17,ambiguous,short,comma,nonfinal,8,4,finally,9.927291870117188
critical,17,ambiguous,short,comma,nonfinal,8,5,stopped,7.075379848480225
critical,17,ambiguous,short,comma,nonfinal,8,6,his,5.196442604064941
critical,17,ambiguous,short,comma,nonfinal,8,7,friend,11.237699508666992
critical,17,ambiguous,short,comma,nonfinal,8,8,collapsed,16.20838165283203
critical,17,ambiguous,short,comma,nonfinal,8,9,from,4.607811450958252
critical,17,ambiguous,short,comma,nonfinal,8,10,exhaustion.,2.549978494644165
critical,17,unambiguous,long,comma,nonfinal,10,0,When,19.626379013061523
critical,17,unambiguous,long,comma,nonfinal,10,1,the,3.305397748947144
critical,17,unambiguous,long,comma,nonfinal,10,2,marathon,15.524873733520508
critical,17,unambiguous,long,comma,nonfinal,10,3,runner,3.9933228492736816
critical,17,unambiguous,long,comma,nonfinal,10,4,finally,9.927291870117188
critical,17,unambiguous,long,comma,nonfinal,10,5,"stopped,",9.488871574401855
critical,17,unambiguous,long,comma,nonfinal,10,6,his,4.41889762878418
critical,17,unambiguous,long,comma,nonfinal,10,7,friend,5.943748474121094
critical,17,unambiguous,long,comma,nonfinal,10,8,sweating,21.095502853393555
critical,17,unambiguous,long,comma,nonfinal,10,9,profusely,1.789863344252808
critical,17,unambiguous,long,comma,nonfinal,10,10,collapsed,11.790452003479004
critical,17,unambiguous,long,comma,nonfinal,10,11,from,5.028127193450928
critical,17,unambiguous,long,comma,nonfinal,10,12,exhaustion.,1.8695477843284607
critical,17,unambiguous,short,comma,nonfinal,8,0,When,19.626379013061523
critical,17,unambiguous,short,comma,nonfinal,8,1,the,3.305397748947144
critical,17,unambiguous,short,comma,nonfinal,8,2,marathon,15.524873733520508
critical,17,unambiguous,short,comma,nonfinal,8,3,runner,3.9933228492736816
critical,17,unambiguous,short,comma,nonfinal,8,4,finally,9.927291870117188
critical,17,unambiguous,short,comma,nonfinal,8,5,"stopped,",9.488871574401855
critical,17,unambiguous,short,comma,nonfinal,8,6,his,4.41889762878418
critical,17,unambiguous,short,comma,nonfinal,8,7,friend,5.943748474121094
critical,17,unambiguous,short,comma,nonfinal,8,8,collapsed,9.946490287780762
critical,17,unambiguous,short,comma,nonfinal,8,9,from,4.870038032531738
critical,17,unambiguous,short,comma,nonfinal,8,10,exhaustion.,1.6895561814308169
critical,18,ambiguous,long,comma,nonfinal,9,0,While,20.730052947998047
critical,18,ambiguous,long,comma,nonfinal,9,1,the,2.4466512203216557
critical,18,ambiguous,long,comma,nonfinal,9,2,martial,15.678153038024902
critical,18,ambiguous,long,comma,nonfinal,9,3,artists,5.036791324615479
critical,18,ambiguous,long,comma,nonfinal,9,4,fought,10.263849258422852
critical,18,ambiguous,long,comma,nonfinal,9,5,the,4.2544779777526855
critical,18,ambiguous,long,comma,nonfinal,9,6,spectator,18.377656936645508
critical,18,ambiguous,long,comma,nonfinal,9,7,cheering,10.89626121520996
critical,18,ambiguous,long,comma,nonfinal,9,8,enthusiastically,13.035016059875488
critical,18,ambiguous,long,comma,nonfinal,9,9,supported,14.31829833984375
critical,18,ambiguous,long,comma,nonfinal,9,10,the,2.8333096504211426
critical,18,ambiguous,long,comma,nonfinal,9,11,underdog.,12.24333429336548
critical,18,ambiguous,short,comma,nonfinal,7,0,While,20.730052947998047
critical,18,ambiguous,short,comma,nonfinal,7,1,the,2.4466512203216557
critical,18,ambiguous,short,comma,nonfinal,7,2,martial,15.678153038024902
critical,18,ambiguous,short,comma,nonfinal,7,3,artists,5.036791324615479
critical,18,ambiguous,short,comma,nonfinal,7,4,fought,10.263849258422852
critical,18,ambiguous,short,comma,nonfinal,7,5,the,4.2544779777526855
critical,18,ambiguous,short,comma,nonfinal,7,6,spectator,18.377656936645508
critical,18,ambiguous,short,comma,nonfinal,7,7,supported,16.894039154052734
critical,18,ambiguous,short,comma,nonfinal,7,8,the,3.320546865463257
critical,18,ambiguous,short,comma,nonfinal,7,9,underdog.,11.981784582138062
critical,18,unambiguous,long,comma,nonfinal,9,0,While,20.730052947998047
critical,18,unambiguous,long,comma,nonfinal,9,1,the,2.4466512203216557
critical,18,unambiguous,long,comma,nonfinal,9,2,martial,15.678153038024902
critical,18,unambiguous,long,comma,nonfinal,9,3,artists,5.036791324615479
critical,18,unambiguous,long,comma,nonfinal,9,4,"fought,",12.610143899917604
critical,18,unambiguous,long,comma,nonfinal,9,5,the,1.6749569177627563
critical,18,unambiguous,long,comma,nonfinal,9,6,spectator,14.130725860595703
critical,18,unambiguous,long,comma,nonfinal,9,7,cheering,10.905228614807127
critical,18,unambiguous,long,comma,nonfinal,9,8,enthusiastically,10.70703125
critical,18,unambiguous,long,comma,nonfinal,9,9,supported,9.016559600830078
critical,18,unambiguous,long,comma,nonfinal,9,10,the,1.2460652589797974
critical,18,unambiguous,long,comma,nonfinal,9,11,underdog.,10.06932657957077
critical,18,unambiguous,short,comma,nonfinal,7,0,While,20.730052947998047
critical,18,unambiguous,short,comma,nonfinal,7,1,the,2.4466512203216557
critical,18,unambiguous,short,comma,nonfinal,7,2,martial,15.678153038024902
critical,18,unambiguous,short,comma,nonfinal,7,3,artists,5.036791324615479
critical,18,unambiguous,short,comma,nonfinal,7,4,"fought,",12.610143899917604
critical,18,unambiguous,short,comma,nonfinal,7,5,the,1.6749569177627563
critical,18,unambiguous,short,comma,nonfinal,7,6,spectator,14.130725860595703
critical,18,unambiguous,short,comma,nonfinal,7,7,supported,13.280043601989746
critical,18,unambiguous,short,comma,nonfinal,7,8,the,1.2913283109664917
critical,18,unambiguous,short,comma,nonfinal,7,9,underdog.,8.76795345544815
critical,19,ambiguous,long,object,final,9,0,When,19.626379013061523
critical,19,ambiguous,long,object,final,9,1,the,3.305397748947144
critical,19,ambiguous,long,object,final,9,2,band,10.90977954864502
critical,19,ambiguous,long,object,final,9,3,left,9.812813758850098
critical,19,ambiguous,long,object,final,9,4,the,2.027464866638184
critical,19,ambiguous,long,object,final,9,5,venue,9.103338241577148
critical,19,ambiguous,long,object,final,9,6,with,6.501612663269043
critical,19,ambiguous,long,object,final,9,7,live,12.256614685058594
critical,19,ambiguous,long,object,final,9,8,music,1.991700768470764
critical,19,ambiguous,long,object,final,9,9,closed.,20.93950653076172
critical,19,ambiguous,short,object,final,6,0,When,19.626379013061523
critical,19,ambiguous,short,object,final,6,1,the,3.305397748947144
critical,19,ambiguous,short,object,final,6,2,band,10.90977954864502
critical,19,ambiguous,short,object,final,6,3,left,9.812813758850098
critical,19,ambiguous,short,object,final,6,4,the,2.027464866638184
critical,19,ambiguous,short,object,final,6,5,venue,9.103338241577148
critical,19,ambiguous,short,object,final,6,6,closed.,21.84237289428711
critical,19,unambiguous,long,object,final,11,0,When,19.626379013061523
critical,19,unambiguous,long,object,final,11,1,the,3.305397748947144
critical,19,unambiguous,long,object,final,11,2,band,10.90977954864502
critical,19,unambiguous,long,object,final,11,3,left,9.812813758850098
critical,19,unambiguous,long,object,final,11,4,the,2.027464866638184
critical,19,unambiguous,long,object,final,11,5,stage,2.876558303833008
critical,19,unambiguous,long,object,final,11,6,the,6.767179012298584
critical,19,unambiguous,long,object,final,11,7,venue,7.574220657348633
critical,19,unambiguous,long,object,final,11,8,with,8.859759330749512
critical,19,unambiguous,long,object,final,11,9,live,11.57347583770752
critical,19,unambiguous,long,object,final,11,10,music,2.3481781482696533
critical,19,unambiguous,long,object,final,11,11,closed.,15.761822938919067
critical,19,unambiguous,short,object,final,8,0,When,19.626379013061523
critical,19,unambiguous,short,object,final,8,1,the,3.305397748947144
critical,19,unambiguous,short,object,final,8,2,band,10.90977954864502
critical,19,unambiguous,short,object,final,8,3,left,9.812813758850098
critical,19,unambiguous,short,object,final,8,4,the,2.027464866638184
critical,19,unambiguous,short,object,final,8,5,stage,2.876558303833008
critical,19,unambiguous,short,object,final,8,6,the,6.767179012298584
critical,19,unambiguous,short,object,final,8,7,venue,7.574220657348633
critical,19,unambiguous,short,object,final,8,8,closed.,11.552260398864746
critical,20,ambiguous,long,comma,nonfinal,9,0,After,20.82152938842773
critical,20,ambiguous,long,comma,nonfinal,9,1,the,3.3860509395599365
critical,20,ambiguous,long,comma,nonfinal,9,2,customer,15.055980682373049
critical,20,ambiguous,long,comma,nonfinal,9,3,emailed,12.013495445251465
critical,20,ambiguous,long,comma,nonfinal,9,4,the,3.896610975265503
critical,20,ambiguous,long,comma,nonfinal,9,5,company,3.1481025218963623
critical,20,ambiguous,long,comma,nonfinal,9,6,providing,10.75528621673584
critical,20,ambiguous,long,comma,nonfinal,9,7,phone,12.239501953125
critical,20,ambiguous,long,comma,nonfinal,9,8,service,4.997628688812256
critical,20,ambiguous,long,comma,nonfinal,9,9,responded,14.110841751098633
critical,20,ambiguous,long,comma,nonfinal,9,10,quickly.,9.084415912628174
critical,20,ambiguous,short,comma,nonfinal,6,0,After,20.82152938842773
critical,20,ambiguous,short,comma,nonfinal,6,1,the,3.3860509395599365
critical,20,ambiguous,short,comma,nonfinal,6,2,customer,15.055980682373049
critical,20,ambiguous,short,comma,nonfinal,6,3,emailed,12.013495445251465
critical,20,ambiguous,short,comma,nonfinal,6,4,the,3.896610975265503
critical,20,ambiguous,short,comma,nonfinal,6,5,company,3.1481025218963623
critical,20,ambiguous,short,comma,nonfinal,6,6,responded,15.775701522827148
critical,20,ambiguous,short,comma,nonfinal,6,7,quickly.,9.037201404571531
critical,20,unambiguous,long,comma,nonfinal,9,0,After,20.82152938842773
critical,20,unambiguous,long,comma,nonfinal,9,1,the,3.3860509395599365
critical,20,unambiguous,long,comma,nonfinal,9,2,customer,15.055980682373049
critical,20,unambiguous,long,comma,nonfinal,9,3,"emailed,",17.106797218322754
critical,20,unambiguous,long,comma,nonfinal,9,4,the,3.205470323562622
critical,20,unambiguous,long,comma,nonfinal,9,5,company,3.736790895462036
critical,20,unambiguous,long,comma,nonfinal,9,6,providing,15.350417137145996
critical,20,unambiguous,long,comma,nonfinal,9,7,phone,11.148670196533203
critical,20,unambiguous,long,comma,nonfinal,9,8,service,1.153469800949097
critical,20,unambiguous,long,comma,nonfinal,9,9,responded,5.126431465148926
critical,20,unambiguous,long,comma,nonfinal,9,10,quickly.,8.272427320480347
critical,20,unambiguous,short,comma,nonfinal,6,0,After,20.82152938842773
critical,20,unambiguous,short,comma,nonfinal,6,1,the,3.3860509395599365
critical,20,unambiguous,short,comma,nonfinal,6,2,customer,15.055980682373049
critical,20,unambiguous,short,comma,nonfinal,6,3,"emailed,",17.106797218322754
critical,20,unambiguous,short,comma,nonfinal,6,4,the,3.205470323562622
critical,20,unambiguous,short,comma,nonfinal,6,5,company,3.736790895462036
critical,20,unambiguous,short,comma,nonfinal,6,6,responded,2.9730887413024902
critical,20,unambiguous,short,comma,nonfinal,6,7,quickly.,8.389065980911255
critical,21,ambiguous,long,object,nonfinal,10,0,As,19.27421760559082
critical,21,ambiguous,long,object,nonfinal,10,1,the,2.6874070167541504
critical,21,ambiguous,long,object,nonfinal,10,2,detective,16.333864212036133
critical,21,ambiguous,long,object,nonfinal,10,3,investigated,9.761513710021973
critical,21,ambiguous,long,object,nonfinal,10,4,the,0.9967426657676696
critical,21,ambiguous,long,object,nonfinal,10,5,case,3.5082383155822754
critical,21,ambiguous,long,object,nonfinal,10,6,about,11.636096000671388
critical,21,ambiguous,long,object,nonfinal,10,7,the,1.549877405166626
critical,21,ambiguous,long,object,nonfinal,10,8,bank,10.09637451171875
critical,21,ambiguous,long,object,nonfinal,10,9,robbery,1.0427871942520142
critical,21,ambiguous,long,object,nonfinal,10,10,became,17.870380401611328
critical,21,ambiguous,long,object,nonfinal,10,11,more,2.339789628982544
critical,21,ambiguous,long,object,nonfinal,10,12,complex.,8.628101348876953
critical,21,ambiguous,short,object,nonfinal,6,0,As,19.27421760559082
critical,21,ambiguous,short,object,nonfinal,6,1,the,2.6874070167541504
critical,21,ambiguous,short,object,nonfinal,6,2,detective,16.333864212036133
critical,21,ambiguous,short,object,nonfinal,6,3,investigated,9.761513710021973
critical,21,ambiguous,short,object,nonfinal,6,4,the,0.9967426657676696
critical,21,ambiguous,short,object,nonfinal,6,5,case,3.5082383155822754
critical,21,ambiguous,short,object,nonfinal,6,6,became,16.824201583862305
critical,21,ambiguous,short,object,nonfinal,6,7,more,1.490719437599182
critical,21,ambiguous,short,object,nonfinal,6,8,complex.,7.663914203643799
critical,21,unambiguous,long,object,nonfinal,12,0,As,19.27421760559082
critical,21,unambiguous,long,object,nonfinal,12,1,the,2.6874070167541504
critical,21,unambiguous,long,object,nonfinal,12,2,detective,16.333864212036133
critical,21,unambiguous,long,object,nonfinal,12,3,investigated,9.761513710021973
critical,21,unambiguous,long,object,nonfinal,12,4,the,0.9967426657676696
critical,21,unambiguous,long,object,nonfinal,12,5,suspects,10.918198585510254
critical,21,unambiguous,long,object,nonfinal,12,6,the,8.437824249267578
critical,21,unambiguous,long,object,nonfinal,12,7,case,6.483337879180908
critical,21,unambiguous,long,object,nonfinal,12,8,about,12.61989688873291
critical,21,unambiguous,long,object,nonfinal,12,9,the,1.6212350130081177
critical,21,unambiguous,long,object,nonfinal,12,10,bank,8.826138496398926
critical,21,unambiguous,long,object,nonfinal,12,11,robbery,0.8736278414726257
critical,21,unambiguous,long,object,nonfinal,12,12,became,8.203852653503418
critical,21,unambiguous,long,object,nonfinal,12,13,more,1.9165278673172
critical,21,unambiguous,long,object,nonfinal,12,14,complex.,3.6250351071357727
critical,21,unambiguous,short,object,nonfinal,8,0,As,19.27421760559082
critical,21,unambiguous,short,object,nonfinal,8,1,the,2.6874070167541504
critical,21,unambiguous,short,object,nonfinal,8,2,detective,16.333864212036133
critical,21,unambiguous,short,object,nonfinal,8,3,investigated,9.761513710021973
critical,21,unambiguous,short,object,nonfinal,8,4,the,0.9967426657676696
critical,21,unambiguous,short,object,nonfinal,8,5,suspects,10.918198585510254
critical,21,unambiguous,short,object,nonfinal,8,6,the,8.437824249267578
critical,21,unambiguous,short,object,nonfinal,8,7,case,6.483337879180908
critical,21,unambiguous,short,object,nonfinal,8,8,became,3.9781320095062256
critical,21,unambiguous,short,object,nonfinal,8,9,more,1.7822657823562622
critical,21,unambiguous,short,object,nonfinal,8,10,complex.,3.5975316762924194
critical,22,ambiguous,long,object,nonfinal,8,0,Although,21.55384063720703
critical,22,ambiguous,long,object,nonfinal,8,1,the,2.346311092376709
critical,22,ambiguous,long,object,nonfinal,8,2,team,9.480533599853516
critical,22,ambiguous,long,object,nonfinal,8,3,lost,8.336685180664062
critical,22,ambiguous,long,object,nonfinal,8,4,the,2.5653138160705566
critical,22,ambiguous,long,object,nonfinal,8,5,championship,5.525615215301514
critical,22,ambiguous,long,object,nonfinal,8,6,in,3.2246100902557373
critical,22,ambiguous,long,object,nonfinal,8,7,basketball,13.816039085388184
critical,22,ambiguous,long,object,nonfinal,8,8,was,13.16136074066162
critical,22,ambiguous,long,object,nonfinal,8,9,still,5.132944583892822
critical,22,ambiguous,long,object,nonfinal,8,10,a,3.3520092964172363
critical,22,ambiguous,long,object,nonfinal,8,11,great,3.7726759910583496
critical,22,ambiguous,long,object,nonfinal,8,12,experience,3.381016492843628
critical,22,ambiguous,long,object,nonfinal,8,13,for,1.5881290435791016
critical,22,ambiguous,long,object,nonfinal,8,14,the,2.423393726348877
critical,22,ambiguous,long,object,nonfinal,8,15,players.,3.5209237337112427
critical,22,ambiguous,short,object,nonfinal,6,0,Although,21.55384063720703
critical,22,ambiguous,short,object,nonfinal,6,1,the,2.346311092376709
critical,22,ambiguous,short,object,nonfinal,6,2,team,9.480533599853516
critical,22,ambiguous,short,object,nonfinal,6,3,lost,8.336685180664062
critical,22,ambiguous,short,object,nonfinal,6,4,the,2.5653138160705566
critical,22,ambiguous,short,object,nonfinal,6,5,championship,5.525615215301514
critical,22,ambiguous,short,object,nonfinal,6,6,was,13.522204399108888
critical,22,ambiguous,short,object,nonfinal,6,7,still,5.044681549072266
critical,22,ambiguous,short,object,nonfinal,6,8,a,2.450854539871216
critical,22,ambiguous,short,object,nonfinal,6,9,great,3.0409560203552246
critical,22,ambiguous,short,object,nonfinal,6,10,experience,3.1365866661071777
critical,22,ambiguous,short,object,nonfinal,6,11,for,1.5808645486831665
critical,22,ambiguous,short,object,nonfinal,6,12,the,2.413581132888794
critical,22,ambiguous,short,object,nonfinal,6,13,players.,3.4130783081054688
critical,22,unambiguous,long,object,nonfinal,11,0,Although,21.55384063720703
critical,22,unambiguous,long,object,nonfinal,11,1,the,2.346311092376709
critical,22,unambiguous,long,object,nonfinal,11,2,team,9.480533599853516
critical,22,unambiguous,long,object,nonfinal,11,3,lost,8.336685180664062
critical,22,unambiguous,long,object,nonfinal,11,4,the,2.5653138160705566
critical,22,unambiguous,long,object,nonfinal,11,5,final,4.820659160614014
critical,22,unambiguous,long,object,nonfinal,11,6,game,2.4839015007019043
critical,22,unambiguous,long,object,nonfinal,11,7,the,8.955108642578125
critical,22,unambiguous,long,object,nonfinal,11,8,championship,9.390530586242676
critical,22,unambiguous,long,object,nonfinal,11,9,in,5.477005481719971
critical,22,unambiguous,long,object,nonfinal,11,10,basketball,12.850062370300291
critical,22,unambiguous,long,object,nonfinal,11,11,was,5.308411121368408
critical,22,unambiguous,long,object,nonfinal,11,12,still,3.789677619934082
critical,22,unambiguous,long,object,nonfinal,11,13,a,2.204952478408813
critical,22,unambiguous,long,object,nonfinal,11,14,great,3.823661327362061
critical,22,unambiguous,long,object,nonfinal,11,15,experience,2.1035678386688232
critical,22,unambiguous,long,object,nonfinal,11,16,for,1.4068084955215454
critical,22,unambiguous,long,object,nonfinal,11,17,the,2.0043325424194336
critical,22,unambiguous,long,object,nonfinal,11,18,players.,3.5141284465789795
critical,22,unambiguous,short,object,nonfinal,9,0,Although,21.55384063720703
critical,22,unambiguous,short,object,nonfinal,9,1,the,2.346311092376709
critical,22,unambiguous,short,object,nonfinal,9,2,team,9.480533599853516
critical,22,unambiguous,short,object,nonfinal,9,3,lost,8.336685180664062
critical,22,unambiguous,short,object,nonfinal,9,4,the,2.5653138160705566
critical,22,unambiguous,short,object,nonfinal,9,5,final,4.820659160614014
critical,22,unambiguous,short,object,nonfinal,9,6,game,2.4839015007019043
critical,22,unambiguous,short,object,nonfinal,9,7,the,8.955108642578125
critical,22,unambiguous,short,object,nonfinal,9,8,championship,9.390530586242676
critical,22,unambiguous,short,object,nonfinal,9,9,was,2.615917921066284
critical,22,unambiguous,short,object,nonfinal,9,10,still,3.741957187652588
critical,22,unambiguous,short,object,nonfinal,9,11,a,1.892521858215332
critical,22,unambiguous,short,object,nonfinal,9,12,great,3.119114398956299
critical,22,unambiguous,short,object,nonfinal,9,13,experience,1.9101659059524536
critical,22,unambiguous,short,object,nonfinal,9,14,for,1.4735900163650513
critical,22,unambiguous,short,object,nonfinal,9,15,the,2.0411739349365234
critical,22,unambiguous,short,object,nonfinal,9,16,players.,3.2275776863098145
critical,23,ambiguous,long,comma,nonfinal,12,0,After,20.82152938842773
critical,23,ambiguous,long,comma,nonfinal,12,1,the,3.3860509395599365
critical,23,ambiguous,long,comma,nonfinal,12,2,director,13.73796844482422
critical,23,ambiguous,long,comma,nonfinal,12,3,finished,11.31692600250244
critical,23,ambiguous,long,comma,nonfinal,12,4,filming,3.4271256923675537
critical,23,ambiguous,long,comma,nonfinal,12,5,the,2.3607027530670166
critical,23,ambiguous,long,comma,nonfinal,12,6,actors,12.011919021606444
critical,23,ambiguous,long,comma,nonfinal,12,7,exhausted,19.16324234008789
critical,23,ambiguous,long,comma,nonfinal,12,8,from,3.2226521968841557
critical,23,ambiguous,long,comma,nonfinal,12,9,the,2.0600810050964355
critical,23,ambiguous,long,comma,nonfinal,12,10,long,2.9714131355285645
critical,23,ambiguous,long,comma,nonfinal,12,11,day,0.7301392555236816
critical,23,ambiguous,long,comma,nonfinal,12,12,left,14.28032112121582
critical,23,ambiguous,long,comma,nonfinal,12,13,to,3.298869371414185
critical,23,ambiguous,long,comma,nonfinal,12,14,go,3.902722597122192
critical,23,ambiguous,long,comma,nonfinal,12,15,home.,4.422612369060516
critical,23,ambiguous,short,comma,nonfinal,7,0,After,20.82152938842773
critical,23,ambiguous,short,comma,nonfinal,7,1,the,3.3860509395599365
critical,23,ambiguous,short,comma,nonfinal,7,2,director,13.73796844482422
critical,23,ambiguous,short,comma,nonfinal,7,3,finished,11.31692600250244
critical,23,ambiguous,short,comma,nonfinal,7,4,filming,3.4271256923675537
critical,23,ambiguous,short,comma,nonfinal,7,5,the,2.3607027530670166
critical,23,ambiguous,short,comma,nonfinal,7,6,actors,12.011919021606444
critical,23,ambiguous,short,comma,nonfinal,7,7,left,12.707303047180176
critical,23,ambiguous,short,comma,nonfinal,7,8,to,3.801603555679321
critical,23,ambiguous,short,comma,nonfinal,7,9,go,4.064650535583496
critical,23,ambiguous,short,comma,nonfinal,7,10,home.,5.325287342071533
critical,23,unambiguous,long,comma,nonfinal,12,0,After,20.82152938842773
critical,23,unambiguous,long,comma,nonfinal,12,1,the,3.3860509395599365
critical,23,unambiguous,long,comma,nonfinal,12,2,director,13.73796844482422
critical,23,unambiguous,long,comma,nonfinal,12,3,finished,11.31692600250244
critical,23,unambiguous,long,comma,nonfinal,12,4,"filming,",5.56769323348999
critical,23,unambiguous,long,comma,nonfinal,12,5,the,2.6520330905914307
critical,23,unambiguous,long,comma,nonfinal,12,6,actors,5.4299421310424805
critical,23,unambiguous,long,comma,nonfinal,12,7,exhausted,16.011999130249023
critical,23,unambiguous,long,comma,nonfinal,12,8,from,5.355401515960693
critical,23,unambiguous,long,comma,nonfinal,12,9,the,1.7913354635238647
critical,23,unambiguous,long,comma,nonfinal,12,10,long,2.792405128479004
critical,23,unambiguous,long,comma,nonfinal,12,11,day,0.8985405564308167
critical,23,unambiguous,long,comma,nonfinal,12,12,left,8.252421379089355
critical,23,unambiguous,long,comma,nonfinal,12,13,to,4.36179256439209
critical,23,unambiguous,long,comma,nonfinal,12,14,go,2.6061275005340576
critical,23,unambiguous,long,comma,nonfinal,12,15,home.,1.7323758006095886
critical,23,unambiguous,short,comma,nonfinal,7,0,After,20.82152938842773
critical,23,unambiguous,short,comma,nonfinal,7,1,the,3.3860509395599365
critical,23,unambiguous,short,comma,nonfinal,7,2,director,13.73796844482422
critical,23,unambiguous,short,comma,nonfinal,7,3,finished,11.31692600250244
critical,23,unambiguous,short,comma,nonfinal,7,4,"filming,",5.56769323348999
critical,23,unambiguous,short,comma,nonfinal,7,5,the,2.6520330905914307
critical,23,unambiguous,short,comma,nonfinal,7,6,actors,5.4299421310424805
critical,23,unambiguous,short,comma,nonfinal,7,7,left,6.346736907958984
critical,23,unambiguous,short,comma,nonfinal,7,8,to,4.3628997802734375
critical,23,unambiguous,short,comma,nonfinal,7,9,go,2.8500235080718994
critical,23,unambiguous,short,comma,nonfinal,7,10,home.,2.9741069078445435
critical,24,ambiguous,long,object,final,8,0,As,19.27421760559082
critical,24,ambiguous,long,object,final,8,1,the,2.6874070167541504
critical,24,ambiguous,long,object,final,8,2,doctor,13.126789093017578
critical,24,ambiguous,long,object,final,8,3,lectured,15.655850283801556
critical,24,ambiguous,long,object,final,8,4,the,3.7057294845581055
critical,24,ambiguous,long,object,final,8,5,student,6.143844127655029
critical,24,ambiguous,long,object,final,8,6,watching,14.154556274414062
critical,24,ambiguous,long,object,final,8,7,quietly,11.685453414916992
critical,24,ambiguous,long,object,final,8,8,listened.,18.62281036376953
critical,24,ambiguous,short,object,final,6,0,As,19.27421760559082
critical,24,ambiguous,short,object,final,6,1,the,2.6874070167541504
critical,24,ambiguous,short,object,final,6,2,doctor,13.126789093017578
critical,24,ambiguous,short,object,final,6,3,lectured,15.655850283801556
critical,24,ambiguous,short,object,final,6,4,the,3.7057294845581055
critical,24,ambiguous,short,object,final,6,5,student,6.143844127655029
critical,24,ambiguous,short,object,final,6,6,listened.,24.880103588104248
critical,24,unambiguous,long,object,final,10,0,As,19.27421760559082
critical,24,unambiguous,long,object,final,10,1,the,2.6874070167541504
critical,24,unambiguous,long,object,final,10,2,doctor,13.126789093017578
critical,24,unambiguous,long,object,final,10,3,lectured,15.655850283801556
critical,24,unambiguous,long,object,final,10,4,the,3.7057294845581055
critical,24,unambiguous,long,object,final,10,5,nurse,9.365092277526855
critical,24,unambiguous,long,object,final,10,6,the,7.375140190124512
critical,24,unambiguous,long,object,final,10,7,student,10.328557968139648
critical,24,unambiguous,long,object,final,10,8,watching,13.810026168823242
critical,24,unambiguous,long,object,final,10,9,quietly,7.195768356323242
critical,24,unambiguous,long,object,final,10,10,listened.,8.95194125175476
critical,24,unambiguous,short,object,final,8,0,As,19.27421760559082
critical,24,unambiguous,short,object,final,8,1,the,2.6874070167541504
critical,24,unambiguous,short,object,final,8,2,doctor,13.126789093017578
critical,24,unambiguous,short,object,final,8,3,lectured,15.655850283801556
critical,24,unambiguous,short,object,final,8,4,the,3.7057294845581055
critical,24,unambiguous,short,object,final,8,5,nurse,9.365092277526855
critical,24,unambiguous,short,object,final,8,6,the,7.375140190124512
critical,24,unambiguous,short,object,final,8,7,student,10.328557968139648
critical,24,unambiguous,short,object,final,8,8,listened.,11.935701847076416
critical,25,ambiguous,long,object,nonfinal,9,0,After,20.82152938842773
critical,25,ambiguous,long,object,nonfinal,9,1,the,3.3860509395599365
critical,25,ambiguous,long,object,nonfinal,9,2,teacher,15.506818771362305
critical,25,ambiguous,long,object,nonfinal,9,3,finished,12.054572105407717
critical,25,ambiguous,long,object,nonfinal,9,4,grading,8.73742961883545
critical,25,ambiguous,long,object,nonfinal,9,5,the,1.9250320196151731
critical,25,ambiguous,long,object,nonfinal,9,6,students,4.707822799682617
critical,25,ambiguous,long,object,nonfinal,9,7,studying,14.340621948242188
critical,25,ambiguous,long,object,nonfinal,9,8,engineering,13.68043327331543
critical,25,ambiguous,long,object,nonfinal,9,9,passed,18.673816680908203
critical,25,ambiguous,long,object,nonfinal,9,10,the,1.975213885307312
critical,25,ambiguous,long,object,nonfinal,9,11,class.,7.105589866638184
critical,25,ambiguous,short,object,nonfinal,7,0,After,20.82152938842773
critical,25,ambiguous,short,object,nonfinal,7,1,the,3.3860509395599365
critical,25,ambiguous,short,object,nonfinal,7,2,teacher,15.506818771362305
critical,25,ambiguous,short,object,nonfinal,7,3,finished,12.054572105407717
critical,25,ambiguous,short,object,nonfinal,7,4,grading,8.73742961883545
critical,25,ambiguous,short,object,nonfinal,7,5,the,1.9250320196151731
critical,25,ambiguous,short,object,nonfinal,7,6,students,4.707822799682617
critical,25,ambiguous,short,object,nonfinal,7,7,passed,16.51644515991211
critical,25,ambiguous,short,object,nonfinal,7,8,the,1.652833104133606
critical,25,ambiguous,short,object,nonfinal,7,9,class.,6.939235687255859
critical,25,unambiguous,long,object,nonfinal,11,0,After,20.82152938842773
critical,25,unambiguous,long,object,nonfinal,11,1,the,3.3860509395599365
critical,25,unambiguous,long,object,nonfinal,11,2,teacher,15.506818771362305
critical,25,unambiguous,long,object,nonfinal,11,3,finished,12.054572105407717
critical,25,unambiguous,long,object,nonfinal,11,4,grading,8.73742961883545
critical,25,unambiguous,long,object,nonfinal,11,5,the,1.9250320196151731
critical,25,unambiguous,long,object,nonfinal,11,6,final,4.518072128295898
critical,25,unambiguous,long,object,nonfinal,11,7,the,12.52112102508545
critical,25,unambiguous,long,object,nonfinal,11,8,students,2.889788627624512
critical,25,unambiguous,long,object,nonfinal,11,9,studying,16.870988845825195
critical,25,unambiguous,long,object,nonfinal,11,10,engineering,12.552478790283203
critical,25,unambiguous,long,object,nonfinal,11,11,passed,9.17647647857666
critical,25,unambiguous,long,object,nonfinal,11,12,the,1.5554908514022827
critical,25,unambiguous,long,object,nonfinal,11,13,class.,6.771020174026489
critical,25,unambiguous,short,object,nonfinal,9,0,After,20.82152938842773
critical,25,unambiguous,short,object,nonfinal,9,1,the,3.3860509395599365
critical,25,unambiguous,short,object,nonfinal,9,2,teacher,15.506818771362305
critical,25,unambiguous,short,object,nonfinal,9,3,finished,12.054572105407717
critical,25,unambiguous,short,object,nonfinal,9,4,grading,8.73742961883545
critical,25,unambiguous,short,object,nonfinal,9,5,the,1.9250320196151731
critical,25,unambiguous,short,object,nonfinal,9,6,final,4.518072128295898
critical,25,unambiguous,short,object,nonfinal,9,7,the,12.52112102508545
critical,25,unambiguous,short,object,nonfinal,9,8,students,2.889788627624512
critical,25,unambiguous,short,object,nonfinal,9,9,passed,10.261488914489746
critical,25,unambiguous,short,object,nonfinal,9,10,the,1.6584782600402832
critical,25,unambiguous,short,object,nonfinal,9,11,class.,6.661321640014648
critical,26,ambiguous,long,comma,final,9,0,As,19.27421760559082
critical,26,ambiguous,long,comma,final,9,1,the,2.6874070167541504
critical,26,ambiguous,long,comma,final,9,2,people,9.95150375366211
critical,26,ambiguous,long,comma,final,9,3,gathered,7.7803635597229
critical,26,ambiguous,long,comma,final,9,4,the,8.757537841796875
critical,26,ambiguous,long,comma,final,9,5,animals,10.478660583496094
critical,26,ambiguous,long,comma,final,9,6,in,3.6850874423980713
critical,26,ambiguous,long,comma,final,9,7,the,1.3293983936309814
critical,26,ambiguous,long,comma,final,9,8,park,5.797550201416016
critical,26,ambiguous,long,comma,final,9,9,scattered.,18.046485900878903
critical,26,ambiguous,short,comma,final,6,0,As,19.27421760559082
critical,26,ambiguous,short,comma,final,6,1,the,2.6874070167541504
critical,26,ambiguous,short,comma,final,6,2,people,9.95150375366211
critical,26,ambiguous,short,comma,final,6,3,gathered,7.7803635597229
critical,26,ambiguous,short,comma,final,6,4,the,8.757537841796875
critical,26,ambiguous,short,comma,final,6,5,animals,10.478660583496094
critical,26,ambiguous,short,comma,final,6,6,scattered.,14.188446998596191
critical,26,unambiguous,long,comma,final,9,0,As,19.27421760559082
critical,26,unambiguous,long,comma,final,9,1,the,2.6874070167541504
critical,26,unambiguous,long,comma,final,9,2,people,9.95150375366211
critical,26,unambiguous,long,comma,final,9,3,"gathered,",12.339216232299805
critical,26,unambiguous,long,comma,final,9,4,the,2.402801275253296
critical,26,unambiguous,long,comma,final,9,5,animals,11.56912612915039
critical,26,unambiguous,long,comma,final,9,6,in,5.216035842895508
critical,26,unambiguous,long,comma,final,9,7,the,0.4302400648593902
critical,26,unambiguous,long,comma,final,9,8,park,5.304606914520264
critical,26,unambiguous,long,comma,final,9,9,scattered.,11.951395988464355
critical,26,unambiguous,short,comma,final,6,0,As,19.27421760559082
critical,26,unambiguous,short,comma,final,6,1,the,2.6874070167541504
critical,26,unambiguous,short,comma,final,6,2,people,9.95150375366211
critical,26,unambiguous,short,comma,final,6,3,"gathered,",12.339216232299805
critical,26,unambiguous,short,comma,final,6,4,the,2.402801275253296
critical,26,unambiguous,short,comma,final,6,5,animals,11.56912612915039
critical,26,unambiguous,short,comma,final,6,6,scattered.,10.080011129379272
critical,27,ambiguous,long,comma,nonfinal,8,0,Once,21.83137321472168
critical,27,ambiguous,long,comma,nonfinal,8,1,the,3.26051926612854
critical,27,ambiguous,long,comma,nonfinal,8,2,audience,11.88633155822754
critical,27,ambiguous,long,comma,nonfinal,8,3,quieted,12.295017287135124
critical,27,ambiguous,long,comma,nonfinal,8,4,the,8.434830665588379
critical,27,ambiguous,long,comma,nonfinal,8,5,man,7.050600051879883
critical,27,ambiguous,long,comma,nonfinal,8,6,talking,9.56040382385254
critical,27,ambiguous,long,comma,nonfinal,8,7,loudly,6.391501426696777
critical,27,ambiguous,long,comma,nonfinal,8,8,put,12.729659080505373
critical,27,ambiguous,long,comma,nonfinal,8,9,away,6.998955249786377
critical,27,ambiguous,long,comma,nonfinal,8,10,his,0.6350424885749817
critical,27,ambiguous,long,comma,nonfinal,8,11,phone.,6.160124063491821
critical,27,ambiguous,short,comma,nonfinal,6,0,Once,21.83137321472168
critical,27,ambiguous,short,comma,nonfinal,6,1,the,3.26051926612854
critical,27,ambiguous,short,comma,nonfinal,6,2,audience,11.88633155822754
critical,27,ambiguous,short,comma,nonfinal,6,3,quieted,12.295017287135124
critical,27,ambiguous,short,comma,nonfinal,6,4,the,8.434830665588379
critical,27,ambiguous,short,comma,nonfinal,6,5,man,7.050600051879883
critical,27,ambiguous,short,comma,nonfinal,6,6,put,10.239371299743652
critical,27,ambiguous,short,comma,nonfinal,6,7,away,8.004317283630371
critical,27,ambiguous,short,comma,nonfinal,6,8,his,0.5519735217094421
critical,27,ambiguous,short,comma,nonfinal,6,9,phone.,8.661962509155273
critical,27,unambiguous,long,comma,nonfinal,8,0,Once,21.83137321472168
critical,27,unambiguous,long,comma,nonfinal,8,1,the,3.26051926612854
critical,27,unambiguous,long,comma,nonfinal,8,2,audience,11.88633155822754
critical,27,unambiguous,long,comma,nonfinal,8,3,"quieted,",14.627268597483637
critical,27,unambiguous,long,comma,nonfinal,8,4,the,2.4045279026031494
critical,27,unambiguous,long,comma,nonfinal,8,5,man,6.385472774505615
critical,27,unambiguous,long,comma,nonfinal,8,6,talking,11.404986381530762
critical,27,unambiguous,long,comma,nonfinal,8,7,loudly,7.67466926574707
critical,27,unambiguous,long,comma,nonfinal,8,8,put,8.361639976501465
critical,27,unambiguous,long,comma,nonfinal,8,9,away,7.102148532867432
critical,27,unambiguous,long,comma,nonfinal,8,10,his,0.3595001399517059
critical,27,unambiguous,long,comma,nonfinal,8,11,phone.,5.070916891098023
critical,27,unambiguous,short,comma,nonfinal,6,0,Once,21.83137321472168
critical,27,unambiguous,short,comma,nonfinal,6,1,the,3.26051926612854
critical,27,unambiguous,short,comma,nonfinal,6,2,audience,11.88633155822754
critical,27,unambiguous,short,comma,nonfinal,6,3,"quieted,",14.627268597483637
critical,27,unambiguous,short,comma,nonfinal,6,4,the,2.4045279026031494
critical,27,unambiguous,short,comma,nonfinal,6,5,man,6.385472774505615
critical,27,unambiguous,short,comma,nonfinal,6,6,put,8.32403564453125
critical,27,unambiguous,short,comma,nonfinal,6,7,away,7.383647918701172
critical,27,unambiguous,short,comma,nonfinal,6,8,his,0.4820907711982727
critical,27,unambiguous,short,comma,nonfinal,6,9,phone.,8.145725727081299
critical,28,ambiguous,long,comma,nonfinal,9,0,After,20.82152938842773
critical,28,ambiguous,long,comma,nonfinal,9,1,the,3.3860509395599365
critical,28,ambiguous,long,comma,nonfinal,9,2,corrupt,15.943706512451172
critical,28,ambiguous,long,comma,nonfinal,9,3,politician,7.169248104095459
critical,28,ambiguous,long,comma,nonfinal,9,4,signed,14.401639938354492
critical,28,ambiguous,long,comma,nonfinal,9,5,the,1.5324411392211914
critical,28,ambiguous,long,comma,nonfinal,9,6,bill,3.3571977615356445
critical,28,ambiguous,long,comma,nonfinal,9,7,on,6.108755588531494
critical,28,ambiguous,long,comma,nonfinal,9,8,taxes,12.46666431427002
critical,28,ambiguous,long,comma,nonfinal,9,9,received,14.098172187805176
critical,28,ambiguous,long,comma,nonfinal,9,10,unwelcome,22.179441452026367
critical,28,ambiguous,long,comma,nonfinal,9,11,attention,2.127546548843384
critical,28,ambiguous,long,comma,nonfinal,9,12,from,1.0585064888000488
critical,28,ambiguous,long,comma,nonfinal,9,13,southern,15.267627716064451
critical,28,ambiguous,long,comma,nonfinal,9,14,voters.,10.284664511680605
critical,28,ambiguous,short,comma,nonfinal,7,0,After,20.82152938842773
critical,28,ambiguous,short,comma,nonfinal,7,1,the,3.3860509395599365
critical,28,ambiguous,short,comma,nonfinal,7,2,corrupt,15.943706512451172
critical,28,ambiguous,short,comma,nonfinal,7,3,politician,7.169248104095459
critical,28,ambiguous,short,comma,nonfinal,7,4,signed,14.401639938354492
critical,28,ambiguous,short,comma,nonfinal,7,5,the,1.5324411392211914
critical,28,ambiguous,short,comma,nonfinal,7,6,bill,3.3571977615356445
critical,28,ambiguous,short,comma,nonfinal,7,7,received,16.845619201660156
critical,28,ambiguous,short,comma,nonfinal,7,8,unwelcome,17.04143524169922
critical,28,ambiguous,short,comma,nonfinal,7,9,attention,2.2244138717651367
critical,28,ambiguous,short,comma,nonfinal,7,10,from,1.376030445098877
critical,28,ambiguous,short,comma,nonfinal,7,11,southern,15.526986122131348
critical,28,ambiguous,short,comma,nonfinal,7,12,voters.,11.221238136291504
critical,28,unambiguous,long,comma,nonfinal,9,0,After,20.82152938842773
critical,28,unambiguous,long,comma,nonfinal,9,1,the,3.3860509395599365
critical,28,unambiguous,long,comma,nonfinal,9,2,corrupt,15.943706512451172
critical,28,unambiguous,long,comma,nonfinal,9,3,politician,7.169248104095459
critical,28,unambiguous,long,comma,nonfinal,9,4,"signed,",21.087188720703125
critical,28,unambiguous,long,comma,nonfinal,9,5,the,1.8273074626922607
critical,28,unambiguous,long,comma,nonfinal,9,6,bill,9.055706977844238
critical,28,unambiguous,long,comma,nonfinal,9,7,on,9.435904502868652
critical,28,unambiguous,long,comma,nonfinal,9,8,taxes,11.82679557800293
critical,28,unambiguous,long,comma,nonfinal,9,9,received,8.807270050048828
critical,28,unambiguous,long,comma,nonfinal,9,10,unwelcome,17.75385093688965
critical,28,unambiguous,long,comma,nonfinal,9,11,attention,0.7105965614318848
critical,28,unambiguous,long,comma,nonfinal,9,12,from,1.283092379570007
critical,28,unambiguous,long,comma,nonfinal,9,13,southern,14.514246940612791
critical,28,unambiguous,long,comma,nonfinal,9,14,voters.,9.80863118171692
critical,28,unambiguous,short,comma,nonfinal,7,0,After,20.82152938842773
critical,28,unambiguous,short,comma,nonfinal,7,1,the,3.3860509395599365
critical,28,unambiguous,short,comma,nonfinal,7,2,corrupt,15.943706512451172
critical,28,unambiguous,short,comma,nonfinal,7,3,politician,7.169248104095459
critical,28,unambiguous,short,comma,nonfinal,7,4,"signed,",21.087188720703125
critical,28,unambiguous,short,comma,nonfinal,7,5,the,1.8273074626922607
critical,28,unambiguous,short,comma,nonfinal,7,6,bill,9.055706977844238
critical,28,unambiguous,short,comma,nonfinal,7,7,received,9.212470054626465
critical,28,unambiguous,short,comma,nonfinal,7,8,unwelcome,16.943546295166016
critical,28,unambiguous,short,comma,nonfinal,7,9,attention,0.6842928528785706
critical,28,unambiguous,short,comma,nonfinal,7,10,from,1.1310749053955078
critical,28,unambiguous,short,comma,nonfinal,7,11,southern,14.529452323913574
critical,28,unambiguous,short,comma,nonfinal,7,12,voters.,10.088940858840942
critical,29,ambiguous,long,object,nonfinal,10,0,While,20.730052947998047
critical,29,ambiguous,long,object,nonfinal,10,1,the,2.4466512203216557
critical,29,ambiguous,long,object,nonfinal,10,2,art,12.228582382202148
critical,29,ambiguous,long,object,nonfinal,10,3,class,10.768610954284668
critical,29,ambiguous,long,object,nonfinal,10,4,painted,15.466081619262695
critical,29,ambiguous,long,object,nonfinal,10,5,the,2.1111888885498047
critical,29,ambiguous,long,object,nonfinal,10,6,model,8.759367942810059
critical,29,ambiguous,long,object,nonfinal,10,7,in,4.2669677734375
critical,29,ambiguous,long,object,nonfinal,10,8,the,2.71033787727356
critical,29,ambiguous,long,object,nonfinal,10,9,nude,5.419690132141113
critical,29,ambiguous,long,object,nonfinal,10,10,stayed,20.56880760192871
critical,29,ambiguous,long,object,nonfinal,10,11,still.,15.782334327697754
critical,29,ambiguous,short,object,nonfinal,7,0,While,20.730052947998047
critical,29,ambiguous,short,object,nonfinal,7,1,the,2.4466512203216557
critical,29,ambiguous,short,object,nonfinal,7,2,art,12.228582382202148
critical,29,ambiguous,short,object,nonfinal,7,3,class,10.768610954284668
critical,29,ambiguous,short,object,nonfinal,7,4,painted,15.466081619262695
critical,29,ambiguous,short,object,nonfinal,7,5,the,2.1111888885498047
critical,29,ambiguous,short,object,nonfinal,7,6,model,8.759367942810059
critical,29,ambiguous,short,object,nonfinal,7,7,stayed,20.10382652282715
critical,29,ambiguous,short,object,nonfinal,7,8,still.,11.481490135192873
critical,29,unambiguous,long,object,nonfinal,12,0,While,20.730052947998047
critical,29,unambiguous,long,object,nonfinal,12,1,the,2.4466512203216557
critical,29,unambiguous,long,object,nonfinal,12,2,art,12.228582382202148
critical,29,unambiguous,long,object,nonfinal,12,3,class,10.768610954284668
critical,29,unambiguous,long,object,nonfinal,12,4,painted,15.466081619262695
critical,29,unambiguous,long,object,nonfinal,12,5,their,5.1104512214660645
critical,29,unambiguous,long,object,nonfinal,12,6,portraits,5.540624618530273
critical,29,unambiguous,long,object,nonfinal,12,7,the,8.380202293395996
critical,29,unambiguous,long,object,nonfinal,12,8,model,11.18926239013672
critical,29,unambiguous,long,object,nonfinal,12,9,in,6.81559944152832
critical,29,unambiguous,long,object,nonfinal,12,10,the,1.3854482173919678
critical,29,unambiguous,long,object,nonfinal,12,11,nude,4.968547344207764
critical,29,unambiguous,long,object,nonfinal,12,12,stayed,11.667113304138184
critical,29,unambiguous,long,object,nonfinal,12,13,still.,8.995086193084717
critical,29,unambiguous,short,object,nonfinal,9,0,While,20.730052947998047
critical,29,unambiguous,short,object,nonfinal,9,1,the,2.4466512203216557
critical,29,unambiguous,short,object,nonfinal,9,2,art,12.228582382202148
critical,29,unambiguous,short,object,nonfinal,9,3,class,10.768610954284668
critical,29,unambiguous,short,object,nonfinal,9,4,painted,15.466081619262695
critical,29,unambiguous,short,object,nonfinal,9,5,their,5.1104512214660645
critical,29,unambiguous,short,object,nonfinal,9,6,portraits,5.540624618530273
critical,29,unambiguous,short,object,nonfinal,9,7,the,8.380202293395996
critical,29,unambiguous,short,object,nonfinal,9,8,model,11.18926239013672
critical,29,unambiguous,short,object,nonfinal,9,9,stayed,8.935791969299316
critical,29,unambiguous,short,object,nonfinal,9,10,still.,9.925411462783812
critical,30,ambiguous,long,object,final,8,0,As,19.27421760559082
critical,30,ambiguous,long,object,final,8,1,the,2.6874070167541504
critical,30,ambiguous,long,object,final,8,2,professor,14.692392349243164
critical,30,ambiguous,long,object,final,8,3,wrote,8.224156379699707
critical,30,ambiguous,long,object,final,8,4,the,6.405945777893066
critical,30,ambiguous,long,object,final,8,5,textbook,8.086181640625
critical,30,ambiguous,long,object,final,8,6,on,3.7436563968658447
critical,30,ambiguous,long,object,final,8,7,biology,9.578631401062012
critical,30,ambiguous,long,object,final,8,8,grew.,26.308323860168457
critical,30,ambiguous,short,object,final,6,0,As,19.27421760559082
critical,30,ambiguous,short,object,final,6,1,the,2.6874070167541504
critical,30,ambiguous,short,object,final,6,2,professor,14.692392349243164
critical,30,ambiguous,short,object,final,6,3,wrote,8.224156379699707
critical,30,ambiguous,short,object,final,6,4,the,6.405945777893066
critical,30,ambiguous,short,object,final,6,5,textbook,8.086181640625
critical,30,ambiguous,short,object,final,6,6,grew.,24.753390789031982
critical,30,unambiguous,long,object,final,10,0,As,19.27421760559082
critical,30,unambiguous,long,object,final,10,1,the,2.6874070167541504
critical,30,unambiguous,long,object,final,10,2,professor,14.692392349243164
critical,30,unambiguous,long,object,final,10,3,wrote,8.224156379699707
critical,30,unambiguous,long,object,final,10,4,the,6.405945777893066
critical,30,unambiguous,long,object,final,10,5,chapter,7.691181659698486
critical,30,unambiguous,long,object,final,10,6,the,8.574678421020508
critical,30,unambiguous,long,object,final,10,7,textbook,8.771340370178223
critical,30,unambiguous,long,object,final,10,8,on,6.407055377960205
critical,30,unambiguous,long,object,final,10,9,biology,9.862269401550291
critical,30,unambiguous,long,object,final,10,10,grew.,20.171931743621823
critical,30,unambiguous,short,object,final,8,0,As,19.27421760559082
critical,30,unambiguous,short,object,final,8,1,the,2.6874070167541504
critical,30,unambiguous,short,object,final,8,2,professor,14.692392349243164
critical,30,unambiguous,short,object,final,8,3,wrote,8.224156379699707
critical,30,unambiguous,short,object,final,8,4,the,6.405945777893066
critical,30,unambiguous,short,object,final,8,5,chapter,7.691181659698486
critical,30,unambiguous,short,object,final,8,6,the,8.574678421020508
critical,30,unambiguous,short,object,final,8,7,textbook,8.771340370178223
critical,30,unambiguous,short,object,final,8,8,grew.,18.178872108459476
filler,1,,,,,-1,0,The,15.880077362060549
filler,1,,,,,-1,1,little,11.501548767089844
filler,1,,,,,-1,2,blonde,9.224933624267578
filler,1,,,,,-1,3,girls,8.642600059509277
filler,1,,,,,-1,4,turned,9.587994575500488
filler,1,,,,,-1,5,out,2.00410270690918
filler,1,,,,,-1,6,to,0.3777316808700561
filler,1,,,,,-1,7,be,0.0850598663091659
filler,1,,,,,-1,8,daughters,13.137106895446776
filler,1,,,,,-1,9,of,0.1777695268392563
filler,1,,,,,-1,10,one,5.748683929443359
filler,1,,,,,-1,11,of,0.3613795638084411
filler,1,,,,,-1,12,the,0.6601327061653137
filler,1,,,,,-1,13,neighbors.,13.303275108337402
filler,2,,,,,-1,0,After,20.82152938842773
filler,2,,,,,-1,1,the,3.3860509395599365
filler,2,,,,,-1,2,show,9.11119556427002
filler,2,,,,,-1,3,the,6.73838472366333
filler,2,,,,,-1,4,famous,12.256540298461914
filler,2,,,,,-1,5,violinist,11.266997322440147
filler,2,,,,,-1,6,met,11.180285453796388
filler,2,,,,,-1,7,with,1.586658239364624
filler,2,,,,,-1,8,some,5.845373630523682
filler,2,,,,,-1,9,of,1.6188616752624512
filler,2,,,,,-1,10,his,2.143733501434326
filler,2,,,,,-1,11,devoted,11.51738452911377
filler,2,,,,,-1,12,fans.,3.671620488166809
filler,3,,,,,-1,0,The,15.880077362060549
filler,3,,,,,-1,1,pharmacologist,21.710825204849243
filler,3,,,,,-1,2,made,9.911149978637695
filler,3,,,,,-1,3,sure,7.583717346191406
filler,3,,,,,-1,4,that,2.086327075958252
filler,3,,,,,-1,5,the,2.042555332183838
filler,3,,,,,-1,6,new,6.670538902282715
filler,3,,,,,-1,7,shipment,11.943296432495115
filler,3,,,,,-1,8,of,1.627877712249756
filler,3,,,,,-1,9,patches,12.598414421081545
filler,3,,,,,-1,10,didn't,5.437350983265787
filler,3,,,,,-1,11,have,3.6799142360687256
filler,3,,,,,-1,12,any,0.990126132965088
filler,3,,,,,-1,13,tears.,17.69716739654541
filler,4,,,,,-1,0,On,19.6359806060791
filler,4,,,,,-1,1,returning,13.856840133666992
filler,4,,,,,-1,2,from,2.2743756771087646
filler,4,,,,,-1,3,abroad,9.3442964553833
filler,4,,,,,-1,4,the,6.157127380371094
filler,4,,,,,-1,5,accountant,17.481149673461914
filler,4,,,,,-1,6,discovered,7.508896827697754
filler,4,,,,,-1,7,he,4.025423049926758
filler,4,,,,,-1,8,had,0.7919897437095642
filler,4,,,,,-1,9,a,3.959142446517944
filler,4,,,,,-1,10,serious,7.472829818725586
filler,4,,,,,-1,11,case,2.5493950843811035
filler,4,,,,,-1,12,of,0.0063041960820555
filler,4,,,,,-1,13,malaria.,6.719307959079742
filler,5,,,,,-1,0,The,15.880077362060549
filler,5,,,,,-1,1,coach,12.930349349975586
filler,5,,,,,-1,2,encouraged,14.155781745910645
filler,5,,,,,-1,3,his,1.637420654296875
filler,5,,,,,-1,4,team,2.927098035812378
filler,5,,,,,-1,5,as,8.088814735412598
filler,5,,,,,-1,6,the,3.130488634109497
filler,5,,,,,-1,7,game,3.8944342136383057
filler,5,,,,,-1,8,turned,7.585844993591309
filler,5,,,,,-1,9,increasingly,11.112887382507324
filler,5,,,,,-1,10,discouraging.,13.219038009643556
filler,6,,,,,-1,0,The,15.880077362060549
filler,6,,,,,-1,1,photographer,14.18838596343994
filler,6,,,,,-1,2,posed,13.031332015991213
filler,6,,,,,-1,3,the,3.633408546447754
filler,6,,,,,-1,4,newlyweds,17.2327542535495
filler,6,,,,,-1,5,in,2.2947163581848145
filler,6,,,,,-1,6,front,1.987536072731018
filler,6,,,,,-1,7,of,0.0083528533577919
filler,6,,,,,-1,8,an,4.304651260375977
filler,6,,,,,-1,9,old,3.114444732666016
filler,6,,,,,-1,10,oak,8.770230293273926
filler,6,,,,,-1,11,tree,0.2428683936595916
filler,6,,,,,-1,12,that,3.731354951858521
filler,6,,,,,-1,13,stood,4.434133529663086
filler,6,,,,,-1,14,by,6.608434677124023
filler,6,,,,,-1,15,the,0.8488072752952576
filler,6,,,,,-1,16,pond.,8.094773530960083
filler,7,,,,,-1,0,The,15.880077362060549
filler,7,,,,,-1,1,horse,13.739832878112791
filler,7,,,,,-1,2,galloped,11.70707654953003
filler,7,,,,,-1,3,furiously,9.243350982666016
filler,7,,,,,-1,4,around,6.533795833587647
filler,7,,,,,-1,5,the,0.5378144979476929
filler,7,,,,,-1,6,field,4.3115057945251465
filler,7,,,,,-1,7,before,6.585273265838623
filler,7,,,,,-1,8,jumping,7.897847652435303
filler,7,,,,,-1,9,over,3.147763967514038
filler,7,,,,,-1,10,the,1.2164442539215088
filler,7,,,,,-1,11,fence.,4.237722635269165
filler,8,,,,,-1,0,The,15.880077362060549
filler,8,,,,,-1,1,talented,14.782583236694336
filler,8,,,,,-1,2,cartoonists,13.966372966766356
filler,8,,,,,-1,3,drew,12.26023006439209
filler,8,,,,,-1,4,a,2.892309188842773
filler,8,,,,,-1,5,huge,6.291557312011719
filler,8,,,,,-1,6,illustration,7.511722564697266
filler,8,,,,,-1,7,of,1.0222305059432983
filler,8,,,,,-1,8,the,1.835975289344788
filler,8,,,,,-1,9,upcoming,7.312583923339844
filler,8,,,,,-1,10,mall,15.335243225097656
filler,8,,,,,-1,11,to,5.368446826934815
filler,8,,,,,-1,12,be,3.5049445629119877
filler,8,,,,,-1,13,opened,5.452081203460693
filler,8,,,,,-1,14,in,1.3115301132202148
filler,8,,,,,-1,15,May.,10.596341133117676
filler,9,,,,,-1,0,The,15.880077362060549
filler,9,,,,,-1,1,protesters,14.178842544555664
filler,9,,,,,-1,2,rallied,9.849398612976074
filler,9,,,,,-1,3,outside,2.094972848892212
filler,9,,,,,-1,4,the,0.8770537376403809
filler,9,,,,,-1,5,state,6.142364978790283
filler,9,,,,,-1,6,capital,3.381028890609741
filler,9,,,,,-1,7,to,4.633856296539307
filler,9,,,,,-1,8,petition,13.442323684692385
filler,9,,,,,-1,9,the,1.065099596977234
filler,9,,,,,-1,10,widely,18.622241973876957
filler,9,,,,,-1,11,controversial,8.36093521118164
filler,9,,,,,-1,12,bill.,6.328932762145996
filler,10,,,,,-1,0,The,15.880077362060549
filler,10,,,,,-1,1,small,11.56437873840332
filler,10,,,,,-1,2,orange,12.055124282836914
filler,10,,,,,-1,3,kitten,8.976160049438477
filler,10,,,,,-1,4,climbed,10.393479347229004
filler,10,,,,,-1,5,up,2.531686544418335
filler,10,,,,,-1,6,the,2.109711170196533
filler,10,,,,,-1,7,curtains,11.609910011291504
filler,10,,,,,-1,8,behind,8.260659217834473
filler,10,,,,,-1,9,the,1.9115898609161377
filler,10,,,,,-1,10,couch,4.110110282897949
filler,10,,,,,-1,11,when,7.175412178039551
filler,10,,,,,-1,12,the,3.0412917137146
filler,10,,,,,-1,13,vacuum,12.009363174438477
filler,10,,,,,-1,14,turned,9.125832557678224
filler,10,,,,,-1,15,on.,1.4009651243686676
filler,11,,,,,-1,0,The,15.880077362060549
filler,11,,,,,-1,1,captain,12.63148593902588
filler,11,,,,,-1,2,made,9.387003898620604
filler,11,,,,,-1,3,sure,5.830393314361572
filler,11,,,,,-1,4,the,2.713139057159424
filler,11,,,,,-1,5,sailors,8.544724464416504
filler,11,,,,,-1,6,fixed,14.663872718811035
filler,11,,,,,-1,7,the,2.187093734741211
filler,11,,,,,-1,8,rudder,7.16588405391667
filler,11,,,,,-1,9,before,4.059925556182861
filler,11,,,,,-1,10,setting,5.199869155883789
filler,11,,,,,-1,11,sail.,3.37079119682312
filler,12,,,,,-1,0,The,15.880077362060549
filler,12,,,,,-1,1,student,12.612065315246582
filler,12,,,,,-1,2,felt,13.002936363220217
filler,12,,,,,-1,3,that,3.147117376327514
filler,12,,,,,-1,4,he,2.5813026428222656
filler,12,,,,,-1,5,hadn't,9.618280179332942
filler,12,,,,,-1,6,prepared,9.141921043395996
filler,12,,,,,-1,7,sufficiently,5.83181619644165
filler,12,,,,,-1,8,after,9.036802291870115
filler,12,,,,,-1,9,he,4.293879985809326
filler,12,,,,,-1,10,finished,6.181729316711426
filler,12,,,,,-1,11,the,2.2949323654174805
filler,12,,,,,-1,12,midterm.,10.556971073150637
filler,13,,,,,-1,0,The,15.880077362060549
filler,13,,,,,-1,1,boys,12.30909824371338
filler,13,,,,,-1,2,rode,14.199878692626951
filler,13,,,,,-1,3,their,3.486578226089477
filler,13,,,,,-1,4,bikes,1.26463520526886
filler,13,,,,,-1,5,past,5.752840518951416
filler,13,,,,,-1,6,the,1.483628273010254
filler,13,,,,,-1,7,yellow,9.93801975250244
filler,13,,,,,-1,8,wall,7.553645133972168
filler,13,,,,,-1,9,that,3.840942144393921
filler,13,,,,,-1,10,stood,5.870539665222168
filler,13,,,,,-1,11,in,2.002283811569214
filler,13,,,,,-1,12,front,2.374210834503174
filler,13,,,,,-1,13,of,0.0246581844985485
filler,13,,,,,-1,14,the,0.7396189570426941
filler,13,,,,,-1,15,old,6.642415523529053
filler,13,,,,,-1,16,factory.,8.700865745544434
filler,14,,,,,-1,0,The,15.880077362060549
filler,14,,,,,-1,1,desert,14.599346160888672
filler,14,,,,,-1,2,bandits,13.695380210876465
filler,14,,,,,-1,3,joked,19.01920509338379
filler,14,,,,,-1,4,that,2.4571449756622314
filler,14,,,,,-1,5,the,2.92265248298645
filler,14,,,,,-1,6,oasis,12.268335670232773
filler,14,,,,,-1,7,in,5.124661922454834
filler,14,,,,,-1,8,the,1.2074557542800903
filler,14,,,,,-1,9,horizon,11.291899681091309
filler,14,,,,,-1,10,was,0.9389798641204834
filler,14,,,,,-1,11,all,8.349824905395508
filler,14,,,,,-1,12,but,5.299960613250732
filler,14,,,,,-1,13,a,5.010594844818115
filler,14,,,,,-1,14,wild,13.81251049041748
filler,14,,,,,-1,15,fantasy.,9.814207792282104
filler,15,,,,,-1,0,The,15.880077362060549
filler,15,,,,,-1,1,carpenter,16.938634395599365
filler,15,,,,,-1,2,told,8.906595230102539
filler,15,,,,,-1,3,all,10.9599027633667
filler,15,,,,,-1,4,the,2.408648729324341
filler,15,,,,,-1,5,disappointed,17.338760375976562
filler,15,,,,,-1,6,applicants,9.901941299438477
filler,15,,,,,-1,7,that,1.5414488315582275
filler,15,,,,,-1,8,he,2.0116851329803467
filler,15,,,,,-1,9,was,2.527351140975952
filler,15,,,,,-1,10,not,3.809338569641113
filler,15,,,,,-1,11,taking,7.341492176055908
filler,15,,,,,-1,12,any,1.7404175996780396
filler,15,,,,,-1,13,new,5.379946231842041
filler,15,,,,,-1,14,apprentices.,6.241810441017151
filler,16,,,,,-1,0,The,15.880077362060549
filler,16,,,,,-1,1,California,10.16668701171875
filler,16,,,,,-1,2,judges,14.654061317443848
filler,16,,,,,-1,3,requested,15.117561340332031
filler,16,,,,,-1,4,the,2.6176998615264893
filler,16,,,,,-1,5,opinions,10.750805854797363
filler,16,,,,,-1,6,of,0.4790996313095093
filler,16,,,,,-1,7,various,8.531451225280762
filler,16,,,,,-1,8,industry,10.417804718017578
filler,16,,,,,-1,9,leaders.,9.9334454536438
filler,17,,,,,-1,0,The,15.880077362060549
filler,17,,,,,-1,1,dance,14.697161674499512
filler,17,,,,,-1,2,troupe,7.444632135797292
filler,17,,,,,-1,3,forgot,16.038026809692383
filler,17,,,,,-1,4,most,11.561196327209473
filler,17,,,,,-1,5,of,0.1273483335971832
filler,17,,,,,-1,6,the,1.649125099182129
filler,17,,,,,-1,7,steps,6.0452189445495605
filler,17,,,,,-1,8,when,3.845280170440674
filler,17,,,,,-1,9,they,0.9168972969055176
filler,17,,,,,-1,10,performed,3.2839744091033936
filler,17,,,,,-1,11,for,4.059616565704346
filler,17,,,,,-1,12,the,1.67422354221344
filler,17,,,,,-1,13,prime,8.104551315307617
filler,17,,,,,-1,14,minister.,2.376672340556979
filler,18,,,,,-1,0,There,19.7591609954834
filler,18,,,,,-1,1,were,5.092959403991699
filler,18,,,,,-1,2,several,5.199300289154053
filler,18,,,,,-1,3,noblemen,18.12731146812439
filler,18,,,,,-1,4,who,1.92151403427124
filler,18,,,,,-1,5,kept,9.61488437652588
filler,18,,,,,-1,6,insisting,10.775321006774902
filler,18,,,,,-1,7,that,0.8665847778320312
filler,18,,,,,-1,8,the,2.503035545349121
filler,18,,,,,-1,9,croutons,24.3469312787056
filler,18,,,,,-1,10,were,1.397910714149475
filler,18,,,,,-1,11,too,6.2903571128845215
filler,18,,,,,-1,12,soft.,6.308005928993225
filler,19,,,,,-1,0,The,15.880077362060549
filler,19,,,,,-1,1,priest,14.465578079223633
filler,19,,,,,-1,2,checked,15.517127990722656
filler,19,,,,,-1,3,twice,12.433159828186035
filler,19,,,,,-1,4,that,6.484060287475586
filler,19,,,,,-1,5,he,3.509118795394897
filler,19,,,,,-1,6,had,2.114577531814575
filler,19,,,,,-1,7,all,5.6232686042785645
filler,19,,,,,-1,8,the,1.114155888557434
filler,19,,,,,-1,9,supplies,9.034381866455078
filler,19,,,,,-1,10,ready,5.847362041473389
filler,19,,,,,-1,11,for,3.3645365238189697
filler,19,,,,,-1,12,the,0.9277060627937316
filler,19,,,,,-1,13,event,7.862634181976318
filler,19,,,,,-1,14,on,7.786531925201416
filler,19,,,,,-1,15,Sunday.,4.953718185424805
filler,20,,,,,-1,0,The,15.880077362060549
filler,20,,,,,-1,1,jeweler,20.20719695091248
filler,20,,,,,-1,2,showed,10.21760082244873
filler,20,,,,,-1,3,off,3.032455921173096
filler,20,,,,,-1,4,his,1.7453831434249878
filler,20,,,,,-1,5,collection,4.434812068939209
filler,20,,,,,-1,6,of,0.7338389754295349
filler,20,,,,,-1,7,rare,4.518699645996094
filler,20,,,,,-1,8,and,3.153171300888061
filler,20,,,,,-1,9,precious,4.42358922958374
filler,20,,,,,-1,10,stones,1.5057576894760132
filler,20,,,,,-1,11,at,3.749359369277954
filler,20,,,,,-1,12,the,1.0753675699234009
filler,20,,,,,-1,13,convention.,11.620360851287842
filler,21,,,,,-1,0,The,15.880077362060549
filler,21,,,,,-1,1,serious,14.976784706115724
filler,21,,,,,-1,2,man,8.445403099060059
filler,21,,,,,-1,3,shifted,16.753780364990234
filler,21,,,,,-1,4,his,1.7901784181594849
filler,21,,,,,-1,5,glasses,8.775823593139648
filler,21,,,,,-1,6,to,3.013748407363892
filler,21,,,,,-1,7,indicate,9.67422866821289
filler,21,,,,,-1,8,the,3.042773485183716
filler,21,,,,,-1,9,prisoners,15.894115447998049
filler,21,,,,,-1,10,would,6.63364315032959
filler,21,,,,,-1,11,be,1.3415045738220217
filler,21,,,,,-1,12,set,8.651537895202637
filler,21,,,,,-1,13,free.,2.0879326164722443
filler,22,,,,,-1,0,The,15.880077362060549
filler,22,,,,,-1,1,doctor,12.867464065551758
filler,22,,,,,-1,2,made,8.649635314941406
filler,22,,,,,-1,3,the,2.9305169582366943
filler,22,,,,,-1,4,nurse,12.443957328796388
filler,22,,,,,-1,5,administer,10.636287689208984
filler,22,,,,,-1,6,the,1.6041619777679443
filler,22,,,,,-1,7,shot,5.203190803527832
filler,22,,,,,-1,8,because,7.29235315322876
filler,22,,,,,-1,9,he,2.0511791706085205
filler,22,,,,,-1,10,didn't,3.939753770595416
filler,22,,,,,-1,11,like,4.619473457336426
filler,22,,,,,-1,12,to,8.42198371887207
filler,22,,,,,-1,13,give,5.32907247543335
filler,22,,,,,-1,14,shots,3.7623817920684814
filler,22,,,,,-1,15,to,1.3206905126571655
filler,22,,,,,-1,16,children.,6.262672662734985
filler,23,,,,,-1,0,The,15.880077362060549
filler,23,,,,,-1,1,football,12.905271530151367
filler,23,,,,,-1,2,player,6.925532817840576
filler,23,,,,,-1,3,performed,14.580059051513672
filler,23,,,,,-1,4,a,2.4794464111328125
filler,23,,,,,-1,5,humorous,12.461402893066406
filler,23,,,,,-1,6,victory,11.196249008178713
filler,23,,,,,-1,7,dance,0.4384787082672119
filler,23,,,,,-1,8,at,4.099705696105957
filler,23,,,,,-1,9,the,1.023976445198059
filler,23,,,,,-1,10,end,2.1889235973358154
filler,23,,,,,-1,11,zone.,17.215548515319824
filler,24,,,,,-1,0,The,15.880077362060549
filler,24,,,,,-1,1,journalists,16.799949645996094
filler,24,,,,,-1,2,were,5.454946994781494
filler,24,,,,,-1,3,riled,14.46847414970398
filler,24,,,,,-1,4,up,1.77356219291687
filler,24,,,,,-1,5,to,5.473729133605957
filler,24,,,,,-1,6,hear,5.636910915374756
filler,24,,,,,-1,7,that,2.2504191398620605
filler,24,,,,,-1,8,the,2.028888940811157
filler,24,,,,,-1,9,famous,11.257040977478027
filler,24,,,,,-1,10,British,6.635455131530762
filler,24,,,,,-1,11,actor,4.743287563323975
filler,24,,,,,-1,12,threw,13.775132179260254
filler,24,,,,,-1,13,a,1.5510716438293457
filler,24,,,,,-1,14,fit,3.9405159950256343
filler,24,,,,,-1,15,on,3.2838683128356934
filler,24,,,,,-1,16,the,1.434177041053772
filler,24,,,,,-1,17,set.,6.124806880950928
filler,25,,,,,-1,0,The,15.880077362060549
filler,25,,,,,-1,1,salesman,17.720666885375977
filler,25,,,,,-1,2,made,8.418967247009277
filler,25,,,,,-1,3,sure,5.540820598602295
filler,25,,,,,-1,4,that,2.685459613800049
filler,25,,,,,-1,5,there,5.8996262550354
filler,25,,,,,-1,6,were,1.7872285842895508
filler,25,,,,,-1,7,people,7.860889434814453
filler,25,,,,,-1,8,all,7.21616792678833
filler,25,,,,,-1,9,around,0.6893023252487183
filler,25,,,,,-1,10,to,4.954566955566406
filler,25,,,,,-1,11,witness,5.185779094696045
filler,25,,,,,-1,12,his,2.0278103351593018
filler,25,,,,,-1,13,biggest,12.12765884399414
filler,25,,,,,-1,14,sale.,4.613768815994263
filler,26,,,,,-1,0,The,15.880077362060549
filler,26,,,,,-1,1,guides,18.09771156311035
filler,26,,,,,-1,2,were,5.147446155548096
filler,26,,,,,-1,3,in,6.417490005493164
filler,26,,,,,-1,4,the,2.3990120887756348
filler,26,,,,,-1,5,process,4.248597621917725
filler,26,,,,,-1,6,of,0.0102941934019327
filler,26,,,,,-1,7,explaining,9.492559432983398
filler,26,,,,,-1,8,the,1.7215490341186523
filler,26,,,,,-1,9,delay,14.339655876159668
filler,26,,,,,-1,10,when,5.252885818481445
filler,26,,,,,-1,11,the,2.623862266540528
filler,26,,,,,-1,12,boat,8.16077995300293
filler,26,,,,,-1,13,started,5.350282669067383
filler,26,,,,,-1,14,to,1.04687762260437
filler,26,,,,,-1,15,move,4.33356237411499
filler,26,,,,,-1,16,again.,4.720914244651794
filler,27,,,,,-1,0,The,15.880077362060549
filler,27,,,,,-1,1,detective's,19.476950645446777
filler,27,,,,,-1,2,computer,10.072491645812988
filler,27,,,,,-1,3,crashed,5.545012474060059
filler,27,,,,,-1,4,and,3.0083742141723637
filler,27,,,,,-1,5,all,6.8571367263793945
filler,27,,,,,-1,6,the,2.1760592460632324
filler,27,,,,,-1,7,important,8.357109069824219
filler,27,,,,,-1,8,documents,3.3205461502075195
filler,27,,,,,-1,9,were,1.557180404663086
filler,27,,,,,-1,10,lost.,2.4534122943878174
filler,28,,,,,-1,0,The,15.880077362060549
filler,28,,,,,-1,1,chiefs,16.796218872070312
filler,28,,,,,-1,2,perform,19.60672378540039
filler,28,,,,,-1,3,a,2.3457236289978027
filler,28,,,,,-1,4,ceremony,3.2721707820892334
filler,28,,,,,-1,5,for,3.7826895713806152
filler,28,,,,,-1,6,each,8.008769035339355
filler,28,,,,,-1,7,family's,14.20170545578003
filler,28,,,,,-1,8,oldest,9.378668785095217
filler,28,,,,,-1,9,child,2.7287096977233887
filler,28,,,,,-1,10,every,8.733209609985352
filler,28,,,,,-1,11,time,7.391785621643066
filler,28,,,,,-1,12,there,6.28070068359375
filler,28,,,,,-1,13,is,0.4325528740882873
filler,28,,,,,-1,14,a,0.2318312376737594
filler,28,,,,,-1,15,full,9.851664543151855
filler,28,,,,,-1,16,moon.,1.3918363451957705
filler,29,,,,,-1,0,The,15.880077362060549
filler,29,,,,,-1,1,saleslady,29.73274239897728
filler,29,,,,,-1,2,found,9.58016872406006
filler,29,,,,,-1,3,herself,3.948376417160034
filler,29,,,,,-1,4,surrounded,6.6306891441345215
filler,29,,,,,-1,5,by,0.0605145022273063
filler,29,,,,,-1,6,angry,4.98676347732544
filler,29,,,,,-1,7,shoppers,4.076045036315918
filler,29,,,,,-1,8,who,3.338630437850952
filler,29,,,,,-1,9,wanted,4.605500221252441
filler,29,,,,,-1,10,their,7.25286865234375
filler,29,,,,,-1,11,money,0.4073319733142853
filler,29,,,,,-1,12,back.,1.8140537440776825
filler,30,,,,,-1,0,The,15.880077362060549
filler,30,,,,,-1,1,scientist,14.75677490234375
filler,30,,,,,-1,2,forgot,15.3461332321167
filler,30,,,,,-1,3,to,1.0368530750274658
filler,30,,,,,-1,4,make,7.081118106842041
filler,30,,,,,-1,5,sure,4.626206874847412
filler,30,,,,,-1,6,that,2.098087787628174
filler,30,,,,,-1,7,the,1.4022955894470217
filler,30,,,,,-1,8,temperature,8.033500671386719
filler,30,,,,,-1,9,was,1.9511982202529907
filler,30,,,,,-1,10,set,5.207200050354004
filler,30,,,,,-1,11,to,1.3857591152191162
filler,30,,,,,-1,12,zero,6.34701681137085
filler,30,,,,,-1,13,degrees.,6.036033868789673
filler,31,,,,,-1,0,The,15.880077362060549
filler,31,,,,,-1,1,candy,16.73920249938965
filler,31,,,,,-1,2,shop,5.059345245361328
filler,31,,,,,-1,3,was,4.811883449554443
filler,31,,,,,-1,4,small,10.058427810668944
filler,31,,,,,-1,5,but,3.727393627166748
filler,31,,,,,-1,6,tidy,8.261895179748535
filler,31,,,,,-1,7,and,3.101160764694214
filler,31,,,,,-1,8,smelled,5.505302429199219
filler,31,,,,,-1,9,deliciously,9.59318231791258
filler,31,,,,,-1,10,of,1.2283110618591309
filler,31,,,,,-1,11,chocolate.,4.830820560455322
filler,32,,,,,-1,0,The,15.880077362060549
filler,32,,,,,-1,1,virus,14.262774467468262
filler,32,,,,,-1,2,caused,8.272170066833496
filler,32,,,,,-1,3,an,5.089416027069092
filler,32,,,,,-1,4,unusual,6.386623859405518
filler,32,,,,,-1,5,amount,5.814360618591309
filler,32,,,,,-1,6,of,0.0063867475837469
filler,32,,,,,-1,7,workers,13.60457706451416
filler,32,,,,,-1,8,at,4.027621746063232
filler,32,,,,,-1,9,the,1.847144603729248
filler,32,,,,,-1,10,city,10.133028984069824
filler,32,,,,,-1,11,hall,9.017129898071287
filler,32,,,,,-1,12,to,1.9419234991073608
filler,32,,,,,-1,13,call,8.729442596435547
filler,32,,,,,-1,14,in,0.6347067952156067
filler,32,,,,,-1,15,sick.,2.2653155657462776
filler,33,,,,,-1,0,The,15.880077362060549
filler,33,,,,,-1,1,furious,16.472715377807617
filler,33,,,,,-1,2,man,8.46229362487793
filler,33,,,,,-1,3,standing,9.902640342712402
filler,33,,,,,-1,4,at,4.0812764167785645
filler,33,,,,,-1,5,the,0.3212291896343231
filler,33,,,,,-1,6,mayor's,13.12834245711565
filler,33,,,,,-1,7,door,4.102996826171875
filler,33,,,,,-1,8,was,3.6148276329040527
filler,33,,,,,-1,9,angry,8.077184677124023
filler,33,,,,,-1,10,about,3.0301527976989746
filler,33,,,,,-1,11,the,1.8179364204406736
filler,33,,,,,-1,12,high,9.600439071655272
filler,33,,,,,-1,13,cost,1.7152283191680908
filler,33,,,,,-1,14,of,0.048208799213171
filler,33,,,,,-1,15,electricity.,9.193164110183716
filler,34,,,,,-1,0,The,15.880077362060549
filler,34,,,,,-1,1,bartender,16.027915954589844
filler,34,,,,,-1,2,tried,10.191848754882812
filler,34,,,,,-1,3,several,9.153118133544922
filler,34,,,,,-1,4,times,0.4547345042228699
filler,34,,,,,-1,5,to,0.1367138177156448
filler,34,,,,,-1,6,get,3.128474473953247
filler,34,,,,,-1,7,the,1.7753149271011353
filler,34,,,,,-1,8,woman,4.989344596862793
filler,34,,,,,-1,9,to,0.802114725112915
filler,34,,,,,-1,10,order,5.96330451965332
filler,34,,,,,-1,11,from,6.883987903594971
filler,34,,,,,-1,12,the,1.274161696434021
filler,34,,,,,-1,13,secret,13.005765914916992
filler,34,,,,,-1,14,menu.,2.367327533662319
filler,35,,,,,-1,0,The,15.880077362060549
filler,35,,,,,-1,1,seamstress,20.70929706096649
filler,35,,,,,-1,2,fretted,19.67590045928955
filler,35,,,,,-1,3,over,1.982288479804993
filler,35,,,,,-1,4,whether,4.796172142028809
filler,35,,,,,-1,5,the,3.523444414138794
filler,35,,,,,-1,6,dress,5.450494289398193
filler,35,,,,,-1,7,would,1.5507813692092896
filler,35,,,,,-1,8,be,2.440995216369629
filler,35,,,,,-1,9,finished,9.035042762756348
filler,35,,,,,-1,10,in,2.1933319568634038
filler,35,,,,,-1,11,time.,4.293623924255371
