item_category,item,ambiguity,length,resolution,finality,critical_word_index,word_index,word,surprisal
critical,1,ambiguous,long,object,nonfinal,8,0,As,14.926294326782228
critical,1,ambiguous,long,object,nonfinal,8,1,the,3.2081451416015625
critical,1,ambiguous,long,object,nonfinal,8,2,lifeguard,20.176834106445312
critical,1,ambiguous,long,object,nonfinal,8,3,watched,12.97256565093994
critical,1,ambiguous,long,object,nonfinal,8,4,the,2.409661293029785
critical,1,ambiguous,long,object,nonfinal,8,5,kids,9.71844482421875
critical,1,ambiguous,long,object,nonfinal,8,6,playing,7.267287731170654
critical,1,ambiguous,long,object,nonfinal,8,7,happily,10.490765571594238
critical,1,ambiguous,long,object,nonfinal,8,8,splashed,19.046030044555664
critical,1,ambiguous,long,object,nonfinal,8,9,each,11.238430976867676
critical,1,ambiguous,long,object,nonfinal,8,10,other,0.2881053388118744
critical,1,ambiguous,long,object,nonfinal,8,11,with,3.2471535205841064
critical,1,ambiguous,long,object,nonfinal,8,12,water.,11.634458303451538
critical,1,ambiguous,short,object,nonfinal,6,0,As,14.926294326782228
critical,1,ambiguous,short,object,nonfinal,6,1,the,3.2081451416015625
critical,1,ambiguous,short,object,nonfinal,6,2,lifeguard,20.176834106445312
critical,1,ambiguous,short,object,nonfinal,6,3,watched,12.97256565093994
critical,1,ambiguous,short,object,nonfinal,6,4,the,2.409661293029785
critical,1,ambiguous,short,object,nonfinal,6,5,kids,9.71844482421875
critical,1,ambiguous,short,object,nonfinal,6,6,splashed,16.06196880340576
critical,1,ambiguous,short,object,nonfinal,6,7,each,9.589807510375977
critical,1,ambiguous,short,object,nonfinal,6,8,other,0.1293199509382248
critical,1,ambiguous,short,object,nonfinal,6,9,with,2.256555557250977
critical,1,ambiguous,short,object,nonfinal,6,10,water.,10.376404047012327
critical,1,unambiguous,long,object,nonfinal,10,0,As,14.926294326782228
critical,1,unambiguous,long,object,nonfinal,10,1,the,3.2081451416015625
critical,1,unambiguous,long,object,nonfinal,10,2,lifeguard,20.176834106445312
critical,1,unambiguous,long,object,nonfinal,10,3,watched,12.97256565093994
critical,1,unambiguous,long,object,nonfinal,10,4,the,2.409661293029785
critical,1,unambiguous,long,object,nonfinal,10,5,pool,12.09848690032959
critical,1,unambiguous,long,object,nonfinal,10,6,the,9.967938423156738
critical,1,unambiguous,long,object,nonfinal,10,7,kids,8.458332061767578
critical,1,unambiguous,long,object,nonfinal,10,8,playing,10.26077651977539
critical,1,unambiguous,long,object,nonfinal,10,9,happily,9.127727508544922
critical,1,unambiguous,long,object,nonfinal,10,10,splashed,10.904008686542513
critical,1,unambiguous,long,object,nonfinal,10,11,each,9.478307723999023
critical,1,unambiguous,long,object,nonfinal,10,12,other,0.16218101978302
critical,1,unambiguous,long,object,nonfinal,10,13,with,2.693991184234619
critical,1,unambiguous,long,object,nonfinal,10,14,water.,5.995320796966553
critical,1,unambiguous,short,object,nonfinal,8,0,As,14.926294326782228
critical,1,unambiguous,short,object,nonfinal,8,1,the,3.2081451416015625
critical,1,unambiguous,short,object,nonfinal,8,2,lifeguard,20.176834106445312
critical,1,unambiguous,short,object,nonfinal,8,3,watched,12.97256565093994
critical,1,unambiguous,short,object,nonfinal,8,4,the,2.409661293029785
critical,1,unambiguous,short,object,nonfinal,8,5,pool,12.09848690032959
critical,1,unambiguous,short,object,nonfinal,8,6,the,9.967938423156738
critical,1,unambiguous,short,object,nonfinal,8,7,kids,8.458332061767578
critical,1,unambiguous,short,object,nonfinal,8,8,splashed,10.730160057544708
critical,1,unambiguous,short,object,nonfinal,8,9,each,8.765865325927734
critical,1,unambiguous,short,object,nonfinal,8,10,other,0.1279275715351104
critical,1,unambiguous,short,object,nonfinal,8,11,with,2.19641375541687
critical,1,unambiguous,short,object,nonfinal,8,12,water.,5.107615232467651
critical,2,ambiguous,long,comma,nonfinal,9,0,Because,16.478105545043945
critical,2,ambiguous,long,comma,nonfinal,9,1,the,3.560706853866577
critical,2,ambiguous,long,comma,nonfinal,9,2,suspect,13.527170181274414
critical,2,ambiguous,long,comma,nonfinal,9,3,changed,11.925403594970703
critical,2,ambiguous,long,comma,nonfinal,9,4,the,2.251547336578369
critical,2,ambiguous,long,comma,nonfinal,9,5,file,10.267237663269045
critical,2,ambiguous,long,comma,nonfinal,9,6,with,6.735170841217041
critical,2,ambiguous,long,comma,nonfinal,9,7,the,1.7389124631881714
critical,2,ambiguous,long,comma,nonfinal,9,8,evidence,11.580524444580078
critical,2,ambiguous,long,comma,nonfinal,9,9,needed,11.225178718566896
critical,2,ambiguous,long,comma,nonfinal,9,10,to,0.5619897842407227
critical,2,ambiguous,long,comma,nonfinal,9,11,be,5.524027824401856
critical,2,ambiguous,long,comma,nonfinal,9,12,updated.,13.60661768913269
critical,2,ambiguous,short,comma,nonfinal,6,0,Because,16.478105545043945
critical,2,ambiguous,short,comma,nonfinal,6,1,the,3.560706853866577
critical,2,ambiguous,short,comma,nonfinal,6,2,suspect,13.527170181274414
critical,2,ambiguous,short,comma,nonfinal,6,3,changed,11.925403594970703
critical,2,ambiguous,short,comma,nonfinal,6,4,the,2.251547336578369
critical,2,ambiguous,short,comma,nonfinal,6,5,file,10.267237663269045
critical,2,ambiguous,short,comma,nonfinal,6,6,needed,14.456448554992676
critical,2,ambiguous,short,comma,nonfinal,6,7,to,0.4913475513458252
critical,2,ambiguous,short,comma,nonfinal,6,8,be,1.375354886054993
critical,2,ambiguous,short,comma,nonfinal,6,9,updated.,6.626070261001587
critical,2,unambiguous,long,comma,nonfinal,9,0,Because,16.478105545043945
critical,2,unambiguous,long,comma,nonfinal,9,1,the,3.560706853866577
critical,2,unambiguous,long,comma,nonfinal,9,2,suspect,13.527170181274414
critical,2,unambiguous,long,comma,nonfinal,9,3,"changed,",20.36110591888428
critical,2,unambiguous,long,comma,nonfinal,9,4,the,2.508162021636963
critical,2,unambiguous,long,comma,nonfinal,9,5,file,11.14020538330078
critical,2,unambiguous,long,comma,nonfinal,9,6,with,10.208218574523926
critical,2,unambiguous,long,comma,nonfinal,9,7,the,1.2155017852783203
critical,2,unambiguous,long,comma,nonfinal,9,8,evidence,9.840445518493652
critical,2,unambiguous,long,comma,nonfinal,9,9,needed,9.693558692932127
critical,2,unambiguous,long,comma,nonfinal,9,10,to,0.2755959928035736
critical,2,unambiguous,long,comma,nonfinal,9,11,be,5.349942684173584
critical,2,unambiguous,long,comma,nonfinal,9,12,updated.,8.321351528167725
critical,2,unambiguous,short,comma,nonfinal,6,0,Because,16.478105545043945
critical,2,unambiguous,short,comma,nonfinal,6,1,the,3.560706853866577
critical,2,unambiguous,short,comma,nonfinal,6,2,suspect,13.527170181274414
critical,2,unambiguous,short,comma,nonfinal,6,3,"changed,",20.36110591888428
critical,2,unambiguous,short,comma,nonfinal,6,4,the,2.508162021636963
critical,2,unambiguous,short,comma,nonfinal,6,5,file,11.14020538330078
critical,2,unambiguous,short,comma,nonfinal,6,6,needed,10.990313529968262
critical,2,unambiguous,short,comma,nonfinal,6,7,to,0.2026478499174118
critical,2,unambiguous,short,comma,nonfinal,6,8,be,0.1673817634582519
critical,2,unambiguous,short,comma,nonfinal,6,9,updated.,5.8630067110061646
critical,3,ambiguous,long,object,nonfinal,11,0,While,16.15694236755371
critical,3,ambiguous,long,object,nonfinal,11,1,the,2.841593742370605
critical,3,ambiguous,long,object,nonfinal,11,2,new,7.261619091033935
critical,3,ambiguous,long,object,nonfinal,11,3,chef,15.608803749084473
critical,3,ambiguous,long,object,nonfinal,11,4,cooked,12.672155380249023
critical,3,ambiguous,long,object,nonfinal,11,5,the,3.935172080993652
critical,3,ambiguous,long,object,nonfinal,11,6,stew,7.675026893615723
critical,3,ambiguous,long,object,nonfinal,11,7,with,5.012449264526367
critical,3,ambiguous,long,object,nonfinal,11,8,lamb,9.100804328918455
critical,3,ambiguous,long,object,nonfinal,11,9,and,2.550334930419922
critical,3,ambiguous,long,object,nonfinal,11,10,vegetables,5.186776638031006
critical,3,ambiguous,long,object,nonfinal,11,11,boiled,13.370564460754396
critical,3,ambiguous,long,object,nonfinal,11,12,over.,14.197544574737549
critical,3,ambiguous,short,object,nonfinal,7,0,While,16.15694236755371
critical,3,ambiguous,short,object,nonfinal,7,1,the,2.841593742370605
critical,3,ambiguous,short,object,nonfinal,7,2,new,7.261619091033935
critical,3,ambiguous,short,object,nonfinal,7,3,chef,15.608803749084473
critical,3,ambiguous,short,object,nonfinal,7,4,cooked,12.672155380249023
critical,3,ambiguous,short,object,nonfinal,7,5,the,3.935172080993652
critical,3,ambiguous,short,object,nonfinal,7,6,stew,7.675026893615723
critical,3,ambiguous,short,object,nonfinal,7,7,boiled,13.713406562805176
critical,3,ambiguous,short,object,nonfinal,7,8,over.,12.609966278076172
critical,3,unambiguous,long,object,nonfinal,13,0,While,16.15694236755371
critical,3,unambiguous,long,object,nonfinal,13,1,the,2.841593742370605
critical,3,unambiguous,long,object,nonfinal,13,2,new,7.261619091033935
critical,3,unambiguous,long,object,nonfinal,13,3,chef,15.608803749084473
critical,3,unambiguous,long,object,nonfinal,13,4,cooked,12.672155380249023
critical,3,unambiguous,long,object,nonfinal,13,5,the,3.935172080993652
critical,3,unambiguous,long,object,nonfinal,13,6,appetizers,9.255825281143188
critical,3,unambiguous,long,object,nonfinal,13,7,the,8.063790321350098
critical,3,unambiguous,long,object,nonfinal,13,8,stew,11.567294120788574
critical,3,unambiguous,long,object,nonfinal,13,9,with,8.771985054016113
critical,3,unambiguous,long,object,nonfinal,13,10,lamb,9.77157497406006
critical,3,unambiguous,long,object,nonfinal,13,11,and,2.534165620803833
critical,3,unambiguous,long,object,nonfinal,13,12,vegetables,5.228030204772949
critical,3,unambiguous,long,object,nonfinal,13,13,boiled,12.323302268981934
critical,3,unambiguous,long,object,nonfinal,13,14,over.,10.79508924484253
critical,3,unambiguous,short,object,nonfinal,9,0,While,16.15694236755371
critical,3,unambiguous,short,object,nonfinal,9,1,the,2.841593742370605
critical,3,unambiguous,short,object,nonfinal,9,2,new,7.261619091033935
critical,3,unambiguous,short,object,nonfinal,9,3,chef,15.608803749084473
critical,3,unambiguous,short,object,nonfinal,9,4,cooked,12.672155380249023
critical,3,unambiguous,short,object,nonfinal,9,5,the,3.935172080993652
critical,3,unambiguous,short,object,nonfinal,9,6,appetizers,9.255825281143188
critical,3,unambiguous,short,object,nonfinal,9,7,the,8.063790321350098
critical,3,unambiguous,short,object,nonfinal,9,8,stew,11.567294120788574
critical,3,unambiguous,short,object,nonfinal,9,9,boiled,8.782870292663574
critical,3,unambiguous,short,object,nonfinal,9,10,over.,8.215476274490356
critical,4,ambiguous,long,comma,nonfinal,8,0,As,14.926294326782228
critical,4,ambiguous,long,comma,nonfinal,8,1,the,3.2081451416015625
critical,4,ambiguous,long,comma,nonfinal,8,2,child,10.894157409667969
critical,4,ambiguous,long,comma,nonfinal,8,3,showered,24.637337684631348
critical,4,ambiguous,long,comma,nonfinal,8,4,the,3.812049150466919
critical,4,ambiguous,long,comma,nonfinal,8,5,cat,10.844648361206056
critical,4,ambiguous,long,comma,nonfinal,8,6,complaining,16.874265670776367
critical,4,ambiguous,long,comma,nonfinal,8,7,loudly,8.0010404586792
critical,4,ambiguous,long,comma,nonfinal,8,8,ran,14.576973915100098
critical,4,ambiguous,long,comma,nonfinal,8,9,around,7.247365474700928
critical,4,ambiguous,long,comma,nonfinal,8,10,the,1.6694369316101074
critical,4,ambiguous,long,comma,nonfinal,8,11,room.,5.23778247833252
critical,4,ambiguous,short,comma,nonfinal,6,0,As,14.926294326782228
critical,4,ambiguous,short,comma,nonfinal,6,1,the,3.2081451416015625
critical,4,ambiguous,short,comma,nonfinal,6,2,child,10.894157409667969
critical,4,ambiguous,short,comma,nonfinal,6,3,showered,24.637337684631348
critical,4,ambiguous,short,comma,nonfinal,6,4,the,3.812049150466919
critical,4,ambiguous,short,comma,nonfinal,6,5,cat,10.844648361206056
critical,4,ambiguous,short,comma,nonfinal,6,6,ran,13.87183952331543
critical,4,ambiguous,short,comma,nonfinal,6,7,around,6.713850498199463
critical,4,ambiguous,short,comma,nonfinal,6,8,the,2.042614459991455
critical,4,ambiguous,short,comma,nonfinal,6,9,room.,6.435651302337647
critical,4,unambiguous,long,comma,nonfinal,8,0,As,14.926294326782228
critical,4,unambiguous,long,comma,nonfinal,8,1,the,3.2081451416015625
critical,4,unambiguous,long,comma,nonfinal,8,2,child,10.894157409667969
critical,4,unambiguous,long,comma,nonfinal,8,3,"showered,",29.5724196434021
critical,4,unambiguous,long,comma,nonfinal,8,4,the,2.9072277545928955
critical,4,unambiguous,long,comma,nonfinal,8,5,cat,9.887444496154783
critical,4,unambiguous,long,comma,nonfinal,8,6,complaining,18.237722396850582
critical,4,unambiguous,long,comma,nonfinal,8,7,loudly,6.86846399307251
critical,4,unambiguous,long,comma,nonfinal,8,8,ran,6.957828998565674
critical,4,unambiguous,long,comma,nonfinal,8,9,around,6.194974899291992
critical,4,unambiguous,long,comma,nonfinal,8,10,the,1.5740622282028198
critical,4,unambiguous,long,comma,nonfinal,8,11,room.,4.384363412857056
critical,4,unambiguous,short,comma,nonfinal,6,0,As,14.926294326782228
critical,4,unambiguous,short,comma,nonfinal,6,1,the,3.2081451416015625
critical,4,unambiguous,short,comma,nonfinal,6,2,child,10.894157409667969
critical,4,unambiguous,short,comma,nonfinal,6,3,"showered,",29.5724196434021
critical,4,unambiguous,short,comma,nonfinal,6,4,the,2.9072277545928955
critical,4,unambiguous,short,comma,nonfinal,6,5,cat,9.887444496154783
critical,4,unambiguous,short,comma,nonfinal,6,6,ran,6.512479305267334
critical,4,unambiguous,short,comma,nonfinal,6,7,around,5.685697078704834
critical,4,unambiguous,short,comma,nonfinal,6,8,the,2.0166382789611816
critical,4,unambiguous,short,comma,nonfinal,6,9,room.,6.156670570373535
critical,5,ambiguous,long,comma,final,9,0,When,14.687736511230469
critical,5,ambiguous,long,comma,final,9,1,the,3.6227195262908936
critical,5,ambiguous,long,comma,final,9,2,family,9.560287475585938
critical,5,ambiguous,long,comma,final,9,3,moved,4.832464694976807
critical,5,ambiguous,long,comma,final,9,4,the,8.649742126464844
critical,5,ambiguous,long,comma,final,9,5,vases,19.35289669036865
critical,5,ambiguous,long,comma,final,9,6,made,10.599348068237305
critical,5,ambiguous,long,comma,final,9,7,of,1.44182550907135
critical,5,ambiguous,long,comma,final,9,8,porcelain,10.009615482762456
critical,5,ambiguous,long,comma,final,9,9,broke.,18.496384143829346
critical,5,ambiguous,short,comma,final,6,0,When,14.687736511230469
critical,5,ambiguous,short,comma,final,6,1,the,3.6227195262908936
critical,5,ambiguous,short,comma,final,6,2,family,9.560287475585938
critical,5,ambiguous,short,comma,final,6,3,moved,4.832464694976807
critical,5,ambiguous,short,comma,final,6,4,the,8.649742126464844
critical,5,ambiguous,short,comma,final,6,5,vases,19.35289669036865
critical,5,ambiguous,short,comma,final,6,6,broke.,19.550811767578125
critical,5,unambiguous,long,comma,final,9,0,When,14.687736511230469
critical,5,unambiguous,long,comma,final,9,1,the,3.6227195262908936
critical,5,unambiguous,long,comma,final,9,2,family,9.560287475585938
critical,5,unambiguous,long,comma,final,9,3,"moved,",10.629199028015137
critical,5,unambiguous,long,comma,final,9,4,the,3.33465838432312
critical,5,unambiguous,long,comma,final,9,5,vases,20.68320083618164
critical,5,unambiguous,long,comma,final,9,6,made,8.007776260375977
critical,5,unambiguous,long,comma,final,9,7,of,3.1058690547943115
critical,5,unambiguous,long,comma,final,9,8,porcelain,9.29157566349022
critical,5,unambiguous,long,comma,final,9,9,broke.,15.343549013137816
critical,5,unambiguous,short,comma,final,6,0,When,14.687736511230469
critical,5,unambiguous,short,comma,final,6,1,the,3.6227195262908936
critical,5,unambiguous,short,comma,final,6,2,family,9.560287475585938
critical,5,unambiguous,short,comma,final,6,3,"moved,",10.629199028015137
critical,5,unambiguous,short,comma,final,6,4,the,3.33465838432312
critical,5,unambiguous,short,comma,final,6,5,vases,20.68320083618164
critical,5,unambiguous,short,comma,final,6,6,broke.,14.901809453964232
critical,6,ambiguous,long,comma,nonfinal,10,0,After,15.716473579406738
critical,6,ambiguous,long,comma,nonfinal,10,1,the,3.606374263763428
critical,6,ambiguous,long,comma,nonfinal,10,2,new,9.27286434173584
critical,6,ambiguous,long,comma,nonfinal,10,3,doctor,13.117680549621582
critical,6,ambiguous,long,comma,nonfinal,10,4,left,5.842655181884766
critical,6,ambiguous,long,comma,nonfinal,10,5,the,2.221344470977783
critical,6,ambiguous,long,comma,nonfinal,10,6,operation,9.058493614196776
critical,6,ambiguous,long,comma,nonfinal,10,7,on,5.035057544708252
critical,6,ambiguous,long,comma,nonfinal,10,8,the,4.458747863769531
critical,6,ambiguous,long,comma,nonfinal,10,9,brain,9.1085205078125
critical,6,ambiguous,long,comma,nonfinal,10,10,appeared,16.9626407623291
critical,6,ambiguous,long,comma,nonfinal,10,11,more,6.571526050567627
critical,6,ambiguous,long,comma,nonfinal,10,12,likely,5.35667896270752
critical,6,ambiguous,long,comma,nonfinal,10,13,to,0.2287836968898773
critical,6,ambiguous,long,comma,nonfinal,10,14,succeed.,9.792763948440552
critical,6,ambiguous,short,comma,nonfinal,7,0,After,15.716473579406738
critical,6,ambiguous,short,comma,nonfinal,7,1,the,3.606374263763428
critical,6,ambiguous,short,comma,nonfinal,7,2,new,9.27286434173584
critical,6,ambiguous,short,comma,nonfinal,7,3,doctor,13.117680549621582
critical,6,ambiguous,short,comma,nonfinal,7,4,left,5.842655181884766
critical,6,ambiguous,short,comma,nonfinal,7,5,the,2.221344470977783
critical,6,ambiguous,short,comma,nonfinal,7,6,operation,9.058493614196776
critical,6,ambiguous,short,comma,nonfinal,7,7,appeared,16.432207107543945
critical,6,ambiguous,short,comma,nonfinal,7,8,more,7.022681713104248
critical,6,ambiguous,short,comma,nonfinal,7,9,likely,5.728975772857666
critical,6,ambiguous,short,comma,nonfinal,7,10,to,0.3090294301509857
critical,6,ambiguous,short,comma,nonfinal,7,11,succeed.,8.967478275299072
critical,6,unambiguous,long,comma,nonfinal,10,0,After,15.716473579406738
critical,6,unambiguous,long,comma,nonfinal,10,1,the,3.606374263763428
critical,6,unambiguous,long,comma,nonfinal,10,2,new,9.27286434173584
critical,6,unambiguous,long,comma,nonfinal,10,3,doctor,13.117680549621582
critical,6,unambiguous,long,comma,nonfinal,10,4,"left,",8.633474111557007
critical,6,unambiguous,long,comma,nonfinal,10,5,the,3.3409652709960938
critical,6,unambiguous,long,comma,nonfinal,10,6,operation,11.942849159240724
critical,6,unambiguous,long,comma,nonfinal,10,7,on,7.067281723022461
critical,6,unambiguous,long,comma,nonfinal,10,8,the,2.595402479171753
critical,6,unambiguous,long,comma,nonfinal,10,9,brain,5.630695343017578
critical,6,unambiguous,long,comma,nonfinal,10,10,appeared,8.911177635192871
critical,6,unambiguous,long,comma,nonfinal,10,11,more,6.519237518310547
critical,6,unambiguous,long,comma,nonfinal,10,12,likely,5.521650314331055
critical,6,unambiguous,long,comma,nonfinal,10,13,to,0.85709547996521
critical,6,unambiguous,long,comma,nonfinal,10,14,succeed.,6.371844291687012
critical,6,unambiguous,short,comma,nonfinal,7,0,After,15.716473579406738
critical,6,unambiguous,short,comma,nonfinal,7,1,the,3.606374263763428
critical,6,unambiguous,short,comma,nonfinal,7,2,new,9.27286434173584
critical,6,unambiguous,short,comma,nonfinal,7,3,doctor,13.117680549621582
critical,6,unambiguous,short,comma,nonfinal,7,4,"left,",8.633474111557007
critical,6,unambiguous,short,comma,nonfinal,7,5,the,3.3409652709960938
critical,6,unambiguous,short,comma,nonfinal,7,6,operation,11.942849159240724
critical,6,unambiguous,short,comma,nonfinal,7,7,appeared,9.093572616577148
critical,6,unambiguous,short,comma,nonfinal,7,8,more,7.294320583343506
critical,6,unambiguous,short,comma,nonfinal,7,9,likely,4.982554912567139
critical,6,unambiguous,short,comma,nonfinal,7,10,to,0.8153573870658875
critical,6,unambiguous,short,comma,nonfinal,7,11,succeed.,5.440430402755737
critical,7,ambiguous,long,comma,final,8,0,While,16.15694236755371
critical,7,ambiguous,long,comma,final,8,1,the,2.841593742370605
critical,7,ambiguous,long,comma,final,8,2,mom,16.22295570373535
critical,7,ambiguous,long,comma,final,8,3,dressed,14.082589149475098
critical,7,ambiguous,long,comma,final,8,4,the,6.584827899932861
critical,7,ambiguous,long,comma,final,8,5,baby,4.148959159851074
critical,7,ambiguous,long,comma,final,8,6,she,8.765556335449219
critical,7,ambiguous,long,comma,final,8,7,adored,13.960973240435123
critical,7,ambiguous,long,comma,final,8,8,cried.,19.077691555023197
critical,7,ambiguous,short,comma,final,6,0,While,16.15694236755371
critical,7,ambiguous,short,comma,final,6,1,the,2.841593742370605
critical,7,ambiguous,short,comma,final,6,2,mom,16.22295570373535
critical,7,ambiguous,short,comma,final,6,3,dressed,14.082589149475098
critical,7,ambiguous,short,comma,final,6,4,the,6.584827899932861
critical,7,ambiguous,short,comma,final,6,5,baby,4.148959159851074
critical,7,ambiguous,short,comma,final,6,6,cried.,19.789561986923218
critical,7,unambiguous,long,comma,final,8,0,While,16.15694236755371
critical,7,unambiguous,long,comma,final,8,1,the,2.841593742370605
critical,7,unambiguous,long,comma,final,8,2,mom,16.22295570373535
critical,7,unambiguous,long,comma,final,8,3,"dressed,",21.849281787872314
critical,7,unambiguous,long,comma,final,8,4,the,3.157337188720703
critical,7,unambiguous,long,comma,final,8,5,baby,5.211619377136231
critical,7,unambiguous,long,comma,final,8,6,she,10.652533531188965
critical,7,unambiguous,long,comma,final,8,7,adored,13.772062122821808
critical,7,unambiguous,long,comma,final,8,8,cried.,9.076919436454771
critical,7,unambiguous,short,comma,final,6,0,While,16.15694236755371
critical,7,unambiguous,short,comma,final,6,1,the,2.841593742370605
critical,7,unambiguous,short,comma,final,6,2,mom,16.22295570373535
critical,7,unambiguous,short,comma,final,6,3,"dressed,",21.849281787872314
critical,7,unambiguous,short,comma,final,6,4,the,3.157337188720703
critical,7,unambiguous,short,comma,final,6,5,baby,5.211619377136231
critical,7,unambiguous,short,comma,final,6,6,cried.,8.782683491706848
critical,8,ambiguous,long,comma,nonfinal,9,0,As,14.926294326782228
critical,8,ambiguous,long,comma,nonfinal,9,1,the,3.2081451416015625
critical,8,ambiguous,long,comma,nonfinal,9,2,crowd,11.250340461730955
critical,8,ambiguous,long,comma,nonfinal,9,3,applauded,7.497177600860596
critical,8,ambiguous,long,comma,nonfinal,9,4,the,3.569765567779541
critical,8,ambiguous,long,comma,nonfinal,9,5,cast,9.91249656677246
critical,8,ambiguous,long,comma,nonfinal,9,6,for,5.450033664703369
critical,8,ambiguous,long,comma,nonfinal,9,7,the,3.815087080001831
critical,8,ambiguous,long,comma,nonfinal,9,8,play,7.45899486541748
critical,8,ambiguous,long,comma,nonfinal,9,9,came,13.388813972473145
critical,8,ambiguous,long,comma,nonfinal,9,10,back,4.480101108551025
critical,8,ambiguous,long,comma,nonfinal,9,11,on,5.9384589195251465
critical,8,ambiguous,long,comma,nonfinal,9,12,stage,1.4687923192977903
critical,8,ambiguous,long,comma,nonfinal,9,13,and,3.7998645305633545
critical,8,ambiguous,long,comma,nonfinal,9,14,waived.,26.087990760803223
critical,8,ambiguous,short,comma,nonfinal,6,0,As,14.926294326782228
critical,8,ambiguous,short,comma,nonfinal,6,1,the,3.2081451416015625
critical,8,ambiguous,short,comma,nonfinal,6,2,crowd,11.250340461730955
critical,8,ambiguous,short,comma,nonfinal,6,3,applauded,7.497177600860596
critical,8,ambiguous,short,comma,nonfinal,6,4,the,3.569765567779541
critical,8,ambiguous,short,comma,nonfinal,6,5,cast,9.91249656677246
critical,8,ambiguous,short,comma,nonfinal,6,6,came,14.054059028625488
critical,8,ambiguous,short,comma,nonfinal,6,7,back,3.5885322093963623
critical,8,ambiguous,short,comma,nonfinal,6,8,on,6.863874435424805
critical,8,ambiguous,short,comma,nonfinal,6,9,stage,0.4668242037296295
critical,8,ambiguous,short,comma,nonfinal,6,10,and,2.8612630367279053
critical,8,ambiguous,short,comma,nonfinal,6,11,waived.,24.10922622680664
critical,8,unambiguous,long,comma,nonfinal,9,0,As,14.926294326782228
critical,8,unambiguous,long,comma,nonfinal,9,1,the,3.2081451416015625
critical,8,unambiguous,long,comma,nonfinal,9,2,crowd,11.250340461730955
critical,8,unambiguous,long,comma,nonfinal,9,3,"applauded,",8.766602158546448
critical,8,unambiguous,long,comma,nonfinal,9,4,the,3.0757651329040527
critical,8,unambiguous,long,comma,nonfinal,9,5,cast,10.635814666748049
critical,8,unambiguous,long,comma,nonfinal,9,6,for,9.889613151550291
critical,8,unambiguous,long,comma,nonfinal,9,7,the,2.017634391784668
critical,8,unambiguous,long,comma,nonfinal,9,8,play,8.176753997802734
critical,8,unambiguous,long,comma,nonfinal,9,9,came,6.019811153411865
critical,8,unambiguous,long,comma,nonfinal,9,10,back,4.730166912078857
critical,8,unambiguous,long,comma,nonfinal,9,11,on,6.088791370391846
critical,8,unambiguous,long,comma,nonfinal,9,12,stage,0.8313723802566528
critical,8,unambiguous,long,comma,nonfinal,9,13,and,2.600454807281494
critical,8,unambiguous,long,comma,nonfinal,9,14,waived.,22.285175800323486
critical,8,unambiguous,short,comma,nonfinal,6,0,As,14.926294326782228
critical,8,unambiguous,short,comma,nonfinal,6,1,the,3.2081451416015625
critical,8,unambiguous,short,comma,nonfinal,6,2,crowd,11.250340461730955
critical,8,unambiguous,short,comma,nonfinal,6,3,"applauded,",8.766602158546448
critical,8,unambiguous,short,comma,nonfinal,6,4,the,3.0757651329040527
critical,8,unambiguous,short,comma,nonfinal,6,5,cast,10.635814666748049
critical,8,unambiguous,short,comma,nonfinal,6,6,came,7.678637504577637
critical,8,unambiguous,short,comma,nonfinal,6,7,back,2.967193365097046
critical,8,unambiguous,short,comma,nonfinal,6,8,on,6.811525821685791
critical,8,unambiguous,short,comma,nonfinal,6,9,stage,0.5971457958221436
critical,8,unambiguous,short,comma,nonfinal,6,10,and,2.271634817123413
critical,8,unambiguous,short,comma,nonfinal,6,11,waived.,21.834300994873047
critical,9,ambiguous,long,object,nonfinal,8,0,Because,16.478105545043945
critical,9,ambiguous,long,object,nonfinal,8,1,the,3.560706853866577
critical,9,ambiguous,long,object,nonfinal,8,2,mechanic,15.240766525268556
critical,9,ambiguous,long,object,nonfinal,8,3,stopped,11.47516632080078
critical,9,ambiguous,long,object,nonfinal,8,4,the,6.061780452728272
critical,9,ambiguous,long,object,nonfinal,8,5,truck,7.121435642242432
critical,9,ambiguous,long,object,nonfinal,8,6,leaking,15.9712495803833
critical,9,ambiguous,long,object,nonfinal,8,7,oil,3.253790616989136
critical,9,ambiguous,long,object,nonfinal,8,8,needed,14.197115898132324
critical,9,ambiguous,long,object,nonfinal,8,9,several,9.14688491821289
critical,9,ambiguous,long,object,nonfinal,8,10,more,2.9247286319732666
critical,9,ambiguous,long,object,nonfinal,8,11,hours,4.424208164215088
critical,9,ambiguous,long,object,nonfinal,8,12,before,4.023942947387695
critical,9,ambiguous,long,object,nonfinal,8,13,it,1.7036573886871338
critical,9,ambiguous,long,object,nonfinal,8,14,was,2.4786856174468994
critical,9,ambiguous,long,object,nonfinal,8,15,ready.,7.058883428573608
critical,9,ambiguous,short,object,nonfinal,6,0,Because,16.478105545043945
critical,9,ambiguous,short,object,nonfinal,6,1,the,3.560706853866577
critical,9,ambiguous,short,object,nonfinal,6,2,mechanic,15.240766525268556
critical,9,ambiguous,short,object,nonfinal,6,3,stopped,11.47516632080078
critical,9,ambiguous,short,object,nonfinal,6,4,the,6.061780452728272
critical,9,ambiguous,short,object,nonfinal,6,5,truck,7.121435642242432
critical,9,ambiguous,short,object,nonfinal,6,6,needed,14.926608085632324
critical,9,ambiguous,short,object,nonfinal,6,7,several,9.097244262695312
critical,9,ambiguous,short,object,nonfinal,6,8,more,2.752030611038208
critical,9,ambiguous,short,object,nonfinal,6,9,hours,3.639868259429932
critical,9,ambiguous,short,object,nonfinal,6,10,before,3.754373073577881
critical,9,ambiguous,short,object,nonfinal,6,11,it,1.4126242399215698
critical,9,ambiguous,short,object,nonfinal,6,12,was,3.055171251296997
critical,9,ambiguous,short,object,nonfinal,6,13,ready.,6.221154689788818
critical,9,unambiguous,long,object,nonfinal,10,0,Because,16.478105545043945
critical,9,unambiguous,long,object,nonfinal,10,1,the,3.560706853866577
critical,9,unambiguous,long,object,nonfinal,10,2,mechanic,15.240766525268556
critical,9,unambiguous,long,object,nonfinal,10,3,stopped,11.47516632080078
critical,9,unambiguous,long,object,nonfinal,10,4,the,6.061780452728272
critical,9,unambiguous,long,object,nonfinal,10,5,repairs,12.2843599319458
critical,9,unambiguous,long,object,nonfinal,10,6,the,6.552621364593506
critical,9,unambiguous,long,object,nonfinal,10,7,truck,8.650501251220703
critical,9,unambiguous,long,object,nonfinal,10,8,leaking,20.509523391723636
critical,9,unambiguous,long,object,nonfinal,10,9,oil,2.9662907123565674
critical,9,unambiguous,long,object,nonfinal,10,10,needed,12.327958106994627
critical,9,unambiguous,long,object,nonfinal,10,11,several,10.000012397766112
critical,9,unambiguous,long,object,nonfinal,10,12,more,2.727122068405152
critical,9,unambiguous,long,object,nonfinal,10,13,hours,3.5284016132354736
critical,9,unambiguous,long,object,nonfinal,10,14,before,4.2850260734558105
critical,9,unambiguous,long,object,nonfinal,10,15,it,1.5493078231811523
critical,9,unambiguous,long,object,nonfinal,10,16,was,2.1749613285064697
critical,9,unambiguous,long,object,nonfinal,10,17,ready.,7.88027286529541
critical,9,unambiguous,short,object,nonfinal,8,0,Because,16.478105545043945
critical,9,unambiguous,short,object,nonfinal,8,1,the,3.560706853866577
critical,9,unambiguous,short,object,nonfinal,8,2,mechanic,15.240766525268556
critical,9,unambiguous,short,object,nonfinal,8,3,stopped,11.47516632080078
critical,9,unambiguous,short,object,nonfinal,8,4,the,6.061780452728272
critical,9,unambiguous,short,object,nonfinal,8,5,repairs,12.2843599319458
critical,9,unambiguous,short,object,nonfinal,8,6,the,6.552621364593506
critical,9,unambiguous,short,object,nonfinal,8,7,truck,8.650501251220703
critical,9,unambiguous,short,object,nonfinal,8,8,needed,6.85162353515625
critical,9,unambiguous,short,object,nonfinal,8,9,several,9.899508476257324
critical,9,unambiguous,short,object,nonfinal,8,10,more,2.8842122554779053
critical,9,unambiguous,short,object,nonfinal,8,11,hours,2.9407877922058105
critical,9,unambiguous,short,object,nonfinal,8,12,before,3.854326486587525
critical,9,unambiguous,short,object,nonfinal,8,13,it,1.3958276510238647
critical,9,unambiguous,short,object,nonfinal,8,14,was,2.6085007190704346
critical,9,unambiguous,short,object,nonfinal,8,15,ready.,7.302493333816528
critical,10,ambiguous,long,comma,nonfinal,8,0,When,14.687736511230469
critical,10,ambiguous,long,comma,nonfinal,8,1,the,3.6227195262908936
critical,10,ambiguous,long,comma,nonfinal,8,2,boy,10.55774211883545
critical,10,ambiguous,long,comma,nonfinal,8,3,hid,13.42103099822998
critical,10,ambiguous,long,comma,nonfinal,8,4,his,2.297732353210449
critical,10,ambiguous,long,comma,nonfinal,8,5,toy,9.612899780273438
critical,10,ambiguous,long,comma,nonfinal,8,6,from,2.9488449096679688
critical,10,ambiguous,long,comma,nonfinal,8,7,childhood,14.072654724121094
critical,10,ambiguous,long,comma,nonfinal,8,8,fell,16.386980056762695
critical,10,ambiguous,long,comma,nonfinal,8,9,off,8.068181991577148
critical,10,ambiguous,long,comma,nonfinal,8,10,the,2.3059322834014893
critical,10,ambiguous,long,comma,nonfinal,8,11,table.,11.183935642242432
critical,10,ambiguous,short,comma,nonfinal,6,0,When,14.687736511230469
critical,10,ambiguous,short,comma,nonfinal,6,1,the,3.6227195262908936
critical,10,ambiguous,short,comma,nonfinal,6,2,boy,10.55774211883545
critical,10,ambiguous,short,comma,nonfinal,6,3,hid,13.42103099822998
critical,10,ambiguous,short,comma,nonfinal,6,4,his,2.297732353210449
critical,10,ambiguous,short,comma,nonfinal,6,5,toy,9.612899780273438
critical,10,ambiguous,short,comma,nonfinal,6,6,fell,17.26236915588379
critical,10,ambiguous,short,comma,nonfinal,6,7,off,3.506442785263061
critical,10,ambiguous,short,comma,nonfinal,6,8,the,2.1111433506011963
critical,10,ambiguous,short,comma,nonfinal,6,9,table.,8.84115219116211
critical,10,unambiguous,long,comma,nonfinal,8,0,When,14.687736511230469
critical,10,unambiguous,long,comma,nonfinal,8,1,the,3.6227195262908936
critical,10,unambiguous,long,comma,nonfinal,8,2,boy,10.55774211883545
critical,10,unambiguous,long,comma,nonfinal,8,3,"hid,",19.64307165145874
critical,10,unambiguous,long,comma,nonfinal,8,4,his,4.368359088897705
critical,10,unambiguous,long,comma,nonfinal,8,5,toy,11.903246879577637
critical,10,unambiguous,long,comma,nonfinal,8,6,from,10.61769676208496
critical,10,unambiguous,long,comma,nonfinal,8,7,childhood,12.925808906555176
critical,10,unambiguous,long,comma,nonfinal,8,8,fell,7.008328914642334
critical,10,unambiguous,long,comma,nonfinal,8,9,off,4.37748384475708
critical,10,unambiguous,long,comma,nonfinal,8,10,the,2.336355447769165
critical,10,unambiguous,long,comma,nonfinal,8,11,table.,5.1697269678115845
critical,10,unambiguous,short,comma,nonfinal,6,0,When,14.687736511230469
critical,10,unambiguous,short,comma,nonfinal,6,1,the,3.6227195262908936
critical,10,unambiguous,short,comma,nonfinal,6,2,boy,10.55774211883545
critical,10,unambiguous,short,comma,nonfinal,6,3,"hid,",19.64307165145874
critical,10,unambiguous,short,comma,nonfinal,6,4,his,4.368359088897705
critical,10,unambiguous,short,comma,nonfinal,6,5,toy,11.903246879577637
critical,10,unambiguous,short,comma,nonfinal,6,6,fell,6.869840145111084
critical,10,unambiguous,short,comma,nonfinal,6,7,off,3.9010398387908936
critical,10,unambiguous,short,comma,nonfinal,6,8,the,2.2350149154663086
critical,10,unambiguous,short,comma,nonfinal,6,9,table.,4.883206725120544
critical,11,ambiguous,long,comma,final,12,0,Whenever,20.25005149841309
critical,11,ambiguous,long,comma,final,12,1,the,4.59031343460083
critical,11,ambiguous,long,comma,final,12,2,wildlife,15.849756240844728
critical,11,ambiguous,long,comma,final,12,3,documentary,13.906302452087402
critical,11,ambiguous,long,comma,final,12,4,crew,7.009088039398193
critical,11,ambiguous,long,comma,final,12,5,tries,6.675293445587158
critical,11,ambiguous,long,comma,final,12,6,to,0.1528967022895813
critical,11,ambiguous,long,comma,final,12,7,film,6.285550594329834
critical,11,ambiguous,long,comma,final,12,8,the,2.7815840244293213
critical,11,ambiguous,long,comma,final,12,9,bear,9.06548309326172
critical,11,ambiguous,long,comma,final,12,10,hunting,8.115368843078613
critical,11,ambiguous,long,comma,final,12,11,cautiously,22.51166534423828
critical,11,ambiguous,long,comma,final,12,12,leaves.,26.4382963180542
critical,11,ambiguous,short,comma,final,10,0,Whenever,20.25005149841309
critical,11,ambiguous,short,comma,final,10,1,the,4.59031343460083
critical,11,ambiguous,short,comma,final,10,2,wildlife,15.849756240844728
critical,11,ambiguous,short,comma,final,10,3,documentary,13.906302452087402
critical,11,ambiguous,short,comma,final,10,4,crew,7.009088039398193
critical,11,ambiguous,short,comma,final,10,5,tries,6.675293445587158
critical,11,ambiguous,short,comma,final,10,6,to,0.1528967022895813
critical,11,ambiguous,short,comma,final,10,7,film,6.285550594329834
critical,11,ambiguous,short,comma,final,10,8,the,2.7815840244293213
critical,11,ambiguous,short,comma,final,10,9,bear,9.06548309326172
critical,11,ambiguous,short,comma,final,10,10,leaves.,22.933151245117188
critical,11,unambiguous,long,comma,final,12,0,Whenever,20.25005149841309
critical,11,unambiguous,long,comma,final,12,1,the,4.59031343460083
critical,11,unambiguous,long,comma,final,12,2,wildlife,15.849756240844728
critical,11,unambiguous,long,comma,final,12,3,documentary,13.906302452087402
critical,11,unambiguous,long,comma,final,12,4,crew,7.009088039398193
critical,11,unambiguous,long,comma,final,12,5,tries,6.675293445587158
critical,11,unambiguous,long,comma,final,12,6,to,0.1528967022895813
critical,11,unambiguous,long,comma,final,12,7,"film,",13.83108139038086
critical,11,unambiguous,long,comma,final,12,8,the,3.66558051109314
critical,11,unambiguous,long,comma,final,12,9,bear,11.423434257507324
critical,11,unambiguous,long,comma,final,12,10,hunting,11.243141174316406
critical,11,unambiguous,long,comma,final,12,11,cautiously,19.68323516845703
critical,11,unambiguous,long,comma,final,12,12,leaves.,14.137292861938477
critical,11,unambiguous,short,comma,final,10,0,Whenever,20.25005149841309
critical,11,unambiguous,short,comma,final,10,1,the,4.59031343460083
critical,11,unambiguous,short,comma,final,10,2,wildlife,15.849756240844728
critical,11,unambiguous,short,comma,final,10,3,documentary,13.906302452087402
critical,11,unambiguous,short,comma,final,10,4,crew,7.009088039398193
critical,11,unambiguous,short,comma,final,10,5,tries,6.675293445587158
critical,11,unambiguous,short,comma,final,10,6,to,0.1528967022895813
critical,11,unambiguous,short,comma,final,10,7,"film,",13.83108139038086
critical,11,unambiguous,short,comma,final,10,8,the,3.66558051109314
critical,11,unambiguous,short,comma,final,10,9,bear,11.423434257507324
critical,11,unambiguous,short,comma,final,10,10,leaves.,14.187848091125488
critical,12,ambiguous,long,object,nonfinal,9,0,After,15.716473579406738
critical,12,ambiguous,long,object,nonfinal,9,1,the,3.606374263763428
critical,12,ambiguous,long,object,nonfinal,9,2,tutor,20.678136825561523
critical,12,ambiguous,long,object,nonfinal,9,3,explained,10.278728485107422
critical,12,ambiguous,long,object,nonfinal,9,4,the,3.0702948570251465
critical,12,ambiguous,long,object,nonfinal,9,5,problem,4.919617176055908
critical,12,ambiguous,long,object,nonfinal,9,6,for,6.886152267456055
critical,12,ambiguous,long,object,nonfinal,9,7,extra,15.84616756439209
critical,12,ambiguous,long,object,nonfinal,9,8,credit,3.9576923847198486
critical,12,ambiguous,long,object,nonfinal,9,9,was,9.526209831237791
critical,12,ambiguous,long,object,nonfinal,9,10,no,6.954560279846191
critical,12,ambiguous,long,object,nonfinal,9,11,longer,1.3239086866378784
critical,12,ambiguous,long,object,nonfinal,9,12,difficult,10.759300231933594
critical,12,ambiguous,long,object,nonfinal,9,13,for,4.102421760559082
critical,12,ambiguous,long,object,nonfinal,9,14,the,3.0387051105499268
critical,12,ambiguous,long,object,nonfinal,9,15,student.,4.8771748542785645
critical,12,ambiguous,short,object,nonfinal,6,0,After,15.716473579406738
critical,12,ambiguous,short,object,nonfinal,6,1,the,3.606374263763428
critical,12,ambiguous,short,object,nonfinal,6,2,tutor,20.678136825561523
critical,12,ambiguous,short,object,nonfinal,6,3,explained,10.278728485107422
critical,12,ambiguous,short,object,nonfinal,6,4,the,3.0702948570251465
critical,12,ambiguous,short,object,nonfinal,6,5,problem,4.919617176055908
critical,12,ambiguous,short,object,nonfinal,6,6,was,7.835155487060547
critical,12,ambiguous,short,object,nonfinal,6,7,no,8.415295600891113
critical,12,ambiguous,short,object,nonfinal,6,8,longer,0.8739360570907593
critical,12,ambiguous,short,object,nonfinal,6,9,difficult,9.402998924255373
critical,12,ambiguous,short,object,nonfinal,6,10,for,3.503493070602417
critical,12,ambiguous,short,object,nonfinal,6,11,the,3.3972654342651367
critical,12,ambiguous,short,object,nonfinal,6,12,student.,7.284051418304443
critical,12,unambiguous,long,object,nonfinal,11,0,After,15.716473579406738
critical,12,unambiguous,long,object,nonfinal,11,1,the,3.606374263763428
critical,12,unambiguous,long,object,nonfinal,11,2,tutor,20.678136825561523
critical,12,unambiguous,long,object,nonfinal,11,3,explained,10.278728485107422
critical,12,unambiguous,long,object,nonfinal,11,4,the,3.0702948570251465
critical,12,unambiguous,long,object,nonfinal,11,5,concepts,9.50529670715332
critical,12,unambiguous,long,object,nonfinal,11,6,the,8.278634071350098
critical,12,unambiguous,long,object,nonfinal,11,7,problem,9.81738567352295
critical,12,unambiguous,long,object,nonfinal,11,8,for,8.202179908752441
critical,12,unambiguous,long,object,nonfinal,11,9,extra,14.467940330505373
critical,12,unambiguous,long,object,nonfinal,11,10,credit,5.00460147857666
critical,12,unambiguous,long,object,nonfinal,11,11,was,2.7927560806274414
critical,12,unambiguous,long,object,nonfinal,11,12,no,9.856691360473633
critical,12,unambiguous,long,object,nonfinal,11,13,longer,0.5203947424888611
critical,12,unambiguous,long,object,nonfinal,11,14,difficult,7.842596054077148
critical,12,unambiguous,long,object,nonfinal,11,15,for,4.449512958526611
critical,12,unambiguous,long,object,nonfinal,11,16,the,2.753373384475708
critical,12,unambiguous,long,object,nonfinal,11,17,student.,3.4209413528442383
critical,12,unambiguous,short,object,nonfinal,8,0,After,15.716473579406738
critical,12,unambiguous,short,object,nonfinal,8,1,the,3.606374263763428
critical,12,unambiguous,short,object,nonfinal,8,2,tutor,20.678136825561523
critical,12,unambiguous,short,object,nonfinal,8,3,explained,10.278728485107422
critical,12,unambiguous,short,object,nonfinal,8,4,the,3.0702948570251465
critical,12,unambiguous,short,object,nonfinal,8,5,concepts,9.50529670715332
critical,12,unambiguous,short,object,nonfinal,8,6,the,8.278634071350098
critical,12,unambiguous,short,object,nonfinal,8,7,problem,9.81738567352295
critical,12,unambiguous,short,object,nonfinal,8,8,was,1.8463836908340452
critical,12,unambiguous,short,object,nonfinal,8,9,no,10.51994514465332
critical,12,unambiguous,short,object,nonfinal,8,10,longer,0.3042744696140289
critical,12,unambiguous,short,object,nonfinal,8,11,difficult,7.475593090057373
critical,12,unambiguous,short,object,nonfinal,8,12,for,3.9387824535369873
critical,12,unambiguous,short,object,nonfinal,8,13,the,2.9612605571746826
critical,12,unambiguous,short,object,nonfinal,8,14,student.,4.4180333614349365
critical,13,ambiguous,long,object,final,11,0,When,14.687736511230469
critical,13,ambiguous,long,object,final,11,1,the,3.6227195262908936
critical,13,ambiguous,long,object,final,11,2,original,9.046584129333496
critical,13,ambiguous,long,object,final,11,3,members,11.783194541931152
critical,13,ambiguous,long,object,final,11,4,left,6.435640335083008
critical,13,ambiguous,long,object,final,11,5,the,1.9998637437820437
critical,13,ambiguous,long,object,final,11,6,company,5.360894680023193
critical,13,ambiguous,long,object,final,11,7,that,8.323575019836426
critical,13,ambiguous,long,object,final,11,8,was,3.9708786010742183
critical,13,ambiguous,long,object,final,11,9,recently,10.550291061401367
critical,13,ambiguous,long,object,final,11,10,acquired,2.414471387863159
critical,13,ambiguous,long,object,final,11,11,failed.,22.831767082214355
critical,13,ambiguous,short,object,final,7,0,When,14.687736511230469
critical,13,ambiguous,short,object,final,7,1,the,3.6227195262908936
critical,13,ambiguous,short,object,final,7,2,original,9.046584129333496
critical,13,ambiguous,short,object,final,7,3,members,11.783194541931152
critical,13,ambiguous,short,object,final,7,4,left,6.435640335083008
critical,13,ambiguous,short,object,final,7,5,the,1.9998637437820437
critical,13,ambiguous,short,object,final,7,6,company,5.360894680023193
critical,13,ambiguous,short,object,final,7,7,failed.,21.499228954315186
critical,13,unambiguous,long,object,final,14,0,When,14.687736511230469
critical,13,unambiguous,long,object,final,14,1,the,3.6227195262908936
critical,13,unambiguous,long,object,final,14,2,original,9.046584129333496
critical,13,unambiguous,long,object,final,14,3,members,11.783194541931152
critical,13,unambiguous,long,object,final,14,4,left,6.435640335083008
critical,13,unambiguous,long,object,final,14,5,the,1.9998637437820437
critical,13,unambiguous,long,object,final,14,6,engineering,14.81362247467041
critical,13,unambiguous,long,object,final,14,7,team,3.2828047275543213
critical,13,unambiguous,long,object,final,14,8,the,6.83701753616333
critical,13,unambiguous,long,object,final,14,9,company,5.197794437408447
critical,13,unambiguous,long,object,final,14,10,that,9.729507446289062
critical,13,unambiguous,long,object,final,14,11,was,4.423184871673584
critical,13,unambiguous,long,object,final,14,12,recently,11.738429069519045
critical,13,unambiguous,long,object,final,14,13,acquired,3.4016242027282715
critical,13,unambiguous,long,object,final,14,14,failed.,14.457059860229492
critical,13,unambiguous,short,object,final,10,0,When,14.687736511230469
critical,13,unambiguous,short,object,final,10,1,the,3.6227195262908936
critical,13,unambiguous,short,object,final,10,2,original,9.046584129333496
critical,13,unambiguous,short,object,final,10,3,members,11.783194541931152
critical,13,unambiguous,short,object,final,10,4,left,6.435640335083008
critical,13,unambiguous,short,object,final,10,5,the,1.9998637437820437
critical,13,unambiguous,short,object,final,10,6,engineering,14.81362247467041
critical,13,unambiguous,short,object,final,10,7,team,3.2828047275543213
critical,13,unambiguous,short,object,final,10,8,the,6.83701753616333
critical,13,unambiguous,short,object,final,10,9,company,5.197794437408447
critical,13,unambiguous,short,object,final,10,10,failed.,13.526735305786133
critical,14,ambiguous,long,object,nonfinal,9,0,Because,16.478105545043945
critical,14,ambiguous,long,object,nonfinal,9,1,the,3.560706853866577
critical,14,ambiguous,long,object,nonfinal,9,2,student,11.787707328796388
critical,14,ambiguous,long,object,nonfinal,9,3,left,10.091711044311523
critical,14,ambiguous,long,object,nonfinal,9,4,the,2.467293262481689
critical,14,ambiguous,long,object,nonfinal,9,5,backpack,13.393634796142578
critical,14,ambiguous,long,object,nonfinal,9,6,he,5.919780254364014
critical,14,ambiguous,long,object,nonfinal,9,7,just,8.387007713317871
critical,14,ambiguous,long,object,nonfinal,9,8,bought,3.977691888809204
critical,14,ambiguous,long,object,nonfinal,9,9,was,7.423299312591553
critical,14,ambiguous,long,object,nonfinal,9,10,put,10.932307243347168
critical,14,ambiguous,long,object,nonfinal,9,11,in,1.1176506280899048
critical,14,ambiguous,long,object,nonfinal,9,12,lost,16.946195602416992
critical,14,ambiguous,long,object,nonfinal,9,13,and,3.8874573707580566
critical,14,ambiguous,long,object,nonfinal,9,14,found.,9.13936185836792
critical,14,ambiguous,short,object,nonfinal,6,0,Because,16.478105545043945
critical,14,ambiguous,short,object,nonfinal,6,1,the,3.560706853866577
critical,14,ambiguous,short,object,nonfinal,6,2,student,11.787707328796388
critical,14,ambiguous,short,object,nonfinal,6,3,left,10.091711044311523
critical,14,ambiguous,short,object,nonfinal,6,4,the,2.467293262481689
critical,14,ambiguous,short,object,nonfinal,6,5,backpack,13.393634796142578
critical,14,ambiguous,short,object,nonfinal,6,6,was,9.06114673614502
critical,14,ambiguous,short,object,nonfinal,6,7,put,9.404705047607422
critical,14,ambiguous,short,object,nonfinal,6,8,in,1.3083009719848633
critical,14,ambiguous,short,object,nonfinal,6,9,lost,16.95686149597168
critical,14,ambiguous,short,object,nonfinal,6,10,and,3.769573450088501
critical,14,ambiguous,short,object,nonfinal,6,11,found.,10.070390462875366
critical,14,unambiguous,long,object,nonfinal,11,0,Because,16.478105545043945
critical,14,unambiguous,long,object,nonfinal,11,1,the,3.560706853866577
critical,14,unambiguous,long,object,nonfinal,11,2,student,11.787707328796388
critical,14,unambiguous,long,object,nonfinal,11,3,left,10.091711044311523
critical,14,unambiguous,long,object,nonfinal,11,4,the,2.467293262481689
critical,14,unambiguous,long,object,nonfinal,11,5,room,4.505593299865723
critical,14,unambiguous,long,object,nonfinal,11,6,the,7.689886569976807
critical,14,unambiguous,long,object,nonfinal,11,7,backpack,14.055060386657717
critical,14,unambiguous,long,object,nonfinal,11,8,he,5.058667182922363
critical,14,unambiguous,long,object,nonfinal,11,9,just,8.69184398651123
critical,14,unambiguous,long,object,nonfinal,11,10,bought,4.344683647155762
critical,14,unambiguous,long,object,nonfinal,11,11,was,1.843114733695984
critical,14,unambiguous,long,object,nonfinal,11,12,put,10.534979820251465
critical,14,unambiguous,long,object,nonfinal,11,13,in,1.2836014032363892
critical,14,unambiguous,long,object,nonfinal,11,14,lost,18.01749610900879
critical,14,unambiguous,long,object,nonfinal,11,15,and,3.8397974967956543
critical,14,unambiguous,long,object,nonfinal,11,16,found.,8.596479654312134
critical,14,unambiguous,short,object,nonfinal,8,0,Because,16.478105545043945
critical,14,unambiguous,short,object,nonfinal,8,1,the,3.560706853866577
critical,14,unambiguous,short,object,nonfinal,8,2,student,11.787707328796388
critical,14,unambiguous,short,object,nonfinal,8,3,left,10.091711044311523
critical,14,unambiguous,short,object,nonfinal,8,4,the,2.467293262481689
critical,14,unambiguous,short,object,nonfinal,8,5,room,4.505593299865723
critical,14,unambiguous,short,object,nonfinal,8,6,the,7.689886569976807
critical,14,unambiguous,short,object,nonfinal,8,7,backpack,14.055060386657717
critical,14,unambiguous,short,object,nonfinal,8,8,was,1.64729106426239
critical,14,unambiguous,short,object,nonfinal,8,9,put,8.245656967163086
critical,14,unambiguous,short,object,nonfinal,8,10,in,1.5147571563720703
critical,14,unambiguous,short,object,nonfinal,8,11,lost,17.92020606994629
critical,14,unambiguous,short,object,nonfinal,8,12,and,3.7862820625305176
critical,14,unambiguous,short,object,nonfinal,8,13,found.,9.505098342895508
critical,15,ambiguous,long,object,nonfinal,11,0,Once,16.874414443969727
critical,15,ambiguous,long,object,nonfinal,11,1,the,3.919586420059204
critical,15,ambiguous,long,object,nonfinal,11,2,new,7.346999645233154
critical,15,ambiguous,long,object,nonfinal,11,3,assistant,14.218633651733398
critical,15,ambiguous,long,object,nonfinal,11,4,started,11.521483421325684
critical,15,ambiguous,long,object,nonfinal,11,5,the,5.756977558135986
critical,15,ambiguous,long,object,nonfinal,11,6,job,5.708723068237305
critical,15,ambiguous,long,object,nonfinal,11,7,as,6.319484710693359
critical,15,ambiguous,long,object,nonfinal,11,8,an,2.7220258712768555
critical,15,ambiguous,long,object,nonfinal,11,9,executive,7.764447212219238
critical,15,ambiguous,long,object,nonfinal,11,10,manager,6.777194976806641
critical,15,ambiguous,long,object,nonfinal,11,11,became,17.67561149597168
critical,15,ambiguous,long,object,nonfinal,11,12,much,7.1902618408203125
critical,15,ambiguous,long,object,nonfinal,11,13,easier,3.0601465702056885
critical,15,ambiguous,long,object,nonfinal,11,14,for,3.627606630325317
critical,15,ambiguous,long,object,nonfinal,11,15,her,2.3588755130767822
critical,15,ambiguous,long,object,nonfinal,11,16,boss.,12.46151602268219
critical,15,ambiguous,short,object,nonfinal,7,0,Once,16.874414443969727
critical,15,ambiguous,short,object,nonfinal,7,1,the,3.919586420059204
critical,15,ambiguous,short,object,nonfinal,7,2,new,7.346999645233154
critical,15,ambiguous,short,object,nonfinal,7,3,assistant,14.218633651733398
critical,15,ambiguous,short,object,nonfinal,7,4,started,11.521483421325684
critical,15,ambiguous,short,object,nonfinal,7,5,the,5.756977558135986
critical,15,ambiguous,short,object,nonfinal,7,6,job,5.708723068237305
critical,15,ambiguous,short,object,nonfinal,7,7,became,15.72346305847168
critical,15,ambiguous,short,object,nonfinal,7,8,much,5.308722019195557
critical,15,ambiguous,short,object,nonfinal,7,9,easier,2.113586902618408
critical,15,ambiguous,short,object,nonfinal,7,10,for,3.3406131267547607
critical,15,ambiguous,short,object,nonfinal,7,11,her,2.389045476913452
critical,15,ambiguous,short,object,nonfinal,7,12,boss.,13.039933681488035
critical,15,unambiguous,long,object,nonfinal,12,0,Once,16.874414443969727
critical,15,unambiguous,long,object,nonfinal,12,1,the,3.919586420059204
critical,15,unambiguous,long,object,nonfinal,12,2,new,7.346999645233154
critical,15,unambiguous,long,object,nonfinal,12,3,assistant,14.218633651733398
critical,15,unambiguous,long,object,nonfinal,12,4,started,11.521483421325684
critical,15,unambiguous,long,object,nonfinal,12,5,work,8.378708839416504
critical,15,unambiguous,long,object,nonfinal,12,6,the,6.341311454772949
critical,15,unambiguous,long,object,nonfinal,12,7,job,7.658571720123291
critical,15,unambiguous,long,object,nonfinal,12,8,as,8.619110107421875
critical,15,unambiguous,long,object,nonfinal,12,9,an,3.1628847122192383
critical,15,unambiguous,long,object,nonfinal,12,10,executive,7.931795597076416
critical,15,unambiguous,long,object,nonfinal,12,11,manager,5.623441696166992
critical,15,unambiguous,long,object,nonfinal,12,12,became,8.743498802185059
critical,15,unambiguous,long,object,nonfinal,12,13,much,4.191071510314941
critical,15,unambiguous,long,object,nonfinal,12,14,easier,2.023374557495117
critical,15,unambiguous,long,object,nonfinal,12,15,for,4.131446838378906
critical,15,unambiguous,long,object,nonfinal,12,16,her,2.225736141204834
critical,15,unambiguous,long,object,nonfinal,12,17,boss.,12.799009203910828
critical,15,unambiguous,short,object,nonfinal,8,0,Once,16.874414443969727
critical,15,unambiguous,short,object,nonfinal,8,1,the,3.919586420059204
critical,15,unambiguous,short,object,nonfinal,8,2,new,7.346999645233154
critical,15,unambiguous,short,object,nonfinal,8,3,assistant,14.218633651733398
critical,15,unambiguous,short,object,nonfinal,8,4,started,11.521483421325684
critical,15,unambiguous,short,object,nonfinal,8,5,work,8.378708839416504
critical,15,unambiguous,short,object,nonfinal,8,6,the,6.341311454772949
critical,15,unambiguous,short,object,nonfinal,8,7,job,7.658571720123291
critical,15,unambiguous,short,object,nonfinal,8,8,became,4.129928112030029
critical,15,unambiguous,short,object,nonfinal,8,9,much,3.601036071777344
critical,15,unambiguous,short,object,nonfinal,8,10,easier,1.6761841773986816
critical,15,unambiguous,short,object,nonfinal,8,11,for,3.599010705947876
critical,15,unambiguous,short,object,nonfinal,8,12,her,2.156106472015381
critical,15,unambiguous,short,object,nonfinal,8,13,boss.,13.06808352470398
critical,16,ambiguous,long,object,nonfinal,10,0,When,14.687736511230469
critical,16,ambiguous,long,object,nonfinal,10,1,the,3.6227195262908936
critical,16,ambiguous,long,object,nonfinal,10,2,magician,15.422358512878418
critical,16,ambiguous,long,object,nonfinal,10,3,tried,9.20067024230957
critical,16,ambiguous,long,object,nonfinal,10,4,to,0.2473358213901519
critical,16,ambiguous,long,object,nonfinal,10,5,juggle,12.33452943706652
critical,16,ambiguous,long,object,nonfinal,10,6,the,2.914206027984619
critical,16,ambiguous,long,object,nonfinal,10,7,torches,14.678194046020508
critical,16,ambiguous,long,object,nonfinal,10,8,burning,11.356358528137209
critical,16,ambiguous,long,object,nonfinal,10,9,dangerously,15.679732322692873
critical,16,ambiguous,long,object,nonfinal,10,10,fell,19.0018310546875
critical,16,ambiguous,long,object,nonfinal,10,11,down.,7.964893341064453
critical,16,ambiguous,short,object,nonfinal,8,0,When,14.687736511230469
critical,16,ambiguous,short,object,nonfinal,8,1,the,3.6227195262908936
critical,16,ambiguous,short,object,nonfinal,8,2,magician,15.422358512878418
critical,16,ambiguous,short,object,nonfinal,8,3,tried,9.20067024230957
critical,16,ambiguous,short,object,nonfinal,8,4,to,0.2473358213901519
critical,16,ambiguous,short,object,nonfinal,8,5,juggle,12.33452943706652
critical,16,ambiguous,short,object,nonfinal,8,6,the,2.914206027984619
critical,16,ambiguous,short,object,nonfinal,8,7,torches,14.678194046020508
critical,16,ambiguous,short,object,nonfinal,8,8,fell,15.883238792419434
critical,16,ambiguous,short,object,nonfinal,8,9,down.,7.516373872756958
critical,16,unambiguous,long,object,nonfinal,12,0,When,14.687736511230469
critical,16,unambiguous,long,object,nonfinal,12,1,the,3.6227195262908936
critical,16,unambiguous,long,object,nonfinal,12,2,magician,15.422358512878418
critical,16,unambiguous,long,object,nonfinal,12,3,tried,9.20067024230957
critical,16,unambiguous,long,object,nonfinal,12,4,to,0.2473358213901519
critical,16,unambiguous,long,object,nonfinal,12,5,juggle,12.33452943706652
critical,16,unambiguous,long,object,nonfinal,12,6,more,8.904662132263184
critical,16,unambiguous,long,object,nonfinal,12,7,items,7.545783996582031
critical,16,unambiguous,long,object,nonfinal,12,8,the,9.0088529586792
critical,16,unambiguous,long,object,nonfinal,12,9,torches,18.569416046142575
critical,16,unambiguous,long,object,nonfinal,12,10,burning,11.885173797607422
critical,16,unambiguous,long,object,nonfinal,12,11,dangerously,14.36433219909668
critical,16,unambiguous,long,object,nonfinal,12,12,fell,7.623448848724365
critical,16,unambiguous,long,object,nonfinal,12,13,down.,6.550662398338318
critical,16,unambiguous,short,object,nonfinal,10,0,When,14.687736511230469
critical,16,unambiguous,short,object,nonfinal,10,1,the,3.6227195262908936
critical,16,unambiguous,short,object,nonfinal,10,2,magician,15.422358512878418
critical,16,unambiguous,short,object,nonfinal,10,3,tried,9.20067024230957
critical,16,unambiguous,short,object,nonfinal,10,4,to,0.2473358213901519
critical,16,unambiguous,short,object,nonfinal,10,5,juggle,12.33452943706652
critical,16,unambiguous,short,object,nonfinal,10,6,more,8.904662132263184
critical,16,unambiguous,short,object,nonfinal,10,7,items,7.545783996582031
critical,16,unambiguous,short,object,nonfinal,10,8,the,9.0088529586792
critical,16,unambiguous,short,object,nonfinal,10,9,torches,18.569416046142575
critical,16,unambiguous,short,object,nonfinal,10,10,fell,5.848686695098877
critical,16,unambiguous,short,object,nonfinal,10,11,down.,6.3666160106658936
critical,17,ambiguous,long,comma,nonfinal,10,0,When,14.687736511230469
critical,17,ambiguous,long,comma,nonfinal,10,1,the,3.6227195262908936
critical,17,ambiguous,long,comma,nonfinal,10,2,marathon,14.833170890808104
critical,17,ambiguous,long,comma,nonfinal,10,3,runner,5.312398433685303
critical,17,ambiguous,long,comma,nonfinal,10,4,finally,7.780439853668213
critical,17,ambiguous,long,comma,nonfinal,10,5,stopped,6.39316463470459
critical,17,ambiguous,long,comma,nonfinal,10,6,his,6.429465293884277
critical,17,ambiguous,long,comma,nonfinal,10,7,friend,12.384841918945312
critical,17,ambiguous,long,comma,nonfinal,10,8,sweating,15.84308624267578
critical,17,ambiguous,long,comma,nonfinal,10,9,profusely,5.9712210851866985
critical,17,ambiguous,long,comma,nonfinal,10,10,collapsed,21.172897338867188
critical,17,ambiguous,long,comma,nonfinal,10,11,from,4.552119255065918
critical,17,ambiguous,long,comma,nonfinal,10,12,exhaustion.,5.602705121040344
critical,17,ambiguous,short,comma,nonfinal,8,0,When,14.687736511230469
critical,17,ambiguous,short,comma,nonfinal,8,1,the,3.6227195262908936
critical,17,ambiguous,short,comma,nonfinal,8,2,marathon,14.833170890808104
critical,17,ambiguous,short,comma,nonfinal,8,3,runner,5.312398433685303
critical,17,ambiguous,short,comma,nonfinal,8,4,finally,7.780439853668213
critical,17,ambiguous,short,comma,nonfinal,8,5,stopped,6.39316463470459
critical,17,ambiguous,short,comma,nonfinal,8,6,his,6.429465293884277
critical,17,ambiguous,short,comma,nonfinal,8,7,friend,12.384841918945312
critical,17,ambiguous,short,comma,nonfinal,8,8,collapsed,18.839513778686523
critical,17,ambiguous,short,comma,nonfinal,8,9,from,4.036743640899658
critical,17,ambiguous,short,comma,nonfinal,8,10,exhaustion.,6.726563453674316
critical,17,unambiguous,long,comma,nonfinal,10,0,When,14.687736511230469
critical,17,unambiguous,long,comma,nonfinal,10,1,the,3.6227195262908936
critical,17,unambiguous,long,comma,nonfinal,10,2,marathon,14.833170890808104
critical,17,unambiguous,long,comma,nonfinal,10,3,runner,5.312398433685303
critical,17,unambiguous,long,comma,nonfinal,10,4,finally,7.780439853668213
critical,17,unambiguous,long,comma,nonfinal,10,5,"stopped,",9.216728925704956
critical,17,unambiguous,long,comma,nonfinal,10,6,his,4.560418605804443
critical,17,unambiguous,long,comma,nonfinal,10,7,friend,7.014008522033691
critical,17,unambiguous,long,comma,nonfinal,10,8,sweating,18.93126678466797
critical,17,unambiguous,long,comma,nonfinal,10,9,profusely,1.5457855716813356
critical,17,unambiguous,long,comma,nonfinal,10,10,collapsed,11.337900161743164
critical,17,unambiguous,long,comma,nonfinal,10,11,from,4.306357383728027
critical,17,unambiguous,long,comma,nonfinal,10,12,exhaustion.,1.9431012272834776
critical,17,unambiguous,short,comma,nonfinal,8,0,When,14.687736511230469
critical,17,unambiguous,short,comma,nonfinal,8,1,the,3.6227195262908936
critical,17,unambiguous,short,comma,nonfinal,8,2,marathon,14.833170890808104
critical,17,unambiguous,short,comma,nonfinal,8,3,runner,5.312398433685303
critical,17,unambiguous,short,comma,nonfinal,8,4,finally,7.780439853668213
critical,17,unambiguous,short,comma,nonfinal,8,5,"stopped,",9.216728925704956
critical,17,unambiguous,short,comma,nonfinal,8,6,his,4.560418605804443
critical,17,unambiguous,short,comma,nonfinal,8,7,friend,7.014008522033691
critical,17,unambiguous,short,comma,nonfinal,8,8,collapsed,12.10972499847412
critical,17,unambiguous,short,comma,nonfinal,8,9,from,4.404891014099121
critical,17,unambiguous,short,comma,nonfinal,8,10,exhaustion.,2.255795955657959
critical,18,ambiguous,long,comma,nonfinal,9,0,While,16.15694236755371
critical,18,ambiguous,long,comma,nonfinal,9,1,the,2.841593742370605
critical,18,ambiguous,long,comma,nonfinal,9,2,martial,15.346906661987305
critical,18,ambiguous,long,comma,nonfinal,9,3,artists,6.173665523529053
critical,18,ambiguous,long,comma,nonfinal,9,4,fought,7.426546573638916
critical,18,ambiguous,long,comma,nonfinal,9,5,the,4.836779594421387
critical,18,ambiguous,long,comma,nonfinal,9,6,spectator,18.734926223754883
critical,18,ambiguous,long,comma,nonfinal,9,7,cheering,12.816961288452148
critical,18,ambiguous,long,comma,nonfinal,9,8,enthusiastically,11.62148094177246
critical,18,ambiguous,long,comma,nonfinal,9,9,supported,15.943402290344238
critical,18,ambiguous,long,comma,nonfinal,9,10,the,3.0678954124450684
critical,18,ambiguous,long,comma,nonfinal,9,11,underdog.,12.544695138931274
critical,18,ambiguous,short,comma,nonfinal,7,0,While,16.15694236755371
critical,18,ambiguous,short,comma,nonfinal,7,1,the,2.841593742370605
critical,18,ambiguous,short,comma,nonfinal,7,2,martial,15.346906661987305
critical,18,ambiguous,short,comma,nonfinal,7,3,artists,6.173665523529053
critical,18,ambiguous,short,comma,nonfinal,7,4,fought,7.426546573638916
critical,18,ambiguous,short,comma,nonfinal,7,5,the,4.836779594421387
critical,18,ambiguous,short,comma,nonfinal,7,6,spectator,18.734926223754883
critical,18,ambiguous,short,comma,nonfinal,7,7,supported,17.63996124267578
critical,18,ambiguous,short,comma,nonfinal,7,8,the,5.024061679840088
critical,18,ambiguous,short,comma,nonfinal,7,9,underdog.,14.219855308532717
critical,18,unambiguous,long,comma,nonfinal,9,0,While,16.15694236755371
critical,18,unambiguous,long,comma,nonfinal,9,1,the,2.841593742370605
critical,18,unambiguous,long,comma,nonfinal,9,2,martial,15.346906661987305
critical,18,unambiguous,long,comma,nonfinal,9,3,artists,6.173665523529053
critical,18,unambiguous,long,comma,nonfinal,9,4,"fought,",10.270583868026732
critical,18,unambiguous,long,comma,nonfinal,9,5,the,2.2980844974517822
critical,18,unambiguous,long,comma,nonfinal,9,6,spectator,13.68692398071289
critical,18,unambiguous,long,comma,nonfinal,9,7,cheering,11.11818027496338
critical,18,unambiguous,long,comma,nonfinal,9,8,enthusiastically,10.156893730163574
critical,18,unambiguous,long,comma,nonfinal,9,9,supported,11.196934700012209
critical,18,unambiguous,long,comma,nonfinal,9,10,the,1.528064489364624
critical,18,unambiguous,long,comma,nonfinal,9,11,underdog.,10.545139193534853
critical,18,unambiguous,short,comma,nonfinal,7,0,While,16.15694236755371
critical,18,unambiguous,short,comma,nonfinal,7,1,the,2.841593742370605
critical,18,unambiguous,short,comma,nonfinal,7,2,martial,15.346906661987305
critical,18,unambiguous,short,comma,nonfinal,7,3,artists,6.173665523529053
critical,18,unambiguous,short,comma,nonfinal,7,4,"fought,",10.270583868026732
critical,18,unambiguous,short,comma,nonfinal,7,5,the,2.2980844974517822
critical,18,unambiguous,short,comma,nonfinal,7,6,spectator,13.68692398071289
critical,18,unambiguous,short,comma,nonfinal,7,7,supported,14.3236722946167
critical,18,unambiguous,short,comma,nonfinal,7,8,the,1.6427232027053833
critical,18,unambiguous,short,comma,nonfinal,7,9,underdog.,11.58400285243988
critical,19,ambiguous,long,object,final,9,0,When,14.687736511230469
critical,19,ambiguous,long,object,final,9,1,the,3.6227195262908936
critical,19,ambiguous,long,object,final,9,2,band,9.840676307678224
critical,19,ambiguous,long,object,final,9,3,left,6.741983890533447
critical,19,ambiguous,long,object,final,9,4,the,2.2818713188171387
critical,19,ambiguous,long,object,final,9,5,venue,6.659806728363037
critical,19,ambiguous,long,object,final,9,6,with,6.73569917678833
critical,19,ambiguous,long,object,final,9,7,live,11.1150541305542
critical,19,ambiguous,long,object,final,9,8,music,4.021862506866455
critical,19,ambiguous,long,object,final,9,9,closed.,23.27947235107422
critical,19,ambiguous,short,object,final,6,0,When,14.687736511230469
critical,19,ambiguous,short,object,final,6,1,the,3.6227195262908936
critical,19,ambiguous,short,object,final,6,2,band,9.840676307678224
critical,19,ambiguous,short,object,final,6,3,left,6.741983890533447
critical,19,ambiguous,short,object,final,6,4,the,2.2818713188171387
critical,19,ambiguous,short,object,final,6,5,venue,6.659806728363037
critical,19,ambiguous,short,object,final,6,6,closed.,21.824790954589844
critical,19,unambiguous,long,object,final,11,0,When,14.687736511230469
critical,19,unambiguous,long,object,final,11,1,the,3.6227195262908936
critical,19,unambiguous,long,object,final,11,2,band,9.840676307678224
critical,19,unambiguous,long,object,final,11,3,left,6.741983890533447
critical,19,unambiguous,long,object,final,11,4,the,2.2818713188171387
critical,19,unambiguous,long,object,final,11,5,stage,4.245830535888672
critical,19,unambiguous,long,object,final,11,6,the,6.525720596313477
critical,19,unambiguous,long,object,final,11,7,venue,7.631703853607178
critical,19,unambiguous,long,object,final,11,8,with,9.950304985046388
critical,19,unambiguous,long,object,final,11,9,live,10.737286567687988
critical,19,unambiguous,long,object,final,11,10,music,3.3081207275390625
critical,19,unambiguous,long,object,final,11,11,closed.,17.951698064804077
critical,19,unambiguous,short,object,final,8,0,When,14.687736511230469
critical,19,unambiguous,short,object,final,8,1,the,3.6227195262908936
critical,19,unambiguous,short,object,final,8,2,band,9.840676307678224
critical,19,unambiguous,short,object,final,8,3,left,6.741983890533447
critical,19,unambiguous,short,object,final,8,4,the,2.2818713188171387
critical,19,unambiguous,short,object,final,8,5,stage,4.245830535888672
critical,19,unambiguous,short,object,final,8,6,the,6.525720596313477
critical,19,unambiguous,short,object,final,8,7,venue,7.631703853607178
critical,19,unambiguous,short,object,final,8,8,closed.,10.06985092163086
critical,20,ambiguous,long,comma,nonfinal,9,0,After,15.716473579406738
critical,20,ambiguous,long,comma,nonfinal,9,1,the,3.606374263763428
critical,20,ambiguous,long,comma,nonfinal,9,2,customer,15.130356788635254
critical,20,ambiguous,long,comma,nonfinal,9,3,emailed,11.736525535583496
critical,20,ambiguous,long,comma,nonfinal,9,4,the,3.7671959400177
critical,20,ambiguous,long,comma,nonfinal,9,5,company,3.1882007122039795
critical,20,ambiguous,long,comma,nonfinal,9,6,providing,10.047826766967772
critical,20,ambiguous,long,comma,nonfinal,9,7,phone,10.550962448120115
critical,20,ambiguous,long,comma,nonfinal,9,8,service,3.5385830402374268
critical,20,ambiguous,long,comma,nonfinal,9,9,responded,15.493793487548828
critical,20,ambiguous,long,comma,nonfinal,9,10,quickly.,9.928005456924438
critical,20,ambiguous,short,comma,nonfinal,6,0,After,15.716473579406738
critical,20,ambiguous,short,comma,nonfinal,6,1,the,3.606374263763428
critical,20,ambiguous,short,comma,nonfinal,6,2,customer,15.130356788635254
critical,20,ambiguous,short,comma,nonfinal,6,3,emailed,11.736525535583496
critical,20,ambiguous,short,comma,nonfinal,6,4,the,3.7671959400177
critical,20,ambiguous,short,comma,nonfinal,6,5,company,3.1882007122039795
critical,20,ambiguous,short,comma,nonfinal,6,6,responded,14.969842910766602
critical,20,ambiguous,short,comma,nonfinal,6,7,quickly.,11.551840782165527
critical,20,unambiguous,long,comma,nonfinal,9,0,After,15.716473579406738
critical,20,unambiguous,long,comma,nonfinal,9,1,the,3.606374263763428
critical,20,unambiguous,long,comma,nonfinal,9,2,customer,15.130356788635254
critical,20,unambiguous,long,comma,nonfinal,9,3,"emailed,",18.182897567749023
critical,20,unambiguous,long,comma,nonfinal,9,4,the,4.130863666534424
critical,20,unambiguous,long,comma,nonfinal,9,5,company,3.20749568939209
critical,20,unambiguous,long,comma,nonfinal,9,6,providing,14.342769622802734
critical,20,unambiguous,long,comma,nonfinal,9,7,phone,10.25727653503418
critical,20,unambiguous,long,comma,nonfinal,9,8,service,2.07162880897522
critical,20,unambiguous,long,comma,nonfinal,9,9,responded,4.302956581115723
critical,20,unambiguous,long,comma,nonfinal,9,10,quickly.,8.576513290405273
critical,20,unambiguous,short,comma,nonfinal,6,0,After,15.716473579406738
critical,20,unambiguous,short,comma,nonfinal,6,1,the,3.606374263763428
critical,20,unambiguous,short,comma,nonfinal,6,2,customer,15.130356788635254
critical,20,unambiguous,short,comma,nonfinal,6,3,"emailed,",18.182897567749023
critical,20,unambiguous,short,comma,nonfinal,6,4,the,4.130863666534424
critical,20,unambiguous,short,comma,nonfinal,6,5,company,3.20749568939209
critical,20,unambiguous,short,comma,nonfinal,6,6,responded,4.939484596252441
critical,20,unambiguous,short,comma,nonfinal,6,7,quickly.,8.385720014572144
critical,21,ambiguous,long,object,nonfinal,10,0,As,14.926294326782228
critical,21,ambiguous,long,object,nonfinal,10,1,the,3.2081451416015625
critical,21,ambiguous,long,object,nonfinal,10,2,detective,16.577123641967773
critical,21,ambiguous,long,object,nonfinal,10,3,investigated,9.184720993041992
critical,21,ambiguous,long,object,nonfinal,10,4,the,1.4453476667404177
critical,21,ambiguous,long,object,nonfinal,10,5,case,2.980973958969116
critical,21,ambiguous,long,object,nonfinal,10,6,about,11.41051197052002
critical,21,ambiguous,long,object,nonfinal,10,7,the,2.2995152473449707
critical,21,ambiguous,long,object,nonfinal,10,8,bank,11.142648696899414
critical,21,ambiguous,long,object,nonfinal,10,9,robbery,2.6958625316619877
critical,21,ambiguous,long,object,nonfinal,10,10,became,15.15868854522705
critical,21,ambiguous,long,object,nonfinal,10,11,more,2.4166066646575928
critical,21,ambiguous,long,object,nonfinal,10,12,complex.,10.470831871032717
critical,21,ambiguous,short,object,nonfinal,6,0,As,14.926294326782228
critical,21,ambiguous,short,object,nonfinal,6,1,the,3.2081451416015625
critical,21,ambiguous,short,object,nonfinal,6,2,detective,16.577123641967773
critical,21,ambiguous,short,object,nonfinal,6,3,investigated,9.184720993041992
critical,21,ambiguous,short,object,nonfinal,6,4,the,1.4453476667404177
critical,21,ambiguous,short,object,nonfinal,6,5,case,2.980973958969116
critical,21,ambiguous,short,object,nonfinal,6,6,became,13.20783805847168
critical,21,ambiguous,short,object,nonfinal,6,7,more,2.147191047668457
critical,21,ambiguous,short,object,nonfinal,6,8,complex.,8.698172569274902
critical,21,unambiguous,long,object,nonfinal,12,0,As,14.926294326782228
critical,21,unambiguous,long,object,nonfinal,12,1,the,3.2081451416015625
critical,21,unambiguous,long,object,nonfinal,12,2,detective,16.577123641967773
critical,21,unambiguous,long,object,nonfinal,12,3,investigated,9.184720993041992
critical,21,unambiguous,long,object,nonfinal,12,4,the,1.4453476667404177
critical,21,unambiguous,long,object,nonfinal,12,5,suspects,10.60426902770996
critical,21,unambiguous,long,object,nonfinal,12,6,the,7.762609004974365
critical,21,unambiguous,long,object,nonfinal,12,7,case,6.850820064544678
critical,21,unambiguous,long,object,nonfinal,12,8,about,13.49801254272461
critical,21,unambiguous,long,object,nonfinal,12,9,the,2.638615608215332
critical,21,unambiguous,long,object,nonfinal,12,10,bank,10.883689880371094
critical,21,unambiguous,long,object,nonfinal,12,11,robbery,2.773317813873291
critical,21,unambiguous,long,object,nonfinal,12,12,became,3.969161510467529
critical,21,unambiguous,long,object,nonfinal,12,13,more,2.390079975128174
critical,21,unambiguous,long,object,nonfinal,12,14,complex.,5.611136198043823
critical,21,unambiguous,short,object,nonfinal,8,0,As,14.926294326782228
critical,21,unambiguous,short,object,nonfinal,8,1,the,3.2081451416015625
critical,21,unambiguous,short,object,nonfinal,8,2,detective,16.577123641967773
critical,21,unambiguous,short,object,nonfinal,8,3,investigated,9.184720993041992
critical,21,unambiguous,short,object,nonfinal,8,4,the,1.4453476667404177
critical,21,unambiguous,short,object,nonfinal,8,5,suspects,10.60426902770996
critical,21,unambiguous,short,object,nonfinal,8,6,the,7.762609004974365
critical,21,unambiguous,short,object,nonfinal,8,7,case,6.850820064544678
critical,21,unambiguous,short,object,nonfinal,8,8,became,3.004385471343994
critical,21,unambiguous,short,object,nonfinal,8,9,more,2.3704988956451416
critical,21,unambiguous,short,object,nonfinal,8,10,complex.,4.838056266307831
critical,22,ambiguous,long,object,nonfinal,8,0,Although,17.26882553100586
critical,22,ambiguous,long,object,nonfinal,8,1,the,2.606167316436768
critical,22,ambiguous,long,object,nonfinal,8,2,team,8.380403518676758
critical,22,ambiguous,long,object,nonfinal,8,3,lost,8.978880882263184
critical,22,ambiguous,long,object,nonfinal,8,4,the,3.617359161376953
critical,22,ambiguous,long,object,nonfinal,8,5,championship,5.714534759521484
critical,22,ambiguous,long,object,nonfinal,8,6,in,3.611063241958618
critical,22,ambiguous,long,object,nonfinal,8,7,basketball,14.30465316772461
critical,22,ambiguous,long,object,nonfinal,8,8,was,11.358746528625488
critical,22,ambiguous,long,object,nonfinal,8,9,still,6.297426700592041
critical,22,ambiguous,long,object,nonfinal,8,10,a,3.617403268814087
critical,22,ambiguous,long,object,nonfinal,8,11,great,5.43825101852417
critical,22,ambiguous,long,object,nonfinal,8,12,experience,5.293400287628174
critical,22,ambiguous,long,object,nonfinal,8,13,for,1.6818857192993164
critical,22,ambiguous,long,object,nonfinal,8,14,the,2.376860857009888
critical,22,ambiguous,long,object,nonfinal,8,15,players.,7.312735319137573
critical,22,ambiguous,short,object,nonfinal,6,0,Although,17.26882553100586
critical,22,ambiguous,short,object,nonfinal,6,1,the,2.606167316436768
critical,22,ambiguous,short,object,nonfinal,6,2,team,8.380403518676758
critical,22,ambiguous,short,object,nonfinal,6,3,lost,8.978880882263184
critical,22,ambiguous,short,object,nonfinal,6,4,the,3.617359161376953
critical,22,ambiguous,short,object,nonfinal,6,5,championship,5.714534759521484
critical,22,ambiguous,short,object,nonfinal,6,6,was,12.313319206237791
critical,22,ambiguous,short,object,nonfinal,6,7,still,6.092522621154785
critical,22,ambiguous,short,object,nonfinal,6,8,a,3.325247287750244
critical,22,ambiguous,short,object,nonfinal,6,9,great,5.765650749206543
critical,22,ambiguous,short,object,nonfinal,6,10,experience,5.604114055633545
critical,22,ambiguous,short,object,nonfinal,6,11,for,1.3920522928237915
critical,22,ambiguous,short,object,nonfinal,6,12,the,2.409331083297729
critical,22,ambiguous,short,object,nonfinal,6,13,players.,5.800685882568359
critical,22,unambiguous,long,object,nonfinal,11,0,Although,17.26882553100586
critical,22,unambiguous,long,object,nonfinal,11,1,the,2.606167316436768
critical,22,unambiguous,long,object,nonfinal,11,2,team,8.380403518676758
critical,22,unambiguous,long,object,nonfinal,11,3,lost,8.978880882263184
critical,22,unambiguous,long,object,nonfinal,11,4,the,3.617359161376953
critical,22,unambiguous,long,object,nonfinal,11,5,final,4.505483150482178
critical,22,unambiguous,long,object,nonfinal,11,6,game,2.0613152980804443
critical,22,unambiguous,long,object,nonfinal,11,7,the,10.163454055786133
critical,22,unambiguous,long,object,nonfinal,11,8,championship,11.390336990356444
critical,22,unambiguous,long,object,nonfinal,11,9,in,5.635098457336426
critical,22,unambiguous,long,object,nonfinal,11,10,basketball,12.522043228149414
critical,22,unambiguous,long,object,nonfinal,11,11,was,6.848948955535889
critical,22,unambiguous,long,object,nonfinal,11,12,still,4.823901653289795
critical,22,unambiguous,long,object,nonfinal,11,13,a,3.457792282104492
critical,22,unambiguous,long,object,nonfinal,11,14,great,5.356657028198242
critical,22,unambiguous,long,object,nonfinal,11,15,experience,4.057656764984131
critical,22,unambiguous,long,object,nonfinal,11,16,for,1.489529371261597
critical,22,unambiguous,long,object,nonfinal,11,17,the,2.1207964420318604
critical,22,unambiguous,long,object,nonfinal,11,18,players.,5.338341474533081
critical,22,unambiguous,short,object,nonfinal,9,0,Although,17.26882553100586
critical,22,unambiguous,short,object,nonfinal,9,1,the,2.606167316436768
critical,22,unambiguous,short,object,nonfinal,9,2,team,8.380403518676758
critical,22,unambiguous,short,object,nonfinal,9,3,lost,8.978880882263184
critical,22,unambiguous,short,object,nonfinal,9,4,the,3.617359161376953
critical,22,unambiguous,short,object,nonfinal,9,5,final,4.505483150482178
critical,22,unambiguous,short,object,nonfinal,9,6,game,2.0613152980804443
critical,22,unambiguous,short,object,nonfinal,9,7,the,10.163454055786133
critical,22,unambiguous,short,object,nonfinal,9,8,championship,11.390336990356444
critical,22,unambiguous,short,object,nonfinal,9,9,was,3.2788643836975098
critical,22,unambiguous,short,object,nonfinal,9,10,still,4.340732097625732
critical,22,unambiguous,short,object,nonfinal,9,11,a,3.5300304889678955
critical,22,unambiguous,short,object,nonfinal,9,12,great,5.573448657989502
critical,22,unambiguous,short,object,nonfinal,9,13,experience,4.5927348136901855
critical,22,unambiguous,short,object,nonfinal,9,14,for,1.5196001529693604
critical,22,unambiguous,short,object,nonfinal,9,15,the,2.1332342624664307
critical,22,unambiguous,short,object,nonfinal,9,16,players.,5.301655411720276
critical,23,ambiguous,long,comma,nonfinal,12,0,After,15.716473579406738
critical,23,ambiguous,long,comma,nonfinal,12,1,the,3.606374263763428
critical,23,ambiguous,long,comma,nonfinal,12,2,director,13.090075492858888
critical,23,ambiguous,long,comma,nonfinal,12,3,finished,10.796855926513672
critical,23,ambiguous,long,comma,nonfinal,12,4,filming,2.8761441707611084
critical,23,ambiguous,long,comma,nonfinal,12,5,the,2.632253646850586
critical,23,ambiguous,long,comma,nonfinal,12,6,actors,11.035012245178224
critical,23,ambiguous,long,comma,nonfinal,12,7,exhausted,21.0332088470459
critical,23,ambiguous,long,comma,nonfinal,12,8,from,3.261671543121338
critical,23,ambiguous,long,comma,nonfinal,12,9,the,2.2067933082580566
critical,23,ambiguous,long,comma,nonfinal,12,10,long,7.727827072143555
critical,23,ambiguous,long,comma,nonfinal,12,11,day,3.8062045574188232
critical,23,ambiguous,long,comma,nonfinal,12,12,left,13.99705410003662
critical,23,ambiguous,long,comma,nonfinal,12,13,to,3.927720546722412
critical,23,ambiguous,long,comma,nonfinal,12,14,go,3.252062559127808
critical,23,ambiguous,long,comma,nonfinal,12,15,home.,8.312854290008545
critical,23,ambiguous,short,comma,nonfinal,7,0,After,15.716473579406738
critical,23,ambiguous,short,comma,nonfinal,7,1,the,3.606374263763428
critical,23,ambiguous,short,comma,nonfinal,7,2,director,13.090075492858888
critical,23,ambiguous,short,comma,nonfinal,7,3,finished,10.796855926513672
critical,23,ambiguous,short,comma,nonfinal,7,4,filming,2.8761441707611084
critical,23,ambiguous,short,comma,nonfinal,7,5,the,2.632253646850586
critical,23,ambiguous,short,comma,nonfinal,7,6,actors,11.035012245178224
critical,23,ambiguous,short,comma,nonfinal,7,7,left,12.426074028015137
critical,23,ambiguous,short,comma,nonfinal,7,8,to,3.880412817001343
critical,23,ambiguous,short,comma,nonfinal,7,9,go,2.1993415355682373
critical,23,ambiguous,short,comma,nonfinal,7,10,home.,5.740775346755981
critical,23,unambiguous,long,comma,nonfinal,12,0,After,15.716473579406738
critical,23,unambiguous,long,comma,nonfinal,12,1,the,3.606374263763428
critical,23,unambiguous,long,comma,nonfinal,12,2,director,13.090075492858888
critical,23,unambiguous,long,comma,nonfinal,12,3,finished,10.796855926513672
critical,23,unambiguous,long,comma,nonfinal,12,4,"filming,",5.675812482833862
critical,23,unambiguous,long,comma,nonfinal,12,5,the,3.067344903945923
critical,23,unambiguous,long,comma,nonfinal,12,6,actors,4.806521415710449
critical,23,unambiguous,long,comma,nonfinal,12,7,exhausted,16.687986373901367
critical,23,unambiguous,long,comma,nonfinal,12,8,from,8.606781959533691
critical,23,unambiguous,long,comma,nonfinal,12,9,the,2.482945203781128
critical,23,unambiguous,long,comma,nonfinal,12,10,long,7.779086112976074
critical,23,unambiguous,long,comma,nonfinal,12,11,day,3.5285775661468506
critical,23,unambiguous,long,comma,nonfinal,12,12,left,10.722824096679688
critical,23,unambiguous,long,comma,nonfinal,12,13,to,3.263575792312622
critical,23,unambiguous,long,comma,nonfinal,12,14,go,2.4748330116271973
critical,23,unambiguous,long,comma,nonfinal,12,15,home.,3.8279099464416495
critical,23,unambiguous,short,comma,nonfinal,7,0,After,15.716473579406738
critical,23,unambiguous,short,comma,nonfinal,7,1,the,3.606374263763428
critical,23,unambiguous,short,comma,nonfinal,7,2,director,13.090075492858888
critical,23,unambiguous,short,comma,nonfinal,7,3,finished,10.796855926513672
critical,23,unambiguous,short,comma,nonfinal,7,4,"filming,",5.675812482833862
critical,23,unambiguous,short,comma,nonfinal,7,5,the,3.067344903945923
critical,23,unambiguous,short,comma,nonfinal,7,6,actors,4.806521415710449
critical,23,unambiguous,short,comma,nonfinal,7,7,left,6.353209495544434
critical,23,unambiguous,short,comma,nonfinal,7,8,to,3.61767840385437
critical,23,unambiguous,short,comma,nonfinal,7,9,go,2.676259279251098
critical,23,unambiguous,short,comma,nonfinal,7,10,home.,4.972098350524902
critical,24,ambiguous,long,object,final,8,0,As,14.926294326782228
critical,24,ambiguous,long,object,final,8,1,the,3.2081451416015625
critical,24,ambiguous,long,object,final,8,2,doctor,12.510111808776855
critical,24,ambiguous,long,object,final,8,3,lectured,15.087661251425745
critical,24,ambiguous,long,object,final,8,4,the,3.610149621963501
critical,24,ambiguous,long,object,final,8,5,student,5.507792472839356
critical,24,ambiguous,long,object,final,8,6,watching,13.30906867980957
critical,24,ambiguous,long,object,final,8,7,quietly,14.23403263092041
critical,24,ambiguous,long,object,final,8,8,listened.,19.05819797515869
critical,24,ambiguous,short,object,final,6,0,As,14.926294326782228
critical,24,ambiguous,short,object,final,6,1,the,3.2081451416015625
critical,24,ambiguous,short,object,final,6,2,doctor,12.510111808776855
critical,24,ambiguous,short,object,final,6,3,lectured,15.087661251425745
critical,24,ambiguous,short,object,final,6,4,the,3.610149621963501
critical,24,ambiguous,short,object,final,6,5,student,5.507792472839356
critical,24,ambiguous,short,object,final,6,6,listened.,26.05231761932373
critical,24,unambiguous,long,object,final,10,0,As,14.926294326782228
critical,24,unambiguous,long,object,final,10,1,the,3.2081451416015625
critical,24,unambiguous,long,object,final,10,2,doctor,12.510111808776855
critical,24,unambiguous,long,object,final,10,3,lectured,15.087661251425745
critical,24,unambiguous,long,object,final,10,4,the,3.610149621963501
critical,24,unambiguous,long,object,final,10,5,nurse,8.654199600219727
critical,24,unambiguous,long,object,final,10,6,the,8.21285629272461
critical,24,unambiguous,long,object,final,10,7,student,10.3010835647583
critical,24,unambiguous,long,object,final,10,8,watching,15.350131034851074
critical,24,unambiguous,long,object,final,10,9,quietly,13.39862060546875
critical,24,unambiguous,long,object,final,10,10,listened.,12.60597038269043
critical,24,unambiguous,short,object,final,8,0,As,14.926294326782228
critical,24,unambiguous,short,object,final,8,1,the,3.2081451416015625
critical,24,unambiguous,short,object,final,8,2,doctor,12.510111808776855
critical,24,unambiguous,short,object,final,8,3,lectured,15.087661251425745
critical,24,unambiguous,short,object,final,8,4,the,3.610149621963501
critical,24,unambiguous,short,object,final,8,5,nurse,8.654199600219727
critical,24,unambiguous,short,object,final,8,6,the,8.21285629272461
critical,24,unambiguous,short,object,final,8,7,student,10.3010835647583
critical,24,unambiguous,short,object,final,8,8,listened.,17.41383981704712
critical,25,ambiguous,long,object,nonfinal,9,0,After,15.716473579406738
critical,25,ambiguous,long,object,nonfinal,9,1,the,3.606374263763428
critical,25,ambiguous,long,object,nonfinal,9,2,teacher,14.513266563415527
critical,25,ambiguous,long,object,nonfinal,9,3,finished,10.256230354309082
critical,25,ambiguous,long,object,nonfinal,9,4,grading,7.815904140472412
critical,25,ambiguous,long,object,nonfinal,9,5,the,2.188543796539306
critical,25,ambiguous,long,object,nonfinal,9,6,students,3.251291990280152
critical,25,ambiguous,long,object,nonfinal,9,7,studying,13.008855819702148
critical,25,ambiguous,long,object,nonfinal,9,8,engineering,12.861627578735352
critical,25,ambiguous,long,object,nonfinal,9,9,passed,15.924437522888184
critical,25,ambiguous,long,object,nonfinal,9,10,the,1.874055027961731
critical,25,ambiguous,long,object,nonfinal,9,11,class.,4.680701732635498
critical,25,ambiguous,short,object,nonfinal,7,0,After,15.716473579406738
critical,25,ambiguous,short,object,nonfinal,7,1,the,3.606374263763428
critical,25,ambiguous,short,object,nonfinal,7,2,teacher,14.513266563415527
critical,25,ambiguous,short,object,nonfinal,7,3,finished,10.256230354309082
critical,25,ambiguous,short,object,nonfinal,7,4,grading,7.815904140472412
critical,25,ambiguous,short,object,nonfinal,7,5,the,2.188543796539306
critical,25,ambiguous,short,object,nonfinal,7,6,students,3.251291990280152
critical,25,ambiguous,short,object,nonfinal,7,7,passed,13.951837539672852
critical,25,ambiguous,short,object,nonfinal,7,8,the,2.1126184463500977
critical,25,ambiguous,short,object,nonfinal,7,9,class.,4.8477864265441895
critical,25,unambiguous,long,object,nonfinal,11,0,After,15.716473579406738
critical,25,unambiguous,long,object,nonfinal,11,1,the,3.606374263763428
critical,25,unambiguous,long,object,nonfinal,11,2,teacher,14.513266563415527
critical,25,unambiguous,long,object,nonfinal,11,3,finished,10.256230354309082
critical,25,unambiguous,long,object,nonfinal,11,4,grading,7.815904140472412
critical,25,unambiguous,long,object,nonfinal,11,5,the,2.188543796539306
critical,25,unambiguous,long,object,nonfinal,11,6,final,7.882187843322754
critical,25,unambiguous,long,object,nonfinal,11,7,the,12.58942699432373
critical,25,unambiguous,long,object,nonfinal,11,8,students,3.0009844303131104
critical,25,unambiguous,long,object,nonfinal,11,9,studying,14.348581314086914
critical,25,unambiguous,long,object,nonfinal,11,10,engineering,12.790379524230955
critical,25,unambiguous,long,object,nonfinal,11,11,passed,8.435690879821777
critical,25,unambiguous,long,object,nonfinal,11,12,the,1.603835940361023
critical,25,unambiguous,long,object,nonfinal,11,13,class.,4.888500928878784
critical,25,unambiguous,short,object,nonfinal,9,0,After,15.716473579406738
critical,25,unambiguous,short,object,nonfinal,9,1,the,3.606374263763428
critical,25,unambiguous,short,object,nonfinal,9,2,teacher,14.513266563415527
critical,25,unambiguous,short,object,nonfinal,9,3,finished,10.256230354309082
critical,25,unambiguous,short,object,nonfinal,9,4,grading,7.815904140472412
critical,25,unambiguous,short,object,nonfinal,9,5,the,2.188543796539306
critical,25,unambiguous,short,object,nonfinal,9,6,final,7.882187843322754
critical,25,unambiguous,short,object,nonfinal,9,7,the,12.58942699432373
critical,25,unambiguous,short,object,nonfinal,9,8,students,3.0009844303131104
critical,25,unambiguous,short,object,nonfinal,9,9,passed,7.982020378112793
critical,25,unambiguous,short,object,nonfinal,9,10,the,1.783116102218628
critical,25,unambiguous,short,object,nonfinal,9,11,class.,5.005856394767761
critical,26,ambiguous,long,comma,final,9,0,As,14.926294326782228
critical,26,ambiguous,long,comma,final,9,1,the,3.2081451416015625
critical,26,ambiguous,long,comma,final,9,2,people,9.876503944396973
critical,26,ambiguous,long,comma,final,9,3,gathered,9.395447731018066
critical,26,ambiguous,long,comma,final,9,4,the,9.49903392791748
critical,26,ambiguous,long,comma,final,9,5,animals,12.948857307434082
critical,26,ambiguous,long,comma,final,9,6,in,4.1941094398498535
critical,26,ambiguous,long,comma,final,9,7,the,1.4953190088272097
critical,26,ambiguous,long,comma,final,9,8,park,4.77843189239502
critical,26,ambiguous,long,comma,final,9,9,scattered.,22.27436780929565
critical,26,ambiguous,short,comma,final,6,0,As,14.926294326782228
critical,26,ambiguous,short,comma,final,6,1,the,3.2081451416015625
critical,26,ambiguous,short,comma,final,6,2,people,9.876503944396973
critical,26,ambiguous,short,comma,final,6,3,gathered,9.395447731018066
critical,26,ambiguous,short,comma,final,6,4,the,9.49903392791748
critical,26,ambiguous,short,comma,final,6,5,animals,12.948857307434082
critical,26,ambiguous,short,comma,final,6,6,scattered.,18.126365661621094
critical,26,unambiguous,long,comma,final,9,0,As,14.926294326782228
critical,26,unambiguous,long,comma,final,9,1,the,3.2081451416015625
critical,26,unambiguous,long,comma,final,9,2,people,9.876503944396973
critical,26,unambiguous,long,comma,final,9,3,"gathered,",14.765830039978027
critical,26,unambiguous,long,comma,final,9,4,the,3.1512725353240967
critical,26,unambiguous,long,comma,final,9,5,animals,13.84164810180664
critical,26,unambiguous,long,comma,final,9,6,in,6.0649614334106445
critical,26,unambiguous,long,comma,final,9,7,the,0.9741042256355286
critical,26,unambiguous,long,comma,final,9,8,park,5.382457256317139
critical,26,unambiguous,long,comma,final,9,9,scattered.,15.754392385482788
critical,26,unambiguous,short,comma,final,6,0,As,14.926294326782228
critical,26,unambiguous,short,comma,final,6,1,the,3.2081451416015625
critical,26,unambiguous,short,comma,final,6,2,people,9.876503944396973
critical,26,unambiguous,short,comma,final,6,3,"gathered,",14.765830039978027
critical,26,unambiguous,short,comma,final,6,4,the,3.1512725353240967
critical,26,unambiguous,short,comma,final,6,5,animals,13.84164810180664
critical,26,unambiguous,short,comma,final,6,6,scattered.,14.502732753753662
critical,27,ambiguous,long,comma,nonfinal,8,0,Once,16.874414443969727
critical,27,ambiguous,long,comma,nonfinal,8,1,the,3.919586420059204
critical,27,ambiguous,long,comma,nonfinal,8,2,audience,11.574151992797852
critical,27,ambiguous,long,comma,nonfinal,8,3,quieted,16.15312783420086
critical,27,ambiguous,long,comma,nonfinal,8,4,the,8.543537139892578
critical,27,ambiguous,long,comma,nonfinal,8,5,man,8.398113250732422
critical,27,ambiguous,long,comma,nonfinal,8,6,talking,10.60346508026123
critical,27,ambiguous,long,comma,nonfinal,8,7,loudly,7.747683525085449
critical,27,ambiguous,long,comma,nonfinal,8,8,put,12.67131805419922
critical,27,ambiguous,long,comma,nonfinal,8,9,away,7.33973503112793
critical,27,ambiguous,long,comma,nonfinal,8,10,his,0.7006986141204834
critical,27,ambiguous,long,comma,nonfinal,8,11,phone.,7.07726526260376
critical,27,ambiguous,short,comma,nonfinal,6,0,Once,16.874414443969727
critical,27,ambiguous,short,comma,nonfinal,6,1,the,3.919586420059204
critical,27,ambiguous,short,comma,nonfinal,6,2,audience,11.574151992797852
critical,27,ambiguous,short,comma,nonfinal,6,3,quieted,16.15312783420086
critical,27,ambiguous,short,comma,nonfinal,6,4,the,8.543537139892578
critical,27,ambiguous,short,comma,nonfinal,6,5,man,8.398113250732422
critical,27,ambiguous,short,comma,nonfinal,6,6,put,8.955370903015137
critical,27,ambiguous,short,comma,nonfinal,6,7,away,7.457817077636719
critical,27,ambiguous,short,comma,nonfinal,6,8,his,0.6470069885253906
critical,27,ambiguous,short,comma,nonfinal,6,9,phone.,7.942879676818848
critical,27,unambiguous,long,comma,nonfinal,8,0,Once,16.874414443969727
critical,27,unambiguous,long,comma,nonfinal,8,1,the,3.919586420059204
critical,27,unambiguous,long,comma,nonfinal,8,2,audience,11.574151992797852
critical,27,unambiguous,long,comma,nonfinal,8,3,"quieted,",19.173275157809258
critical,27,unambiguous,long,comma,nonfinal,8,4,the,2.710908889770508
critical,27,unambiguous,long,comma,nonfinal,8,5,man,7.714882850646973
critical,27,unambiguous,long,comma,nonfinal,8,6,talking,11.26611328125
critical,27,unambiguous,long,comma,nonfinal,8,7,loudly,7.69611644744873
critical,27,unambiguous,long,comma,nonfinal,8,8,put,9.685083389282228
critical,27,unambiguous,long,comma,nonfinal,8,9,away,7.015329360961914
critical,27,unambiguous,long,comma,nonfinal,8,10,his,0.5357823371887207
critical,27,unambiguous,long,comma,nonfinal,8,11,phone.,6.682370901107788
critical,27,unambiguous,short,comma,nonfinal,6,0,Once,16.874414443969727
critical,27,unambiguous,short,comma,nonfinal,6,1,the,3.919586420059204
critical,27,unambiguous,short,comma,nonfinal,6,2,audience,11.574151992797852
critical,27,unambiguous,short,comma,nonfinal,6,3,"quieted,",19.173275157809258
critical,27,unambiguous,short,comma,nonfinal,6,4,the,2.710908889770508
critical,27,unambiguous,short,comma,nonfinal,6,5,man,7.714882850646973
critical,27,unambiguous,short,comma,nonfinal,6,6,put,8.284996032714844
critical,27,unambiguous,short,comma,nonfinal,6,7,away,7.403079986572266
critical,27,unambiguous,short,comma,nonfinal,6,8,his,0.5207249522209167
critical,27,unambiguous,short,comma,nonfinal,6,9,phone.,7.563494205474853
critical,28,ambiguous,long,comma,nonfinal,9,0,After,15.716473579406738
critical,28,ambiguous,long,comma,nonfinal,9,1,the,3.606374263763428
critical,28,ambiguous,long,comma,nonfinal,9,2,corrupt,14.969578742980955
critical,28,ambiguous,long,comma,nonfinal,9,3,politician,8.634531021118164
critical,28,ambiguous,long,comma,nonfinal,9,4,signed,10.95085334777832
critical,28,ambiguous,long,comma,nonfinal,9,5,the,2.705174207687378
critical,28,ambiguous,long,comma,nonfinal,9,6,bill,3.392202377319336
critical,28,ambiguous,long,comma,nonfinal,9,7,on,5.292717933654785
critical,28,ambiguous,long,comma,nonfinal,9,8,taxes,14.873180389404297
critical,28,ambiguous,long,comma,nonfinal,9,9,received,13.710016250610352
critical,28,ambiguous,long,comma,nonfinal,9,10,unwelcome,14.879003524780272
critical,28,ambiguous,long,comma,nonfinal,9,11,attention,2.7078378200531006
critical,28,ambiguous,long,comma,nonfinal,9,12,from,2.303675889968872
critical,28,ambiguous,long,comma,nonfinal,9,13,southern,14.857308387756348
critical,28,ambiguous,long,comma,nonfinal,9,14,voters.,12.788607597351074
critical,28,ambiguous,short,comma,nonfinal,7,0,After,15.716473579406738
critical,28,ambiguous,short,comma,nonfinal,7,1,the,3.606374263763428
critical,28,ambiguous,short,comma,nonfinal,7,2,corrupt,14.969578742980955
critical,28,ambiguous,short,comma,nonfinal,7,3,politician,8.634531021118164
critical,28,ambiguous,short,comma,nonfinal,7,4,signed,10.95085334777832
critical,28,ambiguous,short,comma,nonfinal,7,5,the,2.705174207687378
critical,28,ambiguous,short,comma,nonfinal,7,6,bill,3.392202377319336
critical,28,ambiguous,short,comma,nonfinal,7,7,received,16.629308700561523
critical,28,ambiguous,short,comma,nonfinal,7,8,unwelcome,14.700647354125977
critical,28,ambiguous,short,comma,nonfinal,7,9,attention,2.721222400665283
critical,28,ambiguous,short,comma,nonfinal,7,10,from,1.954845666885376
critical,28,ambiguous,short,comma,nonfinal,7,11,southern,14.882492065429688
critical,28,ambiguous,short,comma,nonfinal,7,12,voters.,12.213938236236572
critical,28,unambiguous,long,comma,nonfinal,9,0,After,15.716473579406738
critical,28,unambiguous,long,comma,nonfinal,9,1,the,3.606374263763428
critical,28,unambiguous,long,comma,nonfinal,9,2,corrupt,14.969578742980955
critical,28,unambiguous,long,comma,nonfinal,9,3,politician,8.634531021118164
critical,28,unambiguous,long,comma,nonfinal,9,4,"signed,",19.884187698364254
critical,28,unambiguous,long,comma,nonfinal,9,5,the,3.2855565547943115
critical,28,unambiguous,long,comma,nonfinal,9,6,bill,7.125629425048828
critical,28,unambiguous,long,comma,nonfinal,9,7,on,8.78922176361084
critical,28,unambiguous,long,comma,nonfinal,9,8,taxes,8.195509910583496
critical,28,unambiguous,long,comma,nonfinal,9,9,received,8.447699546813965
critical,28,unambiguous,long,comma,nonfinal,9,10,unwelcome,16.045866012573242
critical,28,unambiguous,long,comma,nonfinal,9,11,attention,1.5613933801651
critical,28,unambiguous,long,comma,nonfinal,9,12,from,1.9234650135040283
critical,28,unambiguous,long,comma,nonfinal,9,13,southern,14.597777366638184
critical,28,unambiguous,long,comma,nonfinal,9,14,voters.,9.664170026779177
critical,28,unambiguous,short,comma,nonfinal,7,0,After,15.716473579406738
critical,28,unambiguous,short,comma,nonfinal,7,1,the,3.606374263763428
critical,28,unambiguous,short,comma,nonfinal,7,2,corrupt,14.969578742980955
critical,28,unambiguous,short,comma,nonfinal,7,3,politician,8.634531021118164
critical,28,unambiguous,short,comma,nonfinal,7,4,"signed,",19.884187698364254
critical,28,unambiguous,short,comma,nonfinal,7,5,the,3.2855565547943115
critical,28,unambiguous,short,comma,nonfinal,7,6,bill,7.125629425048828
critical,28,unambiguous,short,comma,nonfinal,7,7,received,8.104251861572266
critical,28,unambiguous,short,comma,nonfinal,7,8,unwelcome,15.93607234954834
critical,28,unambiguous,short,comma,nonfinal,7,9,attention,1.561305284500122
critical,28,unambiguous,short,comma,nonfinal,7,10,from,1.704637050628662
critical,28,unambiguous,short,comma,nonfinal,7,11,southern,14.632636070251465
critical,28,unambiguous,short,comma,nonfinal,7,12,voters.,10.313873767852783
critical,29,ambiguous,long,object,nonfinal,10,0,While,16.15694236755371
critical,29,ambiguous,long,object,nonfinal,10,1,the,2.841593742370605
critical,29,ambiguous,long,object,nonfinal,10,2,art,11.63279628753662
critical,29,ambiguous,long,object,nonfinal,10,3,class,10.090180397033691
critical,29,ambiguous,long,object,nonfinal,10,4,painted,14.83098030090332
critical,29,ambiguous,long,object,nonfinal,10,5,the,3.263895034790039
critical,29,ambiguous,long,object,nonfinal,10,6,model,12.45205020904541
critical,29,ambiguous,long,object,nonfinal,10,7,in,4.17961311340332
critical,29,ambiguous,long,object,nonfinal,10,8,the,3.5707671642303467
critical,29,ambiguous,long,object,nonfinal,10,9,nude,7.673541069030762
critical,29,ambiguous,long,object,nonfinal,10,10,stayed,21.254688262939453
critical,29,ambiguous,long,object,nonfinal,10,11,still.,18.488261699676517
critical,29,ambiguous,short,object,nonfinal,7,0,While,16.15694236755371
critical,29,ambiguous,short,object,nonfinal,7,1,the,2.841593742370605
critical,29,ambiguous,short,object,nonfinal,7,2,art,11.63279628753662
critical,29,ambiguous,short,object,nonfinal,7,3,class,10.090180397033691
critical,29,ambiguous,short,object,nonfinal,7,4,painted,14.83098030090332
critical,29,ambiguous,short,object,nonfinal,7,5,the,3.263895034790039
critical,29,ambiguous,short,object,nonfinal,7,6,model,12.45205020904541
critical,29,ambiguous,short,object,nonfinal,7,7,stayed,19.328317642211918
critical,29,ambiguous,short,object,nonfinal,7,8,still.,15.262912273406982
critical,29,unambiguous,long,object,nonfinal,12,0,While,16.15694236755371
critical,29,unambiguous,long,object,nonfinal,12,1,the,2.841593742370605
critical,29,unambiguous,long,object,nonfinal,12,2,art,11.63279628753662
critical,29,unambiguous,long,object,nonfinal,12,3,class,10.090180397033691
critical,29,unambiguous,long,object,nonfinal,12,4,painted,14.83098030090332
critical,29,unambiguous,long,object,nonfinal,12,5,their,3.898508310317993
critical,29,unambiguous,long,object,nonfinal,12,6,portraits,7.891191482543945
critical,29,unambiguous,long,object,nonfinal,12,7,the,8.425884246826172
critical,29,unambiguous,long,object,nonfinal,12,8,model,12.01698112487793
critical,29,unambiguous,long,object,nonfinal,12,9,in,7.457552909851074
critical,29,unambiguous,long,object,nonfinal,12,10,the,2.8165090084075928
critical,29,unambiguous,long,object,nonfinal,12,11,nude,8.679901123046875
critical,29,unambiguous,long,object,nonfinal,12,12,stayed,14.77318286895752
critical,29,unambiguous,long,object,nonfinal,12,13,still.,11.75803279876709
critical,29,unambiguous,short,object,nonfinal,9,0,While,16.15694236755371
critical,29,unambiguous,short,object,nonfinal,9,1,the,2.841593742370605
critical,29,unambiguous,short,object,nonfinal,9,2,art,11.63279628753662
critical,29,unambiguous,short,object,nonfinal,9,3,class,10.090180397033691
critical,29,unambiguous,short,object,nonfinal,9,4,painted,14.83098030090332
critical,29,unambiguous,short,object,nonfinal,9,5,their,3.898508310317993
critical,29,unambiguous,short,object,nonfinal,9,6,portraits,7.891191482543945
critical,29,unambiguous,short,object,nonfinal,9,7,the,8.425884246826172
critical,29,unambiguous,short,object,nonfinal,9,8,model,12.01698112487793
critical,29,unambiguous,short,object,nonfinal,9,9,stayed,9.005716323852539
critical,29,unambiguous,short,object,nonfinal,9,10,still.,11.615130186080933
critical,30,ambiguous,long,object,final,8,0,As,14.926294326782228
critical,30,ambiguous,long,object,final,8,1,the,3.2081451416015625
critical,30,ambiguous,long,object,final,8,2,professor,13.420799255371094
critical,30,ambiguous,long,object,final,8,3,wrote,6.929002285003662
critical,30,ambiguous,long,object,final,8,4,the,7.682555675506592
critical,30,ambiguous,long,object,final,8,5,textbook,10.01531219482422
critical,30,ambiguous,long,object,final,8,6,on,3.690224885940552
critical,30,ambiguous,long,object,final,8,7,biology,7.765206336975098
critical,30,ambiguous,long,object,final,8,8,grew.,23.5054669380188
critical,30,ambiguous,short,object,final,6,0,As,14.926294326782228
critical,30,ambiguous,short,object,final,6,1,the,3.2081451416015625
critical,30,ambiguous,short,object,final,6,2,professor,13.420799255371094
critical,30,ambiguous,short,object,final,6,3,wrote,6.929002285003662
critical,30,ambiguous,short,object,final,6,4,the,7.682555675506592
critical,30,ambiguous,short,object,final,6,5,textbook,10.01531219482422
critical,30,ambiguous,short,object,final,6,6,grew.,20.86448335647583
critical,30,unambiguous,long,object,final,10,0,As,14.926294326782228
critical,30,unambiguous,long,object,final,10,1,the,3.2081451416015625
critical,30,unambiguous,long,object,final,10,2,professor,13.420799255371094
critical,30,unambiguous,long,object,final,10,3,wrote,6.929002285003662
critical,30,unambiguous,long,object,final,10,4,the,7.682555675506592
critical,30,unambiguous,long,object,final,10,5,chapter,8.3326997756958
critical,30,unambiguous,long,object,final,10,6,the,10.13516616821289
critical,30,unambiguous,long,object,final,10,7,textbook,9.798762321472168
critical,30,unambiguous,long,object,final,10,8,on,7.369783878326416
critical,30,unambiguous,long,object,final,10,9,biology,7.84214448928833
critical,30,unambiguous,long,object,final,10,10,grew.,16.781896114349365
critical,30,unambiguous,short,object,final,8,0,As,14.926294326782228
critical,30,unambiguous,short,object,final,8,1,the,3.2081451416015625
critical,30,unambiguous,short,object,final,8,2,professor,13.420799255371094
critical,30,unambiguous,short,object,final,8,3,wrote,6.929002285003662
critical,30,unambiguous,short,object,final,8,4,the,7.682555675506592
critical,30,unambiguous,short,object,final,8,5,chapter,8.3326997756958
critical,30,unambiguous,short,object,final,8,6,the,10.13516616821289
critical,30,unambiguous,short,object,final,8,7,textbook,9.798762321472168
critical,30,unambiguous,short,object,final,8,8,grew.,17.078103065490723
filler,1,,,,,-1,0,The,11.09418487548828
filler,1,,,,,-1,1,little,12.463282585144045
filler,1,,,,,-1,2,blonde,11.05655288696289
filler,1,,,,,-1,3,girls,8.889394760131836
filler,1,,,,,-1,4,turned,9.41136360168457
filler,1,,,,,-1,5,out,5.1658854484558105
filler,1,,,,,-1,6,to,0.2064177095890045
filler,1,,,,,-1,7,be,0.1026392430067062
filler,1,,,,,-1,8,daughters,13.767560958862305
filler,1,,,,,-1,9,of,0.8384168148040771
filler,1,,,,,-1,10,one,4.940706729888916
filler,1,,,,,-1,11,of,0.7275003790855408
filler,1,,,,,-1,12,the,0.870832085609436
filler,1,,,,,-1,13,neighbors.,13.284754753112791
filler,2,,,,,-1,0,After,15.716473579406738
filler,2,,,,,-1,1,the,3.606374263763428
filler,2,,,,,-1,2,show,9.633824348449709
filler,2,,,,,-1,3,the,8.005420684814453
filler,2,,,,,-1,4,famous,12.648402214050291
filler,2,,,,,-1,5,violinist,12.783754169940948
filler,2,,,,,-1,6,met,10.15430736541748
filler,2,,,,,-1,7,with,3.141718626022339
filler,2,,,,,-1,8,some,5.056334018707275
filler,2,,,,,-1,9,of,2.4026498794555664
filler,2,,,,,-1,10,his,1.3396871089935305
filler,2,,,,,-1,11,devoted,11.587106704711914
filler,2,,,,,-1,12,fans.,2.695917427539825
filler,3,,,,,-1,0,The,11.09418487548828
filler,3,,,,,-1,1,pharmacologist,21.46476125717163
filler,3,,,,,-1,2,made,10.372661590576172
filler,3,,,,,-1,3,sure,5.612963199615479
filler,3,,,,,-1,4,that,2.291419744491577
filler,3,,,,,-1,5,the,2.0715627670288086
filler,3,,,,,-1,6,new,7.617427825927734
filler,3,,,,,-1,7,shipment,11.520273208618164
filler,3,,,,,-1,8,of,2.113399744033813
filler,3,,,,,-1,9,patches,11.406428337097168
filler,3,,,,,-1,10,didn't,5.741380523191765
filler,3,,,,,-1,11,have,4.376053333282471
filler,3,,,,,-1,12,any,1.5750969648361206
filler,3,,,,,-1,13,tears.,18.47483253479004
filler,4,,,,,-1,0,On,15.525691032409668
filler,4,,,,,-1,1,returning,15.788546562194824
filler,4,,,,,-1,2,from,1.352757692337036
filler,4,,,,,-1,3,abroad,8.577492713928223
filler,4,,,,,-1,4,the,6.682519435882568
filler,4,,,,,-1,5,accountant,15.75908088684082
filler,4,,,,,-1,6,discovered,9.37672519683838
filler,4,,,,,-1,7,he,4.246127605438232
filler,4,,,,,-1,8,had,1.305130958557129
filler,4,,,,,-1,9,a,3.5657589435577397
filler,4,,,,,-1,10,serious,6.882421016693115
filler,4,,,,,-1,11,case,4.208000183105469
filler,4,,,,,-1,12,of,0.1589615046977996
filler,4,,,,,-1,13,malaria.,9.085229635238647
filler,5,,,,,-1,0,The,11.09418487548828
filler,5,,,,,-1,1,coach,13.218201637268066
filler,5,,,,,-1,2,encouraged,13.836650848388672
filler,5,,,,,-1,3,his,2.0517282485961914
filler,5,,,,,-1,4,team,3.4587278366088867
filler,5,,,,,-1,5,as,9.822257041931152
filler,5,,,,,-1,6,the,4.312257289886475
filler,5,,,,,-1,7,game,3.812148094177246
filler,5,,,,,-1,8,turned,7.002737045288086
filler,5,,,,,-1,9,increasingly,10.6442232131958
filler,5,,,,,-1,10,discouraging.,13.251876950263975
filler,6,,,,,-1,0,The,11.09418487548828
filler,6,,,,,-1,1,photographer,14.556924819946287
filler,6,,,,,-1,2,posed,11.784207344055176
filler,6,,,,,-1,3,the,4.683145523071289
filler,6,,,,,-1,4,newlyweds,22.08660098910332
filler,6,,,,,-1,5,in,2.3277149200439453
filler,6,,,,,-1,6,front,3.48298716545105
filler,6,,,,,-1,7,of,0.003015887690708
filler,6,,,,,-1,8,an,4.8582868576049805
filler,6,,,,,-1,9,old,4.608265399932861
filler,6,,,,,-1,10,oak,9.597248077392578
filler,6,,,,,-1,11,tree,0.9369174242019652
filler,6,,,,,-1,12,that,5.484523773193359
filler,6,,,,,-1,13,stood,6.353737831115723
filler,6,,,,,-1,14,by,6.588316917419434
filler,6,,,,,-1,15,the,1.887560486793518
filler,6,,,,,-1,16,pond.,10.561396479606628
filler,7,,,,,-1,0,The,11.09418487548828
filler,7,,,,,-1,1,horse,13.056718826293944
filler,7,,,,,-1,2,galloped,15.149178504943848
filler,7,,,,,-1,3,furiously,11.59047508239746
filler,7,,,,,-1,4,around,5.744616985321045
filler,7,,,,,-1,5,the,0.9723486304283142
filler,7,,,,,-1,6,field,5.519504070281982
filler,7,,,,,-1,7,before,5.487077713012695
filler,7,,,,,-1,8,jumping,8.386127471923828
filler,7,,,,,-1,9,over,3.406588315963745
filler,7,,,,,-1,10,the,1.408265471458435
filler,7,,,,,-1,11,fence.,4.953056335449219
filler,8,,,,,-1,0,The,11.09418487548828
filler,8,,,,,-1,1,talented,15.348100662231444
filler,8,,,,,-1,2,cartoonists,14.08332586288452
filler,8,,,,,-1,3,drew,11.64427661895752
filler,8,,,,,-1,4,a,3.2610442638397217
filler,8,,,,,-1,5,huge,6.830875873565674
filler,8,,,,,-1,6,illustration,10.171422958374023
filler,8,,,,,-1,7,of,0.607349157333374
filler,8,,,,,-1,8,the,1.8798116445541384
filler,8,,,,,-1,9,upcoming,8.8126220703125
filler,8,,,,,-1,10,mall,14.289749145507812
filler,8,,,,,-1,11,to,7.531299114227295
filler,8,,,,,-1,12,be,5.257792949676514
filler,8,,,,,-1,13,opened,3.3842554092407227
filler,8,,,,,-1,14,in,1.6720235347747805
filler,8,,,,,-1,15,May.,10.481618762016296
filler,9,,,,,-1,0,The,11.09418487548828
filler,9,,,,,-1,1,protesters,14.644914627075195
filler,9,,,,,-1,2,rallied,9.05882453918457
filler,9,,,,,-1,3,outside,2.8290457725524902
filler,9,,,,,-1,4,the,0.9089214205741882
filler,9,,,,,-1,5,state,6.159972667694092
filler,9,,,,,-1,6,capital,4.805971145629883
filler,9,,,,,-1,7,to,5.256361961364746
filler,9,,,,,-1,8,petition,12.727784156799316
filler,9,,,,,-1,9,the,1.81446373462677
filler,9,,,,,-1,10,widely,16.042057037353516
filler,9,,,,,-1,11,controversial,8.548336029052734
filler,9,,,,,-1,12,bill.,10.278772830963137
filler,10,,,,,-1,0,The,11.09418487548828
filler,10,,,,,-1,1,small,11.558043479919434
filler,10,,,,,-1,2,orange,11.887869834899902
filler,10,,,,,-1,3,kitten,11.626423835754396
filler,10,,,,,-1,4,climbed,11.043135643005373
filler,10,,,,,-1,5,up,2.6865835189819336
filler,10,,,,,-1,6,the,2.37825870513916
filler,10,,,,,-1,7,curtains,13.681618690490724
filler,10,,,,,-1,8,behind,6.472326278686523
filler,10,,,,,-1,9,the,1.7614325284957886
filler,10,,,,,-1,10,couch,8.096348762512207
filler,10,,,,,-1,11,when,7.892181873321533
filler,10,,,,,-1,12,the,3.3248071670532227
filler,10,,,,,-1,13,vacuum,12.549846649169922
filler,10,,,,,-1,14,turned,7.774804592132568
filler,10,,,,,-1,15,on.,2.2782610654830933
filler,11,,,,,-1,0,The,11.09418487548828
filler,11,,,,,-1,1,captain,13.131478309631348
filler,11,,,,,-1,2,made,8.752238273620605
filler,11,,,,,-1,3,sure,5.982872009277344
filler,11,,,,,-1,4,the,3.488374948501587
filler,11,,,,,-1,5,sailors,10.423436164855955
filler,11,,,,,-1,6,fixed,15.711102485656738
filler,11,,,,,-1,7,the,1.5878978967666626
filler,11,,,,,-1,8,rudder,6.730492854723707
filler,11,,,,,-1,9,before,6.698473930358887
filler,11,,,,,-1,10,setting,6.768213272094727
filler,11,,,,,-1,11,sail.,3.553001880645752
filler,12,,,,,-1,0,The,11.09418487548828
filler,12,,,,,-1,1,student,12.457823753356934
filler,12,,,,,-1,2,felt,11.620600700378418
filler,12,,,,,-1,3,that,3.2127130031585693
filler,12,,,,,-1,4,he,2.4041907787323
filler,12,,,,,-1,5,hadn't,7.977276310673915
filler,12,,,,,-1,6,prepared,7.707464218139648
filler,12,,,,,-1,7,sufficiently,8.489922523498535
filler,12,,,,,-1,8,after,9.522940635681152
filler,12,,,,,-1,9,he,4.458957195281982
filler,12,,,,,-1,10,finished,6.281103610992432
filler,12,,,,,-1,11,the,2.8877015113830566
filler,12,,,,,-1,12,midterm.,11.539930820465088
filler,13,,,,,-1,0,The,11.09418487548828
filler,13,,,,,-1,1,boys,13.601824760437012
filler,13,,,,,-1,2,rode,11.508957862854004
filler,13,,,,,-1,3,their,3.571185350418091
filler,13,,,,,-1,4,bikes,1.0651696920394895
filler,13,,,,,-1,5,past,5.636881351470947
filler,13,,,,,-1,6,the,1.423119306564331
filler,13,,,,,-1,7,yellow,10.810361862182615
filler,13,,,,,-1,8,wall,6.654490470886231
filler,13,,,,,-1,9,that,4.95163631439209
filler,13,,,,,-1,10,stood,6.076716423034668
filler,13,,,,,-1,11,in,3.293899774551392
filler,13,,,,,-1,12,front,0.7138793468475342
filler,13,,,,,-1,13,of,0.0204645600169897
filler,13,,,,,-1,14,the,1.4122610092163086
filler,13,,,,,-1,15,old,7.929044246673584
filler,13,,,,,-1,16,factory.,9.020135164260864
filler,14,,,,,-1,0,The,11.09418487548828
filler,14,,,,,-1,1,desert,14.810029029846191
filler,14,,,,,-1,2,bandits,14.171964645385742
filler,14,,,,,-1,3,joked,19.326414108276367
filler,14,,,,,-1,4,that,2.4826478958129883
filler,14,,,,,-1,5,the,2.930232048034668
filler,14,,,,,-1,6,oasis,13.892406225204468
filler,14,,,,,-1,7,in,4.699380397796631
filler,14,,,,,-1,8,the,1.2811909914016724
filler,14,,,,,-1,9,horizon,12.31274700164795
filler,14,,,,,-1,10,was,1.1796964406967163
filler,14,,,,,-1,11,all,8.397574424743652
filler,14,,,,,-1,12,but,5.212653636932373
filler,14,,,,,-1,13,a,5.232565402984619
filler,14,,,,,-1,14,wild,9.051603317260742
filler,14,,,,,-1,15,fantasy.,7.097913861274719
filler,15,,,,,-1,0,The,11.09418487548828
filler,15,,,,,-1,1,carpenter,18.279234886169437
filler,15,,,,,-1,2,told,8.719162940979004
filler,15,,,,,-1,3,all,11.888354301452637
filler,15,,,,,-1,4,the,2.3832778930664062
filler,15,,,,,-1,5,disappointed,18.25569725036621
filler,15,,,,,-1,6,applicants,12.331910133361816
filler,15,,,,,-1,7,that,1.4949887990951538
filler,15,,,,,-1,8,he,1.8935482501983645
filler,15,,,,,-1,9,was,2.680860042572021
filler,15,,,,,-1,10,not,4.031790733337402
filler,15,,,,,-1,11,taking,7.958674430847168
filler,15,,,,,-1,12,any,3.0986156463623047
filler,15,,,,,-1,13,new,7.037067890167236
filler,15,,,,,-1,14,apprentices.,11.975473880767822
filler,16,,,,,-1,0,The,11.09418487548828
filler,16,,,,,-1,1,California,10.627850532531738
filler,16,,,,,-1,2,judges,14.385168075561523
filler,16,,,,,-1,3,requested,12.63724136352539
filler,16,,,,,-1,4,the,2.794153928756714
filler,16,,,,,-1,5,opinions,12.921923637390137
filler,16,,,,,-1,6,of,0.0871360450983047
filler,16,,,,,-1,7,various,9.004934310913086
filler,16,,,,,-1,8,industry,8.947346687316895
filler,16,,,,,-1,9,leaders.,7.417322874069214
filler,17,,,,,-1,0,The,11.09418487548828
filler,17,,,,,-1,1,dance,14.634050369262695
filler,17,,,,,-1,2,troupe,9.48896261677146
filler,17,,,,,-1,3,forgot,18.02219581604004
filler,17,,,,,-1,4,most,9.884682655334473
filler,17,,,,,-1,5,of,0.230847492814064
filler,17,,,,,-1,6,the,1.7677395343780518
filler,17,,,,,-1,7,steps,9.178689002990724
filler,17,,,,,-1,8,when,6.978962421417236
filler,17,,,,,-1,9,they,1.1254324913024902
filler,17,,,,,-1,10,performed,5.043202877044678
filler,17,,,,,-1,11,for,6.066502094268799
filler,17,,,,,-1,12,the,1.3900381326675415
filler,17,,,,,-1,13,prime,14.13258171081543
filler,17,,,,,-1,14,minister.,5.180469632148743
filler,18,,,,,-1,0,There,14.205613136291504
filler,18,,,,,-1,1,were,4.291388034820557
filler,18,,,,,-1,2,several,5.502068996429443
filler,18,,,,,-1,3,noblemen,18.793911695480347
filler,18,,,,,-1,4,who,2.119717836380005
filler,18,,,,,-1,5,kept,8.675333023071289
filler,18,,,,,-1,6,insisting,9.999241828918455
filler,18,,,,,-1,7,that,0.8653506636619568
filler,18,,,,,-1,8,the,1.9150227308273315
filler,18,,,,,-1,9,croutons,24.096260726451877
filler,18,,,,,-1,10,were,2.367967128753662
filler,18,,,,,-1,11,too,5.081264495849609
filler,18,,,,,-1,12,soft.,7.793505072593689
filler,19,,,,,-1,0,The,11.09418487548828
filler,19,,,,,-1,1,priest,14.940251350402832
filler,19,,,,,-1,2,checked,16.369226455688477
filler,19,,,,,-1,3,twice,13.395538330078123
filler,19,,,,,-1,4,that,5.61160945892334
filler,19,,,,,-1,5,he,2.300054788589477
filler,19,,,,,-1,6,had,2.4243996143341064
filler,19,,,,,-1,7,all,7.654950618743896
filler,19,,,,,-1,8,the,1.1146897077560425
filler,19,,,,,-1,9,supplies,9.141343116760254
filler,19,,,,,-1,10,ready,5.4083452224731445
filler,19,,,,,-1,11,for,2.770015954971313
filler,19,,,,,-1,12,the,2.0645182132720947
filler,19,,,,,-1,13,event,7.912247657775879
filler,19,,,,,-1,14,on,7.264062881469727
filler,19,,,,,-1,15,Sunday.,5.349777698516846
filler,20,,,,,-1,0,The,11.09418487548828
filler,20,,,,,-1,1,jeweler,20.399619579315186
filler,20,,,,,-1,2,showed,11.630859375
filler,20,,,,,-1,3,off,2.9690425395965576
filler,20,,,,,-1,4,his,2.291161060333252
filler,20,,,,,-1,5,collection,5.363194942474365
filler,20,,,,,-1,6,of,0.3909206986427307
filler,20,,,,,-1,7,rare,6.731241226196289
filler,20,,,,,-1,8,and,3.380722045898437
filler,20,,,,,-1,9,precious,5.916357040405273
filler,20,,,,,-1,10,stones,3.3221545219421387
filler,20,,,,,-1,11,at,3.40946102142334
filler,20,,,,,-1,12,the,1.215479850769043
filler,20,,,,,-1,13,convention.,13.587146520614624
filler,21,,,,,-1,0,The,11.09418487548828
filler,21,,,,,-1,1,serious,14.560050964355469
filler,21,,,,,-1,2,man,7.813295841217041
filler,21,,,,,-1,3,shifted,15.664257049560549
filler,21,,,,,-1,4,his,1.768399953842163
filler,21,,,,,-1,5,glasses,10.398681640625
filler,21,,,,,-1,6,to,2.6317362785339355
filler,21,,,,,-1,7,indicate,8.58220386505127
filler,21,,,,,-1,8,the,3.113882064819336
filler,21,,,,,-1,9,prisoners,14.57470703125
filler,21,,,,,-1,10,would,5.275855541229248
filler,21,,,,,-1,11,be,1.242633819580078
filler,21,,,,,-1,12,set,10.030094146728516
filler,21,,,,,-1,13,free.,1.6051567494869232
filler,22,,,,,-1,0,The,11.09418487548828
filler,22,,,,,-1,1,doctor,12.91012954711914
filler,22,,,,,-1,2,made,9.48385524749756
filler,22,,,,,-1,3,the,3.0531129837036133
filler,22,,,,,-1,4,nurse,13.560070037841797
filler,22,,,,,-1,5,administer,15.006143569946287
filler,22,,,,,-1,6,the,2.0473365783691406
filler,22,,,,,-1,7,shot,7.277909278869629
filler,22,,,,,-1,8,because,7.780142784118652
filler,22,,,,,-1,9,he,2.2863070964813232
filler,22,,,,,-1,10,didn't,4.8745992897311226
filler,22,,,,,-1,11,like,3.912971258163452
filler,22,,,,,-1,12,to,6.667984962463379
filler,22,,,,,-1,13,give,4.940001964569092
filler,22,,,,,-1,14,shots,9.343374252319336
filler,22,,,,,-1,15,to,1.2452313899993896
filler,22,,,,,-1,16,children.,6.197396159172058
filler,23,,,,,-1,0,The,11.09418487548828
filler,23,,,,,-1,1,football,13.120768547058104
filler,23,,,,,-1,2,player,7.503055572509766
filler,23,,,,,-1,3,performed,14.224038124084473
filler,23,,,,,-1,4,a,1.9934138059616089
filler,23,,,,,-1,5,humorous,13.1641845703125
filler,23,,,,,-1,6,victory,11.480669975280762
filler,23,,,,,-1,7,dance,2.801275491714477
filler,23,,,,,-1,8,at,3.2513911724090576
filler,23,,,,,-1,9,the,1.7307673692703247
filler,23,,,,,-1,10,end,4.026309013366699
filler,23,,,,,-1,11,zone.,19.47073602676392
filler,24,,,,,-1,0,The,11.09418487548828
filler,24,,,,,-1,1,journalists,15.755630493164062
filler,24,,,,,-1,2,were,4.531250476837158
filler,24,,,,,-1,3,riled,16.145741939544678
filler,24,,,,,-1,4,up,0.3379005193710327
filler,24,,,,,-1,5,to,6.175492286682129
filler,24,,,,,-1,6,hear,5.172940731048584
filler,24,,,,,-1,7,that,2.3411433696746826
filler,24,,,,,-1,8,the,2.4830331802368164
filler,24,,,,,-1,9,famous,13.07969570159912
filler,24,,,,,-1,10,British,6.716701030731201
filler,24,,,,,-1,11,actor,4.963655948638916
filler,24,,,,,-1,12,threw,13.336101531982422
filler,24,,,,,-1,13,a,1.6654634475708008
filler,24,,,,,-1,14,fit,6.032524108886719
filler,24,,,,,-1,15,on,4.62533712387085
filler,24,,,,,-1,16,the,2.091815233230591
filler,24,,,,,-1,17,set.,9.596731185913086
filler,25,,,,,-1,0,The,11.09418487548828
filler,25,,,,,-1,1,salesman,18.234315872192383
filler,25,,,,,-1,2,made,8.58792781829834
filler,25,,,,,-1,3,sure,5.70525598526001
filler,25,,,,,-1,4,that,2.533444881439209
filler,25,,,,,-1,5,there,5.341335296630859
filler,25,,,,,-1,6,were,1.8875164985656736
filler,25,,,,,-1,7,people,8.07606315612793
filler,25,,,,,-1,8,all,8.452223777770996
filler,25,,,,,-1,9,around,1.798822999000549
filler,25,,,,,-1,10,to,6.173367977142334
filler,25,,,,,-1,11,witness,8.238260269165039
filler,25,,,,,-1,12,his,3.3108174800872803
filler,25,,,,,-1,13,biggest,13.264678001403809
filler,25,,,,,-1,14,sale.,7.325238943099976
filler,26,,,,,-1,0,The,11.09418487548828
filler,26,,,,,-1,1,guides,18.058910369873047
filler,26,,,,,-1,2,were,5.427541255950928
filler,26,,,,,-1,3,in,8.328043937683105
filler,26,,,,,-1,4,the,3.230896234512329
filler,26,,,,,-1,5,process,5.502784252166748
filler,26,,,,,-1,6,of,0.0233070887625217
filler,26,,,,,-1,7,explaining,13.235895156860352
filler,26,,,,,-1,8,the,1.997596383094788
filler,26,,,,,-1,9,delay,15.169694900512695
filler,26,,,,,-1,10,when,7.369222640991211
filler,26,,,,,-1,11,the,3.07049298286438
filler,26,,,,,-1,12,boat,9.851540565490724
filler,26,,,,,-1,13,started,5.439725875854492
filler,26,,,,,-1,14,to,2.918608903884888
filler,26,,,,,-1,15,move,5.745453357696533
filler,26,,,,,-1,16,again.,7.572497844696045
filler,27,,,,,-1,0,The,11.09418487548828
filler,27,,,,,-1,1,detective's,19.46786880493164
filler,27,,,,,-1,2,computer,9.97434425354004
filler,27,,,,,-1,3,crashed,6.744471549987793
filler,27,,,,,-1,4,and,3.335010528564453
filler,27,,,,,-1,5,all,7.749279499053955
filler,27,,,,,-1,6,the,1.951499462127685
filler,27,,,,,-1,7,important,9.574376106262209
filler,27,,,,,-1,8,documents,3.5103392601013184
filler,27,,,,,-1,9,were,1.4593154191970823
filler,27,,,,,-1,10,lost.,2.462054133415222
filler,28,,,,,-1,0,The,11.09418487548828
filler,28,,,,,-1,1,chiefs,17.05585289001465
filler,28,,,,,-1,2,perform,16.188613891601562
filler,28,,,,,-1,3,a,2.4961533546447754
filler,28,,,,,-1,4,ceremony,4.014983177185059
filler,28,,,,,-1,5,for,3.254990339279175
filler,28,,,,,-1,6,each,9.121288299560549
filler,28,,,,,-1,7,family's,14.84646701812744
filler,28,,,,,-1,8,oldest,9.64191436767578
filler,28,,,,,-1,9,child,1.602283954620361
filler,28,,,,,-1,10,every,11.363006591796877
filler,28,,,,,-1,11,time,8.520642280578613
filler,28,,,,,-1,12,there,6.115218639373779
filler,28,,,,,-1,13,is,0.8982227444648743
filler,28,,,,,-1,14,a,0.6026822328567505
filler,28,,,,,-1,15,full,10.88111400604248
filler,28,,,,,-1,16,moon.,3.2750120162963867
filler,29,,,,,-1,0,The,11.09418487548828
filler,29,,,,,-1,1,saleslady,33.75496053695679
filler,29,,,,,-1,2,found,9.172558784484863
filler,29,,,,,-1,3,herself,3.066453456878662
filler,29,,,,,-1,4,surrounded,8.249696731567383
filler,29,,,,,-1,5,by,0.079255111515522
filler,29,,,,,-1,6,angry,6.719606876373291
filler,29,,,,,-1,7,shoppers,5.982607841491699
filler,29,,,,,-1,8,who,2.9759438037872314
filler,29,,,,,-1,9,wanted,5.101021766662598
filler,29,,,,,-1,10,their,6.625619411468506
filler,29,,,,,-1,11,money,1.7683448791503906
filler,29,,,,,-1,12,back.,0.8696653284132481
filler,30,,,,,-1,0,The,11.09418487548828
filler,30,,,,,-1,1,scientist,14.96828556060791
filler,30,,,,,-1,2,forgot,15.867664337158203
filler,30,,,,,-1,3,to,1.1469398736953735
filler,30,,,,,-1,4,make,6.5592474937438965
filler,30,,,,,-1,5,sure,1.8359382152557373
filler,30,,,,,-1,6,that,2.5350186824798584
filler,30,,,,,-1,7,the,1.932083368301392
filler,30,,,,,-1,8,temperature,7.729621410369873
filler,30,,,,,-1,9,was,2.060280561447144
filler,30,,,,,-1,10,set,5.911304950714111
filler,30,,,,,-1,11,to,1.6925294399261477
filler,30,,,,,-1,12,zero,2.728905200958252
filler,30,,,,,-1,13,degrees.,11.82636332511902
filler,31,,,,,-1,0,The,11.09418487548828
filler,31,,,,,-1,1,candy,16.889680862426758
filler,31,,,,,-1,2,shop,6.322863578796387
filler,31,,,,,-1,3,was,4.837737083435059
filler,31,,,,,-1,4,small,11.669944763183594
filler,31,,,,,-1,5,but,3.33764123916626
filler,31,,,,,-1,6,tidy,11.14923095703125
filler,31,,,,,-1,7,and,2.9822397232055664
filler,31,,,,,-1,8,smelled,7.325679302215576
filler,31,,,,,-1,9,deliciously,10.342029679566622
filler,31,,,,,-1,10,of,0.9858100414276124
filler,31,,,,,-1,11,chocolate.,5.670914649963379
filler,32,,,,,-1,0,The,11.09418487548828
filler,32,,,,,-1,1,virus,13.485767364501951
filler,32,,,,,-1,2,caused,7.635754585266113
filler,32,,,,,-1,3,an,4.983655452728272
filler,32,,,,,-1,4,unusual,7.157537937164307
filler,32,,,,,-1,5,amount,6.673598289489746
filler,32,,,,,-1,6,of,0.0053493482992053
filler,32,,,,,-1,7,workers,15.17612361907959
filler,32,,,,,-1,8,at,6.247246265411377
filler,32,,,,,-1,9,the,2.0138261318206787
filler,32,,,,,-1,10,city,9.13668727874756
filler,32,,,,,-1,11,hall,8.034225463867188
filler,32,,,,,-1,12,to,1.996671795845032
filler,32,,,,,-1,13,call,10.31332302093506
filler,32,,,,,-1,14,in,2.770015954971313
filler,32,,,,,-1,15,sick.,2.420954406261444
filler,33,,,,,-1,0,The,11.09418487548828
filler,33,,,,,-1,1,furious,16.844772338867188
filler,33,,,,,-1,2,man,7.404268741607666
filler,33,,,,,-1,3,standing,7.437344551086426
filler,33,,,,,-1,4,at,4.068234443664551
filler,33,,,,,-1,5,the,0.3492375910282135
filler,33,,,,,-1,6,mayor's,13.894674077630045
filler,33,,,,,-1,7,door,2.658252000808716
filler,33,,,,,-1,8,was,3.5760834217071533
filler,33,,,,,-1,9,angry,7.653156280517578
filler,33,,,,,-1,10,about,3.77360200881958
filler,33,,,,,-1,11,the,1.8199671506881716
filler,33,,,,,-1,12,high,9.953508377075195
filler,33,,,,,-1,13,cost,3.022656917572021
filler,33,,,,,-1,14,of,0.1026062220335006
filler,33,,,,,-1,15,electricity.,11.759947776794434
filler,34,,,,,-1,0,The,11.09418487548828
filler,34,,,,,-1,1,bartender,16.73126983642578
filler,34,,,,,-1,2,tried,9.043469429016112
filler,34,,,,,-1,3,several,9.026975631713867
filler,34,,,,,-1,4,times,2.527787208557129
filler,34,,,,,-1,5,to,0.465624451637268
filler,34,,,,,-1,6,get,3.1725378036499023
filler,34,,,,,-1,7,the,2.8205044269561768
filler,34,,,,,-1,8,woman,6.644914150238037
filler,34,,,,,-1,9,to,0.9039298295974731
filler,34,,,,,-1,10,order,8.988577842712402
filler,34,,,,,-1,11,from,6.226377487182617
filler,34,,,,,-1,12,the,2.266483783721924
filler,34,,,,,-1,13,secret,12.42144012451172
filler,34,,,,,-1,14,menu.,5.844988584518433
filler,35,,,,,-1,0,The,11.09418487548828
filler,35,,,,,-1,1,seamstress,22.1632091999054
filler,35,,,,,-1,2,fretted,19.02086329460144
filler,35,,,,,-1,3,over,1.560358643531799
filler,35,,,,,-1,4,whether,5.79404878616333
filler,35,,,,,-1,5,the,3.2516443729400635
filler,35,,,,,-1,6,dress,6.828421115875244
filler,35,,,,,-1,7,would,2.491387367248535
filler,35,,,,,-1,8,be,2.1005547046661377
filler,35,,,,,-1,9,finished,9.700371742248535
filler,35,,,,,-1,10,in,2.381516695022583
filler,35,,,,,-1,11,time.,5.313697099685669
