item_category,item,ambiguity,length,resolution,finality,critical_word_index,word_index,word,surprisal
critical,1,ambiguous,long,object,nonfinal,8,0,As,7.68391227722168
critical,1,ambiguous,long,object,nonfinal,8,1,the,2.8762035369873047
critical,1,ambiguous,long,object,nonfinal,8,2,lifeguard,19.834241807460785
critical,1,ambiguous,long,object,nonfinal,8,3,watched,7.485570907592773
critical,1,ambiguous,long,object,nonfinal,8,4,the,1.855656981468201
critical,1,ambiguous,long,object,nonfinal,8,5,kids,4.912633419036865
critical,1,ambiguous,long,object,nonfinal,8,6,playing,3.277367353439331
critical,1,ambiguous,long,object,nonfinal,8,7,happily,6.710047721862793
critical,1,ambiguous,long,object,nonfinal,8,8,splashed,18.268356323242188
critical,1,ambiguous,long,object,nonfinal,8,9,each,6.840605735778809
critical,1,ambiguous,long,object,nonfinal,8,10,other,0.029666319489479
critical,1,ambiguous,long,object,nonfinal,8,11,with,1.936780571937561
critical,1,ambiguous,long,object,nonfinal,8,12,water.,4.264843702316284
critical,1,ambiguous,short,object,nonfinal,6,0,As,7.68391227722168
critical,1,ambiguous,short,object,nonfinal,6,1,the,2.8762035369873047
critical,1,ambiguous,short,object,nonfinal,6,2,lifeguard,19.834241807460785
critical,1,ambiguous,short,object,nonfinal,6,3,watched,7.485570907592773
critical,1,ambiguous,short,object,nonfinal,6,4,the,1.855656981468201
critical,1,ambiguous,short,object,nonfinal,6,5,kids,4.912633419036865
critical,1,ambiguous,short,object,nonfinal,6,6,splashed,12.33698558807373
critical,1,ambiguous,short,object,nonfinal,6,7,each,7.650488376617432
critical,1,ambiguous,short,object,nonfinal,6,8,other,0.0231557432562112
critical,1,ambiguous,short,object,nonfinal,6,9,with,3.1038122177124023
critical,1,ambiguous,short,object,nonfinal,6,10,water.,7.121946156024933
critical,1,unambiguous,long,object,nonfinal,10,0,As,7.68391227722168
critical,1,unambiguous,long,object,nonfinal,10,1,the,2.8762035369873047
critical,1,unambiguous,long,object,nonfinal,10,2,lifeguard,19.834241807460785
critical,1,unambiguous,long,object,nonfinal,10,3,watched,7.485570907592773
critical,1,unambiguous,long,object,nonfinal,10,4,the,1.855656981468201
critical,1,unambiguous,long,object,nonfinal,10,5,pool,8.92367172241211
critical,1,unambiguous,long,object,nonfinal,10,6,the,7.628264427185059
critical,1,unambiguous,long,object,nonfinal,10,7,kids,5.408671379089356
critical,1,unambiguous,long,object,nonfinal,10,8,playing,7.502614974975586
critical,1,unambiguous,long,object,nonfinal,10,9,happily,6.046314239501953
critical,1,unambiguous,long,object,nonfinal,10,10,splashed,4.782199084758759
critical,1,unambiguous,long,object,nonfinal,10,11,each,4.230015277862549
critical,1,unambiguous,long,object,nonfinal,10,12,other,0.0136457914486527
critical,1,unambiguous,long,object,nonfinal,10,13,with,2.9669291973114014
critical,1,unambiguous,long,object,nonfinal,10,14,water.,2.346722543239593
critical,1,unambiguous,short,object,nonfinal,8,0,As,7.68391227722168
critical,1,unambiguous,short,object,nonfinal,8,1,the,2.8762035369873047
critical,1,unambiguous,short,object,nonfinal,8,2,lifeguard,19.834241807460785
critical,1,unambiguous,short,object,nonfinal,8,3,watched,7.485570907592773
critical,1,unambiguous,short,object,nonfinal,8,4,the,1.855656981468201
critical,1,unambiguous,short,object,nonfinal,8,5,pool,8.92367172241211
critical,1,unambiguous,short,object,nonfinal,8,6,the,7.628264427185059
critical,1,unambiguous,short,object,nonfinal,8,7,kids,5.408671379089356
critical,1,unambiguous,short,object,nonfinal,8,8,splashed,3.9953042194247246
critical,1,unambiguous,short,object,nonfinal,8,9,each,7.694595813751221
critical,1,unambiguous,short,object,nonfinal,8,10,other,0.0136705571785569
critical,1,unambiguous,short,object,nonfinal,8,11,with,4.305464744567871
critical,1,unambiguous,short,object,nonfinal,8,12,water.,3.072714924812317
critical,2,ambiguous,long,comma,nonfinal,9,0,Because,12.77610683441162
critical,2,ambiguous,long,comma,nonfinal,9,1,the,3.4741830825805664
critical,2,ambiguous,long,comma,nonfinal,9,2,suspect,14.822395324707031
critical,2,ambiguous,long,comma,nonfinal,9,3,changed,11.521778106689451
critical,2,ambiguous,long,comma,nonfinal,9,4,the,2.846128463745117
critical,2,ambiguous,long,comma,nonfinal,9,5,file,12.43742847442627
critical,2,ambiguous,long,comma,nonfinal,9,6,with,7.713885307312012
critical,2,ambiguous,long,comma,nonfinal,9,7,the,1.8910207748413088
critical,2,ambiguous,long,comma,nonfinal,9,8,evidence,10.192313194274902
critical,2,ambiguous,long,comma,nonfinal,9,9,needed,8.063982009887695
critical,2,ambiguous,long,comma,nonfinal,9,10,to,1.0606197118759155
critical,2,ambiguous,long,comma,nonfinal,9,11,be,3.888529062271118
critical,2,ambiguous,long,comma,nonfinal,9,12,updated.,10.515785932540894
critical,2,ambiguous,short,comma,nonfinal,6,0,Because,12.77610683441162
critical,2,ambiguous,short,comma,nonfinal,6,1,the,3.4741830825805664
critical,2,ambiguous,short,comma,nonfinal,6,2,suspect,14.822395324707031
critical,2,ambiguous,short,comma,nonfinal,6,3,changed,11.521778106689451
critical,2,ambiguous,short,comma,nonfinal,6,4,the,2.846128463745117
critical,2,ambiguous,short,comma,nonfinal,6,5,file,12.43742847442627
critical,2,ambiguous,short,comma,nonfinal,6,6,needed,14.811771392822266
critical,2,ambiguous,short,comma,nonfinal,6,7,to,0.5107499361038208
critical,2,ambiguous,short,comma,nonfinal,6,8,be,5.437003135681152
critical,2,ambiguous,short,comma,nonfinal,6,9,updated.,6.281982779502869
critical,2,unambiguous,long,comma,nonfinal,9,0,Because,12.77610683441162
critical,2,unambiguous,long,comma,nonfinal,9,1,the,3.4741830825805664
critical,2,unambiguous,long,comma,nonfinal,9,2,suspect,14.822395324707031
critical,2,unambiguous,long,comma,nonfinal,9,3,"changed,",20.01178741455078
critical,2,unambiguous,long,comma,nonfinal,9,4,the,1.874609470367432
critical,2,unambiguous,long,comma,nonfinal,9,5,file,11.826162338256836
critical,2,unambiguous,long,comma,nonfinal,9,6,with,8.214292526245117
critical,2,unambiguous,long,comma,nonfinal,9,7,the,1.026674509048462
critical,2,unambiguous,long,comma,nonfinal,9,8,evidence,5.217917919158936
critical,2,unambiguous,long,comma,nonfinal,9,9,needed,6.39662504196167
critical,2,unambiguous,long,comma,nonfinal,9,10,to,0.1710429340600967
critical,2,unambiguous,long,comma,nonfinal,9,11,be,0.2353493124246597
critical,2,unambiguous,long,comma,nonfinal,9,12,updated.,3.4198652505874634
critical,2,unambiguous,short,comma,nonfinal,6,0,Because,12.77610683441162
critical,2,unambiguous,short,comma,nonfinal,6,1,the,3.4741830825805664
critical,2,unambiguous,short,comma,nonfinal,6,2,suspect,14.822395324707031
critical,2,unambiguous,short,comma,nonfinal,6,3,"changed,",20.01178741455078
critical,2,unambiguous,short,comma,nonfinal,6,4,the,1.874609470367432
critical,2,unambiguous,short,comma,nonfinal,6,5,file,11.826162338256836
critical,2,unambiguous,short,comma,nonfinal,6,6,needed,7.451571941375732
critical,2,unambiguous,short,comma,nonfinal,6,7,to,0.2907511293888092
critical,2,unambiguous,short,comma,nonfinal,6,8,be,0.2747870087623596
critical,2,unambiguous,short,comma,nonfinal,6,9,updated.,3.1856056451797485
critical,3,ambiguous,long,object,nonfinal,11,0,While,9.617036819458008
critical,3,ambiguous,long,object,nonfinal,11,1,the,2.7747349739074707
critical,3,ambiguous,long,object,nonfinal,11,2,new,7.376706600189209
critical,3,ambiguous,long,object,nonfinal,11,3,chef,14.769947052001951
critical,3,ambiguous,long,object,nonfinal,11,4,cooked,12.550801277160645
critical,3,ambiguous,long,object,nonfinal,11,5,the,4.673471450805664
critical,3,ambiguous,long,object,nonfinal,11,6,stew,10.130924642086027
critical,3,ambiguous,long,object,nonfinal,11,7,with,6.261765956878662
critical,3,ambiguous,long,object,nonfinal,11,8,lamb,8.117327988147736
critical,3,ambiguous,long,object,nonfinal,11,9,and,2.147244691848755
critical,3,ambiguous,long,object,nonfinal,11,10,vegetables,4.009471416473389
critical,3,ambiguous,long,object,nonfinal,11,11,boiled,14.380481600761414
critical,3,ambiguous,long,object,nonfinal,11,12,over.,13.23468828201294
critical,3,ambiguous,short,object,nonfinal,7,0,While,9.617036819458008
critical,3,ambiguous,short,object,nonfinal,7,1,the,2.7747349739074707
critical,3,ambiguous,short,object,nonfinal,7,2,new,7.376706600189209
critical,3,ambiguous,short,object,nonfinal,7,3,chef,14.769947052001951
critical,3,ambiguous,short,object,nonfinal,7,4,cooked,12.550801277160645
critical,3,ambiguous,short,object,nonfinal,7,5,the,4.673471450805664
critical,3,ambiguous,short,object,nonfinal,7,6,stew,10.130924642086027
critical,3,ambiguous,short,object,nonfinal,7,7,boiled,17.03425168991089
critical,3,ambiguous,short,object,nonfinal,7,8,over.,7.9279985427856445
critical,3,unambiguous,long,object,nonfinal,13,0,While,9.617036819458008
critical,3,unambiguous,long,object,nonfinal,13,1,the,2.7747349739074707
critical,3,unambiguous,long,object,nonfinal,13,2,new,7.376706600189209
critical,3,unambiguous,long,object,nonfinal,13,3,chef,14.769947052001951
critical,3,unambiguous,long,object,nonfinal,13,4,cooked,12.550801277160645
critical,3,unambiguous,long,object,nonfinal,13,5,the,4.673471450805664
critical,3,unambiguous,long,object,nonfinal,13,6,appetizers,9.48524397611618
critical,3,unambiguous,long,object,nonfinal,13,7,the,6.611325263977051
critical,3,unambiguous,long,object,nonfinal,13,8,stew,14.238852739334106
critical,3,unambiguous,long,object,nonfinal,13,9,with,10.283241271972656
critical,3,unambiguous,long,object,nonfinal,13,10,lamb,5.790386319160461
critical,3,unambiguous,long,object,nonfinal,13,11,and,1.619831681251526
critical,3,unambiguous,long,object,nonfinal,13,12,vegetables,3.8702878952026367
critical,3,unambiguous,long,object,nonfinal,13,13,boiled,7.722594514489174
critical,3,unambiguous,long,object,nonfinal,13,14,over.,11.262834072113035
critical,3,unambiguous,short,object,nonfinal,9,0,While,9.617036819458008
critical,3,unambiguous,short,object,nonfinal,9,1,the,2.7747349739074707
critical,3,unambiguous,short,object,nonfinal,9,2,new,7.376706600189209
critical,3,unambiguous,short,object,nonfinal,9,3,chef,14.769947052001951
critical,3,unambiguous,short,object,nonfinal,9,4,cooked,12.550801277160645
critical,3,unambiguous,short,object,nonfinal,9,5,the,4.673471450805664
critical,3,unambiguous,short,object,nonfinal,9,6,appetizers,9.48524397611618
critical,3,unambiguous,short,object,nonfinal,9,7,the,6.611325263977051
critical,3,unambiguous,short,object,nonfinal,9,8,stew,14.238852739334106
critical,3,unambiguous,short,object,nonfinal,9,9,boiled,11.29017148539424
critical,3,unambiguous,short,object,nonfinal,9,10,over.,6.715049982070923
critical,4,ambiguous,long,comma,nonfinal,8,0,As,7.68391227722168
critical,4,ambiguous,long,comma,nonfinal,8,1,the,2.8762035369873047
critical,4,ambiguous,long,comma,nonfinal,8,2,child,11.55308723449707
critical,4,ambiguous,long,comma,nonfinal,8,3,showered,18.706425428390503
critical,4,ambiguous,long,comma,nonfinal,8,4,the,4.182816028594971
critical,4,ambiguous,long,comma,nonfinal,8,5,cat,5.831938743591309
critical,4,ambiguous,long,comma,nonfinal,8,6,complaining,20.71372985839844
critical,4,ambiguous,long,comma,nonfinal,8,7,loudly,6.607189655303955
critical,4,ambiguous,long,comma,nonfinal,8,8,ran,19.53347969055176
critical,4,ambiguous,long,comma,nonfinal,8,9,around,4.677337646484375
critical,4,ambiguous,long,comma,nonfinal,8,10,the,0.8330289125442505
critical,4,ambiguous,long,comma,nonfinal,8,11,room.,4.850671768188477
critical,4,ambiguous,short,comma,nonfinal,6,0,As,7.68391227722168
critical,4,ambiguous,short,comma,nonfinal,6,1,the,2.8762035369873047
critical,4,ambiguous,short,comma,nonfinal,6,2,child,11.55308723449707
critical,4,ambiguous,short,comma,nonfinal,6,3,showered,18.706425428390503
critical,4,ambiguous,short,comma,nonfinal,6,4,the,4.182816028594971
critical,4,ambiguous,short,comma,nonfinal,6,5,cat,5.831938743591309
critical,4,ambiguous,short,comma,nonfinal,6,6,ran,17.608505249023438
critical,4,ambiguous,short,comma,nonfinal,6,7,around,6.513705253601074
critical,4,ambiguous,short,comma,nonfinal,6,8,the,1.1240332126617432
critical,4,ambiguous,short,comma,nonfinal,6,9,room.,4.282454609870911
critical,4,unambiguous,long,comma,nonfinal,8,0,As,7.68391227722168
critical,4,unambiguous,long,comma,nonfinal,8,1,the,2.8762035369873047
critical,4,unambiguous,long,comma,nonfinal,8,2,child,11.55308723449707
critical,4,unambiguous,long,comma,nonfinal,8,3,"showered,",22.751224756240845
critical,4,unambiguous,long,comma,nonfinal,8,4,the,2.9573984146118164
critical,4,unambiguous,long,comma,nonfinal,8,5,cat,8.480958938598633
critical,4,unambiguous,long,comma,nonfinal,8,6,complaining,20.580007553100582
critical,4,unambiguous,long,comma,nonfinal,8,7,loudly,3.749158382415772
critical,4,unambiguous,long,comma,nonfinal,8,8,ran,12.377449989318848
critical,4,unambiguous,long,comma,nonfinal,8,9,around,4.357933044433594
critical,4,unambiguous,long,comma,nonfinal,8,10,the,0.7157752513885498
critical,4,unambiguous,long,comma,nonfinal,8,11,room.,3.9155757427215576
critical,4,unambiguous,short,comma,nonfinal,6,0,As,7.68391227722168
critical,4,unambiguous,short,comma,nonfinal,6,1,the,2.8762035369873047
critical,4,unambiguous,short,comma,nonfinal,6,2,child,11.55308723449707
critical,4,unambiguous,short,comma,nonfinal,6,3,"showered,",22.751224756240845
critical,4,unambiguous,short,comma,nonfinal,6,4,the,2.9573984146118164
critical,4,unambiguous,short,comma,nonfinal,6,5,cat,8.480958938598633
critical,4,unambiguous,short,comma,nonfinal,6,6,ran,7.130853176116943
critical,4,unambiguous,short,comma,nonfinal,6,7,around,2.974529266357422
critical,4,unambiguous,short,comma,nonfinal,6,8,the,0.9184836745262146
critical,4,unambiguous,short,comma,nonfinal,6,9,room.,4.595029830932617
critical,5,ambiguous,long,comma,final,9,0,When,7.763813018798828
critical,5,ambiguous,long,comma,final,9,1,the,4.051938533782959
critical,5,ambiguous,long,comma,final,9,2,family,9.11642074584961
critical,5,ambiguous,long,comma,final,9,3,moved,6.314981460571289
critical,5,ambiguous,long,comma,final,9,4,the,8.593870162963867
critical,5,ambiguous,long,comma,final,9,5,vases,17.036154747009277
critical,5,ambiguous,long,comma,final,9,6,made,9.068851470947266
critical,5,ambiguous,long,comma,final,9,7,of,1.6132316589355469
critical,5,ambiguous,long,comma,final,9,8,porcelain,4.778388025704771
critical,5,ambiguous,long,comma,final,9,9,broke.,13.785409569740295
critical,5,ambiguous,short,comma,final,6,0,When,7.763813018798828
critical,5,ambiguous,short,comma,final,6,1,the,4.051938533782959
critical,5,ambiguous,short,comma,final,6,2,family,9.11642074584961
critical,5,ambiguous,short,comma,final,6,3,moved,6.314981460571289
critical,5,ambiguous,short,comma,final,6,4,the,8.593870162963867
critical,5,ambiguous,short,comma,final,6,5,vases,17.036154747009277
critical,5,ambiguous,short,comma,final,6,6,broke.,13.87916874885559
critical,5,unambiguous,long,comma,final,9,0,When,7.763813018798828
critical,5,unambiguous,long,comma,final,9,1,the,4.051938533782959
critical,5,unambiguous,long,comma,final,9,2,family,9.11642074584961
critical,5,unambiguous,long,comma,final,9,3,"moved,",12.012979984283447
critical,5,unambiguous,long,comma,final,9,4,the,3.0093069076538086
critical,5,unambiguous,long,comma,final,9,5,vases,16.88301134109497
critical,5,unambiguous,long,comma,final,9,6,made,7.519658088684082
critical,5,unambiguous,long,comma,final,9,7,of,3.902799606323242
critical,5,unambiguous,long,comma,final,9,8,porcelain,4.984431462362409
critical,5,unambiguous,long,comma,final,9,9,broke.,9.514761447906494
critical,5,unambiguous,short,comma,final,6,0,When,7.763813018798828
critical,5,unambiguous,short,comma,final,6,1,the,4.051938533782959
critical,5,unambiguous,short,comma,final,6,2,family,9.11642074584961
critical,5,unambiguous,short,comma,final,6,3,"moved,",12.012979984283447
critical,5,unambiguous,short,comma,final,6,4,the,3.0093069076538086
critical,5,unambiguous,short,comma,final,6,5,vases,16.88301134109497
critical,5,unambiguous,short,comma,final,6,6,broke.,8.893179059028625
critical,6,ambiguous,long,comma,nonfinal,10,0,After,8.92697811126709
critical,6,ambiguous,long,comma,nonfinal,10,1,the,3.3897147178649902
critical,6,ambiguous,long,comma,nonfinal,10,2,new,8.947513580322266
critical,6,ambiguous,long,comma,nonfinal,10,3,doctor,13.061161994934082
critical,6,ambiguous,long,comma,nonfinal,10,4,left,8.50275993347168
critical,6,ambiguous,long,comma,nonfinal,10,5,the,2.3245174884796143
critical,6,ambiguous,long,comma,nonfinal,10,6,operation,11.440784454345703
critical,6,ambiguous,long,comma,nonfinal,10,7,on,8.195068359375
critical,6,ambiguous,long,comma,nonfinal,10,8,the,2.3282833099365234
critical,6,ambiguous,long,comma,nonfinal,10,9,brain,7.0799174308776855
critical,6,ambiguous,long,comma,nonfinal,10,10,appeared,14.166718482971191
critical,6,ambiguous,long,comma,nonfinal,10,11,more,7.874134063720703
critical,6,ambiguous,long,comma,nonfinal,10,12,likely,9.079241752624512
critical,6,ambiguous,long,comma,nonfinal,10,13,to,1.4264144897460938
critical,6,ambiguous,long,comma,nonfinal,10,14,succeed.,8.330349564552307
critical,6,ambiguous,short,comma,nonfinal,7,0,After,8.92697811126709
critical,6,ambiguous,short,comma,nonfinal,7,1,the,3.3897147178649902
critical,6,ambiguous,short,comma,nonfinal,7,2,new,8.947513580322266
critical,6,ambiguous,short,comma,nonfinal,7,3,doctor,13.061161994934082
critical,6,ambiguous,short,comma,nonfinal,7,4,left,8.50275993347168
critical,6,ambiguous,short,comma,nonfinal,7,5,the,2.3245174884796143
critical,6,ambiguous,short,comma,nonfinal,7,6,operation,11.440784454345703
critical,6,ambiguous,short,comma,nonfinal,7,7,appeared,19.32655334472656
critical,6,ambiguous,short,comma,nonfinal,7,8,more,6.95681095123291
critical,6,ambiguous,short,comma,nonfinal,7,9,likely,7.680246353149414
critical,6,ambiguous,short,comma,nonfinal,7,10,to,2.0549588203430176
critical,6,ambiguous,short,comma,nonfinal,7,11,succeed.,4.190446615219116
critical,6,unambiguous,long,comma,nonfinal,10,0,After,8.92697811126709
critical,6,unambiguous,long,comma,nonfinal,10,1,the,3.3897147178649902
critical,6,unambiguous,long,comma,nonfinal,10,2,new,8.947513580322266
critical,6,unambiguous,long,comma,nonfinal,10,3,doctor,13.061161994934082
critical,6,unambiguous,long,comma,nonfinal,10,4,"left,",9.81759750843048
critical,6,unambiguous,long,comma,nonfinal,10,5,the,2.963545799255371
critical,6,unambiguous,long,comma,nonfinal,10,6,operation,12.388642311096191
critical,6,unambiguous,long,comma,nonfinal,10,7,on,6.442659854888916
critical,6,unambiguous,long,comma,nonfinal,10,8,the,1.7536410093307495
critical,6,unambiguous,long,comma,nonfinal,10,9,brain,7.082961082458496
critical,6,unambiguous,long,comma,nonfinal,10,10,appeared,10.716344833374023
critical,6,unambiguous,long,comma,nonfinal,10,11,more,7.433786392211914
critical,6,unambiguous,long,comma,nonfinal,10,12,likely,6.08739185333252
critical,6,unambiguous,long,comma,nonfinal,10,13,to,2.4437949657440186
critical,6,unambiguous,long,comma,nonfinal,10,14,succeed.,2.583623766899109
critical,6,unambiguous,short,comma,nonfinal,7,0,After,8.92697811126709
critical,6,unambiguous,short,comma,nonfinal,7,1,the,3.3897147178649902
critical,6,unambiguous,short,comma,nonfinal,7,2,new,8.947513580322266
critical,6,unambiguous,short,comma,nonfinal,7,3,doctor,13.061161994934082
critical,6,unambiguous,short,comma,nonfinal,7,4,"left,",9.81759750843048
critical,6,unambiguous,short,comma,nonfinal,7,5,the,2.963545799255371
critical,6,unambiguous,short,comma,nonfinal,7,6,operation,12.388642311096191
critical,6,unambiguous,short,comma,nonfinal,7,7,appeared,11.44568920135498
critical,6,unambiguous,short,comma,nonfinal,7,8,more,6.8419623374938965
critical,6,unambiguous,short,comma,nonfinal,7,9,likely,5.919139385223389
critical,6,unambiguous,short,comma,nonfinal,7,10,to,1.384508490562439
critical,6,unambiguous,short,comma,nonfinal,7,11,succeed.,3.330942213535309
critical,7,ambiguous,long,comma,final,8,0,While,9.617036819458008
critical,7,ambiguous,long,comma,final,8,1,the,2.7747349739074707
critical,7,ambiguous,long,comma,final,8,2,mom,14.636683464050291
critical,7,ambiguous,long,comma,final,8,3,dressed,14.519787788391112
critical,7,ambiguous,long,comma,final,8,4,the,7.1300554275512695
critical,7,ambiguous,long,comma,final,8,5,baby,1.7890914678573608
critical,7,ambiguous,long,comma,final,8,6,she,8.241150856018066
critical,7,ambiguous,long,comma,final,8,7,adored,13.143360257148744
critical,7,ambiguous,long,comma,final,8,8,cried.,21.953461408615112
critical,7,ambiguous,short,comma,final,6,0,While,9.617036819458008
critical,7,ambiguous,short,comma,final,6,1,the,2.7747349739074707
critical,7,ambiguous,short,comma,final,6,2,mom,14.636683464050291
critical,7,ambiguous,short,comma,final,6,3,dressed,14.519787788391112
critical,7,ambiguous,short,comma,final,6,4,the,7.1300554275512695
critical,7,ambiguous,short,comma,final,6,5,baby,1.7890914678573608
critical,7,ambiguous,short,comma,final,6,6,cried.,21.859697341918945
critical,7,unambiguous,long,comma,final,8,0,While,9.617036819458008
critical,7,unambiguous,long,comma,final,8,1,the,2.7747349739074707
critical,7,unambiguous,long,comma,final,8,2,mom,14.636683464050291
critical,7,unambiguous,long,comma,final,8,3,"dressed,",24.417325973510746
critical,7,unambiguous,long,comma,final,8,4,the,2.0983989238739014
critical,7,unambiguous,long,comma,final,8,5,baby,3.218029260635376
critical,7,unambiguous,long,comma,final,8,6,she,11.497535705566406
critical,7,unambiguous,long,comma,final,8,7,adored,9.571695357561111
critical,7,unambiguous,long,comma,final,8,8,cried.,8.57881772518158
critical,7,unambiguous,short,comma,final,6,0,While,9.617036819458008
critical,7,unambiguous,short,comma,final,6,1,the,2.7747349739074707
critical,7,unambiguous,short,comma,final,6,2,mom,14.636683464050291
critical,7,unambiguous,short,comma,final,6,3,"dressed,",24.417325973510746
critical,7,unambiguous,short,comma,final,6,4,the,2.0983989238739014
critical,7,unambiguous,short,comma,final,6,5,baby,3.218029260635376
critical,7,unambiguous,short,comma,final,6,6,cried.,5.445273578166962
critical,8,ambiguous,long,comma,nonfinal,9,0,As,7.68391227722168
critical,8,ambiguous,long,comma,nonfinal,9,1,the,2.8762035369873047
critical,8,ambiguous,long,comma,nonfinal,9,2,crowd,12.629549980163574
critical,8,ambiguous,long,comma,nonfinal,9,3,applauded,9.06994404643774
critical,8,ambiguous,long,comma,nonfinal,9,4,the,2.708677291870117
critical,8,ambiguous,long,comma,nonfinal,9,5,cast,7.119459629058838
critical,8,ambiguous,long,comma,nonfinal,9,6,for,5.091418266296387
critical,8,ambiguous,long,comma,nonfinal,9,7,the,2.807934522628784
critical,8,ambiguous,long,comma,nonfinal,9,8,play,7.794546604156494
critical,8,ambiguous,long,comma,nonfinal,9,9,came,16.091732025146484
critical,8,ambiguous,long,comma,nonfinal,9,10,back,7.551989555358887
critical,8,ambiguous,long,comma,nonfinal,9,11,on,0.9726031422615052
critical,8,ambiguous,long,comma,nonfinal,9,12,stage,0.5777984261512756
critical,8,ambiguous,long,comma,nonfinal,9,13,and,4.690486907958984
critical,8,ambiguous,long,comma,nonfinal,9,14,waived.,20.639318577945232
critical,8,ambiguous,short,comma,nonfinal,6,0,As,7.68391227722168
critical,8,ambiguous,short,comma,nonfinal,6,1,the,2.8762035369873047
critical,8,ambiguous,short,comma,nonfinal,6,2,crowd,12.629549980163574
critical,8,ambiguous,short,comma,nonfinal,6,3,applauded,9.06994404643774
critical,8,ambiguous,short,comma,nonfinal,6,4,the,2.708677291870117
critical,8,ambiguous,short,comma,nonfinal,6,5,cast,7.119459629058838
critical,8,ambiguous,short,comma,nonfinal,6,6,came,13.771946907043455
critical,8,ambiguous,short,comma,nonfinal,6,7,back,2.982280969619751
critical,8,ambiguous,short,comma,nonfinal,6,8,on,1.0393723249435425
critical,8,ambiguous,short,comma,nonfinal,6,9,stage,0.5238756537437439
critical,8,ambiguous,short,comma,nonfinal,6,10,and,2.729764938354492
critical,8,ambiguous,short,comma,nonfinal,6,11,waived.,19.97436185926199
critical,8,unambiguous,long,comma,nonfinal,9,0,As,7.68391227722168
critical,8,unambiguous,long,comma,nonfinal,9,1,the,2.8762035369873047
critical,8,unambiguous,long,comma,nonfinal,9,2,crowd,12.629549980163574
critical,8,unambiguous,long,comma,nonfinal,9,3,"applauded,",11.071253918111324
critical,8,unambiguous,long,comma,nonfinal,9,4,the,2.738701343536377
critical,8,unambiguous,long,comma,nonfinal,9,5,cast,8.527015686035156
critical,8,unambiguous,long,comma,nonfinal,9,6,for,8.222315788269043
critical,8,unambiguous,long,comma,nonfinal,9,7,the,1.271770477294922
critical,8,unambiguous,long,comma,nonfinal,9,8,play,6.376866340637207
critical,8,unambiguous,long,comma,nonfinal,9,9,came,7.71690559387207
critical,8,unambiguous,long,comma,nonfinal,9,10,back,5.466392993927002
critical,8,unambiguous,long,comma,nonfinal,9,11,on,0.8339094519615173
critical,8,unambiguous,long,comma,nonfinal,9,12,stage,0.5196407437324524
critical,8,unambiguous,long,comma,nonfinal,9,13,and,2.752283811569214
critical,8,unambiguous,long,comma,nonfinal,9,14,waived.,19.095481496304277
critical,8,unambiguous,short,comma,nonfinal,6,0,As,7.68391227722168
critical,8,unambiguous,short,comma,nonfinal,6,1,the,2.8762035369873047
critical,8,unambiguous,short,comma,nonfinal,6,2,crowd,12.629549980163574
critical,8,unambiguous,short,comma,nonfinal,6,3,"applauded,",11.071253918111324
critical,8,unambiguous,short,comma,nonfinal,6,4,the,2.738701343536377
critical,8,unambiguous,short,comma,nonfinal,6,5,cast,8.527015686035156
critical,8,unambiguous,short,comma,nonfinal,6,6,came,7.681756496429443
critical,8,unambiguous,short,comma,nonfinal,6,7,back,3.828313112258911
critical,8,unambiguous,short,comma,nonfinal,6,8,on,1.1442569494247437
critical,8,unambiguous,short,comma,nonfinal,6,9,stage,0.7016974687576294
critical,8,unambiguous,short,comma,nonfinal,6,10,and,2.704068183898926
critical,8,unambiguous,short,comma,nonfinal,6,11,waived.,19.71256597712636
critical,9,ambiguous,long,object,nonfinal,8,0,Because,12.77610683441162
critical,9,ambiguous,long,object,nonfinal,8,1,the,3.4741830825805664
critical,9,ambiguous,long,object,nonfinal,8,2,mechanic,15.265830904245377
critical,9,ambiguous,long,object,nonfinal,8,3,stopped,11.465980529785156
critical,9,ambiguous,long,object,nonfinal,8,4,the,3.794581174850464
critical,9,ambiguous,long,object,nonfinal,8,5,truck,5.662234306335449
critical,9,ambiguous,long,object,nonfinal,8,6,leaking,12.760503143072128
critical,9,ambiguous,long,object,nonfinal,8,7,oil,1.6819159984588623
critical,9,ambiguous,long,object,nonfinal,8,8,needed,13.40520191192627
critical,9,ambiguous,long,object,nonfinal,8,9,several,9.319594383239746
critical,9,ambiguous,long,object,nonfinal,8,10,more,6.03773832321167
critical,9,ambiguous,long,object,nonfinal,8,11,hours,2.4812088012695312
critical,9,ambiguous,long,object,nonfinal,8,12,before,5.785694599151611
critical,9,ambiguous,long,object,nonfinal,8,13,it,2.187752723693848
critical,9,ambiguous,long,object,nonfinal,8,14,was,1.961391925811768
critical,9,ambiguous,long,object,nonfinal,8,15,ready.,3.624909996986389
critical,9,ambiguous,short,object,nonfinal,6,0,Because,12.77610683441162
critical,9,ambiguous,short,object,nonfinal,6,1,the,3.4741830825805664
critical,9,ambiguous,short,object,nonfinal,6,2,mechanic,15.265830904245377
critical,9,ambiguous,short,object,nonfinal,6,3,stopped,11.465980529785156
critical,9,ambiguous,short,object,nonfinal,6,4,the,3.794581174850464
critical,9,ambiguous,short,object,nonfinal,6,5,truck,5.662234306335449
critical,9,ambiguous,short,object,nonfinal,6,6,needed,14.885899543762209
critical,9,ambiguous,short,object,nonfinal,6,7,several,9.025235176086426
critical,9,ambiguous,short,object,nonfinal,6,8,more,6.0256667137146
critical,9,ambiguous,short,object,nonfinal,6,9,hours,2.9179813861846924
critical,9,ambiguous,short,object,nonfinal,6,10,before,5.278095245361328
critical,9,ambiguous,short,object,nonfinal,6,11,it,0.8992037177085876
critical,9,ambiguous,short,object,nonfinal,6,12,was,1.3800190687179563
critical,9,ambiguous,short,object,nonfinal,6,13,ready.,2.586398959159851
critical,9,unambiguous,long,object,nonfinal,10,0,Because,12.77610683441162
critical,9,unambiguous,long,object,nonfinal,10,1,the,3.4741830825805664
critical,9,unambiguous,long,object,nonfinal,10,2,mechanic,15.265830904245377
critical,9,unambiguous,long,object,nonfinal,10,3,stopped,11.465980529785156
critical,9,unambiguous,long,object,nonfinal,10,4,the,3.794581174850464
critical,9,unambiguous,long,object,nonfinal,10,5,repairs,9.588393211364746
critical,9,unambiguous,long,object,nonfinal,10,6,the,7.147498607635498
critical,9,unambiguous,long,object,nonfinal,10,7,truck,5.884361743927002
critical,9,unambiguous,long,object,nonfinal,10,8,leaking,13.82881212234497
critical,9,unambiguous,long,object,nonfinal,10,9,oil,1.6111706495285034
critical,9,unambiguous,long,object,nonfinal,10,10,needed,8.63498306274414
critical,9,unambiguous,long,object,nonfinal,10,11,several,10.04631519317627
critical,9,unambiguous,long,object,nonfinal,10,12,more,4.120371341705322
critical,9,unambiguous,long,object,nonfinal,10,13,hours,3.732905387878418
critical,9,unambiguous,long,object,nonfinal,10,14,before,4.831771373748779
critical,9,unambiguous,long,object,nonfinal,10,15,it,1.308311939239502
critical,9,unambiguous,long,object,nonfinal,10,16,was,1.6992353200912476
critical,9,unambiguous,long,object,nonfinal,10,17,ready.,3.311557650566101
critical,9,unambiguous,short,object,nonfinal,8,0,Because,12.77610683441162
critical,9,unambiguous,short,object,nonfinal,8,1,the,3.4741830825805664
critical,9,unambiguous,short,object,nonfinal,8,2,mechanic,15.265830904245377
critical,9,unambiguous,short,object,nonfinal,8,3,stopped,11.465980529785156
critical,9,unambiguous,short,object,nonfinal,8,4,the,3.794581174850464
critical,9,unambiguous,short,object,nonfinal,8,5,repairs,9.588393211364746
critical,9,unambiguous,short,object,nonfinal,8,6,the,7.147498607635498
critical,9,unambiguous,short,object,nonfinal,8,7,truck,5.884361743927002
critical,9,unambiguous,short,object,nonfinal,8,8,needed,5.020593166351318
critical,9,unambiguous,short,object,nonfinal,8,9,several,9.367402076721191
critical,9,unambiguous,short,object,nonfinal,8,10,more,4.592839241027832
critical,9,unambiguous,short,object,nonfinal,8,11,hours,3.88676381111145
critical,9,unambiguous,short,object,nonfinal,8,12,before,4.154148578643799
critical,9,unambiguous,short,object,nonfinal,8,13,it,0.9636532068252563
critical,9,unambiguous,short,object,nonfinal,8,14,was,1.3528870344161987
critical,9,unambiguous,short,object,nonfinal,8,15,ready.,2.737328171730041
critical,10,ambiguous,long,comma,nonfinal,8,0,When,7.763813018798828
critical,10,ambiguous,long,comma,nonfinal,8,1,the,4.051938533782959
critical,10,ambiguous,long,comma,nonfinal,8,2,boy,12.177725791931152
critical,10,ambiguous,long,comma,nonfinal,8,3,hid,13.498909950256348
critical,10,ambiguous,long,comma,nonfinal,8,4,his,2.3284566402435303
critical,10,ambiguous,long,comma,nonfinal,8,5,toy,7.229842662811279
critical,10,ambiguous,long,comma,nonfinal,8,6,from,5.207802295684815
critical,10,ambiguous,long,comma,nonfinal,8,7,childhood,13.406364440917969
critical,10,ambiguous,long,comma,nonfinal,8,8,fell,14.417187690734863
critical,10,ambiguous,long,comma,nonfinal,8,9,off,6.772950649261475
critical,10,ambiguous,long,comma,nonfinal,8,10,the,0.9014367461204528
critical,10,ambiguous,long,comma,nonfinal,8,11,table.,7.117368459701538
critical,10,ambiguous,short,comma,nonfinal,6,0,When,7.763813018798828
critical,10,ambiguous,short,comma,nonfinal,6,1,the,4.051938533782959
critical,10,ambiguous,short,comma,nonfinal,6,2,boy,12.177725791931152
critical,10,ambiguous,short,comma,nonfinal,6,3,hid,13.498909950256348
critical,10,ambiguous,short,comma,nonfinal,6,4,his,2.3284566402435303
critical,10,ambiguous,short,comma,nonfinal,6,5,toy,7.229842662811279
critical,10,ambiguous,short,comma,nonfinal,6,6,fell,17.64656639099121
critical,10,ambiguous,short,comma,nonfinal,6,7,off,4.031060218811035
critical,10,ambiguous,short,comma,nonfinal,6,8,the,0.6730905771255493
critical,10,ambiguous,short,comma,nonfinal,6,9,table.,5.461149454116821
critical,10,unambiguous,long,comma,nonfinal,8,0,When,7.763813018798828
critical,10,unambiguous,long,comma,nonfinal,8,1,the,4.051938533782959
critical,10,unambiguous,long,comma,nonfinal,8,2,boy,12.177725791931152
critical,10,unambiguous,long,comma,nonfinal,8,3,"hid,",18.64383840560913
critical,10,unambiguous,long,comma,nonfinal,8,4,his,4.486227989196777
critical,10,unambiguous,long,comma,nonfinal,8,5,toy,11.320347785949709
critical,10,unambiguous,long,comma,nonfinal,8,6,from,10.76515293121338
critical,10,unambiguous,long,comma,nonfinal,8,7,childhood,4.928396701812744
critical,10,unambiguous,long,comma,nonfinal,8,8,fell,6.552409648895264
critical,10,unambiguous,long,comma,nonfinal,8,9,off,4.822383880615234
critical,10,unambiguous,long,comma,nonfinal,8,10,the,0.922252118587494
critical,10,unambiguous,long,comma,nonfinal,8,11,table.,4.283095836639404
critical,10,unambiguous,short,comma,nonfinal,6,0,When,7.763813018798828
critical,10,unambiguous,short,comma,nonfinal,6,1,the,4.051938533782959
critical,10,unambiguous,short,comma,nonfinal,6,2,boy,12.177725791931152
critical,10,unambiguous,short,comma,nonfinal,6,3,"hid,",18.64383840560913
critical,10,unambiguous,short,comma,nonfinal,6,4,his,4.486227989196777
critical,10,unambiguous,short,comma,nonfinal,6,5,toy,11.320347785949709
critical,10,unambiguous,short,comma,nonfinal,6,6,fell,6.863145351409912
critical,10,unambiguous,short,comma,nonfinal,6,7,off,4.059891223907471
critical,10,unambiguous,short,comma,nonfinal,6,8,the,0.9138194918632508
critical,10,unambiguous,short,comma,nonfinal,6,9,table.,3.2136390209198
critical,11,ambiguous,long,comma,final,12,0,Whenever,13.188422203063965
critical,11,ambiguous,long,comma,final,12,1,the,4.552953243255615
critical,11,ambiguous,long,comma,final,12,2,wildlife,17.236600875854492
critical,11,ambiguous,long,comma,final,12,3,documentary,9.862424850463867
critical,11,ambiguous,long,comma,final,12,4,crew,6.4165143966674805
critical,11,ambiguous,long,comma,final,12,5,tries,10.030256271362305
critical,11,ambiguous,long,comma,final,12,6,to,0.1283375769853592
critical,11,ambiguous,long,comma,final,12,7,film,3.1388139724731445
critical,11,ambiguous,long,comma,final,12,8,the,2.291489839553833
critical,11,ambiguous,long,comma,final,12,9,bear,9.375536918640137
critical,11,ambiguous,long,comma,final,12,10,hunting,8.195182800292969
critical,11,ambiguous,long,comma,final,12,11,cautiously,19.47883696481585
critical,11,ambiguous,long,comma,final,12,12,leaves.,17.348922729492188
critical,11,ambiguous,short,comma,final,10,0,Whenever,13.188422203063965
critical,11,ambiguous,short,comma,final,10,1,the,4.552953243255615
critical,11,ambiguous,short,comma,final,10,2,wildlife,17.236600875854492
critical,11,ambiguous,short,comma,final,10,3,documentary,9.862424850463867
critical,11,ambiguous,short,comma,final,10,4,crew,6.4165143966674805
critical,11,ambiguous,short,comma,final,10,5,tries,10.030256271362305
critical,11,ambiguous,short,comma,final,10,6,to,0.1283375769853592
critical,11,ambiguous,short,comma,final,10,7,film,3.1388139724731445
critical,11,ambiguous,short,comma,final,10,8,the,2.291489839553833
critical,11,ambiguous,short,comma,final,10,9,bear,9.375536918640137
critical,11,ambiguous,short,comma,final,10,10,leaves.,21.26472330093384
critical,11,unambiguous,long,comma,final,12,0,Whenever,13.188422203063965
critical,11,unambiguous,long,comma,final,12,1,the,4.552953243255615
critical,11,unambiguous,long,comma,final,12,2,wildlife,17.236600875854492
critical,11,unambiguous,long,comma,final,12,3,documentary,9.862424850463867
critical,11,unambiguous,long,comma,final,12,4,crew,6.4165143966674805
critical,11,unambiguous,long,comma,final,12,5,tries,10.030256271362305
critical,11,unambiguous,long,comma,final,12,6,to,0.1283375769853592
critical,11,unambiguous,long,comma,final,12,7,"film,",9.95258378982544
critical,11,unambiguous,long,comma,final,12,8,the,2.673049211502075
critical,11,unambiguous,long,comma,final,12,9,bear,8.286733627319336
critical,11,unambiguous,long,comma,final,12,10,hunting,14.924750328063965
critical,11,unambiguous,long,comma,final,12,11,cautiously,16.550400495529175
critical,11,unambiguous,long,comma,final,12,12,leaves.,14.950593948364258
critical,11,unambiguous,short,comma,final,10,0,Whenever,13.188422203063965
critical,11,unambiguous,short,comma,final,10,1,the,4.552953243255615
critical,11,unambiguous,short,comma,final,10,2,wildlife,17.236600875854492
critical,11,unambiguous,short,comma,final,10,3,documentary,9.862424850463867
critical,11,unambiguous,short,comma,final,10,4,crew,6.4165143966674805
critical,11,unambiguous,short,comma,final,10,5,tries,10.030256271362305
critical,11,unambiguous,short,comma,final,10,6,to,0.1283375769853592
critical,11,unambiguous,short,comma,final,10,7,"film,",9.95258378982544
critical,11,unambiguous,short,comma,final,10,8,the,2.673049211502075
critical,11,unambiguous,short,comma,final,10,9,bear,8.286733627319336
critical,11,unambiguous,short,comma,final,10,10,leaves.,13.095430970191956
critical,12,ambiguous,long,object,nonfinal,9,0,After,8.92697811126709
critical,12,ambiguous,long,object,nonfinal,9,1,the,3.3897147178649902
critical,12,ambiguous,long,object,nonfinal,9,2,tutor,20.130147218704224
critical,12,ambiguous,long,object,nonfinal,9,3,explained,7.828692436218262
critical,12,ambiguous,long,object,nonfinal,9,4,the,1.6167070865631104
critical,12,ambiguous,long,object,nonfinal,9,5,problem,7.193394660949707
critical,12,ambiguous,long,object,nonfinal,9,6,for,6.450249195098877
critical,12,ambiguous,long,object,nonfinal,9,7,extra,12.48318576812744
critical,12,ambiguous,long,object,nonfinal,9,8,credit,0.8243665099143982
critical,12,ambiguous,long,object,nonfinal,9,9,was,8.434245109558105
critical,12,ambiguous,long,object,nonfinal,9,10,no,10.13386344909668
critical,12,ambiguous,long,object,nonfinal,9,11,longer,1.7590798139572144
critical,12,ambiguous,long,object,nonfinal,9,12,difficult,12.249545097351074
critical,12,ambiguous,long,object,nonfinal,9,13,for,2.9450900554656982
critical,12,ambiguous,long,object,nonfinal,9,14,the,3.769986391067505
critical,12,ambiguous,long,object,nonfinal,9,15,student.,3.6492379903793335
critical,12,ambiguous,short,object,nonfinal,6,0,After,8.92697811126709
critical,12,ambiguous,short,object,nonfinal,6,1,the,3.3897147178649902
critical,12,ambiguous,short,object,nonfinal,6,2,tutor,20.130147218704224
critical,12,ambiguous,short,object,nonfinal,6,3,explained,7.828692436218262
critical,12,ambiguous,short,object,nonfinal,6,4,the,1.6167070865631104
critical,12,ambiguous,short,object,nonfinal,6,5,problem,7.193394660949707
critical,12,ambiguous,short,object,nonfinal,6,6,was,8.395821571350098
critical,12,ambiguous,short,object,nonfinal,6,7,no,8.682757377624512
critical,12,ambiguous,short,object,nonfinal,6,8,longer,0.9189115762710572
critical,12,ambiguous,short,object,nonfinal,6,9,difficult,9.352542877197266
critical,12,ambiguous,short,object,nonfinal,6,10,for,3.1954169273376465
critical,12,ambiguous,short,object,nonfinal,6,11,the,3.799067735671997
critical,12,ambiguous,short,object,nonfinal,6,12,student.,4.233808398246765
critical,12,unambiguous,long,object,nonfinal,11,0,After,8.92697811126709
critical,12,unambiguous,long,object,nonfinal,11,1,the,3.3897147178649902
critical,12,unambiguous,long,object,nonfinal,11,2,tutor,20.130147218704224
critical,12,unambiguous,long,object,nonfinal,11,3,explained,7.828692436218262
critical,12,unambiguous,long,object,nonfinal,11,4,the,1.6167070865631104
critical,12,unambiguous,long,object,nonfinal,11,5,concepts,7.251454353332519
critical,12,unambiguous,long,object,nonfinal,11,6,the,8.724845886230469
critical,12,unambiguous,long,object,nonfinal,11,7,problem,8.502199172973633
critical,12,unambiguous,long,object,nonfinal,11,8,for,7.421099662780762
critical,12,unambiguous,long,object,nonfinal,11,9,extra,12.589644432067873
critical,12,unambiguous,long,object,nonfinal,11,10,credit,1.3094717264175415
critical,12,unambiguous,long,object,nonfinal,11,11,was,1.3900890350341797
critical,12,unambiguous,long,object,nonfinal,11,12,no,11.030583381652832
critical,12,unambiguous,long,object,nonfinal,11,13,longer,1.873801827430725
critical,12,unambiguous,long,object,nonfinal,11,14,difficult,3.466033697128296
critical,12,unambiguous,long,object,nonfinal,11,15,for,4.125471591949463
critical,12,unambiguous,long,object,nonfinal,11,16,the,4.188037395477295
critical,12,unambiguous,long,object,nonfinal,11,17,student.,2.077082633972168
critical,12,unambiguous,short,object,nonfinal,8,0,After,8.92697811126709
critical,12,unambiguous,short,object,nonfinal,8,1,the,3.3897147178649902
critical,12,unambiguous,short,object,nonfinal,8,2,tutor,20.130147218704224
critical,12,unambiguous,short,object,nonfinal,8,3,explained,7.828692436218262
critical,12,unambiguous,short,object,nonfinal,8,4,the,1.6167070865631104
critical,12,unambiguous,short,object,nonfinal,8,5,concepts,7.251454353332519
critical,12,unambiguous,short,object,nonfinal,8,6,the,8.724845886230469
critical,12,unambiguous,short,object,nonfinal,8,7,problem,8.502199172973633
critical,12,unambiguous,short,object,nonfinal,8,8,was,2.864969491958618
critical,12,unambiguous,short,object,nonfinal,8,9,no,8.110840797424316
critical,12,unambiguous,short,object,nonfinal,8,10,longer,0.5009896159172058
critical,12,unambiguous,short,object,nonfinal,8,11,difficult,2.785611152648926
critical,12,unambiguous,short,object,nonfinal,8,12,for,4.075131416320801
critical,12,unambiguous,short,object,nonfinal,8,13,the,3.195251941680908
critical,12,unambiguous,short,object,nonfinal,8,14,student.,1.4924089908599854
critical,13,ambiguous,long,object,final,11,0,When,7.763813018798828
critical,13,ambiguous,long,object,final,11,1,the,4.051938533782959
critical,13,ambiguous,long,object,final,11,2,original,8.447284698486328
critical,13,ambiguous,long,object,final,11,3,members,10.358259201049805
critical,13,ambiguous,long,object,final,11,4,left,8.756572723388672
critical,13,ambiguous,long,object,final,11,5,the,2.050997734069824
critical,13,ambiguous,long,object,final,11,6,company,5.896919250488281
critical,13,ambiguous,long,object,final,11,7,that,6.8723015785217285
critical,13,ambiguous,long,object,final,11,8,was,3.893669366836548
critical,13,ambiguous,long,object,final,11,9,recently,10.868492126464844
critical,13,ambiguous,long,object,final,11,10,acquired,2.657956123352051
critical,13,ambiguous,long,object,final,11,11,failed.,23.45720767974853
critical,13,ambiguous,short,object,final,7,0,When,7.763813018798828
critical,13,ambiguous,short,object,final,7,1,the,4.051938533782959
critical,13,ambiguous,short,object,final,7,2,original,8.447284698486328
critical,13,ambiguous,short,object,final,7,3,members,10.358259201049805
critical,13,ambiguous,short,object,final,7,4,left,8.756572723388672
critical,13,ambiguous,short,object,final,7,5,the,2.050997734069824
critical,13,ambiguous,short,object,final,7,6,company,5.896919250488281
critical,13,ambiguous,short,object,final,7,7,failed.,19.57600688934326
critical,13,unambiguous,long,object,final,14,0,When,7.763813018798828
critical,13,unambiguous,long,object,final,14,1,the,4.051938533782959
critical,13,unambiguous,long,object,final,14,2,original,8.447284698486328
critical,13,unambiguous,long,object,final,14,3,members,10.358259201049805
critical,13,unambiguous,long,object,final,14,4,left,8.756572723388672
critical,13,unambiguous,long,object,final,14,5,the,2.050997734069824
critical,13,unambiguous,long,object,final,14,6,engineering,15.370532035827637
critical,13,unambiguous,long,object,final,14,7,team,3.074096202850342
critical,13,unambiguous,long,object,final,14,8,the,8.272149085998535
critical,13,unambiguous,long,object,final,14,9,company,3.468228340148926
critical,13,unambiguous,long,object,final,14,10,that,6.985295295715332
critical,13,unambiguous,long,object,final,14,11,was,3.5421559810638428
critical,13,unambiguous,long,object,final,14,12,recently,10.517560958862305
critical,13,unambiguous,long,object,final,14,13,acquired,1.67936110496521
critical,13,unambiguous,long,object,final,14,14,failed.,13.936642169952393
critical,13,unambiguous,short,object,final,10,0,When,7.763813018798828
critical,13,unambiguous,short,object,final,10,1,the,4.051938533782959
critical,13,unambiguous,short,object,final,10,2,original,8.447284698486328
critical,13,unambiguous,short,object,final,10,3,members,10.358259201049805
critical,13,unambiguous,short,object,final,10,4,left,8.756572723388672
critical,13,unambiguous,short,object,final,10,5,the,2.050997734069824
critical,13,unambiguous,short,object,final,10,6,engineering,15.370532035827637
critical,13,unambiguous,short,object,final,10,7,team,3.074096202850342
critical,13,unambiguous,short,object,final,10,8,the,8.272149085998535
critical,13,unambiguous,short,object,final,10,9,company,3.468228340148926
critical,13,unambiguous,short,object,final,10,10,failed.,11.890336751937866
critical,14,ambiguous,long,object,nonfinal,9,0,Because,12.77610683441162
critical,14,ambiguous,long,object,nonfinal,9,1,the,3.4741830825805664
critical,14,ambiguous,long,object,nonfinal,9,2,student,12.258830070495604
critical,14,ambiguous,long,object,nonfinal,9,3,left,12.339683532714844
critical,14,ambiguous,long,object,nonfinal,9,4,the,2.0512287616729736
critical,14,ambiguous,long,object,nonfinal,9,5,backpack,11.700324058532717
critical,14,ambiguous,long,object,nonfinal,9,6,he,9.426246643066406
critical,14,ambiguous,long,object,nonfinal,9,7,just,9.395901679992676
critical,14,ambiguous,long,object,nonfinal,9,8,bought,1.9351789951324463
critical,14,ambiguous,long,object,nonfinal,9,9,was,9.813941955566406
critical,14,ambiguous,long,object,nonfinal,9,10,put,8.206457138061523
critical,14,ambiguous,long,object,nonfinal,9,11,in,1.6944817304611206
critical,14,ambiguous,long,object,nonfinal,9,12,lost,13.619550704956056
critical,14,ambiguous,long,object,nonfinal,9,13,and,0.9756245613098145
critical,14,ambiguous,long,object,nonfinal,9,14,found.,1.771305736154318
critical,14,ambiguous,short,object,nonfinal,6,0,Because,12.77610683441162
critical,14,ambiguous,short,object,nonfinal,6,1,the,3.4741830825805664
critical,14,ambiguous,short,object,nonfinal,6,2,student,12.258830070495604
critical,14,ambiguous,short,object,nonfinal,6,3,left,12.339683532714844
critical,14,ambiguous,short,object,nonfinal,6,4,the,2.0512287616729736
critical,14,ambiguous,short,object,nonfinal,6,5,backpack,11.700324058532717
critical,14,ambiguous,short,object,nonfinal,6,6,was,10.600923538208008
critical,14,ambiguous,short,object,nonfinal,6,7,put,8.529777526855469
critical,14,ambiguous,short,object,nonfinal,6,8,in,1.556270956993103
critical,14,ambiguous,short,object,nonfinal,6,9,lost,11.988649368286133
critical,14,ambiguous,short,object,nonfinal,6,10,and,1.395853877067566
critical,14,ambiguous,short,object,nonfinal,6,11,found.,1.5546653494238851
critical,14,unambiguous,long,object,nonfinal,11,0,Because,12.77610683441162
critical,14,unambiguous,long,object,nonfinal,11,1,the,3.4741830825805664
critical,14,unambiguous,long,object,nonfinal,11,2,student,12.258830070495604
critical,14,unambiguous,long,object,nonfinal,11,3,left,12.339683532714844
critical,14,unambiguous,long,object,nonfinal,11,4,the,2.0512287616729736
critical,14,unambiguous,long,object,nonfinal,11,5,room,4.600954055786133
critical,14,unambiguous,long,object,nonfinal,11,6,the,6.159181594848633
critical,14,unambiguous,long,object,nonfinal,11,7,backpack,15.597494125366213
critical,14,unambiguous,long,object,nonfinal,11,8,he,6.408820629119873
critical,14,unambiguous,long,object,nonfinal,11,9,just,9.78298568725586
critical,14,unambiguous,long,object,nonfinal,11,10,bought,4.5456061363220215
critical,14,unambiguous,long,object,nonfinal,11,11,was,2.227285385131836
critical,14,unambiguous,long,object,nonfinal,11,12,put,7.158535480499268
critical,14,unambiguous,long,object,nonfinal,11,13,in,2.3746745586395264
critical,14,unambiguous,long,object,nonfinal,11,14,lost,12.52560329437256
critical,14,unambiguous,long,object,nonfinal,11,15,and,0.733452320098877
critical,14,unambiguous,long,object,nonfinal,11,16,found.,0.7103365249931812
critical,14,unambiguous,short,object,nonfinal,8,0,Because,12.77610683441162
critical,14,unambiguous,short,object,nonfinal,8,1,the,3.4741830825805664
critical,14,unambiguous,short,object,nonfinal,8,2,student,12.258830070495604
critical,14,unambiguous,short,object,nonfinal,8,3,left,12.339683532714844
critical,14,unambiguous,short,object,nonfinal,8,4,the,2.0512287616729736
critical,14,unambiguous,short,object,nonfinal,8,5,room,4.600954055786133
critical,14,unambiguous,short,object,nonfinal,8,6,the,6.159181594848633
critical,14,unambiguous,short,object,nonfinal,8,7,backpack,15.597494125366213
critical,14,unambiguous,short,object,nonfinal,8,8,was,1.4434902667999268
critical,14,unambiguous,short,object,nonfinal,8,9,put,7.266338348388672
critical,14,unambiguous,short,object,nonfinal,8,10,in,2.460005521774292
critical,14,unambiguous,short,object,nonfinal,8,11,lost,14.150315284729004
critical,14,unambiguous,short,object,nonfinal,8,12,and,0.7383503913879395
critical,14,unambiguous,short,object,nonfinal,8,13,found.,0.9076693784445524
critical,15,ambiguous,long,object,nonfinal,11,0,Once,11.485238075256348
critical,15,ambiguous,long,object,nonfinal,11,1,the,4.107591152191162
critical,15,ambiguous,long,object,nonfinal,11,2,new,6.9893412590026855
critical,15,ambiguous,long,object,nonfinal,11,3,assistant,14.807550430297852
critical,15,ambiguous,long,object,nonfinal,11,4,started,10.06633472442627
critical,15,ambiguous,long,object,nonfinal,11,5,the,5.701414585113525
critical,15,ambiguous,long,object,nonfinal,11,6,job,3.5601701736450195
critical,15,ambiguous,long,object,nonfinal,11,7,as,7.071261882781982
critical,15,ambiguous,long,object,nonfinal,11,8,an,3.841861248016357
critical,15,ambiguous,long,object,nonfinal,11,9,executive,5.527953147888184
critical,15,ambiguous,long,object,nonfinal,11,10,manager,6.978245735168457
critical,15,ambiguous,long,object,nonfinal,11,11,became,14.185953140258787
critical,15,ambiguous,long,object,nonfinal,11,12,much,4.722987651824951
critical,15,ambiguous,long,object,nonfinal,11,13,easier,1.0491478443145752
critical,15,ambiguous,long,object,nonfinal,11,14,for,2.7410993576049805
critical,15,ambiguous,long,object,nonfinal,11,15,her,4.80945348739624
critical,15,ambiguous,long,object,nonfinal,11,16,boss.,3.884858191013336
critical,15,ambiguous,short,object,nonfinal,7,0,Once,11.485238075256348
critical,15,ambiguous,short,object,nonfinal,7,1,the,4.107591152191162
critical,15,ambiguous,short,object,nonfinal,7,2,new,6.9893412590026855
critical,15,ambiguous,short,object,nonfinal,7,3,assistant,14.807550430297852
critical,15,ambiguous,short,object,nonfinal,7,4,started,10.06633472442627
critical,15,ambiguous,short,object,nonfinal,7,5,the,5.701414585113525
critical,15,ambiguous,short,object,nonfinal,7,6,job,3.5601701736450195
critical,15,ambiguous,short,object,nonfinal,7,7,became,14.955333709716797
critical,15,ambiguous,short,object,nonfinal,7,8,much,3.796844482421875
critical,15,ambiguous,short,object,nonfinal,7,9,easier,1.0698614120483398
critical,15,ambiguous,short,object,nonfinal,7,10,for,3.118183135986328
critical,15,ambiguous,short,object,nonfinal,7,11,her,4.892812728881836
critical,15,ambiguous,short,object,nonfinal,7,12,boss.,5.854531645774841
critical,15,unambiguous,long,object,nonfinal,12,0,Once,11.485238075256348
critical,15,unambiguous,long,object,nonfinal,12,1,the,4.107591152191162
critical,15,unambiguous,long,object,nonfinal,12,2,new,6.9893412590026855
critical,15,unambiguous,long,object,nonfinal,12,3,assistant,14.807550430297852
critical,15,unambiguous,long,object,nonfinal,12,4,started,10.06633472442627
critical,15,unambiguous,long,object,nonfinal,12,5,work,4.407787322998047
critical,15,unambiguous,long,object,nonfinal,12,6,the,5.825693607330322
critical,15,unambiguous,long,object,nonfinal,12,7,job,9.225415229797363
critical,15,unambiguous,long,object,nonfinal,12,8,as,8.444761276245117
critical,15,unambiguous,long,object,nonfinal,12,9,an,4.4694437980651855
critical,15,unambiguous,long,object,nonfinal,12,10,executive,5.603633880615234
critical,15,unambiguous,long,object,nonfinal,12,11,manager,7.891334533691406
critical,15,unambiguous,long,object,nonfinal,12,12,became,2.669362068176269
critical,15,unambiguous,long,object,nonfinal,12,13,much,3.809569835662842
critical,15,unambiguous,long,object,nonfinal,12,14,easier,1.149936556816101
critical,15,unambiguous,long,object,nonfinal,12,15,for,2.97378921508789
critical,15,unambiguous,long,object,nonfinal,12,16,her,5.053156852722168
critical,15,unambiguous,long,object,nonfinal,12,17,boss.,4.3778349459171295
critical,15,unambiguous,short,object,nonfinal,8,0,Once,11.485238075256348
critical,15,unambiguous,short,object,nonfinal,8,1,the,4.107591152191162
critical,15,unambiguous,short,object,nonfinal,8,2,new,6.9893412590026855
critical,15,unambiguous,short,object,nonfinal,8,3,assistant,14.807550430297852
critical,15,unambiguous,short,object,nonfinal,8,4,started,10.06633472442627
critical,15,unambiguous,short,object,nonfinal,8,5,work,4.407787322998047
critical,15,unambiguous,short,object,nonfinal,8,6,the,5.825693607330322
critical,15,unambiguous,short,object,nonfinal,8,7,job,9.225415229797363
critical,15,unambiguous,short,object,nonfinal,8,8,became,4.838005542755127
critical,15,unambiguous,short,object,nonfinal,8,9,much,3.333552122116089
critical,15,unambiguous,short,object,nonfinal,8,10,easier,0.6648766994476318
critical,15,unambiguous,short,object,nonfinal,8,11,for,3.1397194862365723
critical,15,unambiguous,short,object,nonfinal,8,12,her,5.290430068969727
critical,15,unambiguous,short,object,nonfinal,8,13,boss.,4.946964204311371
critical,16,ambiguous,long,object,nonfinal,10,0,When,7.763813018798828
critical,16,ambiguous,long,object,nonfinal,10,1,the,4.051938533782959
critical,16,ambiguous,long,object,nonfinal,10,2,magician,15.990993738174438
critical,16,ambiguous,long,object,nonfinal,10,3,tried,11.182355880737305
critical,16,ambiguous,long,object,nonfinal,10,4,to,0.2128457278013229
critical,16,ambiguous,long,object,nonfinal,10,5,juggle,11.7054969498422
critical,16,ambiguous,long,object,nonfinal,10,6,the,2.605787515640259
critical,16,ambiguous,long,object,nonfinal,10,7,torches,9.36814370751381
critical,16,ambiguous,long,object,nonfinal,10,8,burning,12.795236587524414
critical,16,ambiguous,long,object,nonfinal,10,9,dangerously,12.584226252511144
critical,16,ambiguous,long,object,nonfinal,10,10,fell,16.581724166870117
critical,16,ambiguous,long,object,nonfinal,10,11,down.,6.729305267333984
critical,16,ambiguous,short,object,nonfinal,8,0,When,7.763813018798828
critical,16,ambiguous,short,object,nonfinal,8,1,the,4.051938533782959
critical,16,ambiguous,short,object,nonfinal,8,2,magician,15.990993738174438
critical,16,ambiguous,short,object,nonfinal,8,3,tried,11.182355880737305
critical,16,ambiguous,short,object,nonfinal,8,4,to,0.2128457278013229
critical,16,ambiguous,short,object,nonfinal,8,5,juggle,11.7054969498422
critical,16,ambiguous,short,object,nonfinal,8,6,the,2.605787515640259
critical,16,ambiguous,short,object,nonfinal,8,7,torches,9.36814370751381
critical,16,ambiguous,short,object,nonfinal,8,8,fell,15.83200740814209
critical,16,ambiguous,short,object,nonfinal,8,9,down.,5.700130939483643
critical,16,unambiguous,long,object,nonfinal,12,0,When,7.763813018798828
critical,16,unambiguous,long,object,nonfinal,12,1,the,4.051938533782959
critical,16,unambiguous,long,object,nonfinal,12,2,magician,15.990993738174438
critical,16,unambiguous,long,object,nonfinal,12,3,tried,11.182355880737305
critical,16,unambiguous,long,object,nonfinal,12,4,to,0.2128457278013229
critical,16,unambiguous,long,object,nonfinal,12,5,juggle,11.7054969498422
critical,16,unambiguous,long,object,nonfinal,12,6,more,8.7335205078125
critical,16,unambiguous,long,object,nonfinal,12,7,items,7.631930828094482
critical,16,unambiguous,long,object,nonfinal,12,8,the,8.203432083129883
critical,16,unambiguous,long,object,nonfinal,12,9,torches,15.0253084897995
critical,16,unambiguous,long,object,nonfinal,12,10,burning,12.41651725769043
critical,16,unambiguous,long,object,nonfinal,12,11,dangerously,12.041841600323096
critical,16,unambiguous,long,object,nonfinal,12,12,fell,9.101049423217772
critical,16,unambiguous,long,object,nonfinal,12,13,down.,5.34006941318512
critical,16,unambiguous,short,object,nonfinal,10,0,When,7.763813018798828
critical,16,unambiguous,short,object,nonfinal,10,1,the,4.051938533782959
critical,16,unambiguous,short,object,nonfinal,10,2,magician,15.990993738174438
critical,16,unambiguous,short,object,nonfinal,10,3,tried,11.182355880737305
critical,16,unambiguous,short,object,nonfinal,10,4,to,0.2128457278013229
critical,16,unambiguous,short,object,nonfinal,10,5,juggle,11.7054969498422
critical,16,unambiguous,short,object,nonfinal,10,6,more,8.7335205078125
critical,16,unambiguous,short,object,nonfinal,10,7,items,7.631930828094482
critical,16,unambiguous,short,object,nonfinal,10,8,the,8.203432083129883
critical,16,unambiguous,short,object,nonfinal,10,9,torches,15.0253084897995
critical,16,unambiguous,short,object,nonfinal,10,10,fell,3.668920993804932
critical,16,unambiguous,short,object,nonfinal,10,11,down.,5.454482078552246
critical,17,ambiguous,long,comma,nonfinal,10,0,When,7.763813018798828
critical,17,ambiguous,long,comma,nonfinal,10,1,the,4.051938533782959
critical,17,ambiguous,long,comma,nonfinal,10,2,marathon,15.330435752868652
critical,17,ambiguous,long,comma,nonfinal,10,3,runner,7.63785457611084
critical,17,ambiguous,long,comma,nonfinal,10,4,finally,7.145188331604004
critical,17,ambiguous,long,comma,nonfinal,10,5,stopped,8.054033279418945
critical,17,ambiguous,long,comma,nonfinal,10,6,his,4.664553165435791
critical,17,ambiguous,long,comma,nonfinal,10,7,friend,13.889898300170898
critical,17,ambiguous,long,comma,nonfinal,10,8,sweating,14.056431204080582
critical,17,ambiguous,long,comma,nonfinal,10,9,profusely,4.510774889669847
critical,17,ambiguous,long,comma,nonfinal,10,10,collapsed,14.51289176940918
critical,17,ambiguous,long,comma,nonfinal,10,11,from,5.501214504241943
critical,17,ambiguous,long,comma,nonfinal,10,12,exhaustion.,5.253497565630823
critical,17,ambiguous,short,comma,nonfinal,8,0,When,7.763813018798828
critical,17,ambiguous,short,comma,nonfinal,8,1,the,4.051938533782959
critical,17,ambiguous,short,comma,nonfinal,8,2,marathon,15.330435752868652
critical,17,ambiguous,short,comma,nonfinal,8,3,runner,7.63785457611084
critical,17,ambiguous,short,comma,nonfinal,8,4,finally,7.145188331604004
critical,17,ambiguous,short,comma,nonfinal,8,5,stopped,8.054033279418945
critical,17,ambiguous,short,comma,nonfinal,8,6,his,4.664553165435791
critical,17,ambiguous,short,comma,nonfinal,8,7,friend,13.889898300170898
critical,17,ambiguous,short,comma,nonfinal,8,8,collapsed,12.879404067993164
critical,17,ambiguous,short,comma,nonfinal,8,9,from,6.100600242614746
critical,17,ambiguous,short,comma,nonfinal,8,10,exhaustion.,2.5014449656009674
critical,17,unambiguous,long,comma,nonfinal,10,0,When,7.763813018798828
critical,17,unambiguous,long,comma,nonfinal,10,1,the,4.051938533782959
critical,17,unambiguous,long,comma,nonfinal,10,2,marathon,15.330435752868652
critical,17,unambiguous,long,comma,nonfinal,10,3,runner,7.63785457611084
critical,17,unambiguous,long,comma,nonfinal,10,4,finally,7.145188331604004
critical,17,unambiguous,long,comma,nonfinal,10,5,"stopped,",10.210936546325684
critical,17,unambiguous,long,comma,nonfinal,10,6,his,3.504908800125122
critical,17,unambiguous,long,comma,nonfinal,10,7,friend,8.37069034576416
critical,17,unambiguous,long,comma,nonfinal,10,8,sweating,19.04175114631653
critical,17,unambiguous,long,comma,nonfinal,10,9,profusely,4.891685841139406
critical,17,unambiguous,long,comma,nonfinal,10,10,collapsed,9.816219329833984
critical,17,unambiguous,long,comma,nonfinal,10,11,from,7.118515968322754
critical,17,unambiguous,long,comma,nonfinal,10,12,exhaustion.,2.9258705717511475
critical,17,unambiguous,short,comma,nonfinal,8,0,When,7.763813018798828
critical,17,unambiguous,short,comma,nonfinal,8,1,the,4.051938533782959
critical,17,unambiguous,short,comma,nonfinal,8,2,marathon,15.330435752868652
critical,17,unambiguous,short,comma,nonfinal,8,3,runner,7.63785457611084
critical,17,unambiguous,short,comma,nonfinal,8,4,finally,7.145188331604004
critical,17,unambiguous,short,comma,nonfinal,8,5,"stopped,",10.210936546325684
critical,17,unambiguous,short,comma,nonfinal,8,6,his,3.504908800125122
critical,17,unambiguous,short,comma,nonfinal,8,7,friend,8.37069034576416
critical,17,unambiguous,short,comma,nonfinal,8,8,collapsed,9.6444730758667
critical,17,unambiguous,short,comma,nonfinal,8,9,from,6.479312896728516
critical,17,unambiguous,short,comma,nonfinal,8,10,exhaustion.,3.084972498822026
critical,18,ambiguous,long,comma,nonfinal,9,0,While,9.617036819458008
critical,18,ambiguous,long,comma,nonfinal,9,1,the,2.7747349739074707
critical,18,ambiguous,long,comma,nonfinal,9,2,martial,16.560456335544586
critical,18,ambiguous,long,comma,nonfinal,9,3,artists,5.462313652038574
critical,18,ambiguous,long,comma,nonfinal,9,4,fought,10.902788162231444
critical,18,ambiguous,long,comma,nonfinal,9,5,the,4.341018199920654
critical,18,ambiguous,long,comma,nonfinal,9,6,spectator,16.77492094039917
critical,18,ambiguous,long,comma,nonfinal,9,7,cheering,12.752322673797607
critical,18,ambiguous,long,comma,nonfinal,9,8,enthusiastically,9.711449967697265
critical,18,ambiguous,long,comma,nonfinal,9,9,supported,11.030364990234377
critical,18,ambiguous,long,comma,nonfinal,9,10,the,1.7551984786987305
critical,18,ambiguous,long,comma,nonfinal,9,11,underdog.,11.762940257787704
critical,18,ambiguous,short,comma,nonfinal,7,0,While,9.617036819458008
critical,18,ambiguous,short,comma,nonfinal,7,1,the,2.7747349739074707
critical,18,ambiguous,short,comma,nonfinal,7,2,martial,16.560456335544586
critical,18,ambiguous,short,comma,nonfinal,7,3,artists,5.462313652038574
critical,18,ambiguous,short,comma,nonfinal,7,4,fought,10.902788162231444
critical,18,ambiguous,short,comma,nonfinal,7,5,the,4.341018199920654
critical,18,ambiguous,short,comma,nonfinal,7,6,spectator,16.77492094039917
critical,18,ambiguous,short,comma,nonfinal,7,7,supported,14.151060104370115
critical,18,ambiguous,short,comma,nonfinal,7,8,the,2.1383345127105717
critical,18,ambiguous,short,comma,nonfinal,7,9,underdog.,12.117524668574331
critical,18,unambiguous,long,comma,nonfinal,9,0,While,9.617036819458008
critical,18,unambiguous,long,comma,nonfinal,9,1,the,2.7747349739074707
critical,18,unambiguous,long,comma,nonfinal,9,2,martial,16.560456335544586
critical,18,unambiguous,long,comma,nonfinal,9,3,artists,5.462313652038574
critical,18,unambiguous,long,comma,nonfinal,9,4,"fought,",12.930952072143556
critical,18,unambiguous,long,comma,nonfinal,9,5,the,1.6025975942611694
critical,18,unambiguous,long,comma,nonfinal,9,6,spectator,15.014421463012695
critical,18,unambiguous,long,comma,nonfinal,9,7,cheering,12.565993309020996
critical,18,unambiguous,long,comma,nonfinal,9,8,enthusiastically,10.11514369957149
critical,18,unambiguous,long,comma,nonfinal,9,9,supported,11.254359245300291
critical,18,unambiguous,long,comma,nonfinal,9,10,the,1.948790431022644
critical,18,unambiguous,long,comma,nonfinal,9,11,underdog.,11.712875731289389
critical,18,unambiguous,short,comma,nonfinal,7,0,While,9.617036819458008
critical,18,unambiguous,short,comma,nonfinal,7,1,the,2.7747349739074707
critical,18,unambiguous,short,comma,nonfinal,7,2,martial,16.560456335544586
critical,18,unambiguous,short,comma,nonfinal,7,3,artists,5.462313652038574
critical,18,unambiguous,short,comma,nonfinal,7,4,"fought,",12.930952072143556
critical,18,unambiguous,short,comma,nonfinal,7,5,the,1.6025975942611694
critical,18,unambiguous,short,comma,nonfinal,7,6,spectator,15.014421463012695
critical,18,unambiguous,short,comma,nonfinal,7,7,supported,13.043990135192873
critical,18,unambiguous,short,comma,nonfinal,7,8,the,2.0966169834136963
critical,18,unambiguous,short,comma,nonfinal,7,9,underdog.,12.496869906783104
critical,19,ambiguous,long,object,final,9,0,When,7.763813018798828
critical,19,ambiguous,long,object,final,9,1,the,4.051938533782959
critical,19,ambiguous,long,object,final,9,2,band,10.991848945617676
critical,19,ambiguous,long,object,final,9,3,left,9.438471794128418
critical,19,ambiguous,long,object,final,9,4,the,1.7521758079528809
critical,19,ambiguous,long,object,final,9,5,venue,7.174081325531006
critical,19,ambiguous,long,object,final,9,6,with,7.032458782196045
critical,19,ambiguous,long,object,final,9,7,live,12.841754913330078
critical,19,ambiguous,long,object,final,9,8,music,3.320664405822754
critical,19,ambiguous,long,object,final,9,9,closed.,22.81633281707764
critical,19,ambiguous,short,object,final,6,0,When,7.763813018798828
critical,19,ambiguous,short,object,final,6,1,the,4.051938533782959
critical,19,ambiguous,short,object,final,6,2,band,10.991848945617676
critical,19,ambiguous,short,object,final,6,3,left,9.438471794128418
critical,19,ambiguous,short,object,final,6,4,the,1.7521758079528809
critical,19,ambiguous,short,object,final,6,5,venue,7.174081325531006
critical,19,ambiguous,short,object,final,6,6,closed.,22.271218299865723
critical,19,unambiguous,long,object,final,11,0,When,7.763813018798828
critical,19,unambiguous,long,object,final,11,1,the,4.051938533782959
critical,19,unambiguous,long,object,final,11,2,band,10.991848945617676
critical,19,unambiguous,long,object,final,11,3,left,9.438471794128418
critical,19,unambiguous,long,object,final,11,4,the,1.7521758079528809
critical,19,unambiguous,long,object,final,11,5,stage,1.0326443910598757
critical,19,unambiguous,long,object,final,11,6,the,5.960643291473389
critical,19,unambiguous,long,object,final,11,7,venue,7.425930023193359
critical,19,unambiguous,long,object,final,11,8,with,12.142414093017578
critical,19,unambiguous,long,object,final,11,9,live,11.640616416931152
critical,19,unambiguous,long,object,final,11,10,music,1.1441290378570557
critical,19,unambiguous,long,object,final,11,11,closed.,10.221869945526125
critical,19,unambiguous,short,object,final,8,0,When,7.763813018798828
critical,19,unambiguous,short,object,final,8,1,the,4.051938533782959
critical,19,unambiguous,short,object,final,8,2,band,10.991848945617676
critical,19,unambiguous,short,object,final,8,3,left,9.438471794128418
critical,19,unambiguous,short,object,final,8,4,the,1.7521758079528809
critical,19,unambiguous,short,object,final,8,5,stage,1.0326443910598757
critical,19,unambiguous,short,object,final,8,6,the,5.960643291473389
critical,19,unambiguous,short,object,final,8,7,venue,7.425930023193359
critical,19,unambiguous,short,object,final,8,8,closed.,14.437370538711548
critical,20,ambiguous,long,comma,nonfinal,9,0,After,8.92697811126709
critical,20,ambiguous,long,comma,nonfinal,9,1,the,3.3897147178649902
critical,20,ambiguous,long,comma,nonfinal,9,2,customer,14.745891571044922
critical,20,ambiguous,long,comma,nonfinal,9,3,emailed,12.985303983092308
critical,20,ambiguous,long,comma,nonfinal,9,4,the,3.2394514083862305
critical,20,ambiguous,long,comma,nonfinal,9,5,company,3.3092598915100098
critical,20,ambiguous,long,comma,nonfinal,9,6,providing,12.334012031555176
critical,20,ambiguous,long,comma,nonfinal,9,7,phone,12.090158462524414
critical,20,ambiguous,long,comma,nonfinal,9,8,service,4.8653340339660645
critical,20,ambiguous,long,comma,nonfinal,9,9,responded,18.62489891052246
critical,20,ambiguous,long,comma,nonfinal,9,10,quickly.,7.537875652313232
critical,20,ambiguous,short,comma,nonfinal,6,0,After,8.92697811126709
critical,20,ambiguous,short,comma,nonfinal,6,1,the,3.3897147178649902
critical,20,ambiguous,short,comma,nonfinal,6,2,customer,14.745891571044922
critical,20,ambiguous,short,comma,nonfinal,6,3,emailed,12.985303983092308
critical,20,ambiguous,short,comma,nonfinal,6,4,the,3.2394514083862305
critical,20,ambiguous,short,comma,nonfinal,6,5,company,3.3092598915100098
critical,20,ambiguous,short,comma,nonfinal,6,6,responded,18.55587387084961
critical,20,ambiguous,short,comma,nonfinal,6,7,quickly.,7.585227251052856
critical,20,unambiguous,long,comma,nonfinal,9,0,After,8.92697811126709
critical,20,unambiguous,long,comma,nonfinal,9,1,the,3.3897147178649902
critical,20,unambiguous,long,comma,nonfinal,9,2,customer,14.745891571044922
critical,20,unambiguous,long,comma,nonfinal,9,3,"emailed,",18.18414269387722
critical,20,unambiguous,long,comma,nonfinal,9,4,the,2.9982478618621826
critical,20,unambiguous,long,comma,nonfinal,9,5,company,3.59577751159668
critical,20,unambiguous,long,comma,nonfinal,9,6,providing,13.558028221130373
critical,20,unambiguous,long,comma,nonfinal,9,7,phone,9.901373863220217
critical,20,unambiguous,long,comma,nonfinal,9,8,service,2.7787084579467773
critical,20,unambiguous,long,comma,nonfinal,9,9,responded,5.495101451873779
critical,20,unambiguous,long,comma,nonfinal,9,10,quickly.,4.857301950454712
critical,20,unambiguous,short,comma,nonfinal,6,0,After,8.92697811126709
critical,20,unambiguous,short,comma,nonfinal,6,1,the,3.3897147178649902
critical,20,unambiguous,short,comma,nonfinal,6,2,customer,14.745891571044922
critical,20,unambiguous,short,comma,nonfinal,6,3,"emailed,",18.18414269387722
critical,20,unambiguous,short,comma,nonfinal,6,4,the,2.9982478618621826
critical,20,unambiguous,short,comma,nonfinal,6,5,company,3.59577751159668
critical,20,unambiguous,short,comma,nonfinal,6,6,responded,4.322038173675537
critical,20,unambiguous,short,comma,nonfinal,6,7,quickly.,5.929447174072266
critical,21,ambiguous,long,object,nonfinal,10,0,As,7.68391227722168
critical,21,ambiguous,long,object,nonfinal,10,1,the,2.8762035369873047
critical,21,ambiguous,long,object,nonfinal,10,2,detective,16.519845962524414
critical,21,ambiguous,long,object,nonfinal,10,3,investigated,9.101452827453612
critical,21,ambiguous,long,object,nonfinal,10,4,the,0.6780106425285339
critical,21,ambiguous,long,object,nonfinal,10,5,case,4.416394710540772
critical,21,ambiguous,long,object,nonfinal,10,6,about,9.142786026000977
critical,21,ambiguous,long,object,nonfinal,10,7,the,0.850822925567627
critical,21,ambiguous,long,object,nonfinal,10,8,bank,9.336746215820312
critical,21,ambiguous,long,object,nonfinal,10,9,robbery,0.7379472851753235
critical,21,ambiguous,long,object,nonfinal,10,10,became,16.568035125732422
critical,21,ambiguous,long,object,nonfinal,10,11,more,2.0670828819274902
critical,21,ambiguous,long,object,nonfinal,10,12,complex.,6.221529960632324
critical,21,ambiguous,short,object,nonfinal,6,0,As,7.68391227722168
critical,21,ambiguous,short,object,nonfinal,6,1,the,2.8762035369873047
critical,21,ambiguous,short,object,nonfinal,6,2,detective,16.519845962524414
critical,21,ambiguous,short,object,nonfinal,6,3,investigated,9.101452827453612
critical,21,ambiguous,short,object,nonfinal,6,4,the,0.6780106425285339
critical,21,ambiguous,short,object,nonfinal,6,5,case,4.416394710540772
critical,21,ambiguous,short,object,nonfinal,6,6,became,17.29631233215332
critical,21,ambiguous,short,object,nonfinal,6,7,more,1.6910173892974854
critical,21,ambiguous,short,object,nonfinal,6,8,complex.,6.1957480907440186
critical,21,unambiguous,long,object,nonfinal,12,0,As,7.68391227722168
critical,21,unambiguous,long,object,nonfinal,12,1,the,2.8762035369873047
critical,21,unambiguous,long,object,nonfinal,12,2,detective,16.519845962524414
critical,21,unambiguous,long,object,nonfinal,12,3,investigated,9.101452827453612
critical,21,unambiguous,long,object,nonfinal,12,4,the,0.6780106425285339
critical,21,unambiguous,long,object,nonfinal,12,5,suspects,11.267055034637451
critical,21,unambiguous,long,object,nonfinal,12,6,the,8.053499221801758
critical,21,unambiguous,long,object,nonfinal,12,7,case,6.041145324707031
critical,21,unambiguous,long,object,nonfinal,12,8,about,11.978767395019531
critical,21,unambiguous,long,object,nonfinal,12,9,the,0.9062288403511048
critical,21,unambiguous,long,object,nonfinal,12,10,bank,8.082046508789062
critical,21,unambiguous,long,object,nonfinal,12,11,robbery,0.536408394575119
critical,21,unambiguous,long,object,nonfinal,12,12,became,4.206432819366455
critical,21,unambiguous,long,object,nonfinal,12,13,more,1.030704379081726
critical,21,unambiguous,long,object,nonfinal,12,14,complex.,4.837848663330078
critical,21,unambiguous,short,object,nonfinal,8,0,As,7.68391227722168
critical,21,unambiguous,short,object,nonfinal,8,1,the,2.8762035369873047
critical,21,unambiguous,short,object,nonfinal,8,2,detective,16.519845962524414
critical,21,unambiguous,short,object,nonfinal,8,3,investigated,9.101452827453612
critical,21,unambiguous,short,object,nonfinal,8,4,the,0.6780106425285339
critical,21,unambiguous,short,object,nonfinal,8,5,suspects,11.267055034637451
critical,21,unambiguous,short,object,nonfinal,8,6,the,8.053499221801758
critical,21,unambiguous,short,object,nonfinal,8,7,case,6.041145324707031
critical,21,unambiguous,short,object,nonfinal,8,8,became,3.930089712142944
critical,21,unambiguous,short,object,nonfinal,8,9,more,1.2055516242980957
critical,21,unambiguous,short,object,nonfinal,8,10,complex.,4.517228722572327
critical,22,ambiguous,long,object,nonfinal,8,0,Although,11.17879867553711
critical,22,ambiguous,long,object,nonfinal,8,1,the,2.6343023777008057
critical,22,ambiguous,long,object,nonfinal,8,2,team,9.82986545562744
critical,22,ambiguous,long,object,nonfinal,8,3,lost,6.237547874450684
critical,22,ambiguous,long,object,nonfinal,8,4,the,2.840453147888184
critical,22,ambiguous,long,object,nonfinal,8,5,championship,6.735714435577393
critical,22,ambiguous,long,object,nonfinal,8,6,in,3.864813327789306
critical,22,ambiguous,long,object,nonfinal,8,7,basketball,13.761674880981444
critical,22,ambiguous,long,object,nonfinal,8,8,was,13.776143074035645
critical,22,ambiguous,long,object,nonfinal,8,9,still,4.820972442626953
critical,22,ambiguous,long,object,nonfinal,8,10,a,2.055046796798706
critical,22,ambiguous,long,object,nonfinal,8,11,great,2.791893482208252
critical,22,ambiguous,long,object,nonfinal,8,12,experience,5.346914291381836
critical,22,ambiguous,long,object,nonfinal,8,13,for,1.82280695438385
critical,22,ambiguous,long,object,nonfinal,8,14,the,1.5970239639282229
critical,22,ambiguous,long,object,nonfinal,8,15,players.,4.8129881620407104
critical,22,ambiguous,short,object,nonfinal,6,0,Although,11.17879867553711
critical,22,ambiguous,short,object,nonfinal,6,1,the,2.6343023777008057
critical,22,ambiguous,short,object,nonfinal,6,2,team,9.82986545562744
critical,22,ambiguous,short,object,nonfinal,6,3,lost,6.237547874450684
critical,22,ambiguous,short,object,nonfinal,6,4,the,2.840453147888184
critical,22,ambiguous,short,object,nonfinal,6,5,championship,6.735714435577393
critical,22,ambiguous,short,object,nonfinal,6,6,was,15.305394172668455
critical,22,ambiguous,short,object,nonfinal,6,7,still,4.647747039794922
critical,22,ambiguous,short,object,nonfinal,6,8,a,1.9697613716125488
critical,22,ambiguous,short,object,nonfinal,6,9,great,2.8300020694732666
critical,22,ambiguous,short,object,nonfinal,6,10,experience,3.888159036636353
critical,22,ambiguous,short,object,nonfinal,6,11,for,1.6731820106506348
critical,22,ambiguous,short,object,nonfinal,6,12,the,1.443973183631897
critical,22,ambiguous,short,object,nonfinal,6,13,players.,4.605388522148132
critical,22,unambiguous,long,object,nonfinal,11,0,Although,11.17879867553711
critical,22,unambiguous,long,object,nonfinal,11,1,the,2.6343023777008057
critical,22,unambiguous,long,object,nonfinal,11,2,team,9.82986545562744
critical,22,unambiguous,long,object,nonfinal,11,3,lost,6.237547874450684
critical,22,unambiguous,long,object,nonfinal,11,4,the,2.840453147888184
critical,22,unambiguous,long,object,nonfinal,11,5,final,5.495412349700928
critical,22,unambiguous,long,object,nonfinal,11,6,game,2.175950527191162
critical,22,unambiguous,long,object,nonfinal,11,7,the,9.690695762634276
critical,22,unambiguous,long,object,nonfinal,11,8,championship,8.901006698608398
critical,22,unambiguous,long,object,nonfinal,11,9,in,6.553349494934082
critical,22,unambiguous,long,object,nonfinal,11,10,basketball,10.60904026031494
critical,22,unambiguous,long,object,nonfinal,11,11,was,4.633266448974609
critical,22,unambiguous,long,object,nonfinal,11,12,still,4.244434356689453
critical,22,unambiguous,long,object,nonfinal,11,13,a,1.7794233560562134
critical,22,unambiguous,long,object,nonfinal,11,14,great,2.6824793815612797
critical,22,unambiguous,long,object,nonfinal,11,15,experience,3.1410608291625977
critical,22,unambiguous,long,object,nonfinal,11,16,for,1.2619853019714355
critical,22,unambiguous,long,object,nonfinal,11,17,the,1.3092420101165771
critical,22,unambiguous,long,object,nonfinal,11,18,players.,4.41149252653122
critical,22,unambiguous,short,object,nonfinal,9,0,Although,11.17879867553711
critical,22,unambiguous,short,object,nonfinal,9,1,the,2.6343023777008057
critical,22,unambiguous,short,object,nonfinal,9,2,team,9.82986545562744
critical,22,unambiguous,short,object,nonfinal,9,3,lost,6.237547874450684
critical,22,unambiguous,short,object,nonfinal,9,4,the,2.840453147888184
critical,22,unambiguous,short,object,nonfinal,9,5,final,5.495412349700928
critical,22,unambiguous,short,object,nonfinal,9,6,game,2.175950527191162
critical,22,unambiguous,short,object,nonfinal,9,7,the,9.690695762634276
critical,22,unambiguous,short,object,nonfinal,9,8,championship,8.901006698608398
critical,22,unambiguous,short,object,nonfinal,9,9,was,4.3853278160095215
critical,22,unambiguous,short,object,nonfinal,9,10,still,3.5778555870056152
critical,22,unambiguous,short,object,nonfinal,9,11,a,3.2001802921295166
critical,22,unambiguous,short,object,nonfinal,9,12,great,2.5484635829925537
critical,22,unambiguous,short,object,nonfinal,9,13,experience,4.29355525970459
critical,22,unambiguous,short,object,nonfinal,9,14,for,1.2063771486282349
critical,22,unambiguous,short,object,nonfinal,9,15,the,1.1820285320281982
critical,22,unambiguous,short,object,nonfinal,9,16,players.,3.611140251159668
critical,23,ambiguous,long,comma,nonfinal,12,0,After,8.92697811126709
critical,23,ambiguous,long,comma,nonfinal,12,1,the,3.3897147178649902
critical,23,ambiguous,long,comma,nonfinal,12,2,director,13.606468200683594
critical,23,ambiguous,long,comma,nonfinal,12,3,finished,11.03152561187744
critical,23,ambiguous,long,comma,nonfinal,12,4,filming,4.22398901055567
critical,23,ambiguous,long,comma,nonfinal,12,5,the,1.5992611646652222
critical,23,ambiguous,long,comma,nonfinal,12,6,actors,8.522871971130371
critical,23,ambiguous,long,comma,nonfinal,12,7,exhausted,15.590861320495604
critical,23,ambiguous,long,comma,nonfinal,12,8,from,3.0360591411590576
critical,23,ambiguous,long,comma,nonfinal,12,9,the,1.3370440006256104
critical,23,ambiguous,long,comma,nonfinal,12,10,long,4.462490081787109
critical,23,ambiguous,long,comma,nonfinal,12,11,day,1.8872151374816892
critical,23,ambiguous,long,comma,nonfinal,12,12,left,8.641253471374512
critical,23,ambiguous,long,comma,nonfinal,12,13,to,4.680477619171143
critical,23,ambiguous,long,comma,nonfinal,12,14,go,2.3362784385681152
critical,23,ambiguous,long,comma,nonfinal,12,15,home.,1.563600242137909
critical,23,ambiguous,short,comma,nonfinal,7,0,After,8.92697811126709
critical,23,ambiguous,short,comma,nonfinal,7,1,the,3.3897147178649902
critical,23,ambiguous,short,comma,nonfinal,7,2,director,13.606468200683594
critical,23,ambiguous,short,comma,nonfinal,7,3,finished,11.03152561187744
critical,23,ambiguous,short,comma,nonfinal,7,4,filming,4.22398901055567
critical,23,ambiguous,short,comma,nonfinal,7,5,the,1.5992611646652222
critical,23,ambiguous,short,comma,nonfinal,7,6,actors,8.522871971130371
critical,23,ambiguous,short,comma,nonfinal,7,7,left,8.408763885498047
critical,23,ambiguous,short,comma,nonfinal,7,8,to,5.311787128448486
critical,23,ambiguous,short,comma,nonfinal,7,9,go,2.5985958576202397
critical,23,ambiguous,short,comma,nonfinal,7,10,home.,2.752413034439087
critical,23,unambiguous,long,comma,nonfinal,12,0,After,8.92697811126709
critical,23,unambiguous,long,comma,nonfinal,12,1,the,3.3897147178649902
critical,23,unambiguous,long,comma,nonfinal,12,2,director,13.606468200683594
critical,23,unambiguous,long,comma,nonfinal,12,3,finished,11.03152561187744
critical,23,unambiguous,long,comma,nonfinal,12,4,"filming,",6.715286970837042
critical,23,unambiguous,long,comma,nonfinal,12,5,the,2.060800790786743
critical,23,unambiguous,long,comma,nonfinal,12,6,actors,3.88396954536438
critical,23,unambiguous,long,comma,nonfinal,12,7,exhausted,14.914803504943848
critical,23,unambiguous,long,comma,nonfinal,12,8,from,3.97087025642395
critical,23,unambiguous,long,comma,nonfinal,12,9,the,1.510044813156128
critical,23,unambiguous,long,comma,nonfinal,12,10,long,3.659642219543457
critical,23,unambiguous,long,comma,nonfinal,12,11,day,2.0438528060913086
critical,23,unambiguous,long,comma,nonfinal,12,12,left,6.389829635620117
critical,23,unambiguous,long,comma,nonfinal,12,13,to,4.960558891296387
critical,23,unambiguous,long,comma,nonfinal,12,14,go,1.9731693267822263
critical,23,unambiguous,long,comma,nonfinal,12,15,home.,1.4861089587211609
critical,23,unambiguous,short,comma,nonfinal,7,0,After,8.92697811126709
critical,23,unambiguous,short,comma,nonfinal,7,1,the,3.3897147178649902
critical,23,unambiguous,short,comma,nonfinal,7,2,director,13.606468200683594
critical,23,unambiguous,short,comma,nonfinal,7,3,finished,11.03152561187744
critical,23,unambiguous,short,comma,nonfinal,7,4,"filming,",6.715286970837042
critical,23,unambiguous,short,comma,nonfinal,7,5,the,2.060800790786743
critical,23,unambiguous,short,comma,nonfinal,7,6,actors,3.88396954536438
critical,23,unambiguous,short,comma,nonfinal,7,7,left,4.908080577850342
critical,23,unambiguous,short,comma,nonfinal,7,8,to,6.454232215881348
critical,23,unambiguous,short,comma,nonfinal,7,9,go,3.0814104080200195
critical,23,unambiguous,short,comma,nonfinal,7,10,home.,2.1824199557304382
critical,24,ambiguous,long,object,final,8,0,As,7.68391227722168
critical,24,ambiguous,long,object,final,8,1,the,2.8762035369873047
critical,24,ambiguous,long,object,final,8,2,doctor,13.934945106506348
critical,24,ambiguous,long,object,final,8,3,lectured,13.330836057662964
critical,24,ambiguous,long,object,final,8,4,the,3.933887004852295
critical,24,ambiguous,long,object,final,8,5,student,7.086231231689453
critical,24,ambiguous,long,object,final,8,6,watching,13.836470603942873
critical,24,ambiguous,long,object,final,8,7,quietly,10.2019681930542
critical,24,ambiguous,long,object,final,8,8,listened.,14.26478135585785
critical,24,ambiguous,short,object,final,6,0,As,7.68391227722168
critical,24,ambiguous,short,object,final,6,1,the,2.8762035369873047
critical,24,ambiguous,short,object,final,6,2,doctor,13.934945106506348
critical,24,ambiguous,short,object,final,6,3,lectured,13.330836057662964
critical,24,ambiguous,short,object,final,6,4,the,3.933887004852295
critical,24,ambiguous,short,object,final,6,5,student,7.086231231689453
critical,24,ambiguous,short,object,final,6,6,listened.,22.322009563446045
critical,24,unambiguous,long,object,final,10,0,As,7.68391227722168
critical,24,unambiguous,long,object,final,10,1,the,2.8762035369873047
critical,24,unambiguous,long,object,final,10,2,doctor,13.934945106506348
critical,24,unambiguous,long,object,final,10,3,lectured,13.330836057662964
critical,24,unambiguous,long,object,final,10,4,the,3.933887004852295
critical,24,unambiguous,long,object,final,10,5,nurse,7.267210960388184
critical,24,unambiguous,long,object,final,10,6,the,8.653033256530762
critical,24,unambiguous,long,object,final,10,7,student,7.327891826629639
critical,24,unambiguous,long,object,final,10,8,watching,10.446778297424316
critical,24,unambiguous,long,object,final,10,9,quietly,5.706677436828613
critical,24,unambiguous,long,object,final,10,10,listened.,5.839449524879456
critical,24,unambiguous,short,object,final,8,0,As,7.68391227722168
critical,24,unambiguous,short,object,final,8,1,the,2.8762035369873047
critical,24,unambiguous,short,object,final,8,2,doctor,13.934945106506348
critical,24,unambiguous,short,object,final,8,3,lectured,13.330836057662964
critical,24,unambiguous,short,object,final,8,4,the,3.933887004852295
critical,24,unambiguous,short,object,final,8,5,nurse,7.267210960388184
critical,24,unambiguous,short,object,final,8,6,the,8.653033256530762
critical,24,unambiguous,short,object,final,8,7,student,7.327891826629639
critical,24,unambiguous,short,object,final,8,8,listened.,7.549603462219238
critical,25,ambiguous,long,object,nonfinal,9,0,After,8.92697811126709
critical,25,ambiguous,long,object,nonfinal,9,1,the,3.3897147178649902
critical,25,ambiguous,long,object,nonfinal,9,2,teacher,13.95370388031006
critical,25,ambiguous,long,object,nonfinal,9,3,finished,9.329999923706056
critical,25,ambiguous,long,object,nonfinal,9,4,grading,8.834368961397558
critical,25,ambiguous,long,object,nonfinal,9,5,the,1.3405332565307615
critical,25,ambiguous,long,object,nonfinal,9,6,students,4.445022106170654
critical,25,ambiguous,long,object,nonfinal,9,7,studying,18.77337074279785
critical,25,ambiguous,long,object,nonfinal,9,8,engineering,10.749999046325684
critical,25,ambiguous,long,object,nonfinal,9,9,passed,12.773248672485352
critical,25,ambiguous,long,object,nonfinal,9,10,the,2.128329277038574
critical,25,ambiguous,long,object,nonfinal,9,11,class.,6.853042364120483
critical,25,ambiguous,short,object,nonfinal,7,0,After,8.92697811126709
critical,25,ambiguous,short,object,nonfinal,7,1,the,3.3897147178649902
critical,25,ambiguous,short,object,nonfinal,7,2,teacher,13.95370388031006
critical,25,ambiguous,short,object,nonfinal,7,3,finished,9.329999923706056
critical,25,ambiguous,short,object,nonfinal,7,4,grading,8.834368961397558
critical,25,ambiguous,short,object,nonfinal,7,5,the,1.3405332565307615
critical,25,ambiguous,short,object,nonfinal,7,6,students,4.445022106170654
critical,25,ambiguous,short,object,nonfinal,7,7,passed,16.15614891052246
critical,25,ambiguous,short,object,nonfinal,7,8,the,2.2040553092956543
critical,25,ambiguous,short,object,nonfinal,7,9,class.,10.801588773727415
critical,25,unambiguous,long,object,nonfinal,11,0,After,8.92697811126709
critical,25,unambiguous,long,object,nonfinal,11,1,the,3.3897147178649902
critical,25,unambiguous,long,object,nonfinal,11,2,teacher,13.95370388031006
critical,25,unambiguous,long,object,nonfinal,11,3,finished,9.329999923706056
critical,25,unambiguous,long,object,nonfinal,11,4,grading,8.834368961397558
critical,25,unambiguous,long,object,nonfinal,11,5,the,1.3405332565307615
critical,25,unambiguous,long,object,nonfinal,11,6,final,4.588878154754639
critical,25,unambiguous,long,object,nonfinal,11,7,the,11.201656341552734
critical,25,unambiguous,long,object,nonfinal,11,8,students,1.8023258447647093
critical,25,unambiguous,long,object,nonfinal,11,9,studying,15.797000885009766
critical,25,unambiguous,long,object,nonfinal,11,10,engineering,8.173480987548828
critical,25,unambiguous,long,object,nonfinal,11,11,passed,11.062929153442385
critical,25,unambiguous,long,object,nonfinal,11,12,the,2.4313628673553467
critical,25,unambiguous,long,object,nonfinal,11,13,class.,4.413835763931274
critical,25,unambiguous,short,object,nonfinal,9,0,After,8.92697811126709
critical,25,unambiguous,short,object,nonfinal,9,1,the,3.3897147178649902
critical,25,unambiguous,short,object,nonfinal,9,2,teacher,13.95370388031006
critical,25,unambiguous,short,object,nonfinal,9,3,finished,9.329999923706056
critical,25,unambiguous,short,object,nonfinal,9,4,grading,8.834368961397558
critical,25,unambiguous,short,object,nonfinal,9,5,the,1.3405332565307615
critical,25,unambiguous,short,object,nonfinal,9,6,final,4.588878154754639
critical,25,unambiguous,short,object,nonfinal,9,7,the,11.201656341552734
critical,25,unambiguous,short,object,nonfinal,9,8,students,1.8023258447647093
critical,25,unambiguous,short,object,nonfinal,9,9,passed,8.928836822509766
critical,25,unambiguous,short,object,nonfinal,9,10,the,2.328334093093872
critical,25,unambiguous,short,object,nonfinal,9,11,class.,10.475112199783323
critical,26,ambiguous,long,comma,final,9,0,As,7.68391227722168
critical,26,ambiguous,long,comma,final,9,1,the,2.8762035369873047
critical,26,ambiguous,long,comma,final,9,2,people,10.85544204711914
critical,26,ambiguous,long,comma,final,9,3,gathered,8.566827774047852
critical,26,ambiguous,long,comma,final,9,4,the,8.03360366821289
critical,26,ambiguous,long,comma,final,9,5,animals,9.403424263000488
critical,26,ambiguous,long,comma,final,9,6,in,4.256448268890381
critical,26,ambiguous,long,comma,final,9,7,the,1.3933924436569214
critical,26,ambiguous,long,comma,final,9,8,park,8.73358154296875
critical,26,ambiguous,long,comma,final,9,9,scattered.,13.679859399795532
critical,26,ambiguous,short,comma,final,6,0,As,7.68391227722168
critical,26,ambiguous,short,comma,final,6,1,the,2.8762035369873047
critical,26,ambiguous,short,comma,final,6,2,people,10.85544204711914
critical,26,ambiguous,short,comma,final,6,3,gathered,8.566827774047852
critical,26,ambiguous,short,comma,final,6,4,the,8.03360366821289
critical,26,ambiguous,short,comma,final,6,5,animals,9.403424263000488
critical,26,ambiguous,short,comma,final,6,6,scattered.,13.932960867881777
critical,26,unambiguous,long,comma,final,9,0,As,7.68391227722168
critical,26,unambiguous,long,comma,final,9,1,the,2.8762035369873047
critical,26,unambiguous,long,comma,final,9,2,people,10.85544204711914
critical,26,unambiguous,long,comma,final,9,3,"gathered,",12.179253101348875
critical,26,unambiguous,long,comma,final,9,4,the,2.261904716491699
critical,26,unambiguous,long,comma,final,9,5,animals,10.868437767028809
critical,26,unambiguous,long,comma,final,9,6,in,5.817921161651611
critical,26,unambiguous,long,comma,final,9,7,the,0.3541700541973114
critical,26,unambiguous,long,comma,final,9,8,park,5.781919002532959
critical,26,unambiguous,long,comma,final,9,9,scattered.,9.028148174285889
critical,26,unambiguous,short,comma,final,6,0,As,7.68391227722168
critical,26,unambiguous,short,comma,final,6,1,the,2.8762035369873047
critical,26,unambiguous,short,comma,final,6,2,people,10.85544204711914
critical,26,unambiguous,short,comma,final,6,3,"gathered,",12.179253101348875
critical,26,unambiguous,short,comma,final,6,4,the,2.261904716491699
critical,26,unambiguous,short,comma,final,6,5,animals,10.868437767028809
critical,26,unambiguous,short,comma,final,6,6,scattered.,9.270383477211
critical,27,ambiguous,long,comma,nonfinal,8,0,Once,11.485238075256348
critical,27,ambiguous,long,comma,nonfinal,8,1,the,4.107591152191162
critical,27,ambiguous,long,comma,nonfinal,8,2,audience,13.321528434753418
critical,27,ambiguous,long,comma,nonfinal,8,3,quieted,14.862237215042114
critical,27,ambiguous,long,comma,nonfinal,8,4,the,7.537736892700195
critical,27,ambiguous,long,comma,nonfinal,8,5,man,6.971579551696777
critical,27,ambiguous,long,comma,nonfinal,8,6,talking,9.870923042297363
critical,27,ambiguous,long,comma,nonfinal,8,7,loudly,5.811058521270752
critical,27,ambiguous,long,comma,nonfinal,8,8,put,11.758933067321776
critical,27,ambiguous,long,comma,nonfinal,8,9,away,5.232994556427002
critical,27,ambiguous,long,comma,nonfinal,8,10,his,0.1606868356466293
critical,27,ambiguous,long,comma,nonfinal,8,11,phone.,3.63879656791687
critical,27,ambiguous,short,comma,nonfinal,6,0,Once,11.485238075256348
critical,27,ambiguous,short,comma,nonfinal,6,1,the,4.107591152191162
critical,27,ambiguous,short,comma,nonfinal,6,2,audience,13.321528434753418
critical,27,ambiguous,short,comma,nonfinal,6,3,quieted,14.862237215042114
critical,27,ambiguous,short,comma,nonfinal,6,4,the,7.537736892700195
critical,27,ambiguous,short,comma,nonfinal,6,5,man,6.971579551696777
critical,27,ambiguous,short,comma,nonfinal,6,6,put,9.70813274383545
critical,27,ambiguous,short,comma,nonfinal,6,7,away,4.657949447631836
critical,27,ambiguous,short,comma,nonfinal,6,8,his,0.5190271139144897
critical,27,ambiguous,short,comma,nonfinal,6,9,phone.,6.908160448074341
critical,27,unambiguous,long,comma,nonfinal,8,0,Once,11.485238075256348
critical,27,unambiguous,long,comma,nonfinal,8,1,the,4.107591152191162
critical,27,unambiguous,long,comma,nonfinal,8,2,audience,13.321528434753418
critical,27,unambiguous,long,comma,nonfinal,8,3,"quieted,",17.559244394302368
critical,27,unambiguous,long,comma,nonfinal,8,4,the,2.165583610534668
critical,27,unambiguous,long,comma,nonfinal,8,5,man,5.559108257293701
critical,27,unambiguous,long,comma,nonfinal,8,6,talking,14.199236869812012
critical,27,unambiguous,long,comma,nonfinal,8,7,loudly,8.637578010559082
critical,27,unambiguous,long,comma,nonfinal,8,8,put,10.336238861083984
critical,27,unambiguous,long,comma,nonfinal,8,9,away,5.777098178863525
critical,27,unambiguous,long,comma,nonfinal,8,10,his,0.284885823726654
critical,27,unambiguous,long,comma,nonfinal,8,11,phone.,3.808211922645569
critical,27,unambiguous,short,comma,nonfinal,6,0,Once,11.485238075256348
critical,27,unambiguous,short,comma,nonfinal,6,1,the,4.107591152191162
critical,27,unambiguous,short,comma,nonfinal,6,2,audience,13.321528434753418
critical,27,unambiguous,short,comma,nonfinal,6,3,"quieted,",17.559244394302368
critical,27,unambiguous,short,comma,nonfinal,6,4,the,2.165583610534668
critical,27,unambiguous,short,comma,nonfinal,6,5,man,5.559108257293701
critical,27,unambiguous,short,comma,nonfinal,6,6,put,8.755620002746582
critical,27,unambiguous,short,comma,nonfinal,6,7,away,5.177086353302002
critical,27,unambiguous,short,comma,nonfinal,6,8,his,0.6022557020187378
critical,27,unambiguous,short,comma,nonfinal,6,9,phone.,6.301879167556763
critical,28,ambiguous,long,comma,nonfinal,9,0,After,8.92697811126709
critical,28,ambiguous,long,comma,nonfinal,9,1,the,3.3897147178649902
critical,28,ambiguous,long,comma,nonfinal,9,2,corrupt,16.531599044799805
critical,28,ambiguous,long,comma,nonfinal,9,3,politician,8.369698524475098
critical,28,ambiguous,long,comma,nonfinal,9,4,signed,14.391070365905762
critical,28,ambiguous,long,comma,nonfinal,9,5,the,1.27081561088562
critical,28,ambiguous,long,comma,nonfinal,9,6,bill,3.051645040512085
critical,28,ambiguous,long,comma,nonfinal,9,7,on,5.768256664276123
critical,28,ambiguous,long,comma,nonfinal,9,8,taxes,11.210020065307615
critical,28,ambiguous,long,comma,nonfinal,9,9,received,13.775465965270996
critical,28,ambiguous,long,comma,nonfinal,9,10,unwelcome,18.437029600143436
critical,28,ambiguous,long,comma,nonfinal,9,11,attention,3.708673715591431
critical,28,ambiguous,long,comma,nonfinal,9,12,from,1.5387274026870728
critical,28,ambiguous,long,comma,nonfinal,9,13,southern,17.11985969543457
critical,28,ambiguous,long,comma,nonfinal,9,14,voters.,9.071096301078796
critical,28,ambiguous,short,comma,nonfinal,7,0,After,8.92697811126709
critical,28,ambiguous,short,comma,nonfinal,7,1,the,3.3897147178649902
critical,28,ambiguous,short,comma,nonfinal,7,2,corrupt,16.531599044799805
critical,28,ambiguous,short,comma,nonfinal,7,3,politician,8.369698524475098
critical,28,ambiguous,short,comma,nonfinal,7,4,signed,14.391070365905762
critical,28,ambiguous,short,comma,nonfinal,7,5,the,1.27081561088562
critical,28,ambiguous,short,comma,nonfinal,7,6,bill,3.051645040512085
critical,28,ambiguous,short,comma,nonfinal,7,7,received,15.551481246948242
critical,28,ambiguous,short,comma,nonfinal,7,8,unwelcome,16.657467365264893
critical,28,ambiguous,short,comma,nonfinal,7,9,attention,2.1213467121124268
critical,28,ambiguous,short,comma,nonfinal,7,10,from,1.2759475708007812
critical,28,ambiguous,short,comma,nonfinal,7,11,southern,15.999164581298828
critical,28,ambiguous,short,comma,nonfinal,7,12,voters.,8.38843059539795
critical,28,unambiguous,long,comma,nonfinal,9,0,After,8.92697811126709
critical,28,unambiguous,long,comma,nonfinal,9,1,the,3.3897147178649902
critical,28,unambiguous,long,comma,nonfinal,9,2,corrupt,16.531599044799805
critical,28,unambiguous,long,comma,nonfinal,9,3,politician,8.369698524475098
critical,28,unambiguous,long,comma,nonfinal,9,4,"signed,",21.659086227416992
critical,28,unambiguous,long,comma,nonfinal,9,5,the,2.256135940551758
critical,28,unambiguous,long,comma,nonfinal,9,6,bill,7.171768665313721
critical,28,unambiguous,long,comma,nonfinal,9,7,on,6.778060436248779
critical,28,unambiguous,long,comma,nonfinal,9,8,taxes,9.952911376953123
critical,28,unambiguous,long,comma,nonfinal,9,9,received,10.10598850250244
critical,28,unambiguous,long,comma,nonfinal,9,10,unwelcome,18.987807273864743
critical,28,unambiguous,long,comma,nonfinal,9,11,attention,3.455669403076172
critical,28,unambiguous,long,comma,nonfinal,9,12,from,1.5692110061645508
critical,28,unambiguous,long,comma,nonfinal,9,13,southern,16.85472869873047
critical,28,unambiguous,long,comma,nonfinal,9,14,voters.,7.87116003036499
critical,28,unambiguous,short,comma,nonfinal,7,0,After,8.92697811126709
critical,28,unambiguous,short,comma,nonfinal,7,1,the,3.3897147178649902
critical,28,unambiguous,short,comma,nonfinal,7,2,corrupt,16.531599044799805
critical,28,unambiguous,short,comma,nonfinal,7,3,politician,8.369698524475098
critical,28,unambiguous,short,comma,nonfinal,7,4,"signed,",21.659086227416992
critical,28,unambiguous,short,comma,nonfinal,7,5,the,2.256135940551758
critical,28,unambiguous,short,comma,nonfinal,7,6,bill,7.171768665313721
critical,28,unambiguous,short,comma,nonfinal,7,7,received,8.657520294189453
critical,28,unambiguous,short,comma,nonfinal,7,8,unwelcome,19.916736602783203
critical,28,unambiguous,short,comma,nonfinal,7,9,attention,1.722652554512024
critical,28,unambiguous,short,comma,nonfinal,7,10,from,1.05279803276062
critical,28,unambiguous,short,comma,nonfinal,7,11,southern,14.944375038146973
critical,28,unambiguous,short,comma,nonfinal,7,12,voters.,8.311255693435669
critical,29,ambiguous,long,object,nonfinal,10,0,While,9.617036819458008
critical,29,ambiguous,long,object,nonfinal,10,1,the,2.7747349739074707
critical,29,ambiguous,long,object,nonfinal,10,2,art,10.727716445922852
critical,29,ambiguous,long,object,nonfinal,10,3,class,11.66326904296875
critical,29,ambiguous,long,object,nonfinal,10,4,painted,12.95703125
critical,29,ambiguous,long,object,nonfinal,10,5,the,3.378229141235352
critical,29,ambiguous,long,object,nonfinal,10,6,model,9.449196815490724
critical,29,ambiguous,long,object,nonfinal,10,7,in,3.772552251815796
critical,29,ambiguous,long,object,nonfinal,10,8,the,1.5006380081176758
critical,29,ambiguous,long,object,nonfinal,10,9,nude,1.9034833586774769
critical,29,ambiguous,long,object,nonfinal,10,10,stayed,22.035091400146484
critical,29,ambiguous,long,object,nonfinal,10,11,still.,9.295228958129885
critical,29,ambiguous,short,object,nonfinal,7,0,While,9.617036819458008
critical,29,ambiguous,short,object,nonfinal,7,1,the,2.7747349739074707
critical,29,ambiguous,short,object,nonfinal,7,2,art,10.727716445922852
critical,29,ambiguous,short,object,nonfinal,7,3,class,11.66326904296875
critical,29,ambiguous,short,object,nonfinal,7,4,painted,12.95703125
critical,29,ambiguous,short,object,nonfinal,7,5,the,3.378229141235352
critical,29,ambiguous,short,object,nonfinal,7,6,model,9.449196815490724
critical,29,ambiguous,short,object,nonfinal,7,7,stayed,20.589792251586918
critical,29,ambiguous,short,object,nonfinal,7,8,still.,3.992114782333374
critical,29,unambiguous,long,object,nonfinal,12,0,While,9.617036819458008
critical,29,unambiguous,long,object,nonfinal,12,1,the,2.7747349739074707
critical,29,unambiguous,long,object,nonfinal,12,2,art,10.727716445922852
critical,29,unambiguous,long,object,nonfinal,12,3,class,11.66326904296875
critical,29,unambiguous,long,object,nonfinal,12,4,painted,12.95703125
critical,29,unambiguous,long,object,nonfinal,12,5,their,3.608827590942383
critical,29,unambiguous,long,object,nonfinal,12,6,portraits,6.173833407112397
critical,29,unambiguous,long,object,nonfinal,12,7,the,5.950261116027832
critical,29,unambiguous,long,object,nonfinal,12,8,model,12.058760643005373
critical,29,unambiguous,long,object,nonfinal,12,9,in,7.413295745849609
critical,29,unambiguous,long,object,nonfinal,12,10,the,1.3940625190734863
critical,29,unambiguous,long,object,nonfinal,12,11,nude,4.706962872762233
critical,29,unambiguous,long,object,nonfinal,12,12,stayed,9.06120491027832
critical,29,unambiguous,long,object,nonfinal,12,13,still.,4.909306764602661
critical,29,unambiguous,short,object,nonfinal,9,0,While,9.617036819458008
critical,29,unambiguous,short,object,nonfinal,9,1,the,2.7747349739074707
critical,29,unambiguous,short,object,nonfinal,9,2,art,10.727716445922852
critical,29,unambiguous,short,object,nonfinal,9,3,class,11.66326904296875
critical,29,unambiguous,short,object,nonfinal,9,4,painted,12.95703125
critical,29,unambiguous,short,object,nonfinal,9,5,their,3.608827590942383
critical,29,unambiguous,short,object,nonfinal,9,6,portraits,6.173833407112397
critical,29,unambiguous,short,object,nonfinal,9,7,the,5.950261116027832
critical,29,unambiguous,short,object,nonfinal,9,8,model,12.058760643005373
critical,29,unambiguous,short,object,nonfinal,9,9,stayed,9.358941078186035
critical,29,unambiguous,short,object,nonfinal,9,10,still.,4.969852924346924
critical,30,ambiguous,long,object,final,8,0,As,7.68391227722168
critical,30,ambiguous,long,object,final,8,1,the,2.8762035369873047
critical,30,ambiguous,long,object,final,8,2,professor,16.34705352783203
critical,30,ambiguous,long,object,final,8,3,wrote,8.998034477233887
critical,30,ambiguous,long,object,final,8,4,the,3.51003098487854
critical,30,ambiguous,long,object,final,8,5,textbook,10.310685873031616
critical,30,ambiguous,long,object,final,8,6,on,3.5901942253112797
critical,30,ambiguous,long,object,final,8,7,biology,12.659989833831789
critical,30,ambiguous,long,object,final,8,8,grew.,24.28996753692627
critical,30,ambiguous,short,object,final,6,0,As,7.68391227722168
critical,30,ambiguous,short,object,final,6,1,the,2.8762035369873047
critical,30,ambiguous,short,object,final,6,2,professor,16.34705352783203
critical,30,ambiguous,short,object,final,6,3,wrote,8.998034477233887
critical,30,ambiguous,short,object,final,6,4,the,3.51003098487854
critical,30,ambiguous,short,object,final,6,5,textbook,10.310685873031616
critical,30,ambiguous,short,object,final,6,6,grew.,23.200395107269287
critical,30,unambiguous,long,object,final,10,0,As,7.68391227722168
critical,30,unambiguous,long,object,final,10,1,the,2.8762035369873047
critical,30,unambiguous,long,object,final,10,2,professor,16.34705352783203
critical,30,unambiguous,long,object,final,10,3,wrote,8.998034477233887
critical,30,unambiguous,long,object,final,10,4,the,3.51003098487854
critical,30,unambiguous,long,object,final,10,5,chapter,10.030646324157717
critical,30,unambiguous,long,object,final,10,6,the,10.423222541809082
critical,30,unambiguous,long,object,final,10,7,textbook,7.655977129936218
critical,30,unambiguous,long,object,final,10,8,on,2.922032117843628
critical,30,unambiguous,long,object,final,10,9,biology,11.30318021774292
critical,30,unambiguous,long,object,final,10,10,grew.,16.862505435943604
critical,30,unambiguous,short,object,final,8,0,As,7.68391227722168
critical,30,unambiguous,short,object,final,8,1,the,2.8762035369873047
critical,30,unambiguous,short,object,final,8,2,professor,16.34705352783203
critical,30,unambiguous,short,object,final,8,3,wrote,8.998034477233887
critical,30,unambiguous,short,object,final,8,4,the,3.51003098487854
critical,30,unambiguous,short,object,final,8,5,chapter,10.030646324157717
critical,30,unambiguous,short,object,final,8,6,the,10.423222541809082
critical,30,unambiguous,short,object,final,8,7,textbook,7.655977129936218
critical,30,unambiguous,short,object,final,8,8,grew.,15.520185232162476
filler,1,,,,,-1,0,The,4.989363670349121
filler,1,,,,,-1,1,little,11.961952209472656
filler,1,,,,,-1,2,blonde,9.945051908493042
filler,1,,,,,-1,3,girls,8.107083320617676
filler,1,,,,,-1,4,turned,10.150785446166992
filler,1,,,,,-1,5,out,3.887241363525391
filler,1,,,,,-1,6,to,0.4702418446540832
filler,1,,,,,-1,7,be,0.1060018539428711
filler,1,,,,,-1,8,daughters,9.762789726257324
filler,1,,,,,-1,9,of,0.235697403550148
filler,1,,,,,-1,10,one,4.759234428405762
filler,1,,,,,-1,11,of,0.2229335457086563
filler,1,,,,,-1,12,the,0.7763682007789612
filler,1,,,,,-1,13,neighbors.,8.32321047782898
filler,2,,,,,-1,0,After,8.92697811126709
filler,2,,,,,-1,1,the,3.3897147178649902
filler,2,,,,,-1,2,show,9.680173873901367
filler,2,,,,,-1,3,the,6.462761402130127
filler,2,,,,,-1,4,famous,10.846145629882812
filler,2,,,,,-1,5,violinist,9.945248894393444
filler,2,,,,,-1,6,met,7.120864391326904
filler,2,,,,,-1,7,with,1.5602761507034302
filler,2,,,,,-1,8,some,5.338997840881348
filler,2,,,,,-1,9,of,0.9194371104240416
filler,2,,,,,-1,10,his,3.2236428260803223
filler,2,,,,,-1,11,devoted,7.260799407958984
filler,2,,,,,-1,12,fans.,2.1373894214630127
filler,3,,,,,-1,0,The,4.989363670349121
filler,3,,,,,-1,1,pharmacologist,24.39105582237244
filler,3,,,,,-1,2,made,9.739669799804688
filler,3,,,,,-1,3,sure,6.921102046966553
filler,3,,,,,-1,4,that,1.951792597770691
filler,3,,,,,-1,5,the,1.233627438545227
filler,3,,,,,-1,6,new,6.238674640655518
filler,3,,,,,-1,7,shipment,13.947809547185898
filler,3,,,,,-1,8,of,0.5340171456336975
filler,3,,,,,-1,9,patches,13.754322052001951
filler,3,,,,,-1,10,didn't,8.694156449637376
filler,3,,,,,-1,11,have,2.474703788757324
filler,3,,,,,-1,12,any,0.9844424724578856
filler,3,,,,,-1,13,tears.,12.40024471282959
filler,4,,,,,-1,0,On,8.348382949829102
filler,4,,,,,-1,1,returning,13.738630294799805
filler,4,,,,,-1,2,from,1.2985570430755615
filler,4,,,,,-1,3,abroad,9.025922775268556
filler,4,,,,,-1,4,the,6.333338260650635
filler,4,,,,,-1,5,accountant,14.465119481086733
filler,4,,,,,-1,6,discovered,5.64646577835083
filler,4,,,,,-1,7,he,5.00672721862793
filler,4,,,,,-1,8,had,0.8146886825561523
filler,4,,,,,-1,9,a,3.4985122680664062
filler,4,,,,,-1,10,serious,5.893466949462891
filler,4,,,,,-1,11,case,4.560876846313477
filler,4,,,,,-1,12,of,0.0067637334577739
filler,4,,,,,-1,13,malaria.,7.101829543709755
filler,5,,,,,-1,0,The,4.989363670349121
filler,5,,,,,-1,1,coach,14.953330039978027
filler,5,,,,,-1,2,encouraged,14.387445449829102
filler,5,,,,,-1,3,his,1.714672565460205
filler,5,,,,,-1,4,team,2.1369545459747314
filler,5,,,,,-1,5,as,7.110121726989746
filler,5,,,,,-1,6,the,3.190263032913208
filler,5,,,,,-1,7,game,3.4427335262298584
filler,5,,,,,-1,8,turned,7.879940986633301
filler,5,,,,,-1,9,increasingly,9.158076286315918
filler,5,,,,,-1,10,discouraging.,11.969395886175334
filler,6,,,,,-1,0,The,4.989363670349121
filler,6,,,,,-1,1,photographer,14.60779094696045
filler,6,,,,,-1,2,posed,14.177932262420654
filler,6,,,,,-1,3,the,3.015999317169189
filler,6,,,,,-1,4,newlyweds,11.83632194722304
filler,6,,,,,-1,5,in,1.6386823654174805
filler,6,,,,,-1,6,front,1.2803475856781006
filler,6,,,,,-1,7,of,0.0076332781463861
filler,6,,,,,-1,8,an,4.60510778427124
filler,6,,,,,-1,9,old,3.6490728855133057
filler,6,,,,,-1,10,oak,7.204041004180908
filler,6,,,,,-1,11,tree,0.2642726600170135
filler,6,,,,,-1,12,that,3.934793710708618
filler,6,,,,,-1,13,stood,4.587836742401123
filler,6,,,,,-1,14,by,6.63389778137207
filler,6,,,,,-1,15,the,0.8363117575645447
filler,6,,,,,-1,16,pond.,7.786673873662949
filler,7,,,,,-1,0,The,4.989363670349121
filler,7,,,,,-1,1,horse,14.402059555053713
filler,7,,,,,-1,2,galloped,13.210306525230408
filler,7,,,,,-1,3,furiously,7.94012654479593
filler,7,,,,,-1,4,around,6.493690490722656
filler,7,,,,,-1,5,the,0.1583891361951828
filler,7,,,,,-1,6,field,3.906140089035034
filler,7,,,,,-1,7,before,8.151776313781738
filler,7,,,,,-1,8,jumping,5.401149749755859
filler,7,,,,,-1,9,over,1.327129602432251
filler,7,,,,,-1,10,the,1.1008169651031494
filler,7,,,,,-1,11,fence.,3.2472387552261357
filler,8,,,,,-1,0,The,4.989363670349121
filler,8,,,,,-1,1,talented,13.837575912475586
filler,8,,,,,-1,2,cartoonists,16.193292196840048
filler,8,,,,,-1,3,drew,12.973387718200684
filler,8,,,,,-1,4,a,3.365905523300171
filler,8,,,,,-1,5,huge,6.730532646179199
filler,8,,,,,-1,6,illustration,11.948874093592169
filler,8,,,,,-1,7,of,2.1681370735168457
filler,8,,,,,-1,8,the,1.9198368787765503
filler,8,,,,,-1,9,upcoming,10.06712818145752
filler,8,,,,,-1,10,mall,16.391727924346924
filler,8,,,,,-1,11,to,5.115542888641357
filler,8,,,,,-1,12,be,2.8810176849365234
filler,8,,,,,-1,13,opened,4.175325870513916
filler,8,,,,,-1,14,in,0.8689347505569458
filler,8,,,,,-1,15,May.,8.845077276229858
filler,9,,,,,-1,0,The,4.989363670349121
filler,9,,,,,-1,1,protesters,15.673364341259004
filler,9,,,,,-1,2,rallied,9.540111544076352
filler,9,,,,,-1,3,outside,2.585035562515259
filler,9,,,,,-1,4,the,0.6653100848197937
filler,9,,,,,-1,5,state,7.253229141235352
filler,9,,,,,-1,6,capital,4.801130771636963
filler,9,,,,,-1,7,to,4.659623622894287
filler,9,,,,,-1,8,petition,11.317464828491213
filler,9,,,,,-1,9,the,1.6577820777893066
filler,9,,,,,-1,10,widely,17.400510787963867
filler,9,,,,,-1,11,controversial,5.66576623916626
filler,9,,,,,-1,12,bill.,5.477778196334839
filler,10,,,,,-1,0,The,4.989363670349121
filler,10,,,,,-1,1,small,11.32866668701172
filler,10,,,,,-1,2,orange,10.811779022216797
filler,10,,,,,-1,3,kitten,7.900010734796524
filler,10,,,,,-1,4,climbed,9.508153915405272
filler,10,,,,,-1,5,up,2.3678503036499023
filler,10,,,,,-1,6,the,1.6870713233947754
filler,10,,,,,-1,7,curtains,7.9546133279800415
filler,10,,,,,-1,8,behind,7.883991718292236
filler,10,,,,,-1,9,the,1.2939424514770508
filler,10,,,,,-1,10,couch,4.199392795562744
filler,10,,,,,-1,11,when,8.726520538330078
filler,10,,,,,-1,12,the,3.0289225578308105
filler,10,,,,,-1,13,vacuum,11.170088768005373
filler,10,,,,,-1,14,turned,6.853643417358398
filler,10,,,,,-1,15,on.,0.6526259928941727
filler,11,,,,,-1,0,The,4.989363670349121
filler,11,,,,,-1,1,captain,14.35107421875
filler,11,,,,,-1,2,made,9.215167045593262
filler,11,,,,,-1,3,sure,5.61425256729126
filler,11,,,,,-1,4,the,3.0150153636932373
filler,11,,,,,-1,5,sailors,9.294378638267515
filler,11,,,,,-1,6,fixed,12.00830078125
filler,11,,,,,-1,7,the,0.7637460827827454
filler,11,,,,,-1,8,rudder,4.892770051956177
filler,11,,,,,-1,9,before,3.5454554557800293
filler,11,,,,,-1,10,setting,4.20796537399292
filler,11,,,,,-1,11,sail.,2.1349788308143616
filler,12,,,,,-1,0,The,4.989363670349121
filler,12,,,,,-1,1,student,12.846657752990724
filler,12,,,,,-1,2,felt,13.6570463180542
filler,12,,,,,-1,3,that,3.366494417190552
filler,12,,,,,-1,4,he,2.8383522033691406
filler,12,,,,,-1,5,hadn't,10.5935738896369
filler,12,,,,,-1,6,prepared,7.032330513000488
filler,12,,,,,-1,7,sufficiently,4.8052473068237305
filler,12,,,,,-1,8,after,9.05640697479248
filler,12,,,,,-1,9,he,4.864446640014648
filler,12,,,,,-1,10,finished,6.840278148651123
filler,12,,,,,-1,11,the,2.3546929359436035
filler,12,,,,,-1,12,midterm.,10.45168000459671
filler,13,,,,,-1,0,The,4.989363670349121
filler,13,,,,,-1,1,boys,12.514655113220217
filler,13,,,,,-1,2,rode,11.975099563598633
filler,13,,,,,-1,3,their,2.695940971374512
filler,13,,,,,-1,4,bikes,0.887171829584986
filler,13,,,,,-1,5,past,7.743005752563477
filler,13,,,,,-1,6,the,0.8932586312294006
filler,13,,,,,-1,7,yellow,8.773765563964844
filler,13,,,,,-1,8,wall,9.656004905700684
filler,13,,,,,-1,9,that,3.876940250396729
filler,13,,,,,-1,10,stood,5.764327526092529
filler,13,,,,,-1,11,in,3.3148953914642334
filler,13,,,,,-1,12,front,1.109783411026001
filler,13,,,,,-1,13,of,0.0126359090209007
filler,13,,,,,-1,14,the,0.6950851082801819
filler,13,,,,,-1,15,old,4.517194271087647
filler,13,,,,,-1,16,factory.,7.362277150154114
filler,14,,,,,-1,0,The,4.989363670349121
filler,14,,,,,-1,1,desert,14.81171989440918
filler,14,,,,,-1,2,bandits,17.15586566925049
filler,14,,,,,-1,3,joked,17.729137182235718
filler,14,,,,,-1,4,that,2.214866876602173
filler,14,,,,,-1,5,the,2.5988285541534424
filler,14,,,,,-1,6,oasis,10.531598150730131
filler,14,,,,,-1,7,in,5.343363285064697
filler,14,,,,,-1,8,the,0.5309104323387146
filler,14,,,,,-1,9,horizon,7.862935543060303
filler,14,,,,,-1,10,was,0.6793328523635864
filler,14,,,,,-1,11,all,8.692192077636719
filler,14,,,,,-1,12,but,5.788880825042725
filler,14,,,,,-1,13,a,0.8280208110809326
filler,14,,,,,-1,14,wild,14.38005256652832
filler,14,,,,,-1,15,fantasy.,5.671947777271271
filler,15,,,,,-1,0,The,4.989363670349121
filler,15,,,,,-1,1,carpenter,18.20248818397522
filler,15,,,,,-1,2,told,8.417338371276855
filler,15,,,,,-1,3,all,10.950142860412598
filler,15,,,,,-1,4,the,1.7117804288864136
filler,15,,,,,-1,5,disappointed,16.127553939819336
filler,15,,,,,-1,6,applicants,7.672275216318667
filler,15,,,,,-1,7,that,1.397547483444214
filler,15,,,,,-1,8,he,1.3458880186080933
filler,15,,,,,-1,9,was,2.6510355472564697
filler,15,,,,,-1,10,not,3.922549962997437
filler,15,,,,,-1,11,taking,6.4685235023498535
filler,15,,,,,-1,12,any,2.389745712280273
filler,15,,,,,-1,13,new,4.120604038238525
filler,15,,,,,-1,14,apprentices.,3.021378813660704
filler,16,,,,,-1,0,The,4.989363670349121
filler,16,,,,,-1,1,California,9.995769500732422
filler,16,,,,,-1,2,judges,15.515637397766112
filler,16,,,,,-1,3,requested,13.879913330078123
filler,16,,,,,-1,4,the,2.6359009742736816
filler,16,,,,,-1,5,opinions,9.409728050231934
filler,16,,,,,-1,6,of,1.1435388326644895
filler,16,,,,,-1,7,various,7.74182653427124
filler,16,,,,,-1,8,industry,7.732218742370605
filler,16,,,,,-1,9,leaders.,9.142432689666748
filler,17,,,,,-1,0,The,4.989363670349121
filler,17,,,,,-1,1,dance,14.300371170043944
filler,17,,,,,-1,2,troupe,6.54333183914423
filler,17,,,,,-1,3,forgot,17.512937545776367
filler,17,,,,,-1,4,most,8.736318588256836
filler,17,,,,,-1,5,of,0.0400540716946125
filler,17,,,,,-1,6,the,1.6440730094909668
filler,17,,,,,-1,7,steps,2.352472305297852
filler,17,,,,,-1,8,when,7.089324474334717
filler,17,,,,,-1,9,they,1.1305382251739502
filler,17,,,,,-1,10,performed,2.3026509284973145
filler,17,,,,,-1,11,for,3.835668563842773
filler,17,,,,,-1,12,the,1.5204917192459106
filler,17,,,,,-1,13,prime,7.676496028900146
filler,17,,,,,-1,14,minister.,2.191629856824875
filler,18,,,,,-1,0,There,8.05263614654541
filler,18,,,,,-1,1,were,5.723040580749512
filler,18,,,,,-1,2,several,5.163374423980713
filler,18,,,,,-1,3,noblemen,18.920875072479248
filler,18,,,,,-1,4,who,2.3188488483428955
filler,18,,,,,-1,5,kept,8.730687141418457
filler,18,,,,,-1,6,insisting,12.82671906799078
filler,18,,,,,-1,7,that,0.8660234808921814
filler,18,,,,,-1,8,the,2.261903524398804
filler,18,,,,,-1,9,croutons,23.603514552116398
filler,18,,,,,-1,10,were,1.7135828733444214
filler,18,,,,,-1,11,too,4.423759937286377
filler,18,,,,,-1,12,soft.,5.850538730621338
filler,19,,,,,-1,0,The,4.989363670349121
filler,19,,,,,-1,1,priest,15.669541358947754
filler,19,,,,,-1,2,checked,14.061251640319824
filler,19,,,,,-1,3,twice,11.844380378723145
filler,19,,,,,-1,4,that,2.521587610244751
filler,19,,,,,-1,5,he,2.1700592041015625
filler,19,,,,,-1,6,had,0.6822648048400879
filler,19,,,,,-1,7,all,3.478761911392212
filler,19,,,,,-1,8,the,0.652315080165863
filler,19,,,,,-1,9,supplies,5.1981730461120605
filler,19,,,,,-1,10,ready,7.31655740737915
filler,19,,,,,-1,11,for,2.00488018989563
filler,19,,,,,-1,12,the,0.6201350688934326
filler,19,,,,,-1,13,event,9.699828147888184
filler,19,,,,,-1,14,on,7.904714584350586
filler,19,,,,,-1,15,Sunday.,3.4616089463233948
filler,20,,,,,-1,0,The,4.989363670349121
filler,20,,,,,-1,1,jeweler,20.467353105545044
filler,20,,,,,-1,2,showed,10.447415351867676
filler,20,,,,,-1,3,off,3.388559103012085
filler,20,,,,,-1,4,his,2.17685866355896
filler,20,,,,,-1,5,collection,5.300656795501709
filler,20,,,,,-1,6,of,1.8446061611175537
filler,20,,,,,-1,7,rare,5.640645503997803
filler,20,,,,,-1,8,and,2.987645387649536
filler,20,,,,,-1,9,precious,4.216735363006592
filler,20,,,,,-1,10,stones,1.616420865058899
filler,20,,,,,-1,11,at,2.908156394958496
filler,20,,,,,-1,12,the,1.064302921295166
filler,20,,,,,-1,13,convention.,13.66910171508789
filler,21,,,,,-1,0,The,4.989363670349121
filler,21,,,,,-1,1,serious,15.491971969604492
filler,21,,,,,-1,2,man,9.69849967956543
filler,21,,,,,-1,3,shifted,17.19696044921875
filler,21,,,,,-1,4,his,1.744779109954834
filler,21,,,,,-1,5,glasses,8.11721134185791
filler,21,,,,,-1,6,to,3.1291046142578125
filler,21,,,,,-1,7,indicate,12.423677444458008
filler,21,,,,,-1,8,the,2.720621109008789
filler,21,,,,,-1,9,prisoners,15.717676162719728
filler,21,,,,,-1,10,would,7.544991493225098
filler,21,,,,,-1,11,be,1.1276668310165403
filler,21,,,,,-1,12,set,7.676881790161133
filler,21,,,,,-1,13,free.,0.9868227168917656
filler,22,,,,,-1,0,The,4.989363670349121
filler,22,,,,,-1,1,doctor,13.26004409790039
filler,22,,,,,-1,2,made,8.860915184020996
filler,22,,,,,-1,3,the,2.881885766983032
filler,22,,,,,-1,4,nurse,11.59356689453125
filler,22,,,,,-1,5,administer,8.362915992736816
filler,22,,,,,-1,6,the,1.384068250656128
filler,22,,,,,-1,7,shot,4.152431488037109
filler,22,,,,,-1,8,because,6.496676445007324
filler,22,,,,,-1,9,he,1.80388617515564
filler,22,,,,,-1,10,didn't,5.155895431176759
filler,22,,,,,-1,11,like,4.451245307922363
filler,22,,,,,-1,12,to,2.627072095870972
filler,22,,,,,-1,13,give,2.6699743270874023
filler,22,,,,,-1,14,shots,1.9273077249526975
filler,22,,,,,-1,15,to,3.088615894317627
filler,22,,,,,-1,16,children.,2.601750791072845
filler,23,,,,,-1,0,The,4.989363670349121
filler,23,,,,,-1,1,football,12.815625190734863
filler,23,,,,,-1,2,player,6.362934112548828
filler,23,,,,,-1,3,performed,12.238993644714355
filler,23,,,,,-1,4,a,2.440607070922852
filler,23,,,,,-1,5,humorous,11.940664529800417
filler,23,,,,,-1,6,victory,10.1113862991333
filler,23,,,,,-1,7,dance,0.961555004119873
filler,23,,,,,-1,8,at,4.364832878112793
filler,23,,,,,-1,9,the,0.6674728989601135
filler,23,,,,,-1,10,end,1.608977437019348
filler,23,,,,,-1,11,zone.,12.256925582885742
filler,24,,,,,-1,0,The,4.989363670349121
filler,24,,,,,-1,1,journalists,16.033483505249023
filler,24,,,,,-1,2,were,7.225771427154541
filler,24,,,,,-1,3,riled,17.241169452667236
filler,24,,,,,-1,4,up,1.05998957157135
filler,24,,,,,-1,5,to,7.0111284255981445
filler,24,,,,,-1,6,hear,4.6433210372924805
filler,24,,,,,-1,7,that,2.37986159324646
filler,24,,,,,-1,8,the,2.109422206878662
filler,24,,,,,-1,9,famous,9.721647262573242
filler,24,,,,,-1,10,British,6.268046855926514
filler,24,,,,,-1,11,actor,4.341360569000244
filler,24,,,,,-1,12,threw,14.521039962768556
filler,24,,,,,-1,13,a,1.8946352005004885
filler,24,,,,,-1,14,fit,3.5943796634674072
filler,24,,,,,-1,15,on,2.977313995361328
filler,24,,,,,-1,16,the,0.9505302309989928
filler,24,,,,,-1,17,set.,4.986861318349838
filler,25,,,,,-1,0,The,4.989363670349121
filler,25,,,,,-1,1,salesman,18.31691694259644
filler,25,,,,,-1,2,made,8.042854309082031
filler,25,,,,,-1,3,sure,5.781170845031738
filler,25,,,,,-1,4,that,2.8456289768218994
filler,25,,,,,-1,5,there,6.421518325805664
filler,25,,,,,-1,6,were,2.1030726432800293
filler,25,,,,,-1,7,people,8.637077331542969
filler,25,,,,,-1,8,all,5.81942081451416
filler,25,,,,,-1,9,around,0.4519263803958893
filler,25,,,,,-1,10,to,3.7451231479644775
filler,25,,,,,-1,11,witness,2.0323314666748047
filler,25,,,,,-1,12,his,2.9549672603607178
filler,25,,,,,-1,13,biggest,11.11073875427246
filler,25,,,,,-1,14,sale.,3.741106867790222
filler,26,,,,,-1,0,The,4.989363670349121
filler,26,,,,,-1,1,guides,17.839942932128906
filler,26,,,,,-1,2,were,4.648102283477783
filler,26,,,,,-1,3,in,6.664897441864014
filler,26,,,,,-1,4,the,2.436278820037842
filler,26,,,,,-1,5,process,4.677720546722412
filler,26,,,,,-1,6,of,0.0149308461695909
filler,26,,,,,-1,7,explaining,7.758623123168945
filler,26,,,,,-1,8,the,1.6292659044265747
filler,26,,,,,-1,9,delay,14.887081146240234
filler,26,,,,,-1,10,when,2.182838201522827
filler,26,,,,,-1,11,the,2.459880113601685
filler,26,,,,,-1,12,boat,8.228596687316895
filler,26,,,,,-1,13,started,4.403094291687012
filler,26,,,,,-1,14,to,1.2631328105926514
filler,26,,,,,-1,15,move,3.510815382003784
filler,26,,,,,-1,16,again.,3.716966092586517
filler,27,,,,,-1,0,The,4.989363670349121
filler,27,,,,,-1,1,detective's,23.760599831701256
filler,27,,,,,-1,2,computer,10.59587860107422
filler,27,,,,,-1,3,crashed,7.649025917053223
filler,27,,,,,-1,4,and,3.018861055374145
filler,27,,,,,-1,5,all,4.942503452301025
filler,27,,,,,-1,6,the,1.6362333297729492
filler,27,,,,,-1,7,important,7.78756856918335
filler,27,,,,,-1,8,documents,4.828652381896973
filler,27,,,,,-1,9,were,1.5297952890396118
filler,27,,,,,-1,10,lost.,1.2067431211471558
filler,28,,,,,-1,0,The,4.989363670349121
filler,28,,,,,-1,1,chiefs,17.104753017425537
filler,28,,,,,-1,2,perform,16.251392364501953
filler,28,,,,,-1,3,a,1.923579216003418
filler,28,,,,,-1,4,ceremony,5.493623733520508
filler,28,,,,,-1,5,for,3.834812641143799
filler,28,,,,,-1,6,each,9.356086730957031
filler,28,,,,,-1,7,family's,14.495655357604846
filler,28,,,,,-1,8,oldest,10.032330513000488
filler,28,,,,,-1,9,child,2.7241060733795166
filler,28,,,,,-1,10,every,6.858841419219971
filler,28,,,,,-1,11,time,5.236043453216553
filler,28,,,,,-1,12,there,3.371363401412964
filler,28,,,,,-1,13,is,0.4307931363582611
filler,28,,,,,-1,14,a,0.160201147198677
filler,28,,,,,-1,15,full,3.015192985534668
filler,28,,,,,-1,16,moon.,0.6540816389024258
filler,29,,,,,-1,0,The,4.989363670349121
filler,29,,,,,-1,1,saleslady,25.614096388220787
filler,29,,,,,-1,2,found,10.401178359985352
filler,29,,,,,-1,3,herself,5.774903774261475
filler,29,,,,,-1,4,surrounded,7.492673397064209
filler,29,,,,,-1,5,by,0.2162303477525711
filler,29,,,,,-1,6,angry,7.199419498443604
filler,29,,,,,-1,7,shoppers,3.850622698664665
filler,29,,,,,-1,8,who,3.630629539489746
filler,29,,,,,-1,9,wanted,4.277567386627197
filler,29,,,,,-1,10,their,2.525707006454468
filler,29,,,,,-1,11,money,0.6772662997245789
filler,29,,,,,-1,12,back.,1.3844121769070623
filler,30,,,,,-1,0,The,4.989363670349121
filler,30,,,,,-1,1,scientist,16.17746353149414
filler,30,,,,,-1,2,forgot,13.917393684387209
filler,30,,,,,-1,3,to,1.4768356084823608
filler,30,,,,,-1,4,make,6.20363712310791
filler,30,,,,,-1,5,sure,4.53504753112793
filler,30,,,,,-1,6,that,2.0618629455566406
filler,30,,,,,-1,7,the,1.076743483543396
filler,30,,,,,-1,8,temperature,7.574525833129883
filler,30,,,,,-1,9,was,1.8813539743423464
filler,30,,,,,-1,10,set,3.5817670822143555
filler,30,,,,,-1,11,to,1.4772979021072388
filler,30,,,,,-1,12,zero,4.759798526763916
filler,30,,,,,-1,13,degrees.,5.220306158065796
filler,31,,,,,-1,0,The,4.989363670349121
filler,31,,,,,-1,1,candy,16.726396560668945
filler,31,,,,,-1,2,shop,6.214476108551025
filler,31,,,,,-1,3,was,4.27095365524292
filler,31,,,,,-1,4,small,6.267617225646973
filler,31,,,,,-1,5,but,3.4272565841674805
filler,31,,,,,-1,6,tidy,7.395802948623896
filler,31,,,,,-1,7,and,3.4656472206115723
filler,31,,,,,-1,8,smelled,3.2994320392608643
filler,31,,,,,-1,9,deliciously,6.583633424714208
filler,31,,,,,-1,10,of,0.2865726351737976
filler,31,,,,,-1,11,chocolate.,3.521277368068695
filler,32,,,,,-1,0,The,4.989363670349121
filler,32,,,,,-1,1,virus,14.45844554901123
filler,32,,,,,-1,2,caused,9.060693740844728
filler,32,,,,,-1,3,an,6.310417652130127
filler,32,,,,,-1,4,unusual,7.672147274017334
filler,32,,,,,-1,5,amount,4.920587539672852
filler,32,,,,,-1,6,of,0.0053328378126025
filler,32,,,,,-1,7,workers,16.04500961303711
filler,32,,,,,-1,8,at,5.743661880493164
filler,32,,,,,-1,9,the,1.3656922578811646
filler,32,,,,,-1,10,city,8.65673542022705
filler,32,,,,,-1,11,hall,4.073333263397217
filler,32,,,,,-1,12,to,1.0206661224365234
filler,32,,,,,-1,13,call,2.354095697402954
filler,32,,,,,-1,14,in,0.2965586185455322
filler,32,,,,,-1,15,sick.,2.310841493308544
filler,33,,,,,-1,0,The,4.989363670349121
filler,33,,,,,-1,1,furious,17.423764944076538
filler,33,,,,,-1,2,man,7.451050758361816
filler,33,,,,,-1,3,standing,9.996663093566896
filler,33,,,,,-1,4,at,3.1923365592956543
filler,33,,,,,-1,5,the,0.2898045182228088
filler,33,,,,,-1,6,mayor's,17.51648519077571
filler,33,,,,,-1,7,door,2.6357922554016118
filler,33,,,,,-1,8,was,2.9527645111083984
filler,33,,,,,-1,9,angry,7.021729469299316
filler,33,,,,,-1,10,about,3.011846780776977
filler,33,,,,,-1,11,the,2.216578483581543
filler,33,,,,,-1,12,high,7.542995452880859
filler,33,,,,,-1,13,cost,1.9342819452285769
filler,33,,,,,-1,14,of,0.0374096669256687
filler,33,,,,,-1,15,electricity.,6.557230591773987
filler,34,,,,,-1,0,The,4.989363670349121
filler,34,,,,,-1,1,bartender,17.657048791646957
filler,34,,,,,-1,2,tried,10.881237983703612
filler,34,,,,,-1,3,several,9.242460250854492
filler,34,,,,,-1,4,times,0.4140709340572357
filler,34,,,,,-1,5,to,0.181998923420906
filler,34,,,,,-1,6,get,2.472944021224976
filler,34,,,,,-1,7,the,2.414804220199585
filler,34,,,,,-1,8,woman,4.761773109436035
filler,34,,,,,-1,9,to,0.9234188795089722
filler,34,,,,,-1,10,order,5.855341911315918
filler,34,,,,,-1,11,from,6.77540922164917
filler,34,,,,,-1,12,the,0.3183192610740661
filler,34,,,,,-1,13,secret,13.494248390197754
filler,34,,,,,-1,14,menu.,2.233613044023514
filler,35,,,,,-1,0,The,4.989363670349121
filler,35,,,,,-1,1,seamstress,20.07614577678032
filler,35,,,,,-1,2,fretted,19.66908559948206
filler,35,,,,,-1,3,over,1.8005138635635376
filler,35,,,,,-1,4,whether,6.399038314819336
filler,35,,,,,-1,5,the,2.5029406547546387
filler,35,,,,,-1,6,dress,3.416531562805176
filler,35,,,,,-1,7,would,1.0960522890090942
filler,35,,,,,-1,8,be,1.3792526721954346
filler,35,,,,,-1,9,finished,2.004239082336426
filler,35,,,,,-1,10,in,0.7074375748634338
filler,35,,,,,-1,11,time.,1.1048661130480468
