item_category,item,ambiguity,length,resolution,finality,critical_word_index,word_index,word,surprisal
critical,1,ambiguous,long,object,nonfinal,8,0,As,15.36849594116211
critical,1,ambiguous,long,object,nonfinal,8,1,the,3.9748616218566895
critical,1,ambiguous,long,object,nonfinal,8,2,lifeguard,20.798140812665224
critical,1,ambiguous,long,object,nonfinal,8,3,watched,8.614348411560059
critical,1,ambiguous,long,object,nonfinal,8,4,the,3.6451902389526367
critical,1,ambiguous,long,object,nonfinal,8,5,kids,6.904716968536377
critical,1,ambiguous,long,object,nonfinal,8,6,playing,5.604726314544678
critical,1,ambiguous,long,object,nonfinal,8,7,happily,8.284666061401367
critical,1,ambiguous,long,object,nonfinal,8,8,splashed,17.55682945251465
critical,1,ambiguous,long,object,nonfinal,8,9,each,9.06078052520752
critical,1,ambiguous,long,object,nonfinal,8,10,other,0.0785148963332176
critical,1,ambiguous,long,object,nonfinal,8,11,with,2.55258584022522
critical,1,ambiguous,long,object,nonfinal,8,12,water.,6.909057855606079
critical,1,ambiguous,short,object,nonfinal,6,0,As,15.36849594116211
critical,1,ambiguous,short,object,nonfinal,6,1,the,3.9748616218566895
critical,1,ambiguous,short,object,nonfinal,6,2,lifeguard,20.798140812665224
critical,1,ambiguous,short,object,nonfinal,6,3,watched,8.614348411560059
critical,1,ambiguous,short,object,nonfinal,6,4,the,3.6451902389526367
critical,1,ambiguous,short,object,nonfinal,6,5,kids,6.904716968536377
critical,1,ambiguous,short,object,nonfinal,6,6,splashed,11.504551410675049
critical,1,ambiguous,short,object,nonfinal,6,7,each,8.320988655090332
critical,1,ambiguous,short,object,nonfinal,6,8,other,0.0471700243651866
critical,1,ambiguous,short,object,nonfinal,6,9,with,2.547459363937378
critical,1,ambiguous,short,object,nonfinal,6,10,water.,7.380819797515869
critical,1,unambiguous,long,object,nonfinal,10,0,As,15.36849594116211
critical,1,unambiguous,long,object,nonfinal,10,1,the,3.9748616218566895
critical,1,unambiguous,long,object,nonfinal,10,2,lifeguard,20.798140812665224
critical,1,unambiguous,long,object,nonfinal,10,3,watched,8.614348411560059
critical,1,unambiguous,long,object,nonfinal,10,4,the,3.6451902389526367
critical,1,unambiguous,long,object,nonfinal,10,5,pool,8.60830020904541
critical,1,unambiguous,long,object,nonfinal,10,6,the,8.220926284790039
critical,1,unambiguous,long,object,nonfinal,10,7,kids,7.075949668884277
critical,1,unambiguous,long,object,nonfinal,10,8,playing,9.082088470458984
critical,1,unambiguous,long,object,nonfinal,10,9,happily,7.403671264648437
critical,1,unambiguous,long,object,nonfinal,10,10,splashed,9.425502181053162
critical,1,unambiguous,long,object,nonfinal,10,11,each,6.228322982788086
critical,1,unambiguous,long,object,nonfinal,10,12,other,0.0722327157855033
critical,1,unambiguous,long,object,nonfinal,10,13,with,3.3638787269592285
critical,1,unambiguous,long,object,nonfinal,10,14,water.,4.783021926879883
critical,1,unambiguous,short,object,nonfinal,8,0,As,15.36849594116211
critical,1,unambiguous,short,object,nonfinal,8,1,the,3.9748616218566895
critical,1,unambiguous,short,object,nonfinal,8,2,lifeguard,20.798140812665224
critical,1,unambiguous,short,object,nonfinal,8,3,watched,8.614348411560059
critical,1,unambiguous,short,object,nonfinal,8,4,the,3.6451902389526367
critical,1,unambiguous,short,object,nonfinal,8,5,pool,8.60830020904541
critical,1,unambiguous,short,object,nonfinal,8,6,the,8.220926284790039
critical,1,unambiguous,short,object,nonfinal,8,7,kids,7.075949668884277
critical,1,unambiguous,short,object,nonfinal,8,8,splashed,5.281856797635555
critical,1,unambiguous,short,object,nonfinal,8,9,each,8.147038459777832
critical,1,unambiguous,short,object,nonfinal,8,10,other,0.0793816894292831
critical,1,unambiguous,short,object,nonfinal,8,11,with,2.5099120140075684
critical,1,unambiguous,short,object,nonfinal,8,12,water.,5.697922945022583
critical,2,ambiguous,long,comma,nonfinal,9,0,Because,17.015836715698242
critical,2,ambiguous,long,comma,nonfinal,9,1,the,2.982682704925537
critical,2,ambiguous,long,comma,nonfinal,9,2,suspect,13.417028427124023
critical,2,ambiguous,long,comma,nonfinal,9,3,changed,11.627108573913574
critical,2,ambiguous,long,comma,nonfinal,9,4,the,3.169378757476806
critical,2,ambiguous,long,comma,nonfinal,9,5,file,9.496038436889648
critical,2,ambiguous,long,comma,nonfinal,9,6,with,6.804351806640625
critical,2,ambiguous,long,comma,nonfinal,9,7,the,2.124709367752075
critical,2,ambiguous,long,comma,nonfinal,9,8,evidence,12.17250156402588
critical,2,ambiguous,long,comma,nonfinal,9,9,needed,10.04434299468994
critical,2,ambiguous,long,comma,nonfinal,9,10,to,0.7780357599258423
critical,2,ambiguous,long,comma,nonfinal,9,11,be,4.55545711517334
critical,2,ambiguous,long,comma,nonfinal,9,12,updated.,11.145053625106812
critical,2,ambiguous,short,comma,nonfinal,6,0,Because,17.015836715698242
critical,2,ambiguous,short,comma,nonfinal,6,1,the,2.982682704925537
critical,2,ambiguous,short,comma,nonfinal,6,2,suspect,13.417028427124023
critical,2,ambiguous,short,comma,nonfinal,6,3,changed,11.627108573913574
critical,2,ambiguous,short,comma,nonfinal,6,4,the,3.169378757476806
critical,2,ambiguous,short,comma,nonfinal,6,5,file,9.496038436889648
critical,2,ambiguous,short,comma,nonfinal,6,6,needed,13.387055397033691
critical,2,ambiguous,short,comma,nonfinal,6,7,to,0.6797194480895996
critical,2,ambiguous,short,comma,nonfinal,6,8,be,1.8334120512008667
critical,2,ambiguous,short,comma,nonfinal,6,9,updated.,8.709176778793335
critical,2,unambiguous,long,comma,nonfinal,9,0,Because,17.015836715698242
critical,2,unambiguous,long,comma,nonfinal,9,1,the,2.982682704925537
critical,2,unambiguous,long,comma,nonfinal,9,2,suspect,13.417028427124023
critical,2,unambiguous,long,comma,nonfinal,9,3,"changed,",19.033506870269772
critical,2,unambiguous,long,comma,nonfinal,9,4,the,2.1815505027771
critical,2,unambiguous,long,comma,nonfinal,9,5,file,11.423388481140137
critical,2,unambiguous,long,comma,nonfinal,9,6,with,7.953154563903809
critical,2,unambiguous,long,comma,nonfinal,9,7,the,0.661791980266571
critical,2,unambiguous,long,comma,nonfinal,9,8,evidence,9.691203117370604
critical,2,unambiguous,long,comma,nonfinal,9,9,needed,7.597296237945557
critical,2,unambiguous,long,comma,nonfinal,9,10,to,0.3540696203708648
critical,2,unambiguous,long,comma,nonfinal,9,11,be,1.7439701557159424
critical,2,unambiguous,long,comma,nonfinal,9,12,updated.,6.93804144859314
critical,2,unambiguous,short,comma,nonfinal,6,0,Because,17.015836715698242
critical,2,unambiguous,short,comma,nonfinal,6,1,the,2.982682704925537
critical,2,unambiguous,short,comma,nonfinal,6,2,suspect,13.417028427124023
critical,2,unambiguous,short,comma,nonfinal,6,3,"changed,",19.033506870269772
critical,2,unambiguous,short,comma,nonfinal,6,4,the,2.1815505027771
critical,2,unambiguous,short,comma,nonfinal,6,5,file,11.423388481140137
critical,2,unambiguous,short,comma,nonfinal,6,6,needed,8.46249008178711
critical,2,unambiguous,short,comma,nonfinal,6,7,to,0.1237834841012954
critical,2,unambiguous,short,comma,nonfinal,6,8,be,0.1054872795939445
critical,2,unambiguous,short,comma,nonfinal,6,9,updated.,6.2686039209365845
critical,3,ambiguous,long,object,nonfinal,11,0,While,12.691100120544434
critical,3,ambiguous,long,object,nonfinal,11,1,the,2.5171186923980717
critical,3,ambiguous,long,object,nonfinal,11,2,new,9.032450675964355
critical,3,ambiguous,long,object,nonfinal,11,3,chef,16.024641036987305
critical,3,ambiguous,long,object,nonfinal,11,4,cooked,10.55533504486084
critical,3,ambiguous,long,object,nonfinal,11,5,the,2.9865763187408447
critical,3,ambiguous,long,object,nonfinal,11,6,stew,7.975738048553467
critical,3,ambiguous,long,object,nonfinal,11,7,with,5.3860368728637695
critical,3,ambiguous,long,object,nonfinal,11,8,lamb,8.311450004577637
critical,3,ambiguous,long,object,nonfinal,11,9,and,2.281048536300659
critical,3,ambiguous,long,object,nonfinal,11,10,vegetables,3.5044713020324707
critical,3,ambiguous,long,object,nonfinal,11,11,boiled,14.245232582092283
critical,3,ambiguous,long,object,nonfinal,11,12,over.,13.337525367736816
critical,3,ambiguous,short,object,nonfinal,7,0,While,12.691100120544434
critical,3,ambiguous,short,object,nonfinal,7,1,the,2.5171186923980717
critical,3,ambiguous,short,object,nonfinal,7,2,new,9.032450675964355
critical,3,ambiguous,short,object,nonfinal,7,3,chef,16.024641036987305
critical,3,ambiguous,short,object,nonfinal,7,4,cooked,10.55533504486084
critical,3,ambiguous,short,object,nonfinal,7,5,the,2.9865763187408447
critical,3,ambiguous,short,object,nonfinal,7,6,stew,7.975738048553467
critical,3,ambiguous,short,object,nonfinal,7,7,boiled,16.629680633544922
critical,3,ambiguous,short,object,nonfinal,7,8,over.,8.127833843231201
critical,3,unambiguous,long,object,nonfinal,13,0,While,12.691100120544434
critical,3,unambiguous,long,object,nonfinal,13,1,the,2.5171186923980717
critical,3,unambiguous,long,object,nonfinal,13,2,new,9.032450675964355
critical,3,unambiguous,long,object,nonfinal,13,3,chef,16.024641036987305
critical,3,unambiguous,long,object,nonfinal,13,4,cooked,10.55533504486084
critical,3,unambiguous,long,object,nonfinal,13,5,the,2.9865763187408447
critical,3,unambiguous,long,object,nonfinal,13,6,appetizers,10.990720927715302
critical,3,unambiguous,long,object,nonfinal,13,7,the,7.501693248748779
critical,3,unambiguous,long,object,nonfinal,13,8,stew,13.030145645141602
critical,3,unambiguous,long,object,nonfinal,13,9,with,8.40056037902832
critical,3,unambiguous,long,object,nonfinal,13,10,lamb,7.812800407409668
critical,3,unambiguous,long,object,nonfinal,13,11,and,2.4056396484375
critical,3,unambiguous,long,object,nonfinal,13,12,vegetables,3.747760534286499
critical,3,unambiguous,long,object,nonfinal,13,13,boiled,11.640310287475586
critical,3,unambiguous,long,object,nonfinal,13,14,over.,9.65599489212036
critical,3,unambiguous,short,object,nonfinal,9,0,While,12.691100120544434
critical,3,unambiguous,short,object,nonfinal,9,1,the,2.5171186923980717
critical,3,unambiguous,short,object,nonfinal,9,2,new,9.032450675964355
critical,3,unambiguous,short,object,nonfinal,9,3,chef,16.024641036987305
critical,3,unambiguous,short,object,nonfinal,9,4,cooked,10.55533504486084
critical,3,unambiguous,short,object,nonfinal,9,5,the,2.9865763187408447
critical,3,unambiguous,short,object,nonfinal,9,6,appetizers,10.990720927715302
critical,3,unambiguous,short,object,nonfinal,9,7,the,7.501693248748779
critical,3,unambiguous,short,object,nonfinal,9,8,stew,13.030145645141602
critical,3,unambiguous,short,object,nonfinal,9,9,boiled,10.659308433532717
critical,3,unambiguous,short,object,nonfinal,9,10,over.,5.07895040512085
critical,4,ambiguous,long,comma,nonfinal,8,0,As,15.36849594116211
critical,4,ambiguous,long,comma,nonfinal,8,1,the,3.9748616218566895
critical,4,ambiguous,long,comma,nonfinal,8,2,child,9.68819808959961
critical,4,ambiguous,long,comma,nonfinal,8,3,showered,20.84374976158142
critical,4,ambiguous,long,comma,nonfinal,8,4,the,5.600963115692139
critical,4,ambiguous,long,comma,nonfinal,8,5,cat,8.1370210647583
critical,4,ambiguous,long,comma,nonfinal,8,6,complaining,18.167762756347656
critical,4,ambiguous,long,comma,nonfinal,8,7,loudly,5.700000286102295
critical,4,ambiguous,long,comma,nonfinal,8,8,ran,16.91391372680664
critical,4,ambiguous,long,comma,nonfinal,8,9,around,5.760871410369873
critical,4,ambiguous,long,comma,nonfinal,8,10,the,1.0641460418701172
critical,4,ambiguous,long,comma,nonfinal,8,11,room.,5.000972032546997
critical,4,ambiguous,short,comma,nonfinal,6,0,As,15.36849594116211
critical,4,ambiguous,short,comma,nonfinal,6,1,the,3.9748616218566895
critical,4,ambiguous,short,comma,nonfinal,6,2,child,9.68819808959961
critical,4,ambiguous,short,comma,nonfinal,6,3,showered,20.84374976158142
critical,4,ambiguous,short,comma,nonfinal,6,4,the,5.600963115692139
critical,4,ambiguous,short,comma,nonfinal,6,5,cat,8.1370210647583
critical,4,ambiguous,short,comma,nonfinal,6,6,ran,9.44168472290039
critical,4,ambiguous,short,comma,nonfinal,6,7,around,6.424333572387695
critical,4,ambiguous,short,comma,nonfinal,6,8,the,1.397971272468567
critical,4,ambiguous,short,comma,nonfinal,6,9,room.,4.99200701713562
critical,4,unambiguous,long,comma,nonfinal,8,0,As,15.36849594116211
critical,4,unambiguous,long,comma,nonfinal,8,1,the,3.9748616218566895
critical,4,unambiguous,long,comma,nonfinal,8,2,child,9.68819808959961
critical,4,unambiguous,long,comma,nonfinal,8,3,"showered,",22.17585027217865
critical,4,unambiguous,long,comma,nonfinal,8,4,the,3.1470541954040527
critical,4,unambiguous,long,comma,nonfinal,8,5,cat,9.278883934020996
critical,4,unambiguous,long,comma,nonfinal,8,6,complaining,19.02419853210449
critical,4,unambiguous,long,comma,nonfinal,8,7,loudly,5.0485920906066895
critical,4,unambiguous,long,comma,nonfinal,8,8,ran,14.467228889465332
critical,4,unambiguous,long,comma,nonfinal,8,9,around,4.853301048278809
critical,4,unambiguous,long,comma,nonfinal,8,10,the,1.0926291942596436
critical,4,unambiguous,long,comma,nonfinal,8,11,room.,3.693331599235535
critical,4,unambiguous,short,comma,nonfinal,6,0,As,15.36849594116211
critical,4,unambiguous,short,comma,nonfinal,6,1,the,3.9748616218566895
critical,4,unambiguous,short,comma,nonfinal,6,2,child,9.68819808959961
critical,4,unambiguous,short,comma,nonfinal,6,3,"showered,",22.17585027217865
critical,4,unambiguous,short,comma,nonfinal,6,4,the,3.1470541954040527
critical,4,unambiguous,short,comma,nonfinal,6,5,cat,9.278883934020996
critical,4,unambiguous,short,comma,nonfinal,6,6,ran,5.513432025909424
critical,4,unambiguous,short,comma,nonfinal,6,7,around,5.29678201675415
critical,4,unambiguous,short,comma,nonfinal,6,8,the,1.322711706161499
critical,4,unambiguous,short,comma,nonfinal,6,9,room.,4.743683218955994
critical,5,ambiguous,long,comma,final,9,0,When,11.92324924468994
critical,5,ambiguous,long,comma,final,9,1,the,3.130868434906006
critical,5,ambiguous,long,comma,final,9,2,family,10.208413124084473
critical,5,ambiguous,long,comma,final,9,3,moved,6.989689826965332
critical,5,ambiguous,long,comma,final,9,4,the,8.064048767089844
critical,5,ambiguous,long,comma,final,9,5,vases,16.867763996124268
critical,5,ambiguous,long,comma,final,9,6,made,11.566936492919922
critical,5,ambiguous,long,comma,final,9,7,of,2.0409305095672607
critical,5,ambiguous,long,comma,final,9,8,porcelain,6.73085486330092
critical,5,ambiguous,long,comma,final,9,9,broke.,13.68171525001526
critical,5,ambiguous,short,comma,final,6,0,When,11.92324924468994
critical,5,ambiguous,short,comma,final,6,1,the,3.130868434906006
critical,5,ambiguous,short,comma,final,6,2,family,10.208413124084473
critical,5,ambiguous,short,comma,final,6,3,moved,6.989689826965332
critical,5,ambiguous,short,comma,final,6,4,the,8.064048767089844
critical,5,ambiguous,short,comma,final,6,5,vases,16.867763996124268
critical,5,ambiguous,short,comma,final,6,6,broke.,11.893230199813845
critical,5,unambiguous,long,comma,final,9,0,When,11.92324924468994
critical,5,unambiguous,long,comma,final,9,1,the,3.130868434906006
critical,5,unambiguous,long,comma,final,9,2,family,10.208413124084473
critical,5,unambiguous,long,comma,final,9,3,"moved,",10.543938398361206
critical,5,unambiguous,long,comma,final,9,4,the,1.9183509349823
critical,5,unambiguous,long,comma,final,9,5,vases,18.575119972229004
critical,5,unambiguous,long,comma,final,9,6,made,8.92607307434082
critical,5,unambiguous,long,comma,final,9,7,of,3.5345818996429443
critical,5,unambiguous,long,comma,final,9,8,porcelain,6.942902473267168
critical,5,unambiguous,long,comma,final,9,9,broke.,11.619563579559326
critical,5,unambiguous,short,comma,final,6,0,When,11.92324924468994
critical,5,unambiguous,short,comma,final,6,1,the,3.130868434906006
critical,5,unambiguous,short,comma,final,6,2,family,10.208413124084473
critical,5,unambiguous,short,comma,final,6,3,"moved,",10.543938398361206
critical,5,unambiguous,short,comma,final,6,4,the,1.9183509349823
critical,5,unambiguous,short,comma,final,6,5,vases,18.575119972229004
critical,5,unambiguous,short,comma,final,6,6,broke.,9.773366928100586
critical,6,ambiguous,long,comma,nonfinal,10,0,After,15.099395751953123
critical,6,ambiguous,long,comma,nonfinal,10,1,the,2.4745867252349854
critical,6,ambiguous,long,comma,nonfinal,10,2,new,8.470880508422852
critical,6,ambiguous,long,comma,nonfinal,10,3,doctor,13.683197021484377
critical,6,ambiguous,long,comma,nonfinal,10,4,left,8.496728897094727
critical,6,ambiguous,long,comma,nonfinal,10,5,the,1.7806148529052734
critical,6,ambiguous,long,comma,nonfinal,10,6,operation,9.90077018737793
critical,6,ambiguous,long,comma,nonfinal,10,7,on,8.951739311218262
critical,6,ambiguous,long,comma,nonfinal,10,8,the,2.193739175796509
critical,6,ambiguous,long,comma,nonfinal,10,9,brain,8.559488296508789
critical,6,ambiguous,long,comma,nonfinal,10,10,appeared,12.437954902648926
critical,6,ambiguous,long,comma,nonfinal,10,11,more,7.081079959869385
critical,6,ambiguous,long,comma,nonfinal,10,12,likely,8.720662117004395
critical,6,ambiguous,long,comma,nonfinal,10,13,to,1.2814303636550903
critical,6,ambiguous,long,comma,nonfinal,10,14,succeed.,7.591589212417602
critical,6,ambiguous,short,comma,nonfinal,7,0,After,15.099395751953123
critical,6,ambiguous,short,comma,nonfinal,7,1,the,2.4745867252349854
critical,6,ambiguous,short,comma,nonfinal,7,2,new,8.470880508422852
critical,6,ambiguous,short,comma,nonfinal,7,3,doctor,13.683197021484377
critical,6,ambiguous,short,comma,nonfinal,7,4,left,8.496728897094727
critical,6,ambiguous,short,comma,nonfinal,7,5,the,1.7806148529052734
critical,6,ambiguous,short,comma,nonfinal,7,6,operation,9.90077018737793
critical,6,ambiguous,short,comma,nonfinal,7,7,appeared,14.175918579101562
critical,6,ambiguous,short,comma,nonfinal,7,8,more,7.8634514808654785
critical,6,ambiguous,short,comma,nonfinal,7,9,likely,8.109206199645996
critical,6,ambiguous,short,comma,nonfinal,7,10,to,1.0929070711135864
critical,6,ambiguous,short,comma,nonfinal,7,11,succeed.,6.769684195518494
critical,6,unambiguous,long,comma,nonfinal,10,0,After,15.099395751953123
critical,6,unambiguous,long,comma,nonfinal,10,1,the,2.4745867252349854
critical,6,unambiguous,long,comma,nonfinal,10,2,new,8.470880508422852
critical,6,unambiguous,long,comma,nonfinal,10,3,doctor,13.683197021484377
critical,6,unambiguous,long,comma,nonfinal,10,4,"left,",9.59360122680664
critical,6,unambiguous,long,comma,nonfinal,10,5,the,1.8849518299102783
critical,6,unambiguous,long,comma,nonfinal,10,6,operation,11.414151191711426
critical,6,unambiguous,long,comma,nonfinal,10,7,on,6.792083263397217
critical,6,unambiguous,long,comma,nonfinal,10,8,the,0.9669070839881896
critical,6,unambiguous,long,comma,nonfinal,10,9,brain,6.53787899017334
critical,6,unambiguous,long,comma,nonfinal,10,10,appeared,8.972335815429688
critical,6,unambiguous,long,comma,nonfinal,10,11,more,5.796193599700928
critical,6,unambiguous,long,comma,nonfinal,10,12,likely,7.603776931762695
critical,6,unambiguous,long,comma,nonfinal,10,13,to,1.3861443996429443
critical,6,unambiguous,long,comma,nonfinal,10,14,succeed.,3.366460084915161
critical,6,unambiguous,short,comma,nonfinal,7,0,After,15.099395751953123
critical,6,unambiguous,short,comma,nonfinal,7,1,the,2.4745867252349854
critical,6,unambiguous,short,comma,nonfinal,7,2,new,8.470880508422852
critical,6,unambiguous,short,comma,nonfinal,7,3,doctor,13.683197021484377
critical,6,unambiguous,short,comma,nonfinal,7,4,"left,",9.59360122680664
critical,6,unambiguous,short,comma,nonfinal,7,5,the,1.8849518299102783
critical,6,unambiguous,short,comma,nonfinal,7,6,operation,11.414151191711426
critical,6,unambiguous,short,comma,nonfinal,7,7,appeared,9.824979782104492
critical,6,unambiguous,short,comma,nonfinal,7,8,more,6.502799987792969
critical,6,unambiguous,short,comma,nonfinal,7,9,likely,6.938220500946045
critical,6,unambiguous,short,comma,nonfinal,7,10,to,0.6279155611991882
critical,6,unambiguous,short,comma,nonfinal,7,11,succeed.,4.00327455997467
critical,7,ambiguous,long,comma,final,8,0,While,12.691100120544434
critical,7,ambiguous,long,comma,final,8,1,the,2.5171186923980717
critical,7,ambiguous,long,comma,final,8,2,mom,15.848727226257324
critical,7,ambiguous,long,comma,final,8,3,dressed,13.29209041595459
critical,7,ambiguous,long,comma,final,8,4,the,4.076171875
critical,7,ambiguous,long,comma,final,8,5,baby,2.250497579574585
critical,7,ambiguous,long,comma,final,8,6,she,8.970305442810059
critical,7,ambiguous,long,comma,final,8,7,adored,12.172333121299744
critical,7,ambiguous,long,comma,final,8,8,cried.,17.125818967819214
critical,7,ambiguous,short,comma,final,6,0,While,12.691100120544434
critical,7,ambiguous,short,comma,final,6,1,the,2.5171186923980717
critical,7,ambiguous,short,comma,final,6,2,mom,15.848727226257324
critical,7,ambiguous,short,comma,final,6,3,dressed,13.29209041595459
critical,7,ambiguous,short,comma,final,6,4,the,4.076171875
critical,7,ambiguous,short,comma,final,6,5,baby,2.250497579574585
critical,7,ambiguous,short,comma,final,6,6,cried.,19.512128353118896
critical,7,unambiguous,long,comma,final,8,0,While,12.691100120544434
critical,7,unambiguous,long,comma,final,8,1,the,2.5171186923980717
critical,7,unambiguous,long,comma,final,8,2,mom,15.848727226257324
critical,7,unambiguous,long,comma,final,8,3,"dressed,",18.78884029388428
critical,7,unambiguous,long,comma,final,8,4,the,2.6302530765533447
critical,7,unambiguous,long,comma,final,8,5,baby,3.875944137573242
critical,7,unambiguous,long,comma,final,8,6,she,14.066577911376951
critical,7,unambiguous,long,comma,final,8,7,adored,9.327660322189333
critical,7,unambiguous,long,comma,final,8,8,cried.,9.274868726730348
critical,7,unambiguous,short,comma,final,6,0,While,12.691100120544434
critical,7,unambiguous,short,comma,final,6,1,the,2.5171186923980717
critical,7,unambiguous,short,comma,final,6,2,mom,15.848727226257324
critical,7,unambiguous,short,comma,final,6,3,"dressed,",18.78884029388428
critical,7,unambiguous,short,comma,final,6,4,the,2.6302530765533447
critical,7,unambiguous,short,comma,final,6,5,baby,3.875944137573242
critical,7,unambiguous,short,comma,final,6,6,cried.,7.302032709121704
critical,8,ambiguous,long,comma,nonfinal,9,0,As,15.36849594116211
critical,8,ambiguous,long,comma,nonfinal,9,1,the,3.9748616218566895
critical,8,ambiguous,long,comma,nonfinal,9,2,crowd,11.092259407043455
critical,8,ambiguous,long,comma,nonfinal,9,3,applauded,7.81811386346817
critical,8,ambiguous,long,comma,nonfinal,9,4,the,4.039780139923096
critical,8,ambiguous,long,comma,nonfinal,9,5,cast,10.043851852416992
critical,8,ambiguous,long,comma,nonfinal,9,6,for,5.928976535797119
critical,8,ambiguous,long,comma,nonfinal,9,7,the,3.683223009109497
critical,8,ambiguous,long,comma,nonfinal,9,8,play,6.46397876739502
critical,8,ambiguous,long,comma,nonfinal,9,9,came,11.782118797302246
critical,8,ambiguous,long,comma,nonfinal,9,10,back,4.3692827224731445
critical,8,ambiguous,long,comma,nonfinal,9,11,on,2.6154654026031494
critical,8,ambiguous,long,comma,nonfinal,9,12,stage,0.6364734172821045
critical,8,ambiguous,long,comma,nonfinal,9,13,and,1.8112249374389648
critical,8,ambiguous,long,comma,nonfinal,9,14,waived.,23.462621688842773
critical,8,ambiguous,short,comma,nonfinal,6,0,As,15.36849594116211
critical,8,ambiguous,short,comma,nonfinal,6,1,the,3.9748616218566895
critical,8,ambiguous,short,comma,nonfinal,6,2,crowd,11.092259407043455
critical,8,ambiguous,short,comma,nonfinal,6,3,applauded,7.81811386346817
critical,8,ambiguous,short,comma,nonfinal,6,4,the,4.039780139923096
critical,8,ambiguous,short,comma,nonfinal,6,5,cast,10.043851852416992
critical,8,ambiguous,short,comma,nonfinal,6,6,came,9.761096954345703
critical,8,ambiguous,short,comma,nonfinal,6,7,back,3.132816791534424
critical,8,ambiguous,short,comma,nonfinal,6,8,on,1.701981544494629
critical,8,ambiguous,short,comma,nonfinal,6,9,stage,0.4755361676216125
critical,8,ambiguous,short,comma,nonfinal,6,10,and,1.9147062301635744
critical,8,ambiguous,short,comma,nonfinal,6,11,waived.,22.66914939880371
critical,8,unambiguous,long,comma,nonfinal,9,0,As,15.36849594116211
critical,8,unambiguous,long,comma,nonfinal,9,1,the,3.9748616218566895
critical,8,unambiguous,long,comma,nonfinal,9,2,crowd,11.092259407043455
critical,8,unambiguous,long,comma,nonfinal,9,3,"applauded,",8.700007855892181
critical,8,unambiguous,long,comma,nonfinal,9,4,the,2.66880202293396
critical,8,unambiguous,long,comma,nonfinal,9,5,cast,10.836459159851074
critical,8,unambiguous,long,comma,nonfinal,9,6,for,11.553611755371094
critical,8,unambiguous,long,comma,nonfinal,9,7,the,1.0858407020568848
critical,8,unambiguous,long,comma,nonfinal,9,8,play,6.198480129241943
critical,8,unambiguous,long,comma,nonfinal,9,9,came,5.170476913452148
critical,8,unambiguous,long,comma,nonfinal,9,10,back,5.114819049835205
critical,8,unambiguous,long,comma,nonfinal,9,11,on,1.6547895669937134
critical,8,unambiguous,long,comma,nonfinal,9,12,stage,0.577856183052063
critical,8,unambiguous,long,comma,nonfinal,9,13,and,2.031035184860229
critical,8,unambiguous,long,comma,nonfinal,9,14,waived.,22.97598361968994
critical,8,unambiguous,short,comma,nonfinal,6,0,As,15.36849594116211
critical,8,unambiguous,short,comma,nonfinal,6,1,the,3.9748616218566895
critical,8,unambiguous,short,comma,nonfinal,6,2,crowd,11.092259407043455
critical,8,unambiguous,short,comma,nonfinal,6,3,"applauded,",8.700007855892181
critical,8,unambiguous,short,comma,nonfinal,6,4,the,2.66880202293396
critical,8,unambiguous,short,comma,nonfinal,6,5,cast,10.836459159851074
critical,8,unambiguous,short,comma,nonfinal,6,6,came,6.0656561851501465
critical,8,unambiguous,short,comma,nonfinal,6,7,back,3.84735369682312
critical,8,unambiguous,short,comma,nonfinal,6,8,on,1.846177339553833
critical,8,unambiguous,short,comma,nonfinal,6,9,stage,0.6019805669784546
critical,8,unambiguous,short,comma,nonfinal,6,10,and,1.9442046880722048
critical,8,unambiguous,short,comma,nonfinal,6,11,waived.,22.17469549179077
critical,9,ambiguous,long,object,nonfinal,8,0,Because,17.015836715698242
critical,9,ambiguous,long,object,nonfinal,8,1,the,2.982682704925537
critical,9,ambiguous,long,object,nonfinal,8,2,mechanic,16.29768943786621
critical,9,ambiguous,long,object,nonfinal,8,3,stopped,13.324832916259766
critical,9,ambiguous,long,object,nonfinal,8,4,the,4.28700065612793
critical,9,ambiguous,long,object,nonfinal,8,5,truck,6.280176162719727
critical,9,ambiguous,long,object,nonfinal,8,6,leaking,14.03338623046875
critical,9,ambiguous,long,object,nonfinal,8,7,oil,3.504911422729492
critical,9,ambiguous,long,object,nonfinal,8,8,needed,16.114322662353516
critical,9,ambiguous,long,object,nonfinal,8,9,several,10.450937271118164
critical,9,ambiguous,long,object,nonfinal,8,10,more,5.706966400146484
critical,9,ambiguous,long,object,nonfinal,8,11,hours,3.8419768810272217
critical,9,ambiguous,long,object,nonfinal,8,12,before,4.816269397735596
critical,9,ambiguous,long,object,nonfinal,8,13,it,2.109927177429199
critical,9,ambiguous,long,object,nonfinal,8,14,was,2.053219795227051
critical,9,ambiguous,long,object,nonfinal,8,15,ready.,7.736288547515869
critical,9,ambiguous,short,object,nonfinal,6,0,Because,17.015836715698242
critical,9,ambiguous,short,object,nonfinal,6,1,the,2.982682704925537
critical,9,ambiguous,short,object,nonfinal,6,2,mechanic,16.29768943786621
critical,9,ambiguous,short,object,nonfinal,6,3,stopped,13.324832916259766
critical,9,ambiguous,short,object,nonfinal,6,4,the,4.28700065612793
critical,9,ambiguous,short,object,nonfinal,6,5,truck,6.280176162719727
critical,9,ambiguous,short,object,nonfinal,6,6,needed,15.614124298095703
critical,9,ambiguous,short,object,nonfinal,6,7,several,8.818854331970215
critical,9,ambiguous,short,object,nonfinal,6,8,more,5.8305253982543945
critical,9,ambiguous,short,object,nonfinal,6,9,hours,4.776292324066162
critical,9,ambiguous,short,object,nonfinal,6,10,before,5.368100166320801
critical,9,ambiguous,short,object,nonfinal,6,11,it,2.2911570072174072
critical,9,ambiguous,short,object,nonfinal,6,12,was,2.781801462173462
critical,9,ambiguous,short,object,nonfinal,6,13,ready.,5.485346555709839
critical,9,unambiguous,long,object,nonfinal,10,0,Because,17.015836715698242
critical,9,unambiguous,long,object,nonfinal,10,1,the,2.982682704925537
critical,9,unambiguous,long,object,nonfinal,10,2,mechanic,16.29768943786621
critical,9,unambiguous,long,object,nonfinal,10,3,stopped,13.324832916259766
critical,9,unambiguous,long,object,nonfinal,10,4,the,4.28700065612793
critical,9,unambiguous,long,object,nonfinal,10,5,repairs,12.93195915222168
critical,9,unambiguous,long,object,nonfinal,10,6,the,7.291802883148193
critical,9,unambiguous,long,object,nonfinal,10,7,truck,9.05808925628662
critical,9,unambiguous,long,object,nonfinal,10,8,leaking,17.5900936126709
critical,9,unambiguous,long,object,nonfinal,10,9,oil,3.752653121948242
critical,9,unambiguous,long,object,nonfinal,10,10,needed,11.41603183746338
critical,9,unambiguous,long,object,nonfinal,10,11,several,8.774653434753418
critical,9,unambiguous,long,object,nonfinal,10,12,more,3.988600969314575
critical,9,unambiguous,long,object,nonfinal,10,13,hours,3.048553466796875
critical,9,unambiguous,long,object,nonfinal,10,14,before,4.87039852142334
critical,9,unambiguous,long,object,nonfinal,10,15,it,1.9505268335342407
critical,9,unambiguous,long,object,nonfinal,10,16,was,2.052347421646118
critical,9,unambiguous,long,object,nonfinal,10,17,ready.,6.814973592758179
critical,9,unambiguous,short,object,nonfinal,8,0,Because,17.015836715698242
critical,9,unambiguous,short,object,nonfinal,8,1,the,2.982682704925537
critical,9,unambiguous,short,object,nonfinal,8,2,mechanic,16.29768943786621
critical,9,unambiguous,short,object,nonfinal,8,3,stopped,13.324832916259766
critical,9,unambiguous,short,object,nonfinal,8,4,the,4.28700065612793
critical,9,unambiguous,short,object,nonfinal,8,5,repairs,12.93195915222168
critical,9,unambiguous,short,object,nonfinal,8,6,the,7.291802883148193
critical,9,unambiguous,short,object,nonfinal,8,7,truck,9.05808925628662
critical,9,unambiguous,short,object,nonfinal,8,8,needed,3.9498581886291504
critical,9,unambiguous,short,object,nonfinal,8,9,several,9.73806095123291
critical,9,unambiguous,short,object,nonfinal,8,10,more,5.558252334594727
critical,9,unambiguous,short,object,nonfinal,8,11,hours,3.096597194671631
critical,9,unambiguous,short,object,nonfinal,8,12,before,4.626521587371826
critical,9,unambiguous,short,object,nonfinal,8,13,it,1.9779092073440552
critical,9,unambiguous,short,object,nonfinal,8,14,was,2.499791145324707
critical,9,unambiguous,short,object,nonfinal,8,15,ready.,5.150511741638184
critical,10,ambiguous,long,comma,nonfinal,8,0,When,11.92324924468994
critical,10,ambiguous,long,comma,nonfinal,8,1,the,3.130868434906006
critical,10,ambiguous,long,comma,nonfinal,8,2,boy,10.805359840393066
critical,10,ambiguous,long,comma,nonfinal,8,3,hid,13.29624843597412
critical,10,ambiguous,long,comma,nonfinal,8,4,his,2.796243906021118
critical,10,ambiguous,long,comma,nonfinal,8,5,toy,7.241208553314209
critical,10,ambiguous,long,comma,nonfinal,8,6,from,4.953969955444336
critical,10,ambiguous,long,comma,nonfinal,8,7,childhood,16.816749572753906
critical,10,ambiguous,long,comma,nonfinal,8,8,fell,15.199224472045898
critical,10,ambiguous,long,comma,nonfinal,8,9,off,7.012244701385498
critical,10,ambiguous,long,comma,nonfinal,8,10,the,1.71515953540802
critical,10,ambiguous,long,comma,nonfinal,8,11,table.,6.9367992877960205
critical,10,ambiguous,short,comma,nonfinal,6,0,When,11.92324924468994
critical,10,ambiguous,short,comma,nonfinal,6,1,the,3.130868434906006
critical,10,ambiguous,short,comma,nonfinal,6,2,boy,10.805359840393066
critical,10,ambiguous,short,comma,nonfinal,6,3,hid,13.29624843597412
critical,10,ambiguous,short,comma,nonfinal,6,4,his,2.796243906021118
critical,10,ambiguous,short,comma,nonfinal,6,5,toy,7.241208553314209
critical,10,ambiguous,short,comma,nonfinal,6,6,fell,16.856050491333008
critical,10,ambiguous,short,comma,nonfinal,6,7,off,5.220057487487793
critical,10,ambiguous,short,comma,nonfinal,6,8,the,1.6421233415603638
critical,10,ambiguous,short,comma,nonfinal,6,9,table.,5.721362113952637
critical,10,unambiguous,long,comma,nonfinal,8,0,When,11.92324924468994
critical,10,unambiguous,long,comma,nonfinal,8,1,the,3.130868434906006
critical,10,unambiguous,long,comma,nonfinal,8,2,boy,10.805359840393066
critical,10,unambiguous,long,comma,nonfinal,8,3,"hid,",18.553161144256592
critical,10,unambiguous,long,comma,nonfinal,8,4,his,3.805274248123169
critical,10,unambiguous,long,comma,nonfinal,8,5,toy,13.476978302001951
critical,10,unambiguous,long,comma,nonfinal,8,6,from,10.258155822753906
critical,10,unambiguous,long,comma,nonfinal,8,7,childhood,16.289609909057617
critical,10,unambiguous,long,comma,nonfinal,8,8,fell,7.235769748687744
critical,10,unambiguous,long,comma,nonfinal,8,9,off,5.287583351135254
critical,10,unambiguous,long,comma,nonfinal,8,10,the,1.7281339168548584
critical,10,unambiguous,long,comma,nonfinal,8,11,table.,4.585959911346436
critical,10,unambiguous,short,comma,nonfinal,6,0,When,11.92324924468994
critical,10,unambiguous,short,comma,nonfinal,6,1,the,3.130868434906006
critical,10,unambiguous,short,comma,nonfinal,6,2,boy,10.805359840393066
critical,10,unambiguous,short,comma,nonfinal,6,3,"hid,",18.553161144256592
critical,10,unambiguous,short,comma,nonfinal,6,4,his,3.805274248123169
critical,10,unambiguous,short,comma,nonfinal,6,5,toy,13.476978302001951
critical,10,unambiguous,short,comma,nonfinal,6,6,fell,8.84485149383545
critical,10,unambiguous,short,comma,nonfinal,6,7,off,4.398344993591309
critical,10,unambiguous,short,comma,nonfinal,6,8,the,1.509231686592102
critical,10,unambiguous,short,comma,nonfinal,6,9,table.,4.714794158935547
critical,11,ambiguous,long,comma,final,12,0,Whenever,16.66979217529297
critical,11,ambiguous,long,comma,final,12,1,the,3.420922040939331
critical,11,ambiguous,long,comma,final,12,2,wildlife,16.597999572753906
critical,11,ambiguous,long,comma,final,12,3,documentary,13.15610408782959
critical,11,ambiguous,long,comma,final,12,4,crew,8.309773445129395
critical,11,ambiguous,long,comma,final,12,5,tries,7.768801689147949
critical,11,ambiguous,long,comma,final,12,6,to,0.098090648651123
critical,11,ambiguous,long,comma,final,12,7,film,3.4142820835113525
critical,11,ambiguous,long,comma,final,12,8,the,2.6603569984436035
critical,11,ambiguous,long,comma,final,12,9,bear,6.730389595031738
critical,11,ambiguous,long,comma,final,12,10,hunting,8.552870750427246
critical,11,ambiguous,long,comma,final,12,11,cautiously,20.84258079528809
critical,11,ambiguous,long,comma,final,12,12,leaves.,19.67368984222412
critical,11,ambiguous,short,comma,final,10,0,Whenever,16.66979217529297
critical,11,ambiguous,short,comma,final,10,1,the,3.420922040939331
critical,11,ambiguous,short,comma,final,10,2,wildlife,16.597999572753906
critical,11,ambiguous,short,comma,final,10,3,documentary,13.15610408782959
critical,11,ambiguous,short,comma,final,10,4,crew,8.309773445129395
critical,11,ambiguous,short,comma,final,10,5,tries,7.768801689147949
critical,11,ambiguous,short,comma,final,10,6,to,0.098090648651123
critical,11,ambiguous,short,comma,final,10,7,film,3.4142820835113525
critical,11,ambiguous,short,comma,final,10,8,the,2.6603569984436035
critical,11,ambiguous,short,comma,final,10,9,bear,6.730389595031738
critical,11,ambiguous,short,comma,final,10,10,leaves.,22.636950492858887
critical,11,unambiguous,long,comma,final,12,0,Whenever,16.66979217529297
critical,11,unambiguous,long,comma,final,12,1,the,3.420922040939331
critical,11,unambiguous,long,comma,final,12,2,wildlife,16.597999572753906
critical,11,unambiguous,long,comma,final,12,3,documentary,13.15610408782959
critical,11,unambiguous,long,comma,final,12,4,crew,8.309773445129395
critical,11,unambiguous,long,comma,final,12,5,tries,7.768801689147949
critical,11,unambiguous,long,comma,final,12,6,to,0.098090648651123
critical,11,unambiguous,long,comma,final,12,7,"film,",8.993008375167847
critical,11,unambiguous,long,comma,final,12,8,the,2.4939382076263428
critical,11,unambiguous,long,comma,final,12,9,bear,7.323660850524902
critical,11,unambiguous,long,comma,final,12,10,hunting,12.31028652191162
critical,11,unambiguous,long,comma,final,12,11,cautiously,21.13998031616211
critical,11,unambiguous,long,comma,final,12,12,leaves.,11.934450149536133
critical,11,unambiguous,short,comma,final,10,0,Whenever,16.66979217529297
critical,11,unambiguous,short,comma,final,10,1,the,3.420922040939331
critical,11,unambiguous,short,comma,final,10,2,wildlife,16.597999572753906
critical,11,unambiguous,short,comma,final,10,3,documentary,13.15610408782959
critical,11,unambiguous,short,comma,final,10,4,crew,8.309773445129395
critical,11,unambiguous,short,comma,final,10,5,tries,7.768801689147949
critical,11,unambiguous,short,comma,final,10,6,to,0.098090648651123
critical,11,unambiguous,short,comma,final,10,7,"film,",8.993008375167847
critical,11,unambiguous,short,comma,final,10,8,the,2.4939382076263428
critical,11,unambiguous,short,comma,final,10,9,bear,7.323660850524902
critical,11,unambiguous,short,comma,final,10,10,leaves.,12.401684045791626
critical,12,ambiguous,long,object,nonfinal,9,0,After,15.099395751953123
critical,12,ambiguous,long,object,nonfinal,9,1,the,2.4745867252349854
critical,12,ambiguous,long,object,nonfinal,9,2,tutor,16.634469985961914
critical,12,ambiguous,long,object,nonfinal,9,3,explained,8.66802978515625
critical,12,ambiguous,long,object,nonfinal,9,4,the,1.047875165939331
critical,12,ambiguous,long,object,nonfinal,9,5,problem,5.3238301277160645
critical,12,ambiguous,long,object,nonfinal,9,6,for,8.312654495239258
critical,12,ambiguous,long,object,nonfinal,9,7,extra,16.157808303833008
critical,12,ambiguous,long,object,nonfinal,9,8,credit,2.2272770404815674
critical,12,ambiguous,long,object,nonfinal,9,9,was,9.17836856842041
critical,12,ambiguous,long,object,nonfinal,9,10,no,8.414690017700195
critical,12,ambiguous,long,object,nonfinal,9,11,longer,2.279993295669556
critical,12,ambiguous,long,object,nonfinal,9,12,difficult,10.440529823303224
critical,12,ambiguous,long,object,nonfinal,9,13,for,4.125518321990967
critical,12,ambiguous,long,object,nonfinal,9,14,the,1.5885528326034546
critical,12,ambiguous,long,object,nonfinal,9,15,student.,3.6961493492126474
critical,12,ambiguous,short,object,nonfinal,6,0,After,15.099395751953123
critical,12,ambiguous,short,object,nonfinal,6,1,the,2.4745867252349854
critical,12,ambiguous,short,object,nonfinal,6,2,tutor,16.634469985961914
critical,12,ambiguous,short,object,nonfinal,6,3,explained,8.66802978515625
critical,12,ambiguous,short,object,nonfinal,6,4,the,1.047875165939331
critical,12,ambiguous,short,object,nonfinal,6,5,problem,5.3238301277160645
critical,12,ambiguous,short,object,nonfinal,6,6,was,9.272173881530762
critical,12,ambiguous,short,object,nonfinal,6,7,no,8.677567481994629
critical,12,ambiguous,short,object,nonfinal,6,8,longer,0.7275444269180298
critical,12,ambiguous,short,object,nonfinal,6,9,difficult,8.138625144958496
critical,12,ambiguous,short,object,nonfinal,6,10,for,3.840733051300049
critical,12,ambiguous,short,object,nonfinal,6,11,the,1.162894368171692
critical,12,ambiguous,short,object,nonfinal,6,12,student.,4.047264933586121
critical,12,unambiguous,long,object,nonfinal,11,0,After,15.099395751953123
critical,12,unambiguous,long,object,nonfinal,11,1,the,2.4745867252349854
critical,12,unambiguous,long,object,nonfinal,11,2,tutor,16.634469985961914
critical,12,unambiguous,long,object,nonfinal,11,3,explained,8.66802978515625
critical,12,unambiguous,long,object,nonfinal,11,4,the,1.047875165939331
critical,12,unambiguous,long,object,nonfinal,11,5,concepts,6.448118209838867
critical,12,unambiguous,long,object,nonfinal,11,6,the,7.743648052215576
critical,12,unambiguous,long,object,nonfinal,11,7,problem,9.8861722946167
critical,12,unambiguous,long,object,nonfinal,11,8,for,9.65768814086914
critical,12,unambiguous,long,object,nonfinal,11,9,extra,15.377728462219238
critical,12,unambiguous,long,object,nonfinal,11,10,credit,2.035059690475464
critical,12,unambiguous,long,object,nonfinal,11,11,was,1.8139381408691408
critical,12,unambiguous,long,object,nonfinal,11,12,no,9.378437042236328
critical,12,unambiguous,long,object,nonfinal,11,13,longer,0.4927646815776825
critical,12,unambiguous,long,object,nonfinal,11,14,difficult,6.85296630859375
critical,12,unambiguous,long,object,nonfinal,11,15,for,4.661725997924805
critical,12,unambiguous,long,object,nonfinal,11,16,the,1.3140355348587036
critical,12,unambiguous,long,object,nonfinal,11,17,student.,2.2491753697395325
critical,12,unambiguous,short,object,nonfinal,8,0,After,15.099395751953123
critical,12,unambiguous,short,object,nonfinal,8,1,the,2.4745867252349854
critical,12,unambiguous,short,object,nonfinal,8,2,tutor,16.634469985961914
critical,12,unambiguous,short,object,nonfinal,8,3,explained,8.66802978515625
critical,12,unambiguous,short,object,nonfinal,8,4,the,1.047875165939331
critical,12,unambiguous,short,object,nonfinal,8,5,concepts,6.448118209838867
critical,12,unambiguous,short,object,nonfinal,8,6,the,7.743648052215576
critical,12,unambiguous,short,object,nonfinal,8,7,problem,9.8861722946167
critical,12,unambiguous,short,object,nonfinal,8,8,was,1.7678632736206057
critical,12,unambiguous,short,object,nonfinal,8,9,no,8.667677879333496
critical,12,unambiguous,short,object,nonfinal,8,10,longer,0.1884489506483078
critical,12,unambiguous,short,object,nonfinal,8,11,difficult,4.713412761688232
critical,12,unambiguous,short,object,nonfinal,8,12,for,3.923826932907105
critical,12,unambiguous,short,object,nonfinal,8,13,the,1.0602606534957886
critical,12,unambiguous,short,object,nonfinal,8,14,student.,2.0944597721099854
critical,13,ambiguous,long,object,final,11,0,When,11.92324924468994
critical,13,ambiguous,long,object,final,11,1,the,3.130868434906006
critical,13,ambiguous,long,object,final,11,2,original,9.214495658874512
critical,13,ambiguous,long,object,final,11,3,members,13.95206069946289
critical,13,ambiguous,long,object,final,11,4,left,6.650906085968018
critical,13,ambiguous,long,object,final,11,5,the,1.608879804611206
critical,13,ambiguous,long,object,final,11,6,company,3.7038073539733887
critical,13,ambiguous,long,object,final,11,7,that,8.87707805633545
critical,13,ambiguous,long,object,final,11,8,was,3.930519104003906
critical,13,ambiguous,long,object,final,11,9,recently,9.528698921203612
critical,13,ambiguous,long,object,final,11,10,acquired,2.279017686843872
critical,13,ambiguous,long,object,final,11,11,failed.,19.30022025108337
critical,13,ambiguous,short,object,final,7,0,When,11.92324924468994
critical,13,ambiguous,short,object,final,7,1,the,3.130868434906006
critical,13,ambiguous,short,object,final,7,2,original,9.214495658874512
critical,13,ambiguous,short,object,final,7,3,members,13.95206069946289
critical,13,ambiguous,short,object,final,7,4,left,6.650906085968018
critical,13,ambiguous,short,object,final,7,5,the,1.608879804611206
critical,13,ambiguous,short,object,final,7,6,company,3.7038073539733887
critical,13,ambiguous,short,object,final,7,7,failed.,19.714188814163208
critical,13,unambiguous,long,object,final,14,0,When,11.92324924468994
critical,13,unambiguous,long,object,final,14,1,the,3.130868434906006
critical,13,unambiguous,long,object,final,14,2,original,9.214495658874512
critical,13,unambiguous,long,object,final,14,3,members,13.95206069946289
critical,13,unambiguous,long,object,final,14,4,left,6.650906085968018
critical,13,unambiguous,long,object,final,14,5,the,1.608879804611206
critical,13,unambiguous,long,object,final,14,6,engineering,16.55913543701172
critical,13,unambiguous,long,object,final,14,7,team,2.397087335586548
critical,13,unambiguous,long,object,final,14,8,the,6.947497844696045
critical,13,unambiguous,long,object,final,14,9,company,3.743974208831787
critical,13,unambiguous,long,object,final,14,10,that,8.014765739440918
critical,13,unambiguous,long,object,final,14,11,was,3.824793815612793
critical,13,unambiguous,long,object,final,14,12,recently,11.329656600952148
critical,13,unambiguous,long,object,final,14,13,acquired,1.9568709135055544
critical,13,unambiguous,long,object,final,14,14,failed.,12.95397663116455
critical,13,unambiguous,short,object,final,10,0,When,11.92324924468994
critical,13,unambiguous,short,object,final,10,1,the,3.130868434906006
critical,13,unambiguous,short,object,final,10,2,original,9.214495658874512
critical,13,unambiguous,short,object,final,10,3,members,13.95206069946289
critical,13,unambiguous,short,object,final,10,4,left,6.650906085968018
critical,13,unambiguous,short,object,final,10,5,the,1.608879804611206
critical,13,unambiguous,short,object,final,10,6,engineering,16.55913543701172
critical,13,unambiguous,short,object,final,10,7,team,2.397087335586548
critical,13,unambiguous,short,object,final,10,8,the,6.947497844696045
critical,13,unambiguous,short,object,final,10,9,company,3.743974208831787
critical,13,unambiguous,short,object,final,10,10,failed.,10.337241411209106
critical,14,ambiguous,long,object,nonfinal,9,0,Because,17.015836715698242
critical,14,ambiguous,long,object,nonfinal,9,1,the,2.982682704925537
critical,14,ambiguous,long,object,nonfinal,9,2,student,11.316851615905762
critical,14,ambiguous,long,object,nonfinal,9,3,left,10.360546112060549
critical,14,ambiguous,long,object,nonfinal,9,4,the,2.192129373550415
critical,14,ambiguous,long,object,nonfinal,9,5,backpack,14.789543151855469
critical,14,ambiguous,long,object,nonfinal,9,6,he,10.232608795166016
critical,14,ambiguous,long,object,nonfinal,9,7,just,8.674652099609375
critical,14,ambiguous,long,object,nonfinal,9,8,bought,5.849234580993652
critical,14,ambiguous,long,object,nonfinal,9,9,was,10.57305145263672
critical,14,ambiguous,long,object,nonfinal,9,10,put,9.242916107177734
critical,14,ambiguous,long,object,nonfinal,9,11,in,1.410794377326965
critical,14,ambiguous,long,object,nonfinal,9,12,lost,16.689542770385742
critical,14,ambiguous,long,object,nonfinal,9,13,and,1.8009803295135498
critical,14,ambiguous,long,object,nonfinal,9,14,found.,1.8607422411441803
critical,14,ambiguous,short,object,nonfinal,6,0,Because,17.015836715698242
critical,14,ambiguous,short,object,nonfinal,6,1,the,2.982682704925537
critical,14,ambiguous,short,object,nonfinal,6,2,student,11.316851615905762
critical,14,ambiguous,short,object,nonfinal,6,3,left,10.360546112060549
critical,14,ambiguous,short,object,nonfinal,6,4,the,2.192129373550415
critical,14,ambiguous,short,object,nonfinal,6,5,backpack,14.789543151855469
critical,14,ambiguous,short,object,nonfinal,6,6,was,10.895193099975586
critical,14,ambiguous,short,object,nonfinal,6,7,put,8.388497352600098
critical,14,ambiguous,short,object,nonfinal,6,8,in,1.5775761604309082
critical,14,ambiguous,short,object,nonfinal,6,9,lost,17.373760223388672
critical,14,ambiguous,short,object,nonfinal,6,10,and,3.1270766258239746
critical,14,ambiguous,short,object,nonfinal,6,11,found.,2.110785663127899
critical,14,unambiguous,long,object,nonfinal,11,0,Because,17.015836715698242
critical,14,unambiguous,long,object,nonfinal,11,1,the,2.982682704925537
critical,14,unambiguous,long,object,nonfinal,11,2,student,11.316851615905762
critical,14,unambiguous,long,object,nonfinal,11,3,left,10.360546112060549
critical,14,unambiguous,long,object,nonfinal,11,4,the,2.192129373550415
critical,14,unambiguous,long,object,nonfinal,11,5,room,3.6028521060943604
critical,14,unambiguous,long,object,nonfinal,11,6,the,7.266108989715576
critical,14,unambiguous,long,object,nonfinal,11,7,backpack,16.116334915161133
critical,14,unambiguous,long,object,nonfinal,11,8,he,9.63668441772461
critical,14,unambiguous,long,object,nonfinal,11,9,just,8.393783569335938
critical,14,unambiguous,long,object,nonfinal,11,10,bought,5.8236918449401855
critical,14,unambiguous,long,object,nonfinal,11,11,was,2.69517183303833
critical,14,unambiguous,long,object,nonfinal,11,12,put,8.228917121887207
critical,14,unambiguous,long,object,nonfinal,11,13,in,1.682639718055725
critical,14,unambiguous,long,object,nonfinal,11,14,lost,18.10296440124512
critical,14,unambiguous,long,object,nonfinal,11,15,and,2.8121776580810547
critical,14,unambiguous,long,object,nonfinal,11,16,found.,2.529086112976074
critical,14,unambiguous,short,object,nonfinal,8,0,Because,17.015836715698242
critical,14,unambiguous,short,object,nonfinal,8,1,the,2.982682704925537
critical,14,unambiguous,short,object,nonfinal,8,2,student,11.316851615905762
critical,14,unambiguous,short,object,nonfinal,8,3,left,10.360546112060549
critical,14,unambiguous,short,object,nonfinal,8,4,the,2.192129373550415
critical,14,unambiguous,short,object,nonfinal,8,5,room,3.6028521060943604
critical,14,unambiguous,short,object,nonfinal,8,6,the,7.266108989715576
critical,14,unambiguous,short,object,nonfinal,8,7,backpack,16.116334915161133
critical,14,unambiguous,short,object,nonfinal,8,8,was,1.864393711090088
critical,14,unambiguous,short,object,nonfinal,8,9,put,6.760727405548096
critical,14,unambiguous,short,object,nonfinal,8,10,in,1.8514304161071775
critical,14,unambiguous,short,object,nonfinal,8,11,lost,17.936321258544922
critical,14,unambiguous,short,object,nonfinal,8,12,and,3.4389665126800537
critical,14,unambiguous,short,object,nonfinal,8,13,found.,2.7060108184814453
critical,15,ambiguous,long,object,nonfinal,11,0,Once,17.615434646606445
critical,15,ambiguous,long,object,nonfinal,11,1,the,2.46807074546814
critical,15,ambiguous,long,object,nonfinal,11,2,new,7.488123416900635
critical,15,ambiguous,long,object,nonfinal,11,3,assistant,13.322128295898438
critical,15,ambiguous,long,object,nonfinal,11,4,started,8.872827529907227
critical,15,ambiguous,long,object,nonfinal,11,5,the,5.732939720153809
critical,15,ambiguous,long,object,nonfinal,11,6,job,5.472723007202148
critical,15,ambiguous,long,object,nonfinal,11,7,as,7.422905921936035
critical,15,ambiguous,long,object,nonfinal,11,8,an,3.1037323474884038
critical,15,ambiguous,long,object,nonfinal,11,9,executive,8.606502532958984
critical,15,ambiguous,long,object,nonfinal,11,10,manager,7.9465532302856445
critical,15,ambiguous,long,object,nonfinal,11,11,became,11.750810623168944
critical,15,ambiguous,long,object,nonfinal,11,12,much,6.838005542755127
critical,15,ambiguous,long,object,nonfinal,11,13,easier,2.805584669113159
critical,15,ambiguous,long,object,nonfinal,11,14,for,3.952043056488037
critical,15,ambiguous,long,object,nonfinal,11,15,her,3.175255060195923
critical,15,ambiguous,long,object,nonfinal,11,16,boss.,12.628347635269163
critical,15,ambiguous,short,object,nonfinal,7,0,Once,17.615434646606445
critical,15,ambiguous,short,object,nonfinal,7,1,the,2.46807074546814
critical,15,ambiguous,short,object,nonfinal,7,2,new,7.488123416900635
critical,15,ambiguous,short,object,nonfinal,7,3,assistant,13.322128295898438
critical,15,ambiguous,short,object,nonfinal,7,4,started,8.872827529907227
critical,15,ambiguous,short,object,nonfinal,7,5,the,5.732939720153809
critical,15,ambiguous,short,object,nonfinal,7,6,job,5.472723007202148
critical,15,ambiguous,short,object,nonfinal,7,7,became,11.51849365234375
critical,15,ambiguous,short,object,nonfinal,7,8,much,4.7750115394592285
critical,15,ambiguous,short,object,nonfinal,7,9,easier,1.0182280540466309
critical,15,ambiguous,short,object,nonfinal,7,10,for,3.918122529983521
critical,15,ambiguous,short,object,nonfinal,7,11,her,4.027730464935303
critical,15,ambiguous,short,object,nonfinal,7,12,boss.,13.298767924308777
critical,15,unambiguous,long,object,nonfinal,12,0,Once,17.615434646606445
critical,15,unambiguous,long,object,nonfinal,12,1,the,2.46807074546814
critical,15,unambiguous,long,object,nonfinal,12,2,new,7.488123416900635
critical,15,unambiguous,long,object,nonfinal,12,3,assistant,13.322128295898438
critical,15,unambiguous,long,object,nonfinal,12,4,started,8.872827529907227
critical,15,unambiguous,long,object,nonfinal,12,5,work,8.664213180541992
critical,15,unambiguous,long,object,nonfinal,12,6,the,6.249918460845947
critical,15,unambiguous,long,object,nonfinal,12,7,job,8.693023681640625
critical,15,unambiguous,long,object,nonfinal,12,8,as,10.045002937316896
critical,15,unambiguous,long,object,nonfinal,12,9,an,3.56508469581604
critical,15,unambiguous,long,object,nonfinal,12,10,executive,8.669119834899902
critical,15,unambiguous,long,object,nonfinal,12,11,manager,8.412583351135254
critical,15,unambiguous,long,object,nonfinal,12,12,became,6.50665283203125
critical,15,unambiguous,long,object,nonfinal,12,13,much,4.751111507415772
critical,15,unambiguous,long,object,nonfinal,12,14,easier,1.2689403295516968
critical,15,unambiguous,long,object,nonfinal,12,15,for,3.870702028274536
critical,15,unambiguous,long,object,nonfinal,12,16,her,2.864919900894165
critical,15,unambiguous,long,object,nonfinal,12,17,boss.,12.931158423423769
critical,15,unambiguous,short,object,nonfinal,8,0,Once,17.615434646606445
critical,15,unambiguous,short,object,nonfinal,8,1,the,2.46807074546814
critical,15,unambiguous,short,object,nonfinal,8,2,new,7.488123416900635
critical,15,unambiguous,short,object,nonfinal,8,3,assistant,13.322128295898438
critical,15,unambiguous,short,object,nonfinal,8,4,started,8.872827529907227
critical,15,unambiguous,short,object,nonfinal,8,5,work,8.664213180541992
critical,15,unambiguous,short,object,nonfinal,8,6,the,6.249918460845947
critical,15,unambiguous,short,object,nonfinal,8,7,job,8.693023681640625
critical,15,unambiguous,short,object,nonfinal,8,8,became,5.001637935638428
critical,15,unambiguous,short,object,nonfinal,8,9,much,4.921180248260498
critical,15,unambiguous,short,object,nonfinal,8,10,easier,0.9155778288841248
critical,15,unambiguous,short,object,nonfinal,8,11,for,3.616500616073608
critical,15,unambiguous,short,object,nonfinal,8,12,her,3.284890651702881
critical,15,unambiguous,short,object,nonfinal,8,13,boss.,13.698454022407532
critical,16,ambiguous,long,object,nonfinal,10,0,When,11.92324924468994
critical,16,ambiguous,long,object,nonfinal,10,1,the,3.130868434906006
critical,16,ambiguous,long,object,nonfinal,10,2,magician,14.106171131134031
critical,16,ambiguous,long,object,nonfinal,10,3,tried,10.046886444091797
critical,16,ambiguous,long,object,nonfinal,10,4,to,0.2126255929470062
critical,16,ambiguous,long,object,nonfinal,10,5,juggle,11.816630362067372
critical,16,ambiguous,long,object,nonfinal,10,6,the,2.3076095581054688
critical,16,ambiguous,long,object,nonfinal,10,7,torches,12.544191300868988
critical,16,ambiguous,long,object,nonfinal,10,8,burning,15.645380020141602
critical,16,ambiguous,long,object,nonfinal,10,9,dangerously,12.148701780010017
critical,16,ambiguous,long,object,nonfinal,10,10,fell,24.25956916809082
critical,16,ambiguous,long,object,nonfinal,10,11,down.,8.273380994796753
critical,16,ambiguous,short,object,nonfinal,8,0,When,11.92324924468994
critical,16,ambiguous,short,object,nonfinal,8,1,the,3.130868434906006
critical,16,ambiguous,short,object,nonfinal,8,2,magician,14.106171131134031
critical,16,ambiguous,short,object,nonfinal,8,3,tried,10.046886444091797
critical,16,ambiguous,short,object,nonfinal,8,4,to,0.2126255929470062
critical,16,ambiguous,short,object,nonfinal,8,5,juggle,11.816630362067372
critical,16,ambiguous,short,object,nonfinal,8,6,the,2.3076095581054688
critical,16,ambiguous,short,object,nonfinal,8,7,torches,12.544191300868988
critical,16,ambiguous,short,object,nonfinal,8,8,fell,16.627559661865234
critical,16,ambiguous,short,object,nonfinal,8,9,down.,7.757343769073486
critical,16,unambiguous,long,object,nonfinal,12,0,When,11.92324924468994
critical,16,unambiguous,long,object,nonfinal,12,1,the,3.130868434906006
critical,16,unambiguous,long,object,nonfinal,12,2,magician,14.106171131134031
critical,16,unambiguous,long,object,nonfinal,12,3,tried,10.046886444091797
critical,16,unambiguous,long,object,nonfinal,12,4,to,0.2126255929470062
critical,16,unambiguous,long,object,nonfinal,12,5,juggle,11.816630362067372
critical,16,unambiguous,long,object,nonfinal,12,6,more,7.686613082885742
critical,16,unambiguous,long,object,nonfinal,12,7,items,7.805022716522217
critical,16,unambiguous,long,object,nonfinal,12,8,the,7.72249698638916
critical,16,unambiguous,long,object,nonfinal,12,9,torches,18.73063945770264
critical,16,unambiguous,long,object,nonfinal,12,10,burning,10.778820991516112
critical,16,unambiguous,long,object,nonfinal,12,11,dangerously,8.473839461337775
critical,16,unambiguous,long,object,nonfinal,12,12,fell,12.421975135803224
critical,16,unambiguous,long,object,nonfinal,12,13,down.,5.839380502700806
critical,16,unambiguous,short,object,nonfinal,10,0,When,11.92324924468994
critical,16,unambiguous,short,object,nonfinal,10,1,the,3.130868434906006
critical,16,unambiguous,short,object,nonfinal,10,2,magician,14.106171131134031
critical,16,unambiguous,short,object,nonfinal,10,3,tried,10.046886444091797
critical,16,unambiguous,short,object,nonfinal,10,4,to,0.2126255929470062
critical,16,unambiguous,short,object,nonfinal,10,5,juggle,11.816630362067372
critical,16,unambiguous,short,object,nonfinal,10,6,more,7.686613082885742
critical,16,unambiguous,short,object,nonfinal,10,7,items,7.805022716522217
critical,16,unambiguous,short,object,nonfinal,10,8,the,7.72249698638916
critical,16,unambiguous,short,object,nonfinal,10,9,torches,18.73063945770264
critical,16,unambiguous,short,object,nonfinal,10,10,fell,5.066295146942139
critical,16,unambiguous,short,object,nonfinal,10,11,down.,6.17011570930481
critical,17,ambiguous,long,comma,nonfinal,10,0,When,11.92324924468994
critical,17,ambiguous,long,comma,nonfinal,10,1,the,3.130868434906006
critical,17,ambiguous,long,comma,nonfinal,10,2,marathon,16.008291244506836
critical,17,ambiguous,long,comma,nonfinal,10,3,runner,3.953570127487183
critical,17,ambiguous,long,comma,nonfinal,10,4,finally,8.97816276550293
critical,17,ambiguous,long,comma,nonfinal,10,5,stopped,6.72477912902832
critical,17,ambiguous,long,comma,nonfinal,10,6,his,5.510272026062012
critical,17,ambiguous,long,comma,nonfinal,10,7,friend,11.514817237854004
critical,17,ambiguous,long,comma,nonfinal,10,8,sweating,16.5687198638916
critical,17,ambiguous,long,comma,nonfinal,10,9,profusely,4.6120077858213335
critical,17,ambiguous,long,comma,nonfinal,10,10,collapsed,19.88859367370605
critical,17,ambiguous,long,comma,nonfinal,10,11,from,4.719568729400635
critical,17,ambiguous,long,comma,nonfinal,10,12,exhaustion.,3.5901846885681152
critical,17,ambiguous,short,comma,nonfinal,8,0,When,11.92324924468994
critical,17,ambiguous,short,comma,nonfinal,8,1,the,3.130868434906006
critical,17,ambiguous,short,comma,nonfinal,8,2,marathon,16.008291244506836
critical,17,ambiguous,short,comma,nonfinal,8,3,runner,3.953570127487183
critical,17,ambiguous,short,comma,nonfinal,8,4,finally,8.97816276550293
critical,17,ambiguous,short,comma,nonfinal,8,5,stopped,6.72477912902832
critical,17,ambiguous,short,comma,nonfinal,8,6,his,5.510272026062012
critical,17,ambiguous,short,comma,nonfinal,8,7,friend,11.514817237854004
critical,17,ambiguous,short,comma,nonfinal,8,8,collapsed,17.241838455200195
critical,17,ambiguous,short,comma,nonfinal,8,9,from,4.281586647033691
critical,17,ambiguous,short,comma,nonfinal,8,10,exhaustion.,3.320813059806824
critical,17,unambiguous,long,comma,nonfinal,10,0,When,11.92324924468994
critical,17,unambiguous,long,comma,nonfinal,10,1,the,3.130868434906006
critical,17,unambiguous,long,comma,nonfinal,10,2,marathon,16.008291244506836
critical,17,unambiguous,long,comma,nonfinal,10,3,runner,3.953570127487183
critical,17,unambiguous,long,comma,nonfinal,10,4,finally,8.97816276550293
critical,17,unambiguous,long,comma,nonfinal,10,5,"stopped,",9.203046321868896
critical,17,unambiguous,long,comma,nonfinal,10,6,his,4.405038356781006
critical,17,unambiguous,long,comma,nonfinal,10,7,friend,6.151811122894287
critical,17,unambiguous,long,comma,nonfinal,10,8,sweating,20.849336624145508
critical,17,unambiguous,long,comma,nonfinal,10,9,profusely,3.260807678074343
critical,17,unambiguous,long,comma,nonfinal,10,10,collapsed,9.896842956542969
critical,17,unambiguous,long,comma,nonfinal,10,11,from,4.521627426147461
critical,17,unambiguous,long,comma,nonfinal,10,12,exhaustion.,3.897790014743805
critical,17,unambiguous,short,comma,nonfinal,8,0,When,11.92324924468994
critical,17,unambiguous,short,comma,nonfinal,8,1,the,3.130868434906006
critical,17,unambiguous,short,comma,nonfinal,8,2,marathon,16.008291244506836
critical,17,unambiguous,short,comma,nonfinal,8,3,runner,3.953570127487183
critical,17,unambiguous,short,comma,nonfinal,8,4,finally,8.97816276550293
critical,17,unambiguous,short,comma,nonfinal,8,5,"stopped,",9.203046321868896
critical,17,unambiguous,short,comma,nonfinal,8,6,his,4.405038356781006
critical,17,unambiguous,short,comma,nonfinal,8,7,friend,6.151811122894287
critical,17,unambiguous,short,comma,nonfinal,8,8,collapsed,9.329900741577148
critical,17,unambiguous,short,comma,nonfinal,8,9,from,4.368075847625732
critical,17,unambiguous,short,comma,nonfinal,8,10,exhaustion.,3.079986333847046
critical,18,ambiguous,long,comma,nonfinal,9,0,While,12.691100120544434
critical,18,ambiguous,long,comma,nonfinal,9,1,the,2.5171186923980717
critical,18,ambiguous,long,comma,nonfinal,9,2,martial,16.445911407470703
critical,18,ambiguous,long,comma,nonfinal,9,3,artists,3.857891321182251
critical,18,ambiguous,long,comma,nonfinal,9,4,fought,8.981341361999512
critical,18,ambiguous,long,comma,nonfinal,9,5,the,4.613121032714844
critical,18,ambiguous,long,comma,nonfinal,9,6,spectator,16.85023808479309
critical,18,ambiguous,long,comma,nonfinal,9,7,cheering,11.88214111328125
critical,18,ambiguous,long,comma,nonfinal,9,8,enthusiastically,10.801628007786348
critical,18,ambiguous,long,comma,nonfinal,9,9,supported,13.326430320739746
critical,18,ambiguous,long,comma,nonfinal,9,10,the,2.658854484558105
critical,18,ambiguous,long,comma,nonfinal,9,11,underdog.,12.06158383190632
critical,18,ambiguous,short,comma,nonfinal,7,0,While,12.691100120544434
critical,18,ambiguous,short,comma,nonfinal,7,1,the,2.5171186923980717
critical,18,ambiguous,short,comma,nonfinal,7,2,martial,16.445911407470703
critical,18,ambiguous,short,comma,nonfinal,7,3,artists,3.857891321182251
critical,18,ambiguous,short,comma,nonfinal,7,4,fought,8.981341361999512
critical,18,ambiguous,short,comma,nonfinal,7,5,the,4.613121032714844
critical,18,ambiguous,short,comma,nonfinal,7,6,spectator,16.85023808479309
critical,18,ambiguous,short,comma,nonfinal,7,7,supported,14.36351490020752
critical,18,ambiguous,short,comma,nonfinal,7,8,the,2.695294141769409
critical,18,ambiguous,short,comma,nonfinal,7,9,underdog.,13.429644882678986
critical,18,unambiguous,long,comma,nonfinal,9,0,While,12.691100120544434
critical,18,unambiguous,long,comma,nonfinal,9,1,the,2.5171186923980717
critical,18,unambiguous,long,comma,nonfinal,9,2,martial,16.445911407470703
critical,18,unambiguous,long,comma,nonfinal,9,3,artists,3.857891321182251
critical,18,unambiguous,long,comma,nonfinal,9,4,"fought,",11.630837202072144
critical,18,unambiguous,long,comma,nonfinal,9,5,the,1.9439446926116943
critical,18,unambiguous,long,comma,nonfinal,9,6,spectator,12.758448660373688
critical,18,unambiguous,long,comma,nonfinal,9,7,cheering,12.373801231384276
critical,18,unambiguous,long,comma,nonfinal,9,8,enthusiastically,9.150995894626249
critical,18,unambiguous,long,comma,nonfinal,9,9,supported,8.53559398651123
critical,18,unambiguous,long,comma,nonfinal,9,10,the,1.3037371635437012
critical,18,unambiguous,long,comma,nonfinal,9,11,underdog.,11.168829649686812
critical,18,unambiguous,short,comma,nonfinal,7,0,While,12.691100120544434
critical,18,unambiguous,short,comma,nonfinal,7,1,the,2.5171186923980717
critical,18,unambiguous,short,comma,nonfinal,7,2,martial,16.445911407470703
critical,18,unambiguous,short,comma,nonfinal,7,3,artists,3.857891321182251
critical,18,unambiguous,short,comma,nonfinal,7,4,"fought,",11.630837202072144
critical,18,unambiguous,short,comma,nonfinal,7,5,the,1.9439446926116943
critical,18,unambiguous,short,comma,nonfinal,7,6,spectator,12.758448660373688
critical,18,unambiguous,short,comma,nonfinal,7,7,supported,12.024198532104492
critical,18,unambiguous,short,comma,nonfinal,7,8,the,1.9341952800750728
critical,18,unambiguous,short,comma,nonfinal,7,9,underdog.,11.50252053141594
critical,19,ambiguous,long,object,final,9,0,When,11.92324924468994
critical,19,ambiguous,long,object,final,9,1,the,3.130868434906006
critical,19,ambiguous,long,object,final,9,2,band,10.6801118850708
critical,19,ambiguous,long,object,final,9,3,left,9.389644622802734
critical,19,ambiguous,long,object,final,9,4,the,1.829266667366028
critical,19,ambiguous,long,object,final,9,5,venue,8.233414649963379
critical,19,ambiguous,long,object,final,9,6,with,6.974867820739746
critical,19,ambiguous,long,object,final,9,7,live,13.658501625061035
critical,19,ambiguous,long,object,final,9,8,music,2.3753926753997803
critical,19,ambiguous,long,object,final,9,9,closed.,19.83948230743408
critical,19,ambiguous,short,object,final,6,0,When,11.92324924468994
critical,19,ambiguous,short,object,final,6,1,the,3.130868434906006
critical,19,ambiguous,short,object,final,6,2,band,10.6801118850708
critical,19,ambiguous,short,object,final,6,3,left,9.389644622802734
critical,19,ambiguous,short,object,final,6,4,the,1.829266667366028
critical,19,ambiguous,short,object,final,6,5,venue,8.233414649963379
critical,19,ambiguous,short,object,final,6,6,closed.,21.327746391296387
critical,19,unambiguous,long,object,final,11,0,When,11.92324924468994
critical,19,unambiguous,long,object,final,11,1,the,3.130868434906006
critical,19,unambiguous,long,object,final,11,2,band,10.6801118850708
critical,19,unambiguous,long,object,final,11,3,left,9.389644622802734
critical,19,unambiguous,long,object,final,11,4,the,1.829266667366028
critical,19,unambiguous,long,object,final,11,5,stage,3.769843101501465
critical,19,unambiguous,long,object,final,11,6,the,5.105226516723633
critical,19,unambiguous,long,object,final,11,7,venue,8.806492805480957
critical,19,unambiguous,long,object,final,11,8,with,11.648932456970217
critical,19,unambiguous,long,object,final,11,9,live,12.750584602355955
critical,19,unambiguous,long,object,final,11,10,music,1.895702838897705
critical,19,unambiguous,long,object,final,11,11,closed.,17.154776573181152
critical,19,unambiguous,short,object,final,8,0,When,11.92324924468994
critical,19,unambiguous,short,object,final,8,1,the,3.130868434906006
critical,19,unambiguous,short,object,final,8,2,band,10.6801118850708
critical,19,unambiguous,short,object,final,8,3,left,9.389644622802734
critical,19,unambiguous,short,object,final,8,4,the,1.829266667366028
critical,19,unambiguous,short,object,final,8,5,stage,3.769843101501465
critical,19,unambiguous,short,object,final,8,6,the,5.105226516723633
critical,19,unambiguous,short,object,final,8,7,venue,8.806492805480957
critical,19,unambiguous,short,object,final,8,8,closed.,8.470958471298218
critical,20,ambiguous,long,comma,nonfinal,9,0,After,15.099395751953123
critical,20,ambiguous,long,comma,nonfinal,9,1,the,2.4745867252349854
critical,20,ambiguous,long,comma,nonfinal,9,2,customer,12.33694553375244
critical,20,ambiguous,long,comma,nonfinal,9,3,emailed,15.487128257751465
critical,20,ambiguous,long,comma,nonfinal,9,4,the,2.418477773666382
critical,20,ambiguous,long,comma,nonfinal,9,5,company,4.106622219085693
critical,20,ambiguous,long,comma,nonfinal,9,6,providing,10.585770606994627
critical,20,ambiguous,long,comma,nonfinal,9,7,phone,11.52196216583252
critical,20,ambiguous,long,comma,nonfinal,9,8,service,4.429084300994873
critical,20,ambiguous,long,comma,nonfinal,9,9,responded,13.636041641235352
critical,20,ambiguous,long,comma,nonfinal,9,10,quickly.,8.073171138763428
critical,20,ambiguous,short,comma,nonfinal,6,0,After,15.099395751953123
critical,20,ambiguous,short,comma,nonfinal,6,1,the,2.4745867252349854
critical,20,ambiguous,short,comma,nonfinal,6,2,customer,12.33694553375244
critical,20,ambiguous,short,comma,nonfinal,6,3,emailed,15.487128257751465
critical,20,ambiguous,short,comma,nonfinal,6,4,the,2.418477773666382
critical,20,ambiguous,short,comma,nonfinal,6,5,company,4.106622219085693
critical,20,ambiguous,short,comma,nonfinal,6,6,responded,16.57741355895996
critical,20,ambiguous,short,comma,nonfinal,6,7,quickly.,7.655632972717285
critical,20,unambiguous,long,comma,nonfinal,9,0,After,15.099395751953123
critical,20,unambiguous,long,comma,nonfinal,9,1,the,2.4745867252349854
critical,20,unambiguous,long,comma,nonfinal,9,2,customer,12.33694553375244
critical,20,unambiguous,long,comma,nonfinal,9,3,"emailed,",20.658949375152588
critical,20,unambiguous,long,comma,nonfinal,9,4,the,2.1751017570495605
critical,20,unambiguous,long,comma,nonfinal,9,5,company,5.248309135437012
critical,20,unambiguous,long,comma,nonfinal,9,6,providing,14.02578067779541
critical,20,unambiguous,long,comma,nonfinal,9,7,phone,9.988203048706056
critical,20,unambiguous,long,comma,nonfinal,9,8,service,2.8866984844207764
critical,20,unambiguous,long,comma,nonfinal,9,9,responded,4.333731651306152
critical,20,unambiguous,long,comma,nonfinal,9,10,quickly.,8.632403373718262
critical,20,unambiguous,short,comma,nonfinal,6,0,After,15.099395751953123
critical,20,unambiguous,short,comma,nonfinal,6,1,the,2.4745867252349854
critical,20,unambiguous,short,comma,nonfinal,6,2,customer,12.33694553375244
critical,20,unambiguous,short,comma,nonfinal,6,3,"emailed,",20.658949375152588
critical,20,unambiguous,short,comma,nonfinal,6,4,the,2.1751017570495605
critical,20,unambiguous,short,comma,nonfinal,6,5,company,5.248309135437012
critical,20,unambiguous,short,comma,nonfinal,6,6,responded,4.695846080780029
critical,20,unambiguous,short,comma,nonfinal,6,7,quickly.,8.64048957824707
critical,21,ambiguous,long,object,nonfinal,10,0,As,15.36849594116211
critical,21,ambiguous,long,object,nonfinal,10,1,the,3.9748616218566895
critical,21,ambiguous,long,object,nonfinal,10,2,detective,15.416025161743164
critical,21,ambiguous,long,object,nonfinal,10,3,investigated,8.122781753540039
critical,21,ambiguous,long,object,nonfinal,10,4,the,1.775800704956055
critical,21,ambiguous,long,object,nonfinal,10,5,case,2.89780855178833
critical,21,ambiguous,long,object,nonfinal,10,6,about,12.768760681152344
critical,21,ambiguous,long,object,nonfinal,10,7,the,1.977829337120056
critical,21,ambiguous,long,object,nonfinal,10,8,bank,10.257420539855955
critical,21,ambiguous,long,object,nonfinal,10,9,robbery,1.0054187774658203
critical,21,ambiguous,long,object,nonfinal,10,10,became,14.601923942565918
critical,21,ambiguous,long,object,nonfinal,10,11,more,2.6089038848876958
critical,21,ambiguous,long,object,nonfinal,10,12,complex.,8.223439931869507
critical,21,ambiguous,short,object,nonfinal,6,0,As,15.36849594116211
critical,21,ambiguous,short,object,nonfinal,6,1,the,3.9748616218566895
critical,21,ambiguous,short,object,nonfinal,6,2,detective,15.416025161743164
critical,21,ambiguous,short,object,nonfinal,6,3,investigated,8.122781753540039
critical,21,ambiguous,short,object,nonfinal,6,4,the,1.775800704956055
critical,21,ambiguous,short,object,nonfinal,6,5,case,2.89780855178833
critical,21,ambiguous,short,object,nonfinal,6,6,became,12.713116645812988
critical,21,ambiguous,short,object,nonfinal,6,7,more,1.295351266860962
critical,21,ambiguous,short,object,nonfinal,6,8,complex.,5.223839402198792
critical,21,unambiguous,long,object,nonfinal,12,0,As,15.36849594116211
critical,21,unambiguous,long,object,nonfinal,12,1,the,3.9748616218566895
critical,21,unambiguous,long,object,nonfinal,12,2,detective,15.416025161743164
critical,21,unambiguous,long,object,nonfinal,12,3,investigated,8.122781753540039
critical,21,unambiguous,long,object,nonfinal,12,4,the,1.775800704956055
critical,21,unambiguous,long,object,nonfinal,12,5,suspects,9.311664581298828
critical,21,unambiguous,long,object,nonfinal,12,6,the,6.832509994506836
critical,21,unambiguous,long,object,nonfinal,12,7,case,8.951313018798828
critical,21,unambiguous,long,object,nonfinal,12,8,about,13.93690013885498
critical,21,unambiguous,long,object,nonfinal,12,9,the,2.7002224922180176
critical,21,unambiguous,long,object,nonfinal,12,10,bank,9.55897617340088
critical,21,unambiguous,long,object,nonfinal,12,11,robbery,0.656533420085907
critical,21,unambiguous,long,object,nonfinal,12,12,became,4.926496505737305
critical,21,unambiguous,long,object,nonfinal,12,13,more,2.094264268875122
critical,21,unambiguous,long,object,nonfinal,12,14,complex.,4.6788170337677
critical,21,unambiguous,short,object,nonfinal,8,0,As,15.36849594116211
critical,21,unambiguous,short,object,nonfinal,8,1,the,3.9748616218566895
critical,21,unambiguous,short,object,nonfinal,8,2,detective,15.416025161743164
critical,21,unambiguous,short,object,nonfinal,8,3,investigated,8.122781753540039
critical,21,unambiguous,short,object,nonfinal,8,4,the,1.775800704956055
critical,21,unambiguous,short,object,nonfinal,8,5,suspects,9.311664581298828
critical,21,unambiguous,short,object,nonfinal,8,6,the,6.832509994506836
critical,21,unambiguous,short,object,nonfinal,8,7,case,8.951313018798828
critical,21,unambiguous,short,object,nonfinal,8,8,became,3.3975226879119877
critical,21,unambiguous,short,object,nonfinal,8,9,more,1.4598603248596191
critical,21,unambiguous,short,object,nonfinal,8,10,complex.,4.047376394271851
critical,22,ambiguous,long,object,nonfinal,8,0,Although,12.290504455566406
critical,22,ambiguous,long,object,nonfinal,8,1,the,2.254329204559326
critical,22,ambiguous,long,object,nonfinal,8,2,team,10.847404479980469
critical,22,ambiguous,long,object,nonfinal,8,3,lost,10.037538528442385
critical,22,ambiguous,long,object,nonfinal,8,4,the,2.2458126544952397
critical,22,ambiguous,long,object,nonfinal,8,5,championship,6.049137592315674
critical,22,ambiguous,long,object,nonfinal,8,6,in,3.189601182937622
critical,22,ambiguous,long,object,nonfinal,8,7,basketball,14.041062355041504
critical,22,ambiguous,long,object,nonfinal,8,8,was,13.951748847961426
critical,22,ambiguous,long,object,nonfinal,8,9,still,4.076700210571289
critical,22,ambiguous,long,object,nonfinal,8,10,a,3.7865145206451416
critical,22,ambiguous,long,object,nonfinal,8,11,great,3.297402620315552
critical,22,ambiguous,long,object,nonfinal,8,12,experience,3.643807411193848
critical,22,ambiguous,long,object,nonfinal,8,13,for,1.7588294744491575
critical,22,ambiguous,long,object,nonfinal,8,14,the,2.4733829498291016
critical,22,ambiguous,long,object,nonfinal,8,15,players.,4.367905259132385
critical,22,ambiguous,short,object,nonfinal,6,0,Although,12.290504455566406
critical,22,ambiguous,short,object,nonfinal,6,1,the,2.254329204559326
critical,22,ambiguous,short,object,nonfinal,6,2,team,10.847404479980469
critical,22,ambiguous,short,object,nonfinal,6,3,lost,10.037538528442385
critical,22,ambiguous,short,object,nonfinal,6,4,the,2.2458126544952397
critical,22,ambiguous,short,object,nonfinal,6,5,championship,6.049137592315674
critical,22,ambiguous,short,object,nonfinal,6,6,was,13.037208557128906
critical,22,ambiguous,short,object,nonfinal,6,7,still,3.6195261478424072
critical,22,ambiguous,short,object,nonfinal,6,8,a,3.6799333095550537
critical,22,ambiguous,short,object,nonfinal,6,9,great,2.6496691703796387
critical,22,ambiguous,short,object,nonfinal,6,10,experience,3.952702045440674
critical,22,ambiguous,short,object,nonfinal,6,11,for,1.365443229675293
critical,22,ambiguous,short,object,nonfinal,6,12,the,2.330301523208618
critical,22,ambiguous,short,object,nonfinal,6,13,players.,4.439759731292725
critical,22,unambiguous,long,object,nonfinal,11,0,Although,12.290504455566406
critical,22,unambiguous,long,object,nonfinal,11,1,the,2.254329204559326
critical,22,unambiguous,long,object,nonfinal,11,2,team,10.847404479980469
critical,22,unambiguous,long,object,nonfinal,11,3,lost,10.037538528442385
critical,22,unambiguous,long,object,nonfinal,11,4,the,2.2458126544952397
critical,22,unambiguous,long,object,nonfinal,11,5,final,5.299331665039063
critical,22,unambiguous,long,object,nonfinal,11,6,game,1.6475937366485596
critical,22,unambiguous,long,object,nonfinal,11,7,the,8.708484649658203
critical,22,unambiguous,long,object,nonfinal,11,8,championship,8.640874862670898
critical,22,unambiguous,long,object,nonfinal,11,9,in,5.292423248291016
critical,22,unambiguous,long,object,nonfinal,11,10,basketball,12.383933067321776
critical,22,unambiguous,long,object,nonfinal,11,11,was,6.090907096862793
critical,22,unambiguous,long,object,nonfinal,11,12,still,4.348899364471436
critical,22,unambiguous,long,object,nonfinal,11,13,a,2.70947790145874
critical,22,unambiguous,long,object,nonfinal,11,14,great,2.9447929859161377
critical,22,unambiguous,long,object,nonfinal,11,15,experience,2.5269837379455566
critical,22,unambiguous,long,object,nonfinal,11,16,for,1.3395990133285522
critical,22,unambiguous,long,object,nonfinal,11,17,the,1.751804232597351
critical,22,unambiguous,long,object,nonfinal,11,18,players.,4.41890561580658
critical,22,unambiguous,short,object,nonfinal,9,0,Although,12.290504455566406
critical,22,unambiguous,short,object,nonfinal,9,1,the,2.254329204559326
critical,22,unambiguous,short,object,nonfinal,9,2,team,10.847404479980469
critical,22,unambiguous,short,object,nonfinal,9,3,lost,10.037538528442385
critical,22,unambiguous,short,object,nonfinal,9,4,the,2.2458126544952397
critical,22,unambiguous,short,object,nonfinal,9,5,final,5.299331665039063
critical,22,unambiguous,short,object,nonfinal,9,6,game,1.6475937366485596
critical,22,unambiguous,short,object,nonfinal,9,7,the,8.708484649658203
critical,22,unambiguous,short,object,nonfinal,9,8,championship,8.640874862670898
critical,22,unambiguous,short,object,nonfinal,9,9,was,3.577925682067871
critical,22,unambiguous,short,object,nonfinal,9,10,still,3.314225435256958
critical,22,unambiguous,short,object,nonfinal,9,11,a,2.794698715209961
critical,22,unambiguous,short,object,nonfinal,9,12,great,2.552272081375122
critical,22,unambiguous,short,object,nonfinal,9,13,experience,2.5988008975982666
critical,22,unambiguous,short,object,nonfinal,9,14,for,1.127133011817932
critical,22,unambiguous,short,object,nonfinal,9,15,the,1.6646682024002075
critical,22,unambiguous,short,object,nonfinal,9,16,players.,4.506111979484558
critical,23,ambiguous,long,comma,nonfinal,12,0,After,15.099395751953123
critical,23,ambiguous,long,comma,nonfinal,12,1,the,2.4745867252349854
critical,23,ambiguous,long,comma,nonfinal,12,2,director,14.637943267822266
critical,23,ambiguous,long,comma,nonfinal,12,3,finished,8.119003295898438
critical,23,ambiguous,long,comma,nonfinal,12,4,filming,4.381564617156982
critical,23,ambiguous,long,comma,nonfinal,12,5,the,2.098587274551392
critical,23,ambiguous,long,comma,nonfinal,12,6,actors,8.437788963317871
critical,23,ambiguous,long,comma,nonfinal,12,7,exhausted,16.447229385375977
critical,23,ambiguous,long,comma,nonfinal,12,8,from,4.184241771697998
critical,23,ambiguous,long,comma,nonfinal,12,9,the,1.7205694913864136
critical,23,ambiguous,long,comma,nonfinal,12,10,long,3.484323024749756
critical,23,ambiguous,long,comma,nonfinal,12,11,day,0.9917290210723876
critical,23,ambiguous,long,comma,nonfinal,12,12,left,13.114900588989258
critical,23,ambiguous,long,comma,nonfinal,12,13,to,3.457748413085937
critical,23,ambiguous,long,comma,nonfinal,12,14,go,4.467315196990967
critical,23,ambiguous,long,comma,nonfinal,12,15,home.,2.510041356086731
critical,23,ambiguous,short,comma,nonfinal,7,0,After,15.099395751953123
critical,23,ambiguous,short,comma,nonfinal,7,1,the,2.4745867252349854
critical,23,ambiguous,short,comma,nonfinal,7,2,director,14.637943267822266
critical,23,ambiguous,short,comma,nonfinal,7,3,finished,8.119003295898438
critical,23,ambiguous,short,comma,nonfinal,7,4,filming,4.381564617156982
critical,23,ambiguous,short,comma,nonfinal,7,5,the,2.098587274551392
critical,23,ambiguous,short,comma,nonfinal,7,6,actors,8.437788963317871
critical,23,ambiguous,short,comma,nonfinal,7,7,left,7.796797752380371
critical,23,ambiguous,short,comma,nonfinal,7,8,to,3.9035823345184326
critical,23,ambiguous,short,comma,nonfinal,7,9,go,2.53928542137146
critical,23,ambiguous,short,comma,nonfinal,7,10,home.,3.313547134399414
critical,23,unambiguous,long,comma,nonfinal,12,0,After,15.099395751953123
critical,23,unambiguous,long,comma,nonfinal,12,1,the,2.4745867252349854
critical,23,unambiguous,long,comma,nonfinal,12,2,director,14.637943267822266
critical,23,unambiguous,long,comma,nonfinal,12,3,finished,8.119003295898438
critical,23,unambiguous,long,comma,nonfinal,12,4,"filming,",5.527368068695068
critical,23,unambiguous,long,comma,nonfinal,12,5,the,1.981655597686768
critical,23,unambiguous,long,comma,nonfinal,12,6,actors,4.046138286590576
critical,23,unambiguous,long,comma,nonfinal,12,7,exhausted,15.745597839355469
critical,23,unambiguous,long,comma,nonfinal,12,8,from,4.578003406524658
critical,23,unambiguous,long,comma,nonfinal,12,9,the,1.6649268865585327
critical,23,unambiguous,long,comma,nonfinal,12,10,long,2.6813745498657227
critical,23,unambiguous,long,comma,nonfinal,12,11,day,1.2149817943572998
critical,23,unambiguous,long,comma,nonfinal,12,12,left,9.352890014648438
critical,23,unambiguous,long,comma,nonfinal,12,13,to,4.114781379699707
critical,23,unambiguous,long,comma,nonfinal,12,14,go,2.566546678543091
critical,23,unambiguous,long,comma,nonfinal,12,15,home.,1.487738013267517
critical,23,unambiguous,short,comma,nonfinal,7,0,After,15.099395751953123
critical,23,unambiguous,short,comma,nonfinal,7,1,the,2.4745867252349854
critical,23,unambiguous,short,comma,nonfinal,7,2,director,14.637943267822266
critical,23,unambiguous,short,comma,nonfinal,7,3,finished,8.119003295898438
critical,23,unambiguous,short,comma,nonfinal,7,4,"filming,",5.527368068695068
critical,23,unambiguous,short,comma,nonfinal,7,5,the,1.981655597686768
critical,23,unambiguous,short,comma,nonfinal,7,6,actors,4.046138286590576
critical,23,unambiguous,short,comma,nonfinal,7,7,left,7.308745384216309
critical,23,unambiguous,short,comma,nonfinal,7,8,to,3.957202434539795
critical,23,unambiguous,short,comma,nonfinal,7,9,go,2.7005650997161865
critical,23,unambiguous,short,comma,nonfinal,7,10,home.,3.069694995880127
critical,24,ambiguous,long,object,final,8,0,As,15.36849594116211
critical,24,ambiguous,long,object,final,8,1,the,3.9748616218566895
critical,24,ambiguous,long,object,final,8,2,doctor,12.783778190612791
critical,24,ambiguous,long,object,final,8,3,lectured,14.693915762007236
critical,24,ambiguous,long,object,final,8,4,the,4.102973461151123
critical,24,ambiguous,long,object,final,8,5,student,6.292840957641602
critical,24,ambiguous,long,object,final,8,6,watching,15.235846519470217
critical,24,ambiguous,long,object,final,8,7,quietly,10.220743179321287
critical,24,ambiguous,long,object,final,8,8,listened.,14.362778902053831
critical,24,ambiguous,short,object,final,6,0,As,15.36849594116211
critical,24,ambiguous,short,object,final,6,1,the,3.9748616218566895
critical,24,ambiguous,short,object,final,6,2,doctor,12.783778190612791
critical,24,ambiguous,short,object,final,6,3,lectured,14.693915762007236
critical,24,ambiguous,short,object,final,6,4,the,4.102973461151123
critical,24,ambiguous,short,object,final,6,5,student,6.292840957641602
critical,24,ambiguous,short,object,final,6,6,listened.,20.283443927764893
critical,24,unambiguous,long,object,final,10,0,As,15.36849594116211
critical,24,unambiguous,long,object,final,10,1,the,3.9748616218566895
critical,24,unambiguous,long,object,final,10,2,doctor,12.783778190612791
critical,24,unambiguous,long,object,final,10,3,lectured,14.693915762007236
critical,24,unambiguous,long,object,final,10,4,the,4.102973461151123
critical,24,unambiguous,long,object,final,10,5,nurse,7.456584453582764
critical,24,unambiguous,long,object,final,10,6,the,7.300923347473144
critical,24,unambiguous,long,object,final,10,7,student,8.623368263244629
critical,24,unambiguous,long,object,final,10,8,watching,14.482012748718262
critical,24,unambiguous,long,object,final,10,9,quietly,7.67242956161499
critical,24,unambiguous,long,object,final,10,10,listened.,7.631823539733887
critical,24,unambiguous,short,object,final,8,0,As,15.36849594116211
critical,24,unambiguous,short,object,final,8,1,the,3.9748616218566895
critical,24,unambiguous,short,object,final,8,2,doctor,12.783778190612791
critical,24,unambiguous,short,object,final,8,3,lectured,14.693915762007236
critical,24,unambiguous,short,object,final,8,4,the,4.102973461151123
critical,24,unambiguous,short,object,final,8,5,nurse,7.456584453582764
critical,24,unambiguous,short,object,final,8,6,the,7.300923347473144
critical,24,unambiguous,short,object,final,8,7,student,8.623368263244629
critical,24,unambiguous,short,object,final,8,8,listened.,10.119398832321169
critical,25,ambiguous,long,object,nonfinal,9,0,After,15.099395751953123
critical,25,ambiguous,long,object,nonfinal,9,1,the,2.4745867252349854
critical,25,ambiguous,long,object,nonfinal,9,2,teacher,13.36837673187256
critical,25,ambiguous,long,object,nonfinal,9,3,finished,8.00617790222168
critical,25,ambiguous,long,object,nonfinal,9,4,grading,7.244415760040283
critical,25,ambiguous,long,object,nonfinal,9,5,the,1.3922064304351809
critical,25,ambiguous,long,object,nonfinal,9,6,students,3.454594850540161
critical,25,ambiguous,long,object,nonfinal,9,7,studying,15.929360389709473
critical,25,ambiguous,long,object,nonfinal,9,8,engineering,13.867803573608398
critical,25,ambiguous,long,object,nonfinal,9,9,passed,11.207324981689451
critical,25,ambiguous,long,object,nonfinal,9,10,the,1.2004554271697998
critical,25,ambiguous,long,object,nonfinal,9,11,class.,6.7837347984313965
critical,25,ambiguous,short,object,nonfinal,7,0,After,15.099395751953123
critical,25,ambiguous,short,object,nonfinal,7,1,the,2.4745867252349854
critical,25,ambiguous,short,object,nonfinal,7,2,teacher,13.36837673187256
critical,25,ambiguous,short,object,nonfinal,7,3,finished,8.00617790222168
critical,25,ambiguous,short,object,nonfinal,7,4,grading,7.244415760040283
critical,25,ambiguous,short,object,nonfinal,7,5,the,1.3922064304351809
critical,25,ambiguous,short,object,nonfinal,7,6,students,3.454594850540161
critical,25,ambiguous,short,object,nonfinal,7,7,passed,11.217537879943848
critical,25,ambiguous,short,object,nonfinal,7,8,the,1.3836650848388672
critical,25,ambiguous,short,object,nonfinal,7,9,class.,7.872738361358643
critical,25,unambiguous,long,object,nonfinal,11,0,After,15.099395751953123
critical,25,unambiguous,long,object,nonfinal,11,1,the,2.4745867252349854
critical,25,unambiguous,long,object,nonfinal,11,2,teacher,13.36837673187256
critical,25,unambiguous,long,object,nonfinal,11,3,finished,8.00617790222168
critical,25,unambiguous,long,object,nonfinal,11,4,grading,7.244415760040283
critical,25,unambiguous,long,object,nonfinal,11,5,the,1.3922064304351809
critical,25,unambiguous,long,object,nonfinal,11,6,final,5.890829563140869
critical,25,unambiguous,long,object,nonfinal,11,7,the,12.407383918762209
critical,25,unambiguous,long,object,nonfinal,11,8,students,1.5909606218338013
critical,25,unambiguous,long,object,nonfinal,11,9,studying,17.156150817871094
critical,25,unambiguous,long,object,nonfinal,11,10,engineering,13.471026420593262
critical,25,unambiguous,long,object,nonfinal,11,11,passed,8.864405632019043
critical,25,unambiguous,long,object,nonfinal,11,12,the,1.0283764600753784
critical,25,unambiguous,long,object,nonfinal,11,13,class.,6.737988829612732
critical,25,unambiguous,short,object,nonfinal,9,0,After,15.099395751953123
critical,25,unambiguous,short,object,nonfinal,9,1,the,2.4745867252349854
critical,25,unambiguous,short,object,nonfinal,9,2,teacher,13.36837673187256
critical,25,unambiguous,short,object,nonfinal,9,3,finished,8.00617790222168
critical,25,unambiguous,short,object,nonfinal,9,4,grading,7.244415760040283
critical,25,unambiguous,short,object,nonfinal,9,5,the,1.3922064304351809
critical,25,unambiguous,short,object,nonfinal,9,6,final,5.890829563140869
critical,25,unambiguous,short,object,nonfinal,9,7,the,12.407383918762209
critical,25,unambiguous,short,object,nonfinal,9,8,students,1.5909606218338013
critical,25,unambiguous,short,object,nonfinal,9,9,passed,9.320764541625977
critical,25,unambiguous,short,object,nonfinal,9,10,the,1.3578153848648071
critical,25,unambiguous,short,object,nonfinal,9,11,class.,7.841355085372925
critical,26,ambiguous,long,comma,final,9,0,As,15.36849594116211
critical,26,ambiguous,long,comma,final,9,1,the,3.9748616218566895
critical,26,ambiguous,long,comma,final,9,2,people,10.649292945861816
critical,26,ambiguous,long,comma,final,9,3,gathered,7.966358661651611
critical,26,ambiguous,long,comma,final,9,4,the,7.480253219604492
critical,26,ambiguous,long,comma,final,9,5,animals,10.807779312133787
critical,26,ambiguous,long,comma,final,9,6,in,5.269098281860352
critical,26,ambiguous,long,comma,final,9,7,the,1.40334951877594
critical,26,ambiguous,long,comma,final,9,8,park,5.0961995124816895
critical,26,ambiguous,long,comma,final,9,9,scattered.,13.701375246047974
critical,26,ambiguous,short,comma,final,6,0,As,15.36849594116211
critical,26,ambiguous,short,comma,final,6,1,the,3.9748616218566895
critical,26,ambiguous,short,comma,final,6,2,people,10.649292945861816
critical,26,ambiguous,short,comma,final,6,3,gathered,7.966358661651611
critical,26,ambiguous,short,comma,final,6,4,the,7.480253219604492
critical,26,ambiguous,short,comma,final,6,5,animals,10.807779312133787
critical,26,ambiguous,short,comma,final,6,6,scattered.,12.490497589111328
critical,26,unambiguous,long,comma,final,9,0,As,15.36849594116211
critical,26,unambiguous,long,comma,final,9,1,the,3.9748616218566895
critical,26,unambiguous,long,comma,final,9,2,people,10.649292945861816
critical,26,unambiguous,long,comma,final,9,3,"gathered,",10.80145263671875
critical,26,unambiguous,long,comma,final,9,4,the,2.417090892791748
critical,26,unambiguous,long,comma,final,9,5,animals,12.627059936523438
critical,26,unambiguous,long,comma,final,9,6,in,5.442660808563232
critical,26,unambiguous,long,comma,final,9,7,the,0.5631193518638611
critical,26,unambiguous,long,comma,final,9,8,park,5.389274597167969
critical,26,unambiguous,long,comma,final,9,9,scattered.,11.54757046699524
critical,26,unambiguous,short,comma,final,6,0,As,15.36849594116211
critical,26,unambiguous,short,comma,final,6,1,the,3.9748616218566895
critical,26,unambiguous,short,comma,final,6,2,people,10.649292945861816
critical,26,unambiguous,short,comma,final,6,3,"gathered,",10.80145263671875
critical,26,unambiguous,short,comma,final,6,4,the,2.417090892791748
critical,26,unambiguous,short,comma,final,6,5,animals,12.627059936523438
critical,26,unambiguous,short,comma,final,6,6,scattered.,11.039366006851196
critical,27,ambiguous,long,comma,nonfinal,8,0,Once,17.615434646606445
critical,27,ambiguous,long,comma,nonfinal,8,1,the,2.46807074546814
critical,27,ambiguous,long,comma,nonfinal,8,2,audience,12.746283531188965
critical,27,ambiguous,long,comma,nonfinal,8,3,quieted,15.874107003211977
critical,27,ambiguous,long,comma,nonfinal,8,4,the,8.46118450164795
critical,27,ambiguous,long,comma,nonfinal,8,5,man,8.490694999694824
critical,27,ambiguous,long,comma,nonfinal,8,6,talking,12.092719078063965
critical,27,ambiguous,long,comma,nonfinal,8,7,loudly,6.23176383972168
critical,27,ambiguous,long,comma,nonfinal,8,8,put,9.880248069763184
critical,27,ambiguous,long,comma,nonfinal,8,9,away,6.293585300445557
critical,27,ambiguous,long,comma,nonfinal,8,10,his,0.9555108547210692
critical,27,ambiguous,long,comma,nonfinal,8,11,phone.,7.594120740890503
critical,27,ambiguous,short,comma,nonfinal,6,0,Once,17.615434646606445
critical,27,ambiguous,short,comma,nonfinal,6,1,the,2.46807074546814
critical,27,ambiguous,short,comma,nonfinal,6,2,audience,12.746283531188965
critical,27,ambiguous,short,comma,nonfinal,6,3,quieted,15.874107003211977
critical,27,ambiguous,short,comma,nonfinal,6,4,the,8.46118450164795
critical,27,ambiguous,short,comma,nonfinal,6,5,man,8.490694999694824
critical,27,ambiguous,short,comma,nonfinal,6,6,put,10.088231086730955
critical,27,ambiguous,short,comma,nonfinal,6,7,away,6.327951431274414
critical,27,ambiguous,short,comma,nonfinal,6,8,his,0.4568767249584198
critical,27,ambiguous,short,comma,nonfinal,6,9,phone.,10.174397230148315
critical,27,unambiguous,long,comma,nonfinal,8,0,Once,17.615434646606445
critical,27,unambiguous,long,comma,nonfinal,8,1,the,2.46807074546814
critical,27,unambiguous,long,comma,nonfinal,8,2,audience,12.746283531188965
critical,27,unambiguous,long,comma,nonfinal,8,3,"quieted,",18.688472390174866
critical,27,unambiguous,long,comma,nonfinal,8,4,the,2.3815386295318604
critical,27,unambiguous,long,comma,nonfinal,8,5,man,6.583000659942627
critical,27,unambiguous,long,comma,nonfinal,8,6,talking,12.703483581542969
critical,27,unambiguous,long,comma,nonfinal,8,7,loudly,8.093541145324707
critical,27,unambiguous,long,comma,nonfinal,8,8,put,9.704903602600098
critical,27,unambiguous,long,comma,nonfinal,8,9,away,7.219643115997314
critical,27,unambiguous,long,comma,nonfinal,8,10,his,0.4186360538005829
critical,27,unambiguous,long,comma,nonfinal,8,11,phone.,6.594769477844238
critical,27,unambiguous,short,comma,nonfinal,6,0,Once,17.615434646606445
critical,27,unambiguous,short,comma,nonfinal,6,1,the,2.46807074546814
critical,27,unambiguous,short,comma,nonfinal,6,2,audience,12.746283531188965
critical,27,unambiguous,short,comma,nonfinal,6,3,"quieted,",18.688472390174866
critical,27,unambiguous,short,comma,nonfinal,6,4,the,2.3815386295318604
critical,27,unambiguous,short,comma,nonfinal,6,5,man,6.583000659942627
critical,27,unambiguous,short,comma,nonfinal,6,6,put,8.625636100769043
critical,27,unambiguous,short,comma,nonfinal,6,7,away,6.397473812103272
critical,27,unambiguous,short,comma,nonfinal,6,8,his,0.4980837702751159
critical,27,unambiguous,short,comma,nonfinal,6,9,phone.,9.76958155632019
critical,28,ambiguous,long,comma,nonfinal,9,0,After,15.099395751953123
critical,28,ambiguous,long,comma,nonfinal,9,1,the,2.4745867252349854
critical,28,ambiguous,long,comma,nonfinal,9,2,corrupt,16.350858688354492
critical,28,ambiguous,long,comma,nonfinal,9,3,politician,8.4744234085083
critical,28,ambiguous,long,comma,nonfinal,9,4,signed,12.084918022155762
critical,28,ambiguous,long,comma,nonfinal,9,5,the,0.8693021535873413
critical,28,ambiguous,long,comma,nonfinal,9,6,bill,2.467175006866455
critical,28,ambiguous,long,comma,nonfinal,9,7,on,6.161815166473389
critical,28,ambiguous,long,comma,nonfinal,9,8,taxes,17.86227035522461
critical,28,ambiguous,long,comma,nonfinal,9,9,received,12.602115631103516
critical,28,ambiguous,long,comma,nonfinal,9,10,unwelcome,20.433871507644653
critical,28,ambiguous,long,comma,nonfinal,9,11,attention,2.2644777297973637
critical,28,ambiguous,long,comma,nonfinal,9,12,from,1.3251689672470093
critical,28,ambiguous,long,comma,nonfinal,9,13,southern,14.936043739318848
critical,28,ambiguous,long,comma,nonfinal,9,14,voters.,8.016195058822632
critical,28,ambiguous,short,comma,nonfinal,7,0,After,15.099395751953123
critical,28,ambiguous,short,comma,nonfinal,7,1,the,2.4745867252349854
critical,28,ambiguous,short,comma,nonfinal,7,2,corrupt,16.350858688354492
critical,28,ambiguous,short,comma,nonfinal,7,3,politician,8.4744234085083
critical,28,ambiguous,short,comma,nonfinal,7,4,signed,12.084918022155762
critical,28,ambiguous,short,comma,nonfinal,7,5,the,0.8693021535873413
critical,28,ambiguous,short,comma,nonfinal,7,6,bill,2.467175006866455
critical,28,ambiguous,short,comma,nonfinal,7,7,received,15.8196382522583
critical,28,ambiguous,short,comma,nonfinal,7,8,unwelcome,19.12009024620056
critical,28,ambiguous,short,comma,nonfinal,7,9,attention,1.402016282081604
critical,28,ambiguous,short,comma,nonfinal,7,10,from,1.1582164764404297
critical,28,ambiguous,short,comma,nonfinal,7,11,southern,15.070528984069824
critical,28,ambiguous,short,comma,nonfinal,7,12,voters.,9.235753178596497
critical,28,unambiguous,long,comma,nonfinal,9,0,After,15.099395751953123
critical,28,unambiguous,long,comma,nonfinal,9,1,the,2.4745867252349854
critical,28,unambiguous,long,comma,nonfinal,9,2,corrupt,16.350858688354492
critical,28,unambiguous,long,comma,nonfinal,9,3,politician,8.4744234085083
critical,28,unambiguous,long,comma,nonfinal,9,4,"signed,",18.3333158493042
critical,28,unambiguous,long,comma,nonfinal,9,5,the,1.7526957988739014
critical,28,unambiguous,long,comma,nonfinal,9,6,bill,8.153133392333984
critical,28,unambiguous,long,comma,nonfinal,9,7,on,8.756925582885742
critical,28,unambiguous,long,comma,nonfinal,9,8,taxes,10.192785263061523
critical,28,unambiguous,long,comma,nonfinal,9,9,received,9.209274291992188
critical,28,unambiguous,long,comma,nonfinal,9,10,unwelcome,19.553854823112488
critical,28,unambiguous,long,comma,nonfinal,9,11,attention,0.9195348024368286
critical,28,unambiguous,long,comma,nonfinal,9,12,from,1.417957067489624
critical,28,unambiguous,long,comma,nonfinal,9,13,southern,13.701788902282717
critical,28,unambiguous,long,comma,nonfinal,9,14,voters.,8.455088257789612
critical,28,unambiguous,short,comma,nonfinal,7,0,After,15.099395751953123
critical,28,unambiguous,short,comma,nonfinal,7,1,the,2.4745867252349854
critical,28,unambiguous,short,comma,nonfinal,7,2,corrupt,16.350858688354492
critical,28,unambiguous,short,comma,nonfinal,7,3,politician,8.4744234085083
critical,28,unambiguous,short,comma,nonfinal,7,4,"signed,",18.3333158493042
critical,28,unambiguous,short,comma,nonfinal,7,5,the,1.7526957988739014
critical,28,unambiguous,short,comma,nonfinal,7,6,bill,8.153133392333984
critical,28,unambiguous,short,comma,nonfinal,7,7,received,8.15789794921875
critical,28,unambiguous,short,comma,nonfinal,7,8,unwelcome,19.968862533569336
critical,28,unambiguous,short,comma,nonfinal,7,9,attention,0.6457989811897278
critical,28,unambiguous,short,comma,nonfinal,7,10,from,1.3035954236984253
critical,28,unambiguous,short,comma,nonfinal,7,11,southern,13.822093963623049
critical,28,unambiguous,short,comma,nonfinal,7,12,voters.,9.525596380233765
critical,29,ambiguous,long,object,nonfinal,10,0,While,12.691100120544434
critical,29,ambiguous,long,object,nonfinal,10,1,the,2.5171186923980717
critical,29,ambiguous,long,object,nonfinal,10,2,art,11.660776138305664
critical,29,ambiguous,long,object,nonfinal,10,3,class,12.892141342163086
critical,29,ambiguous,long,object,nonfinal,10,4,painted,12.75782299041748
critical,29,ambiguous,long,object,nonfinal,10,5,the,2.431534767150879
critical,29,ambiguous,long,object,nonfinal,10,6,model,7.508404731750488
critical,29,ambiguous,long,object,nonfinal,10,7,in,3.406525135040283
critical,29,ambiguous,long,object,nonfinal,10,8,the,2.561206817626953
critical,29,ambiguous,long,object,nonfinal,10,9,nude,7.454922199249268
critical,29,ambiguous,long,object,nonfinal,10,10,stayed,21.184206008911133
critical,29,ambiguous,long,object,nonfinal,10,11,still.,10.367364406585692
critical,29,ambiguous,short,object,nonfinal,7,0,While,12.691100120544434
critical,29,ambiguous,short,object,nonfinal,7,1,the,2.5171186923980717
critical,29,ambiguous,short,object,nonfinal,7,2,art,11.660776138305664
critical,29,ambiguous,short,object,nonfinal,7,3,class,12.892141342163086
critical,29,ambiguous,short,object,nonfinal,7,4,painted,12.75782299041748
critical,29,ambiguous,short,object,nonfinal,7,5,the,2.431534767150879
critical,29,ambiguous,short,object,nonfinal,7,6,model,7.508404731750488
critical,29,ambiguous,short,object,nonfinal,7,7,stayed,18.4964599609375
critical,29,ambiguous,short,object,nonfinal,7,8,still.,9.521106719970703
critical,29,unambiguous,long,object,nonfinal,12,0,While,12.691100120544434
critical,29,unambiguous,long,object,nonfinal,12,1,the,2.5171186923980717
critical,29,unambiguous,long,object,nonfinal,12,2,art,11.660776138305664
critical,29,unambiguous,long,object,nonfinal,12,3,class,12.892141342163086
critical,29,unambiguous,long,object,nonfinal,12,4,painted,12.75782299041748
critical,29,unambiguous,long,object,nonfinal,12,5,their,5.432488918304443
critical,29,unambiguous,long,object,nonfinal,12,6,portraits,6.1459126472473145
critical,29,unambiguous,long,object,nonfinal,12,7,the,8.041499137878418
critical,29,unambiguous,long,object,nonfinal,12,8,model,11.920461654663086
critical,29,unambiguous,long,object,nonfinal,12,9,in,6.532796859741211
critical,29,unambiguous,long,object,nonfinal,12,10,the,1.7010211944580078
critical,29,unambiguous,long,object,nonfinal,12,11,nude,5.355769634246826
critical,29,unambiguous,long,object,nonfinal,12,12,stayed,14.10207748413086
critical,29,unambiguous,long,object,nonfinal,12,13,still.,6.619529485702515
critical,29,unambiguous,short,object,nonfinal,9,0,While,12.691100120544434
critical,29,unambiguous,short,object,nonfinal,9,1,the,2.5171186923980717
critical,29,unambiguous,short,object,nonfinal,9,2,art,11.660776138305664
critical,29,unambiguous,short,object,nonfinal,9,3,class,12.892141342163086
critical,29,unambiguous,short,object,nonfinal,9,4,painted,12.75782299041748
critical,29,unambiguous,short,object,nonfinal,9,5,their,5.432488918304443
critical,29,unambiguous,short,object,nonfinal,9,6,portraits,6.1459126472473145
critical,29,unambiguous,short,object,nonfinal,9,7,the,8.041499137878418
critical,29,unambiguous,short,object,nonfinal,9,8,model,11.920461654663086
critical,29,unambiguous,short,object,nonfinal,9,9,stayed,8.6574125289917
critical,29,unambiguous,short,object,nonfinal,9,10,still.,7.565670967102051
critical,30,ambiguous,long,object,final,8,0,As,15.36849594116211
critical,30,ambiguous,long,object,final,8,1,the,3.9748616218566895
critical,30,ambiguous,long,object,final,8,2,professor,14.256758689880373
critical,30,ambiguous,long,object,final,8,3,wrote,7.655595779418945
critical,30,ambiguous,long,object,final,8,4,the,4.7433929443359375
critical,30,ambiguous,long,object,final,8,5,textbook,6.907471179962158
critical,30,ambiguous,long,object,final,8,6,on,5.502974033355713
critical,30,ambiguous,long,object,final,8,7,biology,9.81391716003418
critical,30,ambiguous,long,object,final,8,8,grew.,23.789384365081787
critical,30,ambiguous,short,object,final,6,0,As,15.36849594116211
critical,30,ambiguous,short,object,final,6,1,the,3.9748616218566895
critical,30,ambiguous,short,object,final,6,2,professor,14.256758689880373
critical,30,ambiguous,short,object,final,6,3,wrote,7.655595779418945
critical,30,ambiguous,short,object,final,6,4,the,4.7433929443359375
critical,30,ambiguous,short,object,final,6,5,textbook,6.907471179962158
critical,30,ambiguous,short,object,final,6,6,grew.,23.4474196434021
critical,30,unambiguous,long,object,final,10,0,As,15.36849594116211
critical,30,unambiguous,long,object,final,10,1,the,3.9748616218566895
critical,30,unambiguous,long,object,final,10,2,professor,14.256758689880373
critical,30,unambiguous,long,object,final,10,3,wrote,7.655595779418945
critical,30,unambiguous,long,object,final,10,4,the,4.7433929443359375
critical,30,unambiguous,long,object,final,10,5,chapter,7.512506008148193
critical,30,unambiguous,long,object,final,10,6,the,7.345969200134277
critical,30,unambiguous,long,object,final,10,7,textbook,8.948335647583008
critical,30,unambiguous,long,object,final,10,8,on,9.410415649414062
critical,30,unambiguous,long,object,final,10,9,biology,9.70662784576416
critical,30,unambiguous,long,object,final,10,10,grew.,18.32142543792725
critical,30,unambiguous,short,object,final,8,0,As,15.36849594116211
critical,30,unambiguous,short,object,final,8,1,the,3.9748616218566895
critical,30,unambiguous,short,object,final,8,2,professor,14.256758689880373
critical,30,unambiguous,short,object,final,8,3,wrote,7.655595779418945
critical,30,unambiguous,short,object,final,8,4,the,4.7433929443359375
critical,30,unambiguous,short,object,final,8,5,chapter,7.512506008148193
critical,30,unambiguous,short,object,final,8,6,the,7.345969200134277
critical,30,unambiguous,short,object,final,8,7,textbook,8.948335647583008
critical,30,unambiguous,short,object,final,8,8,grew.,17.731419563293457
filler,1,,,,,-1,0,The,11.228589057922363
filler,1,,,,,-1,1,little,12.779973030090332
filler,1,,,,,-1,2,blonde,10.758885383605955
filler,1,,,,,-1,3,girls,8.098872184753418
filler,1,,,,,-1,4,turned,9.418631553649902
filler,1,,,,,-1,5,out,2.398420572280884
filler,1,,,,,-1,6,to,0.7659969925880432
filler,1,,,,,-1,7,be,0.1188386380672454
filler,1,,,,,-1,8,daughters,10.712984085083008
filler,1,,,,,-1,9,of,0.1738070398569107
filler,1,,,,,-1,10,one,6.000118255615234
filler,1,,,,,-1,11,of,0.2634884417057037
filler,1,,,,,-1,12,the,0.7890068888664246
filler,1,,,,,-1,13,neighbors.,10.910071969032288
filler,2,,,,,-1,0,After,15.099395751953123
filler,2,,,,,-1,1,the,2.4745867252349854
filler,2,,,,,-1,2,show,9.944357872009276
filler,2,,,,,-1,3,the,6.8642168045043945
filler,2,,,,,-1,4,famous,11.645112037658691
filler,2,,,,,-1,5,violinist,9.837200805544851
filler,2,,,,,-1,6,met,12.641633987426758
filler,2,,,,,-1,7,with,1.8189435005187988
filler,2,,,,,-1,8,some,5.686182498931885
filler,2,,,,,-1,9,of,1.3568811416625977
filler,2,,,,,-1,10,his,2.065833568572998
filler,2,,,,,-1,11,devoted,10.452730178833008
filler,2,,,,,-1,12,fans.,3.184843420982361
filler,3,,,,,-1,0,The,11.228589057922363
filler,3,,,,,-1,1,pharmacologist,18.78748607635498
filler,3,,,,,-1,2,made,9.107783317565918
filler,3,,,,,-1,3,sure,4.346235275268555
filler,3,,,,,-1,4,that,1.2690627574920654
filler,3,,,,,-1,5,the,1.249726414680481
filler,3,,,,,-1,6,new,7.039238929748535
filler,3,,,,,-1,7,shipment,13.114251136779783
filler,3,,,,,-1,8,of,1.2667912244796753
filler,3,,,,,-1,9,patches,12.751172065734863
filler,3,,,,,-1,10,didn't,6.819296330213547
filler,3,,,,,-1,11,have,3.3481032848358154
filler,3,,,,,-1,12,any,1.0434008836746216
filler,3,,,,,-1,13,tears.,15.922635316848757
filler,4,,,,,-1,0,On,11.741822242736816
filler,4,,,,,-1,1,returning,13.549248695373535
filler,4,,,,,-1,2,from,2.857916831970215
filler,4,,,,,-1,3,abroad,8.757105827331543
filler,4,,,,,-1,4,the,5.854564666748047
filler,4,,,,,-1,5,accountant,14.377534866333008
filler,4,,,,,-1,6,discovered,11.595240592956545
filler,4,,,,,-1,7,he,4.715306282043457
filler,4,,,,,-1,8,had,0.871451199054718
filler,4,,,,,-1,9,a,3.854128360748291
filler,4,,,,,-1,10,serious,6.9855732917785645
filler,4,,,,,-1,11,case,3.6917836666107178
filler,4,,,,,-1,12,of,0.0253956466913223
filler,4,,,,,-1,13,malaria.,6.719775080680847
filler,5,,,,,-1,0,The,11.228589057922363
filler,5,,,,,-1,1,coach,14.934364318847656
filler,5,,,,,-1,2,encouraged,12.390260696411133
filler,5,,,,,-1,3,his,3.673475027084351
filler,5,,,,,-1,4,team,2.6155946254730225
filler,5,,,,,-1,5,as,8.45302677154541
filler,5,,,,,-1,6,the,4.641419410705566
filler,5,,,,,-1,7,game,4.426882743835449
filler,5,,,,,-1,8,turned,9.193493843078612
filler,5,,,,,-1,9,increasingly,10.451851844787598
filler,5,,,,,-1,10,discouraging.,14.714436132460833
filler,6,,,,,-1,0,The,11.228589057922363
filler,6,,,,,-1,1,photographer,14.5547456741333
filler,6,,,,,-1,2,posed,11.49239730834961
filler,6,,,,,-1,3,the,3.052023410797119
filler,6,,,,,-1,4,newlyweds,15.505277767311782
filler,6,,,,,-1,5,in,2.082019329071045
filler,6,,,,,-1,6,front,1.4942787885665894
filler,6,,,,,-1,7,of,0.0069701126776635
filler,6,,,,,-1,8,an,4.600967884063721
filler,6,,,,,-1,9,old,3.2707412242889404
filler,6,,,,,-1,10,oak,8.0692777633667
filler,6,,,,,-1,11,tree,0.2875357270240783
filler,6,,,,,-1,12,that,4.266785144805908
filler,6,,,,,-1,13,stood,4.296150207519531
filler,6,,,,,-1,14,by,6.551382064819336
filler,6,,,,,-1,15,the,0.4050370156764984
filler,6,,,,,-1,16,pond.,7.6004111766815186
filler,7,,,,,-1,0,The,11.228589057922363
filler,7,,,,,-1,1,horse,13.15909194946289
filler,7,,,,,-1,2,galloped,9.213131308555605
filler,7,,,,,-1,3,furiously,9.107910555321723
filler,7,,,,,-1,4,around,5.218616962432861
filler,7,,,,,-1,5,the,0.404640793800354
filler,7,,,,,-1,6,field,4.557899475097656
filler,7,,,,,-1,7,before,7.053426742553711
filler,7,,,,,-1,8,jumping,7.843735218048096
filler,7,,,,,-1,9,over,3.124011278152466
filler,7,,,,,-1,10,the,1.21662175655365
filler,7,,,,,-1,11,fence.,3.8330832719802856
filler,8,,,,,-1,0,The,11.228589057922363
filler,8,,,,,-1,1,talented,16.81498908996582
filler,8,,,,,-1,2,cartoonists,13.101587533950806
filler,8,,,,,-1,3,drew,11.150749206542969
filler,8,,,,,-1,4,a,3.869558811187744
filler,8,,,,,-1,5,huge,6.963115215301514
filler,8,,,,,-1,6,illustration,10.96340274810791
filler,8,,,,,-1,7,of,1.0236737728118896
filler,8,,,,,-1,8,the,1.6497318744659424
filler,8,,,,,-1,9,upcoming,10.90749740600586
filler,8,,,,,-1,10,mall,13.808971405029297
filler,8,,,,,-1,11,to,6.226520538330078
filler,8,,,,,-1,12,be,4.553982257843018
filler,8,,,,,-1,13,opened,4.063201427459717
filler,8,,,,,-1,14,in,1.154138445854187
filler,8,,,,,-1,15,May.,9.638606548309326
filler,9,,,,,-1,0,The,11.228589057922363
filler,9,,,,,-1,1,protesters,15.513275146484377
filler,9,,,,,-1,2,rallied,8.671006504097022
filler,9,,,,,-1,3,outside,2.397996664047241
filler,9,,,,,-1,4,the,0.788102924823761
filler,9,,,,,-1,5,state,6.073916912078857
filler,9,,,,,-1,6,capital,4.07386589050293
filler,9,,,,,-1,7,to,4.60213041305542
filler,9,,,,,-1,8,petition,10.759764671325684
filler,9,,,,,-1,9,the,1.5135271549224854
filler,9,,,,,-1,10,widely,19.06903648376465
filler,9,,,,,-1,11,controversial,9.035569190979004
filler,9,,,,,-1,12,bill.,4.746887564659119
filler,10,,,,,-1,0,The,11.228589057922363
filler,10,,,,,-1,1,small,10.977123260498049
filler,10,,,,,-1,2,orange,11.439631462097168
filler,10,,,,,-1,3,kitten,12.084391117095947
filler,10,,,,,-1,4,climbed,10.34160327911377
filler,10,,,,,-1,5,up,2.1974236965179443
filler,10,,,,,-1,6,the,1.9829269647598269
filler,10,,,,,-1,7,curtains,9.379022598266602
filler,10,,,,,-1,8,behind,7.899959564208984
filler,10,,,,,-1,9,the,1.8769636154174805
filler,10,,,,,-1,10,couch,4.896103858947754
filler,10,,,,,-1,11,when,9.242071151733398
filler,10,,,,,-1,12,the,3.209624052047729
filler,10,,,,,-1,13,vacuum,11.537903785705566
filler,10,,,,,-1,14,turned,7.671876430511475
filler,10,,,,,-1,15,on.,1.82038813829422
filler,11,,,,,-1,0,The,11.228589057922363
filler,11,,,,,-1,1,captain,13.369339942932127
filler,11,,,,,-1,2,made,7.843007564544678
filler,11,,,,,-1,3,sure,5.290729999542236
filler,11,,,,,-1,4,the,2.376482486724853
filler,11,,,,,-1,5,sailors,7.593585968017578
filler,11,,,,,-1,6,fixed,15.842638969421388
filler,11,,,,,-1,7,the,1.1872774362564087
filler,11,,,,,-1,8,rudder,6.352531210519373
filler,11,,,,,-1,9,before,4.7477006912231445
filler,11,,,,,-1,10,setting,4.57969856262207
filler,11,,,,,-1,11,sail.,3.421651244163513
filler,12,,,,,-1,0,The,11.228589057922363
filler,12,,,,,-1,1,student,11.922775268554688
filler,12,,,,,-1,2,felt,11.955954551696776
filler,12,,,,,-1,3,that,2.011441707611084
filler,12,,,,,-1,4,he,3.17854905128479
filler,12,,,,,-1,5,hadn't,11.520831167697906
filler,12,,,,,-1,6,prepared,8.28271198272705
filler,12,,,,,-1,7,sufficiently,5.547682762145996
filler,12,,,,,-1,8,after,9.848715782165527
filler,12,,,,,-1,9,he,4.607748031616211
filler,12,,,,,-1,10,finished,5.804089546203613
filler,12,,,,,-1,11,the,1.9142136573791504
filler,12,,,,,-1,12,midterm.,10.824385464191437
filler,13,,,,,-1,0,The,11.228589057922363
filler,13,,,,,-1,1,boys,13.737747192382812
filler,13,,,,,-1,2,rode,9.696868896484377
filler,13,,,,,-1,3,their,2.6866400241851807
filler,13,,,,,-1,4,bikes,0.8720951080322266
filler,13,,,,,-1,5,past,7.271507740020752
filler,13,,,,,-1,6,the,1.0950782299041748
filler,13,,,,,-1,7,yellow,9.567601203918455
filler,13,,,,,-1,8,wall,7.776021957397461
filler,13,,,,,-1,9,that,4.910491466522217
filler,13,,,,,-1,10,stood,6.351532459259033
filler,13,,,,,-1,11,in,2.3956191539764404
filler,13,,,,,-1,12,front,2.388843059539795
filler,13,,,,,-1,13,of,0.01297437120229
filler,13,,,,,-1,14,the,0.8246210217475891
filler,13,,,,,-1,15,old,5.793089866638184
filler,13,,,,,-1,16,factory.,7.085624575614929
filler,14,,,,,-1,0,The,11.228589057922363
filler,14,,,,,-1,1,desert,16.120956420898438
filler,14,,,,,-1,2,bandits,12.24120044708252
filler,14,,,,,-1,3,joked,19.938121795654297
filler,14,,,,,-1,4,that,2.299625396728516
filler,14,,,,,-1,5,the,2.6643195152282715
filler,14,,,,,-1,6,oasis,12.749700844287872
filler,14,,,,,-1,7,in,4.950205326080322
filler,14,,,,,-1,8,the,0.8067252039909363
filler,14,,,,,-1,9,horizon,9.720669746398926
filler,14,,,,,-1,10,was,1.167497992515564
filler,14,,,,,-1,11,all,8.685883522033691
filler,14,,,,,-1,12,but,5.253377914428711
filler,14,,,,,-1,13,a,4.095615386962891
filler,14,,,,,-1,14,wild,12.167041778564451
filler,14,,,,,-1,15,fantasy.,9.844123601913452
filler,15,,,,,-1,0,The,11.228589057922363
filler,15,,,,,-1,1,carpenter,18.90834105014801
filler,15,,,,,-1,2,told,9.087406158447266
filler,15,,,,,-1,3,all,10.311339378356934
filler,15,,,,,-1,4,the,1.4224629402160645
filler,15,,,,,-1,5,disappointed,17.344078063964844
filler,15,,,,,-1,6,applicants,8.391281127929688
filler,15,,,,,-1,7,that,1.017047643661499
filler,15,,,,,-1,8,he,2.4276010990142822
filler,15,,,,,-1,9,was,2.7240593433380127
filler,15,,,,,-1,10,not,3.4273390769958496
filler,15,,,,,-1,11,taking,7.9595842361450195
filler,15,,,,,-1,12,any,2.153528213500977
filler,15,,,,,-1,13,new,3.401777029037476
filler,15,,,,,-1,14,apprentices.,9.672157164663076
filler,16,,,,,-1,0,The,11.228589057922363
filler,16,,,,,-1,1,California,12.151551246643066
filler,16,,,,,-1,2,judges,15.523468017578123
filler,16,,,,,-1,3,requested,11.77059555053711
filler,16,,,,,-1,4,the,2.4724597930908203
filler,16,,,,,-1,5,opinions,9.750465393066406
filler,16,,,,,-1,6,of,0.9393004179000854
filler,16,,,,,-1,7,various,7.629384040832519
filler,16,,,,,-1,8,industry,10.377345085144045
filler,16,,,,,-1,9,leaders.,11.175891876220703
filler,17,,,,,-1,0,The,11.228589057922363
filler,17,,,,,-1,1,dance,15.17042064666748
filler,17,,,,,-1,2,troupe,7.781934289261699
filler,17,,,,,-1,3,forgot,18.36499786376953
filler,17,,,,,-1,4,most,10.18422794342041
filler,17,,,,,-1,5,of,0.110877901315689
filler,17,,,,,-1,6,the,1.3397778272628784
filler,17,,,,,-1,7,steps,4.404944896697998
filler,17,,,,,-1,8,when,6.686362266540527
filler,17,,,,,-1,9,they,1.1159720420837402
filler,17,,,,,-1,10,performed,4.171016693115234
filler,17,,,,,-1,11,for,4.658224582672119
filler,17,,,,,-1,12,the,1.1196386814117432
filler,17,,,,,-1,13,prime,13.33246898651123
filler,17,,,,,-1,14,minister.,1.7542092464864254
filler,18,,,,,-1,0,There,13.967473030090332
filler,18,,,,,-1,1,were,4.187867164611816
filler,18,,,,,-1,2,several,6.606507301330566
filler,18,,,,,-1,3,noblemen,21.380067825317383
filler,18,,,,,-1,4,who,1.7349004745483398
filler,18,,,,,-1,5,kept,8.872958183288574
filler,18,,,,,-1,6,insisting,8.766608238220215
filler,18,,,,,-1,7,that,0.8714457154273987
filler,18,,,,,-1,8,the,2.1750919818878174
filler,18,,,,,-1,9,croutons,23.80020274221897
filler,18,,,,,-1,10,were,1.7069759368896484
filler,18,,,,,-1,11,too,5.330035209655762
filler,18,,,,,-1,12,soft.,7.1529470682144165
filler,19,,,,,-1,0,The,11.228589057922363
filler,19,,,,,-1,1,priest,14.949565887451172
filler,19,,,,,-1,2,checked,12.907068252563477
filler,19,,,,,-1,3,twice,12.043147087097168
filler,19,,,,,-1,4,that,3.4304208755493164
filler,19,,,,,-1,5,he,3.4893243312835693
filler,19,,,,,-1,6,had,1.80068039894104
filler,19,,,,,-1,7,all,6.89196252822876
filler,19,,,,,-1,8,the,0.5935547947883606
filler,19,,,,,-1,9,supplies,8.800887107849121
filler,19,,,,,-1,10,ready,9.250916481018066
filler,19,,,,,-1,11,for,3.451862335205078
filler,19,,,,,-1,12,the,0.7985828518867493
filler,19,,,,,-1,13,event,6.297765254974365
filler,19,,,,,-1,14,on,8.193187713623047
filler,19,,,,,-1,15,Sunday.,6.837234735488892
filler,20,,,,,-1,0,The,11.228589057922363
filler,20,,,,,-1,1,jeweler,20.810683727264404
filler,20,,,,,-1,2,showed,10.081275939941406
filler,20,,,,,-1,3,off,5.683708667755127
filler,20,,,,,-1,4,his,2.031357288360596
filler,20,,,,,-1,5,collection,4.615557670593262
filler,20,,,,,-1,6,of,0.4354958534240722
filler,20,,,,,-1,7,rare,6.196290016174316
filler,20,,,,,-1,8,and,3.332551956176758
filler,20,,,,,-1,9,precious,4.387760162353516
filler,20,,,,,-1,10,stones,1.3621424436569214
filler,20,,,,,-1,11,at,4.98166036605835
filler,20,,,,,-1,12,the,1.1130056381225586
filler,20,,,,,-1,13,convention.,11.50258767604828
filler,21,,,,,-1,0,The,11.228589057922363
filler,21,,,,,-1,1,serious,16.269859313964844
filler,21,,,,,-1,2,man,9.210248947143556
filler,21,,,,,-1,3,shifted,17.169164657592773
filler,21,,,,,-1,4,his,1.4455788135528564
filler,21,,,,,-1,5,glasses,9.337364196777344
filler,21,,,,,-1,6,to,2.19216251373291
filler,21,,,,,-1,7,indicate,11.378958702087402
filler,21,,,,,-1,8,the,3.70829963684082
filler,21,,,,,-1,9,prisoners,16.292343139648438
filler,21,,,,,-1,10,would,6.865477085113525
filler,21,,,,,-1,11,be,1.312915563583374
filler,21,,,,,-1,12,set,9.53001308441162
filler,21,,,,,-1,13,free.,1.4621800109744072
filler,22,,,,,-1,0,The,11.228589057922363
filler,22,,,,,-1,1,doctor,12.248400688171388
filler,22,,,,,-1,2,made,8.253254890441895
filler,22,,,,,-1,3,the,2.6232733726501465
filler,22,,,,,-1,4,nurse,12.067970275878906
filler,22,,,,,-1,5,administer,8.016996383666992
filler,22,,,,,-1,6,the,1.2282519340515137
filler,22,,,,,-1,7,shot,6.262814044952393
filler,22,,,,,-1,8,because,6.759366512298584
filler,22,,,,,-1,9,he,2.3030307292938232
filler,22,,,,,-1,10,didn't,4.752348363399506
filler,22,,,,,-1,11,like,5.080240726470947
filler,22,,,,,-1,12,to,3.991530179977417
filler,22,,,,,-1,13,give,5.758206367492676
filler,22,,,,,-1,14,shots,2.4770660400390625
filler,22,,,,,-1,15,to,1.766016960144043
filler,22,,,,,-1,16,children.,3.972610712051392
filler,23,,,,,-1,0,The,11.228589057922363
filler,23,,,,,-1,1,football,14.883954048156738
filler,23,,,,,-1,2,player,5.464480400085449
filler,23,,,,,-1,3,performed,11.25954532623291
filler,23,,,,,-1,4,a,2.699756145477295
filler,23,,,,,-1,5,humorous,16.743408203125
filler,23,,,,,-1,6,victory,11.425203323364258
filler,23,,,,,-1,7,dance,0.5273098349571228
filler,23,,,,,-1,8,at,5.136288166046143
filler,23,,,,,-1,9,the,0.7735669612884521
filler,23,,,,,-1,10,end,1.008697509765625
filler,23,,,,,-1,11,zone.,16.73216462135315
filler,24,,,,,-1,0,The,11.228589057922363
filler,24,,,,,-1,1,journalists,15.937742233276367
filler,24,,,,,-1,2,were,3.989780187606812
filler,24,,,,,-1,3,riled,15.681028366088867
filler,24,,,,,-1,4,up,1.169055461883545
filler,24,,,,,-1,5,to,5.540075778961182
filler,24,,,,,-1,6,hear,5.435138702392578
filler,24,,,,,-1,7,that,1.609915852546692
filler,24,,,,,-1,8,the,2.0376641750335693
filler,24,,,,,-1,9,famous,11.09864616394043
filler,24,,,,,-1,10,British,6.917563438415527
filler,24,,,,,-1,11,actor,6.525506019592285
filler,24,,,,,-1,12,threw,15.6639986038208
filler,24,,,,,-1,13,a,2.268720865249634
filler,24,,,,,-1,14,fit,4.498595714569092
filler,24,,,,,-1,15,on,4.531233787536621
filler,24,,,,,-1,16,the,1.6756118535995483
filler,24,,,,,-1,17,set.,4.732263743877411
filler,25,,,,,-1,0,The,11.228589057922363
filler,25,,,,,-1,1,salesman,18.358200073242188
filler,25,,,,,-1,2,made,8.021635055541992
filler,25,,,,,-1,3,sure,5.790873050689697
filler,25,,,,,-1,4,that,2.263321876525879
filler,25,,,,,-1,5,there,6.319645404815674
filler,25,,,,,-1,6,were,1.4461594820022583
filler,25,,,,,-1,7,people,8.192439079284668
filler,25,,,,,-1,8,all,8.177458763122559
filler,25,,,,,-1,9,around,0.6861034631729126
filler,25,,,,,-1,10,to,3.953575611114502
filler,25,,,,,-1,11,witness,5.840562343597412
filler,25,,,,,-1,12,his,2.4798054695129395
filler,25,,,,,-1,13,biggest,12.481786727905272
filler,25,,,,,-1,14,sale.,4.751932978630066
filler,26,,,,,-1,0,The,11.228589057922363
filler,26,,,,,-1,1,guides,16.442138671875
filler,26,,,,,-1,2,were,4.7077155113220215
filler,26,,,,,-1,3,in,7.946657657623291
filler,26,,,,,-1,4,the,3.0259838104248047
filler,26,,,,,-1,5,process,5.384493350982666
filler,26,,,,,-1,6,of,0.0118461651727557
filler,26,,,,,-1,7,explaining,11.982759475708008
filler,26,,,,,-1,8,the,1.8911665678024288
filler,26,,,,,-1,9,delay,15.789725303649902
filler,26,,,,,-1,10,when,6.100398063659668
filler,26,,,,,-1,11,the,2.066206455230713
filler,26,,,,,-1,12,boat,10.463045120239258
filler,26,,,,,-1,13,started,5.671294212341309
filler,26,,,,,-1,14,to,1.3974980115890503
filler,26,,,,,-1,15,move,3.4350244998931885
filler,26,,,,,-1,16,again.,6.1998724937438965
filler,27,,,,,-1,0,The,11.228589057922363
filler,27,,,,,-1,1,detective's,20.29411506652832
filler,27,,,,,-1,2,computer,10.390292167663574
filler,27,,,,,-1,3,crashed,7.419846057891846
filler,27,,,,,-1,4,and,2.5806891918182373
filler,27,,,,,-1,5,all,6.92232084274292
filler,27,,,,,-1,6,the,2.0988266468048096
filler,27,,,,,-1,7,important,9.404016494750977
filler,27,,,,,-1,8,documents,4.374378681182861
filler,27,,,,,-1,9,were,0.8449108600616455
filler,27,,,,,-1,10,lost.,2.080926775932312
filler,28,,,,,-1,0,The,11.228589057922363
filler,28,,,,,-1,1,chiefs,18.10176467895508
filler,28,,,,,-1,2,perform,14.57768726348877
filler,28,,,,,-1,3,a,2.69435715675354
filler,28,,,,,-1,4,ceremony,5.3092570304870605
filler,28,,,,,-1,5,for,4.728697299957275
filler,28,,,,,-1,6,each,4.410434722900391
filler,28,,,,,-1,7,family's,13.225297927856444
filler,28,,,,,-1,8,oldest,10.44622039794922
filler,28,,,,,-1,9,child,2.310361385345459
filler,28,,,,,-1,10,every,8.596783638000488
filler,28,,,,,-1,11,time,5.356912612915039
filler,28,,,,,-1,12,there,5.24005937576294
filler,28,,,,,-1,13,is,0.5224887728691101
filler,28,,,,,-1,14,a,0.3211095035076141
filler,28,,,,,-1,15,full,7.722177982330322
filler,28,,,,,-1,16,moon.,1.3748568296432495
filler,29,,,,,-1,0,The,11.228589057922363
filler,29,,,,,-1,1,saleslady,26.418381690979004
filler,29,,,,,-1,2,found,9.722553253173828
filler,29,,,,,-1,3,herself,5.436148643493652
filler,29,,,,,-1,4,surrounded,7.856845855712891
filler,29,,,,,-1,5,by,0.0882257223129272
filler,29,,,,,-1,6,angry,9.403858184814451
filler,29,,,,,-1,7,shoppers,5.242004871368408
filler,29,,,,,-1,8,who,3.4798803329467773
filler,29,,,,,-1,9,wanted,3.992471218109131
filler,29,,,,,-1,10,their,5.731085300445557
filler,29,,,,,-1,11,money,2.4862568378448486
filler,29,,,,,-1,12,back.,1.490613475441933
filler,30,,,,,-1,0,The,11.228589057922363
filler,30,,,,,-1,1,scientist,14.72889804840088
filler,30,,,,,-1,2,forgot,15.157312393188477
filler,30,,,,,-1,3,to,0.5418086647987366
filler,30,,,,,-1,4,make,6.58499002456665
filler,30,,,,,-1,5,sure,2.977144956588745
filler,30,,,,,-1,6,that,1.2732192277908323
filler,30,,,,,-1,7,the,1.1997454166412354
filler,30,,,,,-1,8,temperature,7.219462871551514
filler,30,,,,,-1,9,was,2.534275770187378
filler,30,,,,,-1,10,set,4.328880310058594
filler,30,,,,,-1,11,to,1.2312086820602417
filler,30,,,,,-1,12,zero,5.263420104980469
filler,30,,,,,-1,13,degrees.,7.132035255432129
filler,31,,,,,-1,0,The,11.228589057922363
filler,31,,,,,-1,1,candy,17.120384216308594
filler,31,,,,,-1,2,shop,5.83751916885376
filler,31,,,,,-1,3,was,4.245197772979736
filler,31,,,,,-1,4,small,9.247413635253906
filler,31,,,,,-1,5,but,3.685811042785645
filler,31,,,,,-1,6,tidy,7.749073028564453
filler,31,,,,,-1,7,and,2.668149948120117
filler,31,,,,,-1,8,smelled,4.48558521270752
filler,31,,,,,-1,9,deliciously,6.367207765579224
filler,31,,,,,-1,10,of,0.4302978515625
filler,31,,,,,-1,11,chocolate.,4.942072927951813
filler,32,,,,,-1,0,The,11.228589057922363
filler,32,,,,,-1,1,virus,13.35446834564209
filler,32,,,,,-1,2,caused,9.064075469970703
filler,32,,,,,-1,3,an,4.555810928344727
filler,32,,,,,-1,4,unusual,7.128927230834961
filler,32,,,,,-1,5,amount,6.3138957023620605
filler,32,,,,,-1,6,of,0.0148565489798784
filler,32,,,,,-1,7,workers,14.908102989196776
filler,32,,,,,-1,8,at,6.101138114929199
filler,32,,,,,-1,9,the,1.8519930839538572
filler,32,,,,,-1,10,city,9.521903038024902
filler,32,,,,,-1,11,hall,10.365686416625977
filler,32,,,,,-1,12,to,0.9160731434822084
filler,32,,,,,-1,13,call,7.644615173339844
filler,32,,,,,-1,14,in,2.11267614364624
filler,32,,,,,-1,15,sick.,2.303813610225916
filler,33,,,,,-1,0,The,11.228589057922363
filler,33,,,,,-1,1,furious,18.233871459960938
filler,33,,,,,-1,2,man,7.494754791259766
filler,33,,,,,-1,3,standing,11.02679443359375
filler,33,,,,,-1,4,at,3.4579052925109863
filler,33,,,,,-1,5,the,0.3195960521697998
filler,33,,,,,-1,6,mayor's,13.970813482999802
filler,33,,,,,-1,7,door,2.378136157989502
filler,33,,,,,-1,8,was,4.154648303985596
filler,33,,,,,-1,9,angry,9.32976531982422
filler,33,,,,,-1,10,about,4.782686233520508
filler,33,,,,,-1,11,the,1.455878496170044
filler,33,,,,,-1,12,high,10.064929962158203
filler,33,,,,,-1,13,cost,3.392317771911621
filler,33,,,,,-1,14,of,0.1494708061218261
filler,33,,,,,-1,15,electricity.,6.392291188240051
filler,34,,,,,-1,0,The,11.228589057922363
filler,34,,,,,-1,1,bartender,16.60382056236267
filler,34,,,,,-1,2,tried,9.84530258178711
filler,34,,,,,-1,3,several,8.580939292907715
filler,34,,,,,-1,4,times,1.3377443552017212
filler,34,,,,,-1,5,to,0.4701042473316192
filler,34,,,,,-1,6,get,3.0021896362304688
filler,34,,,,,-1,7,the,2.2274324893951416
filler,34,,,,,-1,8,woman,6.888946533203125
filler,34,,,,,-1,9,to,0.6745654940605164
filler,34,,,,,-1,10,order,5.81476354598999
filler,34,,,,,-1,11,from,8.572836875915527
filler,34,,,,,-1,12,the,0.7929418087005615
filler,34,,,,,-1,13,secret,13.242487907409668
filler,34,,,,,-1,14,menu.,2.3260474801063538
filler,35,,,,,-1,0,The,11.228589057922363
filler,35,,,,,-1,1,seamstress,21.499102354049683
filler,35,,,,,-1,2,fretted,15.419681906700134
filler,35,,,,,-1,3,over,1.653809905052185
filler,35,,,,,-1,4,whether,5.258164405822754
filler,35,,,,,-1,5,the,3.1766586303710938
filler,35,,,,,-1,6,dress,5.763370990753174
filler,35,,,,,-1,7,would,2.270623683929444
filler,35,,,,,-1,8,be,1.799601674079895
filler,35,,,,,-1,9,finished,5.773453235626221
filler,35,,,,,-1,10,in,2.787791967391968
filler,35,,,,,-1,11,time.,2.7567141503095627
