item_category,item,ambiguity,length,resolution,finality,critical_word_index,word_index,word,surprisal
critical,1,ambiguous,long,object,nonfinal,8,0,As,18.902088165283203
critical,1,ambiguous,long,object,nonfinal,8,1,the,2.568919897079468
critical,1,ambiguous,long,object,nonfinal,8,2,lifeguard,23.027822077274323
critical,1,ambiguous,long,object,nonfinal,8,3,watched,14.568367004394531
critical,1,ambiguous,long,object,nonfinal,8,4,the,3.2557499408721924
critical,1,ambiguous,long,object,nonfinal,8,5,kids,9.313765525817873
critical,1,ambiguous,long,object,nonfinal,8,6,playing,8.75496768951416
critical,1,ambiguous,long,object,nonfinal,8,7,happily,11.443642616271973
critical,1,ambiguous,long,object,nonfinal,8,8,splashed,20.080089330673218
critical,1,ambiguous,long,object,nonfinal,8,9,each,8.72397232055664
critical,1,ambiguous,long,object,nonfinal,8,10,other,0.1040811464190483
critical,1,ambiguous,long,object,nonfinal,8,11,with,3.798873901367188
critical,1,ambiguous,long,object,nonfinal,8,12,water.,10.194669008255005
critical,1,ambiguous,short,object,nonfinal,6,0,As,18.902088165283203
critical,1,ambiguous,short,object,nonfinal,6,1,the,2.568919897079468
critical,1,ambiguous,short,object,nonfinal,6,2,lifeguard,23.027822077274323
critical,1,ambiguous,short,object,nonfinal,6,3,watched,14.568367004394531
critical,1,ambiguous,short,object,nonfinal,6,4,the,3.2557499408721924
critical,1,ambiguous,short,object,nonfinal,6,5,kids,9.313765525817873
critical,1,ambiguous,short,object,nonfinal,6,6,splashed,15.43412435054779
critical,1,ambiguous,short,object,nonfinal,6,7,each,9.786093711853027
critical,1,ambiguous,short,object,nonfinal,6,8,other,0.1713552623987198
critical,1,ambiguous,short,object,nonfinal,6,9,with,5.024600982666016
critical,1,ambiguous,short,object,nonfinal,6,10,water.,8.868383407592773
critical,1,unambiguous,long,object,nonfinal,10,0,As,18.902088165283203
critical,1,unambiguous,long,object,nonfinal,10,1,the,2.568919897079468
critical,1,unambiguous,long,object,nonfinal,10,2,lifeguard,23.027822077274323
critical,1,unambiguous,long,object,nonfinal,10,3,watched,14.568367004394531
critical,1,unambiguous,long,object,nonfinal,10,4,the,3.2557499408721924
critical,1,unambiguous,long,object,nonfinal,10,5,pool,11.393275260925291
critical,1,unambiguous,long,object,nonfinal,10,6,the,9.092219352722168
critical,1,unambiguous,long,object,nonfinal,10,7,kids,9.23398780822754
critical,1,unambiguous,long,object,nonfinal,10,8,playing,9.219722747802734
critical,1,unambiguous,long,object,nonfinal,10,9,happily,10.882204055786133
critical,1,unambiguous,long,object,nonfinal,10,10,splashed,18.83569383621216
critical,1,unambiguous,long,object,nonfinal,10,11,each,8.426522254943848
critical,1,unambiguous,long,object,nonfinal,10,12,other,0.1287365853786468
critical,1,unambiguous,long,object,nonfinal,10,13,with,3.319677829742432
critical,1,unambiguous,long,object,nonfinal,10,14,water.,8.726790189743042
critical,1,unambiguous,short,object,nonfinal,8,0,As,18.902088165283203
critical,1,unambiguous,short,object,nonfinal,8,1,the,2.568919897079468
critical,1,unambiguous,short,object,nonfinal,8,2,lifeguard,23.027822077274323
critical,1,unambiguous,short,object,nonfinal,8,3,watched,14.568367004394531
critical,1,unambiguous,short,object,nonfinal,8,4,the,3.2557499408721924
critical,1,unambiguous,short,object,nonfinal,8,5,pool,11.393275260925291
critical,1,unambiguous,short,object,nonfinal,8,6,the,9.092219352722168
critical,1,unambiguous,short,object,nonfinal,8,7,kids,9.23398780822754
critical,1,unambiguous,short,object,nonfinal,8,8,splashed,13.323443531990051
critical,1,unambiguous,short,object,nonfinal,8,9,each,9.98280906677246
critical,1,unambiguous,short,object,nonfinal,8,10,other,0.2137978225946426
critical,1,unambiguous,short,object,nonfinal,8,11,with,4.364540100097656
critical,1,unambiguous,short,object,nonfinal,8,12,water.,7.132288455963135
critical,2,ambiguous,long,comma,nonfinal,9,0,Because,19.343067169189453
critical,2,ambiguous,long,comma,nonfinal,9,1,the,2.936461925506592
critical,2,ambiguous,long,comma,nonfinal,9,2,suspect,15.373190879821776
critical,2,ambiguous,long,comma,nonfinal,9,3,changed,12.218175888061523
critical,2,ambiguous,long,comma,nonfinal,9,4,the,1.8422892093658447
critical,2,ambiguous,long,comma,nonfinal,9,5,file,10.802778244018556
critical,2,ambiguous,long,comma,nonfinal,9,6,with,7.964409351348877
critical,2,ambiguous,long,comma,nonfinal,9,7,the,1.7642723321914673
critical,2,ambiguous,long,comma,nonfinal,9,8,evidence,12.131353378295898
critical,2,ambiguous,long,comma,nonfinal,9,9,needed,11.540151596069336
critical,2,ambiguous,long,comma,nonfinal,9,10,to,0.6570672988891602
critical,2,ambiguous,long,comma,nonfinal,9,11,be,4.158138751983643
critical,2,ambiguous,long,comma,nonfinal,9,12,updated.,9.42207372188568
critical,2,ambiguous,short,comma,nonfinal,6,0,Because,19.343067169189453
critical,2,ambiguous,short,comma,nonfinal,6,1,the,2.936461925506592
critical,2,ambiguous,short,comma,nonfinal,6,2,suspect,15.373190879821776
critical,2,ambiguous,short,comma,nonfinal,6,3,changed,12.218175888061523
critical,2,ambiguous,short,comma,nonfinal,6,4,the,1.8422892093658447
critical,2,ambiguous,short,comma,nonfinal,6,5,file,10.802778244018556
critical,2,ambiguous,short,comma,nonfinal,6,6,needed,14.87708854675293
critical,2,ambiguous,short,comma,nonfinal,6,7,to,0.9601529836654664
critical,2,ambiguous,short,comma,nonfinal,6,8,be,4.126439094543457
critical,2,ambiguous,short,comma,nonfinal,6,9,updated.,8.439554572105408
critical,2,unambiguous,long,comma,nonfinal,9,0,Because,19.343067169189453
critical,2,unambiguous,long,comma,nonfinal,9,1,the,2.936461925506592
critical,2,unambiguous,long,comma,nonfinal,9,2,suspect,15.373190879821776
critical,2,unambiguous,long,comma,nonfinal,9,3,"changed,",19.311015605926517
critical,2,unambiguous,long,comma,nonfinal,9,4,the,2.0148770809173584
critical,2,unambiguous,long,comma,nonfinal,9,5,file,13.43967628479004
critical,2,unambiguous,long,comma,nonfinal,9,6,with,9.49093246459961
critical,2,unambiguous,long,comma,nonfinal,9,7,the,1.08818519115448
critical,2,unambiguous,long,comma,nonfinal,9,8,evidence,12.182953834533691
critical,2,unambiguous,long,comma,nonfinal,9,9,needed,10.13672924041748
critical,2,unambiguous,long,comma,nonfinal,9,10,to,0.5956048369407654
critical,2,unambiguous,long,comma,nonfinal,9,11,be,3.873720645904541
critical,2,unambiguous,long,comma,nonfinal,9,12,updated.,9.276782870292664
critical,2,unambiguous,short,comma,nonfinal,6,0,Because,19.343067169189453
critical,2,unambiguous,short,comma,nonfinal,6,1,the,2.936461925506592
critical,2,unambiguous,short,comma,nonfinal,6,2,suspect,15.373190879821776
critical,2,unambiguous,short,comma,nonfinal,6,3,"changed,",19.311015605926517
critical,2,unambiguous,short,comma,nonfinal,6,4,the,2.0148770809173584
critical,2,unambiguous,short,comma,nonfinal,6,5,file,13.43967628479004
critical,2,unambiguous,short,comma,nonfinal,6,6,needed,11.705695152282717
critical,2,unambiguous,short,comma,nonfinal,6,7,to,0.4827181398868561
critical,2,unambiguous,short,comma,nonfinal,6,8,be,2.8718295097351074
critical,2,unambiguous,short,comma,nonfinal,6,9,updated.,9.363781213760376
critical,3,ambiguous,long,object,nonfinal,11,0,While,20.3645076751709
critical,3,ambiguous,long,object,nonfinal,11,1,the,2.3847086429595947
critical,3,ambiguous,long,object,nonfinal,11,2,new,8.074301719665527
critical,3,ambiguous,long,object,nonfinal,11,3,chef,14.607287406921388
critical,3,ambiguous,long,object,nonfinal,11,4,cooked,14.073673248291016
critical,3,ambiguous,long,object,nonfinal,11,5,the,2.858973503112793
critical,3,ambiguous,long,object,nonfinal,11,6,stew,11.743558883666992
critical,3,ambiguous,long,object,nonfinal,11,7,with,3.705183267593384
critical,3,ambiguous,long,object,nonfinal,11,8,lamb,10.110136032104492
critical,3,ambiguous,long,object,nonfinal,11,9,and,2.1996169090271
critical,3,ambiguous,long,object,nonfinal,11,10,vegetables,6.829730987548828
critical,3,ambiguous,long,object,nonfinal,11,11,boiled,13.176039695739746
critical,3,ambiguous,long,object,nonfinal,11,12,over.,8.821713924407959
critical,3,ambiguous,short,object,nonfinal,7,0,While,20.3645076751709
critical,3,ambiguous,short,object,nonfinal,7,1,the,2.3847086429595947
critical,3,ambiguous,short,object,nonfinal,7,2,new,8.074301719665527
critical,3,ambiguous,short,object,nonfinal,7,3,chef,14.607287406921388
critical,3,ambiguous,short,object,nonfinal,7,4,cooked,14.073673248291016
critical,3,ambiguous,short,object,nonfinal,7,5,the,2.858973503112793
critical,3,ambiguous,short,object,nonfinal,7,6,stew,11.743558883666992
critical,3,ambiguous,short,object,nonfinal,7,7,boiled,14.489469528198242
critical,3,ambiguous,short,object,nonfinal,7,8,over.,12.246705532073976
critical,3,unambiguous,long,object,nonfinal,13,0,While,20.3645076751709
critical,3,unambiguous,long,object,nonfinal,13,1,the,2.3847086429595947
critical,3,unambiguous,long,object,nonfinal,13,2,new,8.074301719665527
critical,3,unambiguous,long,object,nonfinal,13,3,chef,14.607287406921388
critical,3,unambiguous,long,object,nonfinal,13,4,cooked,14.073673248291016
critical,3,unambiguous,long,object,nonfinal,13,5,the,2.858973503112793
critical,3,unambiguous,long,object,nonfinal,13,6,appetizers,13.530901193618774
critical,3,unambiguous,long,object,nonfinal,13,7,the,8.057747840881348
critical,3,unambiguous,long,object,nonfinal,13,8,stew,12.154952049255373
critical,3,unambiguous,long,object,nonfinal,13,9,with,6.417809009552002
critical,3,unambiguous,long,object,nonfinal,13,10,lamb,10.848566055297852
critical,3,unambiguous,long,object,nonfinal,13,11,and,2.3202524185180664
critical,3,unambiguous,long,object,nonfinal,13,12,vegetables,6.608712673187256
critical,3,unambiguous,long,object,nonfinal,13,13,boiled,12.655633926391602
critical,3,unambiguous,long,object,nonfinal,13,14,over.,7.457211971282959
critical,3,unambiguous,short,object,nonfinal,9,0,While,20.3645076751709
critical,3,unambiguous,short,object,nonfinal,9,1,the,2.3847086429595947
critical,3,unambiguous,short,object,nonfinal,9,2,new,8.074301719665527
critical,3,unambiguous,short,object,nonfinal,9,3,chef,14.607287406921388
critical,3,unambiguous,short,object,nonfinal,9,4,cooked,14.073673248291016
critical,3,unambiguous,short,object,nonfinal,9,5,the,2.858973503112793
critical,3,unambiguous,short,object,nonfinal,9,6,appetizers,13.530901193618774
critical,3,unambiguous,short,object,nonfinal,9,7,the,8.057747840881348
critical,3,unambiguous,short,object,nonfinal,9,8,stew,12.154952049255373
critical,3,unambiguous,short,object,nonfinal,9,9,boiled,11.307333946228027
critical,3,unambiguous,short,object,nonfinal,9,10,over.,10.366024732589722
critical,4,ambiguous,long,comma,nonfinal,8,0,As,18.902088165283203
critical,4,ambiguous,long,comma,nonfinal,8,1,the,2.568919897079468
critical,4,ambiguous,long,comma,nonfinal,8,2,child,11.103221893310549
critical,4,ambiguous,long,comma,nonfinal,8,3,showered,15.544546127319336
critical,4,ambiguous,long,comma,nonfinal,8,4,the,6.025611877441406
critical,4,ambiguous,long,comma,nonfinal,8,5,cat,10.893651008605955
critical,4,ambiguous,long,comma,nonfinal,8,6,complaining,18.040203094482425
critical,4,ambiguous,long,comma,nonfinal,8,7,loudly,6.762985229492188
critical,4,ambiguous,long,comma,nonfinal,8,8,ran,16.87981414794922
critical,4,ambiguous,long,comma,nonfinal,8,9,around,6.263360500335693
critical,4,ambiguous,long,comma,nonfinal,8,10,the,1.023728847503662
critical,4,ambiguous,long,comma,nonfinal,8,11,room.,3.427105188369751
critical,4,ambiguous,short,comma,nonfinal,6,0,As,18.902088165283203
critical,4,ambiguous,short,comma,nonfinal,6,1,the,2.568919897079468
critical,4,ambiguous,short,comma,nonfinal,6,2,child,11.103221893310549
critical,4,ambiguous,short,comma,nonfinal,6,3,showered,15.544546127319336
critical,4,ambiguous,short,comma,nonfinal,6,4,the,6.025611877441406
critical,4,ambiguous,short,comma,nonfinal,6,5,cat,10.893651008605955
critical,4,ambiguous,short,comma,nonfinal,6,6,ran,15.512494087219238
critical,4,ambiguous,short,comma,nonfinal,6,7,around,7.57960844039917
critical,4,ambiguous,short,comma,nonfinal,6,8,the,1.2479171752929688
critical,4,ambiguous,short,comma,nonfinal,6,9,room.,5.06792426109314
critical,4,unambiguous,long,comma,nonfinal,8,0,As,18.902088165283203
critical,4,unambiguous,long,comma,nonfinal,8,1,the,2.568919897079468
critical,4,unambiguous,long,comma,nonfinal,8,2,child,11.103221893310549
critical,4,unambiguous,long,comma,nonfinal,8,3,"showered,",17.157715916633606
critical,4,unambiguous,long,comma,nonfinal,8,4,the,2.148016452789306
critical,4,unambiguous,long,comma,nonfinal,8,5,cat,11.370733261108398
critical,4,unambiguous,long,comma,nonfinal,8,6,complaining,18.336597442626957
critical,4,unambiguous,long,comma,nonfinal,8,7,loudly,6.231308460235596
critical,4,unambiguous,long,comma,nonfinal,8,8,ran,12.213597297668455
critical,4,unambiguous,long,comma,nonfinal,8,9,around,5.8702826499938965
critical,4,unambiguous,long,comma,nonfinal,8,10,the,1.2167456150054932
critical,4,unambiguous,long,comma,nonfinal,8,11,room.,3.637204647064209
critical,4,unambiguous,short,comma,nonfinal,6,0,As,18.902088165283203
critical,4,unambiguous,short,comma,nonfinal,6,1,the,2.568919897079468
critical,4,unambiguous,short,comma,nonfinal,6,2,child,11.103221893310549
critical,4,unambiguous,short,comma,nonfinal,6,3,"showered,",17.157715916633606
critical,4,unambiguous,short,comma,nonfinal,6,4,the,2.148016452789306
critical,4,unambiguous,short,comma,nonfinal,6,5,cat,11.370733261108398
critical,4,unambiguous,short,comma,nonfinal,6,6,ran,9.63833713531494
critical,4,unambiguous,short,comma,nonfinal,6,7,around,7.488911628723144
critical,4,unambiguous,short,comma,nonfinal,6,8,the,1.5883382558822632
critical,4,unambiguous,short,comma,nonfinal,6,9,room.,4.447664022445679
critical,5,ambiguous,long,comma,final,9,0,When,18.168413162231445
critical,5,ambiguous,long,comma,final,9,1,the,2.4509260654449463
critical,5,ambiguous,long,comma,final,9,2,family,11.506866455078123
critical,5,ambiguous,long,comma,final,9,3,moved,6.7186055183410645
critical,5,ambiguous,long,comma,final,9,4,the,7.6275105476379395
critical,5,ambiguous,long,comma,final,9,5,vases,17.363060474395752
critical,5,ambiguous,long,comma,final,9,6,made,9.269209861755373
critical,5,ambiguous,long,comma,final,9,7,of,4.51194429397583
critical,5,ambiguous,long,comma,final,9,8,porcelain,9.891583863645792
critical,5,ambiguous,long,comma,final,9,9,broke.,17.103650093078613
critical,5,ambiguous,short,comma,final,6,0,When,18.168413162231445
critical,5,ambiguous,short,comma,final,6,1,the,2.4509260654449463
critical,5,ambiguous,short,comma,final,6,2,family,11.506866455078123
critical,5,ambiguous,short,comma,final,6,3,moved,6.7186055183410645
critical,5,ambiguous,short,comma,final,6,4,the,7.6275105476379395
critical,5,ambiguous,short,comma,final,6,5,vases,17.363060474395752
critical,5,ambiguous,short,comma,final,6,6,broke.,15.330572128295898
critical,5,unambiguous,long,comma,final,9,0,When,18.168413162231445
critical,5,unambiguous,long,comma,final,9,1,the,2.4509260654449463
critical,5,unambiguous,long,comma,final,9,2,family,11.506866455078123
critical,5,unambiguous,long,comma,final,9,3,"moved,",9.467862367630005
critical,5,unambiguous,long,comma,final,9,4,the,2.439478874206543
critical,5,unambiguous,long,comma,final,9,5,vases,20.122178554534912
critical,5,unambiguous,long,comma,final,9,6,made,7.965641975402832
critical,5,unambiguous,long,comma,final,9,7,of,5.550114154815674
critical,5,unambiguous,long,comma,final,9,8,porcelain,10.113130137789994
critical,5,unambiguous,long,comma,final,9,9,broke.,16.595396041870117
critical,5,unambiguous,short,comma,final,6,0,When,18.168413162231445
critical,5,unambiguous,short,comma,final,6,1,the,2.4509260654449463
critical,5,unambiguous,short,comma,final,6,2,family,11.506866455078123
critical,5,unambiguous,short,comma,final,6,3,"moved,",9.467862367630005
critical,5,unambiguous,short,comma,final,6,4,the,2.439478874206543
critical,5,unambiguous,short,comma,final,6,5,vases,20.122178554534912
critical,5,unambiguous,short,comma,final,6,6,broke.,12.920855522155762
critical,6,ambiguous,long,comma,nonfinal,10,0,After,18.362661361694336
critical,6,ambiguous,long,comma,nonfinal,10,1,the,3.5616533756256104
critical,6,ambiguous,long,comma,nonfinal,10,2,new,8.991660118103027
critical,6,ambiguous,long,comma,nonfinal,10,3,doctor,12.079049110412598
critical,6,ambiguous,long,comma,nonfinal,10,4,left,8.834746360778809
critical,6,ambiguous,long,comma,nonfinal,10,5,the,1.6411712169647217
critical,6,ambiguous,long,comma,nonfinal,10,6,operation,10.622969627380373
critical,6,ambiguous,long,comma,nonfinal,10,7,on,7.645121574401855
critical,6,ambiguous,long,comma,nonfinal,10,8,the,1.548008918762207
critical,6,ambiguous,long,comma,nonfinal,10,9,brain,10.694998741149902
critical,6,ambiguous,long,comma,nonfinal,10,10,appeared,15.78493595123291
critical,6,ambiguous,long,comma,nonfinal,10,11,more,9.72304630279541
critical,6,ambiguous,long,comma,nonfinal,10,12,likely,5.170420169830322
critical,6,ambiguous,long,comma,nonfinal,10,13,to,2.035658121109009
critical,6,ambiguous,long,comma,nonfinal,10,14,succeed.,8.134355664253235
critical,6,ambiguous,short,comma,nonfinal,7,0,After,18.362661361694336
critical,6,ambiguous,short,comma,nonfinal,7,1,the,3.5616533756256104
critical,6,ambiguous,short,comma,nonfinal,7,2,new,8.991660118103027
critical,6,ambiguous,short,comma,nonfinal,7,3,doctor,12.079049110412598
critical,6,ambiguous,short,comma,nonfinal,7,4,left,8.834746360778809
critical,6,ambiguous,short,comma,nonfinal,7,5,the,1.6411712169647217
critical,6,ambiguous,short,comma,nonfinal,7,6,operation,10.622969627380373
critical,6,ambiguous,short,comma,nonfinal,7,7,appeared,15.142662048339844
critical,6,ambiguous,short,comma,nonfinal,7,8,more,10.454784393310549
critical,6,ambiguous,short,comma,nonfinal,7,9,likely,6.226377487182617
critical,6,ambiguous,short,comma,nonfinal,7,10,to,2.737457513809204
critical,6,ambiguous,short,comma,nonfinal,7,11,succeed.,7.731591701507568
critical,6,unambiguous,long,comma,nonfinal,10,0,After,18.362661361694336
critical,6,unambiguous,long,comma,nonfinal,10,1,the,3.5616533756256104
critical,6,unambiguous,long,comma,nonfinal,10,2,new,8.991660118103027
critical,6,unambiguous,long,comma,nonfinal,10,3,doctor,12.079049110412598
critical,6,unambiguous,long,comma,nonfinal,10,4,"left,",12.082571268081663
critical,6,unambiguous,long,comma,nonfinal,10,5,the,2.22814679145813
critical,6,unambiguous,long,comma,nonfinal,10,6,operation,10.429247856140137
critical,6,unambiguous,long,comma,nonfinal,10,7,on,9.425948143005373
critical,6,unambiguous,long,comma,nonfinal,10,8,the,1.1684913635253906
critical,6,unambiguous,long,comma,nonfinal,10,9,brain,9.662640571594238
critical,6,unambiguous,long,comma,nonfinal,10,10,appeared,9.940718650817873
critical,6,unambiguous,long,comma,nonfinal,10,11,more,7.213651180267334
critical,6,unambiguous,long,comma,nonfinal,10,12,likely,7.049692630767822
critical,6,unambiguous,long,comma,nonfinal,10,13,to,2.14977765083313
critical,6,unambiguous,long,comma,nonfinal,10,14,succeed.,7.541040301322937
critical,6,unambiguous,short,comma,nonfinal,7,0,After,18.362661361694336
critical,6,unambiguous,short,comma,nonfinal,7,1,the,3.5616533756256104
critical,6,unambiguous,short,comma,nonfinal,7,2,new,8.991660118103027
critical,6,unambiguous,short,comma,nonfinal,7,3,doctor,12.079049110412598
critical,6,unambiguous,short,comma,nonfinal,7,4,"left,",12.082571268081663
critical,6,unambiguous,short,comma,nonfinal,7,5,the,2.22814679145813
critical,6,unambiguous,short,comma,nonfinal,7,6,operation,10.429247856140137
critical,6,unambiguous,short,comma,nonfinal,7,7,appeared,10.648505210876465
critical,6,unambiguous,short,comma,nonfinal,7,8,more,7.668720245361328
critical,6,unambiguous,short,comma,nonfinal,7,9,likely,6.8940110206604
critical,6,unambiguous,short,comma,nonfinal,7,10,to,1.8577868938446045
critical,6,unambiguous,short,comma,nonfinal,7,11,succeed.,6.700994551181793
critical,7,ambiguous,long,comma,final,8,0,While,20.3645076751709
critical,7,ambiguous,long,comma,final,8,1,the,2.3847086429595947
critical,7,ambiguous,long,comma,final,8,2,mom,14.977999687194824
critical,7,ambiguous,long,comma,final,8,3,dressed,13.546751022338867
critical,7,ambiguous,long,comma,final,8,4,the,3.855933666229248
critical,7,ambiguous,long,comma,final,8,5,baby,4.526385307312012
critical,7,ambiguous,long,comma,final,8,6,she,9.050305366516112
critical,7,ambiguous,long,comma,final,8,7,adored,12.551728188991548
critical,7,ambiguous,long,comma,final,8,8,cried.,19.319644689559937
critical,7,ambiguous,short,comma,final,6,0,While,20.3645076751709
critical,7,ambiguous,short,comma,final,6,1,the,2.3847086429595947
critical,7,ambiguous,short,comma,final,6,2,mom,14.977999687194824
critical,7,ambiguous,short,comma,final,6,3,dressed,13.546751022338867
critical,7,ambiguous,short,comma,final,6,4,the,3.855933666229248
critical,7,ambiguous,short,comma,final,6,5,baby,4.526385307312012
critical,7,ambiguous,short,comma,final,6,6,cried.,16.61952257156372
critical,7,unambiguous,long,comma,final,8,0,While,20.3645076751709
critical,7,unambiguous,long,comma,final,8,1,the,2.3847086429595947
critical,7,unambiguous,long,comma,final,8,2,mom,14.977999687194824
critical,7,unambiguous,long,comma,final,8,3,"dressed,",21.457798957824707
critical,7,unambiguous,long,comma,final,8,4,the,2.493721008300781
critical,7,unambiguous,long,comma,final,8,5,baby,5.710550308227539
critical,7,unambiguous,long,comma,final,8,6,she,11.368268013000488
critical,7,unambiguous,long,comma,final,8,7,adored,12.168512880802156
critical,7,unambiguous,long,comma,final,8,8,cried.,14.908611536026
critical,7,unambiguous,short,comma,final,6,0,While,20.3645076751709
critical,7,unambiguous,short,comma,final,6,1,the,2.3847086429595947
critical,7,unambiguous,short,comma,final,6,2,mom,14.977999687194824
critical,7,unambiguous,short,comma,final,6,3,"dressed,",21.457798957824707
critical,7,unambiguous,short,comma,final,6,4,the,2.493721008300781
critical,7,unambiguous,short,comma,final,6,5,baby,5.710550308227539
critical,7,unambiguous,short,comma,final,6,6,cried.,12.456276655197144
critical,8,ambiguous,long,comma,nonfinal,9,0,As,18.902088165283203
critical,8,ambiguous,long,comma,nonfinal,9,1,the,2.568919897079468
critical,8,ambiguous,long,comma,nonfinal,9,2,crowd,11.732287406921388
critical,8,ambiguous,long,comma,nonfinal,9,3,applauded,11.280916929244995
critical,8,ambiguous,long,comma,nonfinal,9,4,the,5.49904203414917
critical,8,ambiguous,long,comma,nonfinal,9,5,cast,11.631552696228027
critical,8,ambiguous,long,comma,nonfinal,9,6,for,8.090680122375488
critical,8,ambiguous,long,comma,nonfinal,9,7,the,2.5935754776000977
critical,8,ambiguous,long,comma,nonfinal,9,8,play,8.079233169555664
critical,8,ambiguous,long,comma,nonfinal,9,9,came,14.643037796020508
critical,8,ambiguous,long,comma,nonfinal,9,10,back,5.796668529510498
critical,8,ambiguous,long,comma,nonfinal,9,11,on,5.430182933807373
critical,8,ambiguous,long,comma,nonfinal,9,12,stage,5.183804512023926
critical,8,ambiguous,long,comma,nonfinal,9,13,and,3.174034833908081
critical,8,ambiguous,long,comma,nonfinal,9,14,waived.,22.195701122283936
critical,8,ambiguous,short,comma,nonfinal,6,0,As,18.902088165283203
critical,8,ambiguous,short,comma,nonfinal,6,1,the,2.568919897079468
critical,8,ambiguous,short,comma,nonfinal,6,2,crowd,11.732287406921388
critical,8,ambiguous,short,comma,nonfinal,6,3,applauded,11.280916929244995
critical,8,ambiguous,short,comma,nonfinal,6,4,the,5.49904203414917
critical,8,ambiguous,short,comma,nonfinal,6,5,cast,11.631552696228027
critical,8,ambiguous,short,comma,nonfinal,6,6,came,12.14526653289795
critical,8,ambiguous,short,comma,nonfinal,6,7,back,5.5735368728637695
critical,8,ambiguous,short,comma,nonfinal,6,8,on,6.018567085266113
critical,8,ambiguous,short,comma,nonfinal,6,9,stage,3.488743782043457
critical,8,ambiguous,short,comma,nonfinal,6,10,and,2.630382537841797
critical,8,ambiguous,short,comma,nonfinal,6,11,waived.,24.01985025405884
critical,8,unambiguous,long,comma,nonfinal,9,0,As,18.902088165283203
critical,8,unambiguous,long,comma,nonfinal,9,1,the,2.568919897079468
critical,8,unambiguous,long,comma,nonfinal,9,2,crowd,11.732287406921388
critical,8,unambiguous,long,comma,nonfinal,9,3,"applauded,",12.673772811889648
critical,8,unambiguous,long,comma,nonfinal,9,4,the,2.5682156085968018
critical,8,unambiguous,long,comma,nonfinal,9,5,cast,10.8607177734375
critical,8,unambiguous,long,comma,nonfinal,9,6,for,10.74113941192627
critical,8,unambiguous,long,comma,nonfinal,9,7,the,2.05591082572937
critical,8,unambiguous,long,comma,nonfinal,9,8,play,8.41666030883789
critical,8,unambiguous,long,comma,nonfinal,9,9,came,6.413230419158936
critical,8,unambiguous,long,comma,nonfinal,9,10,back,4.574639320373535
critical,8,unambiguous,long,comma,nonfinal,9,11,on,5.389149188995361
critical,8,unambiguous,long,comma,nonfinal,9,12,stage,4.600879669189453
critical,8,unambiguous,long,comma,nonfinal,9,13,and,2.9695708751678467
critical,8,unambiguous,long,comma,nonfinal,9,14,waived.,22.269668102264404
critical,8,unambiguous,short,comma,nonfinal,6,0,As,18.902088165283203
critical,8,unambiguous,short,comma,nonfinal,6,1,the,2.568919897079468
critical,8,unambiguous,short,comma,nonfinal,6,2,crowd,11.732287406921388
critical,8,unambiguous,short,comma,nonfinal,6,3,"applauded,",12.673772811889648
critical,8,unambiguous,short,comma,nonfinal,6,4,the,2.5682156085968018
critical,8,unambiguous,short,comma,nonfinal,6,5,cast,10.8607177734375
critical,8,unambiguous,short,comma,nonfinal,6,6,came,6.676515102386475
critical,8,unambiguous,short,comma,nonfinal,6,7,back,4.783506393432617
critical,8,unambiguous,short,comma,nonfinal,6,8,on,5.700511932373047
critical,8,unambiguous,short,comma,nonfinal,6,9,stage,4.03926420211792
critical,8,unambiguous,short,comma,nonfinal,6,10,and,2.1490731239318848
critical,8,unambiguous,short,comma,nonfinal,6,11,waived.,23.77118349075317
critical,9,ambiguous,long,object,nonfinal,8,0,Because,19.343067169189453
critical,9,ambiguous,long,object,nonfinal,8,1,the,2.936461925506592
critical,9,ambiguous,long,object,nonfinal,8,2,mechanic,15.723649978637695
critical,9,ambiguous,long,object,nonfinal,8,3,stopped,11.24094009399414
critical,9,ambiguous,long,object,nonfinal,8,4,the,2.265305995941162
critical,9,ambiguous,long,object,nonfinal,8,5,truck,7.6889729499816895
critical,9,ambiguous,long,object,nonfinal,8,6,leaking,13.927678108215332
critical,9,ambiguous,long,object,nonfinal,8,7,oil,3.8939733505249023
critical,9,ambiguous,long,object,nonfinal,8,8,needed,15.839882850646973
critical,9,ambiguous,long,object,nonfinal,8,9,several,10.792211532592772
critical,9,ambiguous,long,object,nonfinal,8,10,more,5.299509048461914
critical,9,ambiguous,long,object,nonfinal,8,11,hours,4.571293354034424
critical,9,ambiguous,long,object,nonfinal,8,12,before,5.842985153198242
critical,9,ambiguous,long,object,nonfinal,8,13,it,3.1412782669067383
critical,9,ambiguous,long,object,nonfinal,8,14,was,1.9800074100494385
critical,9,ambiguous,long,object,nonfinal,8,15,ready.,6.374838352203369
critical,9,ambiguous,short,object,nonfinal,6,0,Because,19.343067169189453
critical,9,ambiguous,short,object,nonfinal,6,1,the,2.936461925506592
critical,9,ambiguous,short,object,nonfinal,6,2,mechanic,15.723649978637695
critical,9,ambiguous,short,object,nonfinal,6,3,stopped,11.24094009399414
critical,9,ambiguous,short,object,nonfinal,6,4,the,2.265305995941162
critical,9,ambiguous,short,object,nonfinal,6,5,truck,7.6889729499816895
critical,9,ambiguous,short,object,nonfinal,6,6,needed,14.539484977722168
critical,9,ambiguous,short,object,nonfinal,6,7,several,9.062456130981444
critical,9,ambiguous,short,object,nonfinal,6,8,more,4.493804931640625
critical,9,ambiguous,short,object,nonfinal,6,9,hours,4.239501476287842
critical,9,ambiguous,short,object,nonfinal,6,10,before,6.2043633460998535
critical,9,ambiguous,short,object,nonfinal,6,11,it,3.436614990234375
critical,9,ambiguous,short,object,nonfinal,6,12,was,1.9350992441177368
critical,9,ambiguous,short,object,nonfinal,6,13,ready.,5.665113925933838
critical,9,unambiguous,long,object,nonfinal,10,0,Because,19.343067169189453
critical,9,unambiguous,long,object,nonfinal,10,1,the,2.936461925506592
critical,9,unambiguous,long,object,nonfinal,10,2,mechanic,15.723649978637695
critical,9,unambiguous,long,object,nonfinal,10,3,stopped,11.24094009399414
critical,9,unambiguous,long,object,nonfinal,10,4,the,2.265305995941162
critical,9,unambiguous,long,object,nonfinal,10,5,repairs,10.644102096557615
critical,9,unambiguous,long,object,nonfinal,10,6,the,7.79780912399292
critical,9,unambiguous,long,object,nonfinal,10,7,truck,9.686062812805176
critical,9,unambiguous,long,object,nonfinal,10,8,leaking,14.234638214111328
critical,9,unambiguous,long,object,nonfinal,10,9,oil,4.189662456512451
critical,9,unambiguous,long,object,nonfinal,10,10,needed,12.611958503723145
critical,9,unambiguous,long,object,nonfinal,10,11,several,12.00490665435791
critical,9,unambiguous,long,object,nonfinal,10,12,more,6.074746608734131
critical,9,unambiguous,long,object,nonfinal,10,13,hours,3.544394493103028
critical,9,unambiguous,long,object,nonfinal,10,14,before,3.8078553676605225
critical,9,unambiguous,long,object,nonfinal,10,15,it,3.867733001708984
critical,9,unambiguous,long,object,nonfinal,10,16,was,1.8350685834884644
critical,9,unambiguous,long,object,nonfinal,10,17,ready.,6.677923917770386
critical,9,unambiguous,short,object,nonfinal,8,0,Because,19.343067169189453
critical,9,unambiguous,short,object,nonfinal,8,1,the,2.936461925506592
critical,9,unambiguous,short,object,nonfinal,8,2,mechanic,15.723649978637695
critical,9,unambiguous,short,object,nonfinal,8,3,stopped,11.24094009399414
critical,9,unambiguous,short,object,nonfinal,8,4,the,2.265305995941162
critical,9,unambiguous,short,object,nonfinal,8,5,repairs,10.644102096557615
critical,9,unambiguous,short,object,nonfinal,8,6,the,7.79780912399292
critical,9,unambiguous,short,object,nonfinal,8,7,truck,9.686062812805176
critical,9,unambiguous,short,object,nonfinal,8,8,needed,6.687081813812256
critical,9,unambiguous,short,object,nonfinal,8,9,several,10.581231117248535
critical,9,unambiguous,short,object,nonfinal,8,10,more,5.450435638427734
critical,9,unambiguous,short,object,nonfinal,8,11,hours,3.4061479568481445
critical,9,unambiguous,short,object,nonfinal,8,12,before,4.421071529388428
critical,9,unambiguous,short,object,nonfinal,8,13,it,4.046308517456055
critical,9,unambiguous,short,object,nonfinal,8,14,was,1.700168251991272
critical,9,unambiguous,short,object,nonfinal,8,15,ready.,5.777296304702759
critical,10,ambiguous,long,comma,nonfinal,8,0,When,18.168413162231445
critical,10,ambiguous,long,comma,nonfinal,8,1,the,2.4509260654449463
critical,10,ambiguous,long,comma,nonfinal,8,2,boy,12.12149143218994
critical,10,ambiguous,long,comma,nonfinal,8,3,hid,14.825488090515137
critical,10,ambiguous,long,comma,nonfinal,8,4,his,3.118031740188598
critical,10,ambiguous,long,comma,nonfinal,8,5,toy,10.826200485229492
critical,10,ambiguous,long,comma,nonfinal,8,6,from,3.187595129013061
critical,10,ambiguous,long,comma,nonfinal,8,7,childhood,12.677823066711426
critical,10,ambiguous,long,comma,nonfinal,8,8,fell,16.81711769104004
critical,10,ambiguous,long,comma,nonfinal,8,9,off,4.903613567352295
critical,10,ambiguous,long,comma,nonfinal,8,10,the,1.8223886489868164
critical,10,ambiguous,long,comma,nonfinal,8,11,table.,8.866269588470459
critical,10,ambiguous,short,comma,nonfinal,6,0,When,18.168413162231445
critical,10,ambiguous,short,comma,nonfinal,6,1,the,2.4509260654449463
critical,10,ambiguous,short,comma,nonfinal,6,2,boy,12.12149143218994
critical,10,ambiguous,short,comma,nonfinal,6,3,hid,14.825488090515137
critical,10,ambiguous,short,comma,nonfinal,6,4,his,3.118031740188598
critical,10,ambiguous,short,comma,nonfinal,6,5,toy,10.826200485229492
critical,10,ambiguous,short,comma,nonfinal,6,6,fell,15.38181972503662
critical,10,ambiguous,short,comma,nonfinal,6,7,off,5.197541236877441
critical,10,ambiguous,short,comma,nonfinal,6,8,the,1.535328984260559
critical,10,ambiguous,short,comma,nonfinal,6,9,table.,8.231920719146729
critical,10,unambiguous,long,comma,nonfinal,8,0,When,18.168413162231445
critical,10,unambiguous,long,comma,nonfinal,8,1,the,2.4509260654449463
critical,10,unambiguous,long,comma,nonfinal,8,2,boy,12.12149143218994
critical,10,unambiguous,long,comma,nonfinal,8,3,"hid,",18.190778493881226
critical,10,unambiguous,long,comma,nonfinal,8,4,his,4.69774055480957
critical,10,unambiguous,long,comma,nonfinal,8,5,toy,11.421628952026367
critical,10,unambiguous,long,comma,nonfinal,8,6,from,9.682188034057615
critical,10,unambiguous,long,comma,nonfinal,8,7,childhood,12.22363567352295
critical,10,unambiguous,long,comma,nonfinal,8,8,fell,12.200212478637695
critical,10,unambiguous,long,comma,nonfinal,8,9,off,4.440619468688965
critical,10,unambiguous,long,comma,nonfinal,8,10,the,2.070704221725464
critical,10,unambiguous,long,comma,nonfinal,8,11,table.,5.281193852424622
critical,10,unambiguous,short,comma,nonfinal,6,0,When,18.168413162231445
critical,10,unambiguous,short,comma,nonfinal,6,1,the,2.4509260654449463
critical,10,unambiguous,short,comma,nonfinal,6,2,boy,12.12149143218994
critical,10,unambiguous,short,comma,nonfinal,6,3,"hid,",18.190778493881226
critical,10,unambiguous,short,comma,nonfinal,6,4,his,4.69774055480957
critical,10,unambiguous,short,comma,nonfinal,6,5,toy,11.421628952026367
critical,10,unambiguous,short,comma,nonfinal,6,6,fell,9.607693672180176
critical,10,unambiguous,short,comma,nonfinal,6,7,off,4.852541446685791
critical,10,unambiguous,short,comma,nonfinal,6,8,the,1.8824422359466555
critical,10,unambiguous,short,comma,nonfinal,6,9,table.,5.539723515510559
critical,11,ambiguous,long,comma,final,12,0,Whenever,23.766252517700195
critical,11,ambiguous,long,comma,final,12,1,the,2.7062859535217285
critical,11,ambiguous,long,comma,final,12,2,wildlife,17.959369659423828
critical,11,ambiguous,long,comma,final,12,3,documentary,15.616575241088867
critical,11,ambiguous,long,comma,final,12,4,crew,7.99910306930542
critical,11,ambiguous,long,comma,final,12,5,tries,10.055365562438965
critical,11,ambiguous,long,comma,final,12,6,to,0.0438514500856399
critical,11,ambiguous,long,comma,final,12,7,film,8.93195915222168
critical,11,ambiguous,long,comma,final,12,8,the,1.7454285621643066
critical,11,ambiguous,long,comma,final,12,9,bear,12.752846717834473
critical,11,ambiguous,long,comma,final,12,10,hunting,11.340970993041992
critical,11,ambiguous,long,comma,final,12,11,cautiously,21.25703430175781
critical,11,ambiguous,long,comma,final,12,12,leaves.,18.99260807037353
critical,11,ambiguous,short,comma,final,10,0,Whenever,23.766252517700195
critical,11,ambiguous,short,comma,final,10,1,the,2.7062859535217285
critical,11,ambiguous,short,comma,final,10,2,wildlife,17.959369659423828
critical,11,ambiguous,short,comma,final,10,3,documentary,15.616575241088867
critical,11,ambiguous,short,comma,final,10,4,crew,7.99910306930542
critical,11,ambiguous,short,comma,final,10,5,tries,10.055365562438965
critical,11,ambiguous,short,comma,final,10,6,to,0.0438514500856399
critical,11,ambiguous,short,comma,final,10,7,film,8.93195915222168
critical,11,ambiguous,short,comma,final,10,8,the,1.7454285621643066
critical,11,ambiguous,short,comma,final,10,9,bear,12.752846717834473
critical,11,ambiguous,short,comma,final,10,10,leaves.,17.08392572402954
critical,11,unambiguous,long,comma,final,12,0,Whenever,23.766252517700195
critical,11,unambiguous,long,comma,final,12,1,the,2.7062859535217285
critical,11,unambiguous,long,comma,final,12,2,wildlife,17.959369659423828
critical,11,unambiguous,long,comma,final,12,3,documentary,15.616575241088867
critical,11,unambiguous,long,comma,final,12,4,crew,7.99910306930542
critical,11,unambiguous,long,comma,final,12,5,tries,10.055365562438965
critical,11,unambiguous,long,comma,final,12,6,to,0.0438514500856399
critical,11,unambiguous,long,comma,final,12,7,"film,",15.433773040771484
critical,11,unambiguous,long,comma,final,12,8,the,3.069953680038452
critical,11,unambiguous,long,comma,final,12,9,bear,13.339117050170898
critical,11,unambiguous,long,comma,final,12,10,hunting,13.465741157531738
critical,11,unambiguous,long,comma,final,12,11,cautiously,18.75785255432129
critical,11,unambiguous,long,comma,final,12,12,leaves.,15.722769260406494
critical,11,unambiguous,short,comma,final,10,0,Whenever,23.766252517700195
critical,11,unambiguous,short,comma,final,10,1,the,2.7062859535217285
critical,11,unambiguous,short,comma,final,10,2,wildlife,17.959369659423828
critical,11,unambiguous,short,comma,final,10,3,documentary,15.616575241088867
critical,11,unambiguous,short,comma,final,10,4,crew,7.99910306930542
critical,11,unambiguous,short,comma,final,10,5,tries,10.055365562438965
critical,11,unambiguous,short,comma,final,10,6,to,0.0438514500856399
critical,11,unambiguous,short,comma,final,10,7,"film,",15.433773040771484
critical,11,unambiguous,short,comma,final,10,8,the,3.069953680038452
critical,11,unambiguous,short,comma,final,10,9,bear,13.339117050170898
critical,11,unambiguous,short,comma,final,10,10,leaves.,18.236391067504883
critical,12,ambiguous,long,object,nonfinal,9,0,After,18.362661361694336
critical,12,ambiguous,long,object,nonfinal,9,1,the,3.5616533756256104
critical,12,ambiguous,long,object,nonfinal,9,2,tutor,17.439491271972656
critical,12,ambiguous,long,object,nonfinal,9,3,explained,8.5651216506958
critical,12,ambiguous,long,object,nonfinal,9,4,the,3.3355278968811035
critical,12,ambiguous,long,object,nonfinal,9,5,problem,5.271331310272217
critical,12,ambiguous,long,object,nonfinal,9,6,for,7.624516487121582
critical,12,ambiguous,long,object,nonfinal,9,7,extra,14.39577865600586
critical,12,ambiguous,long,object,nonfinal,9,8,credit,8.352556228637695
critical,12,ambiguous,long,object,nonfinal,9,9,was,9.198237419128418
critical,12,ambiguous,long,object,nonfinal,9,10,no,8.152495384216309
critical,12,ambiguous,long,object,nonfinal,9,11,longer,2.158231019973755
critical,12,ambiguous,long,object,nonfinal,9,12,difficult,8.86767864227295
critical,12,ambiguous,long,object,nonfinal,9,13,for,5.006109714508057
critical,12,ambiguous,long,object,nonfinal,9,14,the,1.5048619508743286
critical,12,ambiguous,long,object,nonfinal,9,15,student.,4.317166209220886
critical,12,ambiguous,short,object,nonfinal,6,0,After,18.362661361694336
critical,12,ambiguous,short,object,nonfinal,6,1,the,3.5616533756256104
critical,12,ambiguous,short,object,nonfinal,6,2,tutor,17.439491271972656
critical,12,ambiguous,short,object,nonfinal,6,3,explained,8.5651216506958
critical,12,ambiguous,short,object,nonfinal,6,4,the,3.3355278968811035
critical,12,ambiguous,short,object,nonfinal,6,5,problem,5.271331310272217
critical,12,ambiguous,short,object,nonfinal,6,6,was,8.069018363952637
critical,12,ambiguous,short,object,nonfinal,6,7,no,8.102831840515137
critical,12,ambiguous,short,object,nonfinal,6,8,longer,1.5365618467330933
critical,12,ambiguous,short,object,nonfinal,6,9,difficult,8.824531555175781
critical,12,ambiguous,short,object,nonfinal,6,10,for,5.551346778869629
critical,12,ambiguous,short,object,nonfinal,6,11,the,1.5367379188537598
critical,12,ambiguous,short,object,nonfinal,6,12,student.,4.409447908401489
critical,12,unambiguous,long,object,nonfinal,11,0,After,18.362661361694336
critical,12,unambiguous,long,object,nonfinal,11,1,the,3.5616533756256104
critical,12,unambiguous,long,object,nonfinal,11,2,tutor,17.439491271972656
critical,12,unambiguous,long,object,nonfinal,11,3,explained,8.5651216506958
critical,12,unambiguous,long,object,nonfinal,11,4,the,3.3355278968811035
critical,12,unambiguous,long,object,nonfinal,11,5,concepts,8.59277057647705
critical,12,unambiguous,long,object,nonfinal,11,6,the,8.290389060974121
critical,12,unambiguous,long,object,nonfinal,11,7,problem,8.760075569152832
critical,12,unambiguous,long,object,nonfinal,11,8,for,9.668627738952637
critical,12,unambiguous,long,object,nonfinal,11,9,extra,14.631590843200684
critical,12,unambiguous,long,object,nonfinal,11,10,credit,9.40129280090332
critical,12,unambiguous,long,object,nonfinal,11,11,was,2.858445167541504
critical,12,unambiguous,long,object,nonfinal,11,12,no,8.147740364074707
critical,12,unambiguous,long,object,nonfinal,11,13,longer,2.114555597305298
critical,12,unambiguous,long,object,nonfinal,11,14,difficult,8.487809181213379
critical,12,unambiguous,long,object,nonfinal,11,15,for,5.078843116760254
critical,12,unambiguous,long,object,nonfinal,11,16,the,1.5203596353530884
critical,12,unambiguous,long,object,nonfinal,11,17,student.,4.1283761858940125
critical,12,unambiguous,short,object,nonfinal,8,0,After,18.362661361694336
critical,12,unambiguous,short,object,nonfinal,8,1,the,3.5616533756256104
critical,12,unambiguous,short,object,nonfinal,8,2,tutor,17.439491271972656
critical,12,unambiguous,short,object,nonfinal,8,3,explained,8.5651216506958
critical,12,unambiguous,short,object,nonfinal,8,4,the,3.3355278968811035
critical,12,unambiguous,short,object,nonfinal,8,5,concepts,8.59277057647705
critical,12,unambiguous,short,object,nonfinal,8,6,the,8.290389060974121
critical,12,unambiguous,short,object,nonfinal,8,7,problem,8.760075569152832
critical,12,unambiguous,short,object,nonfinal,8,8,was,1.4076491594314575
critical,12,unambiguous,short,object,nonfinal,8,9,no,8.74422550201416
critical,12,unambiguous,short,object,nonfinal,8,10,longer,1.2551376819610596
critical,12,unambiguous,short,object,nonfinal,8,11,difficult,8.235090255737305
critical,12,unambiguous,short,object,nonfinal,8,12,for,5.570014476776123
critical,12,unambiguous,short,object,nonfinal,8,13,the,1.521064043045044
critical,12,unambiguous,short,object,nonfinal,8,14,student.,3.932365298271179
critical,13,ambiguous,long,object,final,11,0,When,18.168413162231445
critical,13,ambiguous,long,object,final,11,1,the,2.4509260654449463
critical,13,ambiguous,long,object,final,11,2,original,9.470855712890623
critical,13,ambiguous,long,object,final,11,3,members,13.73853588104248
critical,13,ambiguous,long,object,final,11,4,left,7.98941707611084
critical,13,ambiguous,long,object,final,11,5,the,1.7065081596374512
critical,13,ambiguous,long,object,final,11,6,company,8.718513488769531
critical,13,ambiguous,long,object,final,11,7,that,7.695312976837158
critical,13,ambiguous,long,object,final,11,8,was,2.907403945922852
critical,13,ambiguous,long,object,final,11,9,recently,10.897701263427734
critical,13,ambiguous,long,object,final,11,10,acquired,5.418559551239014
critical,13,ambiguous,long,object,final,11,11,failed.,19.27456045150757
critical,13,ambiguous,short,object,final,7,0,When,18.168413162231445
critical,13,ambiguous,short,object,final,7,1,the,2.4509260654449463
critical,13,ambiguous,short,object,final,7,2,original,9.470855712890623
critical,13,ambiguous,short,object,final,7,3,members,13.73853588104248
critical,13,ambiguous,short,object,final,7,4,left,7.98941707611084
critical,13,ambiguous,short,object,final,7,5,the,1.7065081596374512
critical,13,ambiguous,short,object,final,7,6,company,8.718513488769531
critical,13,ambiguous,short,object,final,7,7,failed.,16.931414127349854
critical,13,unambiguous,long,object,final,14,0,When,18.168413162231445
critical,13,unambiguous,long,object,final,14,1,the,2.4509260654449463
critical,13,unambiguous,long,object,final,14,2,original,9.470855712890623
critical,13,unambiguous,long,object,final,14,3,members,13.73853588104248
critical,13,unambiguous,long,object,final,14,4,left,7.98941707611084
critical,13,unambiguous,long,object,final,14,5,the,1.7065081596374512
critical,13,unambiguous,long,object,final,14,6,engineering,13.60891819000244
critical,13,unambiguous,long,object,final,14,7,team,4.576048374176025
critical,13,unambiguous,long,object,final,14,8,the,6.572786331176758
critical,13,unambiguous,long,object,final,14,9,company,7.103582382202148
critical,13,unambiguous,long,object,final,14,10,that,8.032211303710938
critical,13,unambiguous,long,object,final,14,11,was,3.2575109004974365
critical,13,unambiguous,long,object,final,14,12,recently,11.699883460998535
critical,13,unambiguous,long,object,final,14,13,acquired,5.877502918243408
critical,13,unambiguous,long,object,final,14,14,failed.,14.860886096954346
critical,13,unambiguous,short,object,final,10,0,When,18.168413162231445
critical,13,unambiguous,short,object,final,10,1,the,2.4509260654449463
critical,13,unambiguous,short,object,final,10,2,original,9.470855712890623
critical,13,unambiguous,short,object,final,10,3,members,13.73853588104248
critical,13,unambiguous,short,object,final,10,4,left,7.98941707611084
critical,13,unambiguous,short,object,final,10,5,the,1.7065081596374512
critical,13,unambiguous,short,object,final,10,6,engineering,13.60891819000244
critical,13,unambiguous,short,object,final,10,7,team,4.576048374176025
critical,13,unambiguous,short,object,final,10,8,the,6.572786331176758
critical,13,unambiguous,short,object,final,10,9,company,7.103582382202148
critical,13,unambiguous,short,object,final,10,10,failed.,12.755664825439451
critical,14,ambiguous,long,object,nonfinal,9,0,Because,19.343067169189453
critical,14,ambiguous,long,object,nonfinal,9,1,the,2.936461925506592
critical,14,ambiguous,long,object,nonfinal,9,2,student,11.858558654785156
critical,14,ambiguous,long,object,nonfinal,9,3,left,10.481904983520508
critical,14,ambiguous,long,object,nonfinal,9,4,the,1.3630932569503784
critical,14,ambiguous,long,object,nonfinal,9,5,backpack,14.845388412475586
critical,14,ambiguous,long,object,nonfinal,9,6,he,8.418421745300293
critical,14,ambiguous,long,object,nonfinal,9,7,just,8.426522254943848
critical,14,ambiguous,long,object,nonfinal,9,8,bought,6.495121479034424
critical,14,ambiguous,long,object,nonfinal,9,9,was,5.65578031539917
critical,14,ambiguous,long,object,nonfinal,9,10,put,11.008298873901367
critical,14,ambiguous,long,object,nonfinal,9,11,in,2.4285600185394287
critical,14,ambiguous,long,object,nonfinal,9,12,lost,15.728933334350586
critical,14,ambiguous,long,object,nonfinal,9,13,and,4.641561508178711
critical,14,ambiguous,long,object,nonfinal,9,14,found.,15.756054401397703
critical,14,ambiguous,short,object,nonfinal,6,0,Because,19.343067169189453
critical,14,ambiguous,short,object,nonfinal,6,1,the,2.936461925506592
critical,14,ambiguous,short,object,nonfinal,6,2,student,11.858558654785156
critical,14,ambiguous,short,object,nonfinal,6,3,left,10.481904983520508
critical,14,ambiguous,short,object,nonfinal,6,4,the,1.3630932569503784
critical,14,ambiguous,short,object,nonfinal,6,5,backpack,14.845388412475586
critical,14,ambiguous,short,object,nonfinal,6,6,was,8.44765567779541
critical,14,ambiguous,short,object,nonfinal,6,7,put,9.968191146850586
critical,14,ambiguous,short,object,nonfinal,6,8,in,2.394570827484131
critical,14,ambiguous,short,object,nonfinal,6,9,lost,16.731529235839844
critical,14,ambiguous,short,object,nonfinal,6,10,and,4.453651905059815
critical,14,ambiguous,short,object,nonfinal,6,11,found.,13.459752559661863
critical,14,unambiguous,long,object,nonfinal,11,0,Because,19.343067169189453
critical,14,unambiguous,long,object,nonfinal,11,1,the,2.936461925506592
critical,14,unambiguous,long,object,nonfinal,11,2,student,11.858558654785156
critical,14,unambiguous,long,object,nonfinal,11,3,left,10.481904983520508
critical,14,unambiguous,long,object,nonfinal,11,4,the,1.3630932569503784
critical,14,unambiguous,long,object,nonfinal,11,5,room,3.915987253189087
critical,14,unambiguous,long,object,nonfinal,11,6,the,7.75184440612793
critical,14,unambiguous,long,object,nonfinal,11,7,backpack,16.159347534179688
critical,14,unambiguous,long,object,nonfinal,11,8,he,6.915496826171875
critical,14,unambiguous,long,object,nonfinal,11,9,just,9.438980102539062
critical,14,unambiguous,long,object,nonfinal,11,10,bought,6.536507606506348
critical,14,unambiguous,long,object,nonfinal,11,11,was,2.702059268951416
critical,14,unambiguous,long,object,nonfinal,11,12,put,10.622793197631836
critical,14,unambiguous,long,object,nonfinal,11,13,in,2.4549765586853027
critical,14,unambiguous,long,object,nonfinal,11,14,lost,16.231904983520508
critical,14,unambiguous,long,object,nonfinal,11,15,and,4.907135486602783
critical,14,unambiguous,long,object,nonfinal,11,16,found.,15.073803424835203
critical,14,unambiguous,short,object,nonfinal,8,0,Because,19.343067169189453
critical,14,unambiguous,short,object,nonfinal,8,1,the,2.936461925506592
critical,14,unambiguous,short,object,nonfinal,8,2,student,11.858558654785156
critical,14,unambiguous,short,object,nonfinal,8,3,left,10.481904983520508
critical,14,unambiguous,short,object,nonfinal,8,4,the,1.3630932569503784
critical,14,unambiguous,short,object,nonfinal,8,5,room,3.915987253189087
critical,14,unambiguous,short,object,nonfinal,8,6,the,7.75184440612793
critical,14,unambiguous,short,object,nonfinal,8,7,backpack,16.159347534179688
critical,14,unambiguous,short,object,nonfinal,8,8,was,2.6076643466949463
critical,14,unambiguous,short,object,nonfinal,8,9,put,9.0828857421875
critical,14,unambiguous,short,object,nonfinal,8,10,in,2.2344865798950195
critical,14,unambiguous,short,object,nonfinal,8,11,lost,17.956199645996094
critical,14,unambiguous,short,object,nonfinal,8,12,and,4.275956630706787
critical,14,unambiguous,short,object,nonfinal,8,13,found.,14.787799835205078
critical,15,ambiguous,long,object,nonfinal,11,0,Once,18.263687133789062
critical,15,ambiguous,long,object,nonfinal,11,1,the,3.358774423599243
critical,15,ambiguous,long,object,nonfinal,11,2,new,8.351851463317871
critical,15,ambiguous,long,object,nonfinal,11,3,assistant,13.760021209716797
critical,15,ambiguous,long,object,nonfinal,11,4,started,11.480097770690918
critical,15,ambiguous,long,object,nonfinal,11,5,the,3.6079704761505127
critical,15,ambiguous,long,object,nonfinal,11,6,job,5.938085079193115
critical,15,ambiguous,long,object,nonfinal,11,7,as,5.229241371154785
critical,15,ambiguous,long,object,nonfinal,11,8,an,4.402579784393311
critical,15,ambiguous,long,object,nonfinal,11,9,executive,5.861829280853272
critical,15,ambiguous,long,object,nonfinal,11,10,manager,6.117893218994141
critical,15,ambiguous,long,object,nonfinal,11,11,became,12.068657875061035
critical,15,ambiguous,long,object,nonfinal,11,12,much,7.496131896972656
critical,15,ambiguous,long,object,nonfinal,11,13,easier,3.901722192764282
critical,15,ambiguous,long,object,nonfinal,11,14,for,5.362908840179443
critical,15,ambiguous,long,object,nonfinal,11,15,her,4.294800281524658
critical,15,ambiguous,long,object,nonfinal,11,16,boss.,8.449240565299988
critical,15,ambiguous,short,object,nonfinal,7,0,Once,18.263687133789062
critical,15,ambiguous,short,object,nonfinal,7,1,the,3.358774423599243
critical,15,ambiguous,short,object,nonfinal,7,2,new,8.351851463317871
critical,15,ambiguous,short,object,nonfinal,7,3,assistant,13.760021209716797
critical,15,ambiguous,short,object,nonfinal,7,4,started,11.480097770690918
critical,15,ambiguous,short,object,nonfinal,7,5,the,3.6079704761505127
critical,15,ambiguous,short,object,nonfinal,7,6,job,5.938085079193115
critical,15,ambiguous,short,object,nonfinal,7,7,became,11.819814682006836
critical,15,ambiguous,short,object,nonfinal,7,8,much,6.909156799316406
critical,15,ambiguous,short,object,nonfinal,7,9,easier,2.035305976867676
critical,15,ambiguous,short,object,nonfinal,7,10,for,5.7586283683776855
critical,15,ambiguous,short,object,nonfinal,7,11,her,3.5725722312927246
critical,15,ambiguous,short,object,nonfinal,7,12,boss.,9.703497290611269
critical,15,unambiguous,long,object,nonfinal,12,0,Once,18.263687133789062
critical,15,unambiguous,long,object,nonfinal,12,1,the,3.358774423599243
critical,15,unambiguous,long,object,nonfinal,12,2,new,8.351851463317871
critical,15,unambiguous,long,object,nonfinal,12,3,assistant,13.760021209716797
critical,15,unambiguous,long,object,nonfinal,12,4,started,11.480097770690918
critical,15,unambiguous,long,object,nonfinal,12,5,work,8.626935958862305
critical,15,unambiguous,long,object,nonfinal,12,6,the,5.8900065422058105
critical,15,unambiguous,long,object,nonfinal,12,7,job,8.569171905517578
critical,15,unambiguous,long,object,nonfinal,12,8,as,6.1245856285095215
critical,15,unambiguous,long,object,nonfinal,12,9,an,4.602817058563232
critical,15,unambiguous,long,object,nonfinal,12,10,executive,5.926285266876221
critical,15,unambiguous,long,object,nonfinal,12,11,manager,6.385228633880615
critical,15,unambiguous,long,object,nonfinal,12,12,became,11.408773422241213
critical,15,unambiguous,long,object,nonfinal,12,13,much,7.422165870666504
critical,15,unambiguous,long,object,nonfinal,12,14,easier,3.2152445316314697
critical,15,unambiguous,long,object,nonfinal,12,15,for,5.645741939544678
critical,15,unambiguous,long,object,nonfinal,12,16,her,4.180152416229248
critical,15,unambiguous,long,object,nonfinal,12,17,boss.,8.354141235351562
critical,15,unambiguous,short,object,nonfinal,8,0,Once,18.263687133789062
critical,15,unambiguous,short,object,nonfinal,8,1,the,3.358774423599243
critical,15,unambiguous,short,object,nonfinal,8,2,new,8.351851463317871
critical,15,unambiguous,short,object,nonfinal,8,3,assistant,13.760021209716797
critical,15,unambiguous,short,object,nonfinal,8,4,started,11.480097770690918
critical,15,unambiguous,short,object,nonfinal,8,5,work,8.626935958862305
critical,15,unambiguous,short,object,nonfinal,8,6,the,5.8900065422058105
critical,15,unambiguous,short,object,nonfinal,8,7,job,8.569171905517578
critical,15,unambiguous,short,object,nonfinal,8,8,became,7.679638862609863
critical,15,unambiguous,short,object,nonfinal,8,9,much,6.093414306640625
critical,15,unambiguous,short,object,nonfinal,8,10,easier,1.3694331645965576
critical,15,unambiguous,short,object,nonfinal,8,11,for,6.061009883880615
critical,15,unambiguous,short,object,nonfinal,8,12,her,3.5209720134735107
critical,15,unambiguous,short,object,nonfinal,8,13,boss.,9.888765811920166
critical,16,ambiguous,long,object,nonfinal,10,0,When,18.168413162231445
critical,16,ambiguous,long,object,nonfinal,10,1,the,2.4509260654449463
critical,16,ambiguous,long,object,nonfinal,10,2,magician,15.863129556179048
critical,16,ambiguous,long,object,nonfinal,10,3,tried,9.319225311279297
critical,16,ambiguous,long,object,nonfinal,10,4,to,0.2856507897377014
critical,16,ambiguous,long,object,nonfinal,10,5,juggle,15.083136722445488
critical,16,ambiguous,long,object,nonfinal,10,6,the,2.5581772327423096
critical,16,ambiguous,long,object,nonfinal,10,7,torches,16.426329970359802
critical,16,ambiguous,long,object,nonfinal,10,8,burning,13.882417678833008
critical,16,ambiguous,long,object,nonfinal,10,9,dangerously,16.95483672618866
critical,16,ambiguous,long,object,nonfinal,10,10,fell,15.685962677001951
critical,16,ambiguous,long,object,nonfinal,10,11,down.,12.68821382522583
critical,16,ambiguous,short,object,nonfinal,8,0,When,18.168413162231445
critical,16,ambiguous,short,object,nonfinal,8,1,the,2.4509260654449463
critical,16,ambiguous,short,object,nonfinal,8,2,magician,15.863129556179048
critical,16,ambiguous,short,object,nonfinal,8,3,tried,9.319225311279297
critical,16,ambiguous,short,object,nonfinal,8,4,to,0.2856507897377014
critical,16,ambiguous,short,object,nonfinal,8,5,juggle,15.083136722445488
critical,16,ambiguous,short,object,nonfinal,8,6,the,2.5581772327423096
critical,16,ambiguous,short,object,nonfinal,8,7,torches,16.426329970359802
critical,16,ambiguous,short,object,nonfinal,8,8,fell,16.143672943115234
critical,16,ambiguous,short,object,nonfinal,8,9,down.,12.263436317443848
critical,16,unambiguous,long,object,nonfinal,12,0,When,18.168413162231445
critical,16,unambiguous,long,object,nonfinal,12,1,the,2.4509260654449463
critical,16,unambiguous,long,object,nonfinal,12,2,magician,15.863129556179048
critical,16,unambiguous,long,object,nonfinal,12,3,tried,9.319225311279297
critical,16,unambiguous,long,object,nonfinal,12,4,to,0.2856507897377014
critical,16,unambiguous,long,object,nonfinal,12,5,juggle,15.083136722445488
critical,16,unambiguous,long,object,nonfinal,12,6,more,8.765006065368652
critical,16,unambiguous,long,object,nonfinal,12,7,items,11.281621932983398
critical,16,unambiguous,long,object,nonfinal,12,8,the,7.521844387054443
critical,16,unambiguous,long,object,nonfinal,12,9,torches,17.568052530288696
critical,16,unambiguous,long,object,nonfinal,12,10,burning,15.135618209838867
critical,16,unambiguous,long,object,nonfinal,12,11,dangerously,14.86405611038208
critical,16,unambiguous,long,object,nonfinal,12,12,fell,13.186429977416992
critical,16,unambiguous,long,object,nonfinal,12,13,down.,11.14372730255127
critical,16,unambiguous,short,object,nonfinal,10,0,When,18.168413162231445
critical,16,unambiguous,short,object,nonfinal,10,1,the,2.4509260654449463
critical,16,unambiguous,short,object,nonfinal,10,2,magician,15.863129556179048
critical,16,unambiguous,short,object,nonfinal,10,3,tried,9.319225311279297
critical,16,unambiguous,short,object,nonfinal,10,4,to,0.2856507897377014
critical,16,unambiguous,short,object,nonfinal,10,5,juggle,15.083136722445488
critical,16,unambiguous,short,object,nonfinal,10,6,more,8.765006065368652
critical,16,unambiguous,short,object,nonfinal,10,7,items,11.281621932983398
critical,16,unambiguous,short,object,nonfinal,10,8,the,7.521844387054443
critical,16,unambiguous,short,object,nonfinal,10,9,torches,17.568052530288696
critical,16,unambiguous,short,object,nonfinal,10,10,fell,10.408995628356934
critical,16,unambiguous,short,object,nonfinal,10,11,down.,10.757341384887695
critical,17,ambiguous,long,comma,nonfinal,10,0,When,18.168413162231445
critical,17,ambiguous,long,comma,nonfinal,10,1,the,2.4509260654449463
critical,17,ambiguous,long,comma,nonfinal,10,2,marathon,15.56761646270752
critical,17,ambiguous,long,comma,nonfinal,10,3,runner,5.0489044189453125
critical,17,ambiguous,long,comma,nonfinal,10,4,finally,9.96660614013672
critical,17,ambiguous,long,comma,nonfinal,10,5,stopped,6.594624042510986
critical,17,ambiguous,long,comma,nonfinal,10,6,his,6.717548847198486
critical,17,ambiguous,long,comma,nonfinal,10,7,friend,9.279071807861328
critical,17,ambiguous,long,comma,nonfinal,10,8,sweating,17.54374885559082
critical,17,ambiguous,long,comma,nonfinal,10,9,profusely,6.227434128522873
critical,17,ambiguous,long,comma,nonfinal,10,10,collapsed,21.17954444885254
critical,17,ambiguous,long,comma,nonfinal,10,11,from,5.185037612915039
critical,17,ambiguous,long,comma,nonfinal,10,12,exhaustion.,7.016055583953857
critical,17,ambiguous,short,comma,nonfinal,8,0,When,18.168413162231445
critical,17,ambiguous,short,comma,nonfinal,8,1,the,2.4509260654449463
critical,17,ambiguous,short,comma,nonfinal,8,2,marathon,15.56761646270752
critical,17,ambiguous,short,comma,nonfinal,8,3,runner,5.0489044189453125
critical,17,ambiguous,short,comma,nonfinal,8,4,finally,9.96660614013672
critical,17,ambiguous,short,comma,nonfinal,8,5,stopped,6.594624042510986
critical,17,ambiguous,short,comma,nonfinal,8,6,his,6.717548847198486
critical,17,ambiguous,short,comma,nonfinal,8,7,friend,9.279071807861328
critical,17,ambiguous,short,comma,nonfinal,8,8,collapsed,17.374858856201172
critical,17,ambiguous,short,comma,nonfinal,8,9,from,5.402885913848877
critical,17,ambiguous,short,comma,nonfinal,8,10,exhaustion.,9.839455127716064
critical,17,unambiguous,long,comma,nonfinal,10,0,When,18.168413162231445
critical,17,unambiguous,long,comma,nonfinal,10,1,the,2.4509260654449463
critical,17,unambiguous,long,comma,nonfinal,10,2,marathon,15.56761646270752
critical,17,unambiguous,long,comma,nonfinal,10,3,runner,5.0489044189453125
critical,17,unambiguous,long,comma,nonfinal,10,4,finally,9.96660614013672
critical,17,unambiguous,long,comma,nonfinal,10,5,"stopped,",8.139639139175415
critical,17,unambiguous,long,comma,nonfinal,10,6,his,6.241698741912842
critical,17,unambiguous,long,comma,nonfinal,10,7,friend,7.1742024421691895
critical,17,unambiguous,long,comma,nonfinal,10,8,sweating,18.673320770263672
critical,17,unambiguous,long,comma,nonfinal,10,9,profusely,6.125113815069199
critical,17,unambiguous,long,comma,nonfinal,10,10,collapsed,12.558773040771484
critical,17,unambiguous,long,comma,nonfinal,10,11,from,5.579348087310791
critical,17,unambiguous,long,comma,nonfinal,10,12,exhaustion.,4.383207559585571
critical,17,unambiguous,short,comma,nonfinal,8,0,When,18.168413162231445
critical,17,unambiguous,short,comma,nonfinal,8,1,the,2.4509260654449463
critical,17,unambiguous,short,comma,nonfinal,8,2,marathon,15.56761646270752
critical,17,unambiguous,short,comma,nonfinal,8,3,runner,5.0489044189453125
critical,17,unambiguous,short,comma,nonfinal,8,4,finally,9.96660614013672
critical,17,unambiguous,short,comma,nonfinal,8,5,"stopped,",8.139639139175415
critical,17,unambiguous,short,comma,nonfinal,8,6,his,6.241698741912842
critical,17,unambiguous,short,comma,nonfinal,8,7,friend,7.1742024421691895
critical,17,unambiguous,short,comma,nonfinal,8,8,collapsed,11.85116195678711
critical,17,unambiguous,short,comma,nonfinal,8,9,from,6.10574197769165
critical,17,unambiguous,short,comma,nonfinal,8,10,exhaustion.,6.193796753883362
critical,18,ambiguous,long,comma,nonfinal,9,0,While,20.3645076751709
critical,18,ambiguous,long,comma,nonfinal,9,1,the,2.3847086429595947
critical,18,ambiguous,long,comma,nonfinal,9,2,martial,14.827073097229004
critical,18,ambiguous,long,comma,nonfinal,9,3,artists,6.060657501220703
critical,18,ambiguous,long,comma,nonfinal,9,4,fought,9.295450210571287
critical,18,ambiguous,long,comma,nonfinal,9,5,the,3.9151065349578857
critical,18,ambiguous,long,comma,nonfinal,9,6,spectator,15.721713066101074
critical,18,ambiguous,long,comma,nonfinal,9,7,cheering,14.98786163330078
critical,18,ambiguous,long,comma,nonfinal,9,8,enthusiastically,13.934898361563684
critical,18,ambiguous,long,comma,nonfinal,9,9,supported,15.087539672851562
critical,18,ambiguous,long,comma,nonfinal,9,10,the,1.547480583190918
critical,18,ambiguous,long,comma,nonfinal,9,11,underdog.,21.993526697158813
critical,18,ambiguous,short,comma,nonfinal,7,0,While,20.3645076751709
critical,18,ambiguous,short,comma,nonfinal,7,1,the,2.3847086429595947
critical,18,ambiguous,short,comma,nonfinal,7,2,martial,14.827073097229004
critical,18,ambiguous,short,comma,nonfinal,7,3,artists,6.060657501220703
critical,18,ambiguous,short,comma,nonfinal,7,4,fought,9.295450210571287
critical,18,ambiguous,short,comma,nonfinal,7,5,the,3.9151065349578857
critical,18,ambiguous,short,comma,nonfinal,7,6,spectator,15.721713066101074
critical,18,ambiguous,short,comma,nonfinal,7,7,supported,17.587600708007812
critical,18,ambiguous,short,comma,nonfinal,7,8,the,2.676171064376831
critical,18,ambiguous,short,comma,nonfinal,7,9,underdog.,23.516175270080566
critical,18,unambiguous,long,comma,nonfinal,9,0,While,20.3645076751709
critical,18,unambiguous,long,comma,nonfinal,9,1,the,2.3847086429595947
critical,18,unambiguous,long,comma,nonfinal,9,2,martial,14.827073097229004
critical,18,unambiguous,long,comma,nonfinal,9,3,artists,6.060657501220703
critical,18,unambiguous,long,comma,nonfinal,9,4,"fought,",14.958274841308594
critical,18,unambiguous,long,comma,nonfinal,9,5,the,1.8109415769577024
critical,18,unambiguous,long,comma,nonfinal,9,6,spectator,14.642509698867798
critical,18,unambiguous,long,comma,nonfinal,9,7,cheering,15.430426597595217
critical,18,unambiguous,long,comma,nonfinal,9,8,enthusiastically,13.14134537614882
critical,18,unambiguous,long,comma,nonfinal,9,9,supported,10.40494441986084
critical,18,unambiguous,long,comma,nonfinal,9,10,the,1.1827563047409058
critical,18,unambiguous,long,comma,nonfinal,9,11,underdog.,22.21542596817017
critical,18,unambiguous,short,comma,nonfinal,7,0,While,20.3645076751709
critical,18,unambiguous,short,comma,nonfinal,7,1,the,2.3847086429595947
critical,18,unambiguous,short,comma,nonfinal,7,2,martial,14.827073097229004
critical,18,unambiguous,short,comma,nonfinal,7,3,artists,6.060657501220703
critical,18,unambiguous,short,comma,nonfinal,7,4,"fought,",14.958274841308594
critical,18,unambiguous,short,comma,nonfinal,7,5,the,1.8109415769577024
critical,18,unambiguous,short,comma,nonfinal,7,6,spectator,14.642509698867798
critical,18,unambiguous,short,comma,nonfinal,7,7,supported,12.602272033691406
critical,18,unambiguous,short,comma,nonfinal,7,8,the,1.7549384832382202
critical,18,unambiguous,short,comma,nonfinal,7,9,underdog.,23.625540018081665
critical,19,ambiguous,long,object,final,9,0,When,18.168413162231445
critical,19,ambiguous,long,object,final,9,1,the,2.4509260654449463
critical,19,ambiguous,long,object,final,9,2,band,11.32758617401123
critical,19,ambiguous,long,object,final,9,3,left,10.064875602722168
critical,19,ambiguous,long,object,final,9,4,the,1.968031883239746
critical,19,ambiguous,long,object,final,9,5,venue,8.770642280578613
critical,19,ambiguous,long,object,final,9,6,with,5.923820018768311
critical,19,ambiguous,long,object,final,9,7,live,12.49026584625244
critical,19,ambiguous,long,object,final,9,8,music,1.621975302696228
critical,19,ambiguous,long,object,final,9,9,closed.,20.16937685012817
critical,19,ambiguous,short,object,final,6,0,When,18.168413162231445
critical,19,ambiguous,short,object,final,6,1,the,2.4509260654449463
critical,19,ambiguous,short,object,final,6,2,band,11.32758617401123
critical,19,ambiguous,short,object,final,6,3,left,10.064875602722168
critical,19,ambiguous,short,object,final,6,4,the,1.968031883239746
critical,19,ambiguous,short,object,final,6,5,venue,8.770642280578613
critical,19,ambiguous,short,object,final,6,6,closed.,17.678473472595215
critical,19,unambiguous,long,object,final,11,0,When,18.168413162231445
critical,19,unambiguous,long,object,final,11,1,the,2.4509260654449463
critical,19,unambiguous,long,object,final,11,2,band,11.32758617401123
critical,19,unambiguous,long,object,final,11,3,left,10.064875602722168
critical,19,unambiguous,long,object,final,11,4,the,1.968031883239746
critical,19,unambiguous,long,object,final,11,5,stage,5.84157657623291
critical,19,unambiguous,long,object,final,11,6,the,6.300871849060059
critical,19,unambiguous,long,object,final,11,7,venue,10.960043907165527
critical,19,unambiguous,long,object,final,11,8,with,8.350442886352539
critical,19,unambiguous,long,object,final,11,9,live,11.737923622131348
critical,19,unambiguous,long,object,final,11,10,music,1.3630932569503784
critical,19,unambiguous,long,object,final,11,11,closed.,17.93911647796631
critical,19,unambiguous,short,object,final,8,0,When,18.168413162231445
critical,19,unambiguous,short,object,final,8,1,the,2.4509260654449463
critical,19,unambiguous,short,object,final,8,2,band,11.32758617401123
critical,19,unambiguous,short,object,final,8,3,left,10.064875602722168
critical,19,unambiguous,short,object,final,8,4,the,1.968031883239746
critical,19,unambiguous,short,object,final,8,5,stage,5.84157657623291
critical,19,unambiguous,short,object,final,8,6,the,6.300871849060059
critical,19,unambiguous,short,object,final,8,7,venue,10.960043907165527
critical,19,unambiguous,short,object,final,8,8,closed.,12.703711986541748
critical,20,ambiguous,long,comma,nonfinal,9,0,After,18.362661361694336
critical,20,ambiguous,long,comma,nonfinal,9,1,the,3.5616533756256104
critical,20,ambiguous,long,comma,nonfinal,9,2,customer,13.636568069458008
critical,20,ambiguous,long,comma,nonfinal,9,3,emailed,15.039637565612791
critical,20,ambiguous,long,comma,nonfinal,9,4,the,1.86236572265625
critical,20,ambiguous,long,comma,nonfinal,9,5,company,5.309371471405029
critical,20,ambiguous,long,comma,nonfinal,9,6,providing,11.73686695098877
critical,20,ambiguous,long,comma,nonfinal,9,7,phone,11.323887825012209
critical,20,ambiguous,long,comma,nonfinal,9,8,service,4.559318065643311
critical,20,ambiguous,long,comma,nonfinal,9,9,responded,16.871536254882812
critical,20,ambiguous,long,comma,nonfinal,9,10,quickly.,12.187532424926758
critical,20,ambiguous,short,comma,nonfinal,6,0,After,18.362661361694336
critical,20,ambiguous,short,comma,nonfinal,6,1,the,3.5616533756256104
critical,20,ambiguous,short,comma,nonfinal,6,2,customer,13.636568069458008
critical,20,ambiguous,short,comma,nonfinal,6,3,emailed,15.039637565612791
critical,20,ambiguous,short,comma,nonfinal,6,4,the,1.86236572265625
critical,20,ambiguous,short,comma,nonfinal,6,5,company,5.309371471405029
critical,20,ambiguous,short,comma,nonfinal,6,6,responded,13.51452350616455
critical,20,ambiguous,short,comma,nonfinal,6,7,quickly.,11.555472731590273
critical,20,unambiguous,long,comma,nonfinal,9,0,After,18.362661361694336
critical,20,unambiguous,long,comma,nonfinal,9,1,the,3.5616533756256104
critical,20,unambiguous,long,comma,nonfinal,9,2,customer,13.636568069458008
critical,20,unambiguous,long,comma,nonfinal,9,3,"emailed,",18.97746229171753
critical,20,unambiguous,long,comma,nonfinal,9,4,the,2.02878999710083
critical,20,unambiguous,long,comma,nonfinal,9,5,company,4.899562835693359
critical,20,unambiguous,long,comma,nonfinal,9,6,providing,14.506023406982422
critical,20,unambiguous,long,comma,nonfinal,9,7,phone,9.79912567138672
critical,20,unambiguous,long,comma,nonfinal,9,8,service,3.8860483169555664
critical,20,unambiguous,long,comma,nonfinal,9,9,responded,10.930458068847656
critical,20,unambiguous,long,comma,nonfinal,9,10,quickly.,11.9319965839386
critical,20,unambiguous,short,comma,nonfinal,6,0,After,18.362661361694336
critical,20,unambiguous,short,comma,nonfinal,6,1,the,3.5616533756256104
critical,20,unambiguous,short,comma,nonfinal,6,2,customer,13.636568069458008
critical,20,unambiguous,short,comma,nonfinal,6,3,"emailed,",18.97746229171753
critical,20,unambiguous,short,comma,nonfinal,6,4,the,2.02878999710083
critical,20,unambiguous,short,comma,nonfinal,6,5,company,4.899562835693359
critical,20,unambiguous,short,comma,nonfinal,6,6,responded,4.984976291656494
critical,20,unambiguous,short,comma,nonfinal,6,7,quickly.,11.70833706855774
critical,21,ambiguous,long,object,nonfinal,10,0,As,18.902088165283203
critical,21,ambiguous,long,object,nonfinal,10,1,the,2.568919897079468
critical,21,ambiguous,long,object,nonfinal,10,2,detective,15.37794589996338
critical,21,ambiguous,long,object,nonfinal,10,3,investigated,13.463274955749512
critical,21,ambiguous,long,object,nonfinal,10,4,the,2.350191116333008
critical,21,ambiguous,long,object,nonfinal,10,5,case,5.092227458953857
critical,21,ambiguous,long,object,nonfinal,10,6,about,12.227509498596191
critical,21,ambiguous,long,object,nonfinal,10,7,the,1.652090072631836
critical,21,ambiguous,long,object,nonfinal,10,8,bank,12.282456398010254
critical,21,ambiguous,long,object,nonfinal,10,9,robbery,3.374448299407959
critical,21,ambiguous,long,object,nonfinal,10,10,became,14.587387084960938
critical,21,ambiguous,long,object,nonfinal,10,11,more,3.9290192127227774
critical,21,ambiguous,long,object,nonfinal,10,12,complex.,3.157832622528076
critical,21,ambiguous,short,object,nonfinal,6,0,As,18.902088165283203
critical,21,ambiguous,short,object,nonfinal,6,1,the,2.568919897079468
critical,21,ambiguous,short,object,nonfinal,6,2,detective,15.37794589996338
critical,21,ambiguous,short,object,nonfinal,6,3,investigated,13.463274955749512
critical,21,ambiguous,short,object,nonfinal,6,4,the,2.350191116333008
critical,21,ambiguous,short,object,nonfinal,6,5,case,5.092227458953857
critical,21,ambiguous,short,object,nonfinal,6,6,became,15.27879524230957
critical,21,ambiguous,short,object,nonfinal,6,7,more,4.128904342651367
critical,21,ambiguous,short,object,nonfinal,6,8,complex.,2.8734145164489746
critical,21,unambiguous,long,object,nonfinal,12,0,As,18.902088165283203
critical,21,unambiguous,long,object,nonfinal,12,1,the,2.568919897079468
critical,21,unambiguous,long,object,nonfinal,12,2,detective,15.37794589996338
critical,21,unambiguous,long,object,nonfinal,12,3,investigated,13.463274955749512
critical,21,unambiguous,long,object,nonfinal,12,4,the,2.350191116333008
critical,21,unambiguous,long,object,nonfinal,12,5,suspects,10.62878131866455
critical,21,unambiguous,long,object,nonfinal,12,6,the,10.078083992004396
critical,21,unambiguous,long,object,nonfinal,12,7,case,6.932403087615967
critical,21,unambiguous,long,object,nonfinal,12,8,about,11.022034645080566
critical,21,unambiguous,long,object,nonfinal,12,9,the,1.4729859828948977
critical,21,unambiguous,long,object,nonfinal,12,10,bank,10.81035041809082
critical,21,unambiguous,long,object,nonfinal,12,11,robbery,1.3386138677597046
critical,21,unambiguous,long,object,nonfinal,12,12,became,9.682364463806152
critical,21,unambiguous,long,object,nonfinal,12,13,more,4.31505298614502
critical,21,unambiguous,long,object,nonfinal,12,14,complex.,3.4973732233047485
critical,21,unambiguous,short,object,nonfinal,8,0,As,18.902088165283203
critical,21,unambiguous,short,object,nonfinal,8,1,the,2.568919897079468
critical,21,unambiguous,short,object,nonfinal,8,2,detective,15.37794589996338
critical,21,unambiguous,short,object,nonfinal,8,3,investigated,13.463274955749512
critical,21,unambiguous,short,object,nonfinal,8,4,the,2.350191116333008
critical,21,unambiguous,short,object,nonfinal,8,5,suspects,10.62878131866455
critical,21,unambiguous,short,object,nonfinal,8,6,the,10.078083992004396
critical,21,unambiguous,short,object,nonfinal,8,7,case,6.932403087615967
critical,21,unambiguous,short,object,nonfinal,8,8,became,8.13752555847168
critical,21,unambiguous,short,object,nonfinal,8,9,more,5.048727989196777
critical,21,unambiguous,short,object,nonfinal,8,10,complex.,2.8549230098724365
critical,22,ambiguous,long,object,nonfinal,8,0,Although,20.5980281829834
critical,22,ambiguous,long,object,nonfinal,8,1,the,2.4155280590057373
critical,22,ambiguous,long,object,nonfinal,8,2,team,10.30473804473877
critical,22,ambiguous,long,object,nonfinal,8,3,lost,7.927073955535889
critical,22,ambiguous,long,object,nonfinal,8,4,the,2.371324300765991
critical,22,ambiguous,long,object,nonfinal,8,5,championship,7.274056911468506
critical,22,ambiguous,long,object,nonfinal,8,6,in,3.2596242427825928
critical,22,ambiguous,long,object,nonfinal,8,7,basketball,11.88497543334961
critical,22,ambiguous,long,object,nonfinal,8,8,was,10.204707145690918
critical,22,ambiguous,long,object,nonfinal,8,9,still,7.164340496063232
critical,22,ambiguous,long,object,nonfinal,8,10,a,3.294846296310425
critical,22,ambiguous,long,object,nonfinal,8,11,great,5.600833892822266
critical,22,ambiguous,long,object,nonfinal,8,12,experience,8.6019287109375
critical,22,ambiguous,long,object,nonfinal,8,13,for,3.646890640258789
critical,22,ambiguous,long,object,nonfinal,8,14,the,1.87398898601532
critical,22,ambiguous,long,object,nonfinal,8,15,players.,5.373123407363892
critical,22,ambiguous,short,object,nonfinal,6,0,Although,20.5980281829834
critical,22,ambiguous,short,object,nonfinal,6,1,the,2.4155280590057373
critical,22,ambiguous,short,object,nonfinal,6,2,team,10.30473804473877
critical,22,ambiguous,short,object,nonfinal,6,3,lost,7.927073955535889
critical,22,ambiguous,short,object,nonfinal,6,4,the,2.371324300765991
critical,22,ambiguous,short,object,nonfinal,6,5,championship,7.274056911468506
critical,22,ambiguous,short,object,nonfinal,6,6,was,10.770021438598633
critical,22,ambiguous,short,object,nonfinal,6,7,still,7.096714019775391
critical,22,ambiguous,short,object,nonfinal,6,8,a,3.548269033432007
critical,22,ambiguous,short,object,nonfinal,6,9,great,5.568429470062256
critical,22,ambiguous,short,object,nonfinal,6,10,experience,8.491331100463867
critical,22,ambiguous,short,object,nonfinal,6,11,for,3.65023684501648
critical,22,ambiguous,short,object,nonfinal,6,12,the,1.8405280113220213
critical,22,ambiguous,short,object,nonfinal,6,13,players.,5.838406324386597
critical,22,unambiguous,long,object,nonfinal,11,0,Although,20.5980281829834
critical,22,unambiguous,long,object,nonfinal,11,1,the,2.4155280590057373
critical,22,unambiguous,long,object,nonfinal,11,2,team,10.30473804473877
critical,22,unambiguous,long,object,nonfinal,11,3,lost,7.927073955535889
critical,22,unambiguous,long,object,nonfinal,11,4,the,2.371324300765991
critical,22,unambiguous,long,object,nonfinal,11,5,final,7.461614608764648
critical,22,unambiguous,long,object,nonfinal,11,6,game,3.733889102935791
critical,22,unambiguous,long,object,nonfinal,11,7,the,8.767119407653809
critical,22,unambiguous,long,object,nonfinal,11,8,championship,11.354707717895508
critical,22,unambiguous,long,object,nonfinal,11,9,in,5.689593315124512
critical,22,unambiguous,long,object,nonfinal,11,10,basketball,13.306889533996582
critical,22,unambiguous,long,object,nonfinal,11,11,was,4.5869669914245605
critical,22,unambiguous,long,object,nonfinal,11,12,still,6.80930233001709
critical,22,unambiguous,long,object,nonfinal,11,13,a,2.763169527053833
critical,22,unambiguous,long,object,nonfinal,11,14,great,6.240642070770264
critical,22,unambiguous,long,object,nonfinal,11,15,experience,7.92214298248291
critical,22,unambiguous,long,object,nonfinal,11,16,for,3.392763614654541
critical,22,unambiguous,long,object,nonfinal,11,17,the,1.8632463216781616
critical,22,unambiguous,long,object,nonfinal,11,18,players.,5.102969944477081
critical,22,unambiguous,short,object,nonfinal,9,0,Although,20.5980281829834
critical,22,unambiguous,short,object,nonfinal,9,1,the,2.4155280590057373
critical,22,unambiguous,short,object,nonfinal,9,2,team,10.30473804473877
critical,22,unambiguous,short,object,nonfinal,9,3,lost,7.927073955535889
critical,22,unambiguous,short,object,nonfinal,9,4,the,2.371324300765991
critical,22,unambiguous,short,object,nonfinal,9,5,final,7.461614608764648
critical,22,unambiguous,short,object,nonfinal,9,6,game,3.733889102935791
critical,22,unambiguous,short,object,nonfinal,9,7,the,8.767119407653809
critical,22,unambiguous,short,object,nonfinal,9,8,championship,11.354707717895508
critical,22,unambiguous,short,object,nonfinal,9,9,was,2.9325876235961914
critical,22,unambiguous,short,object,nonfinal,9,10,still,6.801553249359131
critical,22,unambiguous,short,object,nonfinal,9,11,a,3.188827991485596
critical,22,unambiguous,short,object,nonfinal,9,12,great,6.339439868927002
critical,22,unambiguous,short,object,nonfinal,9,13,experience,8.006852149963379
critical,22,unambiguous,short,object,nonfinal,9,14,for,3.340282917022705
critical,22,unambiguous,short,object,nonfinal,9,15,the,1.8792723417282104
critical,22,unambiguous,short,object,nonfinal,9,16,players.,5.6339423060417175
critical,23,ambiguous,long,comma,nonfinal,12,0,After,18.362661361694336
critical,23,ambiguous,long,comma,nonfinal,12,1,the,3.5616533756256104
critical,23,ambiguous,long,comma,nonfinal,12,2,director,14.844683647155762
critical,23,ambiguous,long,comma,nonfinal,12,3,finished,9.49040412902832
critical,23,ambiguous,long,comma,nonfinal,12,4,filming,10.3274564743042
critical,23,ambiguous,long,comma,nonfinal,12,5,the,3.1097545623779297
critical,23,ambiguous,long,comma,nonfinal,12,6,actors,10.606414794921877
critical,23,ambiguous,long,comma,nonfinal,12,7,exhausted,18.42236328125
critical,23,ambiguous,long,comma,nonfinal,12,8,from,5.373475551605225
critical,23,ambiguous,long,comma,nonfinal,12,9,the,1.750007390975952
critical,23,ambiguous,long,comma,nonfinal,12,10,long,8.765887260437012
critical,23,ambiguous,long,comma,nonfinal,12,11,day,5.322755813598633
critical,23,ambiguous,long,comma,nonfinal,12,12,left,11.120656967163086
critical,23,ambiguous,long,comma,nonfinal,12,13,to,3.757311820983887
critical,23,ambiguous,long,comma,nonfinal,12,14,go,5.537610054016113
critical,23,ambiguous,long,comma,nonfinal,12,15,home.,4.735075831413269
critical,23,ambiguous,short,comma,nonfinal,7,0,After,18.362661361694336
critical,23,ambiguous,short,comma,nonfinal,7,1,the,3.5616533756256104
critical,23,ambiguous,short,comma,nonfinal,7,2,director,14.844683647155762
critical,23,ambiguous,short,comma,nonfinal,7,3,finished,9.49040412902832
critical,23,ambiguous,short,comma,nonfinal,7,4,filming,10.3274564743042
critical,23,ambiguous,short,comma,nonfinal,7,5,the,3.1097545623779297
critical,23,ambiguous,short,comma,nonfinal,7,6,actors,10.606414794921877
critical,23,ambiguous,short,comma,nonfinal,7,7,left,11.790051460266112
critical,23,ambiguous,short,comma,nonfinal,7,8,to,3.7360024452209473
critical,23,ambiguous,short,comma,nonfinal,7,9,go,5.097862720489502
critical,23,ambiguous,short,comma,nonfinal,7,10,home.,5.982640624046326
critical,23,unambiguous,long,comma,nonfinal,12,0,After,18.362661361694336
critical,23,unambiguous,long,comma,nonfinal,12,1,the,3.5616533756256104
critical,23,unambiguous,long,comma,nonfinal,12,2,director,14.844683647155762
critical,23,unambiguous,long,comma,nonfinal,12,3,finished,9.49040412902832
critical,23,unambiguous,long,comma,nonfinal,12,4,"filming,",11.60002899169922
critical,23,unambiguous,long,comma,nonfinal,12,5,the,1.8599002361297607
critical,23,unambiguous,long,comma,nonfinal,12,6,actors,7.660971164703369
critical,23,unambiguous,long,comma,nonfinal,12,7,exhausted,16.17414093017578
critical,23,unambiguous,long,comma,nonfinal,12,8,from,6.367794036865234
critical,23,unambiguous,long,comma,nonfinal,12,9,the,1.9282310009002688
critical,23,unambiguous,long,comma,nonfinal,12,10,long,8.489041328430176
critical,23,unambiguous,long,comma,nonfinal,12,11,day,6.221270084381104
critical,23,unambiguous,long,comma,nonfinal,12,12,left,8.79406452178955
critical,23,unambiguous,long,comma,nonfinal,12,13,to,3.0556886196136475
critical,23,unambiguous,long,comma,nonfinal,12,14,go,5.712135314941406
critical,23,unambiguous,long,comma,nonfinal,12,15,home.,4.904317855834961
critical,23,unambiguous,short,comma,nonfinal,7,0,After,18.362661361694336
critical,23,unambiguous,short,comma,nonfinal,7,1,the,3.5616533756256104
critical,23,unambiguous,short,comma,nonfinal,7,2,director,14.844683647155762
critical,23,unambiguous,short,comma,nonfinal,7,3,finished,9.49040412902832
critical,23,unambiguous,short,comma,nonfinal,7,4,"filming,",11.60002899169922
critical,23,unambiguous,short,comma,nonfinal,7,5,the,1.8599002361297607
critical,23,unambiguous,short,comma,nonfinal,7,6,actors,7.660971164703369
critical,23,unambiguous,short,comma,nonfinal,7,7,left,7.784600734710693
critical,23,unambiguous,short,comma,nonfinal,7,8,to,4.146867752075195
critical,23,unambiguous,short,comma,nonfinal,7,9,go,5.111423492431641
critical,23,unambiguous,short,comma,nonfinal,7,10,home.,6.512556433677673
critical,24,ambiguous,long,object,final,8,0,As,18.902088165283203
critical,24,ambiguous,long,object,final,8,1,the,2.568919897079468
critical,24,ambiguous,long,object,final,8,2,doctor,12.13329029083252
critical,24,ambiguous,long,object,final,8,3,lectured,15.58646011352539
critical,24,ambiguous,long,object,final,8,4,the,3.9240882396698
critical,24,ambiguous,long,object,final,8,5,student,6.158575057983398
critical,24,ambiguous,long,object,final,8,6,watching,17.030563354492188
critical,24,ambiguous,long,object,final,8,7,quietly,14.094630241394045
critical,24,ambiguous,long,object,final,8,8,listened.,19.38005042076111
critical,24,ambiguous,short,object,final,6,0,As,18.902088165283203
critical,24,ambiguous,short,object,final,6,1,the,2.568919897079468
critical,24,ambiguous,short,object,final,6,2,doctor,12.13329029083252
critical,24,ambiguous,short,object,final,6,3,lectured,15.58646011352539
critical,24,ambiguous,short,object,final,6,4,the,3.9240882396698
critical,24,ambiguous,short,object,final,6,5,student,6.158575057983398
critical,24,ambiguous,short,object,final,6,6,listened.,21.87852692604065
critical,24,unambiguous,long,object,final,10,0,As,18.902088165283203
critical,24,unambiguous,long,object,final,10,1,the,2.568919897079468
critical,24,unambiguous,long,object,final,10,2,doctor,12.13329029083252
critical,24,unambiguous,long,object,final,10,3,lectured,15.58646011352539
critical,24,unambiguous,long,object,final,10,4,the,3.9240882396698
critical,24,unambiguous,long,object,final,10,5,nurse,6.24029016494751
critical,24,unambiguous,long,object,final,10,6,the,9.606813430786133
critical,24,unambiguous,long,object,final,10,7,student,8.245128631591797
critical,24,unambiguous,long,object,final,10,8,watching,16.069177627563477
critical,24,unambiguous,long,object,final,10,9,quietly,12.641192436218262
critical,24,unambiguous,long,object,final,10,10,listened.,17.609262228012085
critical,24,unambiguous,short,object,final,8,0,As,18.902088165283203
critical,24,unambiguous,short,object,final,8,1,the,2.568919897079468
critical,24,unambiguous,short,object,final,8,2,doctor,12.13329029083252
critical,24,unambiguous,short,object,final,8,3,lectured,15.58646011352539
critical,24,unambiguous,short,object,final,8,4,the,3.9240882396698
critical,24,unambiguous,short,object,final,8,5,nurse,6.24029016494751
critical,24,unambiguous,short,object,final,8,6,the,9.606813430786133
critical,24,unambiguous,short,object,final,8,7,student,8.245128631591797
critical,24,unambiguous,short,object,final,8,8,listened.,13.990020513534546
critical,25,ambiguous,long,object,nonfinal,9,0,After,18.362661361694336
critical,25,ambiguous,long,object,nonfinal,9,1,the,3.5616533756256104
critical,25,ambiguous,long,object,nonfinal,9,2,teacher,13.572463989257812
critical,25,ambiguous,long,object,nonfinal,9,3,finished,8.604570388793945
critical,25,ambiguous,long,object,nonfinal,9,4,grading,12.8551664352417
critical,25,ambiguous,long,object,nonfinal,9,5,the,2.238184928894043
critical,25,ambiguous,long,object,nonfinal,9,6,students,5.483016014099121
critical,25,ambiguous,long,object,nonfinal,9,7,studying,13.858994483947754
critical,25,ambiguous,long,object,nonfinal,9,8,engineering,11.648459434509276
critical,25,ambiguous,long,object,nonfinal,9,9,passed,17.485984802246094
critical,25,ambiguous,long,object,nonfinal,9,10,the,2.209479093551636
critical,25,ambiguous,long,object,nonfinal,9,11,class.,7.975328207015991
critical,25,ambiguous,short,object,nonfinal,7,0,After,18.362661361694336
critical,25,ambiguous,short,object,nonfinal,7,1,the,3.5616533756256104
critical,25,ambiguous,short,object,nonfinal,7,2,teacher,13.572463989257812
critical,25,ambiguous,short,object,nonfinal,7,3,finished,8.604570388793945
critical,25,ambiguous,short,object,nonfinal,7,4,grading,12.8551664352417
critical,25,ambiguous,short,object,nonfinal,7,5,the,2.238184928894043
critical,25,ambiguous,short,object,nonfinal,7,6,students,5.483016014099121
critical,25,ambiguous,short,object,nonfinal,7,7,passed,13.633926391601562
critical,25,ambiguous,short,object,nonfinal,7,8,the,1.2109339237213137
critical,25,ambiguous,short,object,nonfinal,7,9,class.,7.951024889945984
critical,25,unambiguous,long,object,nonfinal,11,0,After,18.362661361694336
critical,25,unambiguous,long,object,nonfinal,11,1,the,3.5616533756256104
critical,25,unambiguous,long,object,nonfinal,11,2,teacher,13.572463989257812
critical,25,unambiguous,long,object,nonfinal,11,3,finished,8.604570388793945
critical,25,unambiguous,long,object,nonfinal,11,4,grading,12.8551664352417
critical,25,unambiguous,long,object,nonfinal,11,5,the,2.238184928894043
critical,25,unambiguous,long,object,nonfinal,11,6,final,6.520833492279053
critical,25,unambiguous,long,object,nonfinal,11,7,the,10.97008228302002
critical,25,unambiguous,long,object,nonfinal,11,8,students,6.0115227699279785
critical,25,unambiguous,long,object,nonfinal,11,9,studying,13.542524337768556
critical,25,unambiguous,long,object,nonfinal,11,10,engineering,11.49295425415039
critical,25,unambiguous,long,object,nonfinal,11,11,passed,15.753765106201172
critical,25,unambiguous,long,object,nonfinal,11,12,the,2.4287362098693848
critical,25,unambiguous,long,object,nonfinal,11,13,class.,7.888858199119568
critical,25,unambiguous,short,object,nonfinal,9,0,After,18.362661361694336
critical,25,unambiguous,short,object,nonfinal,9,1,the,3.5616533756256104
critical,25,unambiguous,short,object,nonfinal,9,2,teacher,13.572463989257812
critical,25,unambiguous,short,object,nonfinal,9,3,finished,8.604570388793945
critical,25,unambiguous,short,object,nonfinal,9,4,grading,12.8551664352417
critical,25,unambiguous,short,object,nonfinal,9,5,the,2.238184928894043
critical,25,unambiguous,short,object,nonfinal,9,6,final,6.520833492279053
critical,25,unambiguous,short,object,nonfinal,9,7,the,10.97008228302002
critical,25,unambiguous,short,object,nonfinal,9,8,students,6.0115227699279785
critical,25,unambiguous,short,object,nonfinal,9,9,passed,9.098734855651855
critical,25,unambiguous,short,object,nonfinal,9,10,the,1.295642971992493
critical,25,unambiguous,short,object,nonfinal,9,11,class.,7.8291566371917725
critical,26,ambiguous,long,comma,final,9,0,As,18.902088165283203
critical,26,ambiguous,long,comma,final,9,1,the,2.568919897079468
critical,26,ambiguous,long,comma,final,9,2,people,9.872387886047363
critical,26,ambiguous,long,comma,final,9,3,gathered,11.058489799499512
critical,26,ambiguous,long,comma,final,9,4,the,5.848620891571045
critical,26,ambiguous,long,comma,final,9,5,animals,11.14901065826416
critical,26,ambiguous,long,comma,final,9,6,in,4.37070369720459
critical,26,ambiguous,long,comma,final,9,7,the,1.2505587339401243
critical,26,ambiguous,long,comma,final,9,8,park,6.666476726531982
critical,26,ambiguous,long,comma,final,9,9,scattered.,20.466826915740967
critical,26,ambiguous,short,comma,final,6,0,As,18.902088165283203
critical,26,ambiguous,short,comma,final,6,1,the,2.568919897079468
critical,26,ambiguous,short,comma,final,6,2,people,9.872387886047363
critical,26,ambiguous,short,comma,final,6,3,gathered,11.058489799499512
critical,26,ambiguous,short,comma,final,6,4,the,5.848620891571045
critical,26,ambiguous,short,comma,final,6,5,animals,11.14901065826416
critical,26,ambiguous,short,comma,final,6,6,scattered.,17.293144464492798
critical,26,unambiguous,long,comma,final,9,0,As,18.902088165283203
critical,26,unambiguous,long,comma,final,9,1,the,2.568919897079468
critical,26,unambiguous,long,comma,final,9,2,people,9.872387886047363
critical,26,unambiguous,long,comma,final,9,3,"gathered,",13.296146392822266
critical,26,unambiguous,long,comma,final,9,4,the,2.553070068359375
critical,26,unambiguous,long,comma,final,9,5,animals,10.143244743347168
critical,26,unambiguous,long,comma,final,9,6,in,5.897403240203857
critical,26,unambiguous,long,comma,final,9,7,the,0.8875955939292908
critical,26,unambiguous,long,comma,final,9,8,park,7.019225597381592
critical,26,unambiguous,long,comma,final,9,9,scattered.,17.58531141281128
critical,26,unambiguous,short,comma,final,6,0,As,18.902088165283203
critical,26,unambiguous,short,comma,final,6,1,the,2.568919897079468
critical,26,unambiguous,short,comma,final,6,2,people,9.872387886047363
critical,26,unambiguous,short,comma,final,6,3,"gathered,",13.296146392822266
critical,26,unambiguous,short,comma,final,6,4,the,2.553070068359375
critical,26,unambiguous,short,comma,final,6,5,animals,10.143244743347168
critical,26,unambiguous,short,comma,final,6,6,scattered.,14.897164344787598
critical,27,ambiguous,long,comma,nonfinal,8,0,Once,18.263687133789062
critical,27,ambiguous,long,comma,nonfinal,8,1,the,3.358774423599243
critical,27,ambiguous,long,comma,nonfinal,8,2,audience,10.068750381469728
critical,27,ambiguous,long,comma,nonfinal,8,3,quieted,16.787707686424255
critical,27,ambiguous,long,comma,nonfinal,8,4,the,4.972648620605469
critical,27,ambiguous,long,comma,nonfinal,8,5,man,9.494630813598633
critical,27,ambiguous,long,comma,nonfinal,8,6,talking,8.911530494689941
critical,27,ambiguous,long,comma,nonfinal,8,7,loudly,7.841308116912842
critical,27,ambiguous,long,comma,nonfinal,8,8,put,15.58505153656006
critical,27,ambiguous,long,comma,nonfinal,8,9,away,8.619010925292969
critical,27,ambiguous,long,comma,nonfinal,8,10,his,2.4061942100524902
critical,27,ambiguous,long,comma,nonfinal,8,11,phone.,8.855174779891968
critical,27,ambiguous,short,comma,nonfinal,6,0,Once,18.263687133789062
critical,27,ambiguous,short,comma,nonfinal,6,1,the,3.358774423599243
critical,27,ambiguous,short,comma,nonfinal,6,2,audience,10.068750381469728
critical,27,ambiguous,short,comma,nonfinal,6,3,quieted,16.787707686424255
critical,27,ambiguous,short,comma,nonfinal,6,4,the,4.972648620605469
critical,27,ambiguous,short,comma,nonfinal,6,5,man,9.494630813598633
critical,27,ambiguous,short,comma,nonfinal,6,6,put,14.542302131652832
critical,27,ambiguous,short,comma,nonfinal,6,7,away,7.925488948822021
critical,27,ambiguous,short,comma,nonfinal,6,8,his,2.5646934509277344
critical,27,ambiguous,short,comma,nonfinal,6,9,phone.,9.99020528793335
critical,27,unambiguous,long,comma,nonfinal,8,0,Once,18.263687133789062
critical,27,unambiguous,long,comma,nonfinal,8,1,the,3.358774423599243
critical,27,unambiguous,long,comma,nonfinal,8,2,audience,10.068750381469728
critical,27,unambiguous,long,comma,nonfinal,8,3,"quieted,",19.19848072528839
critical,27,unambiguous,long,comma,nonfinal,8,4,the,2.280979633331299
critical,27,unambiguous,long,comma,nonfinal,8,5,man,8.305887222290039
critical,27,unambiguous,long,comma,nonfinal,8,6,talking,11.460725784301758
critical,27,unambiguous,long,comma,nonfinal,8,7,loudly,6.462717056274414
critical,27,unambiguous,long,comma,nonfinal,8,8,put,11.815763473510742
critical,27,unambiguous,long,comma,nonfinal,8,9,away,9.11282444000244
critical,27,unambiguous,long,comma,nonfinal,8,10,his,1.871875643730164
critical,27,unambiguous,long,comma,nonfinal,8,11,phone.,8.324202299118042
critical,27,unambiguous,short,comma,nonfinal,6,0,Once,18.263687133789062
critical,27,unambiguous,short,comma,nonfinal,6,1,the,3.358774423599243
critical,27,unambiguous,short,comma,nonfinal,6,2,audience,10.068750381469728
critical,27,unambiguous,short,comma,nonfinal,6,3,"quieted,",19.19848072528839
critical,27,unambiguous,short,comma,nonfinal,6,4,the,2.280979633331299
critical,27,unambiguous,short,comma,nonfinal,6,5,man,8.305887222290039
critical,27,unambiguous,short,comma,nonfinal,6,6,put,9.262869834899902
critical,27,unambiguous,short,comma,nonfinal,6,7,away,8.507356643676758
critical,27,unambiguous,short,comma,nonfinal,6,8,his,1.5809415578842163
critical,27,unambiguous,short,comma,nonfinal,6,9,phone.,9.684125423431396
critical,28,ambiguous,long,comma,nonfinal,9,0,After,18.362661361694336
critical,28,ambiguous,long,comma,nonfinal,9,1,the,3.5616533756256104
critical,28,ambiguous,long,comma,nonfinal,9,2,corrupt,15.460365295410156
critical,28,ambiguous,long,comma,nonfinal,9,3,politician,9.94142246246338
critical,28,ambiguous,long,comma,nonfinal,9,4,signed,11.247984886169434
critical,28,ambiguous,long,comma,nonfinal,9,5,the,2.274463653564453
critical,28,ambiguous,long,comma,nonfinal,9,6,bill,4.871385097503662
critical,28,ambiguous,long,comma,nonfinal,9,7,on,6.206300735473633
critical,28,ambiguous,long,comma,nonfinal,9,8,taxes,11.262248992919922
critical,28,ambiguous,long,comma,nonfinal,9,9,received,13.113696098327637
critical,28,ambiguous,long,comma,nonfinal,9,10,unwelcome,19.679438829422
critical,28,ambiguous,long,comma,nonfinal,9,11,attention,7.958773612976074
critical,28,ambiguous,long,comma,nonfinal,9,12,from,3.035259962081909
critical,28,ambiguous,long,comma,nonfinal,9,13,southern,13.574048042297363
critical,28,ambiguous,long,comma,nonfinal,9,14,voters.,6.575779914855957
critical,28,ambiguous,short,comma,nonfinal,7,0,After,18.362661361694336
critical,28,ambiguous,short,comma,nonfinal,7,1,the,3.5616533756256104
critical,28,ambiguous,short,comma,nonfinal,7,2,corrupt,15.460365295410156
critical,28,ambiguous,short,comma,nonfinal,7,3,politician,9.94142246246338
critical,28,ambiguous,short,comma,nonfinal,7,4,signed,11.247984886169434
critical,28,ambiguous,short,comma,nonfinal,7,5,the,2.274463653564453
critical,28,ambiguous,short,comma,nonfinal,7,6,bill,4.871385097503662
critical,28,ambiguous,short,comma,nonfinal,7,7,received,16.66584014892578
critical,28,ambiguous,short,comma,nonfinal,7,8,unwelcome,19.568665266036987
critical,28,ambiguous,short,comma,nonfinal,7,9,attention,6.227610111236572
critical,28,ambiguous,short,comma,nonfinal,7,10,from,3.22633957862854
critical,28,ambiguous,short,comma,nonfinal,7,11,southern,14.277785301208496
critical,28,ambiguous,short,comma,nonfinal,7,12,voters.,7.361936330795288
critical,28,unambiguous,long,comma,nonfinal,9,0,After,18.362661361694336
critical,28,unambiguous,long,comma,nonfinal,9,1,the,3.5616533756256104
critical,28,unambiguous,long,comma,nonfinal,9,2,corrupt,15.460365295410156
critical,28,unambiguous,long,comma,nonfinal,9,3,politician,9.94142246246338
critical,28,unambiguous,long,comma,nonfinal,9,4,"signed,",18.02030372619629
critical,28,unambiguous,long,comma,nonfinal,9,5,the,1.7413779497146606
critical,28,unambiguous,long,comma,nonfinal,9,6,bill,9.49093246459961
critical,28,unambiguous,long,comma,nonfinal,9,7,on,9.849844932556152
critical,28,unambiguous,long,comma,nonfinal,9,8,taxes,8.9629545211792
critical,28,unambiguous,long,comma,nonfinal,9,9,received,10.697463989257812
critical,28,unambiguous,long,comma,nonfinal,9,10,unwelcome,18.977109730243683
critical,28,unambiguous,long,comma,nonfinal,9,11,attention,6.083375930786133
critical,28,unambiguous,long,comma,nonfinal,9,12,from,3.030681133270264
critical,28,unambiguous,long,comma,nonfinal,9,13,southern,13.575281143188477
critical,28,unambiguous,long,comma,nonfinal,9,14,voters.,6.640060424804688
critical,28,unambiguous,short,comma,nonfinal,7,0,After,18.362661361694336
critical,28,unambiguous,short,comma,nonfinal,7,1,the,3.5616533756256104
critical,28,unambiguous,short,comma,nonfinal,7,2,corrupt,15.460365295410156
critical,28,unambiguous,short,comma,nonfinal,7,3,politician,9.94142246246338
critical,28,unambiguous,short,comma,nonfinal,7,4,"signed,",18.02030372619629
critical,28,unambiguous,short,comma,nonfinal,7,5,the,1.7413779497146606
critical,28,unambiguous,short,comma,nonfinal,7,6,bill,9.49093246459961
critical,28,unambiguous,short,comma,nonfinal,7,7,received,9.402349472045898
critical,28,unambiguous,short,comma,nonfinal,7,8,unwelcome,18.46427834033966
critical,28,unambiguous,short,comma,nonfinal,7,9,attention,4.789494037628174
critical,28,unambiguous,short,comma,nonfinal,7,10,from,3.5378785133361816
critical,28,unambiguous,short,comma,nonfinal,7,11,southern,14.3366060256958
critical,28,unambiguous,short,comma,nonfinal,7,12,voters.,6.363743185997009
critical,29,ambiguous,long,object,nonfinal,10,0,While,20.3645076751709
critical,29,ambiguous,long,object,nonfinal,10,1,the,2.3847086429595947
critical,29,ambiguous,long,object,nonfinal,10,2,art,11.400320053100586
critical,29,ambiguous,long,object,nonfinal,10,3,class,10.203298568725586
critical,29,ambiguous,long,object,nonfinal,10,4,painted,13.168818473815918
critical,29,ambiguous,long,object,nonfinal,10,5,the,2.5601143836975098
critical,29,ambiguous,long,object,nonfinal,10,6,model,7.814539432525635
critical,29,ambiguous,long,object,nonfinal,10,7,in,4.212028503417969
critical,29,ambiguous,long,object,nonfinal,10,8,the,2.438070058822632
critical,29,ambiguous,long,object,nonfinal,10,9,nude,9.179570198059082
critical,29,ambiguous,long,object,nonfinal,10,10,stayed,13.99319076538086
critical,29,ambiguous,long,object,nonfinal,10,11,still.,10.73110055923462
critical,29,ambiguous,short,object,nonfinal,7,0,While,20.3645076751709
critical,29,ambiguous,short,object,nonfinal,7,1,the,2.3847086429595947
critical,29,ambiguous,short,object,nonfinal,7,2,art,11.400320053100586
critical,29,ambiguous,short,object,nonfinal,7,3,class,10.203298568725586
critical,29,ambiguous,short,object,nonfinal,7,4,painted,13.168818473815918
critical,29,ambiguous,short,object,nonfinal,7,5,the,2.5601143836975098
critical,29,ambiguous,short,object,nonfinal,7,6,model,7.814539432525635
critical,29,ambiguous,short,object,nonfinal,7,7,stayed,13.979806900024414
critical,29,ambiguous,short,object,nonfinal,7,8,still.,11.34643030166626
critical,29,unambiguous,long,object,nonfinal,12,0,While,20.3645076751709
critical,29,unambiguous,long,object,nonfinal,12,1,the,2.3847086429595947
critical,29,unambiguous,long,object,nonfinal,12,2,art,11.400320053100586
critical,29,unambiguous,long,object,nonfinal,12,3,class,10.203298568725586
critical,29,unambiguous,long,object,nonfinal,12,4,painted,13.168818473815918
critical,29,unambiguous,long,object,nonfinal,12,5,their,7.12383508682251
critical,29,unambiguous,long,object,nonfinal,12,6,portraits,8.32807731628418
critical,29,unambiguous,long,object,nonfinal,12,7,the,7.927073955535889
critical,29,unambiguous,long,object,nonfinal,12,8,model,9.050128936767578
critical,29,unambiguous,long,object,nonfinal,12,9,in,5.727985382080078
critical,29,unambiguous,long,object,nonfinal,12,10,the,2.367625951766968
critical,29,unambiguous,long,object,nonfinal,12,11,nude,8.215718269348145
critical,29,unambiguous,long,object,nonfinal,12,12,stayed,13.903374671936035
critical,29,unambiguous,long,object,nonfinal,12,13,still.,10.504623174667358
critical,29,unambiguous,short,object,nonfinal,9,0,While,20.3645076751709
critical,29,unambiguous,short,object,nonfinal,9,1,the,2.3847086429595947
critical,29,unambiguous,short,object,nonfinal,9,2,art,11.400320053100586
critical,29,unambiguous,short,object,nonfinal,9,3,class,10.203298568725586
critical,29,unambiguous,short,object,nonfinal,9,4,painted,13.168818473815918
critical,29,unambiguous,short,object,nonfinal,9,5,their,7.12383508682251
critical,29,unambiguous,short,object,nonfinal,9,6,portraits,8.32807731628418
critical,29,unambiguous,short,object,nonfinal,9,7,the,7.927073955535889
critical,29,unambiguous,short,object,nonfinal,9,8,model,9.050128936767578
critical,29,unambiguous,short,object,nonfinal,9,9,stayed,12.632035255432127
critical,29,unambiguous,short,object,nonfinal,9,10,still.,10.882555961608888
critical,30,ambiguous,long,object,final,8,0,As,18.902088165283203
critical,30,ambiguous,long,object,final,8,1,the,2.568919897079468
critical,30,ambiguous,long,object,final,8,2,professor,12.7708101272583
critical,30,ambiguous,long,object,final,8,3,wrote,7.167686462402344
critical,30,ambiguous,long,object,final,8,4,the,6.367969989776611
critical,30,ambiguous,long,object,final,8,5,textbook,9.069500923156738
critical,30,ambiguous,long,object,final,8,6,on,5.336316108703613
critical,30,ambiguous,long,object,final,8,7,biology,8.843551635742188
critical,30,ambiguous,long,object,final,8,8,grew.,19.76256203651428
critical,30,ambiguous,short,object,final,6,0,As,18.902088165283203
critical,30,ambiguous,short,object,final,6,1,the,2.568919897079468
critical,30,ambiguous,short,object,final,6,2,professor,12.7708101272583
critical,30,ambiguous,short,object,final,6,3,wrote,7.167686462402344
critical,30,ambiguous,short,object,final,6,4,the,6.367969989776611
critical,30,ambiguous,short,object,final,6,5,textbook,9.069500923156738
critical,30,ambiguous,short,object,final,6,6,grew.,21.51697158813477
critical,30,unambiguous,long,object,final,10,0,As,18.902088165283203
critical,30,unambiguous,long,object,final,10,1,the,2.568919897079468
critical,30,unambiguous,long,object,final,10,2,professor,12.7708101272583
critical,30,unambiguous,long,object,final,10,3,wrote,7.167686462402344
critical,30,unambiguous,long,object,final,10,4,the,6.367969989776611
critical,30,unambiguous,long,object,final,10,5,chapter,8.695618629455566
critical,30,unambiguous,long,object,final,10,6,the,10.422907829284668
critical,30,unambiguous,long,object,final,10,7,textbook,10.148704528808594
critical,30,unambiguous,long,object,final,10,8,on,5.676913261413574
critical,30,unambiguous,long,object,final,10,9,biology,9.01613998413086
critical,30,unambiguous,long,object,final,10,10,grew.,15.32282304763794
critical,30,unambiguous,short,object,final,8,0,As,18.902088165283203
critical,30,unambiguous,short,object,final,8,1,the,2.568919897079468
critical,30,unambiguous,short,object,final,8,2,professor,12.7708101272583
critical,30,unambiguous,short,object,final,8,3,wrote,7.167686462402344
critical,30,unambiguous,short,object,final,8,4,the,6.367969989776611
critical,30,unambiguous,short,object,final,8,5,chapter,8.695618629455566
critical,30,unambiguous,short,object,final,8,6,the,10.422907829284668
critical,30,unambiguous,short,object,final,8,7,textbook,10.148704528808594
critical,30,unambiguous,short,object,final,8,8,grew.,16.023741841316223
filler,1,,,,,-1,0,The,13.993014335632324
filler,1,,,,,-1,1,little,12.854461669921877
filler,1,,,,,-1,2,blonde,9.288758277893066
filler,1,,,,,-1,3,girls,12.084332466125488
filler,1,,,,,-1,4,turned,9.794194221496582
filler,1,,,,,-1,5,out,5.784869194030762
filler,1,,,,,-1,6,to,2.1441421508789062
filler,1,,,,,-1,7,be,1.0482081174850464
filler,1,,,,,-1,8,daughters,13.070549011230469
filler,1,,,,,-1,9,of,1.1626797914505005
filler,1,,,,,-1,10,one,6.441760063171387
filler,1,,,,,-1,11,of,1.5244101285934448
filler,1,,,,,-1,12,the,0.9384914636611938
filler,1,,,,,-1,13,neighbors.,14.245556592941284
filler,2,,,,,-1,0,After,18.362661361694336
filler,2,,,,,-1,1,the,3.5616533756256104
filler,2,,,,,-1,2,show,11.734753608703612
filler,2,,,,,-1,3,the,7.119784355163574
filler,2,,,,,-1,4,famous,11.36192798614502
filler,2,,,,,-1,5,violinist,11.676988899707794
filler,2,,,,,-1,6,met,12.550496101379396
filler,2,,,,,-1,7,with,3.792533874511719
filler,2,,,,,-1,8,some,5.22906494140625
filler,2,,,,,-1,9,of,2.779371738433838
filler,2,,,,,-1,10,his,1.494823694229126
filler,2,,,,,-1,11,devoted,13.876254081726074
filler,2,,,,,-1,12,fans.,4.733843088150024
filler,3,,,,,-1,0,The,13.993014335632324
filler,3,,,,,-1,1,pharmacologist,22.422178745269772
filler,3,,,,,-1,2,made,9.378750801086426
filler,3,,,,,-1,3,sure,4.179272174835205
filler,3,,,,,-1,4,that,1.612113118171692
filler,3,,,,,-1,5,the,1.921186566352844
filler,3,,,,,-1,6,new,8.253934860229492
filler,3,,,,,-1,7,shipment,12.896200180053713
filler,3,,,,,-1,8,of,2.256500482559204
filler,3,,,,,-1,9,patches,14.143940925598145
filler,3,,,,,-1,10,didn't,10.590212509036064
filler,3,,,,,-1,11,have,3.499310255050659
filler,3,,,,,-1,12,any,2.480864763259888
filler,3,,,,,-1,13,tears.,15.813289999961851
filler,4,,,,,-1,0,On,18.61097717285156
filler,4,,,,,-1,1,returning,17.0395450592041
filler,4,,,,,-1,2,from,5.106844425201416
filler,4,,,,,-1,3,abroad,10.95845890045166
filler,4,,,,,-1,4,the,4.378452777862549
filler,4,,,,,-1,5,accountant,17.231857299804688
filler,4,,,,,-1,6,discovered,9.238038063049316
filler,4,,,,,-1,7,he,6.7716145515441895
filler,4,,,,,-1,8,had,0.9143643379211426
filler,4,,,,,-1,9,a,4.755680561065674
filler,4,,,,,-1,10,serious,8.231216430664062
filler,4,,,,,-1,11,case,5.717947006225586
filler,4,,,,,-1,12,of,1.0947011709213257
filler,4,,,,,-1,13,malaria.,9.248428702354431
filler,5,,,,,-1,0,The,13.993014335632324
filler,5,,,,,-1,1,coach,14.644094467163086
filler,5,,,,,-1,2,encouraged,14.209630012512209
filler,5,,,,,-1,3,his,4.740359306335449
filler,5,,,,,-1,4,team,7.023980617523193
filler,5,,,,,-1,5,as,9.466981887817385
filler,5,,,,,-1,6,the,4.286170959472656
filler,5,,,,,-1,7,game,8.340228080749512
filler,5,,,,,-1,8,turned,6.705925464630127
filler,5,,,,,-1,9,increasingly,13.352678298950195
filler,5,,,,,-1,10,discouraging.,18.729498952627186
filler,6,,,,,-1,0,The,13.993014335632324
filler,6,,,,,-1,1,photographer,15.91737174987793
filler,6,,,,,-1,2,posed,13.298083305358888
filler,6,,,,,-1,3,the,2.866898536682129
filler,6,,,,,-1,4,newlyweds,20.922424256801605
filler,6,,,,,-1,5,in,4.440267562866211
filler,6,,,,,-1,6,front,5.132908821105957
filler,6,,,,,-1,7,of,0.0563552752137184
filler,6,,,,,-1,8,an,5.385274887084961
filler,6,,,,,-1,9,old,5.337725162506104
filler,6,,,,,-1,10,oak,11.80660629272461
filler,6,,,,,-1,11,tree,2.5919904708862305
filler,6,,,,,-1,12,that,5.52422571182251
filler,6,,,,,-1,13,stood,5.17341423034668
filler,6,,,,,-1,14,by,8.521269798278809
filler,6,,,,,-1,15,the,1.0932923555374146
filler,6,,,,,-1,16,pond.,11.57431709766388
filler,7,,,,,-1,0,The,13.993014335632324
filler,7,,,,,-1,1,horse,14.419377326965332
filler,7,,,,,-1,2,galloped,14.919354319572449
filler,7,,,,,-1,3,furiously,12.096131266560404
filler,7,,,,,-1,4,around,6.067173480987549
filler,7,,,,,-1,5,the,1.4330090284347534
filler,7,,,,,-1,6,field,8.354846000671387
filler,7,,,,,-1,7,before,7.360175132751465
filler,7,,,,,-1,8,jumping,9.541828155517578
filler,7,,,,,-1,9,over,4.942709922790527
filler,7,,,,,-1,10,the,1.1026262044906616
filler,7,,,,,-1,11,fence.,7.49349057674408
filler,8,,,,,-1,0,The,13.993014335632324
filler,8,,,,,-1,1,talented,15.075212478637695
filler,8,,,,,-1,2,cartoonists,18.016253232955933
filler,8,,,,,-1,3,drew,11.94397258758545
filler,8,,,,,-1,4,a,3.945221424102783
filler,8,,,,,-1,5,huge,6.563980579376221
filler,8,,,,,-1,6,illustration,11.240411758422852
filler,8,,,,,-1,7,of,0.2550076246261596
filler,8,,,,,-1,8,the,1.5126107931137085
filler,8,,,,,-1,9,upcoming,11.924776077270508
filler,8,,,,,-1,10,mall,14.671567916870115
filler,8,,,,,-1,11,to,7.923551559448242
filler,8,,,,,-1,12,be,3.1951680183410645
filler,8,,,,,-1,13,opened,5.01667594909668
filler,8,,,,,-1,14,in,2.3456122875213623
filler,8,,,,,-1,15,May.,8.575159430503845
filler,9,,,,,-1,0,The,13.993014335632324
filler,9,,,,,-1,1,protesters,14.656949996948242
filler,9,,,,,-1,2,rallied,12.369278594851494
filler,9,,,,,-1,3,outside,7.737931251525879
filler,9,,,,,-1,4,the,1.6763932704925537
filler,9,,,,,-1,5,state,8.409615516662598
filler,9,,,,,-1,6,capital,4.431285858154297
filler,9,,,,,-1,7,to,6.340320587158203
filler,9,,,,,-1,8,petition,12.034317016601562
filler,9,,,,,-1,9,the,1.1808191537857056
filler,9,,,,,-1,10,widely,17.90900230407715
filler,9,,,,,-1,11,controversial,12.163581848144531
filler,9,,,,,-1,12,bill.,10.899110317230225
filler,10,,,,,-1,0,The,13.993014335632324
filler,10,,,,,-1,1,small,10.646039962768556
filler,10,,,,,-1,2,orange,10.583520889282228
filler,10,,,,,-1,3,kitten,16.101054191589355
filler,10,,,,,-1,4,climbed,15.143895149230955
filler,10,,,,,-1,5,up,3.750443458557129
filler,10,,,,,-1,6,the,2.6555662155151367
filler,10,,,,,-1,7,curtains,13.463099479675291
filler,10,,,,,-1,8,behind,7.10446310043335
filler,10,,,,,-1,9,the,1.3222355842590332
filler,10,,,,,-1,10,couch,9.998834609985352
filler,10,,,,,-1,11,when,8.242486953735352
filler,10,,,,,-1,12,the,2.642181873321533
filler,10,,,,,-1,13,vacuum,12.951147079467772
filler,10,,,,,-1,14,turned,8.466675758361816
filler,10,,,,,-1,15,on.,3.5200913548469543
filler,11,,,,,-1,0,The,13.993014335632324
filler,11,,,,,-1,1,captain,13.437211036682127
filler,11,,,,,-1,2,made,8.557372093200684
filler,11,,,,,-1,3,sure,4.026584625244141
filler,11,,,,,-1,4,the,3.445244550704956
filler,11,,,,,-1,5,sailors,9.373819351196287
filler,11,,,,,-1,6,fixed,17.185012817382812
filler,11,,,,,-1,7,the,1.8949460983276367
filler,11,,,,,-1,8,rudder,12.794408313930036
filler,11,,,,,-1,9,before,6.803314685821533
filler,11,,,,,-1,10,setting,6.619279384613037
filler,11,,,,,-1,11,sail.,5.093988537788391
filler,12,,,,,-1,0,The,13.993014335632324
filler,12,,,,,-1,1,student,10.840289115905762
filler,12,,,,,-1,2,felt,10.881675720214844
filler,12,,,,,-1,3,that,2.5646934509277344
filler,12,,,,,-1,4,he,2.9623501300811768
filler,12,,,,,-1,5,hadn't,8.98849005997181
filler,12,,,,,-1,6,prepared,11.199554443359377
filler,12,,,,,-1,7,sufficiently,13.628643035888672
filler,12,,,,,-1,8,after,11.708160400390623
filler,12,,,,,-1,9,he,3.810497045516968
filler,12,,,,,-1,10,finished,4.382503032684326
filler,12,,,,,-1,11,the,2.187465190887451
filler,12,,,,,-1,12,midterm.,21.62316656112671
filler,13,,,,,-1,0,The,13.993014335632324
filler,13,,,,,-1,1,boys,12.846713066101074
filler,13,,,,,-1,2,rode,13.396000862121582
filler,13,,,,,-1,3,their,6.236239433288574
filler,13,,,,,-1,4,bikes,5.690121650695801
filler,13,,,,,-1,5,past,9.215496063232422
filler,13,,,,,-1,6,the,1.0804362297058103
filler,13,,,,,-1,7,yellow,10.959692001342772
filler,13,,,,,-1,8,wall,8.197754859924316
filler,13,,,,,-1,9,that,7.215236186981201
filler,13,,,,,-1,10,stood,5.602066516876221
filler,13,,,,,-1,11,in,2.9790806770324707
filler,13,,,,,-1,12,front,3.321615219116211
filler,13,,,,,-1,13,of,0.0790734961628913
filler,13,,,,,-1,14,the,2.2175800800323486
filler,13,,,,,-1,15,old,6.621921062469482
filler,13,,,,,-1,16,factory.,8.949217557907104
filler,14,,,,,-1,0,The,13.993014335632324
filler,14,,,,,-1,1,desert,14.16155242919922
filler,14,,,,,-1,2,bandits,23.605287551879883
filler,14,,,,,-1,3,joked,18.0236496925354
filler,14,,,,,-1,4,that,1.467174410820007
filler,14,,,,,-1,5,the,2.3545937538146973
filler,14,,,,,-1,6,oasis,15.40066385269165
filler,14,,,,,-1,7,in,5.822556495666504
filler,14,,,,,-1,8,the,1.2639431953430176
filler,14,,,,,-1,9,horizon,10.62543487548828
filler,14,,,,,-1,10,was,1.9872279167175293
filler,14,,,,,-1,11,all,8.64313793182373
filler,14,,,,,-1,12,but,4.204984188079834
filler,14,,,,,-1,13,a,3.752732992172241
filler,14,,,,,-1,14,wild,9.082357406616213
filler,14,,,,,-1,15,fantasy.,10.84715747833252
filler,15,,,,,-1,0,The,13.993014335632324
filler,15,,,,,-1,1,carpenter,19.567432165145878
filler,15,,,,,-1,2,told,7.90963888168335
filler,15,,,,,-1,3,all,10.305442810058594
filler,15,,,,,-1,4,the,2.772855520248413
filler,15,,,,,-1,5,disappointed,16.848466873168945
filler,15,,,,,-1,6,applicants,10.886429786682127
filler,15,,,,,-1,7,that,0.9763551354408264
filler,15,,,,,-1,8,he,3.17896580696106
filler,15,,,,,-1,9,was,2.309333562850952
filler,15,,,,,-1,10,not,1.884907841682434
filler,15,,,,,-1,11,taking,8.568995475769043
filler,15,,,,,-1,12,any,2.5727944374084477
filler,15,,,,,-1,13,new,6.974845886230469
filler,15,,,,,-1,14,apprentices.,13.100840331986548
filler,16,,,,,-1,0,The,13.993014335632324
filler,16,,,,,-1,1,California,13.945993423461914
filler,16,,,,,-1,2,judges,13.76389503479004
filler,16,,,,,-1,3,requested,12.47388744354248
filler,16,,,,,-1,4,the,2.719846487045288
filler,16,,,,,-1,5,opinions,13.327141761779783
filler,16,,,,,-1,6,of,0.3557426631450653
filler,16,,,,,-1,7,various,9.814447402954102
filler,16,,,,,-1,8,industry,8.989370346069336
filler,16,,,,,-1,9,leaders.,5.507143020629883
filler,17,,,,,-1,0,The,13.993014335632324
filler,17,,,,,-1,1,dance,15.530281066894531
filler,17,,,,,-1,2,troupe,13.065089583396912
filler,17,,,,,-1,3,forgot,16.15688133239746
filler,17,,,,,-1,4,most,11.022211074829102
filler,17,,,,,-1,5,of,0.579226553440094
filler,17,,,,,-1,6,the,0.8321208357810974
filler,17,,,,,-1,7,steps,9.426652908325195
filler,17,,,,,-1,8,when,6.46676778793335
filler,17,,,,,-1,9,they,2.3933379650115967
filler,17,,,,,-1,10,performed,8.380733489990234
filler,17,,,,,-1,11,for,5.912196636199951
filler,17,,,,,-1,12,the,1.6254974603652954
filler,17,,,,,-1,13,prime,14.603060722351074
filler,17,,,,,-1,14,minister.,6.204187273979187
filler,18,,,,,-1,0,There,19.996437072753903
filler,18,,,,,-1,1,were,6.455320835113525
filler,18,,,,,-1,2,several,6.437885761260986
filler,18,,,,,-1,3,noblemen,15.296054601669312
filler,18,,,,,-1,4,who,1.6290196180343628
filler,18,,,,,-1,5,kept,10.676682472229004
filler,18,,,,,-1,6,insisting,14.508136749267578
filler,18,,,,,-1,7,that,1.1822279691696167
filler,18,,,,,-1,8,the,2.4076030254364014
filler,18,,,,,-1,9,croutons,26.5600648522377
filler,18,,,,,-1,10,were,2.050979852676392
filler,18,,,,,-1,11,too,5.6959333419799805
filler,18,,,,,-1,12,soft.,11.083849668502808
filler,19,,,,,-1,0,The,13.993014335632324
filler,19,,,,,-1,1,priest,13.31904125213623
filler,19,,,,,-1,2,checked,14.80593967437744
filler,19,,,,,-1,3,twice,8.932839393615723
filler,19,,,,,-1,4,that,6.227434158325195
filler,19,,,,,-1,5,he,3.4498233795166016
filler,19,,,,,-1,6,had,2.77637791633606
filler,19,,,,,-1,7,all,9.378046035766602
filler,19,,,,,-1,8,the,1.7688511610031128
filler,19,,,,,-1,9,supplies,8.38901138305664
filler,19,,,,,-1,10,ready,8.857640266418457
filler,19,,,,,-1,11,for,2.238713264465332
filler,19,,,,,-1,12,the,1.3490043878555298
filler,19,,,,,-1,13,event,7.706231594085693
filler,19,,,,,-1,14,on,8.137173652648926
filler,19,,,,,-1,15,Sunday.,6.704340696334839
filler,20,,,,,-1,0,The,13.993014335632324
filler,20,,,,,-1,1,jeweler,22.80240201950073
filler,20,,,,,-1,2,showed,9.704378128051758
filler,20,,,,,-1,3,off,9.809340476989746
filler,20,,,,,-1,4,his,2.981722354888916
filler,20,,,,,-1,5,collection,10.197486877441406
filler,20,,,,,-1,6,of,1.6122891902923584
filler,20,,,,,-1,7,rare,9.591315269470217
filler,20,,,,,-1,8,and,4.5230393409729
filler,20,,,,,-1,9,precious,4.137181758880615
filler,20,,,,,-1,10,stones,2.58864426612854
filler,20,,,,,-1,11,at,6.264417171478272
filler,20,,,,,-1,12,the,1.347243309020996
filler,20,,,,,-1,13,convention.,15.407180190086365
filler,21,,,,,-1,0,The,13.993014335632324
filler,21,,,,,-1,1,serious,15.199193954467772
filler,21,,,,,-1,2,man,9.791200637817385
filler,21,,,,,-1,3,shifted,14.748175621032717
filler,21,,,,,-1,4,his,2.150834321975708
filler,21,,,,,-1,5,glasses,10.616981506347656
filler,21,,,,,-1,6,to,1.7510640621185305
filler,21,,,,,-1,7,indicate,9.42947006225586
filler,21,,,,,-1,8,the,3.593705415725708
filler,21,,,,,-1,9,prisoners,15.163443565368652
filler,21,,,,,-1,10,would,5.514892101287842
filler,21,,,,,-1,11,be,1.6078864336013794
filler,21,,,,,-1,12,set,10.029125213623049
filler,21,,,,,-1,13,free.,5.260764956474304
filler,22,,,,,-1,0,The,13.993014335632324
filler,22,,,,,-1,1,doctor,11.72489070892334
filler,22,,,,,-1,2,made,8.482877731323242
filler,22,,,,,-1,3,the,2.830796003341675
filler,22,,,,,-1,4,nurse,9.96361255645752
filler,22,,,,,-1,5,administer,12.856399536132812
filler,22,,,,,-1,6,the,1.4923580884933472
filler,22,,,,,-1,7,shot,11.274048805236816
filler,22,,,,,-1,8,because,9.970480918884276
filler,22,,,,,-1,9,he,3.8682613372802734
filler,22,,,,,-1,10,didn't,5.970136880874634
filler,22,,,,,-1,11,like,5.557686805725098
filler,22,,,,,-1,12,to,4.279478549957275
filler,22,,,,,-1,13,give,5.427365303039551
filler,22,,,,,-1,14,shots,9.719876289367676
filler,22,,,,,-1,15,to,3.382373094558716
filler,22,,,,,-1,16,children.,9.345465660095217
filler,23,,,,,-1,0,The,13.993014335632324
filler,23,,,,,-1,1,football,16.21306037902832
filler,23,,,,,-1,2,player,6.144838333129883
filler,23,,,,,-1,3,performed,11.20818328857422
filler,23,,,,,-1,4,a,3.113981246948242
filler,23,,,,,-1,5,humorous,15.73985195159912
filler,23,,,,,-1,6,victory,11.972854614257812
filler,23,,,,,-1,7,dance,12.057210922241213
filler,23,,,,,-1,8,at,4.8137969970703125
filler,23,,,,,-1,9,the,1.1049156188964844
filler,23,,,,,-1,10,end,5.123398780822754
filler,23,,,,,-1,11,zone.,16.251100420951843
filler,24,,,,,-1,0,The,13.993014335632324
filler,24,,,,,-1,1,journalists,17.570341110229492
filler,24,,,,,-1,2,were,4.185435771942139
filler,24,,,,,-1,3,riled,17.664384841918945
filler,24,,,,,-1,4,up,1.6573734283447266
filler,24,,,,,-1,5,to,3.4327406883239746
filler,24,,,,,-1,6,hear,8.834921836853027
filler,24,,,,,-1,7,that,4.444493770599365
filler,24,,,,,-1,8,the,1.8803290128707888
filler,24,,,,,-1,9,famous,13.087632179260254
filler,24,,,,,-1,10,British,6.520657539367676
filler,24,,,,,-1,11,actor,5.017909049987793
filler,24,,,,,-1,12,threw,12.425105094909668
filler,24,,,,,-1,13,a,2.400734663009644
filler,24,,,,,-1,14,fit,9.228352546691896
filler,24,,,,,-1,15,on,3.691622734069824
filler,24,,,,,-1,16,the,1.2535526752471924
filler,24,,,,,-1,17,set.,9.879255771636965
filler,25,,,,,-1,0,The,13.993014335632324
filler,25,,,,,-1,1,salesman,20.08061695098877
filler,25,,,,,-1,2,made,8.005090713500977
filler,25,,,,,-1,3,sure,6.307211875915527
filler,25,,,,,-1,4,that,1.8264392614364624
filler,25,,,,,-1,5,there,5.444623947143555
filler,25,,,,,-1,6,were,2.266186475753784
filler,25,,,,,-1,7,people,5.52810001373291
filler,25,,,,,-1,8,all,9.23979949951172
filler,25,,,,,-1,9,around,1.7732539176940918
filler,25,,,,,-1,10,to,5.473330020904541
filler,25,,,,,-1,11,witness,10.250144004821776
filler,25,,,,,-1,12,his,4.274899959564209
filler,25,,,,,-1,13,biggest,11.752716064453123
filler,25,,,,,-1,14,sale.,10.676154494285583
filler,26,,,,,-1,0,The,13.993014335632324
filler,26,,,,,-1,1,guides,17.687984466552734
filler,26,,,,,-1,2,were,4.14862871170044
filler,26,,,,,-1,3,in,6.574547290802002
filler,26,,,,,-1,4,the,2.6124191284179688
filler,26,,,,,-1,5,process,8.085396766662598
filler,26,,,,,-1,6,of,0.1155283153057098
filler,26,,,,,-1,7,explaining,8.106178283691406
filler,26,,,,,-1,8,the,1.4923580884933472
filler,26,,,,,-1,9,delay,11.753949165344238
filler,26,,,,,-1,10,when,7.429034233093262
filler,26,,,,,-1,11,the,1.4789737462997437
filler,26,,,,,-1,12,boat,11.291483879089355
filler,26,,,,,-1,13,started,5.305320739746094
filler,26,,,,,-1,14,to,2.397564649581909
filler,26,,,,,-1,15,move,4.347280979156494
filler,26,,,,,-1,16,again.,6.924478113651276
filler,27,,,,,-1,0,The,13.993014335632324
filler,27,,,,,-1,1,detective's,18.09338903427124
filler,27,,,,,-1,2,computer,11.0204496383667
filler,27,,,,,-1,3,crashed,9.802824020385742
filler,27,,,,,-1,4,and,3.662916660308838
filler,27,,,,,-1,5,all,7.891851902008057
filler,27,,,,,-1,6,the,2.327472925186157
filler,27,,,,,-1,7,important,10.98751735687256
filler,27,,,,,-1,8,documents,6.6849684715271
filler,27,,,,,-1,9,were,2.0944790840148926
filler,27,,,,,-1,10,lost.,4.071844637393951
filler,28,,,,,-1,0,The,13.993014335632324
filler,28,,,,,-1,1,chiefs,17.137287139892578
filler,28,,,,,-1,2,perform,13.488811492919922
filler,28,,,,,-1,3,a,3.0583302974700928
filler,28,,,,,-1,4,ceremony,10.010106086730955
filler,28,,,,,-1,5,for,4.380213737487793
filler,28,,,,,-1,6,each,5.037633419036865
filler,28,,,,,-1,7,family's,15.664653301239014
filler,28,,,,,-1,8,oldest,10.065228462219238
filler,28,,,,,-1,9,child,4.256936550140381
filler,28,,,,,-1,10,every,11.981131553649902
filler,28,,,,,-1,11,time,5.966262340545654
filler,28,,,,,-1,12,there,7.802211761474609
filler,28,,,,,-1,13,is,0.8009493350982666
filler,28,,,,,-1,14,a,0.8810794949531555
filler,28,,,,,-1,15,full,7.988360404968262
filler,28,,,,,-1,16,moon.,4.965075850486755
filler,29,,,,,-1,0,The,13.993014335632324
filler,29,,,,,-1,1,saleslady,31.38918399810791
filler,29,,,,,-1,2,found,10.03035831451416
filler,29,,,,,-1,3,herself,5.903391361236572
filler,29,,,,,-1,4,surrounded,9.968015670776367
filler,29,,,,,-1,5,by,0.469509869813919
filler,29,,,,,-1,6,angry,12.167632102966309
filler,29,,,,,-1,7,shoppers,8.52320671081543
filler,29,,,,,-1,8,who,4.086109638214111
filler,29,,,,,-1,9,wanted,5.7225260734558105
filler,29,,,,,-1,10,their,7.260848999023437
filler,29,,,,,-1,11,money,4.187020778656006
filler,29,,,,,-1,12,back.,4.5725260972976685
filler,30,,,,,-1,0,The,13.993014335632324
filler,30,,,,,-1,1,scientist,13.267264366149902
filler,30,,,,,-1,2,forgot,12.373504638671877
filler,30,,,,,-1,3,to,1.192618489265442
filler,30,,,,,-1,4,make,6.21510648727417
filler,30,,,,,-1,5,sure,3.4827558994293213
filler,30,,,,,-1,6,that,1.4035985469818115
filler,30,,,,,-1,7,the,2.010122299194336
filler,30,,,,,-1,8,temperature,9.965373992919922
filler,30,,,,,-1,9,was,3.989248991012573
filler,30,,,,,-1,10,set,6.779011249542236
filler,30,,,,,-1,11,to,1.967503547668457
filler,30,,,,,-1,12,zero,2.781132698059082
filler,30,,,,,-1,13,degrees.,12.7267826795578
filler,31,,,,,-1,0,The,13.993014335632324
filler,31,,,,,-1,1,candy,16.484798431396484
filler,31,,,,,-1,2,shop,10.784814834594728
filler,31,,,,,-1,3,was,4.443789482116699
filler,31,,,,,-1,4,small,8.960664749145508
filler,31,,,,,-1,5,but,4.146867752075195
filler,31,,,,,-1,6,tidy,10.809293746948242
filler,31,,,,,-1,7,and,1.898116111755371
filler,31,,,,,-1,8,smelled,9.475963592529297
filler,31,,,,,-1,9,deliciously,8.326843976974487
filler,31,,,,,-1,10,of,6.474516868591309
filler,31,,,,,-1,11,chocolate.,7.207839608192444
filler,32,,,,,-1,0,The,13.993014335632324
filler,32,,,,,-1,1,virus,11.37267017364502
filler,32,,,,,-1,2,caused,8.489922523498535
filler,32,,,,,-1,3,an,3.873896837234497
filler,32,,,,,-1,4,unusual,7.999279022216797
filler,32,,,,,-1,5,amount,8.87824535369873
filler,32,,,,,-1,6,of,0.0154977003112435
filler,32,,,,,-1,7,workers,16.048221588134766
filler,32,,,,,-1,8,at,6.617870330810547
filler,32,,,,,-1,9,the,1.522120714187622
filler,32,,,,,-1,10,city,6.788873195648193
filler,32,,,,,-1,11,hall,5.280489444732666
filler,32,,,,,-1,12,to,3.93764877319336
filler,32,,,,,-1,13,call,7.430971145629883
filler,32,,,,,-1,14,in,3.628222942352295
filler,32,,,,,-1,15,sick.,7.329707741737366
filler,33,,,,,-1,0,The,13.993014335632324
filler,33,,,,,-1,1,furious,17.141338348388672
filler,33,,,,,-1,2,man,6.505688190460205
filler,33,,,,,-1,3,standing,10.722824096679688
filler,33,,,,,-1,4,at,3.0805201530456543
filler,33,,,,,-1,5,the,0.8712173104286194
filler,33,,,,,-1,6,mayor's,14.171942710876465
filler,33,,,,,-1,7,door,2.734815835952759
filler,33,,,,,-1,8,was,3.836561441421509
filler,33,,,,,-1,9,angry,9.131139755249023
filler,33,,,,,-1,10,about,7.406139850616455
filler,33,,,,,-1,11,the,1.1390810012817385
filler,33,,,,,-1,12,high,9.14875030517578
filler,33,,,,,-1,13,cost,4.7248616218566895
filler,33,,,,,-1,14,of,0.2349310517311096
filler,33,,,,,-1,15,electricity.,8.73841381072998
filler,34,,,,,-1,0,The,13.993014335632324
filler,34,,,,,-1,1,bartender,18.50161302089691
filler,34,,,,,-1,2,tried,10.275679588317873
filler,34,,,,,-1,3,several,9.31711196899414
filler,34,,,,,-1,4,times,1.5411406755447388
filler,34,,,,,-1,5,to,1.0210871696472168
filler,34,,,,,-1,6,get,3.0195860862731934
filler,34,,,,,-1,7,the,2.754188060760498
filler,34,,,,,-1,8,woman,8.064087867736816
filler,34,,,,,-1,9,to,1.464356541633606
filler,34,,,,,-1,10,order,9.076545715332031
filler,34,,,,,-1,11,from,5.785749435424805
filler,34,,,,,-1,12,the,1.5189508199691772
filler,34,,,,,-1,13,secret,11.615350723266602
filler,34,,,,,-1,14,menu.,11.479569435119627
filler,35,,,,,-1,0,The,13.993014335632324
filler,35,,,,,-1,1,seamstress,29.14959049224853
filler,35,,,,,-1,2,fretted,23.48676586151123
filler,35,,,,,-1,3,over,8.664094924926758
filler,35,,,,,-1,4,whether,10.563444137573242
filler,35,,,,,-1,5,the,1.5864009857177734
filler,35,,,,,-1,6,dress,12.545741081237791
filler,35,,,,,-1,7,would,4.831936359405518
filler,35,,,,,-1,8,be,2.6640195846557617
filler,35,,,,,-1,9,finished,7.24376630783081
filler,35,,,,,-1,10,in,3.725083589553833
filler,35,,,,,-1,11,time.,10.041629314422607
