item_category,item,ambiguity,length,resolution,finality,critical_word_index,word_index,word,surprisal
critical,1,ambiguous,long,object,nonfinal,8,0,As,16.20804214477539
critical,1,ambiguous,long,object,nonfinal,8,1,the,3.218326568603516
critical,1,ambiguous,long,object,nonfinal,8,2,lifeguard,21.63725639134645
critical,1,ambiguous,long,object,nonfinal,8,3,watched,13.016836166381836
critical,1,ambiguous,long,object,nonfinal,8,4,the,1.734773874282837
critical,1,ambiguous,long,object,nonfinal,8,5,kids,10.3322114944458
critical,1,ambiguous,long,object,nonfinal,8,6,playing,6.730580806732178
critical,1,ambiguous,long,object,nonfinal,8,7,happily,13.482382774353027
critical,1,ambiguous,long,object,nonfinal,8,8,splashed,21.78281021118164
critical,1,ambiguous,long,object,nonfinal,8,9,each,11.533195495605469
critical,1,ambiguous,long,object,nonfinal,8,10,other,0.5086063742637634
critical,1,ambiguous,long,object,nonfinal,8,11,with,4.981630325317383
critical,1,ambiguous,long,object,nonfinal,8,12,water.,8.964098930358887
critical,1,ambiguous,short,object,nonfinal,6,0,As,16.20804214477539
critical,1,ambiguous,short,object,nonfinal,6,1,the,3.218326568603516
critical,1,ambiguous,short,object,nonfinal,6,2,lifeguard,21.63725639134645
critical,1,ambiguous,short,object,nonfinal,6,3,watched,13.016836166381836
critical,1,ambiguous,short,object,nonfinal,6,4,the,1.734773874282837
critical,1,ambiguous,short,object,nonfinal,6,5,kids,10.3322114944458
critical,1,ambiguous,short,object,nonfinal,6,6,splashed,16.934143543243408
critical,1,ambiguous,short,object,nonfinal,6,7,each,10.660216331481934
critical,1,ambiguous,short,object,nonfinal,6,8,other,0.5993911623954773
critical,1,ambiguous,short,object,nonfinal,6,9,with,5.065722942352295
critical,1,ambiguous,short,object,nonfinal,6,10,water.,7.0217790603637695
critical,1,unambiguous,long,object,nonfinal,10,0,As,16.20804214477539
critical,1,unambiguous,long,object,nonfinal,10,1,the,3.218326568603516
critical,1,unambiguous,long,object,nonfinal,10,2,lifeguard,21.63725639134645
critical,1,unambiguous,long,object,nonfinal,10,3,watched,13.016836166381836
critical,1,unambiguous,long,object,nonfinal,10,4,the,1.734773874282837
critical,1,unambiguous,long,object,nonfinal,10,5,pool,8.874723434448242
critical,1,unambiguous,long,object,nonfinal,10,6,the,8.343133926391602
critical,1,unambiguous,long,object,nonfinal,10,7,kids,9.828448295593262
critical,1,unambiguous,long,object,nonfinal,10,8,playing,9.478164672851562
critical,1,unambiguous,long,object,nonfinal,10,9,happily,13.454998016357422
critical,1,unambiguous,long,object,nonfinal,10,10,splashed,12.296809166669846
critical,1,unambiguous,long,object,nonfinal,10,11,each,9.765576362609863
critical,1,unambiguous,long,object,nonfinal,10,12,other,0.5363436937332153
critical,1,unambiguous,long,object,nonfinal,10,13,with,5.470600128173828
critical,1,unambiguous,long,object,nonfinal,10,14,water.,5.656660556793213
critical,1,unambiguous,short,object,nonfinal,8,0,As,16.20804214477539
critical,1,unambiguous,short,object,nonfinal,8,1,the,3.218326568603516
critical,1,unambiguous,short,object,nonfinal,8,2,lifeguard,21.63725639134645
critical,1,unambiguous,short,object,nonfinal,8,3,watched,13.016836166381836
critical,1,unambiguous,short,object,nonfinal,8,4,the,1.734773874282837
critical,1,unambiguous,short,object,nonfinal,8,5,pool,8.874723434448242
critical,1,unambiguous,short,object,nonfinal,8,6,the,8.343133926391602
critical,1,unambiguous,short,object,nonfinal,8,7,kids,9.828448295593262
critical,1,unambiguous,short,object,nonfinal,8,8,splashed,11.964401066303251
critical,1,unambiguous,short,object,nonfinal,8,9,each,11.34731101989746
critical,1,unambiguous,short,object,nonfinal,8,10,other,0.5066691637039185
critical,1,unambiguous,short,object,nonfinal,8,11,with,4.793192386627197
critical,1,unambiguous,short,object,nonfinal,8,12,water.,3.9802675247192383
critical,2,ambiguous,long,comma,nonfinal,9,0,Because,20.196762084960938
critical,2,ambiguous,long,comma,nonfinal,9,1,the,4.088222980499268
critical,2,ambiguous,long,comma,nonfinal,9,2,suspect,14.104228019714355
critical,2,ambiguous,long,comma,nonfinal,9,3,changed,13.693891525268556
critical,2,ambiguous,long,comma,nonfinal,9,4,the,2.342794418334961
critical,2,ambiguous,long,comma,nonfinal,9,5,file,11.293509483337402
critical,2,ambiguous,long,comma,nonfinal,9,6,with,7.972862720489502
critical,2,ambiguous,long,comma,nonfinal,9,7,the,1.4849615097045898
critical,2,ambiguous,long,comma,nonfinal,9,8,evidence,9.90215015411377
critical,2,ambiguous,long,comma,nonfinal,9,9,needed,9.875381469726562
critical,2,ambiguous,long,comma,nonfinal,9,10,to,1.43705952167511
critical,2,ambiguous,long,comma,nonfinal,9,11,be,4.645788192749023
critical,2,ambiguous,long,comma,nonfinal,9,12,updated.,13.336212038993835
critical,2,ambiguous,short,comma,nonfinal,6,0,Because,20.196762084960938
critical,2,ambiguous,short,comma,nonfinal,6,1,the,4.088222980499268
critical,2,ambiguous,short,comma,nonfinal,6,2,suspect,14.104228019714355
critical,2,ambiguous,short,comma,nonfinal,6,3,changed,13.693891525268556
critical,2,ambiguous,short,comma,nonfinal,6,4,the,2.342794418334961
critical,2,ambiguous,short,comma,nonfinal,6,5,file,11.293509483337402
critical,2,ambiguous,short,comma,nonfinal,6,6,needed,16.25136375427246
critical,2,ambiguous,short,comma,nonfinal,6,7,to,0.9156851768493652
critical,2,ambiguous,short,comma,nonfinal,6,8,be,3.940378427505493
critical,2,ambiguous,short,comma,nonfinal,6,9,updated.,10.7663232088089
critical,2,unambiguous,long,comma,nonfinal,9,0,Because,20.196762084960938
critical,2,unambiguous,long,comma,nonfinal,9,1,the,4.088222980499268
critical,2,unambiguous,long,comma,nonfinal,9,2,suspect,14.104228019714355
critical,2,unambiguous,long,comma,nonfinal,9,3,"changed,",22.486722946166992
critical,2,unambiguous,long,comma,nonfinal,9,4,the,2.2672431468963623
critical,2,unambiguous,long,comma,nonfinal,9,5,file,10.207437515258787
critical,2,unambiguous,long,comma,nonfinal,9,6,with,10.16393756866455
critical,2,unambiguous,long,comma,nonfinal,9,7,the,0.7295366525650024
critical,2,unambiguous,long,comma,nonfinal,9,8,evidence,8.560718536376953
critical,2,unambiguous,long,comma,nonfinal,9,9,needed,9.06368923187256
critical,2,unambiguous,long,comma,nonfinal,9,10,to,1.1353826522827148
critical,2,unambiguous,long,comma,nonfinal,9,11,be,3.500983476638794
critical,2,unambiguous,long,comma,nonfinal,9,12,updated.,10.158302068710327
critical,2,unambiguous,short,comma,nonfinal,6,0,Because,20.196762084960938
critical,2,unambiguous,short,comma,nonfinal,6,1,the,4.088222980499268
critical,2,unambiguous,short,comma,nonfinal,6,2,suspect,14.104228019714355
critical,2,unambiguous,short,comma,nonfinal,6,3,"changed,",22.486722946166992
critical,2,unambiguous,short,comma,nonfinal,6,4,the,2.2672431468963623
critical,2,unambiguous,short,comma,nonfinal,6,5,file,10.207437515258787
critical,2,unambiguous,short,comma,nonfinal,6,6,needed,12.486743927001951
critical,2,unambiguous,short,comma,nonfinal,6,7,to,0.245409607887268
critical,2,unambiguous,short,comma,nonfinal,6,8,be,0.7776147127151489
critical,2,unambiguous,short,comma,nonfinal,6,9,updated.,7.915714561939239
critical,3,ambiguous,long,object,nonfinal,11,0,While,18.005245208740234
critical,3,ambiguous,long,object,nonfinal,11,1,the,2.6838319301605225
critical,3,ambiguous,long,object,nonfinal,11,2,new,7.606817245483398
critical,3,ambiguous,long,object,nonfinal,11,3,chef,15.082168579101562
critical,3,ambiguous,long,object,nonfinal,11,4,cooked,14.665139198303224
critical,3,ambiguous,long,object,nonfinal,11,5,the,4.042522430419922
critical,3,ambiguous,long,object,nonfinal,11,6,stew,8.57683277130127
critical,3,ambiguous,long,object,nonfinal,11,7,with,4.622189044952393
critical,3,ambiguous,long,object,nonfinal,11,8,lamb,10.296989440917969
critical,3,ambiguous,long,object,nonfinal,11,9,and,2.166508197784424
critical,3,ambiguous,long,object,nonfinal,11,10,vegetables,6.359428405761719
critical,3,ambiguous,long,object,nonfinal,11,11,boiled,14.32850456237793
critical,3,ambiguous,long,object,nonfinal,11,12,over.,14.329297065734863
critical,3,ambiguous,short,object,nonfinal,7,0,While,18.005245208740234
critical,3,ambiguous,short,object,nonfinal,7,1,the,2.6838319301605225
critical,3,ambiguous,short,object,nonfinal,7,2,new,7.606817245483398
critical,3,ambiguous,short,object,nonfinal,7,3,chef,15.082168579101562
critical,3,ambiguous,short,object,nonfinal,7,4,cooked,14.665139198303224
critical,3,ambiguous,short,object,nonfinal,7,5,the,4.042522430419922
critical,3,ambiguous,short,object,nonfinal,7,6,stew,8.57683277130127
critical,3,ambiguous,short,object,nonfinal,7,7,boiled,14.494048118591309
critical,3,ambiguous,short,object,nonfinal,7,8,over.,11.52359676361084
critical,3,unambiguous,long,object,nonfinal,13,0,While,18.005245208740234
critical,3,unambiguous,long,object,nonfinal,13,1,the,2.6838319301605225
critical,3,unambiguous,long,object,nonfinal,13,2,new,7.606817245483398
critical,3,unambiguous,long,object,nonfinal,13,3,chef,15.082168579101562
critical,3,unambiguous,long,object,nonfinal,13,4,cooked,14.665139198303224
critical,3,unambiguous,long,object,nonfinal,13,5,the,4.042522430419922
critical,3,unambiguous,long,object,nonfinal,13,6,appetizers,11.071874260902405
critical,3,unambiguous,long,object,nonfinal,13,7,the,7.973214626312256
critical,3,unambiguous,long,object,nonfinal,13,8,stew,10.719918251037598
critical,3,unambiguous,long,object,nonfinal,13,9,with,7.053743362426758
critical,3,unambiguous,long,object,nonfinal,13,10,lamb,9.895105361938477
critical,3,unambiguous,long,object,nonfinal,13,11,and,2.270501136779785
critical,3,unambiguous,long,object,nonfinal,13,12,vegetables,6.281499862670898
critical,3,unambiguous,long,object,nonfinal,13,13,boiled,12.395166397094728
critical,3,unambiguous,long,object,nonfinal,13,14,over.,10.186920166015623
critical,3,unambiguous,short,object,nonfinal,9,0,While,18.005245208740234
critical,3,unambiguous,short,object,nonfinal,9,1,the,2.6838319301605225
critical,3,unambiguous,short,object,nonfinal,9,2,new,7.606817245483398
critical,3,unambiguous,short,object,nonfinal,9,3,chef,15.082168579101562
critical,3,unambiguous,short,object,nonfinal,9,4,cooked,14.665139198303224
critical,3,unambiguous,short,object,nonfinal,9,5,the,4.042522430419922
critical,3,unambiguous,short,object,nonfinal,9,6,appetizers,11.071874260902405
critical,3,unambiguous,short,object,nonfinal,9,7,the,7.973214626312256
critical,3,unambiguous,short,object,nonfinal,9,8,stew,10.719918251037598
critical,3,unambiguous,short,object,nonfinal,9,9,boiled,11.118191719055176
critical,3,unambiguous,short,object,nonfinal,9,10,over.,8.248915195465088
critical,4,ambiguous,long,comma,nonfinal,8,0,As,16.20804214477539
critical,4,ambiguous,long,comma,nonfinal,8,1,the,3.218326568603516
critical,4,ambiguous,long,comma,nonfinal,8,2,child,12.20584774017334
critical,4,ambiguous,long,comma,nonfinal,8,3,showered,19.59050273895264
critical,4,ambiguous,long,comma,nonfinal,8,4,the,6.475221157073975
critical,4,ambiguous,long,comma,nonfinal,8,5,cat,11.38614273071289
critical,4,ambiguous,long,comma,nonfinal,8,6,complaining,14.904561042785645
critical,4,ambiguous,long,comma,nonfinal,8,7,loudly,9.006012916564941
critical,4,ambiguous,long,comma,nonfinal,8,8,ran,17.475858688354492
critical,4,ambiguous,long,comma,nonfinal,8,9,around,6.973525047302246
critical,4,ambiguous,long,comma,nonfinal,8,10,the,1.0448620319366455
critical,4,ambiguous,long,comma,nonfinal,8,11,room.,4.605018377304077
critical,4,ambiguous,short,comma,nonfinal,6,0,As,16.20804214477539
critical,4,ambiguous,short,comma,nonfinal,6,1,the,3.218326568603516
critical,4,ambiguous,short,comma,nonfinal,6,2,child,12.20584774017334
critical,4,ambiguous,short,comma,nonfinal,6,3,showered,19.59050273895264
critical,4,ambiguous,short,comma,nonfinal,6,4,the,6.475221157073975
critical,4,ambiguous,short,comma,nonfinal,6,5,cat,11.38614273071289
critical,4,ambiguous,short,comma,nonfinal,6,6,ran,13.39168643951416
critical,4,ambiguous,short,comma,nonfinal,6,7,around,5.690738201141357
critical,4,ambiguous,short,comma,nonfinal,6,8,the,1.3181850910186768
critical,4,ambiguous,short,comma,nonfinal,6,9,room.,4.723980903625488
critical,4,unambiguous,long,comma,nonfinal,8,0,As,16.20804214477539
critical,4,unambiguous,long,comma,nonfinal,8,1,the,3.218326568603516
critical,4,unambiguous,long,comma,nonfinal,8,2,child,12.20584774017334
critical,4,unambiguous,long,comma,nonfinal,8,3,"showered,",23.049043655395508
critical,4,unambiguous,long,comma,nonfinal,8,4,the,2.1068947315216064
critical,4,unambiguous,long,comma,nonfinal,8,5,cat,9.361931800842283
critical,4,unambiguous,long,comma,nonfinal,8,6,complaining,17.223140716552734
critical,4,unambiguous,long,comma,nonfinal,8,7,loudly,8.22989559173584
critical,4,unambiguous,long,comma,nonfinal,8,8,ran,7.32944393157959
critical,4,unambiguous,long,comma,nonfinal,8,9,around,6.251032829284668
critical,4,unambiguous,long,comma,nonfinal,8,10,the,0.6906163096427917
critical,4,unambiguous,long,comma,nonfinal,8,11,room.,3.73054301738739
critical,4,unambiguous,short,comma,nonfinal,6,0,As,16.20804214477539
critical,4,unambiguous,short,comma,nonfinal,6,1,the,3.218326568603516
critical,4,unambiguous,short,comma,nonfinal,6,2,child,12.20584774017334
critical,4,unambiguous,short,comma,nonfinal,6,3,"showered,",23.049043655395508
critical,4,unambiguous,short,comma,nonfinal,6,4,the,2.1068947315216064
critical,4,unambiguous,short,comma,nonfinal,6,5,cat,9.361931800842283
critical,4,unambiguous,short,comma,nonfinal,6,6,ran,6.893835067749023
critical,4,unambiguous,short,comma,nonfinal,6,7,around,4.081794738769531
critical,4,unambiguous,short,comma,nonfinal,6,8,the,1.4306315183639526
critical,4,unambiguous,short,comma,nonfinal,6,9,room.,4.627648591995239
critical,5,ambiguous,long,comma,final,9,0,When,17.257658004760742
critical,5,ambiguous,long,comma,final,9,1,the,3.458188533782959
critical,5,ambiguous,long,comma,final,9,2,family,9.848788261413574
critical,5,ambiguous,long,comma,final,9,3,moved,6.108471393585205
critical,5,ambiguous,long,comma,final,9,4,the,6.03027868270874
critical,5,ambiguous,long,comma,final,9,5,vases,16.767983436584473
critical,5,ambiguous,long,comma,final,9,6,made,9.900036811828612
critical,5,ambiguous,long,comma,final,9,7,of,3.420236825942993
critical,5,ambiguous,long,comma,final,9,8,porcelain,11.827650947496297
critical,5,ambiguous,long,comma,final,9,9,broke.,14.307812213897703
critical,5,ambiguous,short,comma,final,6,0,When,17.257658004760742
critical,5,ambiguous,short,comma,final,6,1,the,3.458188533782959
critical,5,ambiguous,short,comma,final,6,2,family,9.848788261413574
critical,5,ambiguous,short,comma,final,6,3,moved,6.108471393585205
critical,5,ambiguous,short,comma,final,6,4,the,6.03027868270874
critical,5,ambiguous,short,comma,final,6,5,vases,16.767983436584473
critical,5,ambiguous,short,comma,final,6,6,broke.,15.493209838867188
critical,5,unambiguous,long,comma,final,9,0,When,17.257658004760742
critical,5,unambiguous,long,comma,final,9,1,the,3.458188533782959
critical,5,unambiguous,long,comma,final,9,2,family,9.848788261413574
critical,5,unambiguous,long,comma,final,9,3,"moved,",13.622390747070312
critical,5,unambiguous,long,comma,final,9,4,the,2.6649880409240723
critical,5,unambiguous,long,comma,final,9,5,vases,19.15084314346313
critical,5,unambiguous,long,comma,final,9,6,made,8.164381980895996
critical,5,unambiguous,long,comma,final,9,7,of,2.593223094940185
critical,5,unambiguous,long,comma,final,9,8,porcelain,11.393627554178238
critical,5,unambiguous,long,comma,final,9,9,broke.,12.844599962234495
critical,5,unambiguous,short,comma,final,6,0,When,17.257658004760742
critical,5,unambiguous,short,comma,final,6,1,the,3.458188533782959
critical,5,unambiguous,short,comma,final,6,2,family,9.848788261413574
critical,5,unambiguous,short,comma,final,6,3,"moved,",13.622390747070312
critical,5,unambiguous,short,comma,final,6,4,the,2.6649880409240723
critical,5,unambiguous,short,comma,final,6,5,vases,19.15084314346313
critical,5,unambiguous,short,comma,final,6,6,broke.,11.788994789123535
critical,6,ambiguous,long,comma,nonfinal,10,0,After,18.79087448120117
critical,6,ambiguous,long,comma,nonfinal,10,1,the,3.2918524742126465
critical,6,ambiguous,long,comma,nonfinal,10,2,new,8.177502632141113
critical,6,ambiguous,long,comma,nonfinal,10,3,doctor,13.7488374710083
critical,6,ambiguous,long,comma,nonfinal,10,4,left,8.08971118927002
critical,6,ambiguous,long,comma,nonfinal,10,5,the,1.817897915840149
critical,6,ambiguous,long,comma,nonfinal,10,6,operation,9.752544403076172
critical,6,ambiguous,long,comma,nonfinal,10,7,on,5.691530704498291
critical,6,ambiguous,long,comma,nonfinal,10,8,the,4.495741844177246
critical,6,ambiguous,long,comma,nonfinal,10,9,brain,9.129730224609377
critical,6,ambiguous,long,comma,nonfinal,10,10,appeared,13.047478675842283
critical,6,ambiguous,long,comma,nonfinal,10,11,more,7.617648124694824
critical,6,ambiguous,long,comma,nonfinal,10,12,likely,6.378272533416748
critical,6,ambiguous,long,comma,nonfinal,10,13,to,1.968472123146057
critical,6,ambiguous,long,comma,nonfinal,10,14,succeed.,11.367915630340576
critical,6,ambiguous,short,comma,nonfinal,7,0,After,18.79087448120117
critical,6,ambiguous,short,comma,nonfinal,7,1,the,3.2918524742126465
critical,6,ambiguous,short,comma,nonfinal,7,2,new,8.177502632141113
critical,6,ambiguous,short,comma,nonfinal,7,3,doctor,13.7488374710083
critical,6,ambiguous,short,comma,nonfinal,7,4,left,8.08971118927002
critical,6,ambiguous,short,comma,nonfinal,7,5,the,1.817897915840149
critical,6,ambiguous,short,comma,nonfinal,7,6,operation,9.752544403076172
critical,6,ambiguous,short,comma,nonfinal,7,7,appeared,14.503382682800291
critical,6,ambiguous,short,comma,nonfinal,7,8,more,7.966786861419678
critical,6,ambiguous,short,comma,nonfinal,7,9,likely,5.896698951721191
critical,6,ambiguous,short,comma,nonfinal,7,10,to,2.0103864669799805
critical,6,ambiguous,short,comma,nonfinal,7,11,succeed.,10.166668057441711
critical,6,unambiguous,long,comma,nonfinal,10,0,After,18.79087448120117
critical,6,unambiguous,long,comma,nonfinal,10,1,the,3.2918524742126465
critical,6,unambiguous,long,comma,nonfinal,10,2,new,8.177502632141113
critical,6,unambiguous,long,comma,nonfinal,10,3,doctor,13.7488374710083
critical,6,unambiguous,long,comma,nonfinal,10,4,"left,",10.13012433052063
critical,6,unambiguous,long,comma,nonfinal,10,5,the,2.595160484313965
critical,6,unambiguous,long,comma,nonfinal,10,6,operation,12.279638290405272
critical,6,unambiguous,long,comma,nonfinal,10,7,on,5.479934215545654
critical,6,unambiguous,long,comma,nonfinal,10,8,the,2.1990885734558105
critical,6,unambiguous,long,comma,nonfinal,10,9,brain,7.043440818786621
critical,6,unambiguous,long,comma,nonfinal,10,10,appeared,9.525010108947754
critical,6,unambiguous,long,comma,nonfinal,10,11,more,6.444577693939209
critical,6,unambiguous,long,comma,nonfinal,10,12,likely,6.304041862487793
critical,6,unambiguous,long,comma,nonfinal,10,13,to,3.260328769683838
critical,6,unambiguous,long,comma,nonfinal,10,14,succeed.,7.267804980278015
critical,6,unambiguous,short,comma,nonfinal,7,0,After,18.79087448120117
critical,6,unambiguous,short,comma,nonfinal,7,1,the,3.2918524742126465
critical,6,unambiguous,short,comma,nonfinal,7,2,new,8.177502632141113
critical,6,unambiguous,short,comma,nonfinal,7,3,doctor,13.7488374710083
critical,6,unambiguous,short,comma,nonfinal,7,4,"left,",10.13012433052063
critical,6,unambiguous,short,comma,nonfinal,7,5,the,2.595160484313965
critical,6,unambiguous,short,comma,nonfinal,7,6,operation,12.279638290405272
critical,6,unambiguous,short,comma,nonfinal,7,7,appeared,10.134791374206545
critical,6,unambiguous,short,comma,nonfinal,7,8,more,7.192254066467285
critical,6,unambiguous,short,comma,nonfinal,7,9,likely,5.913957595825195
critical,6,unambiguous,short,comma,nonfinal,7,10,to,2.3378634452819824
critical,6,unambiguous,short,comma,nonfinal,7,11,succeed.,7.55055046081543
critical,7,ambiguous,long,comma,final,8,0,While,18.005245208740234
critical,7,ambiguous,long,comma,final,8,1,the,2.6838319301605225
critical,7,ambiguous,long,comma,final,8,2,mom,15.387191772460938
critical,7,ambiguous,long,comma,final,8,3,dressed,12.854461669921877
critical,7,ambiguous,long,comma,final,8,4,the,5.312541484832764
critical,7,ambiguous,long,comma,final,8,5,baby,2.3007922172546387
critical,7,ambiguous,long,comma,final,8,6,she,9.134045600891112
critical,7,ambiguous,long,comma,final,8,7,adored,12.022517681121826
critical,7,ambiguous,long,comma,final,8,8,cried.,16.109947443008423
critical,7,ambiguous,short,comma,final,6,0,While,18.005245208740234
critical,7,ambiguous,short,comma,final,6,1,the,2.6838319301605225
critical,7,ambiguous,short,comma,final,6,2,mom,15.387191772460938
critical,7,ambiguous,short,comma,final,6,3,dressed,12.854461669921877
critical,7,ambiguous,short,comma,final,6,4,the,5.312541484832764
critical,7,ambiguous,short,comma,final,6,5,baby,2.3007922172546387
critical,7,ambiguous,short,comma,final,6,6,cried.,15.536004781723022
critical,7,unambiguous,long,comma,final,8,0,While,18.005245208740234
critical,7,unambiguous,long,comma,final,8,1,the,2.6838319301605225
critical,7,unambiguous,long,comma,final,8,2,mom,15.387191772460938
critical,7,unambiguous,long,comma,final,8,3,"dressed,",21.230175971984863
critical,7,unambiguous,long,comma,final,8,4,the,2.204547882080078
critical,7,unambiguous,long,comma,final,8,5,baby,4.9667487144470215
critical,7,unambiguous,long,comma,final,8,6,she,7.4720048904418945
critical,7,unambiguous,long,comma,final,8,7,adored,10.82391083240509
critical,7,unambiguous,long,comma,final,8,8,cried.,12.177934408187866
critical,7,unambiguous,short,comma,final,6,0,While,18.005245208740234
critical,7,unambiguous,short,comma,final,6,1,the,2.6838319301605225
critical,7,unambiguous,short,comma,final,6,2,mom,15.387191772460938
critical,7,unambiguous,short,comma,final,6,3,"dressed,",21.230175971984863
critical,7,unambiguous,short,comma,final,6,4,the,2.204547882080078
critical,7,unambiguous,short,comma,final,6,5,baby,4.9667487144470215
critical,7,unambiguous,short,comma,final,6,6,cried.,8.954060792922974
critical,8,ambiguous,long,comma,nonfinal,9,0,As,16.20804214477539
critical,8,ambiguous,long,comma,nonfinal,9,1,the,3.218326568603516
critical,8,ambiguous,long,comma,nonfinal,9,2,crowd,11.812682151794434
critical,8,ambiguous,long,comma,nonfinal,9,3,applauded,5.956664562225342
critical,8,ambiguous,long,comma,nonfinal,9,4,the,3.777036190032959
critical,8,ambiguous,long,comma,nonfinal,9,5,cast,10.551556587219238
critical,8,ambiguous,long,comma,nonfinal,9,6,for,4.005539417266846
critical,8,ambiguous,long,comma,nonfinal,9,7,the,2.3071320056915283
critical,8,ambiguous,long,comma,nonfinal,9,8,play,9.012088775634766
critical,8,ambiguous,long,comma,nonfinal,9,9,came,11.688436508178713
critical,8,ambiguous,long,comma,nonfinal,9,10,back,6.752682685852051
critical,8,ambiguous,long,comma,nonfinal,9,11,on,4.649838447570801
critical,8,ambiguous,long,comma,nonfinal,9,12,stage,2.767220020294189
critical,8,ambiguous,long,comma,nonfinal,9,13,and,3.91387391090393
critical,8,ambiguous,long,comma,nonfinal,9,14,waived.,23.5462908744812
critical,8,ambiguous,short,comma,nonfinal,6,0,As,16.20804214477539
critical,8,ambiguous,short,comma,nonfinal,6,1,the,3.218326568603516
critical,8,ambiguous,short,comma,nonfinal,6,2,crowd,11.812682151794434
critical,8,ambiguous,short,comma,nonfinal,6,3,applauded,5.956664562225342
critical,8,ambiguous,short,comma,nonfinal,6,4,the,3.777036190032959
critical,8,ambiguous,short,comma,nonfinal,6,5,cast,10.551556587219238
critical,8,ambiguous,short,comma,nonfinal,6,6,came,12.53085994720459
critical,8,ambiguous,short,comma,nonfinal,6,7,back,4.528322219848633
critical,8,ambiguous,short,comma,nonfinal,6,8,on,5.492877960205078
critical,8,ambiguous,short,comma,nonfinal,6,9,stage,1.075417160987854
critical,8,ambiguous,short,comma,nonfinal,6,10,and,3.440137386322021
critical,8,ambiguous,short,comma,nonfinal,6,11,waived.,21.92942237854004
critical,8,unambiguous,long,comma,nonfinal,9,0,As,16.20804214477539
critical,8,unambiguous,long,comma,nonfinal,9,1,the,3.218326568603516
critical,8,unambiguous,long,comma,nonfinal,9,2,crowd,11.812682151794434
critical,8,unambiguous,long,comma,nonfinal,9,3,"applauded,",6.9400641322135925
critical,8,unambiguous,long,comma,nonfinal,9,4,the,2.1264429092407227
critical,8,unambiguous,long,comma,nonfinal,9,5,cast,10.694558143615724
critical,8,unambiguous,long,comma,nonfinal,9,6,for,9.508631706237791
critical,8,unambiguous,long,comma,nonfinal,9,7,the,1.3079707622528076
critical,8,unambiguous,long,comma,nonfinal,9,8,play,8.54839038848877
critical,8,unambiguous,long,comma,nonfinal,9,9,came,5.587889671325684
critical,8,unambiguous,long,comma,nonfinal,9,10,back,3.887721538543701
critical,8,unambiguous,long,comma,nonfinal,9,11,on,6.288984298706055
critical,8,unambiguous,long,comma,nonfinal,9,12,stage,1.3181850910186768
critical,8,unambiguous,long,comma,nonfinal,9,13,and,3.2510828971862797
critical,8,unambiguous,long,comma,nonfinal,9,14,waived.,20.25311756134033
critical,8,unambiguous,short,comma,nonfinal,6,0,As,16.20804214477539
critical,8,unambiguous,short,comma,nonfinal,6,1,the,3.218326568603516
critical,8,unambiguous,short,comma,nonfinal,6,2,crowd,11.812682151794434
critical,8,unambiguous,short,comma,nonfinal,6,3,"applauded,",6.9400641322135925
critical,8,unambiguous,short,comma,nonfinal,6,4,the,2.1264429092407227
critical,8,unambiguous,short,comma,nonfinal,6,5,cast,10.694558143615724
critical,8,unambiguous,short,comma,nonfinal,6,6,came,6.5837931632995605
critical,8,unambiguous,short,comma,nonfinal,6,7,back,3.624260663986206
critical,8,unambiguous,short,comma,nonfinal,6,8,on,5.683781623840332
critical,8,unambiguous,short,comma,nonfinal,6,9,stage,1.508031964302063
critical,8,unambiguous,short,comma,nonfinal,6,10,and,2.884773731231689
critical,8,unambiguous,short,comma,nonfinal,6,11,waived.,19.693350791931152
critical,9,ambiguous,long,object,nonfinal,8,0,Because,20.196762084960938
critical,9,ambiguous,long,object,nonfinal,8,1,the,4.088222980499268
critical,9,ambiguous,long,object,nonfinal,8,2,mechanic,15.550973892211914
critical,9,ambiguous,long,object,nonfinal,8,3,stopped,10.74880027770996
critical,9,ambiguous,long,object,nonfinal,8,4,the,3.250642776489258
critical,9,ambiguous,long,object,nonfinal,8,5,truck,5.7234063148498535
critical,9,ambiguous,long,object,nonfinal,8,6,leaking,14.893378257751465
critical,9,ambiguous,long,object,nonfinal,8,7,oil,4.55403470993042
critical,9,ambiguous,long,object,nonfinal,8,8,needed,13.720219612121582
critical,9,ambiguous,long,object,nonfinal,8,9,several,14.470537185668944
critical,9,ambiguous,long,object,nonfinal,8,10,more,6.969034194946289
critical,9,ambiguous,long,object,nonfinal,8,11,hours,1.9005815982818604
critical,9,ambiguous,long,object,nonfinal,8,12,before,4.424241065979004
critical,9,ambiguous,long,object,nonfinal,8,13,it,2.9568028450012207
critical,9,ambiguous,long,object,nonfinal,8,14,was,1.784260869026184
critical,9,ambiguous,long,object,nonfinal,8,15,ready.,5.147349834442139
critical,9,ambiguous,short,object,nonfinal,6,0,Because,20.196762084960938
critical,9,ambiguous,short,object,nonfinal,6,1,the,4.088222980499268
critical,9,ambiguous,short,object,nonfinal,6,2,mechanic,15.550973892211914
critical,9,ambiguous,short,object,nonfinal,6,3,stopped,10.74880027770996
critical,9,ambiguous,short,object,nonfinal,6,4,the,3.250642776489258
critical,9,ambiguous,short,object,nonfinal,6,5,truck,5.7234063148498535
critical,9,ambiguous,short,object,nonfinal,6,6,needed,13.52332878112793
critical,9,ambiguous,short,object,nonfinal,6,7,several,12.223459243774414
critical,9,ambiguous,short,object,nonfinal,6,8,more,5.190585136413574
critical,9,ambiguous,short,object,nonfinal,6,9,hours,3.157128095626831
critical,9,ambiguous,short,object,nonfinal,6,10,before,5.708789348602295
critical,9,ambiguous,short,object,nonfinal,6,11,it,2.8087821006774902
critical,9,ambiguous,short,object,nonfinal,6,12,was,2.138770818710327
critical,9,ambiguous,short,object,nonfinal,6,13,ready.,4.462369084358215
critical,9,unambiguous,long,object,nonfinal,10,0,Because,20.196762084960938
critical,9,unambiguous,long,object,nonfinal,10,1,the,4.088222980499268
critical,9,unambiguous,long,object,nonfinal,10,2,mechanic,15.550973892211914
critical,9,unambiguous,long,object,nonfinal,10,3,stopped,10.74880027770996
critical,9,unambiguous,long,object,nonfinal,10,4,the,3.250642776489258
critical,9,unambiguous,long,object,nonfinal,10,5,repairs,9.414676666259766
critical,9,unambiguous,long,object,nonfinal,10,6,the,8.507181167602539
critical,9,unambiguous,long,object,nonfinal,10,7,truck,6.692276954650879
critical,9,unambiguous,long,object,nonfinal,10,8,leaking,16.154151916503906
critical,9,unambiguous,long,object,nonfinal,10,9,oil,5.554780960083008
critical,9,unambiguous,long,object,nonfinal,10,10,needed,8.079761505126953
critical,9,unambiguous,long,object,nonfinal,10,11,several,13.317895889282228
critical,9,unambiguous,long,object,nonfinal,10,12,more,7.143735408782959
critical,9,unambiguous,long,object,nonfinal,10,13,hours,2.2722623348236084
critical,9,unambiguous,long,object,nonfinal,10,14,before,4.098437309265137
critical,9,unambiguous,long,object,nonfinal,10,15,it,2.331435441970825
critical,9,unambiguous,long,object,nonfinal,10,16,was,1.7175151109695437
critical,9,unambiguous,long,object,nonfinal,10,17,ready.,5.730186581611633
critical,9,unambiguous,short,object,nonfinal,8,0,Because,20.196762084960938
critical,9,unambiguous,short,object,nonfinal,8,1,the,4.088222980499268
critical,9,unambiguous,short,object,nonfinal,8,2,mechanic,15.550973892211914
critical,9,unambiguous,short,object,nonfinal,8,3,stopped,10.74880027770996
critical,9,unambiguous,short,object,nonfinal,8,4,the,3.250642776489258
critical,9,unambiguous,short,object,nonfinal,8,5,repairs,9.414676666259766
critical,9,unambiguous,short,object,nonfinal,8,6,the,8.507181167602539
critical,9,unambiguous,short,object,nonfinal,8,7,truck,6.692276954650879
critical,9,unambiguous,short,object,nonfinal,8,8,needed,6.921220302581787
critical,9,unambiguous,short,object,nonfinal,8,9,several,10.657838821411133
critical,9,unambiguous,short,object,nonfinal,8,10,more,4.663575172424316
critical,9,unambiguous,short,object,nonfinal,8,11,hours,2.416496515274048
critical,9,unambiguous,short,object,nonfinal,8,12,before,4.751366138458252
critical,9,unambiguous,short,object,nonfinal,8,13,it,2.2408266067504883
critical,9,unambiguous,short,object,nonfinal,8,14,was,1.9174001216888428
critical,9,unambiguous,short,object,nonfinal,8,15,ready.,5.087384223937988
critical,10,ambiguous,long,comma,nonfinal,8,0,When,17.257658004760742
critical,10,ambiguous,long,comma,nonfinal,8,1,the,3.458188533782959
critical,10,ambiguous,long,comma,nonfinal,8,2,boy,11.340353965759276
critical,10,ambiguous,long,comma,nonfinal,8,3,hid,12.91354751586914
critical,10,ambiguous,long,comma,nonfinal,8,4,his,3.350497245788574
critical,10,ambiguous,long,comma,nonfinal,8,5,toy,9.208539962768556
critical,10,ambiguous,long,comma,nonfinal,8,6,from,3.985286474227905
critical,10,ambiguous,long,comma,nonfinal,8,7,childhood,13.028722763061523
critical,10,ambiguous,long,comma,nonfinal,8,8,fell,14.375614166259766
critical,10,ambiguous,long,comma,nonfinal,8,9,off,5.708613395690918
critical,10,ambiguous,long,comma,nonfinal,8,10,the,1.4641804695129397
critical,10,ambiguous,long,comma,nonfinal,8,11,table.,8.12449336051941
critical,10,ambiguous,short,comma,nonfinal,6,0,When,17.257658004760742
critical,10,ambiguous,short,comma,nonfinal,6,1,the,3.458188533782959
critical,10,ambiguous,short,comma,nonfinal,6,2,boy,11.340353965759276
critical,10,ambiguous,short,comma,nonfinal,6,3,hid,12.91354751586914
critical,10,ambiguous,short,comma,nonfinal,6,4,his,3.350497245788574
critical,10,ambiguous,short,comma,nonfinal,6,5,toy,9.208539962768556
critical,10,ambiguous,short,comma,nonfinal,6,6,fell,15.423294067382812
critical,10,ambiguous,short,comma,nonfinal,6,7,off,4.081707000732422
critical,10,ambiguous,short,comma,nonfinal,6,8,the,1.376477599143982
critical,10,ambiguous,short,comma,nonfinal,6,9,table.,6.8807148933410645
critical,10,unambiguous,long,comma,nonfinal,8,0,When,17.257658004760742
critical,10,unambiguous,long,comma,nonfinal,8,1,the,3.458188533782959
critical,10,unambiguous,long,comma,nonfinal,8,2,boy,11.340353965759276
critical,10,unambiguous,long,comma,nonfinal,8,3,"hid,",20.345927715301517
critical,10,unambiguous,long,comma,nonfinal,8,4,his,4.356526851654053
critical,10,unambiguous,long,comma,nonfinal,8,5,toy,11.392218589782717
critical,10,unambiguous,long,comma,nonfinal,8,6,from,11.06201171875
critical,10,unambiguous,long,comma,nonfinal,8,7,childhood,11.499558448791504
critical,10,unambiguous,long,comma,nonfinal,8,8,fell,8.801548957824707
critical,10,unambiguous,long,comma,nonfinal,8,9,off,4.575167655944824
critical,10,unambiguous,long,comma,nonfinal,8,10,the,1.5709913969039917
critical,10,unambiguous,long,comma,nonfinal,8,11,table.,5.602682948112488
critical,10,unambiguous,short,comma,nonfinal,6,0,When,17.257658004760742
critical,10,unambiguous,short,comma,nonfinal,6,1,the,3.458188533782959
critical,10,unambiguous,short,comma,nonfinal,6,2,boy,11.340353965759276
critical,10,unambiguous,short,comma,nonfinal,6,3,"hid,",20.345927715301517
critical,10,unambiguous,short,comma,nonfinal,6,4,his,4.356526851654053
critical,10,unambiguous,short,comma,nonfinal,6,5,toy,11.392218589782717
critical,10,unambiguous,short,comma,nonfinal,6,6,fell,6.827441692352295
critical,10,unambiguous,short,comma,nonfinal,6,7,off,3.652086019515991
critical,10,unambiguous,short,comma,nonfinal,6,8,the,1.3909186124801636
critical,10,unambiguous,short,comma,nonfinal,6,9,table.,5.07567310333252
critical,11,ambiguous,long,comma,final,12,0,Whenever,22.372604370117188
critical,11,ambiguous,long,comma,final,12,1,the,4.592690944671631
critical,11,ambiguous,long,comma,final,12,2,wildlife,16.603321075439453
critical,11,ambiguous,long,comma,final,12,3,documentary,12.453458786010742
critical,11,ambiguous,long,comma,final,12,4,crew,9.543766021728516
critical,11,ambiguous,long,comma,final,12,5,tries,8.210259437561035
critical,11,ambiguous,long,comma,final,12,6,to,0.1063705831766128
critical,11,ambiguous,long,comma,final,12,7,film,7.088613033294678
critical,11,ambiguous,long,comma,final,12,8,the,3.275033950805664
critical,11,ambiguous,long,comma,final,12,9,bear,12.63687801361084
critical,11,ambiguous,long,comma,final,12,10,hunting,6.400726318359375
critical,11,ambiguous,long,comma,final,12,11,cautiously,20.773345947265625
critical,11,ambiguous,long,comma,final,12,12,leaves.,27.48569965362549
critical,11,ambiguous,short,comma,final,10,0,Whenever,22.372604370117188
critical,11,ambiguous,short,comma,final,10,1,the,4.592690944671631
critical,11,ambiguous,short,comma,final,10,2,wildlife,16.603321075439453
critical,11,ambiguous,short,comma,final,10,3,documentary,12.453458786010742
critical,11,ambiguous,short,comma,final,10,4,crew,9.543766021728516
critical,11,ambiguous,short,comma,final,10,5,tries,8.210259437561035
critical,11,ambiguous,short,comma,final,10,6,to,0.1063705831766128
critical,11,ambiguous,short,comma,final,10,7,film,7.088613033294678
critical,11,ambiguous,short,comma,final,10,8,the,3.275033950805664
critical,11,ambiguous,short,comma,final,10,9,bear,12.63687801361084
critical,11,ambiguous,short,comma,final,10,10,leaves.,21.0162034034729
critical,11,unambiguous,long,comma,final,12,0,Whenever,22.372604370117188
critical,11,unambiguous,long,comma,final,12,1,the,4.592690944671631
critical,11,unambiguous,long,comma,final,12,2,wildlife,16.603321075439453
critical,11,unambiguous,long,comma,final,12,3,documentary,12.453458786010742
critical,11,unambiguous,long,comma,final,12,4,crew,9.543766021728516
critical,11,unambiguous,long,comma,final,12,5,tries,8.210259437561035
critical,11,unambiguous,long,comma,final,12,6,to,0.1063705831766128
critical,11,unambiguous,long,comma,final,12,7,"film,",12.39683961868286
critical,11,unambiguous,long,comma,final,12,8,the,2.9136557579040527
critical,11,unambiguous,long,comma,final,12,9,bear,13.467765808105469
critical,11,unambiguous,long,comma,final,12,10,hunting,9.472001075744627
critical,11,unambiguous,long,comma,final,12,11,cautiously,19.606264114379883
critical,11,unambiguous,long,comma,final,12,12,leaves.,19.207109928131104
critical,11,unambiguous,short,comma,final,10,0,Whenever,22.372604370117188
critical,11,unambiguous,short,comma,final,10,1,the,4.592690944671631
critical,11,unambiguous,short,comma,final,10,2,wildlife,16.603321075439453
critical,11,unambiguous,short,comma,final,10,3,documentary,12.453458786010742
critical,11,unambiguous,short,comma,final,10,4,crew,9.543766021728516
critical,11,unambiguous,short,comma,final,10,5,tries,8.210259437561035
critical,11,unambiguous,short,comma,final,10,6,to,0.1063705831766128
critical,11,unambiguous,short,comma,final,10,7,"film,",12.39683961868286
critical,11,unambiguous,short,comma,final,10,8,the,2.9136557579040527
critical,11,unambiguous,short,comma,final,10,9,bear,13.467765808105469
critical,11,unambiguous,short,comma,final,10,10,leaves.,17.097310066223145
critical,12,ambiguous,long,object,nonfinal,9,0,After,18.79087448120117
critical,12,ambiguous,long,object,nonfinal,9,1,the,3.2918524742126465
critical,12,ambiguous,long,object,nonfinal,9,2,tutor,21.1845645904541
critical,12,ambiguous,long,object,nonfinal,9,3,explained,11.795334815979004
critical,12,ambiguous,long,object,nonfinal,9,4,the,2.589172601699829
critical,12,ambiguous,long,object,nonfinal,9,5,problem,3.6077942848205566
critical,12,ambiguous,long,object,nonfinal,9,6,for,6.889608383178711
critical,12,ambiguous,long,object,nonfinal,9,7,extra,15.022994995117188
critical,12,ambiguous,long,object,nonfinal,9,8,credit,4.484030723571777
critical,12,ambiguous,long,object,nonfinal,9,9,was,8.829198837280273
critical,12,ambiguous,long,object,nonfinal,9,10,no,8.141752243041992
critical,12,ambiguous,long,object,nonfinal,9,11,longer,1.0145710706710815
critical,12,ambiguous,long,object,nonfinal,9,12,difficult,12.497662544250488
critical,12,ambiguous,long,object,nonfinal,9,13,for,4.001928806304932
critical,12,ambiguous,long,object,nonfinal,9,14,the,2.2208380699157715
critical,12,ambiguous,long,object,nonfinal,9,15,student.,4.945263385772705
critical,12,ambiguous,short,object,nonfinal,6,0,After,18.79087448120117
critical,12,ambiguous,short,object,nonfinal,6,1,the,3.2918524742126465
critical,12,ambiguous,short,object,nonfinal,6,2,tutor,21.1845645904541
critical,12,ambiguous,short,object,nonfinal,6,3,explained,11.795334815979004
critical,12,ambiguous,short,object,nonfinal,6,4,the,2.589172601699829
critical,12,ambiguous,short,object,nonfinal,6,5,problem,3.6077942848205566
critical,12,ambiguous,short,object,nonfinal,6,6,was,6.625002861022949
critical,12,ambiguous,short,object,nonfinal,6,7,no,8.066553115844727
critical,12,ambiguous,short,object,nonfinal,6,8,longer,0.3535412847995758
critical,12,ambiguous,short,object,nonfinal,6,9,difficult,9.519198417663574
critical,12,ambiguous,short,object,nonfinal,6,10,for,3.8546128273010254
critical,12,ambiguous,short,object,nonfinal,6,11,the,2.078541040420532
critical,12,ambiguous,short,object,nonfinal,6,12,student.,5.20581841468811
critical,12,unambiguous,long,object,nonfinal,11,0,After,18.79087448120117
critical,12,unambiguous,long,object,nonfinal,11,1,the,3.2918524742126465
critical,12,unambiguous,long,object,nonfinal,11,2,tutor,21.1845645904541
critical,12,unambiguous,long,object,nonfinal,11,3,explained,11.795334815979004
critical,12,unambiguous,long,object,nonfinal,11,4,the,2.589172601699829
critical,12,unambiguous,long,object,nonfinal,11,5,concepts,9.2088041305542
critical,12,unambiguous,long,object,nonfinal,11,6,the,7.683689594268799
critical,12,unambiguous,long,object,nonfinal,11,7,problem,7.960358619689941
critical,12,unambiguous,long,object,nonfinal,11,8,for,6.520833492279053
critical,12,unambiguous,long,object,nonfinal,11,9,extra,15.015158653259276
critical,12,unambiguous,long,object,nonfinal,11,10,credit,4.720722675323486
critical,12,unambiguous,long,object,nonfinal,11,11,was,2.6501948833465576
critical,12,unambiguous,long,object,nonfinal,11,12,no,8.314868927001953
critical,12,unambiguous,long,object,nonfinal,11,13,longer,0.8717456459999084
critical,12,unambiguous,long,object,nonfinal,11,14,difficult,8.759283065795898
critical,12,unambiguous,long,object,nonfinal,11,15,for,4.974673748016357
critical,12,unambiguous,long,object,nonfinal,11,16,the,2.011002779006958
critical,12,unambiguous,long,object,nonfinal,11,17,student.,4.569179892539978
critical,12,unambiguous,short,object,nonfinal,8,0,After,18.79087448120117
critical,12,unambiguous,short,object,nonfinal,8,1,the,3.2918524742126465
critical,12,unambiguous,short,object,nonfinal,8,2,tutor,21.1845645904541
critical,12,unambiguous,short,object,nonfinal,8,3,explained,11.795334815979004
critical,12,unambiguous,short,object,nonfinal,8,4,the,2.589172601699829
critical,12,unambiguous,short,object,nonfinal,8,5,concepts,9.2088041305542
critical,12,unambiguous,short,object,nonfinal,8,6,the,7.683689594268799
critical,12,unambiguous,short,object,nonfinal,8,7,problem,7.960358619689941
critical,12,unambiguous,short,object,nonfinal,8,8,was,1.9798312187194824
critical,12,unambiguous,short,object,nonfinal,8,9,no,8.800228118896484
critical,12,unambiguous,short,object,nonfinal,8,10,longer,0.3117151260375976
critical,12,unambiguous,short,object,nonfinal,8,11,difficult,8.29127025604248
critical,12,unambiguous,short,object,nonfinal,8,12,for,4.54390811920166
critical,12,unambiguous,short,object,nonfinal,8,13,the,1.699992060661316
critical,12,unambiguous,short,object,nonfinal,8,14,student.,4.702671527862549
critical,13,ambiguous,long,object,final,11,0,When,17.257658004760742
critical,13,ambiguous,long,object,final,11,1,the,3.458188533782959
critical,13,ambiguous,long,object,final,11,2,original,7.587092876434326
critical,13,ambiguous,long,object,final,11,3,members,11.98755931854248
critical,13,ambiguous,long,object,final,11,4,left,8.527961730957031
critical,13,ambiguous,long,object,final,11,5,the,1.6588703393936155
critical,13,ambiguous,long,object,final,11,6,company,4.895864486694336
critical,13,ambiguous,long,object,final,11,7,that,6.857644557952881
critical,13,ambiguous,long,object,final,11,8,was,3.413456678390503
critical,13,ambiguous,long,object,final,11,9,recently,12.274003028869627
critical,13,ambiguous,long,object,final,11,10,acquired,4.886618614196777
critical,13,ambiguous,long,object,final,11,11,failed.,14.609224796295166
critical,13,ambiguous,short,object,final,7,0,When,17.257658004760742
critical,13,ambiguous,short,object,final,7,1,the,3.458188533782959
critical,13,ambiguous,short,object,final,7,2,original,7.587092876434326
critical,13,ambiguous,short,object,final,7,3,members,11.98755931854248
critical,13,ambiguous,short,object,final,7,4,left,8.527961730957031
critical,13,ambiguous,short,object,final,7,5,the,1.6588703393936155
critical,13,ambiguous,short,object,final,7,6,company,4.895864486694336
critical,13,ambiguous,short,object,final,7,7,failed.,19.569897651672363
critical,13,unambiguous,long,object,final,14,0,When,17.257658004760742
critical,13,unambiguous,long,object,final,14,1,the,3.458188533782959
critical,13,unambiguous,long,object,final,14,2,original,7.587092876434326
critical,13,unambiguous,long,object,final,14,3,members,11.98755931854248
critical,13,unambiguous,long,object,final,14,4,left,8.527961730957031
critical,13,unambiguous,long,object,final,14,5,the,1.6588703393936155
critical,13,unambiguous,long,object,final,14,6,engineering,13.855560302734377
critical,13,unambiguous,long,object,final,14,7,team,4.131017684936523
critical,13,unambiguous,long,object,final,14,8,the,6.87322998046875
critical,13,unambiguous,long,object,final,14,9,company,6.7376251220703125
critical,13,unambiguous,long,object,final,14,10,that,6.878337383270264
critical,13,unambiguous,long,object,final,14,11,was,3.602070569992065
critical,13,unambiguous,long,object,final,14,12,recently,12.131001472473145
critical,13,unambiguous,long,object,final,14,13,acquired,4.505780220031738
critical,13,unambiguous,long,object,final,14,14,failed.,13.493038177490234
critical,13,unambiguous,short,object,final,10,0,When,17.257658004760742
critical,13,unambiguous,short,object,final,10,1,the,3.458188533782959
critical,13,unambiguous,short,object,final,10,2,original,7.587092876434326
critical,13,unambiguous,short,object,final,10,3,members,11.98755931854248
critical,13,unambiguous,short,object,final,10,4,left,8.527961730957031
critical,13,unambiguous,short,object,final,10,5,the,1.6588703393936155
critical,13,unambiguous,short,object,final,10,6,engineering,13.855560302734377
critical,13,unambiguous,short,object,final,10,7,team,4.131017684936523
critical,13,unambiguous,short,object,final,10,8,the,6.87322998046875
critical,13,unambiguous,short,object,final,10,9,company,6.7376251220703125
critical,13,unambiguous,short,object,final,10,10,failed.,13.44011640548706
critical,14,ambiguous,long,object,nonfinal,9,0,Because,20.196762084960938
critical,14,ambiguous,long,object,nonfinal,9,1,the,4.088222980499268
critical,14,ambiguous,long,object,nonfinal,9,2,student,10.216419219970703
critical,14,ambiguous,long,object,nonfinal,9,3,left,11.419692039489746
critical,14,ambiguous,long,object,nonfinal,9,4,the,2.6417415142059326
critical,14,ambiguous,long,object,nonfinal,9,5,backpack,16.09638786315918
critical,14,ambiguous,long,object,nonfinal,9,6,he,8.632131576538086
critical,14,ambiguous,long,object,nonfinal,9,7,just,9.359378814697266
critical,14,ambiguous,long,object,nonfinal,9,8,bought,4.816438674926758
critical,14,ambiguous,long,object,nonfinal,9,9,was,3.9722542762756343
critical,14,ambiguous,long,object,nonfinal,9,10,put,10.018383026123049
critical,14,ambiguous,long,object,nonfinal,9,11,in,1.518598556518555
critical,14,ambiguous,long,object,nonfinal,9,12,lost,13.95347785949707
critical,14,ambiguous,long,object,nonfinal,9,13,and,4.157874584197998
critical,14,ambiguous,long,object,nonfinal,9,14,found.,7.871686935424805
critical,14,ambiguous,short,object,nonfinal,6,0,Because,20.196762084960938
critical,14,ambiguous,short,object,nonfinal,6,1,the,4.088222980499268
critical,14,ambiguous,short,object,nonfinal,6,2,student,10.216419219970703
critical,14,ambiguous,short,object,nonfinal,6,3,left,11.419692039489746
critical,14,ambiguous,short,object,nonfinal,6,4,the,2.6417415142059326
critical,14,ambiguous,short,object,nonfinal,6,5,backpack,16.09638786315918
critical,14,ambiguous,short,object,nonfinal,6,6,was,9.583038330078123
critical,14,ambiguous,short,object,nonfinal,6,7,put,8.873842239379883
critical,14,ambiguous,short,object,nonfinal,6,8,in,2.153123617172241
critical,14,ambiguous,short,object,nonfinal,6,9,lost,14.060112953186035
critical,14,ambiguous,short,object,nonfinal,6,10,and,4.17759895324707
critical,14,ambiguous,short,object,nonfinal,6,11,found.,7.755366325378418
critical,14,unambiguous,long,object,nonfinal,11,0,Because,20.196762084960938
critical,14,unambiguous,long,object,nonfinal,11,1,the,4.088222980499268
critical,14,unambiguous,long,object,nonfinal,11,2,student,10.216419219970703
critical,14,unambiguous,long,object,nonfinal,11,3,left,11.419692039489746
critical,14,unambiguous,long,object,nonfinal,11,4,the,2.6417415142059326
critical,14,unambiguous,long,object,nonfinal,11,5,room,5.35102128982544
critical,14,unambiguous,long,object,nonfinal,11,6,the,7.509956836700439
critical,14,unambiguous,long,object,nonfinal,11,7,backpack,17.254840850830078
critical,14,unambiguous,long,object,nonfinal,11,8,he,6.289689064025879
critical,14,unambiguous,long,object,nonfinal,11,9,just,9.23979949951172
critical,14,unambiguous,long,object,nonfinal,11,10,bought,4.755944728851318
critical,14,unambiguous,long,object,nonfinal,11,11,was,2.2793948650360107
critical,14,unambiguous,long,object,nonfinal,11,12,put,8.6494779586792
critical,14,unambiguous,long,object,nonfinal,11,13,in,2.0164620876312256
critical,14,unambiguous,long,object,nonfinal,11,14,lost,15.586636543273926
critical,14,unambiguous,long,object,nonfinal,11,15,and,3.7769482135772714
critical,14,unambiguous,long,object,nonfinal,11,16,found.,7.482043266296387
critical,14,unambiguous,short,object,nonfinal,8,0,Because,20.196762084960938
critical,14,unambiguous,short,object,nonfinal,8,1,the,4.088222980499268
critical,14,unambiguous,short,object,nonfinal,8,2,student,10.216419219970703
critical,14,unambiguous,short,object,nonfinal,8,3,left,11.419692039489746
critical,14,unambiguous,short,object,nonfinal,8,4,the,2.6417415142059326
critical,14,unambiguous,short,object,nonfinal,8,5,room,5.35102128982544
critical,14,unambiguous,short,object,nonfinal,8,6,the,7.509956836700439
critical,14,unambiguous,short,object,nonfinal,8,7,backpack,17.254840850830078
critical,14,unambiguous,short,object,nonfinal,8,8,was,2.7129781246185303
critical,14,unambiguous,short,object,nonfinal,8,9,put,8.248123168945312
critical,14,unambiguous,short,object,nonfinal,8,10,in,2.6503710746765137
critical,14,unambiguous,short,object,nonfinal,8,11,lost,16.673677444458008
critical,14,unambiguous,short,object,nonfinal,8,12,and,3.310343980789185
critical,14,unambiguous,short,object,nonfinal,8,13,found.,7.605760812759399
critical,15,ambiguous,long,object,nonfinal,11,0,Once,21.157882690429688
critical,15,ambiguous,long,object,nonfinal,11,1,the,4.27155351638794
critical,15,ambiguous,long,object,nonfinal,11,2,new,6.612058639526367
critical,15,ambiguous,long,object,nonfinal,11,3,assistant,13.473136901855469
critical,15,ambiguous,long,object,nonfinal,11,4,started,10.825759887695312
critical,15,ambiguous,long,object,nonfinal,11,5,the,4.230696201324463
critical,15,ambiguous,long,object,nonfinal,11,6,job,6.58238410949707
critical,15,ambiguous,long,object,nonfinal,11,7,as,7.106312274932861
critical,15,ambiguous,long,object,nonfinal,11,8,an,3.953146457672119
critical,15,ambiguous,long,object,nonfinal,11,9,executive,6.224087715148926
critical,15,ambiguous,long,object,nonfinal,11,10,manager,8.133211135864258
critical,15,ambiguous,long,object,nonfinal,11,11,became,13.05056095123291
critical,15,ambiguous,long,object,nonfinal,11,12,much,11.67197036743164
critical,15,ambiguous,long,object,nonfinal,11,13,easier,3.98555064201355
critical,15,ambiguous,long,object,nonfinal,11,14,for,5.124719619750977
critical,15,ambiguous,long,object,nonfinal,11,15,her,3.964329481124878
critical,15,ambiguous,long,object,nonfinal,11,16,boss.,10.190442323684692
critical,15,ambiguous,short,object,nonfinal,7,0,Once,21.157882690429688
critical,15,ambiguous,short,object,nonfinal,7,1,the,4.27155351638794
critical,15,ambiguous,short,object,nonfinal,7,2,new,6.612058639526367
critical,15,ambiguous,short,object,nonfinal,7,3,assistant,13.473136901855469
critical,15,ambiguous,short,object,nonfinal,7,4,started,10.825759887695312
critical,15,ambiguous,short,object,nonfinal,7,5,the,4.230696201324463
critical,15,ambiguous,short,object,nonfinal,7,6,job,6.58238410949707
critical,15,ambiguous,short,object,nonfinal,7,7,became,10.691652297973633
critical,15,ambiguous,short,object,nonfinal,7,8,much,5.999987602233887
critical,15,ambiguous,short,object,nonfinal,7,9,easier,1.5370020866394043
critical,15,ambiguous,short,object,nonfinal,7,10,for,5.70755672454834
critical,15,ambiguous,short,object,nonfinal,7,11,her,3.865619659423828
critical,15,ambiguous,short,object,nonfinal,7,12,boss.,10.682847142219543
critical,15,unambiguous,long,object,nonfinal,12,0,Once,21.157882690429688
critical,15,unambiguous,long,object,nonfinal,12,1,the,4.27155351638794
critical,15,unambiguous,long,object,nonfinal,12,2,new,6.612058639526367
critical,15,unambiguous,long,object,nonfinal,12,3,assistant,13.473136901855469
critical,15,unambiguous,long,object,nonfinal,12,4,started,10.825759887695312
critical,15,unambiguous,long,object,nonfinal,12,5,work,6.103452205657959
critical,15,unambiguous,long,object,nonfinal,12,6,the,6.714114665985107
critical,15,unambiguous,long,object,nonfinal,12,7,job,7.490320682525635
critical,15,unambiguous,long,object,nonfinal,12,8,as,9.23046588897705
critical,15,unambiguous,long,object,nonfinal,12,9,an,4.705489158630371
critical,15,unambiguous,long,object,nonfinal,12,10,executive,6.35493803024292
critical,15,unambiguous,long,object,nonfinal,12,11,manager,7.984045505523682
critical,15,unambiguous,long,object,nonfinal,12,12,became,9.033309936523438
critical,15,unambiguous,long,object,nonfinal,12,13,much,8.426962852478027
critical,15,unambiguous,long,object,nonfinal,12,14,easier,2.2620480060577397
critical,15,unambiguous,long,object,nonfinal,12,15,for,5.393199920654297
critical,15,unambiguous,long,object,nonfinal,12,16,her,3.828108072280884
critical,15,unambiguous,long,object,nonfinal,12,17,boss.,9.568949341773989
critical,15,unambiguous,short,object,nonfinal,8,0,Once,21.157882690429688
critical,15,unambiguous,short,object,nonfinal,8,1,the,4.27155351638794
critical,15,unambiguous,short,object,nonfinal,8,2,new,6.612058639526367
critical,15,unambiguous,short,object,nonfinal,8,3,assistant,13.473136901855469
critical,15,unambiguous,short,object,nonfinal,8,4,started,10.825759887695312
critical,15,unambiguous,short,object,nonfinal,8,5,work,6.103452205657959
critical,15,unambiguous,short,object,nonfinal,8,6,the,6.714114665985107
critical,15,unambiguous,short,object,nonfinal,8,7,job,7.490320682525635
critical,15,unambiguous,short,object,nonfinal,8,8,became,5.341599464416504
critical,15,unambiguous,short,object,nonfinal,8,9,much,5.251166820526123
critical,15,unambiguous,short,object,nonfinal,8,10,easier,1.5982003211975098
critical,15,unambiguous,short,object,nonfinal,8,11,for,5.549585819244385
critical,15,unambiguous,short,object,nonfinal,8,12,her,3.5273118019104004
critical,15,unambiguous,short,object,nonfinal,8,13,boss.,10.512460470199583
critical,16,ambiguous,long,object,nonfinal,10,0,When,17.257658004760742
critical,16,ambiguous,long,object,nonfinal,10,1,the,3.458188533782959
critical,16,ambiguous,long,object,nonfinal,10,2,magician,18.45503187179565
critical,16,ambiguous,long,object,nonfinal,10,3,tried,8.870672225952148
critical,16,ambiguous,long,object,nonfinal,10,4,to,0.1575306057929992
critical,16,ambiguous,long,object,nonfinal,10,5,juggle,13.1350939841941
critical,16,ambiguous,long,object,nonfinal,10,6,the,2.592606782913208
critical,16,ambiguous,long,object,nonfinal,10,7,torches,12.47027724981308
critical,16,ambiguous,long,object,nonfinal,10,8,burning,12.50039291381836
critical,16,ambiguous,long,object,nonfinal,10,9,dangerously,12.484542530030012
critical,16,ambiguous,long,object,nonfinal,10,10,fell,18.43160820007324
critical,16,ambiguous,long,object,nonfinal,10,11,down.,6.570056438446045
critical,16,ambiguous,short,object,nonfinal,8,0,When,17.257658004760742
critical,16,ambiguous,short,object,nonfinal,8,1,the,3.458188533782959
critical,16,ambiguous,short,object,nonfinal,8,2,magician,18.45503187179565
critical,16,ambiguous,short,object,nonfinal,8,3,tried,8.870672225952148
critical,16,ambiguous,short,object,nonfinal,8,4,to,0.1575306057929992
critical,16,ambiguous,short,object,nonfinal,8,5,juggle,13.1350939841941
critical,16,ambiguous,short,object,nonfinal,8,6,the,2.592606782913208
critical,16,ambiguous,short,object,nonfinal,8,7,torches,12.47027724981308
critical,16,ambiguous,short,object,nonfinal,8,8,fell,16.23040771484375
critical,16,ambiguous,short,object,nonfinal,8,9,down.,6.876752614974976
critical,16,unambiguous,long,object,nonfinal,12,0,When,17.257658004760742
critical,16,unambiguous,long,object,nonfinal,12,1,the,3.458188533782959
critical,16,unambiguous,long,object,nonfinal,12,2,magician,18.45503187179565
critical,16,unambiguous,long,object,nonfinal,12,3,tried,8.870672225952148
critical,16,unambiguous,long,object,nonfinal,12,4,to,0.1575306057929992
critical,16,unambiguous,long,object,nonfinal,12,5,juggle,13.1350939841941
critical,16,unambiguous,long,object,nonfinal,12,6,more,9.161694526672363
critical,16,unambiguous,long,object,nonfinal,12,7,items,9.996105194091797
critical,16,unambiguous,long,object,nonfinal,12,8,the,8.941821098327637
critical,16,unambiguous,long,object,nonfinal,12,9,torches,15.386751532554626
critical,16,unambiguous,long,object,nonfinal,12,10,burning,9.535576820373535
critical,16,unambiguous,long,object,nonfinal,12,11,dangerously,13.068259812891483
critical,16,unambiguous,long,object,nonfinal,12,12,fell,8.572077751159668
critical,16,unambiguous,long,object,nonfinal,12,13,down.,6.627556562423706
critical,16,unambiguous,short,object,nonfinal,10,0,When,17.257658004760742
critical,16,unambiguous,short,object,nonfinal,10,1,the,3.458188533782959
critical,16,unambiguous,short,object,nonfinal,10,2,magician,18.45503187179565
critical,16,unambiguous,short,object,nonfinal,10,3,tried,8.870672225952148
critical,16,unambiguous,short,object,nonfinal,10,4,to,0.1575306057929992
critical,16,unambiguous,short,object,nonfinal,10,5,juggle,13.1350939841941
critical,16,unambiguous,short,object,nonfinal,10,6,more,9.161694526672363
critical,16,unambiguous,short,object,nonfinal,10,7,items,9.996105194091797
critical,16,unambiguous,short,object,nonfinal,10,8,the,8.941821098327637
critical,16,unambiguous,short,object,nonfinal,10,9,torches,15.386751532554626
critical,16,unambiguous,short,object,nonfinal,10,10,fell,6.089803695678711
critical,16,unambiguous,short,object,nonfinal,10,11,down.,6.440263152122498
critical,17,ambiguous,long,comma,nonfinal,10,0,When,17.257658004760742
critical,17,ambiguous,long,comma,nonfinal,10,1,the,3.458188533782959
critical,17,ambiguous,long,comma,nonfinal,10,2,marathon,15.384461402893066
critical,17,ambiguous,long,comma,nonfinal,10,3,runner,5.998754978179932
critical,17,ambiguous,long,comma,nonfinal,10,4,finally,10.25974178314209
critical,17,ambiguous,long,comma,nonfinal,10,5,stopped,7.926193237304687
critical,17,ambiguous,long,comma,nonfinal,10,6,his,5.717066287994385
critical,17,ambiguous,long,comma,nonfinal,10,7,friend,9.128585815429688
critical,17,ambiguous,long,comma,nonfinal,10,8,sweating,19.5226993560791
critical,17,ambiguous,long,comma,nonfinal,10,9,profusely,8.128015859983861
critical,17,ambiguous,long,comma,nonfinal,10,10,collapsed,22.807859420776367
critical,17,ambiguous,long,comma,nonfinal,10,11,from,7.016936302185059
critical,17,ambiguous,long,comma,nonfinal,10,12,exhaustion.,5.520263433456421
critical,17,ambiguous,short,comma,nonfinal,8,0,When,17.257658004760742
critical,17,ambiguous,short,comma,nonfinal,8,1,the,3.458188533782959
critical,17,ambiguous,short,comma,nonfinal,8,2,marathon,15.384461402893066
critical,17,ambiguous,short,comma,nonfinal,8,3,runner,5.998754978179932
critical,17,ambiguous,short,comma,nonfinal,8,4,finally,10.25974178314209
critical,17,ambiguous,short,comma,nonfinal,8,5,stopped,7.926193237304687
critical,17,ambiguous,short,comma,nonfinal,8,6,his,5.717066287994385
critical,17,ambiguous,short,comma,nonfinal,8,7,friend,9.128585815429688
critical,17,ambiguous,short,comma,nonfinal,8,8,collapsed,18.62849998474121
critical,17,ambiguous,short,comma,nonfinal,8,9,from,6.151882648468018
critical,17,ambiguous,short,comma,nonfinal,8,10,exhaustion.,6.031335234642029
critical,17,unambiguous,long,comma,nonfinal,10,0,When,17.257658004760742
critical,17,unambiguous,long,comma,nonfinal,10,1,the,3.458188533782959
critical,17,unambiguous,long,comma,nonfinal,10,2,marathon,15.384461402893066
critical,17,unambiguous,long,comma,nonfinal,10,3,runner,5.998754978179932
critical,17,unambiguous,long,comma,nonfinal,10,4,finally,10.25974178314209
critical,17,unambiguous,long,comma,nonfinal,10,5,"stopped,",12.152662754058838
critical,17,unambiguous,long,comma,nonfinal,10,6,his,4.11085319519043
critical,17,unambiguous,long,comma,nonfinal,10,7,friend,5.682373046875
critical,17,unambiguous,long,comma,nonfinal,10,8,sweating,18.95491981506348
critical,17,unambiguous,long,comma,nonfinal,10,9,profusely,4.927300016395748
critical,17,unambiguous,long,comma,nonfinal,10,10,collapsed,16.28632164001465
critical,17,unambiguous,long,comma,nonfinal,10,11,from,6.341465473175049
critical,17,unambiguous,long,comma,nonfinal,10,12,exhaustion.,3.317388415336609
critical,17,unambiguous,short,comma,nonfinal,8,0,When,17.257658004760742
critical,17,unambiguous,short,comma,nonfinal,8,1,the,3.458188533782959
critical,17,unambiguous,short,comma,nonfinal,8,2,marathon,15.384461402893066
critical,17,unambiguous,short,comma,nonfinal,8,3,runner,5.998754978179932
critical,17,unambiguous,short,comma,nonfinal,8,4,finally,10.25974178314209
critical,17,unambiguous,short,comma,nonfinal,8,5,"stopped,",12.152662754058838
critical,17,unambiguous,short,comma,nonfinal,8,6,his,4.11085319519043
critical,17,unambiguous,short,comma,nonfinal,8,7,friend,5.682373046875
critical,17,unambiguous,short,comma,nonfinal,8,8,collapsed,13.103129386901855
critical,17,unambiguous,short,comma,nonfinal,8,9,from,6.713146209716797
critical,17,unambiguous,short,comma,nonfinal,8,10,exhaustion.,4.502170085906982
critical,18,ambiguous,long,comma,nonfinal,9,0,While,18.005245208740234
critical,18,ambiguous,long,comma,nonfinal,9,1,the,2.6838319301605225
critical,18,ambiguous,long,comma,nonfinal,9,2,martial,18.54264640808105
critical,18,ambiguous,long,comma,nonfinal,9,3,artists,8.499960899353027
critical,18,ambiguous,long,comma,nonfinal,9,4,fought,12.25559902191162
critical,18,ambiguous,long,comma,nonfinal,9,5,the,4.311002254486084
critical,18,ambiguous,long,comma,nonfinal,9,6,spectator,17.99617624282837
critical,18,ambiguous,long,comma,nonfinal,9,7,cheering,15.641142845153809
critical,18,ambiguous,long,comma,nonfinal,9,8,enthusiastically,12.944718182086945
critical,18,ambiguous,long,comma,nonfinal,9,9,supported,17.640169143676758
critical,18,ambiguous,long,comma,nonfinal,9,10,the,3.0814008712768555
critical,18,ambiguous,long,comma,nonfinal,9,11,underdog.,17.391766607761383
critical,18,ambiguous,short,comma,nonfinal,7,0,While,18.005245208740234
critical,18,ambiguous,short,comma,nonfinal,7,1,the,2.6838319301605225
critical,18,ambiguous,short,comma,nonfinal,7,2,martial,18.54264640808105
critical,18,ambiguous,short,comma,nonfinal,7,3,artists,8.499960899353027
critical,18,ambiguous,short,comma,nonfinal,7,4,fought,12.25559902191162
critical,18,ambiguous,short,comma,nonfinal,7,5,the,4.311002254486084
critical,18,ambiguous,short,comma,nonfinal,7,6,spectator,17.99617624282837
critical,18,ambiguous,short,comma,nonfinal,7,7,supported,15.536092758178713
critical,18,ambiguous,short,comma,nonfinal,7,8,the,2.257380962371826
critical,18,ambiguous,short,comma,nonfinal,7,9,underdog.,16.106865882873535
critical,18,unambiguous,long,comma,nonfinal,9,0,While,18.005245208740234
critical,18,unambiguous,long,comma,nonfinal,9,1,the,2.6838319301605225
critical,18,unambiguous,long,comma,nonfinal,9,2,martial,18.54264640808105
critical,18,unambiguous,long,comma,nonfinal,9,3,artists,8.499960899353027
critical,18,unambiguous,long,comma,nonfinal,9,4,"fought,",17.753584384918213
critical,18,unambiguous,long,comma,nonfinal,9,5,the,2.480776786804199
critical,18,unambiguous,long,comma,nonfinal,9,6,spectator,15.554848670959473
critical,18,unambiguous,long,comma,nonfinal,9,7,cheering,14.96813678741455
critical,18,unambiguous,long,comma,nonfinal,9,8,enthusiastically,13.72541570663452
critical,18,unambiguous,long,comma,nonfinal,9,9,supported,9.836373329162598
critical,18,unambiguous,long,comma,nonfinal,9,10,the,1.1196208000183103
critical,18,unambiguous,long,comma,nonfinal,9,11,underdog.,14.920146763324738
critical,18,unambiguous,short,comma,nonfinal,7,0,While,18.005245208740234
critical,18,unambiguous,short,comma,nonfinal,7,1,the,2.6838319301605225
critical,18,unambiguous,short,comma,nonfinal,7,2,martial,18.54264640808105
critical,18,unambiguous,short,comma,nonfinal,7,3,artists,8.499960899353027
critical,18,unambiguous,short,comma,nonfinal,7,4,"fought,",17.753584384918213
critical,18,unambiguous,short,comma,nonfinal,7,5,the,2.480776786804199
critical,18,unambiguous,short,comma,nonfinal,7,6,spectator,15.554848670959473
critical,18,unambiguous,short,comma,nonfinal,7,7,supported,10.646656036376951
critical,18,unambiguous,short,comma,nonfinal,7,8,the,2.018927812576294
critical,18,unambiguous,short,comma,nonfinal,7,9,underdog.,15.396701574325562
critical,19,ambiguous,long,object,final,9,0,When,17.257658004760742
critical,19,ambiguous,long,object,final,9,1,the,3.458188533782959
critical,19,ambiguous,long,object,final,9,2,band,10.814664840698242
critical,19,ambiguous,long,object,final,9,3,left,9.757827758789062
critical,19,ambiguous,long,object,final,9,4,the,2.358027935028076
critical,19,ambiguous,long,object,final,9,5,venue,5.628042697906494
critical,19,ambiguous,long,object,final,9,6,with,5.717682838439941
critical,19,ambiguous,long,object,final,9,7,live,12.049814224243164
critical,19,ambiguous,long,object,final,9,8,music,1.503981351852417
critical,19,ambiguous,long,object,final,9,9,closed.,21.03601598739624
critical,19,ambiguous,short,object,final,6,0,When,17.257658004760742
critical,19,ambiguous,short,object,final,6,1,the,3.458188533782959
critical,19,ambiguous,short,object,final,6,2,band,10.814664840698242
critical,19,ambiguous,short,object,final,6,3,left,9.757827758789062
critical,19,ambiguous,short,object,final,6,4,the,2.358027935028076
critical,19,ambiguous,short,object,final,6,5,venue,5.628042697906494
critical,19,ambiguous,short,object,final,6,6,closed.,19.31506586074829
critical,19,unambiguous,long,object,final,11,0,When,17.257658004760742
critical,19,unambiguous,long,object,final,11,1,the,3.458188533782959
critical,19,unambiguous,long,object,final,11,2,band,10.814664840698242
critical,19,unambiguous,long,object,final,11,3,left,9.757827758789062
critical,19,unambiguous,long,object,final,11,4,the,2.358027935028076
critical,19,unambiguous,long,object,final,11,5,stage,4.7953057289123535
critical,19,unambiguous,long,object,final,11,6,the,6.708478927612305
critical,19,unambiguous,long,object,final,11,7,venue,8.295760154724121
critical,19,unambiguous,long,object,final,11,8,with,10.850415229797363
critical,19,unambiguous,long,object,final,11,9,live,10.67870807647705
critical,19,unambiguous,long,object,final,11,10,music,0.9837517738342284
critical,19,unambiguous,long,object,final,11,11,closed.,18.081061005592343
critical,19,unambiguous,short,object,final,8,0,When,17.257658004760742
critical,19,unambiguous,short,object,final,8,1,the,3.458188533782959
critical,19,unambiguous,short,object,final,8,2,band,10.814664840698242
critical,19,unambiguous,short,object,final,8,3,left,9.757827758789062
critical,19,unambiguous,short,object,final,8,4,the,2.358027935028076
critical,19,unambiguous,short,object,final,8,5,stage,4.7953057289123535
critical,19,unambiguous,short,object,final,8,6,the,6.708478927612305
critical,19,unambiguous,short,object,final,8,7,venue,8.295760154724121
critical,19,unambiguous,short,object,final,8,8,closed.,9.654187202453612
critical,20,ambiguous,long,comma,nonfinal,9,0,After,18.79087448120117
critical,20,ambiguous,long,comma,nonfinal,9,1,the,3.2918524742126465
critical,20,ambiguous,long,comma,nonfinal,9,2,customer,15.012957572937012
critical,20,ambiguous,long,comma,nonfinal,9,3,emailed,10.750121116638184
critical,20,ambiguous,long,comma,nonfinal,9,4,the,3.5299534797668457
critical,20,ambiguous,long,comma,nonfinal,9,5,company,6.437973976135254
critical,20,ambiguous,long,comma,nonfinal,9,6,providing,12.569868087768556
critical,20,ambiguous,long,comma,nonfinal,9,7,phone,11.45905303955078
critical,20,ambiguous,long,comma,nonfinal,9,8,service,1.34997296333313
critical,20,ambiguous,long,comma,nonfinal,9,9,responded,16.18453025817871
critical,20,ambiguous,long,comma,nonfinal,9,10,quickly.,9.75545048713684
critical,20,ambiguous,short,comma,nonfinal,6,0,After,18.79087448120117
critical,20,ambiguous,short,comma,nonfinal,6,1,the,3.2918524742126465
critical,20,ambiguous,short,comma,nonfinal,6,2,customer,15.012957572937012
critical,20,ambiguous,short,comma,nonfinal,6,3,emailed,10.750121116638184
critical,20,ambiguous,short,comma,nonfinal,6,4,the,3.5299534797668457
critical,20,ambiguous,short,comma,nonfinal,6,5,company,6.437973976135254
critical,20,ambiguous,short,comma,nonfinal,6,6,responded,14.972275733947754
critical,20,ambiguous,short,comma,nonfinal,6,7,quickly.,10.02366590499878
critical,20,unambiguous,long,comma,nonfinal,9,0,After,18.79087448120117
critical,20,unambiguous,long,comma,nonfinal,9,1,the,3.2918524742126465
critical,20,unambiguous,long,comma,nonfinal,9,2,customer,15.012957572937012
critical,20,unambiguous,long,comma,nonfinal,9,3,"emailed,",15.60724115371704
critical,20,unambiguous,long,comma,nonfinal,9,4,the,3.128246068954468
critical,20,unambiguous,long,comma,nonfinal,9,5,company,5.409666061401367
critical,20,unambiguous,long,comma,nonfinal,9,6,providing,15.473484992980955
critical,20,unambiguous,long,comma,nonfinal,9,7,phone,10.845308303833008
critical,20,unambiguous,long,comma,nonfinal,9,8,service,1.4477142095565796
critical,20,unambiguous,long,comma,nonfinal,9,9,responded,7.867196559906006
critical,20,unambiguous,long,comma,nonfinal,9,10,quickly.,8.85552716255188
critical,20,unambiguous,short,comma,nonfinal,6,0,After,18.79087448120117
critical,20,unambiguous,short,comma,nonfinal,6,1,the,3.2918524742126465
critical,20,unambiguous,short,comma,nonfinal,6,2,customer,15.012957572937012
critical,20,unambiguous,short,comma,nonfinal,6,3,"emailed,",15.60724115371704
critical,20,unambiguous,short,comma,nonfinal,6,4,the,3.128246068954468
critical,20,unambiguous,short,comma,nonfinal,6,5,company,5.409666061401367
critical,20,unambiguous,short,comma,nonfinal,6,6,responded,5.3032073974609375
critical,20,unambiguous,short,comma,nonfinal,6,7,quickly.,10.123168230056764
critical,21,ambiguous,long,object,nonfinal,10,0,As,16.20804214477539
critical,21,ambiguous,long,object,nonfinal,10,1,the,3.218326568603516
critical,21,ambiguous,long,object,nonfinal,10,2,detective,17.20825958251953
critical,21,ambiguous,long,object,nonfinal,10,3,investigated,13.69459629058838
critical,21,ambiguous,long,object,nonfinal,10,4,the,2.8209338188171387
critical,21,ambiguous,long,object,nonfinal,10,5,case,2.772327184677124
critical,21,ambiguous,long,object,nonfinal,10,6,about,9.0128812789917
critical,21,ambiguous,long,object,nonfinal,10,7,the,2.5001490116119385
critical,21,ambiguous,long,object,nonfinal,10,8,bank,10.531744003295898
critical,21,ambiguous,long,object,nonfinal,10,9,robbery,2.0854973793029785
critical,21,ambiguous,long,object,nonfinal,10,10,became,13.784059524536133
critical,21,ambiguous,long,object,nonfinal,10,11,more,3.702277421951294
critical,21,ambiguous,long,object,nonfinal,10,12,complex.,10.154339671134949
critical,21,ambiguous,short,object,nonfinal,6,0,As,16.20804214477539
critical,21,ambiguous,short,object,nonfinal,6,1,the,3.218326568603516
critical,21,ambiguous,short,object,nonfinal,6,2,detective,17.20825958251953
critical,21,ambiguous,short,object,nonfinal,6,3,investigated,13.69459629058838
critical,21,ambiguous,short,object,nonfinal,6,4,the,2.8209338188171387
critical,21,ambiguous,short,object,nonfinal,6,5,case,2.772327184677124
critical,21,ambiguous,short,object,nonfinal,6,6,became,12.73655605316162
critical,21,ambiguous,short,object,nonfinal,6,7,more,3.7269327640533447
critical,21,ambiguous,short,object,nonfinal,6,8,complex.,9.423746585845947
critical,21,unambiguous,long,object,nonfinal,12,0,As,16.20804214477539
critical,21,unambiguous,long,object,nonfinal,12,1,the,3.218326568603516
critical,21,unambiguous,long,object,nonfinal,12,2,detective,17.20825958251953
critical,21,unambiguous,long,object,nonfinal,12,3,investigated,13.69459629058838
critical,21,unambiguous,long,object,nonfinal,12,4,the,2.8209338188171387
critical,21,unambiguous,long,object,nonfinal,12,5,suspects,9.850021362304688
critical,21,unambiguous,long,object,nonfinal,12,6,the,8.19854736328125
critical,21,unambiguous,long,object,nonfinal,12,7,case,5.774214267730713
critical,21,unambiguous,long,object,nonfinal,12,8,about,11.989584922790527
critical,21,unambiguous,long,object,nonfinal,12,9,the,2.730060815811157
critical,21,unambiguous,long,object,nonfinal,12,10,bank,10.69614315032959
critical,21,unambiguous,long,object,nonfinal,12,11,robbery,1.784260869026184
critical,21,unambiguous,long,object,nonfinal,12,12,became,7.473061561584473
critical,21,unambiguous,long,object,nonfinal,12,13,more,3.721473455429077
critical,21,unambiguous,long,object,nonfinal,12,14,complex.,6.636009752750397
critical,21,unambiguous,short,object,nonfinal,8,0,As,16.20804214477539
critical,21,unambiguous,short,object,nonfinal,8,1,the,3.218326568603516
critical,21,unambiguous,short,object,nonfinal,8,2,detective,17.20825958251953
critical,21,unambiguous,short,object,nonfinal,8,3,investigated,13.69459629058838
critical,21,unambiguous,short,object,nonfinal,8,4,the,2.8209338188171387
critical,21,unambiguous,short,object,nonfinal,8,5,suspects,9.850021362304688
critical,21,unambiguous,short,object,nonfinal,8,6,the,8.19854736328125
critical,21,unambiguous,short,object,nonfinal,8,7,case,5.774214267730713
critical,21,unambiguous,short,object,nonfinal,8,8,became,4.904141902923584
critical,21,unambiguous,short,object,nonfinal,8,9,more,3.4052674770355225
critical,21,unambiguous,short,object,nonfinal,8,10,complex.,5.247908592224121
critical,22,ambiguous,long,object,nonfinal,8,0,Although,18.72870635986328
critical,22,ambiguous,long,object,nonfinal,8,1,the,2.36991548538208
critical,22,ambiguous,long,object,nonfinal,8,2,team,9.399443626403809
critical,22,ambiguous,long,object,nonfinal,8,3,lost,10.48621940612793
critical,22,ambiguous,long,object,nonfinal,8,4,the,3.1936709880828857
critical,22,ambiguous,long,object,nonfinal,8,5,championship,6.629669666290283
critical,22,ambiguous,long,object,nonfinal,8,6,in,3.7704319953918457
critical,22,ambiguous,long,object,nonfinal,8,7,basketball,12.929221153259276
critical,22,ambiguous,long,object,nonfinal,8,8,was,11.43791961669922
critical,22,ambiguous,long,object,nonfinal,8,9,still,6.511940002441406
critical,22,ambiguous,long,object,nonfinal,8,10,a,4.688318729400635
critical,22,ambiguous,long,object,nonfinal,8,11,great,7.10543155670166
critical,22,ambiguous,long,object,nonfinal,8,12,experience,7.604175567626953
critical,22,ambiguous,long,object,nonfinal,8,13,for,1.859371900558472
critical,22,ambiguous,long,object,nonfinal,8,14,the,1.159509778022766
critical,22,ambiguous,long,object,nonfinal,8,15,players.,4.135772824287415
critical,22,ambiguous,short,object,nonfinal,6,0,Although,18.72870635986328
critical,22,ambiguous,short,object,nonfinal,6,1,the,2.36991548538208
critical,22,ambiguous,short,object,nonfinal,6,2,team,9.399443626403809
critical,22,ambiguous,short,object,nonfinal,6,3,lost,10.48621940612793
critical,22,ambiguous,short,object,nonfinal,6,4,the,3.1936709880828857
critical,22,ambiguous,short,object,nonfinal,6,5,championship,6.629669666290283
critical,22,ambiguous,short,object,nonfinal,6,6,was,11.757559776306152
critical,22,ambiguous,short,object,nonfinal,6,7,still,7.316499710083008
critical,22,ambiguous,short,object,nonfinal,6,8,a,4.342174053192139
critical,22,ambiguous,short,object,nonfinal,6,9,great,6.4349799156188965
critical,22,ambiguous,short,object,nonfinal,6,10,experience,7.408253192901611
critical,22,ambiguous,short,object,nonfinal,6,11,for,2.1134109497070312
critical,22,ambiguous,short,object,nonfinal,6,12,the,1.2883343696594238
critical,22,ambiguous,short,object,nonfinal,6,13,players.,4.316549897193909
critical,22,unambiguous,long,object,nonfinal,11,0,Although,18.72870635986328
critical,22,unambiguous,long,object,nonfinal,11,1,the,2.36991548538208
critical,22,unambiguous,long,object,nonfinal,11,2,team,9.399443626403809
critical,22,unambiguous,long,object,nonfinal,11,3,lost,10.48621940612793
critical,22,unambiguous,long,object,nonfinal,11,4,the,3.1936709880828857
critical,22,unambiguous,long,object,nonfinal,11,5,final,5.325925827026367
critical,22,unambiguous,long,object,nonfinal,11,6,game,1.862805962562561
critical,22,unambiguous,long,object,nonfinal,11,7,the,9.10278606414795
critical,22,unambiguous,long,object,nonfinal,11,8,championship,8.983559608459473
critical,22,unambiguous,long,object,nonfinal,11,9,in,6.247686862945557
critical,22,unambiguous,long,object,nonfinal,11,10,basketball,12.35474967956543
critical,22,unambiguous,long,object,nonfinal,11,11,was,2.373349666595459
critical,22,unambiguous,long,object,nonfinal,11,12,still,5.28084135055542
critical,22,unambiguous,long,object,nonfinal,11,13,a,3.83506441116333
critical,22,unambiguous,long,object,nonfinal,11,14,great,6.670703411102295
critical,22,unambiguous,long,object,nonfinal,11,15,experience,6.123088836669922
critical,22,unambiguous,long,object,nonfinal,11,16,for,1.81058931350708
critical,22,unambiguous,long,object,nonfinal,11,17,the,1.0554286241531372
critical,22,unambiguous,long,object,nonfinal,11,18,players.,3.8213279247283936
critical,22,unambiguous,short,object,nonfinal,9,0,Although,18.72870635986328
critical,22,unambiguous,short,object,nonfinal,9,1,the,2.36991548538208
critical,22,unambiguous,short,object,nonfinal,9,2,team,9.399443626403809
critical,22,unambiguous,short,object,nonfinal,9,3,lost,10.48621940612793
critical,22,unambiguous,short,object,nonfinal,9,4,the,3.1936709880828857
critical,22,unambiguous,short,object,nonfinal,9,5,final,5.325925827026367
critical,22,unambiguous,short,object,nonfinal,9,6,game,1.862805962562561
critical,22,unambiguous,short,object,nonfinal,9,7,the,9.10278606414795
critical,22,unambiguous,short,object,nonfinal,9,8,championship,8.983559608459473
critical,22,unambiguous,short,object,nonfinal,9,9,was,2.7641382217407227
critical,22,unambiguous,short,object,nonfinal,9,10,still,4.408127307891846
critical,22,unambiguous,short,object,nonfinal,9,11,a,3.7510600090026855
critical,22,unambiguous,short,object,nonfinal,9,12,great,6.282468318939209
critical,22,unambiguous,short,object,nonfinal,9,13,experience,6.100106239318848
critical,22,unambiguous,short,object,nonfinal,9,14,for,1.9705854654312132
critical,22,unambiguous,short,object,nonfinal,9,15,the,1.1337096691131592
critical,22,unambiguous,short,object,nonfinal,9,16,players.,4.270409107208252
critical,23,ambiguous,long,comma,nonfinal,12,0,After,18.79087448120117
critical,23,ambiguous,long,comma,nonfinal,12,1,the,3.2918524742126465
critical,23,ambiguous,long,comma,nonfinal,12,2,director,14.47353172302246
critical,23,ambiguous,long,comma,nonfinal,12,3,finished,12.251372337341309
critical,23,ambiguous,long,comma,nonfinal,12,4,filming,4.014784812927246
critical,23,ambiguous,long,comma,nonfinal,12,5,the,2.3685946464538574
critical,23,ambiguous,long,comma,nonfinal,12,6,actors,8.814229011535645
critical,23,ambiguous,long,comma,nonfinal,12,7,exhausted,15.230277061462402
critical,23,ambiguous,long,comma,nonfinal,12,8,from,3.202212333679199
critical,23,ambiguous,long,comma,nonfinal,12,9,the,2.0516841411590576
critical,23,ambiguous,long,comma,nonfinal,12,10,long,6.62597131729126
critical,23,ambiguous,long,comma,nonfinal,12,11,day,3.040455102920532
critical,23,ambiguous,long,comma,nonfinal,12,12,left,11.397590637207031
critical,23,ambiguous,long,comma,nonfinal,12,13,to,3.411255121231079
critical,23,ambiguous,long,comma,nonfinal,12,14,go,3.7621548175811768
critical,23,ambiguous,long,comma,nonfinal,12,15,home.,4.470030069351196
critical,23,ambiguous,short,comma,nonfinal,7,0,After,18.79087448120117
critical,23,ambiguous,short,comma,nonfinal,7,1,the,3.2918524742126465
critical,23,ambiguous,short,comma,nonfinal,7,2,director,14.47353172302246
critical,23,ambiguous,short,comma,nonfinal,7,3,finished,12.251372337341309
critical,23,ambiguous,short,comma,nonfinal,7,4,filming,4.014784812927246
critical,23,ambiguous,short,comma,nonfinal,7,5,the,2.3685946464538574
critical,23,ambiguous,short,comma,nonfinal,7,6,actors,8.814229011535645
critical,23,ambiguous,short,comma,nonfinal,7,7,left,8.637679100036621
critical,23,ambiguous,short,comma,nonfinal,7,8,to,4.255439758300781
critical,23,ambiguous,short,comma,nonfinal,7,9,go,3.228628873825073
critical,23,ambiguous,short,comma,nonfinal,7,10,home.,4.261075258255005
critical,23,unambiguous,long,comma,nonfinal,12,0,After,18.79087448120117
critical,23,unambiguous,long,comma,nonfinal,12,1,the,3.2918524742126465
critical,23,unambiguous,long,comma,nonfinal,12,2,director,14.47353172302246
critical,23,unambiguous,long,comma,nonfinal,12,3,finished,12.251372337341309
critical,23,unambiguous,long,comma,nonfinal,12,4,"filming,",6.917169570922852
critical,23,unambiguous,long,comma,nonfinal,12,5,the,2.768188714981079
critical,23,unambiguous,long,comma,nonfinal,12,6,actors,5.616331577301025
critical,23,unambiguous,long,comma,nonfinal,12,7,exhausted,15.149442672729492
critical,23,unambiguous,long,comma,nonfinal,12,8,from,5.9599223136901855
critical,23,unambiguous,long,comma,nonfinal,12,9,the,2.1937172412872314
critical,23,unambiguous,long,comma,nonfinal,12,10,long,6.737537384033203
critical,23,unambiguous,long,comma,nonfinal,12,11,day,3.240076065063477
critical,23,unambiguous,long,comma,nonfinal,12,12,left,9.110886573791504
critical,23,unambiguous,long,comma,nonfinal,12,13,to,2.465895414352417
critical,23,unambiguous,long,comma,nonfinal,12,14,go,3.951737642288208
critical,23,unambiguous,long,comma,nonfinal,12,15,home.,3.768583059310913
critical,23,unambiguous,short,comma,nonfinal,7,0,After,18.79087448120117
critical,23,unambiguous,short,comma,nonfinal,7,1,the,3.2918524742126465
critical,23,unambiguous,short,comma,nonfinal,7,2,director,14.47353172302246
critical,23,unambiguous,short,comma,nonfinal,7,3,finished,12.251372337341309
critical,23,unambiguous,short,comma,nonfinal,7,4,"filming,",6.917169570922852
critical,23,unambiguous,short,comma,nonfinal,7,5,the,2.768188714981079
critical,23,unambiguous,short,comma,nonfinal,7,6,actors,5.616331577301025
critical,23,unambiguous,short,comma,nonfinal,7,7,left,7.605584621429443
critical,23,unambiguous,short,comma,nonfinal,7,8,to,4.039000034332275
critical,23,unambiguous,short,comma,nonfinal,7,9,go,3.5709872245788574
critical,23,unambiguous,short,comma,nonfinal,7,10,home.,3.2408686876297
critical,24,ambiguous,long,object,final,8,0,As,16.20804214477539
critical,24,ambiguous,long,object,final,8,1,the,3.218326568603516
critical,24,ambiguous,long,object,final,8,2,doctor,12.272769927978516
critical,24,ambiguous,long,object,final,8,3,lectured,15.766092240810394
critical,24,ambiguous,long,object,final,8,4,the,4.710068225860596
critical,24,ambiguous,long,object,final,8,5,student,9.301966667175291
critical,24,ambiguous,long,object,final,8,6,watching,12.785338401794434
critical,24,ambiguous,long,object,final,8,7,quietly,15.590599060058594
critical,24,ambiguous,long,object,final,8,8,listened.,17.958664894104004
critical,24,ambiguous,short,object,final,6,0,As,16.20804214477539
critical,24,ambiguous,short,object,final,6,1,the,3.218326568603516
critical,24,ambiguous,short,object,final,6,2,doctor,12.272769927978516
critical,24,ambiguous,short,object,final,6,3,lectured,15.766092240810394
critical,24,ambiguous,short,object,final,6,4,the,4.710068225860596
critical,24,ambiguous,short,object,final,6,5,student,9.301966667175291
critical,24,ambiguous,short,object,final,6,6,listened.,17.54841661453247
critical,24,unambiguous,long,object,final,10,0,As,16.20804214477539
critical,24,unambiguous,long,object,final,10,1,the,3.218326568603516
critical,24,unambiguous,long,object,final,10,2,doctor,12.272769927978516
critical,24,unambiguous,long,object,final,10,3,lectured,15.766092240810394
critical,24,unambiguous,long,object,final,10,4,the,4.710068225860596
critical,24,unambiguous,long,object,final,10,5,nurse,10.188417434692385
critical,24,unambiguous,long,object,final,10,6,the,6.209470748901367
critical,24,unambiguous,long,object,final,10,7,student,8.007116317749023
critical,24,unambiguous,long,object,final,10,8,watching,13.893864631652832
critical,24,unambiguous,long,object,final,10,9,quietly,15.19452667236328
critical,24,unambiguous,long,object,final,10,10,listened.,14.369274616241457
critical,24,unambiguous,short,object,final,8,0,As,16.20804214477539
critical,24,unambiguous,short,object,final,8,1,the,3.218326568603516
critical,24,unambiguous,short,object,final,8,2,doctor,12.272769927978516
critical,24,unambiguous,short,object,final,8,3,lectured,15.766092240810394
critical,24,unambiguous,short,object,final,8,4,the,4.710068225860596
critical,24,unambiguous,short,object,final,8,5,nurse,10.188417434692385
critical,24,unambiguous,short,object,final,8,6,the,6.209470748901367
critical,24,unambiguous,short,object,final,8,7,student,8.007116317749023
critical,24,unambiguous,short,object,final,8,8,listened.,14.073673486709597
critical,25,ambiguous,long,object,nonfinal,9,0,After,18.79087448120117
critical,25,ambiguous,long,object,nonfinal,9,1,the,3.2918524742126465
critical,25,ambiguous,long,object,nonfinal,9,2,teacher,15.43896770477295
critical,25,ambiguous,long,object,nonfinal,9,3,finished,11.83469581604004
critical,25,ambiguous,long,object,nonfinal,9,4,grading,8.811676025390625
critical,25,ambiguous,long,object,nonfinal,9,5,the,2.149601459503174
critical,25,ambiguous,long,object,nonfinal,9,6,students,3.23118257522583
critical,25,ambiguous,long,object,nonfinal,9,7,studying,14.992527961730955
critical,25,ambiguous,long,object,nonfinal,9,8,engineering,16.042409896850586
critical,25,ambiguous,long,object,nonfinal,9,9,passed,10.069807052612305
critical,25,ambiguous,long,object,nonfinal,9,10,the,2.5156466960906982
critical,25,ambiguous,long,object,nonfinal,9,11,class.,8.216775178909302
critical,25,ambiguous,short,object,nonfinal,7,0,After,18.79087448120117
critical,25,ambiguous,short,object,nonfinal,7,1,the,3.2918524742126465
critical,25,ambiguous,short,object,nonfinal,7,2,teacher,15.43896770477295
critical,25,ambiguous,short,object,nonfinal,7,3,finished,11.83469581604004
critical,25,ambiguous,short,object,nonfinal,7,4,grading,8.811676025390625
critical,25,ambiguous,short,object,nonfinal,7,5,the,2.149601459503174
critical,25,ambiguous,short,object,nonfinal,7,6,students,3.23118257522583
critical,25,ambiguous,short,object,nonfinal,7,7,passed,6.506656646728516
critical,25,ambiguous,short,object,nonfinal,7,8,the,2.4813051223754883
critical,25,ambiguous,short,object,nonfinal,7,9,class.,9.053034543991089
critical,25,unambiguous,long,object,nonfinal,11,0,After,18.79087448120117
critical,25,unambiguous,long,object,nonfinal,11,1,the,3.2918524742126465
critical,25,unambiguous,long,object,nonfinal,11,2,teacher,15.43896770477295
critical,25,unambiguous,long,object,nonfinal,11,3,finished,11.83469581604004
critical,25,unambiguous,long,object,nonfinal,11,4,grading,8.811676025390625
critical,25,unambiguous,long,object,nonfinal,11,5,the,2.149601459503174
critical,25,unambiguous,long,object,nonfinal,11,6,final,7.831886291503906
critical,25,unambiguous,long,object,nonfinal,11,7,the,11.671265602111816
critical,25,unambiguous,long,object,nonfinal,11,8,students,3.7743945121765137
critical,25,unambiguous,long,object,nonfinal,11,9,studying,14.653692245483398
critical,25,unambiguous,long,object,nonfinal,11,10,engineering,16.01854705810547
critical,25,unambiguous,long,object,nonfinal,11,11,passed,9.016404151916504
critical,25,unambiguous,long,object,nonfinal,11,12,the,2.358027935028076
critical,25,unambiguous,long,object,nonfinal,11,13,class.,7.949880123138428
critical,25,unambiguous,short,object,nonfinal,9,0,After,18.79087448120117
critical,25,unambiguous,short,object,nonfinal,9,1,the,3.2918524742126465
critical,25,unambiguous,short,object,nonfinal,9,2,teacher,15.43896770477295
critical,25,unambiguous,short,object,nonfinal,9,3,finished,11.83469581604004
critical,25,unambiguous,short,object,nonfinal,9,4,grading,8.811676025390625
critical,25,unambiguous,short,object,nonfinal,9,5,the,2.149601459503174
critical,25,unambiguous,short,object,nonfinal,9,6,final,7.831886291503906
critical,25,unambiguous,short,object,nonfinal,9,7,the,11.671265602111816
critical,25,unambiguous,short,object,nonfinal,9,8,students,3.7743945121765137
critical,25,unambiguous,short,object,nonfinal,9,9,passed,6.678276062011719
critical,25,unambiguous,short,object,nonfinal,9,10,the,2.378368616104126
critical,25,unambiguous,short,object,nonfinal,9,11,class.,9.272908210754396
critical,26,ambiguous,long,comma,final,9,0,As,16.20804214477539
critical,26,ambiguous,long,comma,final,9,1,the,3.218326568603516
critical,26,ambiguous,long,comma,final,9,2,people,10.56511688232422
critical,26,ambiguous,long,comma,final,9,3,gathered,11.326705932617188
critical,26,ambiguous,long,comma,final,9,4,the,8.888195037841797
critical,26,ambiguous,long,comma,final,9,5,animals,12.15539264678955
critical,26,ambiguous,long,comma,final,9,6,in,5.353927135467529
critical,26,ambiguous,long,comma,final,9,7,the,1.323292255401611
critical,26,ambiguous,long,comma,final,9,8,park,4.936281681060791
critical,26,ambiguous,long,comma,final,9,9,scattered.,18.52776527404785
critical,26,ambiguous,short,comma,final,6,0,As,16.20804214477539
critical,26,ambiguous,short,comma,final,6,1,the,3.218326568603516
critical,26,ambiguous,short,comma,final,6,2,people,10.56511688232422
critical,26,ambiguous,short,comma,final,6,3,gathered,11.326705932617188
critical,26,ambiguous,short,comma,final,6,4,the,8.888195037841797
critical,26,ambiguous,short,comma,final,6,5,animals,12.15539264678955
critical,26,ambiguous,short,comma,final,6,6,scattered.,16.639599323272705
critical,26,unambiguous,long,comma,final,9,0,As,16.20804214477539
critical,26,unambiguous,long,comma,final,9,1,the,3.218326568603516
critical,26,unambiguous,long,comma,final,9,2,people,10.56511688232422
critical,26,unambiguous,long,comma,final,9,3,"gathered,",14.702827215194702
critical,26,unambiguous,long,comma,final,9,4,the,2.918322801589966
critical,26,unambiguous,long,comma,final,9,5,animals,13.590338706970217
critical,26,unambiguous,long,comma,final,9,6,in,6.131365776062012
critical,26,unambiguous,long,comma,final,9,7,the,0.6786407828330994
critical,26,unambiguous,long,comma,final,9,8,park,5.415037631988525
critical,26,unambiguous,long,comma,final,9,9,scattered.,14.309572696685793
critical,26,unambiguous,short,comma,final,6,0,As,16.20804214477539
critical,26,unambiguous,short,comma,final,6,1,the,3.218326568603516
critical,26,unambiguous,short,comma,final,6,2,people,10.56511688232422
critical,26,unambiguous,short,comma,final,6,3,"gathered,",14.702827215194702
critical,26,unambiguous,short,comma,final,6,4,the,2.918322801589966
critical,26,unambiguous,short,comma,final,6,5,animals,13.590338706970217
critical,26,unambiguous,short,comma,final,6,6,scattered.,13.194530963897703
critical,27,ambiguous,long,comma,nonfinal,8,0,Once,21.157882690429688
critical,27,ambiguous,long,comma,nonfinal,8,1,the,4.27155351638794
critical,27,ambiguous,long,comma,nonfinal,8,2,audience,11.863137245178224
critical,27,ambiguous,long,comma,nonfinal,8,3,quieted,14.263255596160889
critical,27,ambiguous,long,comma,nonfinal,8,4,the,5.725696086883545
critical,27,ambiguous,long,comma,nonfinal,8,5,man,9.703497886657717
critical,27,ambiguous,long,comma,nonfinal,8,6,talking,10.256396293640137
critical,27,ambiguous,long,comma,nonfinal,8,7,loudly,8.869879722595215
critical,27,ambiguous,long,comma,nonfinal,8,8,put,14.769484519958496
critical,27,ambiguous,long,comma,nonfinal,8,9,away,8.695882797241211
critical,27,ambiguous,long,comma,nonfinal,8,10,his,2.0088014602661133
critical,27,ambiguous,long,comma,nonfinal,8,11,phone.,7.429826498031616
critical,27,ambiguous,short,comma,nonfinal,6,0,Once,21.157882690429688
critical,27,ambiguous,short,comma,nonfinal,6,1,the,4.27155351638794
critical,27,ambiguous,short,comma,nonfinal,6,2,audience,11.863137245178224
critical,27,ambiguous,short,comma,nonfinal,6,3,quieted,14.263255596160889
critical,27,ambiguous,short,comma,nonfinal,6,4,the,5.725696086883545
critical,27,ambiguous,short,comma,nonfinal,6,5,man,9.703497886657717
critical,27,ambiguous,short,comma,nonfinal,6,6,put,11.961583137512209
critical,27,ambiguous,short,comma,nonfinal,6,7,away,7.420580863952637
critical,27,ambiguous,short,comma,nonfinal,6,8,his,1.58657705783844
critical,27,ambiguous,short,comma,nonfinal,6,9,phone.,8.221266031265259
critical,27,unambiguous,long,comma,nonfinal,8,0,Once,21.157882690429688
critical,27,unambiguous,long,comma,nonfinal,8,1,the,4.27155351638794
critical,27,unambiguous,long,comma,nonfinal,8,2,audience,11.863137245178224
critical,27,unambiguous,long,comma,nonfinal,8,3,"quieted,",15.962807416915894
critical,27,unambiguous,long,comma,nonfinal,8,4,the,2.1264429092407227
critical,27,unambiguous,long,comma,nonfinal,8,5,man,7.298007965087891
critical,27,unambiguous,long,comma,nonfinal,8,6,talking,11.31631565093994
critical,27,unambiguous,long,comma,nonfinal,8,7,loudly,8.128191947937012
critical,27,unambiguous,long,comma,nonfinal,8,8,put,10.108903884887695
critical,27,unambiguous,long,comma,nonfinal,8,9,away,8.274979591369629
critical,27,unambiguous,long,comma,nonfinal,8,10,his,1.118299961090088
critical,27,unambiguous,long,comma,nonfinal,8,11,phone.,6.7287315130233765
critical,27,unambiguous,short,comma,nonfinal,6,0,Once,21.157882690429688
critical,27,unambiguous,short,comma,nonfinal,6,1,the,4.27155351638794
critical,27,unambiguous,short,comma,nonfinal,6,2,audience,11.863137245178224
critical,27,unambiguous,short,comma,nonfinal,6,3,"quieted,",15.962807416915894
critical,27,unambiguous,short,comma,nonfinal,6,4,the,2.1264429092407227
critical,27,unambiguous,short,comma,nonfinal,6,5,man,7.298007965087891
critical,27,unambiguous,short,comma,nonfinal,6,6,put,9.483271598815918
critical,27,unambiguous,short,comma,nonfinal,6,7,away,7.541568756103516
critical,27,unambiguous,short,comma,nonfinal,6,8,his,0.8546629548072815
critical,27,unambiguous,short,comma,nonfinal,6,9,phone.,8.126166820526123
critical,28,ambiguous,long,comma,nonfinal,9,0,After,18.79087448120117
critical,28,ambiguous,long,comma,nonfinal,9,1,the,3.2918524742126465
critical,28,ambiguous,long,comma,nonfinal,9,2,corrupt,14.815889358520508
critical,28,ambiguous,long,comma,nonfinal,9,3,politician,8.60104751586914
critical,28,ambiguous,long,comma,nonfinal,9,4,signed,10.565909385681152
critical,28,ambiguous,long,comma,nonfinal,9,5,the,2.470298290252685
critical,28,ambiguous,long,comma,nonfinal,9,6,bill,2.991320371627808
critical,28,ambiguous,long,comma,nonfinal,9,7,on,4.832641124725342
critical,28,ambiguous,long,comma,nonfinal,9,8,taxes,15.128573417663574
critical,28,ambiguous,long,comma,nonfinal,9,9,received,13.617195129394531
critical,28,ambiguous,long,comma,nonfinal,9,10,unwelcome,21.218818187713623
critical,28,ambiguous,long,comma,nonfinal,9,11,attention,4.377572059631348
critical,28,ambiguous,long,comma,nonfinal,9,12,from,3.525022506713867
critical,28,ambiguous,long,comma,nonfinal,9,13,southern,14.45671272277832
critical,28,ambiguous,long,comma,nonfinal,9,14,voters.,10.31239891052246
critical,28,ambiguous,short,comma,nonfinal,7,0,After,18.79087448120117
critical,28,ambiguous,short,comma,nonfinal,7,1,the,3.2918524742126465
critical,28,ambiguous,short,comma,nonfinal,7,2,corrupt,14.815889358520508
critical,28,ambiguous,short,comma,nonfinal,7,3,politician,8.60104751586914
critical,28,ambiguous,short,comma,nonfinal,7,4,signed,10.565909385681152
critical,28,ambiguous,short,comma,nonfinal,7,5,the,2.470298290252685
critical,28,ambiguous,short,comma,nonfinal,7,6,bill,2.991320371627808
critical,28,ambiguous,short,comma,nonfinal,7,7,received,14.450989723205566
critical,28,ambiguous,short,comma,nonfinal,7,8,unwelcome,15.40559458732605
critical,28,ambiguous,short,comma,nonfinal,7,9,attention,1.731427788734436
critical,28,ambiguous,short,comma,nonfinal,7,10,from,2.5058724880218506
critical,28,ambiguous,short,comma,nonfinal,7,11,southern,14.66769313812256
critical,28,ambiguous,short,comma,nonfinal,7,12,voters.,8.659780502319336
critical,28,unambiguous,long,comma,nonfinal,9,0,After,18.79087448120117
critical,28,unambiguous,long,comma,nonfinal,9,1,the,3.2918524742126465
critical,28,unambiguous,long,comma,nonfinal,9,2,corrupt,14.815889358520508
critical,28,unambiguous,long,comma,nonfinal,9,3,politician,8.60104751586914
critical,28,unambiguous,long,comma,nonfinal,9,4,"signed,",19.977944374084476
critical,28,unambiguous,long,comma,nonfinal,9,5,the,2.222951412200928
critical,28,unambiguous,long,comma,nonfinal,9,6,bill,9.839190483093262
critical,28,unambiguous,long,comma,nonfinal,9,7,on,7.760473728179932
critical,28,unambiguous,long,comma,nonfinal,9,8,taxes,9.441357612609863
critical,28,unambiguous,long,comma,nonfinal,9,9,received,10.544864654541016
critical,28,unambiguous,long,comma,nonfinal,9,10,unwelcome,17.359538078308105
critical,28,unambiguous,long,comma,nonfinal,9,11,attention,1.275654435157776
critical,28,unambiguous,long,comma,nonfinal,9,12,from,2.2895209789276123
critical,28,unambiguous,long,comma,nonfinal,9,13,southern,14.548730850219728
critical,28,unambiguous,long,comma,nonfinal,9,14,voters.,7.258383333683014
critical,28,unambiguous,short,comma,nonfinal,7,0,After,18.79087448120117
critical,28,unambiguous,short,comma,nonfinal,7,1,the,3.2918524742126465
critical,28,unambiguous,short,comma,nonfinal,7,2,corrupt,14.815889358520508
critical,28,unambiguous,short,comma,nonfinal,7,3,politician,8.60104751586914
critical,28,unambiguous,short,comma,nonfinal,7,4,"signed,",19.977944374084476
critical,28,unambiguous,short,comma,nonfinal,7,5,the,2.222951412200928
critical,28,unambiguous,short,comma,nonfinal,7,6,bill,9.839190483093262
critical,28,unambiguous,short,comma,nonfinal,7,7,received,10.01917552947998
critical,28,unambiguous,short,comma,nonfinal,7,8,unwelcome,14.051923155784609
critical,28,unambiguous,short,comma,nonfinal,7,9,attention,1.6773619651794434
critical,28,unambiguous,short,comma,nonfinal,7,10,from,2.081975221633911
critical,28,unambiguous,short,comma,nonfinal,7,11,southern,14.315472602844238
critical,28,unambiguous,short,comma,nonfinal,7,12,voters.,7.59704315662384
critical,29,ambiguous,long,object,nonfinal,10,0,While,18.005245208740234
critical,29,ambiguous,long,object,nonfinal,10,1,the,2.6838319301605225
critical,29,ambiguous,long,object,nonfinal,10,2,art,9.81788158416748
critical,29,ambiguous,long,object,nonfinal,10,3,class,13.074952125549316
critical,29,ambiguous,long,object,nonfinal,10,4,painted,16.275754928588867
critical,29,ambiguous,long,object,nonfinal,10,5,the,2.624747037887573
critical,29,ambiguous,long,object,nonfinal,10,6,model,10.073505401611328
critical,29,ambiguous,long,object,nonfinal,10,7,in,3.628575325012207
critical,29,ambiguous,long,object,nonfinal,10,8,the,2.229907751083374
critical,29,ambiguous,long,object,nonfinal,10,9,nude,10.025691032409668
critical,29,ambiguous,long,object,nonfinal,10,10,stayed,20.48082733154297
critical,29,ambiguous,long,object,nonfinal,10,11,still.,13.68358874320984
critical,29,ambiguous,short,object,nonfinal,7,0,While,18.005245208740234
critical,29,ambiguous,short,object,nonfinal,7,1,the,2.6838319301605225
critical,29,ambiguous,short,object,nonfinal,7,2,art,9.81788158416748
critical,29,ambiguous,short,object,nonfinal,7,3,class,13.074952125549316
critical,29,ambiguous,short,object,nonfinal,7,4,painted,16.275754928588867
critical,29,ambiguous,short,object,nonfinal,7,5,the,2.624747037887573
critical,29,ambiguous,short,object,nonfinal,7,6,model,10.073505401611328
critical,29,ambiguous,short,object,nonfinal,7,7,stayed,19.39572525024414
critical,29,ambiguous,short,object,nonfinal,7,8,still.,13.604691743850708
critical,29,unambiguous,long,object,nonfinal,12,0,While,18.005245208740234
critical,29,unambiguous,long,object,nonfinal,12,1,the,2.6838319301605225
critical,29,unambiguous,long,object,nonfinal,12,2,art,9.81788158416748
critical,29,unambiguous,long,object,nonfinal,12,3,class,13.074952125549316
critical,29,unambiguous,long,object,nonfinal,12,4,painted,16.275754928588867
critical,29,unambiguous,long,object,nonfinal,12,5,their,7.565959930419922
critical,29,unambiguous,long,object,nonfinal,12,6,portraits,8.590744972229004
critical,29,unambiguous,long,object,nonfinal,12,7,the,7.912280559539795
critical,29,unambiguous,long,object,nonfinal,12,8,model,10.501893997192385
critical,29,unambiguous,long,object,nonfinal,12,9,in,6.357227325439453
critical,29,unambiguous,long,object,nonfinal,12,10,the,1.744547963142395
critical,29,unambiguous,long,object,nonfinal,12,11,nude,8.843551635742188
critical,29,unambiguous,long,object,nonfinal,12,12,stayed,14.6115140914917
critical,29,unambiguous,long,object,nonfinal,12,13,still.,11.847287774086
critical,29,unambiguous,short,object,nonfinal,9,0,While,18.005245208740234
critical,29,unambiguous,short,object,nonfinal,9,1,the,2.6838319301605225
critical,29,unambiguous,short,object,nonfinal,9,2,art,9.81788158416748
critical,29,unambiguous,short,object,nonfinal,9,3,class,13.074952125549316
critical,29,unambiguous,short,object,nonfinal,9,4,painted,16.275754928588867
critical,29,unambiguous,short,object,nonfinal,9,5,their,7.565959930419922
critical,29,unambiguous,short,object,nonfinal,9,6,portraits,8.590744972229004
critical,29,unambiguous,short,object,nonfinal,9,7,the,7.912280559539795
critical,29,unambiguous,short,object,nonfinal,9,8,model,10.501893997192385
critical,29,unambiguous,short,object,nonfinal,9,9,stayed,10.28774356842041
critical,29,unambiguous,short,object,nonfinal,9,10,still.,13.511441707611084
critical,30,ambiguous,long,object,final,8,0,As,16.20804214477539
critical,30,ambiguous,long,object,final,8,1,the,3.218326568603516
critical,30,ambiguous,long,object,final,8,2,professor,13.556085586547852
critical,30,ambiguous,long,object,final,8,3,wrote,6.474428653717041
critical,30,ambiguous,long,object,final,8,4,the,8.266878128051758
critical,30,ambiguous,long,object,final,8,5,textbook,11.799033164978027
critical,30,ambiguous,long,object,final,8,6,on,4.297706127166748
critical,30,ambiguous,long,object,final,8,7,biology,10.41401481628418
critical,30,ambiguous,long,object,final,8,8,grew.,24.134938716888428
critical,30,ambiguous,short,object,final,6,0,As,16.20804214477539
critical,30,ambiguous,short,object,final,6,1,the,3.218326568603516
critical,30,ambiguous,short,object,final,6,2,professor,13.556085586547852
critical,30,ambiguous,short,object,final,6,3,wrote,6.474428653717041
critical,30,ambiguous,short,object,final,6,4,the,8.266878128051758
critical,30,ambiguous,short,object,final,6,5,textbook,11.799033164978027
critical,30,ambiguous,short,object,final,6,6,grew.,23.70954418182373
critical,30,unambiguous,long,object,final,10,0,As,16.20804214477539
critical,30,unambiguous,long,object,final,10,1,the,3.218326568603516
critical,30,unambiguous,long,object,final,10,2,professor,13.556085586547852
critical,30,unambiguous,long,object,final,10,3,wrote,6.474428653717041
critical,30,unambiguous,long,object,final,10,4,the,8.266878128051758
critical,30,unambiguous,long,object,final,10,5,chapter,9.694252014160156
critical,30,unambiguous,long,object,final,10,6,the,8.37228012084961
critical,30,unambiguous,long,object,final,10,7,textbook,10.442632675170898
critical,30,unambiguous,long,object,final,10,8,on,4.633195877075195
critical,30,unambiguous,long,object,final,10,9,biology,10.73233413696289
critical,30,unambiguous,long,object,final,10,10,grew.,17.659894466400146
critical,30,unambiguous,short,object,final,8,0,As,16.20804214477539
critical,30,unambiguous,short,object,final,8,1,the,3.218326568603516
critical,30,unambiguous,short,object,final,8,2,professor,13.556085586547852
critical,30,unambiguous,short,object,final,8,3,wrote,6.474428653717041
critical,30,unambiguous,short,object,final,8,4,the,8.266878128051758
critical,30,unambiguous,short,object,final,8,5,chapter,9.694252014160156
critical,30,unambiguous,short,object,final,8,6,the,8.37228012084961
critical,30,unambiguous,short,object,final,8,7,textbook,10.442632675170898
critical,30,unambiguous,short,object,final,8,8,grew.,16.920583248138428
filler,1,,,,,-1,0,The,12.118497848510742
filler,1,,,,,-1,1,little,12.013360023498535
filler,1,,,,,-1,2,blonde,11.723394393920898
filler,1,,,,,-1,3,girls,8.838268280029297
filler,1,,,,,-1,4,turned,9.74488353729248
filler,1,,,,,-1,5,out,3.607706308364868
filler,1,,,,,-1,6,to,1.7723734378814695
filler,1,,,,,-1,7,be,0.6247510313987732
filler,1,,,,,-1,8,daughters,16.06926727294922
filler,1,,,,,-1,9,of,0.9868336915969848
filler,1,,,,,-1,10,one,6.42608642578125
filler,1,,,,,-1,11,of,1.3131659030914309
filler,1,,,,,-1,12,the,0.9422777891159058
filler,1,,,,,-1,13,neighbors.,14.599626302719116
filler,2,,,,,-1,0,After,18.79087448120117
filler,2,,,,,-1,1,the,3.2918524742126465
filler,2,,,,,-1,2,show,9.23345947265625
filler,2,,,,,-1,3,the,7.703061580657959
filler,2,,,,,-1,4,famous,10.452494621276855
filler,2,,,,,-1,5,violinist,10.96479931473732
filler,2,,,,,-1,6,met,12.068041801452637
filler,2,,,,,-1,7,with,2.74397349357605
filler,2,,,,,-1,8,some,5.794466972351074
filler,2,,,,,-1,9,of,2.3159375190734863
filler,2,,,,,-1,10,his,2.2021703720092773
filler,2,,,,,-1,11,devoted,14.983899116516112
filler,2,,,,,-1,12,fans.,3.533475756645202
filler,3,,,,,-1,0,The,12.118497848510742
filler,3,,,,,-1,1,pharmacologist,21.82859945297241
filler,3,,,,,-1,2,made,11.111059188842772
filler,3,,,,,-1,3,sure,8.51537036895752
filler,3,,,,,-1,4,that,1.6309568881988523
filler,3,,,,,-1,5,the,2.3545937538146973
filler,3,,,,,-1,6,new,6.971675872802734
filler,3,,,,,-1,7,shipment,12.700541496276855
filler,3,,,,,-1,8,of,1.5847278833389282
filler,3,,,,,-1,9,patches,12.287211418151855
filler,3,,,,,-1,10,didn't,8.74193561077118
filler,3,,,,,-1,11,have,4.771618843078613
filler,3,,,,,-1,12,any,2.783334255218506
filler,3,,,,,-1,13,tears.,15.3725745677948
filler,4,,,,,-1,0,On,16.092864990234375
filler,4,,,,,-1,1,returning,15.990368843078612
filler,4,,,,,-1,2,from,1.014923334121704
filler,4,,,,,-1,3,abroad,11.486350059509276
filler,4,,,,,-1,4,the,5.752552509307861
filler,4,,,,,-1,5,accountant,15.826762199401855
filler,4,,,,,-1,6,discovered,9.92196273803711
filler,4,,,,,-1,7,he,4.314700603485107
filler,4,,,,,-1,8,had,1.1769447326660156
filler,4,,,,,-1,9,a,3.4356465339660645
filler,4,,,,,-1,10,serious,6.931434631347656
filler,4,,,,,-1,11,case,3.1204092502593994
filler,4,,,,,-1,12,of,0.1110375002026557
filler,4,,,,,-1,13,malaria.,7.509076356887817
filler,5,,,,,-1,0,The,12.118497848510742
filler,5,,,,,-1,1,coach,15.305299758911133
filler,5,,,,,-1,2,encouraged,12.94454288482666
filler,5,,,,,-1,3,his,3.316596031188965
filler,5,,,,,-1,4,team,2.6636672019958496
filler,5,,,,,-1,5,as,9.415557861328123
filler,5,,,,,-1,6,the,4.052208423614502
filler,5,,,,,-1,7,game,6.6892828941345215
filler,5,,,,,-1,8,turned,7.185209274291992
filler,5,,,,,-1,9,increasingly,11.164684295654297
filler,5,,,,,-1,10,discouraging.,16.64743622764945
filler,6,,,,,-1,0,The,12.118497848510742
filler,6,,,,,-1,1,photographer,15.217949867248535
filler,6,,,,,-1,2,posed,11.862080574035645
filler,6,,,,,-1,3,the,3.8270514011383057
filler,6,,,,,-1,4,newlyweds,20.75142085552216
filler,6,,,,,-1,5,in,2.3818910121917725
filler,6,,,,,-1,6,front,4.234922885894775
filler,6,,,,,-1,7,of,0.0855895727872848
filler,6,,,,,-1,8,an,4.639624118804932
filler,6,,,,,-1,9,old,5.245267391204834
filler,6,,,,,-1,10,oak,9.34801959991455
filler,6,,,,,-1,11,tree,2.301848888397217
filler,6,,,,,-1,12,that,5.660271167755127
filler,6,,,,,-1,13,stood,5.113712787628174
filler,6,,,,,-1,14,by,6.118949890136719
filler,6,,,,,-1,15,the,1.360803723335266
filler,6,,,,,-1,16,pond.,8.99491834640503
filler,7,,,,,-1,0,The,12.118497848510742
filler,7,,,,,-1,1,horse,15.01894474029541
filler,7,,,,,-1,2,galloped,16.926218509674072
filler,7,,,,,-1,3,furiously,12.59329047985375
filler,7,,,,,-1,4,around,6.660136699676514
filler,7,,,,,-1,5,the,1.356048822402954
filler,7,,,,,-1,6,field,7.324864864349365
filler,7,,,,,-1,7,before,6.18851375579834
filler,7,,,,,-1,8,jumping,9.061663627624512
filler,7,,,,,-1,9,over,4.039440631866455
filler,7,,,,,-1,10,the,2.7418601512908936
filler,7,,,,,-1,11,fence.,4.246193885803223
filler,8,,,,,-1,0,The,12.118497848510742
filler,8,,,,,-1,1,talented,16.103607177734375
filler,8,,,,,-1,2,cartoonists,15.041839361190796
filler,8,,,,,-1,3,drew,13.196820259094238
filler,8,,,,,-1,4,a,3.7350339889526367
filler,8,,,,,-1,5,huge,6.55623197555542
filler,8,,,,,-1,6,illustration,12.205055236816406
filler,8,,,,,-1,7,of,1.9750763177871704
filler,8,,,,,-1,8,the,1.649360418319702
filler,8,,,,,-1,9,upcoming,9.4546537399292
filler,8,,,,,-1,10,mall,13.958584785461426
filler,8,,,,,-1,11,to,8.120002746582031
filler,8,,,,,-1,12,be,2.2594943046569824
filler,8,,,,,-1,13,opened,5.127009391784668
filler,8,,,,,-1,14,in,1.308234930038452
filler,8,,,,,-1,15,May.,7.287617444992065
filler,9,,,,,-1,0,The,12.118497848510742
filler,9,,,,,-1,1,protesters,17.294113159179688
filler,9,,,,,-1,2,rallied,8.651591218076646
filler,9,,,,,-1,3,outside,4.655561923980713
filler,9,,,,,-1,4,the,1.0454784631729126
filler,9,,,,,-1,5,state,7.591760158538818
filler,9,,,,,-1,6,capital,3.9951486587524414
filler,9,,,,,-1,7,to,4.223299503326416
filler,9,,,,,-1,8,petition,9.984129905700684
filler,9,,,,,-1,9,the,1.0067341327667236
filler,9,,,,,-1,10,widely,18.79677391052246
filler,9,,,,,-1,11,controversial,8.677919387817383
filler,9,,,,,-1,12,bill.,9.10666012763977
filler,10,,,,,-1,0,The,12.118497848510742
filler,10,,,,,-1,1,small,11.55151081085205
filler,10,,,,,-1,2,orange,13.384641647338867
filler,10,,,,,-1,3,kitten,14.187000513076782
filler,10,,,,,-1,4,climbed,14.860445976257324
filler,10,,,,,-1,5,up,3.664677858352661
filler,10,,,,,-1,6,the,3.2138357162475586
filler,10,,,,,-1,7,curtains,15.27624225616455
filler,10,,,,,-1,8,behind,6.711032867431641
filler,10,,,,,-1,9,the,1.967063307762146
filler,10,,,,,-1,10,couch,8.691920280456543
filler,10,,,,,-1,11,when,6.100634574890137
filler,10,,,,,-1,12,the,3.082985639572144
filler,10,,,,,-1,13,vacuum,11.211177825927734
filler,10,,,,,-1,14,turned,7.994964122772217
filler,10,,,,,-1,15,on.,1.936684250831604
filler,11,,,,,-1,0,The,12.118497848510742
filler,11,,,,,-1,1,captain,14.53164768218994
filler,11,,,,,-1,2,made,8.667793273925781
filler,11,,,,,-1,3,sure,7.086411476135254
filler,11,,,,,-1,4,the,2.7503135204315186
filler,11,,,,,-1,5,sailors,9.548872947692873
filler,11,,,,,-1,6,fixed,14.56264305114746
filler,11,,,,,-1,7,the,1.1342380046844482
filler,11,,,,,-1,8,rudder,8.31451677903533
filler,11,,,,,-1,9,before,5.253896713256836
filler,11,,,,,-1,10,setting,7.103054046630859
filler,11,,,,,-1,11,sail.,7.120841383934021
filler,12,,,,,-1,0,The,12.118497848510742
filler,12,,,,,-1,1,student,11.191893577575684
filler,12,,,,,-1,2,felt,13.1342134475708
filler,12,,,,,-1,3,that,3.26605224609375
filler,12,,,,,-1,4,he,3.541488647460937
filler,12,,,,,-1,5,hadn't,10.130212664604189
filler,12,,,,,-1,6,prepared,10.24081039428711
filler,12,,,,,-1,7,sufficiently,9.175607681274414
filler,12,,,,,-1,8,after,10.378175735473633
filler,12,,,,,-1,9,he,4.169762134552002
filler,12,,,,,-1,10,finished,6.987613677978516
filler,12,,,,,-1,11,the,2.511948347091675
filler,12,,,,,-1,12,midterm.,18.13081240653992
filler,13,,,,,-1,0,The,12.118497848510742
filler,13,,,,,-1,1,boys,14.816506385803224
filler,13,,,,,-1,2,rode,12.72000217437744
filler,13,,,,,-1,3,their,4.456469535827637
filler,13,,,,,-1,4,bikes,1.201335906982422
filler,13,,,,,-1,5,past,8.331863403320312
filler,13,,,,,-1,6,the,1.6871360540390017
filler,13,,,,,-1,7,yellow,11.634282112121582
filler,13,,,,,-1,8,wall,5.565699577331543
filler,13,,,,,-1,9,that,5.929983615875244
filler,13,,,,,-1,10,stood,6.775224685668945
filler,13,,,,,-1,11,in,3.231006383895874
filler,13,,,,,-1,12,front,1.7257922887802124
filler,13,,,,,-1,13,of,0.0565313845872879
filler,13,,,,,-1,14,the,0.8780856132507324
filler,13,,,,,-1,15,old,7.294837951660156
filler,13,,,,,-1,16,factory.,11.53795051574707
filler,14,,,,,-1,0,The,12.118497848510742
filler,14,,,,,-1,1,desert,16.119722366333008
filler,14,,,,,-1,2,bandits,17.878182888031006
filler,14,,,,,-1,3,joked,19.6372594833374
filler,14,,,,,-1,4,that,2.1313741207122803
filler,14,,,,,-1,5,the,2.8326451778411865
filler,14,,,,,-1,6,oasis,14.30472993850708
filler,14,,,,,-1,7,in,2.678548574447632
filler,14,,,,,-1,8,the,1.605332851409912
filler,14,,,,,-1,9,horizon,10.292234420776367
filler,14,,,,,-1,10,was,1.3738359212875366
filler,14,,,,,-1,11,all,8.085485458374023
filler,14,,,,,-1,12,but,6.8551788330078125
filler,14,,,,,-1,13,a,3.791565179824829
filler,14,,,,,-1,14,wild,8.88986873626709
filler,14,,,,,-1,15,fantasy.,12.11585569381714
filler,15,,,,,-1,0,The,12.118497848510742
filler,15,,,,,-1,1,carpenter,20.35719919204712
filler,15,,,,,-1,2,told,8.786667823791504
filler,15,,,,,-1,3,all,10.496698379516602
filler,15,,,,,-1,4,the,2.807461261749268
filler,15,,,,,-1,5,disappointed,14.924373626708984
filler,15,,,,,-1,6,applicants,11.130342483520508
filler,15,,,,,-1,7,that,1.876190423965454
filler,15,,,,,-1,8,he,1.4444561004638672
filler,15,,,,,-1,9,was,2.83828067779541
filler,15,,,,,-1,10,not,3.606825590133667
filler,15,,,,,-1,11,taking,8.027456283569336
filler,15,,,,,-1,12,any,3.738556146621704
filler,15,,,,,-1,13,new,7.807142734527588
filler,15,,,,,-1,14,apprentices.,19.235816963016987
filler,16,,,,,-1,0,The,12.118497848510742
filler,16,,,,,-1,1,California,11.303899765014648
filler,16,,,,,-1,2,judges,15.18959617614746
filler,16,,,,,-1,3,requested,12.285890579223633
filler,16,,,,,-1,4,the,2.6850647926330566
filler,16,,,,,-1,5,opinions,10.52778148651123
filler,16,,,,,-1,6,of,0.395455539226532
filler,16,,,,,-1,7,various,9.075840950012209
filler,16,,,,,-1,8,industry,11.077861785888672
filler,16,,,,,-1,9,leaders.,10.998700618743896
filler,17,,,,,-1,0,The,12.118497848510742
filler,17,,,,,-1,1,dance,16.300146102905273
filler,17,,,,,-1,2,troupe,12.460415363311768
filler,17,,,,,-1,3,forgot,16.62137222290039
filler,17,,,,,-1,4,most,11.095120429992676
filler,17,,,,,-1,5,of,0.572358250617981
filler,17,,,,,-1,6,the,1.7077409029006958
filler,17,,,,,-1,7,steps,8.920599937438965
filler,17,,,,,-1,8,when,5.911844253540039
filler,17,,,,,-1,9,they,1.0381698608398438
filler,17,,,,,-1,10,performed,5.018349170684815
filler,17,,,,,-1,11,for,5.531886577606201
filler,17,,,,,-1,12,the,1.1967570781707764
filler,17,,,,,-1,13,prime,12.911873817443848
filler,17,,,,,-1,14,minister.,5.180898904800415
filler,18,,,,,-1,0,There,15.535828590393066
filler,18,,,,,-1,1,were,4.19741153717041
filler,18,,,,,-1,2,several,5.262261867523193
filler,18,,,,,-1,3,noblemen,22.892921924591064
filler,18,,,,,-1,4,who,2.126707077026367
filler,18,,,,,-1,5,kept,9.95542335510254
filler,18,,,,,-1,6,insisting,10.817042350769045
filler,18,,,,,-1,7,that,0.9445672631263732
filler,18,,,,,-1,8,the,1.9555280208587649
filler,18,,,,,-1,9,croutons,24.106673508882523
filler,18,,,,,-1,10,were,1.807507395744324
filler,18,,,,,-1,11,too,5.26965856552124
filler,18,,,,,-1,12,soft.,8.136116862297058
filler,19,,,,,-1,0,The,12.118497848510742
filler,19,,,,,-1,1,priest,16.382919311523438
filler,19,,,,,-1,2,checked,16.15256690979004
filler,19,,,,,-1,3,twice,14.530415534973145
filler,19,,,,,-1,4,that,4.791254997253418
filler,19,,,,,-1,5,he,2.471266746520996
filler,19,,,,,-1,6,had,2.3556504249572754
filler,19,,,,,-1,7,all,8.74184799194336
filler,19,,,,,-1,8,the,1.3425763845443726
filler,19,,,,,-1,9,supplies,9.454830169677734
filler,19,,,,,-1,10,ready,8.655377388000488
filler,19,,,,,-1,11,for,2.727419137954712
filler,19,,,,,-1,12,the,1.9122048616409304
filler,19,,,,,-1,13,event,6.558873653411865
filler,19,,,,,-1,14,on,7.125420093536377
filler,19,,,,,-1,15,Sunday.,4.8854740858078
filler,20,,,,,-1,0,The,12.118497848510742
filler,20,,,,,-1,1,jeweler,21.69123411178589
filler,20,,,,,-1,2,showed,11.971709251403809
filler,20,,,,,-1,3,off,1.87205183506012
filler,20,,,,,-1,4,his,4.545053005218506
filler,20,,,,,-1,5,collection,5.270010471343994
filler,20,,,,,-1,6,of,1.140401840209961
filler,20,,,,,-1,7,rare,6.892602443695068
filler,20,,,,,-1,8,and,3.30620551109314
filler,20,,,,,-1,9,precious,3.365642786026001
filler,20,,,,,-1,10,stones,2.2497200965881348
filler,20,,,,,-1,11,at,3.2314467430114746
filler,20,,,,,-1,12,the,1.2576912641525269
filler,20,,,,,-1,13,convention.,14.181276082992554
filler,21,,,,,-1,0,The,12.118497848510742
filler,21,,,,,-1,1,serious,15.976984977722168
filler,21,,,,,-1,2,man,9.362460136413574
filler,21,,,,,-1,3,shifted,16.573381423950195
filler,21,,,,,-1,4,his,2.936285972595215
filler,21,,,,,-1,5,glasses,10.854377746582031
filler,21,,,,,-1,6,to,1.8693220615386963
filler,21,,,,,-1,7,indicate,8.995710372924805
filler,21,,,,,-1,8,the,2.7573578357696533
filler,21,,,,,-1,9,prisoners,17.933393478393555
filler,21,,,,,-1,10,would,5.322667598724365
filler,21,,,,,-1,11,be,1.3708420991897583
filler,21,,,,,-1,12,set,10.867234230041504
filler,21,,,,,-1,13,free.,1.503100872039795
filler,22,,,,,-1,0,The,12.118497848510742
filler,22,,,,,-1,1,doctor,13.747252464294434
filler,22,,,,,-1,2,made,8.717368125915527
filler,22,,,,,-1,3,the,2.4908151626586914
filler,22,,,,,-1,4,nurse,14.884572982788086
filler,22,,,,,-1,5,administer,13.225438117980955
filler,22,,,,,-1,6,the,1.8678251504898071
filler,22,,,,,-1,7,shot,9.725863456726074
filler,22,,,,,-1,8,because,8.121147155761719
filler,22,,,,,-1,9,he,3.5556657314300537
filler,22,,,,,-1,10,didn't,4.984271705150604
filler,22,,,,,-1,11,like,3.770344018936157
filler,22,,,,,-1,12,to,5.916159152984619
filler,22,,,,,-1,13,give,5.949620246887207
filler,22,,,,,-1,14,shots,8.414634704589844
filler,22,,,,,-1,15,to,2.553246259689331
filler,22,,,,,-1,16,children.,7.517089128494263
filler,23,,,,,-1,0,The,12.118497848510742
filler,23,,,,,-1,1,football,14.502854347229004
filler,23,,,,,-1,2,player,6.066997528076172
filler,23,,,,,-1,3,performed,13.858114242553713
filler,23,,,,,-1,4,a,2.813184976577759
filler,23,,,,,-1,5,humorous,12.286594338715076
filler,23,,,,,-1,6,victory,10.659952163696287
filler,23,,,,,-1,7,dance,9.413003921508787
filler,23,,,,,-1,8,at,3.441810369491577
filler,23,,,,,-1,9,the,1.2565464973449707
filler,23,,,,,-1,10,end,5.558919429779053
filler,23,,,,,-1,11,zone.,20.00867533683777
filler,24,,,,,-1,0,The,12.118497848510742
filler,24,,,,,-1,1,journalists,17.006349563598633
filler,24,,,,,-1,2,were,5.909290790557861
filler,24,,,,,-1,3,riled,14.660296201705933
filler,24,,,,,-1,4,up,1.302775502204895
filler,24,,,,,-1,5,to,4.663046836853027
filler,24,,,,,-1,6,hear,8.714550971984863
filler,24,,,,,-1,7,that,4.832376956939697
filler,24,,,,,-1,8,the,1.8790961503982544
filler,24,,,,,-1,9,famous,11.6237154006958
filler,24,,,,,-1,10,British,5.795699596405029
filler,24,,,,,-1,11,actor,3.2199995517730717
filler,24,,,,,-1,12,threw,14.987772941589355
filler,24,,,,,-1,13,a,2.266010284423828
filler,24,,,,,-1,14,fit,4.385937213897705
filler,24,,,,,-1,15,on,4.877460956573486
filler,24,,,,,-1,16,the,2.0876107215881348
filler,24,,,,,-1,17,set.,8.157426118850708
filler,25,,,,,-1,0,The,12.118497848510742
filler,25,,,,,-1,1,salesman,19.67212915420532
filler,25,,,,,-1,2,made,8.840733528137207
filler,25,,,,,-1,3,sure,8.652735710144043
filler,25,,,,,-1,4,that,2.3249192237854004
filler,25,,,,,-1,5,there,6.253498077392578
filler,25,,,,,-1,6,were,2.0308151245117188
filler,25,,,,,-1,7,people,7.125155925750732
filler,25,,,,,-1,8,all,9.101465225219728
filler,25,,,,,-1,9,around,1.2305703163146973
filler,25,,,,,-1,10,to,5.374179840087891
filler,25,,,,,-1,11,witness,9.1690034866333
filler,25,,,,,-1,12,his,3.994620323181152
filler,25,,,,,-1,13,biggest,9.252127647399902
filler,25,,,,,-1,14,sale.,9.219722747802734
filler,26,,,,,-1,0,The,12.118497848510742
filler,26,,,,,-1,1,guides,17.73350715637207
filler,26,,,,,-1,2,were,5.840519905090332
filler,26,,,,,-1,3,in,6.883884906768799
filler,26,,,,,-1,4,the,1.9823848009109497
filler,26,,,,,-1,5,process,4.159459590911865
filler,26,,,,,-1,6,of,0.0199004560708999
filler,26,,,,,-1,7,explaining,8.569876670837402
filler,26,,,,,-1,8,the,1.841408610343933
filler,26,,,,,-1,9,delay,14.897869110107422
filler,26,,,,,-1,10,when,7.954195022583008
filler,26,,,,,-1,11,the,2.3054590225219727
filler,26,,,,,-1,12,boat,8.887755393981934
filler,26,,,,,-1,13,started,6.364975929260254
filler,26,,,,,-1,14,to,1.953855037689209
filler,26,,,,,-1,15,move,4.422832489013672
filler,26,,,,,-1,16,again.,6.702667355537415
filler,27,,,,,-1,0,The,12.118497848510742
filler,27,,,,,-1,1,detective's,20.699556350708008
filler,27,,,,,-1,2,computer,10.794589042663574
filler,27,,,,,-1,3,crashed,8.881767272949219
filler,27,,,,,-1,4,and,3.7514121532440186
filler,27,,,,,-1,5,all,7.7680463790893555
filler,27,,,,,-1,6,the,2.1802446842193604
filler,27,,,,,-1,7,important,10.120879173278809
filler,27,,,,,-1,8,documents,5.023015975952148
filler,27,,,,,-1,9,were,1.3450418710708618
filler,27,,,,,-1,10,lost.,2.852017104625702
filler,28,,,,,-1,0,The,12.118497848510742
filler,28,,,,,-1,1,chiefs,18.878929138183597
filler,28,,,,,-1,2,perform,15.547451972961426
filler,28,,,,,-1,3,a,2.15268349647522
filler,28,,,,,-1,4,ceremony,4.845232963562012
filler,28,,,,,-1,5,for,3.8628017902374263
filler,28,,,,,-1,6,each,8.751181602478027
filler,28,,,,,-1,7,family's,12.45249080657959
filler,28,,,,,-1,8,oldest,11.544553756713867
filler,28,,,,,-1,9,child,1.4593374729156494
filler,28,,,,,-1,10,every,11.287609100341797
filler,28,,,,,-1,11,time,7.35462760925293
filler,28,,,,,-1,12,there,4.99149227142334
filler,28,,,,,-1,13,is,0.4654593467712402
filler,28,,,,,-1,14,a,0.3685106635093689
filler,28,,,,,-1,15,full,10.2568359375
filler,28,,,,,-1,16,moon.,6.988494396209717
filler,29,,,,,-1,0,The,12.118497848510742
filler,29,,,,,-1,1,saleslady,30.394072771072388
filler,29,,,,,-1,2,found,8.39209270477295
filler,29,,,,,-1,3,herself,6.035209655761719
filler,29,,,,,-1,4,surrounded,10.29056167602539
filler,29,,,,,-1,5,by,0.0881431698799133
filler,29,,,,,-1,6,angry,9.942743301391602
filler,29,,,,,-1,7,shoppers,5.242185115814209
filler,29,,,,,-1,8,who,3.2014198303222656
filler,29,,,,,-1,9,wanted,3.151756763458252
filler,29,,,,,-1,10,their,7.004872798919678
filler,29,,,,,-1,11,money,4.625623226165772
filler,29,,,,,-1,12,back.,1.77818500995636
filler,30,,,,,-1,0,The,12.118497848510742
filler,30,,,,,-1,1,scientist,16.661436080932617
filler,30,,,,,-1,2,forgot,15.033650398254396
filler,30,,,,,-1,3,to,0.9876261949539183
filler,30,,,,,-1,4,make,5.976740837097168
filler,30,,,,,-1,5,sure,4.2706732749938965
filler,30,,,,,-1,6,that,2.734199523925781
filler,30,,,,,-1,7,the,2.317346572875977
filler,30,,,,,-1,8,temperature,9.410626411437988
filler,30,,,,,-1,9,was,2.1229207515716557
filler,30,,,,,-1,10,set,5.999019145965576
filler,30,,,,,-1,11,to,2.968514204025269
filler,30,,,,,-1,12,zero,4.837483882904053
filler,30,,,,,-1,13,degrees.,17.41756582260132
filler,31,,,,,-1,0,The,12.118497848510742
filler,31,,,,,-1,1,candy,17.31489372253418
filler,31,,,,,-1,2,shop,5.916775703430176
filler,31,,,,,-1,3,was,5.356744766235352
filler,31,,,,,-1,4,small,10.322789192199709
filler,31,,,,,-1,5,but,4.13991117477417
filler,31,,,,,-1,6,tidy,11.125059127807615
filler,31,,,,,-1,7,and,3.6556081771850586
filler,31,,,,,-1,8,smelled,8.771346092224121
filler,31,,,,,-1,9,deliciously,10.660216331481934
filler,31,,,,,-1,10,of,3.91246485710144
filler,31,,,,,-1,11,chocolate.,6.474780738353729
filler,32,,,,,-1,0,The,12.118497848510742
filler,32,,,,,-1,1,virus,14.041708946228027
filler,32,,,,,-1,2,caused,9.34528923034668
filler,32,,,,,-1,3,an,4.396856307983398
filler,32,,,,,-1,4,unusual,7.2917561531066895
filler,32,,,,,-1,5,amount,11.03964614868164
filler,32,,,,,-1,6,of,0.0158499218523502
filler,32,,,,,-1,7,workers,16.186996459960938
filler,32,,,,,-1,8,at,4.035301685333252
filler,32,,,,,-1,9,the,1.6850227117538452
filler,32,,,,,-1,10,city,8.375978469848633
filler,32,,,,,-1,11,hall,5.527483940124512
filler,32,,,,,-1,12,to,2.9733572006225586
filler,32,,,,,-1,13,call,8.373161315917969
filler,32,,,,,-1,14,in,2.802354097366333
filler,32,,,,,-1,15,sick.,5.073031306266785
filler,33,,,,,-1,0,The,12.118497848510742
filler,33,,,,,-1,1,furious,17.563825607299805
filler,33,,,,,-1,2,man,6.069903373718262
filler,33,,,,,-1,3,standing,7.399271488189697
filler,33,,,,,-1,4,at,3.5421931743621826
filler,33,,,,,-1,5,the,0.6540734171867371
filler,33,,,,,-1,6,mayor's,13.536624789237976
filler,33,,,,,-1,7,door,4.877989292144775
filler,33,,,,,-1,8,was,5.401036739349365
filler,33,,,,,-1,9,angry,10.101066589355469
filler,33,,,,,-1,10,about,3.514455795288086
filler,33,,,,,-1,11,the,1.7349499464035034
filler,33,,,,,-1,12,high,9.037184715270996
filler,33,,,,,-1,13,cost,2.8899688720703125
filler,33,,,,,-1,14,of,0.1913437694311142
filler,33,,,,,-1,15,electricity.,10.20400333404541
filler,34,,,,,-1,0,The,12.118497848510742
filler,34,,,,,-1,1,bartender,15.96183930337429
filler,34,,,,,-1,2,tried,10.72995662689209
filler,34,,,,,-1,3,several,6.986116886138916
filler,34,,,,,-1,4,times,4.106714725494385
filler,34,,,,,-1,5,to,1.5679974555969238
filler,34,,,,,-1,6,get,2.265129804611206
filler,34,,,,,-1,7,the,3.145416736602783
filler,34,,,,,-1,8,woman,9.453773498535156
filler,34,,,,,-1,9,to,1.7378557920455933
filler,34,,,,,-1,10,order,7.950760841369629
filler,34,,,,,-1,11,from,7.481690883636475
filler,34,,,,,-1,12,the,2.9176182746887207
filler,34,,,,,-1,13,secret,14.146142959594728
filler,34,,,,,-1,14,menu.,6.641116738319397
filler,35,,,,,-1,0,The,12.118497848510742
filler,35,,,,,-1,1,seamstress,20.32091999053955
filler,35,,,,,-1,2,fretted,17.950740575790405
filler,35,,,,,-1,3,over,5.540428161621094
filler,35,,,,,-1,4,whether,6.5138773918151855
filler,35,,,,,-1,5,the,2.791787385940552
filler,35,,,,,-1,6,dress,8.806921005249023
filler,35,,,,,-1,7,would,1.7419062852859497
filler,35,,,,,-1,8,be,1.5970556735992432
filler,35,,,,,-1,9,finished,6.632135391235352
filler,35,,,,,-1,10,in,2.9707155227661133
filler,35,,,,,-1,11,time.,6.001924753189087
