item_category,item,ambiguity,length,resolution,finality,critical_word_index,word_index,word,surprisal
critical,1,ambiguous,short,object,nonfinal,6,0,As,18.13700485229492
critical,1,ambiguous,short,object,nonfinal,6,1,the,2.9871392250061035
critical,1,ambiguous,short,object,nonfinal,6,2,lifeguard,18.753852367401123
critical,1,ambiguous,short,object,nonfinal,6,3,watched,6.02447509765625
critical,1,ambiguous,short,object,nonfinal,6,4,the,2.579628229141236
critical,1,ambiguous,short,object,nonfinal,6,5,kids,6.801569938659668
critical,1,ambiguous,short,object,nonfinal,6,6,splashed,12.992202281951904
critical,1,ambiguous,short,object,nonfinal,6,7,each,6.371925354003906
critical,1,ambiguous,short,object,nonfinal,6,8,other,0.042714986950159
critical,1,ambiguous,short,object,nonfinal,6,9,with,3.3193063735961914
critical,1,ambiguous,short,object,nonfinal,6,10,water.,7.571684956550598
critical,1,ambiguous,long,object,nonfinal,8,0,As,18.13700485229492
critical,1,ambiguous,long,object,nonfinal,8,1,the,2.9871392250061035
critical,1,ambiguous,long,object,nonfinal,8,2,lifeguard,18.753852367401123
critical,1,ambiguous,long,object,nonfinal,8,3,watched,6.02447509765625
critical,1,ambiguous,long,object,nonfinal,8,4,the,2.579628229141236
critical,1,ambiguous,long,object,nonfinal,8,5,kids,6.801569938659668
critical,1,ambiguous,long,object,nonfinal,8,6,playing,2.817150115966797
critical,1,ambiguous,long,object,nonfinal,8,7,happily,7.8954386711120605
critical,1,ambiguous,long,object,nonfinal,8,8,splashed,19.90163230895996
critical,1,ambiguous,long,object,nonfinal,8,9,each,6.479471683502197
critical,1,ambiguous,long,object,nonfinal,8,10,other,0.0959621891379356
critical,1,ambiguous,long,object,nonfinal,8,11,with,3.253881454467773
critical,1,ambiguous,long,object,nonfinal,8,12,water.,6.290617823600769
critical,1,unambiguous,short,object,nonfinal,8,0,As,18.13700485229492
critical,1,unambiguous,short,object,nonfinal,8,1,the,2.9871392250061035
critical,1,unambiguous,short,object,nonfinal,8,2,lifeguard,18.753852367401123
critical,1,unambiguous,short,object,nonfinal,8,3,watched,6.02447509765625
critical,1,unambiguous,short,object,nonfinal,8,4,the,2.579628229141236
critical,1,unambiguous,short,object,nonfinal,8,5,pool,8.674232482910156
critical,1,unambiguous,short,object,nonfinal,8,6,the,7.0365891456604
critical,1,unambiguous,short,object,nonfinal,8,7,kids,5.15593957901001
critical,1,unambiguous,short,object,nonfinal,8,8,splashed,4.355178646743298
critical,1,unambiguous,short,object,nonfinal,8,9,each,5.534151077270508
critical,1,unambiguous,short,object,nonfinal,8,10,other,0.0999755784869194
critical,1,unambiguous,short,object,nonfinal,8,11,with,2.2514827251434326
critical,1,unambiguous,short,object,nonfinal,8,12,water.,2.5242788195610046
critical,1,unambiguous,long,object,nonfinal,10,0,As,18.13700485229492
critical,1,unambiguous,long,object,nonfinal,10,1,the,2.9871392250061035
critical,1,unambiguous,long,object,nonfinal,10,2,lifeguard,18.753852367401123
critical,1,unambiguous,long,object,nonfinal,10,3,watched,6.02447509765625
critical,1,unambiguous,long,object,nonfinal,10,4,the,2.579628229141236
critical,1,unambiguous,long,object,nonfinal,10,5,pool,8.674232482910156
critical,1,unambiguous,long,object,nonfinal,10,6,the,7.0365891456604
critical,1,unambiguous,long,object,nonfinal,10,7,kids,5.15593957901001
critical,1,unambiguous,long,object,nonfinal,10,8,playing,5.983778476715088
critical,1,unambiguous,long,object,nonfinal,10,9,happily,6.574839115142822
critical,1,unambiguous,long,object,nonfinal,10,10,splashed,8.905919313430786
critical,1,unambiguous,long,object,nonfinal,10,11,each,3.5186920166015625
critical,1,unambiguous,long,object,nonfinal,10,12,other,0.2883364856243133
critical,1,unambiguous,long,object,nonfinal,10,13,with,1.6238394975662231
critical,1,unambiguous,long,object,nonfinal,10,14,water.,2.1731067299842834
critical,2,ambiguous,short,comma,nonfinal,6,0,Because,22.145463943481445
critical,2,ambiguous,short,comma,nonfinal,6,1,the,2.823267936706543
critical,2,ambiguous,short,comma,nonfinal,6,2,suspect,14.598358154296877
critical,2,ambiguous,short,comma,nonfinal,6,3,changed,11.874184608459473
critical,2,ambiguous,short,comma,nonfinal,6,4,the,3.491159677505493
critical,2,ambiguous,short,comma,nonfinal,6,5,file,7.756632328033447
critical,2,ambiguous,short,comma,nonfinal,6,6,needed,16.1314697265625
critical,2,ambiguous,short,comma,nonfinal,6,7,to,0.884882390499115
critical,2,ambiguous,short,comma,nonfinal,6,8,be,5.190779209136963
critical,2,ambiguous,short,comma,nonfinal,6,9,updated.,13.62691593170166
critical,2,ambiguous,long,comma,nonfinal,9,0,Because,22.145463943481445
critical,2,ambiguous,long,comma,nonfinal,9,1,the,2.823267936706543
critical,2,ambiguous,long,comma,nonfinal,9,2,suspect,14.598358154296877
critical,2,ambiguous,long,comma,nonfinal,9,3,changed,11.874184608459473
critical,2,ambiguous,long,comma,nonfinal,9,4,the,3.491159677505493
critical,2,ambiguous,long,comma,nonfinal,9,5,file,7.756632328033447
critical,2,ambiguous,long,comma,nonfinal,9,6,with,7.524612426757812
critical,2,ambiguous,long,comma,nonfinal,9,7,the,1.7913120985031128
critical,2,ambiguous,long,comma,nonfinal,9,8,evidence,8.002188682556152
critical,2,ambiguous,long,comma,nonfinal,9,9,needed,10.936131477355955
critical,2,ambiguous,long,comma,nonfinal,9,10,to,0.8400485515594482
critical,2,ambiguous,long,comma,nonfinal,9,11,be,4.853745460510254
critical,2,ambiguous,long,comma,nonfinal,9,12,updated.,17.046405792236328
critical,2,unambiguous,short,comma,nonfinal,6,0,Because,22.145463943481445
critical,2,unambiguous,short,comma,nonfinal,6,1,the,2.823267936706543
critical,2,unambiguous,short,comma,nonfinal,6,2,suspect,14.598358154296877
critical,2,unambiguous,short,comma,nonfinal,6,3,"changed,",20.275724411010746
critical,2,unambiguous,short,comma,nonfinal,6,4,the,1.955010771751404
critical,2,unambiguous,short,comma,nonfinal,6,5,file,10.12212371826172
critical,2,unambiguous,short,comma,nonfinal,6,6,needed,7.637336730957031
critical,2,unambiguous,short,comma,nonfinal,6,7,to,0.3524488508701324
critical,2,unambiguous,short,comma,nonfinal,6,8,be,0.2944618165493011
critical,2,unambiguous,short,comma,nonfinal,6,9,updated.,3.805062532424927
critical,2,unambiguous,long,comma,nonfinal,9,0,Because,22.145463943481445
critical,2,unambiguous,long,comma,nonfinal,9,1,the,2.823267936706543
critical,2,unambiguous,long,comma,nonfinal,9,2,suspect,14.598358154296877
critical,2,unambiguous,long,comma,nonfinal,9,3,"changed,",20.275724411010746
critical,2,unambiguous,long,comma,nonfinal,9,4,the,1.955010771751404
critical,2,unambiguous,long,comma,nonfinal,9,5,file,10.12212371826172
critical,2,unambiguous,long,comma,nonfinal,9,6,with,7.482252597808838
critical,2,unambiguous,long,comma,nonfinal,9,7,the,0.6885470151901245
critical,2,unambiguous,long,comma,nonfinal,9,8,evidence,7.428759098052978
critical,2,unambiguous,long,comma,nonfinal,9,9,needed,6.813580989837647
critical,2,unambiguous,long,comma,nonfinal,9,10,to,0.1499276012182235
critical,2,unambiguous,long,comma,nonfinal,9,11,be,0.340360552072525
critical,2,unambiguous,long,comma,nonfinal,9,12,updated.,3.676938056945801
critical,3,ambiguous,short,object,nonfinal,7,0,While,18.734678268432617
critical,3,ambiguous,short,object,nonfinal,7,1,the,2.002535820007324
critical,3,ambiguous,short,object,nonfinal,7,2,new,6.616316795349121
critical,3,ambiguous,short,object,nonfinal,7,3,chef,14.762771606445312
critical,3,ambiguous,short,object,nonfinal,7,4,cooked,12.18228244781494
critical,3,ambiguous,short,object,nonfinal,7,5,the,3.962480306625366
critical,3,ambiguous,short,object,nonfinal,7,6,stew,9.040193557739258
critical,3,ambiguous,short,object,nonfinal,7,7,boiled,17.469839096069336
critical,3,ambiguous,short,object,nonfinal,7,8,over.,12.113950729370115
critical,3,ambiguous,long,object,nonfinal,11,0,While,18.734678268432617
critical,3,ambiguous,long,object,nonfinal,11,1,the,2.002535820007324
critical,3,ambiguous,long,object,nonfinal,11,2,new,6.616316795349121
critical,3,ambiguous,long,object,nonfinal,11,3,chef,14.762771606445312
critical,3,ambiguous,long,object,nonfinal,11,4,cooked,12.18228244781494
critical,3,ambiguous,long,object,nonfinal,11,5,the,3.962480306625366
critical,3,ambiguous,long,object,nonfinal,11,6,stew,9.040193557739258
critical,3,ambiguous,long,object,nonfinal,11,7,with,6.431518077850342
critical,3,ambiguous,long,object,nonfinal,11,8,lamb,10.24939250946045
critical,3,ambiguous,long,object,nonfinal,11,9,and,1.7954603433609009
critical,3,ambiguous,long,object,nonfinal,11,10,vegetables,3.2268099784851074
critical,3,ambiguous,long,object,nonfinal,11,11,boiled,15.485095024108888
critical,3,ambiguous,long,object,nonfinal,11,12,over.,20.854522228240967
critical,3,unambiguous,short,object,nonfinal,9,0,While,18.734678268432617
critical,3,unambiguous,short,object,nonfinal,9,1,the,2.002535820007324
critical,3,unambiguous,short,object,nonfinal,9,2,new,6.616316795349121
critical,3,unambiguous,short,object,nonfinal,9,3,chef,14.762771606445312
critical,3,unambiguous,short,object,nonfinal,9,4,cooked,12.18228244781494
critical,3,unambiguous,short,object,nonfinal,9,5,the,3.962480306625366
critical,3,unambiguous,short,object,nonfinal,9,6,appetizers,8.774004846811295
critical,3,unambiguous,short,object,nonfinal,9,7,the,7.89555549621582
critical,3,unambiguous,short,object,nonfinal,9,8,stew,14.075933456420898
critical,3,unambiguous,short,object,nonfinal,9,9,boiled,8.653312683105469
critical,3,unambiguous,short,object,nonfinal,9,10,over.,6.385245084762573
critical,3,unambiguous,long,object,nonfinal,13,0,While,18.734678268432617
critical,3,unambiguous,long,object,nonfinal,13,1,the,2.002535820007324
critical,3,unambiguous,long,object,nonfinal,13,2,new,6.616316795349121
critical,3,unambiguous,long,object,nonfinal,13,3,chef,14.762771606445312
critical,3,unambiguous,long,object,nonfinal,13,4,cooked,12.18228244781494
critical,3,unambiguous,long,object,nonfinal,13,5,the,3.962480306625366
critical,3,unambiguous,long,object,nonfinal,13,6,appetizers,8.774004846811295
critical,3,unambiguous,long,object,nonfinal,13,7,the,7.89555549621582
critical,3,unambiguous,long,object,nonfinal,13,8,stew,14.075933456420898
critical,3,unambiguous,long,object,nonfinal,13,9,with,11.63354778289795
critical,3,unambiguous,long,object,nonfinal,13,10,lamb,5.102435111999512
critical,3,unambiguous,long,object,nonfinal,13,11,and,1.6534550189971924
critical,3,unambiguous,long,object,nonfinal,13,12,vegetables,3.037153005599976
critical,3,unambiguous,long,object,nonfinal,13,13,boiled,6.793750762939453
critical,3,unambiguous,long,object,nonfinal,13,14,over.,11.138059139251707
critical,4,ambiguous,short,comma,nonfinal,6,0,As,18.13700485229492
critical,4,ambiguous,short,comma,nonfinal,6,1,the,2.9871392250061035
critical,4,ambiguous,short,comma,nonfinal,6,2,child,10.927569389343262
critical,4,ambiguous,short,comma,nonfinal,6,3,showered,16.311784267425537
critical,4,ambiguous,short,comma,nonfinal,6,4,the,3.830110788345337
critical,4,ambiguous,short,comma,nonfinal,6,5,cat,8.27798843383789
critical,4,ambiguous,short,comma,nonfinal,6,6,ran,12.495244979858398
critical,4,ambiguous,short,comma,nonfinal,6,7,around,5.05514669418335
critical,4,ambiguous,short,comma,nonfinal,6,8,the,1.6519333124160769
critical,4,ambiguous,short,comma,nonfinal,6,9,room.,5.800520896911621
critical,4,ambiguous,long,comma,nonfinal,8,0,As,18.13700485229492
critical,4,ambiguous,long,comma,nonfinal,8,1,the,2.9871392250061035
critical,4,ambiguous,long,comma,nonfinal,8,2,child,10.927569389343262
critical,4,ambiguous,long,comma,nonfinal,8,3,showered,16.311784267425537
critical,4,ambiguous,long,comma,nonfinal,8,4,the,3.830110788345337
critical,4,ambiguous,long,comma,nonfinal,8,5,cat,8.27798843383789
critical,4,ambiguous,long,comma,nonfinal,8,6,complaining,22.680233001708984
critical,4,ambiguous,long,comma,nonfinal,8,7,loudly,5.191773891448975
critical,4,ambiguous,long,comma,nonfinal,8,8,ran,13.736811637878418
critical,4,ambiguous,long,comma,nonfinal,8,9,around,5.2583417892456055
critical,4,ambiguous,long,comma,nonfinal,8,10,the,1.1174441576004028
critical,4,ambiguous,long,comma,nonfinal,8,11,room.,5.410446166992188
critical,4,unambiguous,short,comma,nonfinal,6,0,As,18.13700485229492
critical,4,unambiguous,short,comma,nonfinal,6,1,the,2.9871392250061035
critical,4,unambiguous,short,comma,nonfinal,6,2,child,10.927569389343262
critical,4,unambiguous,short,comma,nonfinal,6,3,"showered,",18.37252163887024
critical,4,unambiguous,short,comma,nonfinal,6,4,the,2.9230198860168457
critical,4,unambiguous,short,comma,nonfinal,6,5,cat,9.8024320602417
critical,4,unambiguous,short,comma,nonfinal,6,6,ran,5.574069023132324
critical,4,unambiguous,short,comma,nonfinal,6,7,around,3.794915437698364
critical,4,unambiguous,short,comma,nonfinal,6,8,the,1.1370172500610352
critical,4,unambiguous,short,comma,nonfinal,6,9,room.,5.363467454910278
critical,4,unambiguous,long,comma,nonfinal,8,0,As,18.13700485229492
critical,4,unambiguous,long,comma,nonfinal,8,1,the,2.9871392250061035
critical,4,unambiguous,long,comma,nonfinal,8,2,child,10.927569389343262
critical,4,unambiguous,long,comma,nonfinal,8,3,"showered,",18.37252163887024
critical,4,unambiguous,long,comma,nonfinal,8,4,the,2.9230198860168457
critical,4,unambiguous,long,comma,nonfinal,8,5,cat,9.8024320602417
critical,4,unambiguous,long,comma,nonfinal,8,6,complaining,20.988718032836918
critical,4,unambiguous,long,comma,nonfinal,8,7,loudly,3.8468446731567374
critical,4,unambiguous,long,comma,nonfinal,8,8,ran,18.689743041992188
critical,4,unambiguous,long,comma,nonfinal,8,9,around,3.377352714538574
critical,4,unambiguous,long,comma,nonfinal,8,10,the,0.970533847808838
critical,4,unambiguous,long,comma,nonfinal,8,11,room.,4.108075261116028
critical,5,ambiguous,short,comma,final,6,0,When,17.062484741210938
critical,5,ambiguous,short,comma,final,6,1,the,3.2234294414520264
critical,5,ambiguous,short,comma,final,6,2,family,10.568066596984863
critical,5,ambiguous,short,comma,final,6,3,moved,3.736043691635132
critical,5,ambiguous,short,comma,final,6,4,the,8.623856544494629
critical,5,ambiguous,short,comma,final,6,5,vases,15.275234699249268
critical,5,ambiguous,short,comma,final,6,6,broke.,14.309321403503418
critical,5,ambiguous,long,comma,final,9,0,When,17.062484741210938
critical,5,ambiguous,long,comma,final,9,1,the,3.2234294414520264
critical,5,ambiguous,long,comma,final,9,2,family,10.568066596984863
critical,5,ambiguous,long,comma,final,9,3,moved,3.736043691635132
critical,5,ambiguous,long,comma,final,9,4,the,8.623856544494629
critical,5,ambiguous,long,comma,final,9,5,vases,15.275234699249268
critical,5,ambiguous,long,comma,final,9,6,made,10.551481246948242
critical,5,ambiguous,long,comma,final,9,7,of,2.4059300422668457
critical,5,ambiguous,long,comma,final,9,8,porcelain,4.086664199829102
critical,5,ambiguous,long,comma,final,9,9,broke.,15.307981491088867
critical,5,unambiguous,short,comma,final,6,0,When,17.062484741210938
critical,5,unambiguous,short,comma,final,6,1,the,3.2234294414520264
critical,5,unambiguous,short,comma,final,6,2,family,10.568066596984863
critical,5,unambiguous,short,comma,final,6,3,"moved,",8.879455804824829
critical,5,unambiguous,short,comma,final,6,4,the,2.756554365158081
critical,5,unambiguous,short,comma,final,6,5,vases,15.13307237625122
critical,5,unambiguous,short,comma,final,6,6,broke.,6.918502926826477
critical,5,unambiguous,long,comma,final,9,0,When,17.062484741210938
critical,5,unambiguous,long,comma,final,9,1,the,3.2234294414520264
critical,5,unambiguous,long,comma,final,9,2,family,10.568066596984863
critical,5,unambiguous,long,comma,final,9,3,"moved,",8.879455804824829
critical,5,unambiguous,long,comma,final,9,4,the,2.756554365158081
critical,5,unambiguous,long,comma,final,9,5,vases,15.13307237625122
critical,5,unambiguous,long,comma,final,9,6,made,8.758231163024902
critical,5,unambiguous,long,comma,final,9,7,of,3.5161783695220947
critical,5,unambiguous,long,comma,final,9,8,porcelain,4.209569931030273
critical,5,unambiguous,long,comma,final,9,9,broke.,9.09124755859375
critical,6,ambiguous,short,comma,nonfinal,7,0,After,18.82588195800781
critical,6,ambiguous,short,comma,nonfinal,7,1,the,3.343434810638428
critical,6,ambiguous,short,comma,nonfinal,7,2,new,8.607266426086426
critical,6,ambiguous,short,comma,nonfinal,7,3,doctor,12.437226295471191
critical,6,ambiguous,short,comma,nonfinal,7,4,left,5.768768787384033
critical,6,ambiguous,short,comma,nonfinal,7,5,the,2.2723889350891118
critical,6,ambiguous,short,comma,nonfinal,7,6,operation,10.539649963378906
critical,6,ambiguous,short,comma,nonfinal,7,7,appeared,15.66505527496338
critical,6,ambiguous,short,comma,nonfinal,7,8,more,6.325059413909912
critical,6,ambiguous,short,comma,nonfinal,7,9,likely,4.403939247131348
critical,6,ambiguous,short,comma,nonfinal,7,10,to,0.4052571654319763
critical,6,ambiguous,short,comma,nonfinal,7,11,succeed.,3.126264810562134
critical,6,ambiguous,long,comma,nonfinal,10,0,After,18.82588195800781
critical,6,ambiguous,long,comma,nonfinal,10,1,the,3.343434810638428
critical,6,ambiguous,long,comma,nonfinal,10,2,new,8.607266426086426
critical,6,ambiguous,long,comma,nonfinal,10,3,doctor,12.437226295471191
critical,6,ambiguous,long,comma,nonfinal,10,4,left,5.768768787384033
critical,6,ambiguous,long,comma,nonfinal,10,5,the,2.2723889350891118
critical,6,ambiguous,long,comma,nonfinal,10,6,operation,10.539649963378906
critical,6,ambiguous,long,comma,nonfinal,10,7,on,9.037532806396484
critical,6,ambiguous,long,comma,nonfinal,10,8,the,1.4397369623184204
critical,6,ambiguous,long,comma,nonfinal,10,9,brain,7.428369522094727
critical,6,ambiguous,long,comma,nonfinal,10,10,appeared,15.681620597839355
critical,6,ambiguous,long,comma,nonfinal,10,11,more,6.430381774902344
critical,6,ambiguous,long,comma,nonfinal,10,12,likely,6.642600059509277
critical,6,ambiguous,long,comma,nonfinal,10,13,to,0.3674127161502838
critical,6,ambiguous,long,comma,nonfinal,10,14,succeed.,3.440679430961609
critical,6,unambiguous,short,comma,nonfinal,7,0,After,18.82588195800781
critical,6,unambiguous,short,comma,nonfinal,7,1,the,3.343434810638428
critical,6,unambiguous,short,comma,nonfinal,7,2,new,8.607266426086426
critical,6,unambiguous,short,comma,nonfinal,7,3,doctor,12.437226295471191
critical,6,unambiguous,short,comma,nonfinal,7,4,"left,",7.108757138252258
critical,6,unambiguous,short,comma,nonfinal,7,5,the,2.464571952819824
critical,6,unambiguous,short,comma,nonfinal,7,6,operation,11.037690162658691
critical,6,unambiguous,short,comma,nonfinal,7,7,appeared,12.31829071044922
critical,6,unambiguous,short,comma,nonfinal,7,8,more,6.375295162200928
critical,6,unambiguous,short,comma,nonfinal,7,9,likely,3.76611590385437
critical,6,unambiguous,short,comma,nonfinal,7,10,to,0.4570638537406921
critical,6,unambiguous,short,comma,nonfinal,7,11,succeed.,3.237233519554138
critical,6,unambiguous,long,comma,nonfinal,10,0,After,18.82588195800781
critical,6,unambiguous,long,comma,nonfinal,10,1,the,3.343434810638428
critical,6,unambiguous,long,comma,nonfinal,10,2,new,8.607266426086426
critical,6,unambiguous,long,comma,nonfinal,10,3,doctor,12.437226295471191
critical,6,unambiguous,long,comma,nonfinal,10,4,"left,",7.108757138252258
critical,6,unambiguous,long,comma,nonfinal,10,5,the,2.464571952819824
critical,6,unambiguous,long,comma,nonfinal,10,6,operation,11.037690162658691
critical,6,unambiguous,long,comma,nonfinal,10,7,on,5.781485557556152
critical,6,unambiguous,long,comma,nonfinal,10,8,the,1.093363881111145
critical,6,unambiguous,long,comma,nonfinal,10,9,brain,7.788023948669434
critical,6,unambiguous,long,comma,nonfinal,10,10,appeared,12.292037963867188
critical,6,unambiguous,long,comma,nonfinal,10,11,more,6.452895164489746
critical,6,unambiguous,long,comma,nonfinal,10,12,likely,5.400509834289551
critical,6,unambiguous,long,comma,nonfinal,10,13,to,1.2690200805664062
critical,6,unambiguous,long,comma,nonfinal,10,14,succeed.,3.093933582305908
critical,7,ambiguous,short,comma,final,6,0,While,18.734678268432617
critical,7,ambiguous,short,comma,final,6,1,the,2.002535820007324
critical,7,ambiguous,short,comma,final,6,2,mom,16.77787208557129
critical,7,ambiguous,short,comma,final,6,3,dressed,11.57402229309082
critical,7,ambiguous,short,comma,final,6,4,the,1.7699353694915771
critical,7,ambiguous,short,comma,final,6,5,baby,2.140509843826294
critical,7,ambiguous,short,comma,final,6,6,cried.,17.03181529045105
critical,7,ambiguous,long,comma,final,8,0,While,18.734678268432617
critical,7,ambiguous,long,comma,final,8,1,the,2.002535820007324
critical,7,ambiguous,long,comma,final,8,2,mom,16.77787208557129
critical,7,ambiguous,long,comma,final,8,3,dressed,11.57402229309082
critical,7,ambiguous,long,comma,final,8,4,the,1.7699353694915771
critical,7,ambiguous,long,comma,final,8,5,baby,2.140509843826294
critical,7,ambiguous,long,comma,final,8,6,she,8.152929306030273
critical,7,ambiguous,long,comma,final,8,7,adored,15.818203568458555
critical,7,ambiguous,long,comma,final,8,8,cried.,16.49338936805725
critical,7,unambiguous,short,comma,final,6,0,While,18.734678268432617
critical,7,unambiguous,short,comma,final,6,1,the,2.002535820007324
critical,7,unambiguous,short,comma,final,6,2,mom,16.77787208557129
critical,7,unambiguous,short,comma,final,6,3,"dressed,",14.9227557182312
critical,7,unambiguous,short,comma,final,6,4,the,2.0914714336395264
critical,7,unambiguous,short,comma,final,6,5,baby,3.4884562492370605
critical,7,unambiguous,short,comma,final,6,6,cried.,6.648784756660461
critical,7,unambiguous,long,comma,final,8,0,While,18.734678268432617
critical,7,unambiguous,long,comma,final,8,1,the,2.002535820007324
critical,7,unambiguous,long,comma,final,8,2,mom,16.77787208557129
critical,7,unambiguous,long,comma,final,8,3,"dressed,",14.9227557182312
critical,7,unambiguous,long,comma,final,8,4,the,2.0914714336395264
critical,7,unambiguous,long,comma,final,8,5,baby,3.4884562492370605
critical,7,unambiguous,long,comma,final,8,6,she,11.276817321777344
critical,7,unambiguous,long,comma,final,8,7,adored,13.269021779298782
critical,7,unambiguous,long,comma,final,8,8,cried.,7.459085941314697
critical,8,ambiguous,short,comma,nonfinal,6,0,As,18.13700485229492
critical,8,ambiguous,short,comma,nonfinal,6,1,the,2.9871392250061035
critical,8,ambiguous,short,comma,nonfinal,6,2,crowd,10.543697357177734
critical,8,ambiguous,short,comma,nonfinal,6,3,applauded,8.058484077453613
critical,8,ambiguous,short,comma,nonfinal,6,4,the,3.332737684249878
critical,8,ambiguous,short,comma,nonfinal,6,5,cast,10.617549896240234
critical,8,ambiguous,short,comma,nonfinal,6,6,came,7.711750030517578
critical,8,ambiguous,short,comma,nonfinal,6,7,back,2.8247227668762207
critical,8,ambiguous,short,comma,nonfinal,6,8,on,1.2536311149597168
critical,8,ambiguous,short,comma,nonfinal,6,9,stage,0.3423885703086853
critical,8,ambiguous,short,comma,nonfinal,6,10,and,2.991431713104248
critical,8,ambiguous,short,comma,nonfinal,6,11,waived.,21.99270439147949
critical,8,ambiguous,long,comma,nonfinal,9,0,As,18.13700485229492
critical,8,ambiguous,long,comma,nonfinal,9,1,the,2.9871392250061035
critical,8,ambiguous,long,comma,nonfinal,9,2,crowd,10.543697357177734
critical,8,ambiguous,long,comma,nonfinal,9,3,applauded,8.058484077453613
critical,8,ambiguous,long,comma,nonfinal,9,4,the,3.332737684249878
critical,8,ambiguous,long,comma,nonfinal,9,5,cast,10.617549896240234
critical,8,ambiguous,long,comma,nonfinal,9,6,for,4.559752464294434
critical,8,ambiguous,long,comma,nonfinal,9,7,the,3.2203516960144043
critical,8,ambiguous,long,comma,nonfinal,9,8,play,7.114948272705078
critical,8,ambiguous,long,comma,nonfinal,9,9,came,11.854711532592772
critical,8,ambiguous,long,comma,nonfinal,9,10,back,4.728386402130127
critical,8,ambiguous,long,comma,nonfinal,9,11,on,1.9963539838790891
critical,8,ambiguous,long,comma,nonfinal,9,12,stage,0.3524461090564728
critical,8,ambiguous,long,comma,nonfinal,9,13,and,3.246270179748535
critical,8,ambiguous,long,comma,nonfinal,9,14,waived.,21.44157457351685
critical,8,unambiguous,short,comma,nonfinal,6,0,As,18.13700485229492
critical,8,unambiguous,short,comma,nonfinal,6,1,the,2.9871392250061035
critical,8,unambiguous,short,comma,nonfinal,6,2,crowd,10.543697357177734
critical,8,unambiguous,short,comma,nonfinal,6,3,"applauded,",9.23661756515503
critical,8,unambiguous,short,comma,nonfinal,6,4,the,2.6052675247192383
critical,8,unambiguous,short,comma,nonfinal,6,5,cast,10.202536582946776
critical,8,unambiguous,short,comma,nonfinal,6,6,came,4.983495712280273
critical,8,unambiguous,short,comma,nonfinal,6,7,back,3.319526672363281
critical,8,unambiguous,short,comma,nonfinal,6,8,on,1.3620420694351196
critical,8,unambiguous,short,comma,nonfinal,6,9,stage,0.2576850354671478
critical,8,unambiguous,short,comma,nonfinal,6,10,and,2.5987253189086914
critical,8,unambiguous,short,comma,nonfinal,6,11,waived.,21.00731134414673
critical,8,unambiguous,long,comma,nonfinal,9,0,As,18.13700485229492
critical,8,unambiguous,long,comma,nonfinal,9,1,the,2.9871392250061035
critical,8,unambiguous,long,comma,nonfinal,9,2,crowd,10.543697357177734
critical,8,unambiguous,long,comma,nonfinal,9,3,"applauded,",9.23661756515503
critical,8,unambiguous,long,comma,nonfinal,9,4,the,2.6052675247192383
critical,8,unambiguous,long,comma,nonfinal,9,5,cast,10.202536582946776
critical,8,unambiguous,long,comma,nonfinal,9,6,for,8.973881721496582
critical,8,unambiguous,long,comma,nonfinal,9,7,the,1.298061728477478
critical,8,unambiguous,long,comma,nonfinal,9,8,play,5.200075626373291
critical,8,unambiguous,long,comma,nonfinal,9,9,came,5.0049662590026855
critical,8,unambiguous,long,comma,nonfinal,9,10,back,6.32484769821167
critical,8,unambiguous,long,comma,nonfinal,9,11,on,1.148833155632019
critical,8,unambiguous,long,comma,nonfinal,9,12,stage,0.2676105201244354
critical,8,unambiguous,long,comma,nonfinal,9,13,and,2.905580759048462
critical,8,unambiguous,long,comma,nonfinal,9,14,waived.,20.09782123565674
critical,9,ambiguous,short,object,nonfinal,6,0,Because,22.145463943481445
critical,9,ambiguous,short,object,nonfinal,6,1,the,2.823267936706543
critical,9,ambiguous,short,object,nonfinal,6,2,mechanic,16.10219383239746
critical,9,ambiguous,short,object,nonfinal,6,3,stopped,10.97769546508789
critical,9,ambiguous,short,object,nonfinal,6,4,the,2.2169346809387207
critical,9,ambiguous,short,object,nonfinal,6,5,truck,6.78110933303833
critical,9,ambiguous,short,object,nonfinal,6,6,needed,16.831274032592773
critical,9,ambiguous,short,object,nonfinal,6,7,several,9.57275390625
critical,9,ambiguous,short,object,nonfinal,6,8,more,5.56470251083374
critical,9,ambiguous,short,object,nonfinal,6,9,hours,2.5403378009796143
critical,9,ambiguous,short,object,nonfinal,6,10,before,5.51413106918335
critical,9,ambiguous,short,object,nonfinal,6,11,it,1.2342575788497925
critical,9,ambiguous,short,object,nonfinal,6,12,was,1.740592360496521
critical,9,ambiguous,short,object,nonfinal,6,13,ready.,5.984011173248291
critical,9,ambiguous,long,object,nonfinal,8,0,Because,22.145463943481445
critical,9,ambiguous,long,object,nonfinal,8,1,the,2.823267936706543
critical,9,ambiguous,long,object,nonfinal,8,2,mechanic,16.10219383239746
critical,9,ambiguous,long,object,nonfinal,8,3,stopped,10.97769546508789
critical,9,ambiguous,long,object,nonfinal,8,4,the,2.2169346809387207
critical,9,ambiguous,long,object,nonfinal,8,5,truck,6.78110933303833
critical,9,ambiguous,long,object,nonfinal,8,6,leaking,15.386899948120115
critical,9,ambiguous,long,object,nonfinal,8,7,oil,0.9124546647071838
critical,9,ambiguous,long,object,nonfinal,8,8,needed,16.51673698425293
critical,9,ambiguous,long,object,nonfinal,8,9,several,14.09106731414795
critical,9,ambiguous,long,object,nonfinal,8,10,more,5.126058578491211
critical,9,ambiguous,long,object,nonfinal,8,11,hours,2.668301105499268
critical,9,ambiguous,long,object,nonfinal,8,12,before,5.232536315917969
critical,9,ambiguous,long,object,nonfinal,8,13,it,2.810286045074463
critical,9,ambiguous,long,object,nonfinal,8,14,was,1.7913093566894531
critical,9,ambiguous,long,object,nonfinal,8,15,ready.,7.960313081741333
critical,9,unambiguous,short,object,nonfinal,8,0,Because,22.145463943481445
critical,9,unambiguous,short,object,nonfinal,8,1,the,2.823267936706543
critical,9,unambiguous,short,object,nonfinal,8,2,mechanic,16.10219383239746
critical,9,unambiguous,short,object,nonfinal,8,3,stopped,10.97769546508789
critical,9,unambiguous,short,object,nonfinal,8,4,the,2.2169346809387207
critical,9,unambiguous,short,object,nonfinal,8,5,repairs,12.243486404418944
critical,9,unambiguous,short,object,nonfinal,8,6,the,7.001222610473633
critical,9,unambiguous,short,object,nonfinal,8,7,truck,7.868775844573975
critical,9,unambiguous,short,object,nonfinal,8,8,needed,7.923408508300781
critical,9,unambiguous,short,object,nonfinal,8,9,several,8.692570686340332
critical,9,unambiguous,short,object,nonfinal,8,10,more,3.192465782165528
critical,9,unambiguous,short,object,nonfinal,8,11,hours,2.397103786468506
critical,9,unambiguous,short,object,nonfinal,8,12,before,4.915343761444092
critical,9,unambiguous,short,object,nonfinal,8,13,it,0.6729048490524292
critical,9,unambiguous,short,object,nonfinal,8,14,was,0.9325367212295532
critical,9,unambiguous,short,object,nonfinal,8,15,ready.,4.746135115623474
critical,9,unambiguous,long,object,nonfinal,10,0,Because,22.145463943481445
critical,9,unambiguous,long,object,nonfinal,10,1,the,2.823267936706543
critical,9,unambiguous,long,object,nonfinal,10,2,mechanic,16.10219383239746
critical,9,unambiguous,long,object,nonfinal,10,3,stopped,10.97769546508789
critical,9,unambiguous,long,object,nonfinal,10,4,the,2.2169346809387207
critical,9,unambiguous,long,object,nonfinal,10,5,repairs,12.243486404418944
critical,9,unambiguous,long,object,nonfinal,10,6,the,7.001222610473633
critical,9,unambiguous,long,object,nonfinal,10,7,truck,7.868775844573975
critical,9,unambiguous,long,object,nonfinal,10,8,leaking,15.513908386230469
critical,9,unambiguous,long,object,nonfinal,10,9,oil,1.765139102935791
critical,9,unambiguous,long,object,nonfinal,10,10,needed,10.390830039978027
critical,9,unambiguous,long,object,nonfinal,10,11,several,8.878914833068848
critical,9,unambiguous,long,object,nonfinal,10,12,more,3.189777374267578
critical,9,unambiguous,long,object,nonfinal,10,13,hours,2.3596887588500977
critical,9,unambiguous,long,object,nonfinal,10,14,before,4.726534366607666
critical,9,unambiguous,long,object,nonfinal,10,15,it,0.8014143705368042
critical,9,unambiguous,long,object,nonfinal,10,16,was,1.4011894464492798
critical,9,unambiguous,long,object,nonfinal,10,17,ready.,6.136043906211853
critical,10,ambiguous,short,comma,nonfinal,6,0,When,17.062484741210938
critical,10,ambiguous,short,comma,nonfinal,6,1,the,3.2234294414520264
critical,10,ambiguous,short,comma,nonfinal,6,2,boy,9.963062286376951
critical,10,ambiguous,short,comma,nonfinal,6,3,hid,12.717437744140623
critical,10,ambiguous,short,comma,nonfinal,6,4,his,3.1345763206481934
critical,10,ambiguous,short,comma,nonfinal,6,5,toy,6.473794460296631
critical,10,ambiguous,short,comma,nonfinal,6,6,fell,19.919090270996094
critical,10,ambiguous,short,comma,nonfinal,6,7,off,4.314505577087402
critical,10,ambiguous,short,comma,nonfinal,6,8,the,1.060235857963562
critical,10,ambiguous,short,comma,nonfinal,6,9,table.,4.384360551834106
critical,10,ambiguous,long,comma,nonfinal,8,0,When,17.062484741210938
critical,10,ambiguous,long,comma,nonfinal,8,1,the,3.2234294414520264
critical,10,ambiguous,long,comma,nonfinal,8,2,boy,9.963062286376951
critical,10,ambiguous,long,comma,nonfinal,8,3,hid,12.717437744140623
critical,10,ambiguous,long,comma,nonfinal,8,4,his,3.1345763206481934
critical,10,ambiguous,long,comma,nonfinal,8,5,toy,6.473794460296631
critical,10,ambiguous,long,comma,nonfinal,8,6,from,5.241374969482422
critical,10,ambiguous,long,comma,nonfinal,8,7,childhood,17.62030029296875
critical,10,ambiguous,long,comma,nonfinal,8,8,fell,15.982604026794434
critical,10,ambiguous,long,comma,nonfinal,8,9,off,4.738804340362549
critical,10,ambiguous,long,comma,nonfinal,8,10,the,1.219147801399231
critical,10,ambiguous,long,comma,nonfinal,8,11,table.,8.949048280715942
critical,10,unambiguous,short,comma,nonfinal,6,0,When,17.062484741210938
critical,10,unambiguous,short,comma,nonfinal,6,1,the,3.2234294414520264
critical,10,unambiguous,short,comma,nonfinal,6,2,boy,9.963062286376951
critical,10,unambiguous,short,comma,nonfinal,6,3,"hid,",18.3836522102356
critical,10,unambiguous,short,comma,nonfinal,6,4,his,4.110317707061768
critical,10,unambiguous,short,comma,nonfinal,6,5,toy,9.38107681274414
critical,10,unambiguous,short,comma,nonfinal,6,6,fell,6.394678115844727
critical,10,unambiguous,short,comma,nonfinal,6,7,off,4.867131233215332
critical,10,unambiguous,short,comma,nonfinal,6,8,the,0.7178170680999756
critical,10,unambiguous,short,comma,nonfinal,6,9,table.,3.798761010169983
critical,10,unambiguous,long,comma,nonfinal,8,0,When,17.062484741210938
critical,10,unambiguous,long,comma,nonfinal,8,1,the,3.2234294414520264
critical,10,unambiguous,long,comma,nonfinal,8,2,boy,9.963062286376951
critical,10,unambiguous,long,comma,nonfinal,8,3,"hid,",18.3836522102356
critical,10,unambiguous,long,comma,nonfinal,8,4,his,4.110317707061768
critical,10,unambiguous,long,comma,nonfinal,8,5,toy,9.38107681274414
critical,10,unambiguous,long,comma,nonfinal,8,6,from,11.09836196899414
critical,10,unambiguous,long,comma,nonfinal,8,7,childhood,8.405888557434082
critical,10,unambiguous,long,comma,nonfinal,8,8,fell,5.7086944580078125
critical,10,unambiguous,long,comma,nonfinal,8,9,off,4.620235443115234
critical,10,unambiguous,long,comma,nonfinal,8,10,the,0.8957681655883789
critical,10,unambiguous,long,comma,nonfinal,8,11,table.,4.15789520740509
critical,11,ambiguous,short,comma,final,10,0,Whenever,22.71691131591797
critical,11,ambiguous,short,comma,final,10,1,the,3.643733739852905
critical,11,ambiguous,short,comma,final,10,2,wildlife,14.885496139526367
critical,11,ambiguous,short,comma,final,10,3,documentary,7.864586353302002
critical,11,ambiguous,short,comma,final,10,4,crew,7.034637928009033
critical,11,ambiguous,short,comma,final,10,5,tries,8.739093780517578
critical,11,ambiguous,short,comma,final,10,6,to,0.1017972156405448
critical,11,ambiguous,short,comma,final,10,7,film,1.952228665351868
critical,11,ambiguous,short,comma,final,10,8,the,2.553954839706421
critical,11,ambiguous,short,comma,final,10,9,bear,7.828425884246826
critical,11,ambiguous,short,comma,final,10,10,leaves.,19.654924392700195
critical,11,ambiguous,long,comma,final,12,0,Whenever,22.71691131591797
critical,11,ambiguous,long,comma,final,12,1,the,3.643733739852905
critical,11,ambiguous,long,comma,final,12,2,wildlife,14.885496139526367
critical,11,ambiguous,long,comma,final,12,3,documentary,7.864586353302002
critical,11,ambiguous,long,comma,final,12,4,crew,7.034637928009033
critical,11,ambiguous,long,comma,final,12,5,tries,8.739093780517578
critical,11,ambiguous,long,comma,final,12,6,to,0.1017972156405448
critical,11,ambiguous,long,comma,final,12,7,film,1.952228665351868
critical,11,ambiguous,long,comma,final,12,8,the,2.553954839706421
critical,11,ambiguous,long,comma,final,12,9,bear,7.828425884246826
critical,11,ambiguous,long,comma,final,12,10,hunting,7.759445667266846
critical,11,ambiguous,long,comma,final,12,11,cautiously,20.64426040649414
critical,11,ambiguous,long,comma,final,12,12,leaves.,18.688117504119877
critical,11,unambiguous,short,comma,final,10,0,Whenever,22.71691131591797
critical,11,unambiguous,short,comma,final,10,1,the,3.643733739852905
critical,11,unambiguous,short,comma,final,10,2,wildlife,14.885496139526367
critical,11,unambiguous,short,comma,final,10,3,documentary,7.864586353302002
critical,11,unambiguous,short,comma,final,10,4,crew,7.034637928009033
critical,11,unambiguous,short,comma,final,10,5,tries,8.739093780517578
critical,11,unambiguous,short,comma,final,10,6,to,0.1017972156405448
critical,11,unambiguous,short,comma,final,10,7,"film,",8.579237580299377
critical,11,unambiguous,short,comma,final,10,8,the,1.8340175151824951
critical,11,unambiguous,short,comma,final,10,9,bear,7.654080867767334
critical,11,unambiguous,short,comma,final,10,10,leaves.,11.560364246368408
critical,11,unambiguous,long,comma,final,12,0,Whenever,22.71691131591797
critical,11,unambiguous,long,comma,final,12,1,the,3.643733739852905
critical,11,unambiguous,long,comma,final,12,2,wildlife,14.885496139526367
critical,11,unambiguous,long,comma,final,12,3,documentary,7.864586353302002
critical,11,unambiguous,long,comma,final,12,4,crew,7.034637928009033
critical,11,unambiguous,long,comma,final,12,5,tries,8.739093780517578
critical,11,unambiguous,long,comma,final,12,6,to,0.1017972156405448
critical,11,unambiguous,long,comma,final,12,7,"film,",8.579237580299377
critical,11,unambiguous,long,comma,final,12,8,the,1.8340175151824951
critical,11,unambiguous,long,comma,final,12,9,bear,7.654080867767334
critical,11,unambiguous,long,comma,final,12,10,hunting,17.371780395507812
critical,11,unambiguous,long,comma,final,12,11,cautiously,18.76597213745117
critical,11,unambiguous,long,comma,final,12,12,leaves.,12.137800931930542
critical,12,ambiguous,short,object,nonfinal,6,0,After,18.82588195800781
critical,12,ambiguous,short,object,nonfinal,6,1,the,3.343434810638428
critical,12,ambiguous,short,object,nonfinal,6,2,tutor,17.85034942626953
critical,12,ambiguous,short,object,nonfinal,6,3,explained,7.59478759765625
critical,12,ambiguous,short,object,nonfinal,6,4,the,1.2467063665390017
critical,12,ambiguous,short,object,nonfinal,6,5,problem,3.467167377471924
critical,12,ambiguous,short,object,nonfinal,6,6,was,11.846270561218262
critical,12,ambiguous,short,object,nonfinal,6,7,no,9.408529281616213
critical,12,ambiguous,short,object,nonfinal,6,8,longer,1.3010294437408447
critical,12,ambiguous,short,object,nonfinal,6,9,difficult,4.832529544830322
critical,12,ambiguous,short,object,nonfinal,6,10,for,2.371800422668457
critical,12,ambiguous,short,object,nonfinal,6,11,the,3.81241226196289
critical,12,ambiguous,short,object,nonfinal,6,12,student.,3.902323603630066
critical,12,ambiguous,long,object,nonfinal,9,0,After,18.82588195800781
critical,12,ambiguous,long,object,nonfinal,9,1,the,3.343434810638428
critical,12,ambiguous,long,object,nonfinal,9,2,tutor,17.85034942626953
critical,12,ambiguous,long,object,nonfinal,9,3,explained,7.59478759765625
critical,12,ambiguous,long,object,nonfinal,9,4,the,1.2467063665390017
critical,12,ambiguous,long,object,nonfinal,9,5,problem,3.467167377471924
critical,12,ambiguous,long,object,nonfinal,9,6,for,7.716363430023193
critical,12,ambiguous,long,object,nonfinal,9,7,extra,14.127347946166992
critical,12,ambiguous,long,object,nonfinal,9,8,credit,0.5374801754951477
critical,12,ambiguous,long,object,nonfinal,9,9,was,12.126825332641602
critical,12,ambiguous,long,object,nonfinal,9,10,no,9.04065990447998
critical,12,ambiguous,long,object,nonfinal,9,11,longer,0.5364702939987183
critical,12,ambiguous,long,object,nonfinal,9,12,difficult,5.73944902420044
critical,12,ambiguous,long,object,nonfinal,9,13,for,2.937213182449341
critical,12,ambiguous,long,object,nonfinal,9,14,the,3.4533071517944336
critical,12,ambiguous,long,object,nonfinal,9,15,student.,3.6004552841186523
critical,12,unambiguous,short,object,nonfinal,8,0,After,18.82588195800781
critical,12,unambiguous,short,object,nonfinal,8,1,the,3.343434810638428
critical,12,unambiguous,short,object,nonfinal,8,2,tutor,17.85034942626953
critical,12,unambiguous,short,object,nonfinal,8,3,explained,7.59478759765625
critical,12,unambiguous,short,object,nonfinal,8,4,the,1.2467063665390017
critical,12,unambiguous,short,object,nonfinal,8,5,concepts,6.027427673339844
critical,12,unambiguous,short,object,nonfinal,8,6,the,8.806568145751953
critical,12,unambiguous,short,object,nonfinal,8,7,problem,7.274542808532715
critical,12,unambiguous,short,object,nonfinal,8,8,was,1.570346117019653
critical,12,unambiguous,short,object,nonfinal,8,9,no,6.121339797973633
critical,12,unambiguous,short,object,nonfinal,8,10,longer,0.291509211063385
critical,12,unambiguous,short,object,nonfinal,8,11,difficult,2.609264373779297
critical,12,unambiguous,short,object,nonfinal,8,12,for,3.9087088108062735
critical,12,unambiguous,short,object,nonfinal,8,13,the,2.6133148670196533
critical,12,unambiguous,short,object,nonfinal,8,14,student.,2.074319869279861
critical,12,unambiguous,long,object,nonfinal,11,0,After,18.82588195800781
critical,12,unambiguous,long,object,nonfinal,11,1,the,3.343434810638428
critical,12,unambiguous,long,object,nonfinal,11,2,tutor,17.85034942626953
critical,12,unambiguous,long,object,nonfinal,11,3,explained,7.59478759765625
critical,12,unambiguous,long,object,nonfinal,11,4,the,1.2467063665390017
critical,12,unambiguous,long,object,nonfinal,11,5,concepts,6.027427673339844
critical,12,unambiguous,long,object,nonfinal,11,6,the,8.806568145751953
critical,12,unambiguous,long,object,nonfinal,11,7,problem,7.274542808532715
critical,12,unambiguous,long,object,nonfinal,11,8,for,9.292344093322754
critical,12,unambiguous,long,object,nonfinal,11,9,extra,10.627185821533203
critical,12,unambiguous,long,object,nonfinal,11,10,credit,0.5920454859733582
critical,12,unambiguous,long,object,nonfinal,11,11,was,1.1481010913848877
critical,12,unambiguous,long,object,nonfinal,11,12,no,9.616353034973145
critical,12,unambiguous,long,object,nonfinal,11,13,longer,0.7246275544166565
critical,12,unambiguous,long,object,nonfinal,11,14,difficult,3.7454230785369873
critical,12,unambiguous,long,object,nonfinal,11,15,for,3.4713680744171143
critical,12,unambiguous,long,object,nonfinal,11,16,the,2.52919602394104
critical,12,unambiguous,long,object,nonfinal,11,17,student.,2.869794607162476
critical,13,ambiguous,short,object,final,7,0,When,17.062484741210938
critical,13,ambiguous,short,object,final,7,1,the,3.2234294414520264
critical,13,ambiguous,short,object,final,7,2,original,8.912970542907715
critical,13,ambiguous,short,object,final,7,3,members,10.900020599365234
critical,13,ambiguous,short,object,final,7,4,left,6.425486564636231
critical,13,ambiguous,short,object,final,7,5,the,1.8348897695541384
critical,13,ambiguous,short,object,final,7,6,company,5.505585670471191
critical,13,ambiguous,short,object,final,7,7,failed.,20.143295288085938
critical,13,ambiguous,long,object,final,11,0,When,17.062484741210938
critical,13,ambiguous,long,object,final,11,1,the,3.2234294414520264
critical,13,ambiguous,long,object,final,11,2,original,8.912970542907715
critical,13,ambiguous,long,object,final,11,3,members,10.900020599365234
critical,13,ambiguous,long,object,final,11,4,left,6.425486564636231
critical,13,ambiguous,long,object,final,11,5,the,1.8348897695541384
critical,13,ambiguous,long,object,final,11,6,company,5.505585670471191
critical,13,ambiguous,long,object,final,11,7,that,8.004911422729492
critical,13,ambiguous,long,object,final,11,8,was,3.2759008407592773
critical,13,ambiguous,long,object,final,11,9,recently,10.508376121520996
critical,13,ambiguous,long,object,final,11,10,acquired,2.17004132270813
critical,13,ambiguous,long,object,final,11,11,failed.,27.29752826690674
critical,13,unambiguous,short,object,final,10,0,When,17.062484741210938
critical,13,unambiguous,short,object,final,10,1,the,3.2234294414520264
critical,13,unambiguous,short,object,final,10,2,original,8.912970542907715
critical,13,unambiguous,short,object,final,10,3,members,10.900020599365234
critical,13,unambiguous,short,object,final,10,4,left,6.425486564636231
critical,13,unambiguous,short,object,final,10,5,the,1.8348897695541384
critical,13,unambiguous,short,object,final,10,6,engineering,15.189335823059082
critical,13,unambiguous,short,object,final,10,7,team,4.513113498687744
critical,13,unambiguous,short,object,final,10,8,the,7.465682983398437
critical,13,unambiguous,short,object,final,10,9,company,4.766711235046387
critical,13,unambiguous,short,object,final,10,10,failed.,11.474522829055786
critical,13,unambiguous,long,object,final,14,0,When,17.062484741210938
critical,13,unambiguous,long,object,final,14,1,the,3.2234294414520264
critical,13,unambiguous,long,object,final,14,2,original,8.912970542907715
critical,13,unambiguous,long,object,final,14,3,members,10.900020599365234
critical,13,unambiguous,long,object,final,14,4,left,6.425486564636231
critical,13,unambiguous,long,object,final,14,5,the,1.8348897695541384
critical,13,unambiguous,long,object,final,14,6,engineering,15.189335823059082
critical,13,unambiguous,long,object,final,14,7,team,4.513113498687744
critical,13,unambiguous,long,object,final,14,8,the,7.465682983398437
critical,13,unambiguous,long,object,final,14,9,company,4.766711235046387
critical,13,unambiguous,long,object,final,14,10,that,8.876357078552246
critical,13,unambiguous,long,object,final,14,11,was,3.8372864723205566
critical,13,unambiguous,long,object,final,14,12,recently,10.831207275390623
critical,13,unambiguous,long,object,final,14,13,acquired,2.0063579082489014
critical,13,unambiguous,long,object,final,14,14,failed.,15.297397136688232
critical,14,ambiguous,short,object,nonfinal,6,0,Because,22.145463943481445
critical,14,ambiguous,short,object,nonfinal,6,1,the,2.823267936706543
critical,14,ambiguous,short,object,nonfinal,6,2,student,11.334567070007324
critical,14,ambiguous,short,object,nonfinal,6,3,left,11.324810028076172
critical,14,ambiguous,short,object,nonfinal,6,4,the,1.953439474105835
critical,14,ambiguous,short,object,nonfinal,6,5,backpack,11.250471115112305
critical,14,ambiguous,short,object,nonfinal,6,6,was,12.044729232788086
critical,14,ambiguous,short,object,nonfinal,6,7,put,8.137048721313477
critical,14,ambiguous,short,object,nonfinal,6,8,in,1.7357947826385498
critical,14,ambiguous,short,object,nonfinal,6,9,lost,8.48658275604248
critical,14,ambiguous,short,object,nonfinal,6,10,and,0.2145875692367553
critical,14,ambiguous,short,object,nonfinal,6,11,found.,3.533561132848263
critical,14,ambiguous,long,object,nonfinal,9,0,Because,22.145463943481445
critical,14,ambiguous,long,object,nonfinal,9,1,the,2.823267936706543
critical,14,ambiguous,long,object,nonfinal,9,2,student,11.334567070007324
critical,14,ambiguous,long,object,nonfinal,9,3,left,11.324810028076172
critical,14,ambiguous,long,object,nonfinal,9,4,the,1.953439474105835
critical,14,ambiguous,long,object,nonfinal,9,5,backpack,11.250471115112305
critical,14,ambiguous,long,object,nonfinal,9,6,he,9.327813148498535
critical,14,ambiguous,long,object,nonfinal,9,7,just,8.734273910522461
critical,14,ambiguous,long,object,nonfinal,9,8,bought,3.795420408248901
critical,14,ambiguous,long,object,nonfinal,9,9,was,9.902533531188965
critical,14,ambiguous,long,object,nonfinal,9,10,put,8.332530975341797
critical,14,ambiguous,long,object,nonfinal,9,11,in,1.8166183233261108
critical,14,ambiguous,long,object,nonfinal,9,12,lost,8.937884330749512
critical,14,ambiguous,long,object,nonfinal,9,13,and,0.1940239518880844
critical,14,ambiguous,long,object,nonfinal,9,14,found.,3.5503576174378395
critical,14,unambiguous,short,object,nonfinal,8,0,Because,22.145463943481445
critical,14,unambiguous,short,object,nonfinal,8,1,the,2.823267936706543
critical,14,unambiguous,short,object,nonfinal,8,2,student,11.334567070007324
critical,14,unambiguous,short,object,nonfinal,8,3,left,11.324810028076172
critical,14,unambiguous,short,object,nonfinal,8,4,the,1.953439474105835
critical,14,unambiguous,short,object,nonfinal,8,5,room,4.00785493850708
critical,14,unambiguous,short,object,nonfinal,8,6,the,6.726541519165039
critical,14,unambiguous,short,object,nonfinal,8,7,backpack,13.309439659118652
critical,14,unambiguous,short,object,nonfinal,8,8,was,1.2326340675354004
critical,14,unambiguous,short,object,nonfinal,8,9,put,7.651246547698975
critical,14,unambiguous,short,object,nonfinal,8,10,in,1.944633960723877
critical,14,unambiguous,short,object,nonfinal,8,11,lost,11.48678207397461
critical,14,unambiguous,short,object,nonfinal,8,12,and,0.5755034685134888
critical,14,unambiguous,short,object,nonfinal,8,13,found.,3.0833407044410706
critical,14,unambiguous,long,object,nonfinal,11,0,Because,22.145463943481445
critical,14,unambiguous,long,object,nonfinal,11,1,the,2.823267936706543
critical,14,unambiguous,long,object,nonfinal,11,2,student,11.334567070007324
critical,14,unambiguous,long,object,nonfinal,11,3,left,11.324810028076172
critical,14,unambiguous,long,object,nonfinal,11,4,the,1.953439474105835
critical,14,unambiguous,long,object,nonfinal,11,5,room,4.00785493850708
critical,14,unambiguous,long,object,nonfinal,11,6,the,6.726541519165039
critical,14,unambiguous,long,object,nonfinal,11,7,backpack,13.309439659118652
critical,14,unambiguous,long,object,nonfinal,11,8,he,9.246715545654297
critical,14,unambiguous,long,object,nonfinal,11,9,just,8.387179374694824
critical,14,unambiguous,long,object,nonfinal,11,10,bought,3.331240653991699
critical,14,unambiguous,long,object,nonfinal,11,11,was,1.58057701587677
critical,14,unambiguous,long,object,nonfinal,11,12,put,8.871588706970215
critical,14,unambiguous,long,object,nonfinal,11,13,in,2.2023684978485107
critical,14,unambiguous,long,object,nonfinal,11,14,lost,11.960949897766112
critical,14,unambiguous,long,object,nonfinal,11,15,and,0.2016957551240921
critical,14,unambiguous,long,object,nonfinal,11,16,found.,2.6087745875120163
critical,15,ambiguous,short,object,nonfinal,7,0,Once,20.48319435119629
critical,15,ambiguous,short,object,nonfinal,7,1,the,2.8843789100646973
critical,15,ambiguous,short,object,nonfinal,7,2,new,6.906153202056885
critical,15,ambiguous,short,object,nonfinal,7,3,assistant,12.67985725402832
critical,15,ambiguous,short,object,nonfinal,7,4,started,12.209553718566896
critical,15,ambiguous,short,object,nonfinal,7,5,the,6.958649158477783
critical,15,ambiguous,short,object,nonfinal,7,6,job,2.965024948120117
critical,15,ambiguous,short,object,nonfinal,7,7,became,14.750389099121094
critical,15,ambiguous,short,object,nonfinal,7,8,much,3.521838665008545
critical,15,ambiguous,short,object,nonfinal,7,9,easier,0.8562066555023193
critical,15,ambiguous,short,object,nonfinal,7,10,for,3.817862033843994
critical,15,ambiguous,short,object,nonfinal,7,11,her,4.9094743728637695
critical,15,ambiguous,short,object,nonfinal,7,12,boss.,7.713043689727783
critical,15,ambiguous,long,object,nonfinal,11,0,Once,20.48319435119629
critical,15,ambiguous,long,object,nonfinal,11,1,the,2.8843789100646973
critical,15,ambiguous,long,object,nonfinal,11,2,new,6.906153202056885
critical,15,ambiguous,long,object,nonfinal,11,3,assistant,12.67985725402832
critical,15,ambiguous,long,object,nonfinal,11,4,started,12.209553718566896
critical,15,ambiguous,long,object,nonfinal,11,5,the,6.958649158477783
critical,15,ambiguous,long,object,nonfinal,11,6,job,2.965024948120117
critical,15,ambiguous,long,object,nonfinal,11,7,as,7.835441589355469
critical,15,ambiguous,long,object,nonfinal,11,8,an,3.540210485458374
critical,15,ambiguous,long,object,nonfinal,11,9,executive,5.240501403808594
critical,15,ambiguous,long,object,nonfinal,11,10,manager,9.275589942932127
critical,15,ambiguous,long,object,nonfinal,11,11,became,16.03927230834961
critical,15,ambiguous,long,object,nonfinal,11,12,much,6.65512752532959
critical,15,ambiguous,long,object,nonfinal,11,13,easier,1.3319767713546753
critical,15,ambiguous,long,object,nonfinal,11,14,for,4.192348003387451
critical,15,ambiguous,long,object,nonfinal,11,15,her,3.834382057189941
critical,15,ambiguous,long,object,nonfinal,11,16,boss.,8.62749445438385
critical,15,unambiguous,short,object,nonfinal,8,0,Once,20.48319435119629
critical,15,unambiguous,short,object,nonfinal,8,1,the,2.8843789100646973
critical,15,unambiguous,short,object,nonfinal,8,2,new,6.906153202056885
critical,15,unambiguous,short,object,nonfinal,8,3,assistant,12.67985725402832
critical,15,unambiguous,short,object,nonfinal,8,4,started,12.209553718566896
critical,15,unambiguous,short,object,nonfinal,8,5,work,2.99387526512146
critical,15,unambiguous,short,object,nonfinal,8,6,the,5.5929155349731445
critical,15,unambiguous,short,object,nonfinal,8,7,job,8.502851486206055
critical,15,unambiguous,short,object,nonfinal,8,8,became,3.0177135467529297
critical,15,unambiguous,short,object,nonfinal,8,9,much,2.7684926986694336
critical,15,unambiguous,short,object,nonfinal,8,10,easier,0.5808253288269043
critical,15,unambiguous,short,object,nonfinal,8,11,for,3.233097791671753
critical,15,unambiguous,short,object,nonfinal,8,12,her,5.150954723358154
critical,15,unambiguous,short,object,nonfinal,8,13,boss.,7.65130877494812
critical,15,unambiguous,long,object,nonfinal,12,0,Once,20.48319435119629
critical,15,unambiguous,long,object,nonfinal,12,1,the,2.8843789100646973
critical,15,unambiguous,long,object,nonfinal,12,2,new,6.906153202056885
critical,15,unambiguous,long,object,nonfinal,12,3,assistant,12.67985725402832
critical,15,unambiguous,long,object,nonfinal,12,4,started,12.209553718566896
critical,15,unambiguous,long,object,nonfinal,12,5,work,2.99387526512146
critical,15,unambiguous,long,object,nonfinal,12,6,the,5.5929155349731445
critical,15,unambiguous,long,object,nonfinal,12,7,job,8.502851486206055
critical,15,unambiguous,long,object,nonfinal,12,8,as,10.546137809753418
critical,15,unambiguous,long,object,nonfinal,12,9,an,4.455368995666504
critical,15,unambiguous,long,object,nonfinal,12,10,executive,6.2664713859558105
critical,15,unambiguous,long,object,nonfinal,12,11,manager,10.1207914352417
critical,15,unambiguous,long,object,nonfinal,12,12,became,2.226384162902832
critical,15,unambiguous,long,object,nonfinal,12,13,much,4.282927989959717
critical,15,unambiguous,long,object,nonfinal,12,14,easier,1.4254610538482666
critical,15,unambiguous,long,object,nonfinal,12,15,for,2.953431844711304
critical,15,unambiguous,long,object,nonfinal,12,16,her,4.277629375457764
critical,15,unambiguous,long,object,nonfinal,12,17,boss.,8.645070910453796
critical,16,ambiguous,short,object,nonfinal,8,0,When,17.062484741210938
critical,16,ambiguous,short,object,nonfinal,8,1,the,3.2234294414520264
critical,16,ambiguous,short,object,nonfinal,8,2,magician,14.032463073730469
critical,16,ambiguous,short,object,nonfinal,8,3,tried,10.061819076538086
critical,16,ambiguous,short,object,nonfinal,8,4,to,0.1303160637617111
critical,16,ambiguous,short,object,nonfinal,8,5,juggle,10.144846254959702
critical,16,ambiguous,short,object,nonfinal,8,6,the,3.078223943710327
critical,16,ambiguous,short,object,nonfinal,8,7,torches,5.9289257526397705
critical,16,ambiguous,short,object,nonfinal,8,8,fell,18.92103385925293
critical,16,ambiguous,short,object,nonfinal,8,9,down.,6.150403499603272
critical,16,ambiguous,long,object,nonfinal,10,0,When,17.062484741210938
critical,16,ambiguous,long,object,nonfinal,10,1,the,3.2234294414520264
critical,16,ambiguous,long,object,nonfinal,10,2,magician,14.032463073730469
critical,16,ambiguous,long,object,nonfinal,10,3,tried,10.061819076538086
critical,16,ambiguous,long,object,nonfinal,10,4,to,0.1303160637617111
critical,16,ambiguous,long,object,nonfinal,10,5,juggle,10.144846254959702
critical,16,ambiguous,long,object,nonfinal,10,6,the,3.078223943710327
critical,16,ambiguous,long,object,nonfinal,10,7,torches,5.9289257526397705
critical,16,ambiguous,long,object,nonfinal,10,8,burning,11.247389793395996
critical,16,ambiguous,long,object,nonfinal,10,9,dangerously,12.673766136169434
critical,16,ambiguous,long,object,nonfinal,10,10,fell,18.87624740600586
critical,16,ambiguous,long,object,nonfinal,10,11,down.,7.331171751022339
critical,16,unambiguous,short,object,nonfinal,10,0,When,17.062484741210938
critical,16,unambiguous,short,object,nonfinal,10,1,the,3.2234294414520264
critical,16,unambiguous,short,object,nonfinal,10,2,magician,14.032463073730469
critical,16,unambiguous,short,object,nonfinal,10,3,tried,10.061819076538086
critical,16,unambiguous,short,object,nonfinal,10,4,to,0.1303160637617111
critical,16,unambiguous,short,object,nonfinal,10,5,juggle,10.144846254959702
critical,16,unambiguous,short,object,nonfinal,10,6,more,6.422002792358398
critical,16,unambiguous,short,object,nonfinal,10,7,items,8.743008613586426
critical,16,unambiguous,short,object,nonfinal,10,8,the,7.27826452255249
critical,16,unambiguous,short,object,nonfinal,10,9,torches,11.474225163459778
critical,16,unambiguous,short,object,nonfinal,10,10,fell,3.0706429481506348
critical,16,unambiguous,short,object,nonfinal,10,11,down.,5.327300310134888
critical,16,unambiguous,long,object,nonfinal,12,0,When,17.062484741210938
critical,16,unambiguous,long,object,nonfinal,12,1,the,3.2234294414520264
critical,16,unambiguous,long,object,nonfinal,12,2,magician,14.032463073730469
critical,16,unambiguous,long,object,nonfinal,12,3,tried,10.061819076538086
critical,16,unambiguous,long,object,nonfinal,12,4,to,0.1303160637617111
critical,16,unambiguous,long,object,nonfinal,12,5,juggle,10.144846254959702
critical,16,unambiguous,long,object,nonfinal,12,6,more,6.422002792358398
critical,16,unambiguous,long,object,nonfinal,12,7,items,8.743008613586426
critical,16,unambiguous,long,object,nonfinal,12,8,the,7.27826452255249
critical,16,unambiguous,long,object,nonfinal,12,9,torches,11.474225163459778
critical,16,unambiguous,long,object,nonfinal,12,10,burning,10.167295455932615
critical,16,unambiguous,long,object,nonfinal,12,11,dangerously,12.07636260986328
critical,16,unambiguous,long,object,nonfinal,12,12,fell,11.92896556854248
critical,16,unambiguous,long,object,nonfinal,12,13,down.,7.108024835586548
critical,17,ambiguous,short,comma,nonfinal,8,0,When,17.062484741210938
critical,17,ambiguous,short,comma,nonfinal,8,1,the,3.2234294414520264
critical,17,ambiguous,short,comma,nonfinal,8,2,marathon,15.52888011932373
critical,17,ambiguous,short,comma,nonfinal,8,3,runner,4.505721092224121
critical,17,ambiguous,short,comma,nonfinal,8,4,finally,7.961124897003174
critical,17,ambiguous,short,comma,nonfinal,8,5,stopped,6.568928241729736
critical,17,ambiguous,short,comma,nonfinal,8,6,his,5.760068893432617
critical,17,ambiguous,short,comma,nonfinal,8,7,friend,13.051548957824709
critical,17,ambiguous,short,comma,nonfinal,8,8,collapsed,13.781675338745115
critical,17,ambiguous,short,comma,nonfinal,8,9,from,5.721964359283447
critical,17,ambiguous,short,comma,nonfinal,8,10,exhaustion.,3.2032896280288696
critical,17,ambiguous,long,comma,nonfinal,10,0,When,17.062484741210938
critical,17,ambiguous,long,comma,nonfinal,10,1,the,3.2234294414520264
critical,17,ambiguous,long,comma,nonfinal,10,2,marathon,15.52888011932373
critical,17,ambiguous,long,comma,nonfinal,10,3,runner,4.505721092224121
critical,17,ambiguous,long,comma,nonfinal,10,4,finally,7.961124897003174
critical,17,ambiguous,long,comma,nonfinal,10,5,stopped,6.568928241729736
critical,17,ambiguous,long,comma,nonfinal,10,6,his,5.760068893432617
critical,17,ambiguous,long,comma,nonfinal,10,7,friend,13.051548957824709
critical,17,ambiguous,long,comma,nonfinal,10,8,sweating,18.050512313842773
critical,17,ambiguous,long,comma,nonfinal,10,9,profusely,4.401861717458814
critical,17,ambiguous,long,comma,nonfinal,10,10,collapsed,10.271507263183594
critical,17,ambiguous,long,comma,nonfinal,10,11,from,6.7524261474609375
critical,17,ambiguous,long,comma,nonfinal,10,12,exhaustion.,3.5743690729141235
critical,17,unambiguous,short,comma,nonfinal,8,0,When,17.062484741210938
critical,17,unambiguous,short,comma,nonfinal,8,1,the,3.2234294414520264
critical,17,unambiguous,short,comma,nonfinal,8,2,marathon,15.52888011932373
critical,17,unambiguous,short,comma,nonfinal,8,3,runner,4.505721092224121
critical,17,unambiguous,short,comma,nonfinal,8,4,finally,7.961124897003174
critical,17,unambiguous,short,comma,nonfinal,8,5,"stopped,",8.855887413024902
critical,17,unambiguous,short,comma,nonfinal,8,6,his,3.8893656730651855
critical,17,unambiguous,short,comma,nonfinal,8,7,friend,7.544061660766602
critical,17,unambiguous,short,comma,nonfinal,8,8,collapsed,12.883606910705566
critical,17,unambiguous,short,comma,nonfinal,8,9,from,5.536864280700684
critical,17,unambiguous,short,comma,nonfinal,8,10,exhaustion.,2.526826858520508
critical,17,unambiguous,long,comma,nonfinal,10,0,When,17.062484741210938
critical,17,unambiguous,long,comma,nonfinal,10,1,the,3.2234294414520264
critical,17,unambiguous,long,comma,nonfinal,10,2,marathon,15.52888011932373
critical,17,unambiguous,long,comma,nonfinal,10,3,runner,4.505721092224121
critical,17,unambiguous,long,comma,nonfinal,10,4,finally,7.961124897003174
critical,17,unambiguous,long,comma,nonfinal,10,5,"stopped,",8.855887413024902
critical,17,unambiguous,long,comma,nonfinal,10,6,his,3.8893656730651855
critical,17,unambiguous,long,comma,nonfinal,10,7,friend,7.544061660766602
critical,17,unambiguous,long,comma,nonfinal,10,8,sweating,21.100210189819336
critical,17,unambiguous,long,comma,nonfinal,10,9,profusely,2.9162850363645703
critical,17,unambiguous,long,comma,nonfinal,10,10,collapsed,10.189044952392578
critical,17,unambiguous,long,comma,nonfinal,10,11,from,5.450284481048584
critical,17,unambiguous,long,comma,nonfinal,10,12,exhaustion.,2.642044186592102
critical,18,ambiguous,short,comma,nonfinal,7,0,While,18.734678268432617
critical,18,ambiguous,short,comma,nonfinal,7,1,the,2.002535820007324
critical,18,ambiguous,short,comma,nonfinal,7,2,martial,17.212446212768555
critical,18,ambiguous,short,comma,nonfinal,7,3,artists,5.055591106414795
critical,18,ambiguous,short,comma,nonfinal,7,4,fought,8.000687599182129
critical,18,ambiguous,short,comma,nonfinal,7,5,the,4.292202472686768
critical,18,ambiguous,short,comma,nonfinal,7,6,spectator,16.41623878479004
critical,18,ambiguous,short,comma,nonfinal,7,7,supported,14.606274604797363
critical,18,ambiguous,short,comma,nonfinal,7,8,the,2.712801456451416
critical,18,ambiguous,short,comma,nonfinal,7,9,underdog.,9.603414863348007
critical,18,ambiguous,long,comma,nonfinal,9,0,While,18.734678268432617
critical,18,ambiguous,long,comma,nonfinal,9,1,the,2.002535820007324
critical,18,ambiguous,long,comma,nonfinal,9,2,martial,17.212446212768555
critical,18,ambiguous,long,comma,nonfinal,9,3,artists,5.055591106414795
critical,18,ambiguous,long,comma,nonfinal,9,4,fought,8.000687599182129
critical,18,ambiguous,long,comma,nonfinal,9,5,the,4.292202472686768
critical,18,ambiguous,long,comma,nonfinal,9,6,spectator,16.41623878479004
critical,18,ambiguous,long,comma,nonfinal,9,7,cheering,14.199525833129885
critical,18,ambiguous,long,comma,nonfinal,9,8,enthusiastically,9.660273551940918
critical,18,ambiguous,long,comma,nonfinal,9,9,supported,12.106374740600586
critical,18,ambiguous,long,comma,nonfinal,9,10,the,1.8678251504898071
critical,18,ambiguous,long,comma,nonfinal,9,11,underdog.,14.550615638494492
critical,18,unambiguous,short,comma,nonfinal,7,0,While,18.734678268432617
critical,18,unambiguous,short,comma,nonfinal,7,1,the,2.002535820007324
critical,18,unambiguous,short,comma,nonfinal,7,2,martial,17.212446212768555
critical,18,unambiguous,short,comma,nonfinal,7,3,artists,5.055591106414795
critical,18,unambiguous,short,comma,nonfinal,7,4,"fought,",9.150659918785095
critical,18,unambiguous,short,comma,nonfinal,7,5,the,2.022531032562256
critical,18,unambiguous,short,comma,nonfinal,7,6,spectator,12.182758331298828
critical,18,unambiguous,short,comma,nonfinal,7,7,supported,14.479241371154783
critical,18,unambiguous,short,comma,nonfinal,7,8,the,2.10929012298584
critical,18,unambiguous,short,comma,nonfinal,7,9,underdog.,11.950891062617302
critical,18,unambiguous,long,comma,nonfinal,9,0,While,18.734678268432617
critical,18,unambiguous,long,comma,nonfinal,9,1,the,2.002535820007324
critical,18,unambiguous,long,comma,nonfinal,9,2,martial,17.212446212768555
critical,18,unambiguous,long,comma,nonfinal,9,3,artists,5.055591106414795
critical,18,unambiguous,long,comma,nonfinal,9,4,"fought,",9.150659918785095
critical,18,unambiguous,long,comma,nonfinal,9,5,the,2.022531032562256
critical,18,unambiguous,long,comma,nonfinal,9,6,spectator,12.182758331298828
critical,18,unambiguous,long,comma,nonfinal,9,7,cheering,14.55848789215088
critical,18,unambiguous,long,comma,nonfinal,9,8,enthusiastically,12.071932792663574
critical,18,unambiguous,long,comma,nonfinal,9,9,supported,9.772693634033203
critical,18,unambiguous,long,comma,nonfinal,9,10,the,2.0190858840942383
critical,18,unambiguous,long,comma,nonfinal,9,11,underdog.,11.311949402093887
critical,19,ambiguous,short,object,final,6,0,When,17.062484741210938
critical,19,ambiguous,short,object,final,6,1,the,3.2234294414520264
critical,19,ambiguous,short,object,final,6,2,band,10.61717700958252
critical,19,ambiguous,short,object,final,6,3,left,7.166870594024658
critical,19,ambiguous,short,object,final,6,4,the,1.9782049655914309
critical,19,ambiguous,short,object,final,6,5,venue,7.4803290367126465
critical,19,ambiguous,short,object,final,6,6,closed.,23.083266735076904
critical,19,ambiguous,long,object,final,9,0,When,17.062484741210938
critical,19,ambiguous,long,object,final,9,1,the,3.2234294414520264
critical,19,ambiguous,long,object,final,9,2,band,10.61717700958252
critical,19,ambiguous,long,object,final,9,3,left,7.166870594024658
critical,19,ambiguous,long,object,final,9,4,the,1.9782049655914309
critical,19,ambiguous,long,object,final,9,5,venue,7.4803290367126465
critical,19,ambiguous,long,object,final,9,6,with,6.685694217681885
critical,19,ambiguous,long,object,final,9,7,live,11.53874969482422
critical,19,ambiguous,long,object,final,9,8,music,3.6423957347869873
critical,19,ambiguous,long,object,final,9,9,closed.,25.53726577758789
critical,19,unambiguous,short,object,final,8,0,When,17.062484741210938
critical,19,unambiguous,short,object,final,8,1,the,3.2234294414520264
critical,19,unambiguous,short,object,final,8,2,band,10.61717700958252
critical,19,unambiguous,short,object,final,8,3,left,7.166870594024658
critical,19,unambiguous,short,object,final,8,4,the,1.9782049655914309
critical,19,unambiguous,short,object,final,8,5,stage,1.5797404050827026
critical,19,unambiguous,short,object,final,8,6,the,5.5524091720581055
critical,19,unambiguous,short,object,final,8,7,venue,9.163382530212402
critical,19,unambiguous,short,object,final,8,8,closed.,12.610831260681152
critical,19,unambiguous,long,object,final,11,0,When,17.062484741210938
critical,19,unambiguous,long,object,final,11,1,the,3.2234294414520264
critical,19,unambiguous,long,object,final,11,2,band,10.61717700958252
critical,19,unambiguous,long,object,final,11,3,left,7.166870594024658
critical,19,unambiguous,long,object,final,11,4,the,1.9782049655914309
critical,19,unambiguous,long,object,final,11,5,stage,1.5797404050827026
critical,19,unambiguous,long,object,final,11,6,the,5.5524091720581055
critical,19,unambiguous,long,object,final,11,7,venue,9.163382530212402
critical,19,unambiguous,long,object,final,11,8,with,13.161924362182615
critical,19,unambiguous,long,object,final,11,9,live,10.232768058776855
critical,19,unambiguous,long,object,final,11,10,music,0.7583664655685425
critical,19,unambiguous,long,object,final,11,11,closed.,9.819734811782835
critical,20,ambiguous,short,comma,nonfinal,6,0,After,18.82588195800781
critical,20,ambiguous,short,comma,nonfinal,6,1,the,3.343434810638428
critical,20,ambiguous,short,comma,nonfinal,6,2,customer,12.845625877380373
critical,20,ambiguous,short,comma,nonfinal,6,3,emailed,15.137470245361328
critical,20,ambiguous,short,comma,nonfinal,6,4,the,3.960643529891968
critical,20,ambiguous,short,comma,nonfinal,6,5,company,4.7381744384765625
critical,20,ambiguous,short,comma,nonfinal,6,6,responded,19.034128189086918
critical,20,ambiguous,short,comma,nonfinal,6,7,quickly.,7.698044061660767
critical,20,ambiguous,long,comma,nonfinal,9,0,After,18.82588195800781
critical,20,ambiguous,long,comma,nonfinal,9,1,the,3.343434810638428
critical,20,ambiguous,long,comma,nonfinal,9,2,customer,12.845625877380373
critical,20,ambiguous,long,comma,nonfinal,9,3,emailed,15.137470245361328
critical,20,ambiguous,long,comma,nonfinal,9,4,the,3.960643529891968
critical,20,ambiguous,long,comma,nonfinal,9,5,company,4.7381744384765625
critical,20,ambiguous,long,comma,nonfinal,9,6,providing,12.505678176879885
critical,20,ambiguous,long,comma,nonfinal,9,7,phone,12.486251831054688
critical,20,ambiguous,long,comma,nonfinal,9,8,service,7.002185344696045
critical,20,ambiguous,long,comma,nonfinal,9,9,responded,18.920806884765625
critical,20,ambiguous,long,comma,nonfinal,9,10,quickly.,8.896106719970703
critical,20,unambiguous,short,comma,nonfinal,6,0,After,18.82588195800781
critical,20,unambiguous,short,comma,nonfinal,6,1,the,3.343434810638428
critical,20,unambiguous,short,comma,nonfinal,6,2,customer,12.845625877380373
critical,20,unambiguous,short,comma,nonfinal,6,3,"emailed,",19.41839075088501
critical,20,unambiguous,short,comma,nonfinal,6,4,the,3.28247332572937
critical,20,unambiguous,short,comma,nonfinal,6,5,company,4.547269344329834
critical,20,unambiguous,short,comma,nonfinal,6,6,responded,4.347585201263428
critical,20,unambiguous,short,comma,nonfinal,6,7,quickly.,7.213683128356934
critical,20,unambiguous,long,comma,nonfinal,9,0,After,18.82588195800781
critical,20,unambiguous,long,comma,nonfinal,9,1,the,3.343434810638428
critical,20,unambiguous,long,comma,nonfinal,9,2,customer,12.845625877380373
critical,20,unambiguous,long,comma,nonfinal,9,3,"emailed,",19.41839075088501
critical,20,unambiguous,long,comma,nonfinal,9,4,the,3.28247332572937
critical,20,unambiguous,long,comma,nonfinal,9,5,company,4.547269344329834
critical,20,unambiguous,long,comma,nonfinal,9,6,providing,17.07237434387207
critical,20,unambiguous,long,comma,nonfinal,9,7,phone,10.658586502075195
critical,20,unambiguous,long,comma,nonfinal,9,8,service,0.9034413695335388
critical,20,unambiguous,long,comma,nonfinal,9,9,responded,4.078183174133301
critical,20,unambiguous,long,comma,nonfinal,9,10,quickly.,7.11120867729187
critical,21,ambiguous,short,object,nonfinal,6,0,As,18.13700485229492
critical,21,ambiguous,short,object,nonfinal,6,1,the,2.9871392250061035
critical,21,ambiguous,short,object,nonfinal,6,2,detective,15.630949020385742
critical,21,ambiguous,short,object,nonfinal,6,3,investigated,7.854076385498047
critical,21,ambiguous,short,object,nonfinal,6,4,the,0.796073317527771
critical,21,ambiguous,short,object,nonfinal,6,5,case,2.309699535369873
critical,21,ambiguous,short,object,nonfinal,6,6,became,17.798748016357422
critical,21,ambiguous,short,object,nonfinal,6,7,more,1.0043292045593262
critical,21,ambiguous,short,object,nonfinal,6,8,complex.,6.5236101150512695
critical,21,ambiguous,long,object,nonfinal,10,0,As,18.13700485229492
critical,21,ambiguous,long,object,nonfinal,10,1,the,2.9871392250061035
critical,21,ambiguous,long,object,nonfinal,10,2,detective,15.630949020385742
critical,21,ambiguous,long,object,nonfinal,10,3,investigated,7.854076385498047
critical,21,ambiguous,long,object,nonfinal,10,4,the,0.796073317527771
critical,21,ambiguous,long,object,nonfinal,10,5,case,2.309699535369873
critical,21,ambiguous,long,object,nonfinal,10,6,about,9.476104736328123
critical,21,ambiguous,long,object,nonfinal,10,7,the,0.5213729739189148
critical,21,ambiguous,long,object,nonfinal,10,8,bank,7.484671115875244
critical,21,ambiguous,long,object,nonfinal,10,9,robbery,0.4287155866622925
critical,21,ambiguous,long,object,nonfinal,10,10,became,19.27451705932617
critical,21,ambiguous,long,object,nonfinal,10,11,more,0.6989044547080994
critical,21,ambiguous,long,object,nonfinal,10,12,complex.,8.607418060302734
critical,21,unambiguous,short,object,nonfinal,8,0,As,18.13700485229492
critical,21,unambiguous,short,object,nonfinal,8,1,the,2.9871392250061035
critical,21,unambiguous,short,object,nonfinal,8,2,detective,15.630949020385742
critical,21,unambiguous,short,object,nonfinal,8,3,investigated,7.854076385498047
critical,21,unambiguous,short,object,nonfinal,8,4,the,0.796073317527771
critical,21,unambiguous,short,object,nonfinal,8,5,suspects,9.74108600616455
critical,21,unambiguous,short,object,nonfinal,8,6,the,10.514429092407228
critical,21,unambiguous,short,object,nonfinal,8,7,case,4.007126808166504
critical,21,unambiguous,short,object,nonfinal,8,8,became,2.9130642414093018
critical,21,unambiguous,short,object,nonfinal,8,9,more,0.8218321800231934
critical,21,unambiguous,short,object,nonfinal,8,10,complex.,6.00249719619751
critical,21,unambiguous,long,object,nonfinal,12,0,As,18.13700485229492
critical,21,unambiguous,long,object,nonfinal,12,1,the,2.9871392250061035
critical,21,unambiguous,long,object,nonfinal,12,2,detective,15.630949020385742
critical,21,unambiguous,long,object,nonfinal,12,3,investigated,7.854076385498047
critical,21,unambiguous,long,object,nonfinal,12,4,the,0.796073317527771
critical,21,unambiguous,long,object,nonfinal,12,5,suspects,9.74108600616455
critical,21,unambiguous,long,object,nonfinal,12,6,the,10.514429092407228
critical,21,unambiguous,long,object,nonfinal,12,7,case,4.007126808166504
critical,21,unambiguous,long,object,nonfinal,12,8,about,11.967190742492676
critical,21,unambiguous,long,object,nonfinal,12,9,the,0.3715719580650329
critical,21,unambiguous,long,object,nonfinal,12,10,bank,6.489770889282227
critical,21,unambiguous,long,object,nonfinal,12,11,robbery,0.5565330982208252
critical,21,unambiguous,long,object,nonfinal,12,12,became,2.430750608444214
critical,21,unambiguous,long,object,nonfinal,12,13,more,1.3213248252868652
critical,21,unambiguous,long,object,nonfinal,12,14,complex.,5.744832754135132
critical,22,ambiguous,short,object,nonfinal,6,0,Although,19.817529678344727
critical,22,ambiguous,short,object,nonfinal,6,1,the,2.1368279457092285
critical,22,ambiguous,short,object,nonfinal,6,2,team,9.194730758666992
critical,22,ambiguous,short,object,nonfinal,6,3,lost,5.34658145904541
critical,22,ambiguous,short,object,nonfinal,6,4,the,2.2947301864624023
critical,22,ambiguous,short,object,nonfinal,6,5,championship,6.673264026641846
critical,22,ambiguous,short,object,nonfinal,6,6,was,15.562121391296388
critical,22,ambiguous,short,object,nonfinal,6,7,still,2.8613455295562744
critical,22,ambiguous,short,object,nonfinal,6,8,a,2.6227669715881348
critical,22,ambiguous,short,object,nonfinal,6,9,great,3.487354040145874
critical,22,ambiguous,short,object,nonfinal,6,10,experience,3.6733787059783936
critical,22,ambiguous,short,object,nonfinal,6,11,for,1.8442524671554563
critical,22,ambiguous,short,object,nonfinal,6,12,the,1.6857147216796875
critical,22,ambiguous,short,object,nonfinal,6,13,players.,4.206293821334839
critical,22,ambiguous,long,object,nonfinal,8,0,Although,19.817529678344727
critical,22,ambiguous,long,object,nonfinal,8,1,the,2.1368279457092285
critical,22,ambiguous,long,object,nonfinal,8,2,team,9.194730758666992
critical,22,ambiguous,long,object,nonfinal,8,3,lost,5.34658145904541
critical,22,ambiguous,long,object,nonfinal,8,4,the,2.2947301864624023
critical,22,ambiguous,long,object,nonfinal,8,5,championship,6.673264026641846
critical,22,ambiguous,long,object,nonfinal,8,6,in,4.760304927825928
critical,22,ambiguous,long,object,nonfinal,8,7,basketball,14.45492172241211
critical,22,ambiguous,long,object,nonfinal,8,8,was,14.649704933166504
critical,22,ambiguous,long,object,nonfinal,8,9,still,3.9656901359558105
critical,22,ambiguous,long,object,nonfinal,8,10,a,2.317275047302246
critical,22,ambiguous,long,object,nonfinal,8,11,great,3.369664430618286
critical,22,ambiguous,long,object,nonfinal,8,12,experience,4.801223278045654
critical,22,ambiguous,long,object,nonfinal,8,13,for,2.0248231887817383
critical,22,ambiguous,long,object,nonfinal,8,14,the,1.8502031564712524
critical,22,ambiguous,long,object,nonfinal,8,15,players.,4.449763536453247
critical,22,unambiguous,short,object,nonfinal,9,0,Although,19.817529678344727
critical,22,unambiguous,short,object,nonfinal,9,1,the,2.1368279457092285
critical,22,unambiguous,short,object,nonfinal,9,2,team,9.194730758666992
critical,22,unambiguous,short,object,nonfinal,9,3,lost,5.34658145904541
critical,22,unambiguous,short,object,nonfinal,9,4,the,2.2947301864624023
critical,22,unambiguous,short,object,nonfinal,9,5,final,4.096817970275879
critical,22,unambiguous,short,object,nonfinal,9,6,game,2.0052735805511475
critical,22,unambiguous,short,object,nonfinal,9,7,the,8.997455596923828
critical,22,unambiguous,short,object,nonfinal,9,8,championship,6.979972362518311
critical,22,unambiguous,short,object,nonfinal,9,9,was,1.0190041065216064
critical,22,unambiguous,short,object,nonfinal,9,10,still,2.344938039779663
critical,22,unambiguous,short,object,nonfinal,9,11,a,7.326265335083008
critical,22,unambiguous,short,object,nonfinal,9,12,great,3.012263774871826
critical,22,unambiguous,short,object,nonfinal,9,13,experience,1.983255743980408
critical,22,unambiguous,short,object,nonfinal,9,14,for,1.5103131532669067
critical,22,unambiguous,short,object,nonfinal,9,15,the,1.152143478393555
critical,22,unambiguous,short,object,nonfinal,9,16,players.,4.037521123886108
critical,22,unambiguous,long,object,nonfinal,11,0,Although,19.817529678344727
critical,22,unambiguous,long,object,nonfinal,11,1,the,2.1368279457092285
critical,22,unambiguous,long,object,nonfinal,11,2,team,9.194730758666992
critical,22,unambiguous,long,object,nonfinal,11,3,lost,5.34658145904541
critical,22,unambiguous,long,object,nonfinal,11,4,the,2.2947301864624023
critical,22,unambiguous,long,object,nonfinal,11,5,final,4.096817970275879
critical,22,unambiguous,long,object,nonfinal,11,6,game,2.0052735805511475
critical,22,unambiguous,long,object,nonfinal,11,7,the,8.997455596923828
critical,22,unambiguous,long,object,nonfinal,11,8,championship,6.979972362518311
critical,22,unambiguous,long,object,nonfinal,11,9,in,7.969907283782959
critical,22,unambiguous,long,object,nonfinal,11,10,basketball,9.189602851867676
critical,22,unambiguous,long,object,nonfinal,11,11,was,3.688169240951538
critical,22,unambiguous,long,object,nonfinal,11,12,still,2.232996702194214
critical,22,unambiguous,long,object,nonfinal,11,13,a,3.697380781173706
critical,22,unambiguous,long,object,nonfinal,11,14,great,3.8454439640045166
critical,22,unambiguous,long,object,nonfinal,11,15,experience,2.9444832801818848
critical,22,unambiguous,long,object,nonfinal,11,16,for,1.5648425817489624
critical,22,unambiguous,long,object,nonfinal,11,17,the,1.3769783973693848
critical,22,unambiguous,long,object,nonfinal,11,18,players.,4.577231526374817
critical,23,ambiguous,short,comma,nonfinal,7,0,After,18.82588195800781
critical,23,ambiguous,short,comma,nonfinal,7,1,the,3.343434810638428
critical,23,ambiguous,short,comma,nonfinal,7,2,director,13.685791969299316
critical,23,ambiguous,short,comma,nonfinal,7,3,finished,8.518389701843262
critical,23,ambiguous,short,comma,nonfinal,7,4,filming,4.311708450317383
critical,23,ambiguous,short,comma,nonfinal,7,5,the,1.89290714263916
critical,23,ambiguous,short,comma,nonfinal,7,6,actors,6.599320888519287
critical,23,ambiguous,short,comma,nonfinal,7,7,left,7.906694412231445
critical,23,ambiguous,short,comma,nonfinal,7,8,to,5.665715217590332
critical,23,ambiguous,short,comma,nonfinal,7,9,go,2.047498941421509
critical,23,ambiguous,short,comma,nonfinal,7,10,home.,2.7728391885757446
critical,23,ambiguous,long,comma,nonfinal,12,0,After,18.82588195800781
critical,23,ambiguous,long,comma,nonfinal,12,1,the,3.343434810638428
critical,23,ambiguous,long,comma,nonfinal,12,2,director,13.685791969299316
critical,23,ambiguous,long,comma,nonfinal,12,3,finished,8.518389701843262
critical,23,ambiguous,long,comma,nonfinal,12,4,filming,4.311708450317383
critical,23,ambiguous,long,comma,nonfinal,12,5,the,1.89290714263916
critical,23,ambiguous,long,comma,nonfinal,12,6,actors,6.599320888519287
critical,23,ambiguous,long,comma,nonfinal,12,7,exhausted,15.197896003723145
critical,23,ambiguous,long,comma,nonfinal,12,8,from,6.505550384521484
critical,23,ambiguous,long,comma,nonfinal,12,9,the,1.4146467447280884
critical,23,ambiguous,long,comma,nonfinal,12,10,long,2.1601076126098637
critical,23,ambiguous,long,comma,nonfinal,12,11,day,2.107176780700684
critical,23,ambiguous,long,comma,nonfinal,12,12,left,7.378050327301025
critical,23,ambiguous,long,comma,nonfinal,12,13,to,4.762840747833252
critical,23,ambiguous,long,comma,nonfinal,12,14,go,2.174368381500244
critical,23,ambiguous,long,comma,nonfinal,12,15,home.,2.6979522705078125
critical,23,unambiguous,short,comma,nonfinal,7,0,After,18.82588195800781
critical,23,unambiguous,short,comma,nonfinal,7,1,the,3.343434810638428
critical,23,unambiguous,short,comma,nonfinal,7,2,director,13.685791969299316
critical,23,unambiguous,short,comma,nonfinal,7,3,finished,8.518389701843262
critical,23,unambiguous,short,comma,nonfinal,7,4,"filming,",6.500118970870972
critical,23,unambiguous,short,comma,nonfinal,7,5,the,2.618515014648437
critical,23,unambiguous,short,comma,nonfinal,7,6,actors,2.9916341304779053
critical,23,unambiguous,short,comma,nonfinal,7,7,left,5.264350414276123
critical,23,unambiguous,short,comma,nonfinal,7,8,to,5.987616062164307
critical,23,unambiguous,short,comma,nonfinal,7,9,go,1.817102670669556
critical,23,unambiguous,short,comma,nonfinal,7,10,home.,1.8470826745033264
critical,23,unambiguous,long,comma,nonfinal,12,0,After,18.82588195800781
critical,23,unambiguous,long,comma,nonfinal,12,1,the,3.343434810638428
critical,23,unambiguous,long,comma,nonfinal,12,2,director,13.685791969299316
critical,23,unambiguous,long,comma,nonfinal,12,3,finished,8.518389701843262
critical,23,unambiguous,long,comma,nonfinal,12,4,"filming,",6.500118970870972
critical,23,unambiguous,long,comma,nonfinal,12,5,the,2.618515014648437
critical,23,unambiguous,long,comma,nonfinal,12,6,actors,2.9916341304779053
critical,23,unambiguous,long,comma,nonfinal,12,7,exhausted,14.54041862487793
critical,23,unambiguous,long,comma,nonfinal,12,8,from,5.729204177856445
critical,23,unambiguous,long,comma,nonfinal,12,9,the,1.6048444509506226
critical,23,unambiguous,long,comma,nonfinal,12,10,long,2.084385633468628
critical,23,unambiguous,long,comma,nonfinal,12,11,day,3.160243034362793
critical,23,unambiguous,long,comma,nonfinal,12,12,left,7.214970588684082
critical,23,unambiguous,long,comma,nonfinal,12,13,to,4.958768844604492
critical,23,unambiguous,long,comma,nonfinal,12,14,go,2.3228580951690674
critical,23,unambiguous,long,comma,nonfinal,12,15,home.,1.5926102995872498
critical,24,ambiguous,short,object,final,6,0,As,18.13700485229492
critical,24,ambiguous,short,object,final,6,1,the,2.9871392250061035
critical,24,ambiguous,short,object,final,6,2,doctor,12.270915031433104
critical,24,ambiguous,short,object,final,6,3,lectured,12.821866370737553
critical,24,ambiguous,short,object,final,6,4,the,4.097184181213379
critical,24,ambiguous,short,object,final,6,5,student,5.910468578338623
critical,24,ambiguous,short,object,final,6,6,listened.,14.17778491973877
critical,24,ambiguous,long,object,final,8,0,As,18.13700485229492
critical,24,ambiguous,long,object,final,8,1,the,2.9871392250061035
critical,24,ambiguous,long,object,final,8,2,doctor,12.270915031433104
critical,24,ambiguous,long,object,final,8,3,lectured,12.821866370737553
critical,24,ambiguous,long,object,final,8,4,the,4.097184181213379
critical,24,ambiguous,long,object,final,8,5,student,5.910468578338623
critical,24,ambiguous,long,object,final,8,6,watching,13.350471496582031
critical,24,ambiguous,long,object,final,8,7,quietly,8.919783592224121
critical,24,ambiguous,long,object,final,8,8,listened.,9.114073276519775
critical,24,unambiguous,short,object,final,8,0,As,18.13700485229492
critical,24,unambiguous,short,object,final,8,1,the,2.9871392250061035
critical,24,unambiguous,short,object,final,8,2,doctor,12.270915031433104
critical,24,unambiguous,short,object,final,8,3,lectured,12.821866370737553
critical,24,unambiguous,short,object,final,8,4,the,4.097184181213379
critical,24,unambiguous,short,object,final,8,5,nurse,5.818477153778076
critical,24,unambiguous,short,object,final,8,6,the,7.7014079093933105
critical,24,unambiguous,short,object,final,8,7,student,6.740229606628418
critical,24,unambiguous,short,object,final,8,8,listened.,7.093046188354492
critical,24,unambiguous,long,object,final,10,0,As,18.13700485229492
critical,24,unambiguous,long,object,final,10,1,the,2.9871392250061035
critical,24,unambiguous,long,object,final,10,2,doctor,12.270915031433104
critical,24,unambiguous,long,object,final,10,3,lectured,12.821866370737553
critical,24,unambiguous,long,object,final,10,4,the,4.097184181213379
critical,24,unambiguous,long,object,final,10,5,nurse,5.818477153778076
critical,24,unambiguous,long,object,final,10,6,the,7.7014079093933105
critical,24,unambiguous,long,object,final,10,7,student,6.740229606628418
critical,24,unambiguous,long,object,final,10,8,watching,12.313971519470217
critical,24,unambiguous,long,object,final,10,9,quietly,6.541024208068848
critical,24,unambiguous,long,object,final,10,10,listened.,7.962390661239624
critical,25,ambiguous,short,object,nonfinal,7,0,After,18.82588195800781
critical,25,ambiguous,short,object,nonfinal,7,1,the,3.343434810638428
critical,25,ambiguous,short,object,nonfinal,7,2,teacher,13.024650573730469
critical,25,ambiguous,short,object,nonfinal,7,3,finished,5.367750644683838
critical,25,ambiguous,short,object,nonfinal,7,4,grading,6.719697952270508
critical,25,ambiguous,short,object,nonfinal,7,5,the,0.822214663028717
critical,25,ambiguous,short,object,nonfinal,7,6,students,4.279445648193359
critical,25,ambiguous,short,object,nonfinal,7,7,passed,16.822431564331055
critical,25,ambiguous,short,object,nonfinal,7,8,the,3.0008137226104736
critical,25,ambiguous,short,object,nonfinal,7,9,class.,11.970311403274536
critical,25,ambiguous,long,object,nonfinal,9,0,After,18.82588195800781
critical,25,ambiguous,long,object,nonfinal,9,1,the,3.343434810638428
critical,25,ambiguous,long,object,nonfinal,9,2,teacher,13.024650573730469
critical,25,ambiguous,long,object,nonfinal,9,3,finished,5.367750644683838
critical,25,ambiguous,long,object,nonfinal,9,4,grading,6.719697952270508
critical,25,ambiguous,long,object,nonfinal,9,5,the,0.822214663028717
critical,25,ambiguous,long,object,nonfinal,9,6,students,4.279445648193359
critical,25,ambiguous,long,object,nonfinal,9,7,studying,18.68535423278809
critical,25,ambiguous,long,object,nonfinal,9,8,engineering,13.667557716369627
critical,25,ambiguous,long,object,nonfinal,9,9,passed,12.543089866638184
critical,25,ambiguous,long,object,nonfinal,9,10,the,1.5082699060440063
critical,25,ambiguous,long,object,nonfinal,9,11,class.,7.3781232833862305
critical,25,unambiguous,short,object,nonfinal,9,0,After,18.82588195800781
critical,25,unambiguous,short,object,nonfinal,9,1,the,3.343434810638428
critical,25,unambiguous,short,object,nonfinal,9,2,teacher,13.024650573730469
critical,25,unambiguous,short,object,nonfinal,9,3,finished,5.367750644683838
critical,25,unambiguous,short,object,nonfinal,9,4,grading,6.719697952270508
critical,25,unambiguous,short,object,nonfinal,9,5,the,0.822214663028717
critical,25,unambiguous,short,object,nonfinal,9,6,final,3.90575909614563
critical,25,unambiguous,short,object,nonfinal,9,7,the,11.02729320526123
critical,25,unambiguous,short,object,nonfinal,9,8,students,0.9066320061683656
critical,25,unambiguous,short,object,nonfinal,9,9,passed,10.839941024780272
critical,25,unambiguous,short,object,nonfinal,9,10,the,2.8566291332244877
critical,25,unambiguous,short,object,nonfinal,9,11,class.,8.677051424980164
critical,25,unambiguous,long,object,nonfinal,11,0,After,18.82588195800781
critical,25,unambiguous,long,object,nonfinal,11,1,the,3.343434810638428
critical,25,unambiguous,long,object,nonfinal,11,2,teacher,13.024650573730469
critical,25,unambiguous,long,object,nonfinal,11,3,finished,5.367750644683838
critical,25,unambiguous,long,object,nonfinal,11,4,grading,6.719697952270508
critical,25,unambiguous,long,object,nonfinal,11,5,the,0.822214663028717
critical,25,unambiguous,long,object,nonfinal,11,6,final,3.90575909614563
critical,25,unambiguous,long,object,nonfinal,11,7,the,11.02729320526123
critical,25,unambiguous,long,object,nonfinal,11,8,students,0.9066320061683656
critical,25,unambiguous,long,object,nonfinal,11,9,studying,16.52798080444336
critical,25,unambiguous,long,object,nonfinal,11,10,engineering,12.130167007446287
critical,25,unambiguous,long,object,nonfinal,11,11,passed,10.516870498657228
critical,25,unambiguous,long,object,nonfinal,11,12,the,2.0334925651550293
critical,25,unambiguous,long,object,nonfinal,11,13,class.,6.785816431045532
critical,26,ambiguous,short,comma,final,6,0,As,18.13700485229492
critical,26,ambiguous,short,comma,final,6,1,the,2.9871392250061035
critical,26,ambiguous,short,comma,final,6,2,people,10.775432586669922
critical,26,ambiguous,short,comma,final,6,3,gathered,5.721231460571289
critical,26,ambiguous,short,comma,final,6,4,the,8.158862113952637
critical,26,ambiguous,short,comma,final,6,5,animals,6.850897312164307
critical,26,ambiguous,short,comma,final,6,6,scattered.,12.479298114776611
critical,26,ambiguous,long,comma,final,9,0,As,18.13700485229492
critical,26,ambiguous,long,comma,final,9,1,the,2.9871392250061035
critical,26,ambiguous,long,comma,final,9,2,people,10.775432586669922
critical,26,ambiguous,long,comma,final,9,3,gathered,5.721231460571289
critical,26,ambiguous,long,comma,final,9,4,the,8.158862113952637
critical,26,ambiguous,long,comma,final,9,5,animals,6.850897312164307
critical,26,ambiguous,long,comma,final,9,6,in,4.825783729553223
critical,26,ambiguous,long,comma,final,9,7,the,1.1254146099090576
critical,26,ambiguous,long,comma,final,9,8,park,6.377899646759033
critical,26,ambiguous,long,comma,final,9,9,scattered.,15.766808986663818
critical,26,unambiguous,short,comma,final,6,0,As,18.13700485229492
critical,26,unambiguous,short,comma,final,6,1,the,2.9871392250061035
critical,26,unambiguous,short,comma,final,6,2,people,10.775432586669922
critical,26,unambiguous,short,comma,final,6,3,"gathered,",9.797096252441406
critical,26,unambiguous,short,comma,final,6,4,the,2.1768064498901367
critical,26,unambiguous,short,comma,final,6,5,animals,10.787691116333008
critical,26,unambiguous,short,comma,final,6,6,scattered.,10.323823809623718
critical,26,unambiguous,long,comma,final,9,0,As,18.13700485229492
critical,26,unambiguous,long,comma,final,9,1,the,2.9871392250061035
critical,26,unambiguous,long,comma,final,9,2,people,10.775432586669922
critical,26,unambiguous,long,comma,final,9,3,"gathered,",9.797096252441406
critical,26,unambiguous,long,comma,final,9,4,the,2.1768064498901367
critical,26,unambiguous,long,comma,final,9,5,animals,10.787691116333008
critical,26,unambiguous,long,comma,final,9,6,in,5.537036418914795
critical,26,unambiguous,long,comma,final,9,7,the,0.2683410942554474
critical,26,unambiguous,long,comma,final,9,8,park,5.573815822601318
critical,26,unambiguous,long,comma,final,9,9,scattered.,11.913890361785889
critical,27,ambiguous,short,comma,nonfinal,6,0,Once,20.48319435119629
critical,27,ambiguous,short,comma,nonfinal,6,1,the,2.8843789100646973
critical,27,ambiguous,short,comma,nonfinal,6,2,audience,12.353976249694824
critical,27,ambiguous,short,comma,nonfinal,6,3,quieted,12.14195078611374
critical,27,ambiguous,short,comma,nonfinal,6,4,the,6.828926086425781
critical,27,ambiguous,short,comma,nonfinal,6,5,man,5.8767571449279785
critical,27,ambiguous,short,comma,nonfinal,6,6,put,8.963361740112305
critical,27,ambiguous,short,comma,nonfinal,6,7,away,7.982054710388184
critical,27,ambiguous,short,comma,nonfinal,6,8,his,0.4214042723178863
critical,27,ambiguous,short,comma,nonfinal,6,9,phone.,11.021965026855469
critical,27,ambiguous,long,comma,nonfinal,8,0,Once,20.48319435119629
critical,27,ambiguous,long,comma,nonfinal,8,1,the,2.8843789100646973
critical,27,ambiguous,long,comma,nonfinal,8,2,audience,12.353976249694824
critical,27,ambiguous,long,comma,nonfinal,8,3,quieted,12.14195078611374
critical,27,ambiguous,long,comma,nonfinal,8,4,the,6.828926086425781
critical,27,ambiguous,long,comma,nonfinal,8,5,man,5.8767571449279785
critical,27,ambiguous,long,comma,nonfinal,8,6,talking,14.562260627746582
critical,27,ambiguous,long,comma,nonfinal,8,7,loudly,8.68228530883789
critical,27,ambiguous,long,comma,nonfinal,8,8,put,9.726189613342283
critical,27,ambiguous,long,comma,nonfinal,8,9,away,6.565061569213867
critical,27,ambiguous,long,comma,nonfinal,8,10,his,0.3964777886867523
critical,27,ambiguous,long,comma,nonfinal,8,11,phone.,7.349369049072266
critical,27,unambiguous,short,comma,nonfinal,6,0,Once,20.48319435119629
critical,27,unambiguous,short,comma,nonfinal,6,1,the,2.8843789100646973
critical,27,unambiguous,short,comma,nonfinal,6,2,audience,12.353976249694824
critical,27,unambiguous,short,comma,nonfinal,6,3,"quieted,",13.859201729297638
critical,27,unambiguous,short,comma,nonfinal,6,4,the,2.816986322402954
critical,27,unambiguous,short,comma,nonfinal,6,5,man,4.772778511047363
critical,27,unambiguous,short,comma,nonfinal,6,6,put,8.765512466430664
critical,27,unambiguous,short,comma,nonfinal,6,7,away,7.706567287445068
critical,27,unambiguous,short,comma,nonfinal,6,8,his,0.3969579637050628
critical,27,unambiguous,short,comma,nonfinal,6,9,phone.,10.271291017532349
critical,27,unambiguous,long,comma,nonfinal,8,0,Once,20.48319435119629
critical,27,unambiguous,long,comma,nonfinal,8,1,the,2.8843789100646973
critical,27,unambiguous,long,comma,nonfinal,8,2,audience,12.353976249694824
critical,27,unambiguous,long,comma,nonfinal,8,3,"quieted,",13.859201729297638
critical,27,unambiguous,long,comma,nonfinal,8,4,the,2.816986322402954
critical,27,unambiguous,long,comma,nonfinal,8,5,man,4.772778511047363
critical,27,unambiguous,long,comma,nonfinal,8,6,talking,14.32935905456543
critical,27,unambiguous,long,comma,nonfinal,8,7,loudly,9.168034553527832
critical,27,unambiguous,long,comma,nonfinal,8,8,put,8.429583549499512
critical,27,unambiguous,long,comma,nonfinal,8,9,away,6.458752155303955
critical,27,unambiguous,long,comma,nonfinal,8,10,his,0.2300825119018554
critical,27,unambiguous,long,comma,nonfinal,8,11,phone.,5.672733545303345
critical,28,ambiguous,short,comma,nonfinal,7,0,After,18.82588195800781
critical,28,ambiguous,short,comma,nonfinal,7,1,the,3.343434810638428
critical,28,ambiguous,short,comma,nonfinal,7,2,corrupt,15.223063468933104
critical,28,ambiguous,short,comma,nonfinal,7,3,politician,6.992578029632568
critical,28,ambiguous,short,comma,nonfinal,7,4,signed,11.57609748840332
critical,28,ambiguous,short,comma,nonfinal,7,5,the,0.7977986335754395
critical,28,ambiguous,short,comma,nonfinal,7,6,bill,4.446490287780762
critical,28,ambiguous,short,comma,nonfinal,7,7,received,15.73471736907959
critical,28,ambiguous,short,comma,nonfinal,7,8,unwelcome,18.26061183214188
critical,28,ambiguous,short,comma,nonfinal,7,9,attention,2.282318353652954
critical,28,ambiguous,short,comma,nonfinal,7,10,from,1.5429747104644775
critical,28,ambiguous,short,comma,nonfinal,7,11,southern,17.428041458129883
critical,28,ambiguous,short,comma,nonfinal,7,12,voters.,7.122311949729919
critical,28,ambiguous,long,comma,nonfinal,9,0,After,18.82588195800781
critical,28,ambiguous,long,comma,nonfinal,9,1,the,3.343434810638428
critical,28,ambiguous,long,comma,nonfinal,9,2,corrupt,15.223063468933104
critical,28,ambiguous,long,comma,nonfinal,9,3,politician,6.992578029632568
critical,28,ambiguous,long,comma,nonfinal,9,4,signed,11.57609748840332
critical,28,ambiguous,long,comma,nonfinal,9,5,the,0.7977986335754395
critical,28,ambiguous,long,comma,nonfinal,9,6,bill,4.446490287780762
critical,28,ambiguous,long,comma,nonfinal,9,7,on,7.132335186004639
critical,28,ambiguous,long,comma,nonfinal,9,8,taxes,10.211014747619627
critical,28,ambiguous,long,comma,nonfinal,9,9,received,13.324111938476562
critical,28,ambiguous,long,comma,nonfinal,9,10,unwelcome,17.865345239639282
critical,28,ambiguous,long,comma,nonfinal,9,11,attention,2.4341516494750977
critical,28,ambiguous,long,comma,nonfinal,9,12,from,1.0071991682052612
critical,28,ambiguous,long,comma,nonfinal,9,13,southern,17.22957420349121
critical,28,ambiguous,long,comma,nonfinal,9,14,voters.,7.350005865097046
critical,28,unambiguous,short,comma,nonfinal,7,0,After,18.82588195800781
critical,28,unambiguous,short,comma,nonfinal,7,1,the,3.343434810638428
critical,28,unambiguous,short,comma,nonfinal,7,2,corrupt,15.223063468933104
critical,28,unambiguous,short,comma,nonfinal,7,3,politician,6.992578029632568
critical,28,unambiguous,short,comma,nonfinal,7,4,"signed,",19.267906188964844
critical,28,unambiguous,short,comma,nonfinal,7,5,the,2.338277578353882
critical,28,unambiguous,short,comma,nonfinal,7,6,bill,8.092799186706543
critical,28,unambiguous,short,comma,nonfinal,7,7,received,7.619951248168945
critical,28,unambiguous,short,comma,nonfinal,7,8,unwelcome,15.471833109855652
critical,28,unambiguous,short,comma,nonfinal,7,9,attention,1.10450279712677
critical,28,unambiguous,short,comma,nonfinal,7,10,from,1.2052241563796997
critical,28,unambiguous,short,comma,nonfinal,7,11,southern,15.4813232421875
critical,28,unambiguous,short,comma,nonfinal,7,12,voters.,7.704621911048889
critical,28,unambiguous,long,comma,nonfinal,9,0,After,18.82588195800781
critical,28,unambiguous,long,comma,nonfinal,9,1,the,3.343434810638428
critical,28,unambiguous,long,comma,nonfinal,9,2,corrupt,15.223063468933104
critical,28,unambiguous,long,comma,nonfinal,9,3,politician,6.992578029632568
critical,28,unambiguous,long,comma,nonfinal,9,4,"signed,",19.267906188964844
critical,28,unambiguous,long,comma,nonfinal,9,5,the,2.338277578353882
critical,28,unambiguous,long,comma,nonfinal,9,6,bill,8.092799186706543
critical,28,unambiguous,long,comma,nonfinal,9,7,on,8.818286895751953
critical,28,unambiguous,long,comma,nonfinal,9,8,taxes,8.912949562072754
critical,28,unambiguous,long,comma,nonfinal,9,9,received,8.490188598632812
critical,28,unambiguous,long,comma,nonfinal,9,10,unwelcome,16.38522833585739
critical,28,unambiguous,long,comma,nonfinal,9,11,attention,1.4219621419906616
critical,28,unambiguous,long,comma,nonfinal,9,12,from,1.335793375968933
critical,28,unambiguous,long,comma,nonfinal,9,13,southern,16.42782211303711
critical,28,unambiguous,long,comma,nonfinal,9,14,voters.,6.565515995025635
critical,29,ambiguous,short,object,nonfinal,7,0,While,18.734678268432617
critical,29,ambiguous,short,object,nonfinal,7,1,the,2.002535820007324
critical,29,ambiguous,short,object,nonfinal,7,2,art,13.200935363769531
critical,29,ambiguous,short,object,nonfinal,7,3,class,9.505871772766112
critical,29,ambiguous,short,object,nonfinal,7,4,painted,10.02915096282959
critical,29,ambiguous,short,object,nonfinal,7,5,the,4.018507957458496
critical,29,ambiguous,short,object,nonfinal,7,6,model,8.507498741149902
critical,29,ambiguous,short,object,nonfinal,7,7,stayed,19.9394474029541
critical,29,ambiguous,short,object,nonfinal,7,8,still.,5.426428318023682
critical,29,ambiguous,long,object,nonfinal,10,0,While,18.734678268432617
critical,29,ambiguous,long,object,nonfinal,10,1,the,2.002535820007324
critical,29,ambiguous,long,object,nonfinal,10,2,art,13.200935363769531
critical,29,ambiguous,long,object,nonfinal,10,3,class,9.505871772766112
critical,29,ambiguous,long,object,nonfinal,10,4,painted,10.02915096282959
critical,29,ambiguous,long,object,nonfinal,10,5,the,4.018507957458496
critical,29,ambiguous,long,object,nonfinal,10,6,model,8.507498741149902
critical,29,ambiguous,long,object,nonfinal,10,7,in,3.5965383052825928
critical,29,ambiguous,long,object,nonfinal,10,8,the,2.7709169387817383
critical,29,ambiguous,long,object,nonfinal,10,9,nude,4.304493427276611
critical,29,ambiguous,long,object,nonfinal,10,10,stayed,23.71635055541992
critical,29,ambiguous,long,object,nonfinal,10,11,still.,14.023722648620604
critical,29,unambiguous,short,object,nonfinal,9,0,While,18.734678268432617
critical,29,unambiguous,short,object,nonfinal,9,1,the,2.002535820007324
critical,29,unambiguous,short,object,nonfinal,9,2,art,13.200935363769531
critical,29,unambiguous,short,object,nonfinal,9,3,class,9.505871772766112
critical,29,unambiguous,short,object,nonfinal,9,4,painted,10.02915096282959
critical,29,unambiguous,short,object,nonfinal,9,5,their,4.59314489364624
critical,29,unambiguous,short,object,nonfinal,9,6,portraits,5.409890174865723
critical,29,unambiguous,short,object,nonfinal,9,7,the,7.368929386138916
critical,29,unambiguous,short,object,nonfinal,9,8,model,9.603192329406738
critical,29,unambiguous,short,object,nonfinal,9,9,stayed,8.990155220031738
critical,29,unambiguous,short,object,nonfinal,9,10,still.,5.399078845977783
critical,29,unambiguous,long,object,nonfinal,12,0,While,18.734678268432617
critical,29,unambiguous,long,object,nonfinal,12,1,the,2.002535820007324
critical,29,unambiguous,long,object,nonfinal,12,2,art,13.200935363769531
critical,29,unambiguous,long,object,nonfinal,12,3,class,9.505871772766112
critical,29,unambiguous,long,object,nonfinal,12,4,painted,10.02915096282959
critical,29,unambiguous,long,object,nonfinal,12,5,their,4.59314489364624
critical,29,unambiguous,long,object,nonfinal,12,6,portraits,5.409890174865723
critical,29,unambiguous,long,object,nonfinal,12,7,the,7.368929386138916
critical,29,unambiguous,long,object,nonfinal,12,8,model,9.603192329406738
critical,29,unambiguous,long,object,nonfinal,12,9,in,5.97675895690918
critical,29,unambiguous,long,object,nonfinal,12,10,the,0.6801239848136902
critical,29,unambiguous,long,object,nonfinal,12,11,nude,10.531115531921388
critical,29,unambiguous,long,object,nonfinal,12,12,stayed,10.950576782226562
critical,29,unambiguous,long,object,nonfinal,12,13,still.,5.960777044296265
critical,30,ambiguous,short,object,final,6,0,As,18.13700485229492
critical,30,ambiguous,short,object,final,6,1,the,2.9871392250061035
critical,30,ambiguous,short,object,final,6,2,professor,14.148876190185549
critical,30,ambiguous,short,object,final,6,3,wrote,8.980646133422852
critical,30,ambiguous,short,object,final,6,4,the,2.7413105964660645
critical,30,ambiguous,short,object,final,6,5,textbook,13.914006233215332
critical,30,ambiguous,short,object,final,6,6,grew.,22.213454723358154
critical,30,ambiguous,long,object,final,8,0,As,18.13700485229492
critical,30,ambiguous,long,object,final,8,1,the,2.9871392250061035
critical,30,ambiguous,long,object,final,8,2,professor,14.148876190185549
critical,30,ambiguous,long,object,final,8,3,wrote,8.980646133422852
critical,30,ambiguous,long,object,final,8,4,the,2.7413105964660645
critical,30,ambiguous,long,object,final,8,5,textbook,13.914006233215332
critical,30,ambiguous,long,object,final,8,6,on,3.80380916595459
critical,30,ambiguous,long,object,final,8,7,biology,14.30929183959961
critical,30,ambiguous,long,object,final,8,8,grew.,25.80289888381958
critical,30,unambiguous,short,object,final,8,0,As,18.13700485229492
critical,30,unambiguous,short,object,final,8,1,the,2.9871392250061035
critical,30,unambiguous,short,object,final,8,2,professor,14.148876190185549
critical,30,unambiguous,short,object,final,8,3,wrote,8.980646133422852
critical,30,unambiguous,short,object,final,8,4,the,2.7413105964660645
critical,30,unambiguous,short,object,final,8,5,chapter,11.045117378234863
critical,30,unambiguous,short,object,final,8,6,the,9.493374824523926
critical,30,unambiguous,short,object,final,8,7,textbook,9.5624418258667
critical,30,unambiguous,short,object,final,8,8,grew.,14.390349864959717
critical,30,unambiguous,long,object,final,10,0,As,18.13700485229492
critical,30,unambiguous,long,object,final,10,1,the,2.9871392250061035
critical,30,unambiguous,long,object,final,10,2,professor,14.148876190185549
critical,30,unambiguous,long,object,final,10,3,wrote,8.980646133422852
critical,30,unambiguous,long,object,final,10,4,the,2.7413105964660645
critical,30,unambiguous,long,object,final,10,5,chapter,11.045117378234863
critical,30,unambiguous,long,object,final,10,6,the,9.493374824523926
critical,30,unambiguous,long,object,final,10,7,textbook,9.5624418258667
critical,30,unambiguous,long,object,final,10,8,on,4.216342449188232
critical,30,unambiguous,long,object,final,10,9,biology,11.610291481018066
critical,30,unambiguous,long,object,final,10,10,grew.,15.695141792297363
