item_category,item,ambiguity,length,resolution,finality,critical_word_index,word_index,word,surprisal
critical,1,ambiguous,short,object,nonfinal,6,0,As,18.614641189575195
critical,1,ambiguous,short,object,nonfinal,6,1,the,3.726273775100708
critical,1,ambiguous,short,object,nonfinal,6,2,lifeguard,19.35102343559265
critical,1,ambiguous,short,object,nonfinal,6,3,watched,8.929740905761719
critical,1,ambiguous,short,object,nonfinal,6,4,the,1.2192798852920532
critical,1,ambiguous,short,object,nonfinal,6,5,kids,6.269988059997559
critical,1,ambiguous,short,object,nonfinal,6,6,splashed,12.715823650360107
critical,1,ambiguous,short,object,nonfinal,6,7,each,9.373052597045898
critical,1,ambiguous,short,object,nonfinal,6,8,other,0.0078809326514601
critical,1,ambiguous,short,object,nonfinal,6,9,with,4.109301090240479
critical,1,ambiguous,short,object,nonfinal,6,10,water.,10.608524084091188
critical,1,ambiguous,long,object,nonfinal,8,0,As,18.614641189575195
critical,1,ambiguous,long,object,nonfinal,8,1,the,3.726273775100708
critical,1,ambiguous,long,object,nonfinal,8,2,lifeguard,19.35102343559265
critical,1,ambiguous,long,object,nonfinal,8,3,watched,8.929740905761719
critical,1,ambiguous,long,object,nonfinal,8,4,the,1.2192798852920532
critical,1,ambiguous,long,object,nonfinal,8,5,kids,6.269988059997559
critical,1,ambiguous,long,object,nonfinal,8,6,playing,5.453108787536621
critical,1,ambiguous,long,object,nonfinal,8,7,happily,7.952981472015381
critical,1,ambiguous,long,object,nonfinal,8,8,splashed,21.11214160919189
critical,1,ambiguous,long,object,nonfinal,8,9,each,10.093219757080078
critical,1,ambiguous,long,object,nonfinal,8,10,other,0.0082441605627536
critical,1,ambiguous,long,object,nonfinal,8,11,with,4.336929321289063
critical,1,ambiguous,long,object,nonfinal,8,12,water.,8.256246089935303
critical,1,unambiguous,short,object,nonfinal,8,0,As,18.614641189575195
critical,1,unambiguous,short,object,nonfinal,8,1,the,3.726273775100708
critical,1,unambiguous,short,object,nonfinal,8,2,lifeguard,19.35102343559265
critical,1,unambiguous,short,object,nonfinal,8,3,watched,8.929740905761719
critical,1,unambiguous,short,object,nonfinal,8,4,the,1.2192798852920532
critical,1,unambiguous,short,object,nonfinal,8,5,pool,6.266510009765625
critical,1,unambiguous,short,object,nonfinal,8,6,the,8.103642463684082
critical,1,unambiguous,short,object,nonfinal,8,7,kids,7.66188907623291
critical,1,unambiguous,short,object,nonfinal,8,8,splashed,8.05235280096531
critical,1,unambiguous,short,object,nonfinal,8,9,each,6.560052394866943
critical,1,unambiguous,short,object,nonfinal,8,10,other,0.0279547479003667
critical,1,unambiguous,short,object,nonfinal,8,11,with,4.501798629760742
critical,1,unambiguous,short,object,nonfinal,8,12,water.,3.718801379203797
critical,1,unambiguous,long,object,nonfinal,10,0,As,18.614641189575195
critical,1,unambiguous,long,object,nonfinal,10,1,the,3.726273775100708
critical,1,unambiguous,long,object,nonfinal,10,2,lifeguard,19.35102343559265
critical,1,unambiguous,long,object,nonfinal,10,3,watched,8.929740905761719
critical,1,unambiguous,long,object,nonfinal,10,4,the,1.2192798852920532
critical,1,unambiguous,long,object,nonfinal,10,5,pool,6.266510009765625
critical,1,unambiguous,long,object,nonfinal,10,6,the,8.103642463684082
critical,1,unambiguous,long,object,nonfinal,10,7,kids,7.66188907623291
critical,1,unambiguous,long,object,nonfinal,10,8,playing,7.481289386749268
critical,1,unambiguous,long,object,nonfinal,10,9,happily,8.269817352294922
critical,1,unambiguous,long,object,nonfinal,10,10,splashed,7.900970831513405
critical,1,unambiguous,long,object,nonfinal,10,11,each,6.002198696136475
critical,1,unambiguous,long,object,nonfinal,10,12,other,0.03229421377182
critical,1,unambiguous,long,object,nonfinal,10,13,with,4.175050735473633
critical,1,unambiguous,long,object,nonfinal,10,14,water.,3.064004421234131
critical,2,ambiguous,short,comma,nonfinal,6,0,Because,23.8723201751709
critical,2,ambiguous,short,comma,nonfinal,6,1,the,8.490399360656738
critical,2,ambiguous,short,comma,nonfinal,6,2,suspect,14.490644454956056
critical,2,ambiguous,short,comma,nonfinal,6,3,changed,11.493738174438477
critical,2,ambiguous,short,comma,nonfinal,6,4,the,2.5263233184814453
critical,2,ambiguous,short,comma,nonfinal,6,5,file,11.25799560546875
critical,2,ambiguous,short,comma,nonfinal,6,6,needed,16.96885871887207
critical,2,ambiguous,short,comma,nonfinal,6,7,to,0.6309341788291931
critical,2,ambiguous,short,comma,nonfinal,6,8,be,0.6940752267837524
critical,2,ambiguous,short,comma,nonfinal,6,9,updated.,9.150285959243774
critical,2,ambiguous,long,comma,nonfinal,9,0,Because,23.8723201751709
critical,2,ambiguous,long,comma,nonfinal,9,1,the,8.490399360656738
critical,2,ambiguous,long,comma,nonfinal,9,2,suspect,14.490644454956056
critical,2,ambiguous,long,comma,nonfinal,9,3,changed,11.493738174438477
critical,2,ambiguous,long,comma,nonfinal,9,4,the,2.5263233184814453
critical,2,ambiguous,long,comma,nonfinal,9,5,file,11.25799560546875
critical,2,ambiguous,long,comma,nonfinal,9,6,with,8.333914756774902
critical,2,ambiguous,long,comma,nonfinal,9,7,the,1.7847946882247925
critical,2,ambiguous,long,comma,nonfinal,9,8,evidence,12.232996940612791
critical,2,ambiguous,long,comma,nonfinal,9,9,needed,11.923157691955566
critical,2,ambiguous,long,comma,nonfinal,9,10,to,1.7051900625228882
critical,2,ambiguous,long,comma,nonfinal,9,11,be,3.846618890762329
critical,2,ambiguous,long,comma,nonfinal,9,12,updated.,12.432077407836914
critical,2,unambiguous,short,comma,nonfinal,6,0,Because,23.8723201751709
critical,2,unambiguous,short,comma,nonfinal,6,1,the,8.490399360656738
critical,2,unambiguous,short,comma,nonfinal,6,2,suspect,14.490644454956056
critical,2,unambiguous,short,comma,nonfinal,6,3,"changed,",17.448872566223145
critical,2,unambiguous,short,comma,nonfinal,6,4,the,2.495138168334961
critical,2,unambiguous,short,comma,nonfinal,6,5,file,11.058341026306152
critical,2,unambiguous,short,comma,nonfinal,6,6,needed,10.769729614257812
critical,2,unambiguous,short,comma,nonfinal,6,7,to,0.174616053700447
critical,2,unambiguous,short,comma,nonfinal,6,8,be,0.1368679255247116
critical,2,unambiguous,short,comma,nonfinal,6,9,updated.,6.450573921203613
critical,2,unambiguous,long,comma,nonfinal,9,0,Because,23.8723201751709
critical,2,unambiguous,long,comma,nonfinal,9,1,the,8.490399360656738
critical,2,unambiguous,long,comma,nonfinal,9,2,suspect,14.490644454956056
critical,2,unambiguous,long,comma,nonfinal,9,3,"changed,",17.448872566223145
critical,2,unambiguous,long,comma,nonfinal,9,4,the,2.495138168334961
critical,2,unambiguous,long,comma,nonfinal,9,5,file,11.058341026306152
critical,2,unambiguous,long,comma,nonfinal,9,6,with,7.668601989746094
critical,2,unambiguous,long,comma,nonfinal,9,7,the,0.6539193391799927
critical,2,unambiguous,long,comma,nonfinal,9,8,evidence,8.829662322998047
critical,2,unambiguous,long,comma,nonfinal,9,9,needed,7.900742530822754
critical,2,unambiguous,long,comma,nonfinal,9,10,to,0.2241415530443191
critical,2,unambiguous,long,comma,nonfinal,9,11,be,0.585483968257904
critical,2,unambiguous,long,comma,nonfinal,9,12,updated.,8.288692951202393
critical,3,ambiguous,short,object,nonfinal,7,0,While,18.67935943603516
critical,3,ambiguous,short,object,nonfinal,7,1,the,7.724723815917969
critical,3,ambiguous,short,object,nonfinal,7,2,new,8.477028846740723
critical,3,ambiguous,short,object,nonfinal,7,3,chef,13.741903305053713
critical,3,ambiguous,short,object,nonfinal,7,4,cooked,10.954185485839844
critical,3,ambiguous,short,object,nonfinal,7,5,the,3.6560869216918954
critical,3,ambiguous,short,object,nonfinal,7,6,stew,7.289947032928467
critical,3,ambiguous,short,object,nonfinal,7,7,boiled,16.008464813232422
critical,3,ambiguous,short,object,nonfinal,7,8,over.,12.480658531188965
critical,3,ambiguous,long,object,nonfinal,11,0,While,18.67935943603516
critical,3,ambiguous,long,object,nonfinal,11,1,the,7.724723815917969
critical,3,ambiguous,long,object,nonfinal,11,2,new,8.477028846740723
critical,3,ambiguous,long,object,nonfinal,11,3,chef,13.741903305053713
critical,3,ambiguous,long,object,nonfinal,11,4,cooked,10.954185485839844
critical,3,ambiguous,long,object,nonfinal,11,5,the,3.6560869216918954
critical,3,ambiguous,long,object,nonfinal,11,6,stew,7.289947032928467
critical,3,ambiguous,long,object,nonfinal,11,7,with,4.987579345703125
critical,3,ambiguous,long,object,nonfinal,11,8,lamb,9.666725158691406
critical,3,ambiguous,long,object,nonfinal,11,9,and,1.8865147829055784
critical,3,ambiguous,long,object,nonfinal,11,10,vegetables,3.9112157821655273
critical,3,ambiguous,long,object,nonfinal,11,11,boiled,16.862619400024414
critical,3,ambiguous,long,object,nonfinal,11,12,over.,14.563504695892334
critical,3,unambiguous,short,object,nonfinal,9,0,While,18.67935943603516
critical,3,unambiguous,short,object,nonfinal,9,1,the,7.724723815917969
critical,3,unambiguous,short,object,nonfinal,9,2,new,8.477028846740723
critical,3,unambiguous,short,object,nonfinal,9,3,chef,13.741903305053713
critical,3,unambiguous,short,object,nonfinal,9,4,cooked,10.954185485839844
critical,3,unambiguous,short,object,nonfinal,9,5,the,3.6560869216918954
critical,3,unambiguous,short,object,nonfinal,9,6,appetizers,9.398746371269226
critical,3,unambiguous,short,object,nonfinal,9,7,the,7.347116947174072
critical,3,unambiguous,short,object,nonfinal,9,8,stew,13.40817165374756
critical,3,unambiguous,short,object,nonfinal,9,9,boiled,13.10410213470459
critical,3,unambiguous,short,object,nonfinal,9,10,over.,6.824475288391113
critical,3,unambiguous,long,object,nonfinal,13,0,While,18.67935943603516
critical,3,unambiguous,long,object,nonfinal,13,1,the,7.724723815917969
critical,3,unambiguous,long,object,nonfinal,13,2,new,8.477028846740723
critical,3,unambiguous,long,object,nonfinal,13,3,chef,13.741903305053713
critical,3,unambiguous,long,object,nonfinal,13,4,cooked,10.954185485839844
critical,3,unambiguous,long,object,nonfinal,13,5,the,3.6560869216918954
critical,3,unambiguous,long,object,nonfinal,13,6,appetizers,9.398746371269226
critical,3,unambiguous,long,object,nonfinal,13,7,the,7.347116947174072
critical,3,unambiguous,long,object,nonfinal,13,8,stew,13.40817165374756
critical,3,unambiguous,long,object,nonfinal,13,9,with,6.973222255706787
critical,3,unambiguous,long,object,nonfinal,13,10,lamb,9.758920669555664
critical,3,unambiguous,long,object,nonfinal,13,11,and,2.3285956382751465
critical,3,unambiguous,long,object,nonfinal,13,12,vegetables,4.871657371520996
critical,3,unambiguous,long,object,nonfinal,13,13,boiled,14.527817726135254
critical,3,unambiguous,long,object,nonfinal,13,14,over.,12.467653751373293
critical,4,ambiguous,short,comma,nonfinal,6,0,As,18.614641189575195
critical,4,ambiguous,short,comma,nonfinal,6,1,the,3.726273775100708
critical,4,ambiguous,short,comma,nonfinal,6,2,child,9.710068702697754
critical,4,ambiguous,short,comma,nonfinal,6,3,showered,15.956510812044144
critical,4,ambiguous,short,comma,nonfinal,6,4,the,4.667505741119385
critical,4,ambiguous,short,comma,nonfinal,6,5,cat,7.715865612030029
critical,4,ambiguous,short,comma,nonfinal,6,6,ran,7.086959362030029
critical,4,ambiguous,short,comma,nonfinal,6,7,around,6.725622177124023
critical,4,ambiguous,short,comma,nonfinal,6,8,the,1.545042634010315
critical,4,ambiguous,short,comma,nonfinal,6,9,room.,6.034934520721436
critical,4,ambiguous,long,comma,nonfinal,8,0,As,18.614641189575195
critical,4,ambiguous,long,comma,nonfinal,8,1,the,3.726273775100708
critical,4,ambiguous,long,comma,nonfinal,8,2,child,9.710068702697754
critical,4,ambiguous,long,comma,nonfinal,8,3,showered,15.956510812044144
critical,4,ambiguous,long,comma,nonfinal,8,4,the,4.667505741119385
critical,4,ambiguous,long,comma,nonfinal,8,5,cat,7.715865612030029
critical,4,ambiguous,long,comma,nonfinal,8,6,complaining,19.07716560363769
critical,4,ambiguous,long,comma,nonfinal,8,7,loudly,5.63234806060791
critical,4,ambiguous,long,comma,nonfinal,8,8,ran,11.91716480255127
critical,4,ambiguous,long,comma,nonfinal,8,9,around,7.103224754333496
critical,4,ambiguous,long,comma,nonfinal,8,10,the,1.1921727657318115
critical,4,ambiguous,long,comma,nonfinal,8,11,room.,5.233529806137085
critical,4,unambiguous,short,comma,nonfinal,6,0,As,18.614641189575195
critical,4,unambiguous,short,comma,nonfinal,6,1,the,3.726273775100708
critical,4,unambiguous,short,comma,nonfinal,6,2,child,9.710068702697754
critical,4,unambiguous,short,comma,nonfinal,6,3,"showered,",17.293052703142166
critical,4,unambiguous,short,comma,nonfinal,6,4,the,2.971015453338623
critical,4,unambiguous,short,comma,nonfinal,6,5,cat,7.801628112792969
critical,4,unambiguous,short,comma,nonfinal,6,6,ran,4.947404384613037
critical,4,unambiguous,short,comma,nonfinal,6,7,around,5.5074567794799805
critical,4,unambiguous,short,comma,nonfinal,6,8,the,1.567920446395874
critical,4,unambiguous,short,comma,nonfinal,6,9,room.,4.66057026386261
critical,4,unambiguous,long,comma,nonfinal,8,0,As,18.614641189575195
critical,4,unambiguous,long,comma,nonfinal,8,1,the,3.726273775100708
critical,4,unambiguous,long,comma,nonfinal,8,2,child,9.710068702697754
critical,4,unambiguous,long,comma,nonfinal,8,3,"showered,",17.293052703142166
critical,4,unambiguous,long,comma,nonfinal,8,4,the,2.971015453338623
critical,4,unambiguous,long,comma,nonfinal,8,5,cat,7.801628112792969
critical,4,unambiguous,long,comma,nonfinal,8,6,complaining,20.85924530029297
critical,4,unambiguous,long,comma,nonfinal,8,7,loudly,5.430585861206055
critical,4,unambiguous,long,comma,nonfinal,8,8,ran,11.415934562683104
critical,4,unambiguous,long,comma,nonfinal,8,9,around,5.847814559936523
critical,4,unambiguous,long,comma,nonfinal,8,10,the,1.2846994400024414
critical,4,unambiguous,long,comma,nonfinal,8,11,room.,4.029963374137878
critical,5,ambiguous,short,comma,final,6,0,When,16.867366790771484
critical,5,ambiguous,short,comma,final,6,1,the,2.8016703128814697
critical,5,ambiguous,short,comma,final,6,2,family,11.917434692382812
critical,5,ambiguous,short,comma,final,6,3,moved,4.907859325408936
critical,5,ambiguous,short,comma,final,6,4,the,7.984758377075195
critical,5,ambiguous,short,comma,final,6,5,vases,15.7262145280838
critical,5,ambiguous,short,comma,final,6,6,broke.,18.75058126449585
critical,5,ambiguous,long,comma,final,9,0,When,16.867366790771484
critical,5,ambiguous,long,comma,final,9,1,the,2.8016703128814697
critical,5,ambiguous,long,comma,final,9,2,family,11.917434692382812
critical,5,ambiguous,long,comma,final,9,3,moved,4.907859325408936
critical,5,ambiguous,long,comma,final,9,4,the,7.984758377075195
critical,5,ambiguous,long,comma,final,9,5,vases,15.7262145280838
critical,5,ambiguous,long,comma,final,9,6,made,12.38619327545166
critical,5,ambiguous,long,comma,final,9,7,of,1.41664719581604
critical,5,ambiguous,long,comma,final,9,8,porcelain,5.425295829772949
critical,5,ambiguous,long,comma,final,9,9,broke.,18.680482625961304
critical,5,unambiguous,short,comma,final,6,0,When,16.867366790771484
critical,5,unambiguous,short,comma,final,6,1,the,2.8016703128814697
critical,5,unambiguous,short,comma,final,6,2,family,11.917434692382812
critical,5,unambiguous,short,comma,final,6,3,"moved,",9.8176531791687
critical,5,unambiguous,short,comma,final,6,4,the,2.2595081329345703
critical,5,unambiguous,short,comma,final,6,5,vases,19.392120838165283
critical,5,unambiguous,short,comma,final,6,6,broke.,8.7190101146698
critical,5,unambiguous,long,comma,final,9,0,When,16.867366790771484
critical,5,unambiguous,long,comma,final,9,1,the,2.8016703128814697
critical,5,unambiguous,long,comma,final,9,2,family,11.917434692382812
critical,5,unambiguous,long,comma,final,9,3,"moved,",9.8176531791687
critical,5,unambiguous,long,comma,final,9,4,the,2.2595081329345703
critical,5,unambiguous,long,comma,final,9,5,vases,19.392120838165283
critical,5,unambiguous,long,comma,final,9,6,made,8.83198356628418
critical,5,unambiguous,long,comma,final,9,7,of,2.78665828704834
critical,5,unambiguous,long,comma,final,9,8,porcelain,4.621562957763672
critical,5,unambiguous,long,comma,final,9,9,broke.,9.965171337127686
critical,6,ambiguous,short,comma,nonfinal,7,0,After,18.199451446533203
critical,6,ambiguous,short,comma,nonfinal,7,1,the,2.607591390609741
critical,6,ambiguous,short,comma,nonfinal,7,2,new,6.805398941040039
critical,6,ambiguous,short,comma,nonfinal,7,3,doctor,11.240687370300291
critical,6,ambiguous,short,comma,nonfinal,7,4,left,10.299059867858888
critical,6,ambiguous,short,comma,nonfinal,7,5,the,2.447758913040161
critical,6,ambiguous,short,comma,nonfinal,7,6,operation,11.361577033996582
critical,6,ambiguous,short,comma,nonfinal,7,7,appeared,15.524410247802734
critical,6,ambiguous,short,comma,nonfinal,7,8,more,8.119208335876465
critical,6,ambiguous,short,comma,nonfinal,7,9,likely,9.744436264038086
critical,6,ambiguous,short,comma,nonfinal,7,10,to,2.514925718307495
critical,6,ambiguous,short,comma,nonfinal,7,11,succeed.,8.595328330993652
critical,6,ambiguous,long,comma,nonfinal,10,0,After,18.199451446533203
critical,6,ambiguous,long,comma,nonfinal,10,1,the,2.607591390609741
critical,6,ambiguous,long,comma,nonfinal,10,2,new,6.805398941040039
critical,6,ambiguous,long,comma,nonfinal,10,3,doctor,11.240687370300291
critical,6,ambiguous,long,comma,nonfinal,10,4,left,10.299059867858888
critical,6,ambiguous,long,comma,nonfinal,10,5,the,2.447758913040161
critical,6,ambiguous,long,comma,nonfinal,10,6,operation,11.361577033996582
critical,6,ambiguous,long,comma,nonfinal,10,7,on,9.87283706665039
critical,6,ambiguous,long,comma,nonfinal,10,8,the,2.1695680618286133
critical,6,ambiguous,long,comma,nonfinal,10,9,brain,10.489578247070312
critical,6,ambiguous,long,comma,nonfinal,10,10,appeared,15.871552467346191
critical,6,ambiguous,long,comma,nonfinal,10,11,more,7.9476799964904785
critical,6,ambiguous,long,comma,nonfinal,10,12,likely,9.339803695678713
critical,6,ambiguous,long,comma,nonfinal,10,13,to,2.5486068725585938
critical,6,ambiguous,long,comma,nonfinal,10,14,succeed.,9.818956136703491
critical,6,unambiguous,short,comma,nonfinal,7,0,After,18.199451446533203
critical,6,unambiguous,short,comma,nonfinal,7,1,the,2.607591390609741
critical,6,unambiguous,short,comma,nonfinal,7,2,new,6.805398941040039
critical,6,unambiguous,short,comma,nonfinal,7,3,doctor,11.240687370300291
critical,6,unambiguous,short,comma,nonfinal,7,4,"left,",11.011425793170927
critical,6,unambiguous,short,comma,nonfinal,7,5,the,1.7615067958831787
critical,6,unambiguous,short,comma,nonfinal,7,6,operation,11.210189819335938
critical,6,unambiguous,short,comma,nonfinal,7,7,appeared,11.347992897033691
critical,6,unambiguous,short,comma,nonfinal,7,8,more,6.141178607940674
critical,6,unambiguous,short,comma,nonfinal,7,9,likely,9.439116477966309
critical,6,unambiguous,short,comma,nonfinal,7,10,to,0.7112184166908264
critical,6,unambiguous,short,comma,nonfinal,7,11,succeed.,6.3074318170547485
critical,6,unambiguous,long,comma,nonfinal,10,0,After,18.199451446533203
critical,6,unambiguous,long,comma,nonfinal,10,1,the,2.607591390609741
critical,6,unambiguous,long,comma,nonfinal,10,2,new,6.805398941040039
critical,6,unambiguous,long,comma,nonfinal,10,3,doctor,11.240687370300291
critical,6,unambiguous,long,comma,nonfinal,10,4,"left,",11.011425793170927
critical,6,unambiguous,long,comma,nonfinal,10,5,the,1.7615067958831787
critical,6,unambiguous,long,comma,nonfinal,10,6,operation,11.210189819335938
critical,6,unambiguous,long,comma,nonfinal,10,7,on,6.35311222076416
critical,6,unambiguous,long,comma,nonfinal,10,8,the,1.3764927387237549
critical,6,unambiguous,long,comma,nonfinal,10,9,brain,8.251592636108398
critical,6,unambiguous,long,comma,nonfinal,10,10,appeared,9.686767578125
critical,6,unambiguous,long,comma,nonfinal,10,11,more,6.400629997253418
critical,6,unambiguous,long,comma,nonfinal,10,12,likely,8.823668479919434
critical,6,unambiguous,long,comma,nonfinal,10,13,to,1.756630778312683
critical,6,unambiguous,long,comma,nonfinal,10,14,succeed.,5.944587230682373
critical,7,ambiguous,short,comma,final,6,0,While,18.67935943603516
critical,7,ambiguous,short,comma,final,6,1,the,7.724723815917969
critical,7,ambiguous,short,comma,final,6,2,mom,14.497143745422363
critical,7,ambiguous,short,comma,final,6,3,dressed,18.046894073486328
critical,7,ambiguous,short,comma,final,6,4,the,4.142855644226074
critical,7,ambiguous,short,comma,final,6,5,baby,3.422940492630005
critical,7,ambiguous,short,comma,final,6,6,cried.,23.331226348876957
critical,7,ambiguous,long,comma,final,8,0,While,18.67935943603516
critical,7,ambiguous,long,comma,final,8,1,the,7.724723815917969
critical,7,ambiguous,long,comma,final,8,2,mom,14.497143745422363
critical,7,ambiguous,long,comma,final,8,3,dressed,18.046894073486328
critical,7,ambiguous,long,comma,final,8,4,the,4.142855644226074
critical,7,ambiguous,long,comma,final,8,5,baby,3.422940492630005
critical,7,ambiguous,long,comma,final,8,6,she,11.21247100830078
critical,7,ambiguous,long,comma,final,8,7,adored,13.422879919409752
critical,7,ambiguous,long,comma,final,8,8,cried.,18.904294967651367
critical,7,unambiguous,short,comma,final,6,0,While,18.67935943603516
critical,7,unambiguous,short,comma,final,6,1,the,7.724723815917969
critical,7,unambiguous,short,comma,final,6,2,mom,14.497143745422363
critical,7,unambiguous,short,comma,final,6,3,"dressed,",25.516505241394043
critical,7,unambiguous,short,comma,final,6,4,the,2.439041376113892
critical,7,unambiguous,short,comma,final,6,5,baby,3.391550064086914
critical,7,unambiguous,short,comma,final,6,6,cried.,6.655956983566284
critical,7,unambiguous,long,comma,final,8,0,While,18.67935943603516
critical,7,unambiguous,long,comma,final,8,1,the,7.724723815917969
critical,7,unambiguous,long,comma,final,8,2,mom,14.497143745422363
critical,7,unambiguous,long,comma,final,8,3,"dressed,",25.516505241394043
critical,7,unambiguous,long,comma,final,8,4,the,2.439041376113892
critical,7,unambiguous,long,comma,final,8,5,baby,3.391550064086914
critical,7,unambiguous,long,comma,final,8,6,she,10.86476993560791
critical,7,unambiguous,long,comma,final,8,7,adored,9.977351646870376
critical,7,unambiguous,long,comma,final,8,8,cried.,9.496291875839232
critical,8,ambiguous,short,comma,nonfinal,6,0,As,18.614641189575195
critical,8,ambiguous,short,comma,nonfinal,6,1,the,3.726273775100708
critical,8,ambiguous,short,comma,nonfinal,6,2,crowd,11.919496536254885
critical,8,ambiguous,short,comma,nonfinal,6,3,applauded,6.751813411712647
critical,8,ambiguous,short,comma,nonfinal,6,4,the,3.898641586303711
critical,8,ambiguous,short,comma,nonfinal,6,5,cast,12.110133171081545
critical,8,ambiguous,short,comma,nonfinal,6,6,came,11.532179832458496
critical,8,ambiguous,short,comma,nonfinal,6,7,back,5.484892845153809
critical,8,ambiguous,short,comma,nonfinal,6,8,on,3.837959289550781
critical,8,ambiguous,short,comma,nonfinal,6,9,stage,0.551013171672821
critical,8,ambiguous,short,comma,nonfinal,6,10,and,1.9958765506744385
critical,8,ambiguous,short,comma,nonfinal,6,11,waived.,21.893132209777832
critical,8,ambiguous,long,comma,nonfinal,9,0,As,18.614641189575195
critical,8,ambiguous,long,comma,nonfinal,9,1,the,3.726273775100708
critical,8,ambiguous,long,comma,nonfinal,9,2,crowd,11.919496536254885
critical,8,ambiguous,long,comma,nonfinal,9,3,applauded,6.751813411712647
critical,8,ambiguous,long,comma,nonfinal,9,4,the,3.898641586303711
critical,8,ambiguous,long,comma,nonfinal,9,5,cast,12.110133171081545
critical,8,ambiguous,long,comma,nonfinal,9,6,for,7.659950256347656
critical,8,ambiguous,long,comma,nonfinal,9,7,the,3.995795249938965
critical,8,ambiguous,long,comma,nonfinal,9,8,play,8.693900108337402
critical,8,ambiguous,long,comma,nonfinal,9,9,came,14.525744438171388
critical,8,ambiguous,long,comma,nonfinal,9,10,back,8.108028411865234
critical,8,ambiguous,long,comma,nonfinal,9,11,on,4.600871562957764
critical,8,ambiguous,long,comma,nonfinal,9,12,stage,2.803762912750244
critical,8,ambiguous,long,comma,nonfinal,9,13,and,2.424212455749512
critical,8,ambiguous,long,comma,nonfinal,9,14,waived.,24.85535764694214
critical,8,unambiguous,short,comma,nonfinal,6,0,As,18.614641189575195
critical,8,unambiguous,short,comma,nonfinal,6,1,the,3.726273775100708
critical,8,unambiguous,short,comma,nonfinal,6,2,crowd,11.919496536254885
critical,8,unambiguous,short,comma,nonfinal,6,3,"applauded,",7.501275300979614
critical,8,unambiguous,short,comma,nonfinal,6,4,the,2.400270938873291
critical,8,unambiguous,short,comma,nonfinal,6,5,cast,12.109251976013184
critical,8,unambiguous,short,comma,nonfinal,6,6,came,7.977199077606201
critical,8,unambiguous,short,comma,nonfinal,6,7,back,5.111530780792236
critical,8,unambiguous,short,comma,nonfinal,6,8,on,3.359236717224121
critical,8,unambiguous,short,comma,nonfinal,6,9,stage,0.3407320380210876
critical,8,unambiguous,short,comma,nonfinal,6,10,and,2.1529476642608643
critical,8,unambiguous,short,comma,nonfinal,6,11,waived.,20.62156343460083
critical,8,unambiguous,long,comma,nonfinal,9,0,As,18.614641189575195
critical,8,unambiguous,long,comma,nonfinal,9,1,the,3.726273775100708
critical,8,unambiguous,long,comma,nonfinal,9,2,crowd,11.919496536254885
critical,8,unambiguous,long,comma,nonfinal,9,3,"applauded,",7.501275300979614
critical,8,unambiguous,long,comma,nonfinal,9,4,the,2.400270938873291
critical,8,unambiguous,long,comma,nonfinal,9,5,cast,12.109251976013184
critical,8,unambiguous,long,comma,nonfinal,9,6,for,11.735343933105469
critical,8,unambiguous,long,comma,nonfinal,9,7,the,1.2360682487487793
critical,8,unambiguous,long,comma,nonfinal,9,8,play,5.634185791015625
critical,8,unambiguous,long,comma,nonfinal,9,9,came,4.827951908111572
critical,8,unambiguous,long,comma,nonfinal,9,10,back,6.524058818817139
critical,8,unambiguous,long,comma,nonfinal,9,11,on,3.513025045394897
critical,8,unambiguous,long,comma,nonfinal,9,12,stage,0.2327241748571396
critical,8,unambiguous,long,comma,nonfinal,9,13,and,2.420544385910034
critical,8,unambiguous,long,comma,nonfinal,9,14,waived.,22.052939891815186
critical,9,ambiguous,short,object,nonfinal,6,0,Because,23.8723201751709
critical,9,ambiguous,short,object,nonfinal,6,1,the,8.490399360656738
critical,9,ambiguous,short,object,nonfinal,6,2,mechanic,15.26954174041748
critical,9,ambiguous,short,object,nonfinal,6,3,stopped,10.326089859008787
critical,9,ambiguous,short,object,nonfinal,6,4,the,2.706258535385132
critical,9,ambiguous,short,object,nonfinal,6,5,truck,6.360587120056152
critical,9,ambiguous,short,object,nonfinal,6,6,needed,16.1488094329834
critical,9,ambiguous,short,object,nonfinal,6,7,several,10.615765571594238
critical,9,ambiguous,short,object,nonfinal,6,8,more,6.60014533996582
critical,9,ambiguous,short,object,nonfinal,6,9,hours,1.3469406366348269
critical,9,ambiguous,short,object,nonfinal,6,10,before,5.464656352996826
critical,9,ambiguous,short,object,nonfinal,6,11,it,2.3902313709259038
critical,9,ambiguous,short,object,nonfinal,6,12,was,1.9854172468185425
critical,9,ambiguous,short,object,nonfinal,6,13,ready.,5.153764247894287
critical,9,ambiguous,long,object,nonfinal,8,0,Because,23.8723201751709
critical,9,ambiguous,long,object,nonfinal,8,1,the,8.490399360656738
critical,9,ambiguous,long,object,nonfinal,8,2,mechanic,15.26954174041748
critical,9,ambiguous,long,object,nonfinal,8,3,stopped,10.326089859008787
critical,9,ambiguous,long,object,nonfinal,8,4,the,2.706258535385132
critical,9,ambiguous,long,object,nonfinal,8,5,truck,6.360587120056152
critical,9,ambiguous,long,object,nonfinal,8,6,leaking,17.232925415039062
critical,9,ambiguous,long,object,nonfinal,8,7,oil,4.093952178955078
critical,9,ambiguous,long,object,nonfinal,8,8,needed,17.65315055847168
critical,9,ambiguous,long,object,nonfinal,8,9,several,9.990175247192385
critical,9,ambiguous,long,object,nonfinal,8,10,more,6.524939060211182
critical,9,ambiguous,long,object,nonfinal,8,11,hours,1.3767417669296265
critical,9,ambiguous,long,object,nonfinal,8,12,before,4.505659103393555
critical,9,ambiguous,long,object,nonfinal,8,13,it,1.8926539421081543
critical,9,ambiguous,long,object,nonfinal,8,14,was,1.6398394107818604
critical,9,ambiguous,long,object,nonfinal,8,15,ready.,6.396527528762817
critical,9,unambiguous,short,object,nonfinal,8,0,Because,23.8723201751709
critical,9,unambiguous,short,object,nonfinal,8,1,the,8.490399360656738
critical,9,unambiguous,short,object,nonfinal,8,2,mechanic,15.26954174041748
critical,9,unambiguous,short,object,nonfinal,8,3,stopped,10.326089859008787
critical,9,unambiguous,short,object,nonfinal,8,4,the,2.706258535385132
critical,9,unambiguous,short,object,nonfinal,8,5,repairs,11.589157104492188
critical,9,unambiguous,short,object,nonfinal,8,6,the,6.6758575439453125
critical,9,unambiguous,short,object,nonfinal,8,7,truck,8.233251571655273
critical,9,unambiguous,short,object,nonfinal,8,8,needed,5.985684394836426
critical,9,unambiguous,short,object,nonfinal,8,9,several,8.317939758300781
critical,9,unambiguous,short,object,nonfinal,8,10,more,4.530768871307373
critical,9,unambiguous,short,object,nonfinal,8,11,hours,0.9072648882865906
critical,9,unambiguous,short,object,nonfinal,8,12,before,4.596147060394287
critical,9,unambiguous,short,object,nonfinal,8,13,it,1.6045321226119995
critical,9,unambiguous,short,object,nonfinal,8,14,was,1.479314923286438
critical,9,unambiguous,short,object,nonfinal,8,15,ready.,5.084473013877869
critical,9,unambiguous,long,object,nonfinal,10,0,Because,23.8723201751709
critical,9,unambiguous,long,object,nonfinal,10,1,the,8.490399360656738
critical,9,unambiguous,long,object,nonfinal,10,2,mechanic,15.26954174041748
critical,9,unambiguous,long,object,nonfinal,10,3,stopped,10.326089859008787
critical,9,unambiguous,long,object,nonfinal,10,4,the,2.706258535385132
critical,9,unambiguous,long,object,nonfinal,10,5,repairs,11.589157104492188
critical,9,unambiguous,long,object,nonfinal,10,6,the,6.6758575439453125
critical,9,unambiguous,long,object,nonfinal,10,7,truck,8.233251571655273
critical,9,unambiguous,long,object,nonfinal,10,8,leaking,18.240720748901367
critical,9,unambiguous,long,object,nonfinal,10,9,oil,3.847381114959717
critical,9,unambiguous,long,object,nonfinal,10,10,needed,11.912055015563965
critical,9,unambiguous,long,object,nonfinal,10,11,several,9.156597137451172
critical,9,unambiguous,long,object,nonfinal,10,12,more,5.590426921844482
critical,9,unambiguous,long,object,nonfinal,10,13,hours,0.946223795413971
critical,9,unambiguous,long,object,nonfinal,10,14,before,3.716622114181519
critical,9,unambiguous,long,object,nonfinal,10,15,it,1.480250597000122
critical,9,unambiguous,long,object,nonfinal,10,16,was,1.7550705671310425
critical,9,unambiguous,long,object,nonfinal,10,17,ready.,7.656219005584717
critical,10,ambiguous,short,comma,nonfinal,6,0,When,16.867366790771484
critical,10,ambiguous,short,comma,nonfinal,6,1,the,2.8016703128814697
critical,10,ambiguous,short,comma,nonfinal,6,2,boy,11.448540687561035
critical,10,ambiguous,short,comma,nonfinal,6,3,hid,12.957439422607422
critical,10,ambiguous,short,comma,nonfinal,6,4,his,3.1112983226776123
critical,10,ambiguous,short,comma,nonfinal,6,5,toy,6.450846195220947
critical,10,ambiguous,short,comma,nonfinal,6,6,fell,18.913049697875977
critical,10,ambiguous,short,comma,nonfinal,6,7,off,3.7360823154449454
critical,10,ambiguous,short,comma,nonfinal,6,8,the,1.3262311220169067
critical,10,ambiguous,short,comma,nonfinal,6,9,table.,6.435516595840454
critical,10,ambiguous,long,comma,nonfinal,8,0,When,16.867366790771484
critical,10,ambiguous,long,comma,nonfinal,8,1,the,2.8016703128814697
critical,10,ambiguous,long,comma,nonfinal,8,2,boy,11.448540687561035
critical,10,ambiguous,long,comma,nonfinal,8,3,hid,12.957439422607422
critical,10,ambiguous,long,comma,nonfinal,8,4,his,3.1112983226776123
critical,10,ambiguous,long,comma,nonfinal,8,5,toy,6.450846195220947
critical,10,ambiguous,long,comma,nonfinal,8,6,from,5.076173782348633
critical,10,ambiguous,long,comma,nonfinal,8,7,childhood,18.62572860717773
critical,10,ambiguous,long,comma,nonfinal,8,8,fell,19.165847778320312
critical,10,ambiguous,long,comma,nonfinal,8,9,off,5.355589389801025
critical,10,ambiguous,long,comma,nonfinal,8,10,the,1.5411103963851929
critical,10,ambiguous,long,comma,nonfinal,8,11,table.,9.74323797225952
critical,10,unambiguous,short,comma,nonfinal,6,0,When,16.867366790771484
critical,10,unambiguous,short,comma,nonfinal,6,1,the,2.8016703128814697
critical,10,unambiguous,short,comma,nonfinal,6,2,boy,11.448540687561035
critical,10,unambiguous,short,comma,nonfinal,6,3,"hid,",16.05043864250183
critical,10,unambiguous,short,comma,nonfinal,6,4,his,3.495548725128174
critical,10,unambiguous,short,comma,nonfinal,6,5,toy,9.99117660522461
critical,10,unambiguous,short,comma,nonfinal,6,6,fell,9.577553749084473
critical,10,unambiguous,short,comma,nonfinal,6,7,off,3.17866325378418
critical,10,unambiguous,short,comma,nonfinal,6,8,the,1.1643555164337158
critical,10,unambiguous,short,comma,nonfinal,6,9,table.,5.253664016723633
critical,10,unambiguous,long,comma,nonfinal,8,0,When,16.867366790771484
critical,10,unambiguous,long,comma,nonfinal,8,1,the,2.8016703128814697
critical,10,unambiguous,long,comma,nonfinal,8,2,boy,11.448540687561035
critical,10,unambiguous,long,comma,nonfinal,8,3,"hid,",16.05043864250183
critical,10,unambiguous,long,comma,nonfinal,8,4,his,3.495548725128174
critical,10,unambiguous,long,comma,nonfinal,8,5,toy,9.99117660522461
critical,10,unambiguous,long,comma,nonfinal,8,6,from,11.187801361083984
critical,10,unambiguous,long,comma,nonfinal,8,7,childhood,15.047653198242188
critical,10,unambiguous,long,comma,nonfinal,8,8,fell,7.374730110168457
critical,10,unambiguous,long,comma,nonfinal,8,9,off,3.908576726913452
critical,10,unambiguous,long,comma,nonfinal,8,10,the,1.493282675743103
critical,10,unambiguous,long,comma,nonfinal,8,11,table.,5.568760991096497
critical,11,ambiguous,short,comma,final,10,0,Whenever,21.57496833801269
critical,11,ambiguous,short,comma,final,10,1,the,4.322214126586914
critical,11,ambiguous,short,comma,final,10,2,wildlife,16.22827911376953
critical,11,ambiguous,short,comma,final,10,3,documentary,12.550707817077637
critical,11,ambiguous,short,comma,final,10,4,crew,7.428605079650879
critical,11,ambiguous,short,comma,final,10,5,tries,8.73338794708252
critical,11,ambiguous,short,comma,final,10,6,to,0.0793624222278595
critical,11,ambiguous,short,comma,final,10,7,film,3.4979097843170166
critical,11,ambiguous,short,comma,final,10,8,the,2.582750082015991
critical,11,ambiguous,short,comma,final,10,9,bear,9.637266159057615
critical,11,ambiguous,short,comma,final,10,10,leaves.,22.951749324798584
critical,11,ambiguous,long,comma,final,12,0,Whenever,21.57496833801269
critical,11,ambiguous,long,comma,final,12,1,the,4.322214126586914
critical,11,ambiguous,long,comma,final,12,2,wildlife,16.22827911376953
critical,11,ambiguous,long,comma,final,12,3,documentary,12.550707817077637
critical,11,ambiguous,long,comma,final,12,4,crew,7.428605079650879
critical,11,ambiguous,long,comma,final,12,5,tries,8.73338794708252
critical,11,ambiguous,long,comma,final,12,6,to,0.0793624222278595
critical,11,ambiguous,long,comma,final,12,7,film,3.4979097843170166
critical,11,ambiguous,long,comma,final,12,8,the,2.582750082015991
critical,11,ambiguous,long,comma,final,12,9,bear,9.637266159057615
critical,11,ambiguous,long,comma,final,12,10,hunting,9.404009819030762
critical,11,ambiguous,long,comma,final,12,11,cautiously,16.383634567260742
critical,11,ambiguous,long,comma,final,12,12,leaves.,22.840192794799805
critical,11,unambiguous,short,comma,final,10,0,Whenever,21.57496833801269
critical,11,unambiguous,short,comma,final,10,1,the,4.322214126586914
critical,11,unambiguous,short,comma,final,10,2,wildlife,16.22827911376953
critical,11,unambiguous,short,comma,final,10,3,documentary,12.550707817077637
critical,11,unambiguous,short,comma,final,10,4,crew,7.428605079650879
critical,11,unambiguous,short,comma,final,10,5,tries,8.73338794708252
critical,11,unambiguous,short,comma,final,10,6,to,0.0793624222278595
critical,11,unambiguous,short,comma,final,10,7,"film,",10.465291738510132
critical,11,unambiguous,short,comma,final,10,8,the,2.8535938262939453
critical,11,unambiguous,short,comma,final,10,9,bear,7.555269241333008
critical,11,unambiguous,short,comma,final,10,10,leaves.,11.377505540847778
critical,11,unambiguous,long,comma,final,12,0,Whenever,21.57496833801269
critical,11,unambiguous,long,comma,final,12,1,the,4.322214126586914
critical,11,unambiguous,long,comma,final,12,2,wildlife,16.22827911376953
critical,11,unambiguous,long,comma,final,12,3,documentary,12.550707817077637
critical,11,unambiguous,long,comma,final,12,4,crew,7.428605079650879
critical,11,unambiguous,long,comma,final,12,5,tries,8.73338794708252
critical,11,unambiguous,long,comma,final,12,6,to,0.0793624222278595
critical,11,unambiguous,long,comma,final,12,7,"film,",10.465291738510132
critical,11,unambiguous,long,comma,final,12,8,the,2.8535938262939453
critical,11,unambiguous,long,comma,final,12,9,bear,7.555269241333008
critical,11,unambiguous,long,comma,final,12,10,hunting,15.731267929077148
critical,11,unambiguous,long,comma,final,12,11,cautiously,16.288118362426758
critical,11,unambiguous,long,comma,final,12,12,leaves.,10.878893375396729
critical,12,ambiguous,short,object,nonfinal,6,0,After,18.199451446533203
critical,12,ambiguous,short,object,nonfinal,6,1,the,2.607591390609741
critical,12,ambiguous,short,object,nonfinal,6,2,tutor,17.277915954589844
critical,12,ambiguous,short,object,nonfinal,6,3,explained,9.62646770477295
critical,12,ambiguous,short,object,nonfinal,6,4,the,0.9229387044906616
critical,12,ambiguous,short,object,nonfinal,6,5,problem,3.940227031707764
critical,12,ambiguous,short,object,nonfinal,6,6,was,14.364984512329102
critical,12,ambiguous,short,object,nonfinal,6,7,no,8.930962562561035
critical,12,ambiguous,short,object,nonfinal,6,8,longer,0.8765914440155029
critical,12,ambiguous,short,object,nonfinal,6,9,difficult,5.473658561706543
critical,12,ambiguous,short,object,nonfinal,6,10,for,2.7950098514556885
critical,12,ambiguous,short,object,nonfinal,6,11,the,2.48669171333313
critical,12,ambiguous,short,object,nonfinal,6,12,student.,5.322786092758179
critical,12,ambiguous,long,object,nonfinal,9,0,After,18.199451446533203
critical,12,ambiguous,long,object,nonfinal,9,1,the,2.607591390609741
critical,12,ambiguous,long,object,nonfinal,9,2,tutor,17.277915954589844
critical,12,ambiguous,long,object,nonfinal,9,3,explained,9.62646770477295
critical,12,ambiguous,long,object,nonfinal,9,4,the,0.9229387044906616
critical,12,ambiguous,long,object,nonfinal,9,5,problem,3.940227031707764
critical,12,ambiguous,long,object,nonfinal,9,6,for,9.207175254821776
critical,12,ambiguous,long,object,nonfinal,9,7,extra,12.458066940307615
critical,12,ambiguous,long,object,nonfinal,9,8,credit,2.9927072525024414
critical,12,ambiguous,long,object,nonfinal,9,9,was,14.2899751663208
critical,12,ambiguous,long,object,nonfinal,9,10,no,8.390890121459961
critical,12,ambiguous,long,object,nonfinal,9,11,longer,1.8552112579345703
critical,12,ambiguous,long,object,nonfinal,9,12,difficult,8.381863594055176
critical,12,ambiguous,long,object,nonfinal,9,13,for,2.6101765632629395
critical,12,ambiguous,long,object,nonfinal,9,14,the,2.393549919128418
critical,12,ambiguous,long,object,nonfinal,9,15,student.,4.617026925086975
critical,12,unambiguous,short,object,nonfinal,8,0,After,18.199451446533203
critical,12,unambiguous,short,object,nonfinal,8,1,the,2.607591390609741
critical,12,unambiguous,short,object,nonfinal,8,2,tutor,17.277915954589844
critical,12,unambiguous,short,object,nonfinal,8,3,explained,9.62646770477295
critical,12,unambiguous,short,object,nonfinal,8,4,the,0.9229387044906616
critical,12,unambiguous,short,object,nonfinal,8,5,concepts,5.044550895690918
critical,12,unambiguous,short,object,nonfinal,8,6,the,8.970166206359863
critical,12,unambiguous,short,object,nonfinal,8,7,problem,8.24278450012207
critical,12,unambiguous,short,object,nonfinal,8,8,was,4.22714900970459
critical,12,unambiguous,short,object,nonfinal,8,9,no,7.192285537719727
critical,12,unambiguous,short,object,nonfinal,8,10,longer,0.1778851002454757
critical,12,unambiguous,short,object,nonfinal,8,11,difficult,3.118821382522583
critical,12,unambiguous,short,object,nonfinal,8,12,for,2.624521255493164
critical,12,unambiguous,short,object,nonfinal,8,13,the,2.5193159580230717
critical,12,unambiguous,short,object,nonfinal,8,14,student.,3.106058955192566
critical,12,unambiguous,long,object,nonfinal,11,0,After,18.199451446533203
critical,12,unambiguous,long,object,nonfinal,11,1,the,2.607591390609741
critical,12,unambiguous,long,object,nonfinal,11,2,tutor,17.277915954589844
critical,12,unambiguous,long,object,nonfinal,11,3,explained,9.62646770477295
critical,12,unambiguous,long,object,nonfinal,11,4,the,0.9229387044906616
critical,12,unambiguous,long,object,nonfinal,11,5,concepts,5.044550895690918
critical,12,unambiguous,long,object,nonfinal,11,6,the,8.970166206359863
critical,12,unambiguous,long,object,nonfinal,11,7,problem,8.24278450012207
critical,12,unambiguous,long,object,nonfinal,11,8,for,7.708800315856934
critical,12,unambiguous,long,object,nonfinal,11,9,extra,11.365635871887209
critical,12,unambiguous,long,object,nonfinal,11,10,credit,2.951835870742798
critical,12,unambiguous,long,object,nonfinal,11,11,was,8.57713508605957
critical,12,unambiguous,long,object,nonfinal,11,12,no,9.189224243164062
critical,12,unambiguous,long,object,nonfinal,11,13,longer,1.1267504692077637
critical,12,unambiguous,long,object,nonfinal,11,14,difficult,5.808883190155029
critical,12,unambiguous,long,object,nonfinal,11,15,for,3.14729905128479
critical,12,unambiguous,long,object,nonfinal,11,16,the,2.2459545135498047
critical,12,unambiguous,long,object,nonfinal,11,17,student.,4.179734230041504
critical,13,ambiguous,short,object,final,7,0,When,16.867366790771484
critical,13,ambiguous,short,object,final,7,1,the,2.8016703128814697
critical,13,ambiguous,short,object,final,7,2,original,9.515969276428224
critical,13,ambiguous,short,object,final,7,3,members,12.661029815673828
critical,13,ambiguous,short,object,final,7,4,left,5.699795246124268
critical,13,ambiguous,short,object,final,7,5,the,2.027148485183716
critical,13,ambiguous,short,object,final,7,6,company,4.155019760131836
critical,13,ambiguous,short,object,final,7,7,failed.,23.793921947479248
critical,13,ambiguous,long,object,final,11,0,When,16.867366790771484
critical,13,ambiguous,long,object,final,11,1,the,2.8016703128814697
critical,13,ambiguous,long,object,final,11,2,original,9.515969276428224
critical,13,ambiguous,long,object,final,11,3,members,12.661029815673828
critical,13,ambiguous,long,object,final,11,4,left,5.699795246124268
critical,13,ambiguous,long,object,final,11,5,the,2.027148485183716
critical,13,ambiguous,long,object,final,11,6,company,4.155019760131836
critical,13,ambiguous,long,object,final,11,7,that,9.480768203735352
critical,13,ambiguous,long,object,final,11,8,was,3.824339628219605
critical,13,ambiguous,long,object,final,11,9,recently,9.525166511535645
critical,13,ambiguous,long,object,final,11,10,acquired,2.194157361984253
critical,13,ambiguous,long,object,final,11,11,failed.,23.90246963500977
critical,13,unambiguous,short,object,final,10,0,When,16.867366790771484
critical,13,unambiguous,short,object,final,10,1,the,2.8016703128814697
critical,13,unambiguous,short,object,final,10,2,original,9.515969276428224
critical,13,unambiguous,short,object,final,10,3,members,12.661029815673828
critical,13,unambiguous,short,object,final,10,4,left,5.699795246124268
critical,13,unambiguous,short,object,final,10,5,the,2.027148485183716
critical,13,unambiguous,short,object,final,10,6,engineering,14.701348304748535
critical,13,unambiguous,short,object,final,10,7,team,3.640369176864624
critical,13,unambiguous,short,object,final,10,8,the,8.414198875427246
critical,13,unambiguous,short,object,final,10,9,company,4.631496906280518
critical,13,unambiguous,short,object,final,10,10,failed.,14.454894065856934
critical,13,unambiguous,long,object,final,14,0,When,16.867366790771484
critical,13,unambiguous,long,object,final,14,1,the,2.8016703128814697
critical,13,unambiguous,long,object,final,14,2,original,9.515969276428224
critical,13,unambiguous,long,object,final,14,3,members,12.661029815673828
critical,13,unambiguous,long,object,final,14,4,left,5.699795246124268
critical,13,unambiguous,long,object,final,14,5,the,2.027148485183716
critical,13,unambiguous,long,object,final,14,6,engineering,14.701348304748535
critical,13,unambiguous,long,object,final,14,7,team,3.640369176864624
critical,13,unambiguous,long,object,final,14,8,the,8.414198875427246
critical,13,unambiguous,long,object,final,14,9,company,4.631496906280518
critical,13,unambiguous,long,object,final,14,10,that,8.753076553344727
critical,13,unambiguous,long,object,final,14,11,was,2.9117956161499023
critical,13,unambiguous,long,object,final,14,12,recently,11.53647518157959
critical,13,unambiguous,long,object,final,14,13,acquired,2.653590440750122
critical,13,unambiguous,long,object,final,14,14,failed.,13.308566570281982
critical,14,ambiguous,short,object,nonfinal,6,0,Because,23.8723201751709
critical,14,ambiguous,short,object,nonfinal,6,1,the,8.490399360656738
critical,14,ambiguous,short,object,nonfinal,6,2,student,9.815041542053224
critical,14,ambiguous,short,object,nonfinal,6,3,left,10.487375259399414
critical,14,ambiguous,short,object,nonfinal,6,4,the,2.238746404647827
critical,14,ambiguous,short,object,nonfinal,6,5,backpack,13.613934516906738
critical,14,ambiguous,short,object,nonfinal,6,6,was,7.960832118988037
critical,14,ambiguous,short,object,nonfinal,6,7,put,8.462325096130371
critical,14,ambiguous,short,object,nonfinal,6,8,in,1.4952309131622314
critical,14,ambiguous,short,object,nonfinal,6,9,lost,15.12369441986084
critical,14,ambiguous,short,object,nonfinal,6,10,and,0.4982818961143493
critical,14,ambiguous,short,object,nonfinal,6,11,found.,3.4673820436000824
critical,14,ambiguous,long,object,nonfinal,9,0,Because,23.8723201751709
critical,14,ambiguous,long,object,nonfinal,9,1,the,8.490399360656738
critical,14,ambiguous,long,object,nonfinal,9,2,student,9.815041542053224
critical,14,ambiguous,long,object,nonfinal,9,3,left,10.487375259399414
critical,14,ambiguous,long,object,nonfinal,9,4,the,2.238746404647827
critical,14,ambiguous,long,object,nonfinal,9,5,backpack,13.613934516906738
critical,14,ambiguous,long,object,nonfinal,9,6,he,8.373245239257812
critical,14,ambiguous,long,object,nonfinal,9,7,just,6.85341215133667
critical,14,ambiguous,long,object,nonfinal,9,8,bought,3.10312557220459
critical,14,ambiguous,long,object,nonfinal,9,9,was,6.643731117248535
critical,14,ambiguous,long,object,nonfinal,9,10,put,8.563133239746094
critical,14,ambiguous,long,object,nonfinal,9,11,in,1.745010256767273
critical,14,ambiguous,long,object,nonfinal,9,12,lost,15.06617259979248
critical,14,ambiguous,long,object,nonfinal,9,13,and,0.4919776916503906
critical,14,ambiguous,long,object,nonfinal,9,14,found.,2.9015233665704727
critical,14,unambiguous,short,object,nonfinal,8,0,Because,23.8723201751709
critical,14,unambiguous,short,object,nonfinal,8,1,the,8.490399360656738
critical,14,unambiguous,short,object,nonfinal,8,2,student,9.815041542053224
critical,14,unambiguous,short,object,nonfinal,8,3,left,10.487375259399414
critical,14,unambiguous,short,object,nonfinal,8,4,the,2.238746404647827
critical,14,unambiguous,short,object,nonfinal,8,5,room,4.877711296081543
critical,14,unambiguous,short,object,nonfinal,8,6,the,6.9908552169799805
critical,14,unambiguous,short,object,nonfinal,8,7,backpack,15.064213752746582
critical,14,unambiguous,short,object,nonfinal,8,8,was,1.309630036354065
critical,14,unambiguous,short,object,nonfinal,8,9,put,7.8662495613098145
critical,14,unambiguous,short,object,nonfinal,8,10,in,1.491994857788086
critical,14,unambiguous,short,object,nonfinal,8,11,lost,14.77036952972412
critical,14,unambiguous,short,object,nonfinal,8,12,and,0.3984108865261078
critical,14,unambiguous,short,object,nonfinal,8,13,found.,2.6848527640104294
critical,14,unambiguous,long,object,nonfinal,11,0,Because,23.8723201751709
critical,14,unambiguous,long,object,nonfinal,11,1,the,8.490399360656738
critical,14,unambiguous,long,object,nonfinal,11,2,student,9.815041542053224
critical,14,unambiguous,long,object,nonfinal,11,3,left,10.487375259399414
critical,14,unambiguous,long,object,nonfinal,11,4,the,2.238746404647827
critical,14,unambiguous,long,object,nonfinal,11,5,room,4.877711296081543
critical,14,unambiguous,long,object,nonfinal,11,6,the,6.9908552169799805
critical,14,unambiguous,long,object,nonfinal,11,7,backpack,15.064213752746582
critical,14,unambiguous,long,object,nonfinal,11,8,he,7.328455924987793
critical,14,unambiguous,long,object,nonfinal,11,9,just,7.275736808776855
critical,14,unambiguous,long,object,nonfinal,11,10,bought,4.076192378997803
critical,14,unambiguous,long,object,nonfinal,11,11,was,2.001649618148804
critical,14,unambiguous,long,object,nonfinal,11,12,put,8.557307243347168
critical,14,unambiguous,long,object,nonfinal,11,13,in,2.0364341735839844
critical,14,unambiguous,long,object,nonfinal,11,14,lost,13.278278350830078
critical,14,unambiguous,long,object,nonfinal,11,15,and,0.4155238270759582
critical,14,unambiguous,long,object,nonfinal,11,16,found.,2.69958009570837
critical,15,ambiguous,short,object,nonfinal,7,0,Once,20.057292938232425
critical,15,ambiguous,short,object,nonfinal,7,1,the,2.9064571857452397
critical,15,ambiguous,short,object,nonfinal,7,2,new,7.783871650695801
critical,15,ambiguous,short,object,nonfinal,7,3,assistant,14.618876457214355
critical,15,ambiguous,short,object,nonfinal,7,4,started,10.068896293640137
critical,15,ambiguous,short,object,nonfinal,7,5,the,5.491791248321533
critical,15,ambiguous,short,object,nonfinal,7,6,job,4.420881271362305
critical,15,ambiguous,short,object,nonfinal,7,7,became,18.18886947631836
critical,15,ambiguous,short,object,nonfinal,7,8,much,5.099457740783691
critical,15,ambiguous,short,object,nonfinal,7,9,easier,2.019571542739868
critical,15,ambiguous,short,object,nonfinal,7,10,for,3.933521032333374
critical,15,ambiguous,short,object,nonfinal,7,11,her,3.5373034477233887
critical,15,ambiguous,short,object,nonfinal,7,12,boss.,10.368538618087769
critical,15,ambiguous,long,object,nonfinal,11,0,Once,20.057292938232425
critical,15,ambiguous,long,object,nonfinal,11,1,the,2.9064571857452397
critical,15,ambiguous,long,object,nonfinal,11,2,new,7.783871650695801
critical,15,ambiguous,long,object,nonfinal,11,3,assistant,14.618876457214355
critical,15,ambiguous,long,object,nonfinal,11,4,started,10.068896293640137
critical,15,ambiguous,long,object,nonfinal,11,5,the,5.491791248321533
critical,15,ambiguous,long,object,nonfinal,11,6,job,4.420881271362305
critical,15,ambiguous,long,object,nonfinal,11,7,as,8.024723052978516
critical,15,ambiguous,long,object,nonfinal,11,8,an,4.03929328918457
critical,15,ambiguous,long,object,nonfinal,11,9,executive,9.003304481506348
critical,15,ambiguous,long,object,nonfinal,11,10,manager,6.634464740753174
critical,15,ambiguous,long,object,nonfinal,11,11,became,14.813260078430176
critical,15,ambiguous,long,object,nonfinal,11,12,much,8.65338134765625
critical,15,ambiguous,long,object,nonfinal,11,13,easier,4.995883941650391
critical,15,ambiguous,long,object,nonfinal,11,14,for,3.680376529693604
critical,15,ambiguous,long,object,nonfinal,11,15,her,2.8391473293304443
critical,15,ambiguous,long,object,nonfinal,11,16,boss.,10.257052302360536
critical,15,unambiguous,short,object,nonfinal,8,0,Once,20.057292938232425
critical,15,unambiguous,short,object,nonfinal,8,1,the,2.9064571857452397
critical,15,unambiguous,short,object,nonfinal,8,2,new,7.783871650695801
critical,15,unambiguous,short,object,nonfinal,8,3,assistant,14.618876457214355
critical,15,unambiguous,short,object,nonfinal,8,4,started,10.068896293640137
critical,15,unambiguous,short,object,nonfinal,8,5,work,5.17497444152832
critical,15,unambiguous,short,object,nonfinal,8,6,the,5.9341139793396
critical,15,unambiguous,short,object,nonfinal,8,7,job,8.042643547058105
critical,15,unambiguous,short,object,nonfinal,8,8,became,5.536025047302246
critical,15,unambiguous,short,object,nonfinal,8,9,much,3.3242733478546143
critical,15,unambiguous,short,object,nonfinal,8,10,easier,1.9219900369644165
critical,15,unambiguous,short,object,nonfinal,8,11,for,3.806011915206909
critical,15,unambiguous,short,object,nonfinal,8,12,her,2.715160369873047
critical,15,unambiguous,short,object,nonfinal,8,13,boss.,12.16995894908905
critical,15,unambiguous,long,object,nonfinal,12,0,Once,20.057292938232425
critical,15,unambiguous,long,object,nonfinal,12,1,the,2.9064571857452397
critical,15,unambiguous,long,object,nonfinal,12,2,new,7.783871650695801
critical,15,unambiguous,long,object,nonfinal,12,3,assistant,14.618876457214355
critical,15,unambiguous,long,object,nonfinal,12,4,started,10.068896293640137
critical,15,unambiguous,long,object,nonfinal,12,5,work,5.17497444152832
critical,15,unambiguous,long,object,nonfinal,12,6,the,5.9341139793396
critical,15,unambiguous,long,object,nonfinal,12,7,job,8.042643547058105
critical,15,unambiguous,long,object,nonfinal,12,8,as,9.82236385345459
critical,15,unambiguous,long,object,nonfinal,12,9,an,7.29405403137207
critical,15,unambiguous,long,object,nonfinal,12,10,executive,6.800445556640625
critical,15,unambiguous,long,object,nonfinal,12,11,manager,5.571845531463623
critical,15,unambiguous,long,object,nonfinal,12,12,became,7.393307209014893
critical,15,unambiguous,long,object,nonfinal,12,13,much,4.930620193481445
critical,15,unambiguous,long,object,nonfinal,12,14,easier,1.6060757637023926
critical,15,unambiguous,long,object,nonfinal,12,15,for,3.4323389530181885
critical,15,unambiguous,long,object,nonfinal,12,16,her,2.423752784729004
critical,15,unambiguous,long,object,nonfinal,12,17,boss.,11.180953025817873
critical,16,ambiguous,short,object,nonfinal,8,0,When,16.867366790771484
critical,16,ambiguous,short,object,nonfinal,8,1,the,2.8016703128814697
critical,16,ambiguous,short,object,nonfinal,8,2,magician,15.130556106567385
critical,16,ambiguous,short,object,nonfinal,8,3,tried,10.08887767791748
critical,16,ambiguous,short,object,nonfinal,8,4,to,0.2597295641899109
critical,16,ambiguous,short,object,nonfinal,8,5,juggle,12.492943555116652
critical,16,ambiguous,short,object,nonfinal,8,6,the,3.410385608673096
critical,16,ambiguous,short,object,nonfinal,8,7,torches,18.24557065963745
critical,16,ambiguous,short,object,nonfinal,8,8,fell,22.073768615722656
critical,16,ambiguous,short,object,nonfinal,8,9,down.,5.661558866500855
critical,16,ambiguous,long,object,nonfinal,10,0,When,16.867366790771484
critical,16,ambiguous,long,object,nonfinal,10,1,the,2.8016703128814697
critical,16,ambiguous,long,object,nonfinal,10,2,magician,15.130556106567385
critical,16,ambiguous,long,object,nonfinal,10,3,tried,10.08887767791748
critical,16,ambiguous,long,object,nonfinal,10,4,to,0.2597295641899109
critical,16,ambiguous,long,object,nonfinal,10,5,juggle,12.492943555116652
critical,16,ambiguous,long,object,nonfinal,10,6,the,3.410385608673096
critical,16,ambiguous,long,object,nonfinal,10,7,torches,18.24557065963745
critical,16,ambiguous,long,object,nonfinal,10,8,burning,20.28090476989746
critical,16,ambiguous,long,object,nonfinal,10,9,dangerously,16.1483097076416
critical,16,ambiguous,long,object,nonfinal,10,10,fell,17.316049575805664
critical,16,ambiguous,long,object,nonfinal,10,11,down.,6.254263162612915
critical,16,unambiguous,short,object,nonfinal,10,0,When,16.867366790771484
critical,16,unambiguous,short,object,nonfinal,10,1,the,2.8016703128814697
critical,16,unambiguous,short,object,nonfinal,10,2,magician,15.130556106567385
critical,16,unambiguous,short,object,nonfinal,10,3,tried,10.08887767791748
critical,16,unambiguous,short,object,nonfinal,10,4,to,0.2597295641899109
critical,16,unambiguous,short,object,nonfinal,10,5,juggle,12.492943555116652
critical,16,unambiguous,short,object,nonfinal,10,6,more,6.598235607147217
critical,16,unambiguous,short,object,nonfinal,10,7,items,6.129281520843506
critical,16,unambiguous,short,object,nonfinal,10,8,the,7.812555313110352
critical,16,unambiguous,short,object,nonfinal,10,9,torches,24.32413005828857
critical,16,unambiguous,short,object,nonfinal,10,10,fell,3.920348644256592
critical,16,unambiguous,short,object,nonfinal,10,11,down.,5.675400018692017
critical,16,unambiguous,long,object,nonfinal,12,0,When,16.867366790771484
critical,16,unambiguous,long,object,nonfinal,12,1,the,2.8016703128814697
critical,16,unambiguous,long,object,nonfinal,12,2,magician,15.130556106567385
critical,16,unambiguous,long,object,nonfinal,12,3,tried,10.08887767791748
critical,16,unambiguous,long,object,nonfinal,12,4,to,0.2597295641899109
critical,16,unambiguous,long,object,nonfinal,12,5,juggle,12.492943555116652
critical,16,unambiguous,long,object,nonfinal,12,6,more,6.598235607147217
critical,16,unambiguous,long,object,nonfinal,12,7,items,6.129281520843506
critical,16,unambiguous,long,object,nonfinal,12,8,the,7.812555313110352
critical,16,unambiguous,long,object,nonfinal,12,9,torches,24.32413005828857
critical,16,unambiguous,long,object,nonfinal,12,10,burning,13.494732856750488
critical,16,unambiguous,long,object,nonfinal,12,11,dangerously,16.73970603942871
critical,16,unambiguous,long,object,nonfinal,12,12,fell,9.493327140808104
critical,16,unambiguous,long,object,nonfinal,12,13,down.,5.073711156845093
critical,17,ambiguous,short,comma,nonfinal,8,0,When,16.867366790771484
critical,17,ambiguous,short,comma,nonfinal,8,1,the,2.8016703128814697
critical,17,ambiguous,short,comma,nonfinal,8,2,marathon,15.251938819885254
critical,17,ambiguous,short,comma,nonfinal,8,3,runner,4.033188343048096
critical,17,ambiguous,short,comma,nonfinal,8,4,finally,8.181862831115723
critical,17,ambiguous,short,comma,nonfinal,8,5,stopped,6.553680896759033
critical,17,ambiguous,short,comma,nonfinal,8,6,his,5.452634334564209
critical,17,ambiguous,short,comma,nonfinal,8,7,friend,17.062387466430664
critical,17,ambiguous,short,comma,nonfinal,8,8,collapsed,17.888412475585938
critical,17,ambiguous,short,comma,nonfinal,8,9,from,5.564731121063232
critical,17,ambiguous,short,comma,nonfinal,8,10,exhaustion.,3.9226132333278656
critical,17,ambiguous,long,comma,nonfinal,10,0,When,16.867366790771484
critical,17,ambiguous,long,comma,nonfinal,10,1,the,2.8016703128814697
critical,17,ambiguous,long,comma,nonfinal,10,2,marathon,15.251938819885254
critical,17,ambiguous,long,comma,nonfinal,10,3,runner,4.033188343048096
critical,17,ambiguous,long,comma,nonfinal,10,4,finally,8.181862831115723
critical,17,ambiguous,long,comma,nonfinal,10,5,stopped,6.553680896759033
critical,17,ambiguous,long,comma,nonfinal,10,6,his,5.452634334564209
critical,17,ambiguous,long,comma,nonfinal,10,7,friend,17.062387466430664
critical,17,ambiguous,long,comma,nonfinal,10,8,sweating,18.24139976501465
critical,17,ambiguous,long,comma,nonfinal,10,9,profusely,4.542380978877191
critical,17,ambiguous,long,comma,nonfinal,10,10,collapsed,21.22532081604004
critical,17,ambiguous,long,comma,nonfinal,10,11,from,5.842069149017334
critical,17,ambiguous,long,comma,nonfinal,10,12,exhaustion.,5.193609327077866
critical,17,unambiguous,short,comma,nonfinal,8,0,When,16.867366790771484
critical,17,unambiguous,short,comma,nonfinal,8,1,the,2.8016703128814697
critical,17,unambiguous,short,comma,nonfinal,8,2,marathon,15.251938819885254
critical,17,unambiguous,short,comma,nonfinal,8,3,runner,4.033188343048096
critical,17,unambiguous,short,comma,nonfinal,8,4,finally,8.181862831115723
critical,17,unambiguous,short,comma,nonfinal,8,5,"stopped,",8.389154076576233
critical,17,unambiguous,short,comma,nonfinal,8,6,his,3.537571668624878
critical,17,unambiguous,short,comma,nonfinal,8,7,friend,4.8814191818237305
critical,17,unambiguous,short,comma,nonfinal,8,8,collapsed,12.639144897460938
critical,17,unambiguous,short,comma,nonfinal,8,9,from,5.543793201446533
critical,17,unambiguous,short,comma,nonfinal,8,10,exhaustion.,1.4930901527404783
critical,17,unambiguous,long,comma,nonfinal,10,0,When,16.867366790771484
critical,17,unambiguous,long,comma,nonfinal,10,1,the,2.8016703128814697
critical,17,unambiguous,long,comma,nonfinal,10,2,marathon,15.251938819885254
critical,17,unambiguous,long,comma,nonfinal,10,3,runner,4.033188343048096
critical,17,unambiguous,long,comma,nonfinal,10,4,finally,8.181862831115723
critical,17,unambiguous,long,comma,nonfinal,10,5,"stopped,",8.389154076576233
critical,17,unambiguous,long,comma,nonfinal,10,6,his,3.537571668624878
critical,17,unambiguous,long,comma,nonfinal,10,7,friend,4.8814191818237305
critical,17,unambiguous,long,comma,nonfinal,10,8,sweating,19.181825637817383
critical,17,unambiguous,long,comma,nonfinal,10,9,profusely,1.2538552808837269
critical,17,unambiguous,long,comma,nonfinal,10,10,collapsed,11.66093921661377
critical,17,unambiguous,long,comma,nonfinal,10,11,from,6.544878005981445
critical,17,unambiguous,long,comma,nonfinal,10,12,exhaustion.,1.8357758224010468
critical,18,ambiguous,short,comma,nonfinal,7,0,While,18.67935943603516
critical,18,ambiguous,short,comma,nonfinal,7,1,the,7.724723815917969
critical,18,ambiguous,short,comma,nonfinal,7,2,martial,16.07574462890625
critical,18,ambiguous,short,comma,nonfinal,7,3,artists,5.444581508636475
critical,18,ambiguous,short,comma,nonfinal,7,4,fought,10.093917846679688
critical,18,ambiguous,short,comma,nonfinal,7,5,the,5.5304365158081055
critical,18,ambiguous,short,comma,nonfinal,7,6,spectator,15.966994285583496
critical,18,ambiguous,short,comma,nonfinal,7,7,supported,16.80418586730957
critical,18,ambiguous,short,comma,nonfinal,7,8,the,3.405012845993042
critical,18,ambiguous,short,comma,nonfinal,7,9,underdog.,16.470699846744537
critical,18,ambiguous,long,comma,nonfinal,9,0,While,18.67935943603516
critical,18,ambiguous,long,comma,nonfinal,9,1,the,7.724723815917969
critical,18,ambiguous,long,comma,nonfinal,9,2,martial,16.07574462890625
critical,18,ambiguous,long,comma,nonfinal,9,3,artists,5.444581508636475
critical,18,ambiguous,long,comma,nonfinal,9,4,fought,10.093917846679688
critical,18,ambiguous,long,comma,nonfinal,9,5,the,5.5304365158081055
critical,18,ambiguous,long,comma,nonfinal,9,6,spectator,15.966994285583496
critical,18,ambiguous,long,comma,nonfinal,9,7,cheering,12.259432792663574
critical,18,ambiguous,long,comma,nonfinal,9,8,enthusiastically,9.73517608642578
critical,18,ambiguous,long,comma,nonfinal,9,9,supported,15.415410041809082
critical,18,ambiguous,long,comma,nonfinal,9,10,the,2.105220317840576
critical,18,ambiguous,long,comma,nonfinal,9,11,underdog.,13.960331618785858
critical,18,unambiguous,short,comma,nonfinal,7,0,While,18.67935943603516
critical,18,unambiguous,short,comma,nonfinal,7,1,the,7.724723815917969
critical,18,unambiguous,short,comma,nonfinal,7,2,martial,16.07574462890625
critical,18,unambiguous,short,comma,nonfinal,7,3,artists,5.444581508636475
critical,18,unambiguous,short,comma,nonfinal,7,4,"fought,",13.62098217010498
critical,18,unambiguous,short,comma,nonfinal,7,5,the,1.846943736076355
critical,18,unambiguous,short,comma,nonfinal,7,6,spectator,12.694409370422363
critical,18,unambiguous,short,comma,nonfinal,7,7,supported,12.793899536132812
critical,18,unambiguous,short,comma,nonfinal,7,8,the,1.330565094947815
critical,18,unambiguous,short,comma,nonfinal,7,9,underdog.,14.225785493850708
critical,18,unambiguous,long,comma,nonfinal,9,0,While,18.67935943603516
critical,18,unambiguous,long,comma,nonfinal,9,1,the,7.724723815917969
critical,18,unambiguous,long,comma,nonfinal,9,2,martial,16.07574462890625
critical,18,unambiguous,long,comma,nonfinal,9,3,artists,5.444581508636475
critical,18,unambiguous,long,comma,nonfinal,9,4,"fought,",13.62098217010498
critical,18,unambiguous,long,comma,nonfinal,9,5,the,1.846943736076355
critical,18,unambiguous,long,comma,nonfinal,9,6,spectator,12.694409370422363
critical,18,unambiguous,long,comma,nonfinal,9,7,cheering,11.367147445678713
critical,18,unambiguous,long,comma,nonfinal,9,8,enthusiastically,13.781082153320312
critical,18,unambiguous,long,comma,nonfinal,9,9,supported,9.370553016662598
critical,18,unambiguous,long,comma,nonfinal,9,10,the,1.149774193763733
critical,18,unambiguous,long,comma,nonfinal,9,11,underdog.,12.100502967834473
critical,19,ambiguous,short,object,final,6,0,When,16.867366790771484
critical,19,ambiguous,short,object,final,6,1,the,2.8016703128814697
critical,19,ambiguous,short,object,final,6,2,band,11.727001190185549
critical,19,ambiguous,short,object,final,6,3,left,7.292976379394531
critical,19,ambiguous,short,object,final,6,4,the,1.9435333013534544
critical,19,ambiguous,short,object,final,6,5,venue,4.034267425537109
critical,19,ambiguous,short,object,final,6,6,closed.,20.15978527069092
critical,19,ambiguous,long,object,final,9,0,When,16.867366790771484
critical,19,ambiguous,long,object,final,9,1,the,2.8016703128814697
critical,19,ambiguous,long,object,final,9,2,band,11.727001190185549
critical,19,ambiguous,long,object,final,9,3,left,7.292976379394531
critical,19,ambiguous,long,object,final,9,4,the,1.9435333013534544
critical,19,ambiguous,long,object,final,9,5,venue,4.034267425537109
critical,19,ambiguous,long,object,final,9,6,with,7.006077766418457
critical,19,ambiguous,long,object,final,9,7,live,9.643463134765623
critical,19,ambiguous,long,object,final,9,8,music,1.1666394472122192
critical,19,ambiguous,long,object,final,9,9,closed.,21.38695240020752
critical,19,unambiguous,short,object,final,8,0,When,16.867366790771484
critical,19,unambiguous,short,object,final,8,1,the,2.8016703128814697
critical,19,unambiguous,short,object,final,8,2,band,11.727001190185549
critical,19,unambiguous,short,object,final,8,3,left,7.292976379394531
critical,19,unambiguous,short,object,final,8,4,the,1.9435333013534544
critical,19,unambiguous,short,object,final,8,5,stage,3.7102065086364746
critical,19,unambiguous,short,object,final,8,6,the,5.347830772399902
critical,19,unambiguous,short,object,final,8,7,venue,10.237634658813477
critical,19,unambiguous,short,object,final,8,8,closed.,11.718238353729248
critical,19,unambiguous,long,object,final,11,0,When,16.867366790771484
critical,19,unambiguous,long,object,final,11,1,the,2.8016703128814697
critical,19,unambiguous,long,object,final,11,2,band,11.727001190185549
critical,19,unambiguous,long,object,final,11,3,left,7.292976379394531
critical,19,unambiguous,long,object,final,11,4,the,1.9435333013534544
critical,19,unambiguous,long,object,final,11,5,stage,3.7102065086364746
critical,19,unambiguous,long,object,final,11,6,the,5.347830772399902
critical,19,unambiguous,long,object,final,11,7,venue,10.237634658813477
critical,19,unambiguous,long,object,final,11,8,with,9.851840019226074
critical,19,unambiguous,long,object,final,11,9,live,11.537557601928713
critical,19,unambiguous,long,object,final,11,10,music,0.7862358689308167
critical,19,unambiguous,long,object,final,11,11,closed.,12.948289155960085
critical,20,ambiguous,short,comma,nonfinal,6,0,After,18.199451446533203
critical,20,ambiguous,short,comma,nonfinal,6,1,the,2.607591390609741
critical,20,ambiguous,short,comma,nonfinal,6,2,customer,11.207036018371582
critical,20,ambiguous,short,comma,nonfinal,6,3,emailed,17.810157775878906
critical,20,ambiguous,short,comma,nonfinal,6,4,the,2.865276336669922
critical,20,ambiguous,short,comma,nonfinal,6,5,company,5.797935485839844
critical,20,ambiguous,short,comma,nonfinal,6,6,responded,15.255815505981444
critical,20,ambiguous,short,comma,nonfinal,6,7,quickly.,10.495473861694336
critical,20,ambiguous,long,comma,nonfinal,9,0,After,18.199451446533203
critical,20,ambiguous,long,comma,nonfinal,9,1,the,2.607591390609741
critical,20,ambiguous,long,comma,nonfinal,9,2,customer,11.207036018371582
critical,20,ambiguous,long,comma,nonfinal,9,3,emailed,17.810157775878906
critical,20,ambiguous,long,comma,nonfinal,9,4,the,2.865276336669922
critical,20,ambiguous,long,comma,nonfinal,9,5,company,5.797935485839844
critical,20,ambiguous,long,comma,nonfinal,9,6,providing,11.055055618286133
critical,20,ambiguous,long,comma,nonfinal,9,7,phone,11.65832233428955
critical,20,ambiguous,long,comma,nonfinal,9,8,service,10.405840873718262
critical,20,ambiguous,long,comma,nonfinal,9,9,responded,18.552356719970703
critical,20,ambiguous,long,comma,nonfinal,9,10,quickly.,10.147783994674684
critical,20,unambiguous,short,comma,nonfinal,6,0,After,18.199451446533203
critical,20,unambiguous,short,comma,nonfinal,6,1,the,2.607591390609741
critical,20,unambiguous,short,comma,nonfinal,6,2,customer,11.207036018371582
critical,20,unambiguous,short,comma,nonfinal,6,3,"emailed,",23.54687452316284
critical,20,unambiguous,short,comma,nonfinal,6,4,the,2.559425115585327
critical,20,unambiguous,short,comma,nonfinal,6,5,company,5.504418849945068
critical,20,unambiguous,short,comma,nonfinal,6,6,responded,5.164861679077148
critical,20,unambiguous,short,comma,nonfinal,6,7,quickly.,9.978013753890991
critical,20,unambiguous,long,comma,nonfinal,9,0,After,18.199451446533203
critical,20,unambiguous,long,comma,nonfinal,9,1,the,2.607591390609741
critical,20,unambiguous,long,comma,nonfinal,9,2,customer,11.207036018371582
critical,20,unambiguous,long,comma,nonfinal,9,3,"emailed,",23.54687452316284
critical,20,unambiguous,long,comma,nonfinal,9,4,the,2.559425115585327
critical,20,unambiguous,long,comma,nonfinal,9,5,company,5.504418849945068
critical,20,unambiguous,long,comma,nonfinal,9,6,providing,15.047375679016112
critical,20,unambiguous,long,comma,nonfinal,9,7,phone,12.614624977111816
critical,20,unambiguous,long,comma,nonfinal,9,8,service,3.053300142288208
critical,20,unambiguous,long,comma,nonfinal,9,9,responded,6.351622104644775
critical,20,unambiguous,long,comma,nonfinal,9,10,quickly.,9.37209677696228
critical,21,ambiguous,short,object,nonfinal,6,0,As,18.614641189575195
critical,21,ambiguous,short,object,nonfinal,6,1,the,3.726273775100708
critical,21,ambiguous,short,object,nonfinal,6,2,detective,14.783562660217283
critical,21,ambiguous,short,object,nonfinal,6,3,investigated,10.40407943725586
critical,21,ambiguous,short,object,nonfinal,6,4,the,1.6843044757843018
critical,21,ambiguous,short,object,nonfinal,6,5,case,1.3086448907852173
critical,21,ambiguous,short,object,nonfinal,6,6,became,17.696659088134766
critical,21,ambiguous,short,object,nonfinal,6,7,more,1.889054656028748
critical,21,ambiguous,short,object,nonfinal,6,8,complex.,7.904908657073975
critical,21,ambiguous,long,object,nonfinal,10,0,As,18.614641189575195
critical,21,ambiguous,long,object,nonfinal,10,1,the,3.726273775100708
critical,21,ambiguous,long,object,nonfinal,10,2,detective,14.783562660217283
critical,21,ambiguous,long,object,nonfinal,10,3,investigated,10.40407943725586
critical,21,ambiguous,long,object,nonfinal,10,4,the,1.6843044757843018
critical,21,ambiguous,long,object,nonfinal,10,5,case,1.3086448907852173
critical,21,ambiguous,long,object,nonfinal,10,6,about,15.285775184631348
critical,21,ambiguous,long,object,nonfinal,10,7,the,1.345062494277954
critical,21,ambiguous,long,object,nonfinal,10,8,bank,8.559496879577637
critical,21,ambiguous,long,object,nonfinal,10,9,robbery,0.4584094285964966
critical,21,ambiguous,long,object,nonfinal,10,10,became,17.06161117553711
critical,21,ambiguous,long,object,nonfinal,10,11,more,1.7149724960327148
critical,21,ambiguous,long,object,nonfinal,10,12,complex.,9.724807262420654
critical,21,unambiguous,short,object,nonfinal,8,0,As,18.614641189575195
critical,21,unambiguous,short,object,nonfinal,8,1,the,3.726273775100708
critical,21,unambiguous,short,object,nonfinal,8,2,detective,14.783562660217283
critical,21,unambiguous,short,object,nonfinal,8,3,investigated,10.40407943725586
critical,21,unambiguous,short,object,nonfinal,8,4,the,1.6843044757843018
critical,21,unambiguous,short,object,nonfinal,8,5,suspects,10.101517677307127
critical,21,unambiguous,short,object,nonfinal,8,6,the,8.412834167480469
critical,21,unambiguous,short,object,nonfinal,8,7,case,6.196773052215576
critical,21,unambiguous,short,object,nonfinal,8,8,became,3.574594736099243
critical,21,unambiguous,short,object,nonfinal,8,9,more,1.5602595806121826
critical,21,unambiguous,short,object,nonfinal,8,10,complex.,4.845942735671997
critical,21,unambiguous,long,object,nonfinal,12,0,As,18.614641189575195
critical,21,unambiguous,long,object,nonfinal,12,1,the,3.726273775100708
critical,21,unambiguous,long,object,nonfinal,12,2,detective,14.783562660217283
critical,21,unambiguous,long,object,nonfinal,12,3,investigated,10.40407943725586
critical,21,unambiguous,long,object,nonfinal,12,4,the,1.6843044757843018
critical,21,unambiguous,long,object,nonfinal,12,5,suspects,10.101517677307127
critical,21,unambiguous,long,object,nonfinal,12,6,the,8.412834167480469
critical,21,unambiguous,long,object,nonfinal,12,7,case,6.196773052215576
critical,21,unambiguous,long,object,nonfinal,12,8,about,15.14906883239746
critical,21,unambiguous,long,object,nonfinal,12,9,the,1.6873093843460083
critical,21,unambiguous,long,object,nonfinal,12,10,bank,7.909870147705078
critical,21,unambiguous,long,object,nonfinal,12,11,robbery,0.7572051882743835
critical,21,unambiguous,long,object,nonfinal,12,12,became,4.139270305633545
critical,21,unambiguous,long,object,nonfinal,12,13,more,1.3573806285858154
critical,21,unambiguous,long,object,nonfinal,12,14,complex.,6.149296045303345
critical,22,ambiguous,short,object,nonfinal,6,0,Although,19.91122817993164
critical,22,ambiguous,short,object,nonfinal,6,1,the,2.394140243530273
critical,22,ambiguous,short,object,nonfinal,6,2,team,10.563393592834473
critical,22,ambiguous,short,object,nonfinal,6,3,lost,7.429839134216309
critical,22,ambiguous,short,object,nonfinal,6,4,the,1.78339684009552
critical,22,ambiguous,short,object,nonfinal,6,5,championship,5.399787425994873
critical,22,ambiguous,short,object,nonfinal,6,6,was,14.481204986572266
critical,22,ambiguous,short,object,nonfinal,6,7,still,5.005033493041992
critical,22,ambiguous,short,object,nonfinal,6,8,a,2.3987040519714355
critical,22,ambiguous,short,object,nonfinal,6,9,great,3.0318973064422607
critical,22,ambiguous,short,object,nonfinal,6,10,experience,6.35863208770752
critical,22,ambiguous,short,object,nonfinal,6,11,for,1.3343156576156616
critical,22,ambiguous,short,object,nonfinal,6,12,the,2.7490642070770264
critical,22,ambiguous,short,object,nonfinal,6,13,players.,5.390347719192505
critical,22,ambiguous,long,object,nonfinal,8,0,Although,19.91122817993164
critical,22,ambiguous,long,object,nonfinal,8,1,the,2.394140243530273
critical,22,ambiguous,long,object,nonfinal,8,2,team,10.563393592834473
critical,22,ambiguous,long,object,nonfinal,8,3,lost,7.429839134216309
critical,22,ambiguous,long,object,nonfinal,8,4,the,1.78339684009552
critical,22,ambiguous,long,object,nonfinal,8,5,championship,5.399787425994873
critical,22,ambiguous,long,object,nonfinal,8,6,in,3.4409408569335938
critical,22,ambiguous,long,object,nonfinal,8,7,basketball,13.058257102966309
critical,22,ambiguous,long,object,nonfinal,8,8,was,13.555493354797363
critical,22,ambiguous,long,object,nonfinal,8,9,still,7.118130683898926
critical,22,ambiguous,long,object,nonfinal,8,10,a,2.3729918003082275
critical,22,ambiguous,long,object,nonfinal,8,11,great,2.8970518112182617
critical,22,ambiguous,long,object,nonfinal,8,12,experience,4.9142680168151855
critical,22,ambiguous,long,object,nonfinal,8,13,for,1.3266658782958984
critical,22,ambiguous,long,object,nonfinal,8,14,the,2.7618184089660645
critical,22,ambiguous,long,object,nonfinal,8,15,players.,5.297954559326172
critical,22,unambiguous,short,object,nonfinal,9,0,Although,19.91122817993164
critical,22,unambiguous,short,object,nonfinal,9,1,the,2.394140243530273
critical,22,unambiguous,short,object,nonfinal,9,2,team,10.563393592834473
critical,22,unambiguous,short,object,nonfinal,9,3,lost,7.429839134216309
critical,22,unambiguous,short,object,nonfinal,9,4,the,1.78339684009552
critical,22,unambiguous,short,object,nonfinal,9,5,final,5.187450885772705
critical,22,unambiguous,short,object,nonfinal,9,6,game,2.087589979171753
critical,22,unambiguous,short,object,nonfinal,9,7,the,9.07310390472412
critical,22,unambiguous,short,object,nonfinal,9,8,championship,7.082914352416992
critical,22,unambiguous,short,object,nonfinal,9,9,was,2.433039903640747
critical,22,unambiguous,short,object,nonfinal,9,10,still,2.001465320587158
critical,22,unambiguous,short,object,nonfinal,9,11,a,3.6557209491729736
critical,22,unambiguous,short,object,nonfinal,9,12,great,3.3455028533935547
critical,22,unambiguous,short,object,nonfinal,9,13,experience,6.774707317352295
critical,22,unambiguous,short,object,nonfinal,9,14,for,0.985529363155365
critical,22,unambiguous,short,object,nonfinal,9,15,the,2.4196033477783203
critical,22,unambiguous,short,object,nonfinal,9,16,players.,4.545409440994263
critical,22,unambiguous,long,object,nonfinal,11,0,Although,19.91122817993164
critical,22,unambiguous,long,object,nonfinal,11,1,the,2.394140243530273
critical,22,unambiguous,long,object,nonfinal,11,2,team,10.563393592834473
critical,22,unambiguous,long,object,nonfinal,11,3,lost,7.429839134216309
critical,22,unambiguous,long,object,nonfinal,11,4,the,1.78339684009552
critical,22,unambiguous,long,object,nonfinal,11,5,final,5.187450885772705
critical,22,unambiguous,long,object,nonfinal,11,6,game,2.087589979171753
critical,22,unambiguous,long,object,nonfinal,11,7,the,9.07310390472412
critical,22,unambiguous,long,object,nonfinal,11,8,championship,7.082914352416992
critical,22,unambiguous,long,object,nonfinal,11,9,in,5.560750961303711
critical,22,unambiguous,long,object,nonfinal,11,10,basketball,11.303793907165527
critical,22,unambiguous,long,object,nonfinal,11,11,was,4.29988956451416
critical,22,unambiguous,long,object,nonfinal,11,12,still,3.2683143615722656
critical,22,unambiguous,long,object,nonfinal,11,13,a,3.2234888076782227
critical,22,unambiguous,long,object,nonfinal,11,14,great,2.938795566558838
critical,22,unambiguous,long,object,nonfinal,11,15,experience,6.237428188323975
critical,22,unambiguous,long,object,nonfinal,11,16,for,1.0471349954605105
critical,22,unambiguous,long,object,nonfinal,11,17,the,2.436873197555542
critical,22,unambiguous,long,object,nonfinal,11,18,players.,4.60440468788147
critical,23,ambiguous,short,comma,nonfinal,7,0,After,18.199451446533203
critical,23,ambiguous,short,comma,nonfinal,7,1,the,2.607591390609741
critical,23,ambiguous,short,comma,nonfinal,7,2,director,13.660052299499512
critical,23,ambiguous,short,comma,nonfinal,7,3,finished,10.302067756652832
critical,23,ambiguous,short,comma,nonfinal,7,4,filming,4.255334854125977
critical,23,ambiguous,short,comma,nonfinal,7,5,the,1.905881404876709
critical,23,ambiguous,short,comma,nonfinal,7,6,actors,10.4630126953125
critical,23,ambiguous,short,comma,nonfinal,7,7,left,9.25096321105957
critical,23,ambiguous,short,comma,nonfinal,7,8,to,4.530753612518311
critical,23,ambiguous,short,comma,nonfinal,7,9,go,3.4760279655456543
critical,23,ambiguous,short,comma,nonfinal,7,10,home.,3.6470558643341056
critical,23,ambiguous,long,comma,nonfinal,12,0,After,18.199451446533203
critical,23,ambiguous,long,comma,nonfinal,12,1,the,2.607591390609741
critical,23,ambiguous,long,comma,nonfinal,12,2,director,13.660052299499512
critical,23,ambiguous,long,comma,nonfinal,12,3,finished,10.302067756652832
critical,23,ambiguous,long,comma,nonfinal,12,4,filming,4.255334854125977
critical,23,ambiguous,long,comma,nonfinal,12,5,the,1.905881404876709
critical,23,ambiguous,long,comma,nonfinal,12,6,actors,10.4630126953125
critical,23,ambiguous,long,comma,nonfinal,12,7,exhausted,17.643579483032227
critical,23,ambiguous,long,comma,nonfinal,12,8,from,3.7543785572052
critical,23,ambiguous,long,comma,nonfinal,12,9,the,1.6456345319747925
critical,23,ambiguous,long,comma,nonfinal,12,10,long,2.5354232788085938
critical,23,ambiguous,long,comma,nonfinal,12,11,day,1.3265888690948486
critical,23,ambiguous,long,comma,nonfinal,12,12,left,16.380292892456055
critical,23,ambiguous,long,comma,nonfinal,12,13,to,5.685183525085449
critical,23,ambiguous,long,comma,nonfinal,12,14,go,4.6353535652160645
critical,23,ambiguous,long,comma,nonfinal,12,15,home.,4.381895065307617
critical,23,unambiguous,short,comma,nonfinal,7,0,After,18.199451446533203
critical,23,unambiguous,short,comma,nonfinal,7,1,the,2.607591390609741
critical,23,unambiguous,short,comma,nonfinal,7,2,director,13.660052299499512
critical,23,unambiguous,short,comma,nonfinal,7,3,finished,10.302067756652832
critical,23,unambiguous,short,comma,nonfinal,7,4,"filming,",5.890504598617554
critical,23,unambiguous,short,comma,nonfinal,7,5,the,2.06097412109375
critical,23,unambiguous,short,comma,nonfinal,7,6,actors,4.611480712890625
critical,23,unambiguous,short,comma,nonfinal,7,7,left,5.51516580581665
critical,23,unambiguous,short,comma,nonfinal,7,8,to,2.864567756652832
critical,23,unambiguous,short,comma,nonfinal,7,9,go,2.649047374725342
critical,23,unambiguous,short,comma,nonfinal,7,10,home.,1.9560123682022093
critical,23,unambiguous,long,comma,nonfinal,12,0,After,18.199451446533203
critical,23,unambiguous,long,comma,nonfinal,12,1,the,2.607591390609741
critical,23,unambiguous,long,comma,nonfinal,12,2,director,13.660052299499512
critical,23,unambiguous,long,comma,nonfinal,12,3,finished,10.302067756652832
critical,23,unambiguous,long,comma,nonfinal,12,4,"filming,",5.890504598617554
critical,23,unambiguous,long,comma,nonfinal,12,5,the,2.06097412109375
critical,23,unambiguous,long,comma,nonfinal,12,6,actors,4.611480712890625
critical,23,unambiguous,long,comma,nonfinal,12,7,exhausted,15.141491889953612
critical,23,unambiguous,long,comma,nonfinal,12,8,from,5.923429012298584
critical,23,unambiguous,long,comma,nonfinal,12,9,the,1.5975701808929443
critical,23,unambiguous,long,comma,nonfinal,12,10,long,1.964107871055603
critical,23,unambiguous,long,comma,nonfinal,12,11,day,1.3461343050003052
critical,23,unambiguous,long,comma,nonfinal,12,12,left,5.288967132568359
critical,23,unambiguous,long,comma,nonfinal,12,13,to,4.016905307769775
critical,23,unambiguous,long,comma,nonfinal,12,14,go,3.5848779678344727
critical,23,unambiguous,long,comma,nonfinal,12,15,home.,1.45057874917984
critical,24,ambiguous,short,object,final,6,0,As,18.614641189575195
critical,24,ambiguous,short,object,final,6,1,the,3.726273775100708
critical,24,ambiguous,short,object,final,6,2,doctor,11.060258865356444
critical,24,ambiguous,short,object,final,6,3,lectured,15.578666299581528
critical,24,ambiguous,short,object,final,6,4,the,4.084535598754883
critical,24,ambiguous,short,object,final,6,5,student,5.687819957733154
critical,24,ambiguous,short,object,final,6,6,listened.,23.84671974182129
critical,24,ambiguous,long,object,final,8,0,As,18.614641189575195
critical,24,ambiguous,long,object,final,8,1,the,3.726273775100708
critical,24,ambiguous,long,object,final,8,2,doctor,11.060258865356444
critical,24,ambiguous,long,object,final,8,3,lectured,15.578666299581528
critical,24,ambiguous,long,object,final,8,4,the,4.084535598754883
critical,24,ambiguous,long,object,final,8,5,student,5.687819957733154
critical,24,ambiguous,long,object,final,8,6,watching,11.86229419708252
critical,24,ambiguous,long,object,final,8,7,quietly,8.724019050598145
critical,24,ambiguous,long,object,final,8,8,listened.,18.750281810760494
critical,24,unambiguous,short,object,final,8,0,As,18.614641189575195
critical,24,unambiguous,short,object,final,8,1,the,3.726273775100708
critical,24,unambiguous,short,object,final,8,2,doctor,11.060258865356444
critical,24,unambiguous,short,object,final,8,3,lectured,15.578666299581528
critical,24,unambiguous,short,object,final,8,4,the,4.084535598754883
critical,24,unambiguous,short,object,final,8,5,nurse,7.018301010131836
critical,24,unambiguous,short,object,final,8,6,the,7.148461818695068
critical,24,unambiguous,short,object,final,8,7,student,7.830729007720947
critical,24,unambiguous,short,object,final,8,8,listened.,11.081701755523682
critical,24,unambiguous,long,object,final,10,0,As,18.614641189575195
critical,24,unambiguous,long,object,final,10,1,the,3.726273775100708
critical,24,unambiguous,long,object,final,10,2,doctor,11.060258865356444
critical,24,unambiguous,long,object,final,10,3,lectured,15.578666299581528
critical,24,unambiguous,long,object,final,10,4,the,4.084535598754883
critical,24,unambiguous,long,object,final,10,5,nurse,7.018301010131836
critical,24,unambiguous,long,object,final,10,6,the,7.148461818695068
critical,24,unambiguous,long,object,final,10,7,student,7.830729007720947
critical,24,unambiguous,long,object,final,10,8,watching,13.395037651062012
critical,24,unambiguous,long,object,final,10,9,quietly,7.19237756729126
critical,24,unambiguous,long,object,final,10,10,listened.,7.6969006061553955
critical,25,ambiguous,short,object,nonfinal,7,0,After,18.199451446533203
critical,25,ambiguous,short,object,nonfinal,7,1,the,2.607591390609741
critical,25,ambiguous,short,object,nonfinal,7,2,teacher,11.136597633361816
critical,25,ambiguous,short,object,nonfinal,7,3,finished,10.127464294433594
critical,25,ambiguous,short,object,nonfinal,7,4,grading,6.549847602844238
critical,25,ambiguous,short,object,nonfinal,7,5,the,1.2843526601791382
critical,25,ambiguous,short,object,nonfinal,7,6,students,3.4496445655822754
critical,25,ambiguous,short,object,nonfinal,7,7,passed,20.90272521972656
critical,25,ambiguous,short,object,nonfinal,7,8,the,3.425090789794922
critical,25,ambiguous,short,object,nonfinal,7,9,class.,8.989280223846436
critical,25,ambiguous,long,object,nonfinal,9,0,After,18.199451446533203
critical,25,ambiguous,long,object,nonfinal,9,1,the,2.607591390609741
critical,25,ambiguous,long,object,nonfinal,9,2,teacher,11.136597633361816
critical,25,ambiguous,long,object,nonfinal,9,3,finished,10.127464294433594
critical,25,ambiguous,long,object,nonfinal,9,4,grading,6.549847602844238
critical,25,ambiguous,long,object,nonfinal,9,5,the,1.2843526601791382
critical,25,ambiguous,long,object,nonfinal,9,6,students,3.4496445655822754
critical,25,ambiguous,long,object,nonfinal,9,7,studying,18.185922622680664
critical,25,ambiguous,long,object,nonfinal,9,8,engineering,12.770702362060549
critical,25,ambiguous,long,object,nonfinal,9,9,passed,16.943212509155273
critical,25,ambiguous,long,object,nonfinal,9,10,the,1.4366495609283447
critical,25,ambiguous,long,object,nonfinal,9,11,class.,8.319673299789429
critical,25,unambiguous,short,object,nonfinal,9,0,After,18.199451446533203
critical,25,unambiguous,short,object,nonfinal,9,1,the,2.607591390609741
critical,25,unambiguous,short,object,nonfinal,9,2,teacher,11.136597633361816
critical,25,unambiguous,short,object,nonfinal,9,3,finished,10.127464294433594
critical,25,unambiguous,short,object,nonfinal,9,4,grading,6.549847602844238
critical,25,unambiguous,short,object,nonfinal,9,5,the,1.2843526601791382
critical,25,unambiguous,short,object,nonfinal,9,6,final,3.156511783599853
critical,25,unambiguous,short,object,nonfinal,9,7,the,15.6598539352417
critical,25,unambiguous,short,object,nonfinal,9,8,students,1.8992167711257932
critical,25,unambiguous,short,object,nonfinal,9,9,passed,10.461663246154783
critical,25,unambiguous,short,object,nonfinal,9,10,the,1.6087944507598877
critical,25,unambiguous,short,object,nonfinal,9,11,class.,7.065388441085815
critical,25,unambiguous,long,object,nonfinal,11,0,After,18.199451446533203
critical,25,unambiguous,long,object,nonfinal,11,1,the,2.607591390609741
critical,25,unambiguous,long,object,nonfinal,11,2,teacher,11.136597633361816
critical,25,unambiguous,long,object,nonfinal,11,3,finished,10.127464294433594
critical,25,unambiguous,long,object,nonfinal,11,4,grading,6.549847602844238
critical,25,unambiguous,long,object,nonfinal,11,5,the,1.2843526601791382
critical,25,unambiguous,long,object,nonfinal,11,6,final,3.156511783599853
critical,25,unambiguous,long,object,nonfinal,11,7,the,15.6598539352417
critical,25,unambiguous,long,object,nonfinal,11,8,students,1.8992167711257932
critical,25,unambiguous,long,object,nonfinal,11,9,studying,15.593460083007812
critical,25,unambiguous,long,object,nonfinal,11,10,engineering,10.572786331176758
critical,25,unambiguous,long,object,nonfinal,11,11,passed,9.897406578063965
critical,25,unambiguous,long,object,nonfinal,11,12,the,1.86415433883667
critical,25,unambiguous,long,object,nonfinal,11,13,class.,8.72106146812439
critical,26,ambiguous,short,comma,final,6,0,As,18.614641189575195
critical,26,ambiguous,short,comma,final,6,1,the,3.726273775100708
critical,26,ambiguous,short,comma,final,6,2,people,9.752907752990724
critical,26,ambiguous,short,comma,final,6,3,gathered,9.410250663757324
critical,26,ambiguous,short,comma,final,6,4,the,7.534245014190674
critical,26,ambiguous,short,comma,final,6,5,animals,9.979636192321776
critical,26,ambiguous,short,comma,final,6,6,scattered.,12.102503538131714
critical,26,ambiguous,long,comma,final,9,0,As,18.614641189575195
critical,26,ambiguous,long,comma,final,9,1,the,3.726273775100708
critical,26,ambiguous,long,comma,final,9,2,people,9.752907752990724
critical,26,ambiguous,long,comma,final,9,3,gathered,9.410250663757324
critical,26,ambiguous,long,comma,final,9,4,the,7.534245014190674
critical,26,ambiguous,long,comma,final,9,5,animals,9.979636192321776
critical,26,ambiguous,long,comma,final,9,6,in,5.002942085266113
critical,26,ambiguous,long,comma,final,9,7,the,1.2304052114486694
critical,26,ambiguous,long,comma,final,9,8,park,8.802213668823242
critical,26,ambiguous,long,comma,final,9,9,scattered.,18.011547565460205
critical,26,unambiguous,short,comma,final,6,0,As,18.614641189575195
critical,26,unambiguous,short,comma,final,6,1,the,3.726273775100708
critical,26,unambiguous,short,comma,final,6,2,people,9.752907752990724
critical,26,unambiguous,short,comma,final,6,3,"gathered,",12.877415418624878
critical,26,unambiguous,short,comma,final,6,4,the,2.388892650604248
critical,26,unambiguous,short,comma,final,6,5,animals,10.107553482055664
critical,26,unambiguous,short,comma,final,6,6,scattered.,10.796032190322876
critical,26,unambiguous,long,comma,final,9,0,As,18.614641189575195
critical,26,unambiguous,long,comma,final,9,1,the,3.726273775100708
critical,26,unambiguous,long,comma,final,9,2,people,9.752907752990724
critical,26,unambiguous,long,comma,final,9,3,"gathered,",12.877415418624878
critical,26,unambiguous,long,comma,final,9,4,the,2.388892650604248
critical,26,unambiguous,long,comma,final,9,5,animals,10.107553482055664
critical,26,unambiguous,long,comma,final,9,6,in,5.891149997711182
critical,26,unambiguous,long,comma,final,9,7,the,0.2697073221206665
critical,26,unambiguous,long,comma,final,9,8,park,6.716123580932617
critical,26,unambiguous,long,comma,final,9,9,scattered.,12.439323425292969
critical,27,ambiguous,short,comma,nonfinal,6,0,Once,20.057292938232425
critical,27,ambiguous,short,comma,nonfinal,6,1,the,2.9064571857452397
critical,27,ambiguous,short,comma,nonfinal,6,2,audience,12.283105850219728
critical,27,ambiguous,short,comma,nonfinal,6,3,quieted,17.662400364875793
critical,27,ambiguous,short,comma,nonfinal,6,4,the,7.778419017791748
critical,27,ambiguous,short,comma,nonfinal,6,5,man,6.049865245819092
critical,27,ambiguous,short,comma,nonfinal,6,6,put,7.40878438949585
critical,27,ambiguous,short,comma,nonfinal,6,7,away,6.7090582847595215
critical,27,ambiguous,short,comma,nonfinal,6,8,his,0.9120336174964904
critical,27,ambiguous,short,comma,nonfinal,6,9,phone.,9.9382483959198
critical,27,ambiguous,long,comma,nonfinal,8,0,Once,20.057292938232425
critical,27,ambiguous,long,comma,nonfinal,8,1,the,2.9064571857452397
critical,27,ambiguous,long,comma,nonfinal,8,2,audience,12.283105850219728
critical,27,ambiguous,long,comma,nonfinal,8,3,quieted,17.662400364875793
critical,27,ambiguous,long,comma,nonfinal,8,4,the,7.778419017791748
critical,27,ambiguous,long,comma,nonfinal,8,5,man,6.049865245819092
critical,27,ambiguous,long,comma,nonfinal,8,6,talking,13.558355331420898
critical,27,ambiguous,long,comma,nonfinal,8,7,loudly,6.784963130950928
critical,27,ambiguous,long,comma,nonfinal,8,8,put,9.998940467834473
critical,27,ambiguous,long,comma,nonfinal,8,9,away,5.635324001312256
critical,27,ambiguous,long,comma,nonfinal,8,10,his,0.7942571640014648
critical,27,ambiguous,long,comma,nonfinal,8,11,phone.,6.992702007293701
critical,27,unambiguous,short,comma,nonfinal,6,0,Once,20.057292938232425
critical,27,unambiguous,short,comma,nonfinal,6,1,the,2.9064571857452397
critical,27,unambiguous,short,comma,nonfinal,6,2,audience,12.283105850219728
critical,27,unambiguous,short,comma,nonfinal,6,3,"quieted,",19.72115647792816
critical,27,unambiguous,short,comma,nonfinal,6,4,the,2.407184839248657
critical,27,unambiguous,short,comma,nonfinal,6,5,man,4.6583991050720215
critical,27,unambiguous,short,comma,nonfinal,6,6,put,7.064688205718994
critical,27,unambiguous,short,comma,nonfinal,6,7,away,6.689610481262207
critical,27,unambiguous,short,comma,nonfinal,6,8,his,0.8164883255958557
critical,27,unambiguous,short,comma,nonfinal,6,9,phone.,8.9130380153656
critical,27,unambiguous,long,comma,nonfinal,8,0,Once,20.057292938232425
critical,27,unambiguous,long,comma,nonfinal,8,1,the,2.9064571857452397
critical,27,unambiguous,long,comma,nonfinal,8,2,audience,12.283105850219728
critical,27,unambiguous,long,comma,nonfinal,8,3,"quieted,",19.72115647792816
critical,27,unambiguous,long,comma,nonfinal,8,4,the,2.407184839248657
critical,27,unambiguous,long,comma,nonfinal,8,5,man,4.6583991050720215
critical,27,unambiguous,long,comma,nonfinal,8,6,talking,13.560779571533203
critical,27,unambiguous,long,comma,nonfinal,8,7,loudly,7.771568298339844
critical,27,unambiguous,long,comma,nonfinal,8,8,put,8.697514533996582
critical,27,unambiguous,long,comma,nonfinal,8,9,away,7.2974534034729
critical,27,unambiguous,long,comma,nonfinal,8,10,his,0.5563459992408752
critical,27,unambiguous,long,comma,nonfinal,8,11,phone.,7.950175762176514
critical,28,ambiguous,short,comma,nonfinal,7,0,After,18.199451446533203
critical,28,ambiguous,short,comma,nonfinal,7,1,the,2.607591390609741
critical,28,ambiguous,short,comma,nonfinal,7,2,corrupt,15.587982177734377
critical,28,ambiguous,short,comma,nonfinal,7,3,politician,10.170143127441406
critical,28,ambiguous,short,comma,nonfinal,7,4,signed,10.9286527633667
critical,28,ambiguous,short,comma,nonfinal,7,5,the,1.2279726266860962
critical,28,ambiguous,short,comma,nonfinal,7,6,bill,2.7989418506622314
critical,28,ambiguous,short,comma,nonfinal,7,7,received,16.918657302856445
critical,28,ambiguous,short,comma,nonfinal,7,8,unwelcome,16.494710683822632
critical,28,ambiguous,short,comma,nonfinal,7,9,attention,4.996852874755859
critical,28,ambiguous,short,comma,nonfinal,7,10,from,1.2134462594985962
critical,28,ambiguous,short,comma,nonfinal,7,11,southern,13.471428871154783
critical,28,ambiguous,short,comma,nonfinal,7,12,voters.,9.044952869415283
critical,28,ambiguous,long,comma,nonfinal,9,0,After,18.199451446533203
critical,28,ambiguous,long,comma,nonfinal,9,1,the,2.607591390609741
critical,28,ambiguous,long,comma,nonfinal,9,2,corrupt,15.587982177734377
critical,28,ambiguous,long,comma,nonfinal,9,3,politician,10.170143127441406
critical,28,ambiguous,long,comma,nonfinal,9,4,signed,10.9286527633667
critical,28,ambiguous,long,comma,nonfinal,9,5,the,1.2279726266860962
critical,28,ambiguous,long,comma,nonfinal,9,6,bill,2.7989418506622314
critical,28,ambiguous,long,comma,nonfinal,9,7,on,5.6458740234375
critical,28,ambiguous,long,comma,nonfinal,9,8,taxes,12.642077445983888
critical,28,ambiguous,long,comma,nonfinal,9,9,received,12.977360725402832
critical,28,ambiguous,long,comma,nonfinal,9,10,unwelcome,28.206398963928223
critical,28,ambiguous,long,comma,nonfinal,9,11,attention,5.1128034591674805
critical,28,ambiguous,long,comma,nonfinal,9,12,from,1.9439268112182615
critical,28,ambiguous,long,comma,nonfinal,9,13,southern,13.559486389160156
critical,28,ambiguous,long,comma,nonfinal,9,14,voters.,8.700517058372498
critical,28,unambiguous,short,comma,nonfinal,7,0,After,18.199451446533203
critical,28,unambiguous,short,comma,nonfinal,7,1,the,2.607591390609741
critical,28,unambiguous,short,comma,nonfinal,7,2,corrupt,15.587982177734377
critical,28,unambiguous,short,comma,nonfinal,7,3,politician,10.170143127441406
critical,28,unambiguous,short,comma,nonfinal,7,4,"signed,",19.19214916229248
critical,28,unambiguous,short,comma,nonfinal,7,5,the,1.9538109302520752
critical,28,unambiguous,short,comma,nonfinal,7,6,bill,8.508312225341797
critical,28,unambiguous,short,comma,nonfinal,7,7,received,6.956740856170654
critical,28,unambiguous,short,comma,nonfinal,7,8,unwelcome,15.263862371444702
critical,28,unambiguous,short,comma,nonfinal,7,9,attention,3.1270930767059326
critical,28,unambiguous,short,comma,nonfinal,7,10,from,1.2702528238296509
critical,28,unambiguous,short,comma,nonfinal,7,11,southern,13.492734909057615
critical,28,unambiguous,short,comma,nonfinal,7,12,voters.,9.233130931854248
critical,28,unambiguous,long,comma,nonfinal,9,0,After,18.199451446533203
critical,28,unambiguous,long,comma,nonfinal,9,1,the,2.607591390609741
critical,28,unambiguous,long,comma,nonfinal,9,2,corrupt,15.587982177734377
critical,28,unambiguous,long,comma,nonfinal,9,3,politician,10.170143127441406
critical,28,unambiguous,long,comma,nonfinal,9,4,"signed,",19.19214916229248
critical,28,unambiguous,long,comma,nonfinal,9,5,the,1.9538109302520752
critical,28,unambiguous,long,comma,nonfinal,9,6,bill,8.508312225341797
critical,28,unambiguous,long,comma,nonfinal,9,7,on,9.06978988647461
critical,28,unambiguous,long,comma,nonfinal,9,8,taxes,8.823007583618164
critical,28,unambiguous,long,comma,nonfinal,9,9,received,7.0993971824646
critical,28,unambiguous,long,comma,nonfinal,9,10,unwelcome,15.801002144813538
critical,28,unambiguous,long,comma,nonfinal,9,11,attention,3.33227801322937
critical,28,unambiguous,long,comma,nonfinal,9,12,from,1.6339397430419922
critical,28,unambiguous,long,comma,nonfinal,9,13,southern,13.449895858764648
critical,28,unambiguous,long,comma,nonfinal,9,14,voters.,8.219888806343079
critical,29,ambiguous,short,object,nonfinal,7,0,While,18.67935943603516
critical,29,ambiguous,short,object,nonfinal,7,1,the,7.724723815917969
critical,29,ambiguous,short,object,nonfinal,7,2,art,12.15458869934082
critical,29,ambiguous,short,object,nonfinal,7,3,class,9.872844696044922
critical,29,ambiguous,short,object,nonfinal,7,4,painted,13.260889053344728
critical,29,ambiguous,short,object,nonfinal,7,5,the,4.231510639190674
critical,29,ambiguous,short,object,nonfinal,7,6,model,9.37783145904541
critical,29,ambiguous,short,object,nonfinal,7,7,stayed,22.083484649658203
critical,29,ambiguous,short,object,nonfinal,7,8,still.,10.95934796333313
critical,29,ambiguous,long,object,nonfinal,10,0,While,18.67935943603516
critical,29,ambiguous,long,object,nonfinal,10,1,the,7.724723815917969
critical,29,ambiguous,long,object,nonfinal,10,2,art,12.15458869934082
critical,29,ambiguous,long,object,nonfinal,10,3,class,9.872844696044922
critical,29,ambiguous,long,object,nonfinal,10,4,painted,13.260889053344728
critical,29,ambiguous,long,object,nonfinal,10,5,the,4.231510639190674
critical,29,ambiguous,long,object,nonfinal,10,6,model,9.37783145904541
critical,29,ambiguous,long,object,nonfinal,10,7,in,4.6032395362854
critical,29,ambiguous,long,object,nonfinal,10,8,the,4.3504319190979
critical,29,ambiguous,long,object,nonfinal,10,9,nude,14.386436462402344
critical,29,ambiguous,long,object,nonfinal,10,10,stayed,20.858661651611328
critical,29,ambiguous,long,object,nonfinal,10,11,still.,11.705541133880615
critical,29,unambiguous,short,object,nonfinal,9,0,While,18.67935943603516
critical,29,unambiguous,short,object,nonfinal,9,1,the,7.724723815917969
critical,29,unambiguous,short,object,nonfinal,9,2,art,12.15458869934082
critical,29,unambiguous,short,object,nonfinal,9,3,class,9.872844696044922
critical,29,unambiguous,short,object,nonfinal,9,4,painted,13.260889053344728
critical,29,unambiguous,short,object,nonfinal,9,5,their,6.250709533691406
critical,29,unambiguous,short,object,nonfinal,9,6,portraits,6.728841781616211
critical,29,unambiguous,short,object,nonfinal,9,7,the,7.984258651733398
critical,29,unambiguous,short,object,nonfinal,9,8,model,11.612242698669434
critical,29,unambiguous,short,object,nonfinal,9,9,stayed,12.002166748046877
critical,29,unambiguous,short,object,nonfinal,9,10,still.,7.841853141784668
critical,29,unambiguous,long,object,nonfinal,12,0,While,18.67935943603516
critical,29,unambiguous,long,object,nonfinal,12,1,the,7.724723815917969
critical,29,unambiguous,long,object,nonfinal,12,2,art,12.15458869934082
critical,29,unambiguous,long,object,nonfinal,12,3,class,9.872844696044922
critical,29,unambiguous,long,object,nonfinal,12,4,painted,13.260889053344728
critical,29,unambiguous,long,object,nonfinal,12,5,their,6.250709533691406
critical,29,unambiguous,long,object,nonfinal,12,6,portraits,6.728841781616211
critical,29,unambiguous,long,object,nonfinal,12,7,the,7.984258651733398
critical,29,unambiguous,long,object,nonfinal,12,8,model,11.612242698669434
critical,29,unambiguous,long,object,nonfinal,12,9,in,6.174694538116455
critical,29,unambiguous,long,object,nonfinal,12,10,the,1.5462946891784668
critical,29,unambiguous,long,object,nonfinal,12,11,nude,11.453030586242676
critical,29,unambiguous,long,object,nonfinal,12,12,stayed,14.82607078552246
critical,29,unambiguous,long,object,nonfinal,12,13,still.,7.434171676635742
critical,30,ambiguous,short,object,final,6,0,As,18.614641189575195
critical,30,ambiguous,short,object,final,6,1,the,3.726273775100708
critical,30,ambiguous,short,object,final,6,2,professor,10.481733322143556
critical,30,ambiguous,short,object,final,6,3,wrote,6.736718654632568
critical,30,ambiguous,short,object,final,6,4,the,5.0754170417785645
critical,30,ambiguous,short,object,final,6,5,textbook,7.559676170349121
critical,30,ambiguous,short,object,final,6,6,grew.,22.050216674804688
critical,30,ambiguous,long,object,final,8,0,As,18.614641189575195
critical,30,ambiguous,long,object,final,8,1,the,3.726273775100708
critical,30,ambiguous,long,object,final,8,2,professor,10.481733322143556
critical,30,ambiguous,long,object,final,8,3,wrote,6.736718654632568
critical,30,ambiguous,long,object,final,8,4,the,5.0754170417785645
critical,30,ambiguous,long,object,final,8,5,textbook,7.559676170349121
critical,30,ambiguous,long,object,final,8,6,on,5.487736701965332
critical,30,ambiguous,long,object,final,8,7,biology,10.510744094848633
critical,30,ambiguous,long,object,final,8,8,grew.,23.01901626586914
critical,30,unambiguous,short,object,final,8,0,As,18.614641189575195
critical,30,unambiguous,short,object,final,8,1,the,3.726273775100708
critical,30,unambiguous,short,object,final,8,2,professor,10.481733322143556
critical,30,unambiguous,short,object,final,8,3,wrote,6.736718654632568
critical,30,unambiguous,short,object,final,8,4,the,5.0754170417785645
critical,30,unambiguous,short,object,final,8,5,chapter,8.772029876708984
critical,30,unambiguous,short,object,final,8,6,the,6.232991218566895
critical,30,unambiguous,short,object,final,8,7,textbook,7.724221229553223
critical,30,unambiguous,short,object,final,8,8,grew.,18.787972450256348
critical,30,unambiguous,long,object,final,10,0,As,18.614641189575195
critical,30,unambiguous,long,object,final,10,1,the,3.726273775100708
critical,30,unambiguous,long,object,final,10,2,professor,10.481733322143556
critical,30,unambiguous,long,object,final,10,3,wrote,6.736718654632568
critical,30,unambiguous,long,object,final,10,4,the,5.0754170417785645
critical,30,unambiguous,long,object,final,10,5,chapter,8.772029876708984
critical,30,unambiguous,long,object,final,10,6,the,6.232991218566895
critical,30,unambiguous,long,object,final,10,7,textbook,7.724221229553223
critical,30,unambiguous,long,object,final,10,8,on,8.659806251525879
critical,30,unambiguous,long,object,final,10,9,biology,11.411633491516112
critical,30,unambiguous,long,object,final,10,10,grew.,16.95981788635254
