item_category,item,ambiguity,length,resolution,finality,critical_word_index,word_index,word,surprisal
critical,1,ambiguous,short,object,nonfinal,6,0,As,19.040510177612305
critical,1,ambiguous,short,object,nonfinal,6,1,the,3.442622184753418
critical,1,ambiguous,short,object,nonfinal,6,2,lifeguard,17.232240438461304
critical,1,ambiguous,short,object,nonfinal,6,3,watched,8.74026107788086
critical,1,ambiguous,short,object,nonfinal,6,4,the,0.913720428943634
critical,1,ambiguous,short,object,nonfinal,6,5,kids,6.076933860778809
critical,1,ambiguous,short,object,nonfinal,6,6,splashed,15.239616394042969
critical,1,ambiguous,short,object,nonfinal,6,7,each,8.513813018798828
critical,1,ambiguous,short,object,nonfinal,6,8,other,0.0205168426036834
critical,1,ambiguous,short,object,nonfinal,6,9,with,4.55858850479126
critical,1,ambiguous,short,object,nonfinal,6,10,water.,8.029380202293396
critical,1,ambiguous,long,object,nonfinal,8,0,As,19.040510177612305
critical,1,ambiguous,long,object,nonfinal,8,1,the,3.442622184753418
critical,1,ambiguous,long,object,nonfinal,8,2,lifeguard,17.232240438461304
critical,1,ambiguous,long,object,nonfinal,8,3,watched,8.74026107788086
critical,1,ambiguous,long,object,nonfinal,8,4,the,0.913720428943634
critical,1,ambiguous,long,object,nonfinal,8,5,kids,6.076933860778809
critical,1,ambiguous,long,object,nonfinal,8,6,playing,2.9396512508392334
critical,1,ambiguous,long,object,nonfinal,8,7,happily,8.004793167114258
critical,1,ambiguous,long,object,nonfinal,8,8,splashed,19.133500576019287
critical,1,ambiguous,long,object,nonfinal,8,9,each,10.407712936401367
critical,1,ambiguous,long,object,nonfinal,8,10,other,0.0481991693377494
critical,1,ambiguous,long,object,nonfinal,8,11,with,3.008535146713257
critical,1,ambiguous,long,object,nonfinal,8,12,water.,5.8753127455711365
critical,1,unambiguous,short,object,nonfinal,8,0,As,19.040510177612305
critical,1,unambiguous,short,object,nonfinal,8,1,the,3.442622184753418
critical,1,unambiguous,short,object,nonfinal,8,2,lifeguard,17.232240438461304
critical,1,unambiguous,short,object,nonfinal,8,3,watched,8.74026107788086
critical,1,unambiguous,short,object,nonfinal,8,4,the,0.913720428943634
critical,1,unambiguous,short,object,nonfinal,8,5,pool,5.077475547790527
critical,1,unambiguous,short,object,nonfinal,8,6,the,8.903919219970703
critical,1,unambiguous,short,object,nonfinal,8,7,kids,6.906693935394287
critical,1,unambiguous,short,object,nonfinal,8,8,splashed,5.617464959621429
critical,1,unambiguous,short,object,nonfinal,8,9,each,5.9522480964660645
critical,1,unambiguous,short,object,nonfinal,8,10,other,0.0513223744928836
critical,1,unambiguous,short,object,nonfinal,8,11,with,4.196855545043945
critical,1,unambiguous,short,object,nonfinal,8,12,water.,2.6674894094467163
critical,1,unambiguous,long,object,nonfinal,10,0,As,19.040510177612305
critical,1,unambiguous,long,object,nonfinal,10,1,the,3.442622184753418
critical,1,unambiguous,long,object,nonfinal,10,2,lifeguard,17.232240438461304
critical,1,unambiguous,long,object,nonfinal,10,3,watched,8.74026107788086
critical,1,unambiguous,long,object,nonfinal,10,4,the,0.913720428943634
critical,1,unambiguous,long,object,nonfinal,10,5,pool,5.077475547790527
critical,1,unambiguous,long,object,nonfinal,10,6,the,8.903919219970703
critical,1,unambiguous,long,object,nonfinal,10,7,kids,6.906693935394287
critical,1,unambiguous,long,object,nonfinal,10,8,playing,5.157137870788574
critical,1,unambiguous,long,object,nonfinal,10,9,happily,8.64284896850586
critical,1,unambiguous,long,object,nonfinal,10,10,splashed,6.457846760749817
critical,1,unambiguous,long,object,nonfinal,10,11,each,5.300293445587158
critical,1,unambiguous,long,object,nonfinal,10,12,other,0.038103099912405
critical,1,unambiguous,long,object,nonfinal,10,13,with,3.26954984664917
critical,1,unambiguous,long,object,nonfinal,10,14,water.,2.1176650524139404
critical,2,ambiguous,short,comma,nonfinal,6,0,Because,21.47523498535156
critical,2,ambiguous,short,comma,nonfinal,6,1,the,3.5499117374420166
critical,2,ambiguous,short,comma,nonfinal,6,2,suspect,14.34018611907959
critical,2,ambiguous,short,comma,nonfinal,6,3,changed,11.638188362121582
critical,2,ambiguous,short,comma,nonfinal,6,4,the,2.627218008041382
critical,2,ambiguous,short,comma,nonfinal,6,5,file,9.120523452758787
critical,2,ambiguous,short,comma,nonfinal,6,6,needed,16.11418342590332
critical,2,ambiguous,short,comma,nonfinal,6,7,to,0.966300368309021
critical,2,ambiguous,short,comma,nonfinal,6,8,be,1.6064417362213137
critical,2,ambiguous,short,comma,nonfinal,6,9,updated.,9.629008769989014
critical,2,ambiguous,long,comma,nonfinal,9,0,Because,21.47523498535156
critical,2,ambiguous,long,comma,nonfinal,9,1,the,3.5499117374420166
critical,2,ambiguous,long,comma,nonfinal,9,2,suspect,14.34018611907959
critical,2,ambiguous,long,comma,nonfinal,9,3,changed,11.638188362121582
critical,2,ambiguous,long,comma,nonfinal,9,4,the,2.627218008041382
critical,2,ambiguous,long,comma,nonfinal,9,5,file,9.120523452758787
critical,2,ambiguous,long,comma,nonfinal,9,6,with,7.765769481658935
critical,2,ambiguous,long,comma,nonfinal,9,7,the,1.9646334648132324
critical,2,ambiguous,long,comma,nonfinal,9,8,evidence,9.728131294250488
critical,2,ambiguous,long,comma,nonfinal,9,9,needed,14.45657444000244
critical,2,ambiguous,long,comma,nonfinal,9,10,to,1.0230793952941897
critical,2,ambiguous,long,comma,nonfinal,9,11,be,4.205355644226074
critical,2,ambiguous,long,comma,nonfinal,9,12,updated.,11.409435272216797
critical,2,unambiguous,short,comma,nonfinal,6,0,Because,21.47523498535156
critical,2,unambiguous,short,comma,nonfinal,6,1,the,3.5499117374420166
critical,2,unambiguous,short,comma,nonfinal,6,2,suspect,14.34018611907959
critical,2,unambiguous,short,comma,nonfinal,6,3,"changed,",18.252115726470947
critical,2,unambiguous,short,comma,nonfinal,6,4,the,1.4577937126159668
critical,2,unambiguous,short,comma,nonfinal,6,5,file,9.798930168151855
critical,2,unambiguous,short,comma,nonfinal,6,6,needed,6.866645336151123
critical,2,unambiguous,short,comma,nonfinal,6,7,to,0.1894726008176803
critical,2,unambiguous,short,comma,nonfinal,6,8,be,0.1403378397226333
critical,2,unambiguous,short,comma,nonfinal,6,9,updated.,4.831308960914612
critical,2,unambiguous,long,comma,nonfinal,9,0,Because,21.47523498535156
critical,2,unambiguous,long,comma,nonfinal,9,1,the,3.5499117374420166
critical,2,unambiguous,long,comma,nonfinal,9,2,suspect,14.34018611907959
critical,2,unambiguous,long,comma,nonfinal,9,3,"changed,",18.252115726470947
critical,2,unambiguous,long,comma,nonfinal,9,4,the,1.4577937126159668
critical,2,unambiguous,long,comma,nonfinal,9,5,file,9.798930168151855
critical,2,unambiguous,long,comma,nonfinal,9,6,with,7.316422462463379
critical,2,unambiguous,long,comma,nonfinal,9,7,the,0.668079674243927
critical,2,unambiguous,long,comma,nonfinal,9,8,evidence,6.552227973937988
critical,2,unambiguous,long,comma,nonfinal,9,9,needed,7.619260787963867
critical,2,unambiguous,long,comma,nonfinal,9,10,to,0.1138415113091468
critical,2,unambiguous,long,comma,nonfinal,9,11,be,0.0951600670814514
critical,2,unambiguous,long,comma,nonfinal,9,12,updated.,5.472521066665649
critical,3,ambiguous,short,object,nonfinal,7,0,While,20.30198097229004
critical,3,ambiguous,short,object,nonfinal,7,1,the,7.085971355438232
critical,3,ambiguous,short,object,nonfinal,7,2,new,11.438075065612791
critical,3,ambiguous,short,object,nonfinal,7,3,chef,17.372333526611328
critical,3,ambiguous,short,object,nonfinal,7,4,cooked,8.807952880859375
critical,3,ambiguous,short,object,nonfinal,7,5,the,3.103909969329834
critical,3,ambiguous,short,object,nonfinal,7,6,stew,14.094139099121094
critical,3,ambiguous,short,object,nonfinal,7,7,boiled,6.601827621459961
critical,3,ambiguous,short,object,nonfinal,7,8,over.,13.558060646057127
critical,3,ambiguous,long,object,nonfinal,11,0,While,20.30198097229004
critical,3,ambiguous,long,object,nonfinal,11,1,the,7.085971355438232
critical,3,ambiguous,long,object,nonfinal,11,2,new,11.438075065612791
critical,3,ambiguous,long,object,nonfinal,11,3,chef,17.372333526611328
critical,3,ambiguous,long,object,nonfinal,11,4,cooked,8.807952880859375
critical,3,ambiguous,long,object,nonfinal,11,5,the,3.103909969329834
critical,3,ambiguous,long,object,nonfinal,11,6,stew,14.094139099121094
critical,3,ambiguous,long,object,nonfinal,11,7,with,7.817950248718262
critical,3,ambiguous,long,object,nonfinal,11,8,lamb,11.439064025878906
critical,3,ambiguous,long,object,nonfinal,11,9,and,2.0230250358581543
critical,3,ambiguous,long,object,nonfinal,11,10,vegetables,11.42998504638672
critical,3,ambiguous,long,object,nonfinal,11,11,boiled,9.86886501312256
critical,3,ambiguous,long,object,nonfinal,11,12,over.,12.28541660308838
critical,3,unambiguous,short,object,nonfinal,9,0,While,20.30198097229004
critical,3,unambiguous,short,object,nonfinal,9,1,the,7.085971355438232
critical,3,unambiguous,short,object,nonfinal,9,2,new,11.438075065612791
critical,3,unambiguous,short,object,nonfinal,9,3,chef,17.372333526611328
critical,3,unambiguous,short,object,nonfinal,9,4,cooked,8.807952880859375
critical,3,unambiguous,short,object,nonfinal,9,5,the,3.103909969329834
critical,3,unambiguous,short,object,nonfinal,9,6,appetizers,18.509796142578125
critical,3,unambiguous,short,object,nonfinal,9,7,the,1.702223777770996
critical,3,unambiguous,short,object,nonfinal,9,8,stew,10.42563819885254
critical,3,unambiguous,short,object,nonfinal,9,9,boiled,5.1322526931762695
critical,3,unambiguous,short,object,nonfinal,9,10,over.,17.183456897735596
critical,3,unambiguous,long,object,nonfinal,13,0,While,20.30198097229004
critical,3,unambiguous,long,object,nonfinal,13,1,the,7.085971355438232
critical,3,unambiguous,long,object,nonfinal,13,2,new,11.438075065612791
critical,3,unambiguous,long,object,nonfinal,13,3,chef,17.372333526611328
critical,3,unambiguous,long,object,nonfinal,13,4,cooked,8.807952880859375
critical,3,unambiguous,long,object,nonfinal,13,5,the,3.103909969329834
critical,3,unambiguous,long,object,nonfinal,13,6,appetizers,18.509796142578125
critical,3,unambiguous,long,object,nonfinal,13,7,the,1.702223777770996
critical,3,unambiguous,long,object,nonfinal,13,8,stew,10.42563819885254
critical,3,unambiguous,long,object,nonfinal,13,9,with,9.798694610595703
critical,3,unambiguous,long,object,nonfinal,13,10,lamb,12.89497184753418
critical,3,unambiguous,long,object,nonfinal,13,11,and,3.6174087524414062
critical,3,unambiguous,long,object,nonfinal,13,12,vegetables,13.082529067993164
critical,3,unambiguous,long,object,nonfinal,13,13,boiled,9.860817909240724
critical,3,unambiguous,long,object,nonfinal,13,14,over.,10.395941257476808
critical,4,ambiguous,short,comma,nonfinal,6,0,As,19.040510177612305
critical,4,ambiguous,short,comma,nonfinal,6,1,the,3.442622184753418
critical,4,ambiguous,short,comma,nonfinal,6,2,child,7.546429634094238
critical,4,ambiguous,short,comma,nonfinal,6,3,showered,18.99638456106186
critical,4,ambiguous,short,comma,nonfinal,6,4,the,4.0514326095581055
critical,4,ambiguous,short,comma,nonfinal,6,5,cat,7.2999396324157715
critical,4,ambiguous,short,comma,nonfinal,6,6,ran,10.394622802734377
critical,4,ambiguous,short,comma,nonfinal,6,7,around,3.857510328292847
critical,4,ambiguous,short,comma,nonfinal,6,8,the,1.5869568586349487
critical,4,ambiguous,short,comma,nonfinal,6,9,room.,4.967877149581909
critical,4,ambiguous,long,comma,nonfinal,8,0,As,19.040510177612305
critical,4,ambiguous,long,comma,nonfinal,8,1,the,3.442622184753418
critical,4,ambiguous,long,comma,nonfinal,8,2,child,7.546429634094238
critical,4,ambiguous,long,comma,nonfinal,8,3,showered,18.99638456106186
critical,4,ambiguous,long,comma,nonfinal,8,4,the,4.0514326095581055
critical,4,ambiguous,long,comma,nonfinal,8,5,cat,7.2999396324157715
critical,4,ambiguous,long,comma,nonfinal,8,6,complaining,18.75243759155273
critical,4,ambiguous,long,comma,nonfinal,8,7,loudly,7.754221439361572
critical,4,ambiguous,long,comma,nonfinal,8,8,ran,14.623064041137695
critical,4,ambiguous,long,comma,nonfinal,8,9,around,4.021834850311279
critical,4,ambiguous,long,comma,nonfinal,8,10,the,1.0463204383850098
critical,4,ambiguous,long,comma,nonfinal,8,11,room.,4.710472822189331
critical,4,unambiguous,short,comma,nonfinal,6,0,As,19.040510177612305
critical,4,unambiguous,short,comma,nonfinal,6,1,the,3.442622184753418
critical,4,unambiguous,short,comma,nonfinal,6,2,child,7.546429634094238
critical,4,unambiguous,short,comma,nonfinal,6,3,"showered,",21.752105176448826
critical,4,unambiguous,short,comma,nonfinal,6,4,the,2.4101345539093018
critical,4,unambiguous,short,comma,nonfinal,6,5,cat,8.927651405334473
critical,4,unambiguous,short,comma,nonfinal,6,6,ran,6.142900943756104
critical,4,unambiguous,short,comma,nonfinal,6,7,around,3.068580389022827
critical,4,unambiguous,short,comma,nonfinal,6,8,the,1.2880619764328003
critical,4,unambiguous,short,comma,nonfinal,6,9,room.,4.229642271995544
critical,4,unambiguous,long,comma,nonfinal,8,0,As,19.040510177612305
critical,4,unambiguous,long,comma,nonfinal,8,1,the,3.442622184753418
critical,4,unambiguous,long,comma,nonfinal,8,2,child,7.546429634094238
critical,4,unambiguous,long,comma,nonfinal,8,3,"showered,",21.752105176448826
critical,4,unambiguous,long,comma,nonfinal,8,4,the,2.4101345539093018
critical,4,unambiguous,long,comma,nonfinal,8,5,cat,8.927651405334473
critical,4,unambiguous,long,comma,nonfinal,8,6,complaining,20.65724372863769
critical,4,unambiguous,long,comma,nonfinal,8,7,loudly,6.364304542541504
critical,4,unambiguous,long,comma,nonfinal,8,8,ran,13.436429023742676
critical,4,unambiguous,long,comma,nonfinal,8,9,around,2.9825754165649414
critical,4,unambiguous,long,comma,nonfinal,8,10,the,0.8317934274673462
critical,4,unambiguous,long,comma,nonfinal,8,11,room.,3.4537060260772705
critical,5,ambiguous,short,comma,final,6,0,When,17.556119918823242
critical,5,ambiguous,short,comma,final,6,1,the,3.614062786102295
critical,5,ambiguous,short,comma,final,6,2,family,15.478131294250488
critical,5,ambiguous,short,comma,final,6,3,moved,10.309154510498049
critical,5,ambiguous,short,comma,final,6,4,the,3.585312604904175
critical,5,ambiguous,short,comma,final,6,5,vases,30.48709487915039
critical,5,ambiguous,short,comma,final,6,6,broke.,20.17285203933716
critical,5,ambiguous,long,comma,final,9,0,When,17.556119918823242
critical,5,ambiguous,long,comma,final,9,1,the,3.614062786102295
critical,5,ambiguous,long,comma,final,9,2,family,15.478131294250488
critical,5,ambiguous,long,comma,final,9,3,moved,10.309154510498049
critical,5,ambiguous,long,comma,final,9,4,the,3.585312604904175
critical,5,ambiguous,long,comma,final,9,5,vases,30.48709487915039
critical,5,ambiguous,long,comma,final,9,6,made,10.489818572998049
critical,5,ambiguous,long,comma,final,9,7,of,9.440524101257324
critical,5,ambiguous,long,comma,final,9,8,porcelain,11.443154335021973
critical,5,ambiguous,long,comma,final,9,9,broke.,17.017841339111328
critical,5,unambiguous,short,comma,final,6,0,When,17.556119918823242
critical,5,unambiguous,short,comma,final,6,1,the,3.614062786102295
critical,5,unambiguous,short,comma,final,6,2,family,15.478131294250488
critical,5,unambiguous,short,comma,final,6,3,"moved,",15.155449390411375
critical,5,unambiguous,short,comma,final,6,4,the,2.6507012844085693
critical,5,unambiguous,short,comma,final,6,5,vases,19.909525871276852
critical,5,unambiguous,short,comma,final,6,6,broke.,11.978559494018556
critical,5,unambiguous,long,comma,final,9,0,When,17.556119918823242
critical,5,unambiguous,long,comma,final,9,1,the,3.614062786102295
critical,5,unambiguous,long,comma,final,9,2,family,15.478131294250488
critical,5,unambiguous,long,comma,final,9,3,"moved,",15.155449390411375
critical,5,unambiguous,long,comma,final,9,4,the,2.6507012844085693
critical,5,unambiguous,long,comma,final,9,5,vases,19.909525871276852
critical,5,unambiguous,long,comma,final,9,6,made,9.27741241455078
critical,5,unambiguous,long,comma,final,9,7,of,5.5462727546691895
critical,5,unambiguous,long,comma,final,9,8,porcelain,7.119578361511231
critical,5,unambiguous,long,comma,final,9,9,broke.,11.546491861343384
critical,6,ambiguous,short,comma,nonfinal,7,0,After,18.587215423583984
critical,6,ambiguous,short,comma,nonfinal,7,1,the,2.4606575965881348
critical,6,ambiguous,short,comma,nonfinal,7,2,new,8.396795272827148
critical,6,ambiguous,short,comma,nonfinal,7,3,doctor,11.005545616149902
critical,6,ambiguous,short,comma,nonfinal,7,4,left,6.337501525878906
critical,6,ambiguous,short,comma,nonfinal,7,5,the,3.0223543643951416
critical,6,ambiguous,short,comma,nonfinal,7,6,operation,9.678349494934082
critical,6,ambiguous,short,comma,nonfinal,7,7,appeared,16.515745162963867
critical,6,ambiguous,short,comma,nonfinal,7,8,more,5.4424967765808105
critical,6,ambiguous,short,comma,nonfinal,7,9,likely,8.111565589904785
critical,6,ambiguous,short,comma,nonfinal,7,10,to,1.0673270225524902
critical,6,ambiguous,short,comma,nonfinal,7,11,succeed.,4.228161931037903
critical,6,ambiguous,long,comma,nonfinal,10,0,After,18.587215423583984
critical,6,ambiguous,long,comma,nonfinal,10,1,the,2.4606575965881348
critical,6,ambiguous,long,comma,nonfinal,10,2,new,8.396795272827148
critical,6,ambiguous,long,comma,nonfinal,10,3,doctor,11.005545616149902
critical,6,ambiguous,long,comma,nonfinal,10,4,left,6.337501525878906
critical,6,ambiguous,long,comma,nonfinal,10,5,the,3.0223543643951416
critical,6,ambiguous,long,comma,nonfinal,10,6,operation,9.678349494934082
critical,6,ambiguous,long,comma,nonfinal,10,7,on,9.33000659942627
critical,6,ambiguous,long,comma,nonfinal,10,8,the,1.5923033952713013
critical,6,ambiguous,long,comma,nonfinal,10,9,brain,7.68762731552124
critical,6,ambiguous,long,comma,nonfinal,10,10,appeared,14.528773307800291
critical,6,ambiguous,long,comma,nonfinal,10,11,more,7.063657760620117
critical,6,ambiguous,long,comma,nonfinal,10,12,likely,8.163812637329102
critical,6,ambiguous,long,comma,nonfinal,10,13,to,0.8906279802322388
critical,6,ambiguous,long,comma,nonfinal,10,14,succeed.,5.216585993766785
critical,6,unambiguous,short,comma,nonfinal,7,0,After,18.587215423583984
critical,6,unambiguous,short,comma,nonfinal,7,1,the,2.4606575965881348
critical,6,unambiguous,short,comma,nonfinal,7,2,new,8.396795272827148
critical,6,unambiguous,short,comma,nonfinal,7,3,doctor,11.005545616149902
critical,6,unambiguous,short,comma,nonfinal,7,4,"left,",7.189385235309601
critical,6,unambiguous,short,comma,nonfinal,7,5,the,2.186518669128418
critical,6,unambiguous,short,comma,nonfinal,7,6,operation,10.614450454711914
critical,6,unambiguous,short,comma,nonfinal,7,7,appeared,13.567755699157717
critical,6,unambiguous,short,comma,nonfinal,7,8,more,6.525079727172852
critical,6,unambiguous,short,comma,nonfinal,7,9,likely,6.958013534545898
critical,6,unambiguous,short,comma,nonfinal,7,10,to,0.4273727536201477
critical,6,unambiguous,short,comma,nonfinal,7,11,succeed.,2.937053680419922
critical,6,unambiguous,long,comma,nonfinal,10,0,After,18.587215423583984
critical,6,unambiguous,long,comma,nonfinal,10,1,the,2.4606575965881348
critical,6,unambiguous,long,comma,nonfinal,10,2,new,8.396795272827148
critical,6,unambiguous,long,comma,nonfinal,10,3,doctor,11.005545616149902
critical,6,unambiguous,long,comma,nonfinal,10,4,"left,",7.189385235309601
critical,6,unambiguous,long,comma,nonfinal,10,5,the,2.186518669128418
critical,6,unambiguous,long,comma,nonfinal,10,6,operation,10.614450454711914
critical,6,unambiguous,long,comma,nonfinal,10,7,on,5.977244853973389
critical,6,unambiguous,long,comma,nonfinal,10,8,the,1.6495282649993896
critical,6,unambiguous,long,comma,nonfinal,10,9,brain,8.393745422363281
critical,6,unambiguous,long,comma,nonfinal,10,10,appeared,11.50597095489502
critical,6,unambiguous,long,comma,nonfinal,10,11,more,5.734275817871094
critical,6,unambiguous,long,comma,nonfinal,10,12,likely,6.831910133361816
critical,6,unambiguous,long,comma,nonfinal,10,13,to,0.7387714385986328
critical,6,unambiguous,long,comma,nonfinal,10,14,succeed.,3.837007164955139
critical,7,ambiguous,short,comma,final,6,0,While,20.30198097229004
critical,7,ambiguous,short,comma,final,6,1,the,7.085971355438232
critical,7,ambiguous,short,comma,final,6,2,mom,21.11953353881836
critical,7,ambiguous,short,comma,final,6,3,dressed,17.292943954467773
critical,7,ambiguous,short,comma,final,6,4,the,3.505983352661133
critical,7,ambiguous,short,comma,final,6,5,baby,7.992735385894775
critical,7,ambiguous,short,comma,final,6,6,cried.,17.866416454315186
critical,7,ambiguous,long,comma,final,8,0,While,20.30198097229004
critical,7,ambiguous,long,comma,final,8,1,the,7.085971355438232
critical,7,ambiguous,long,comma,final,8,2,mom,21.11953353881836
critical,7,ambiguous,long,comma,final,8,3,dressed,17.292943954467773
critical,7,ambiguous,long,comma,final,8,4,the,3.505983352661133
critical,7,ambiguous,long,comma,final,8,5,baby,7.992735385894775
critical,7,ambiguous,long,comma,final,8,6,she,11.260778427124023
critical,7,ambiguous,long,comma,final,8,7,adored,18.31668448448181
critical,7,ambiguous,long,comma,final,8,8,cried.,16.96737003326416
critical,7,unambiguous,short,comma,final,6,0,While,20.30198097229004
critical,7,unambiguous,short,comma,final,6,1,the,7.085971355438232
critical,7,unambiguous,short,comma,final,6,2,mom,21.11953353881836
critical,7,unambiguous,short,comma,final,6,3,"dressed,",24.05496883392334
critical,7,unambiguous,short,comma,final,6,4,the,3.4049839973449707
critical,7,unambiguous,short,comma,final,6,5,baby,8.494970321655273
critical,7,unambiguous,short,comma,final,6,6,cried.,8.983011484146118
critical,7,unambiguous,long,comma,final,8,0,While,20.30198097229004
critical,7,unambiguous,long,comma,final,8,1,the,7.085971355438232
critical,7,unambiguous,long,comma,final,8,2,mom,21.11953353881836
critical,7,unambiguous,long,comma,final,8,3,"dressed,",24.05496883392334
critical,7,unambiguous,long,comma,final,8,4,the,3.4049839973449707
critical,7,unambiguous,long,comma,final,8,5,baby,8.494970321655273
critical,7,unambiguous,long,comma,final,8,6,she,13.437546730041504
critical,7,unambiguous,long,comma,final,8,7,adored,15.093640089035034
critical,7,unambiguous,long,comma,final,8,8,cried.,12.561084270477297
critical,8,ambiguous,short,comma,nonfinal,6,0,As,19.040510177612305
critical,8,ambiguous,short,comma,nonfinal,6,1,the,3.442622184753418
critical,8,ambiguous,short,comma,nonfinal,6,2,crowd,12.882756233215332
critical,8,ambiguous,short,comma,nonfinal,6,3,applauded,8.620865821838379
critical,8,ambiguous,short,comma,nonfinal,6,4,the,3.758294105529785
critical,8,ambiguous,short,comma,nonfinal,6,5,cast,11.953925132751465
critical,8,ambiguous,short,comma,nonfinal,6,6,came,12.302217483520508
critical,8,ambiguous,short,comma,nonfinal,6,7,back,4.056360721588135
critical,8,ambiguous,short,comma,nonfinal,6,8,on,1.061697006225586
critical,8,ambiguous,short,comma,nonfinal,6,9,stage,0.2920458018779754
critical,8,ambiguous,short,comma,nonfinal,6,10,and,1.4650555849075315
critical,8,ambiguous,short,comma,nonfinal,6,11,waived.,17.943511724472046
critical,8,ambiguous,long,comma,nonfinal,9,0,As,19.040510177612305
critical,8,ambiguous,long,comma,nonfinal,9,1,the,3.442622184753418
critical,8,ambiguous,long,comma,nonfinal,9,2,crowd,12.882756233215332
critical,8,ambiguous,long,comma,nonfinal,9,3,applauded,8.620865821838379
critical,8,ambiguous,long,comma,nonfinal,9,4,the,3.758294105529785
critical,8,ambiguous,long,comma,nonfinal,9,5,cast,11.953925132751465
critical,8,ambiguous,long,comma,nonfinal,9,6,for,5.482795715332031
critical,8,ambiguous,long,comma,nonfinal,9,7,the,2.973299264907837
critical,8,ambiguous,long,comma,nonfinal,9,8,play,5.301631927490234
critical,8,ambiguous,long,comma,nonfinal,9,9,came,16.468576431274414
critical,8,ambiguous,long,comma,nonfinal,9,10,back,5.4908857345581055
critical,8,ambiguous,long,comma,nonfinal,9,11,on,0.8553977012634277
critical,8,ambiguous,long,comma,nonfinal,9,12,stage,0.2489235550165176
critical,8,ambiguous,long,comma,nonfinal,9,13,and,1.4640511274337769
critical,8,ambiguous,long,comma,nonfinal,9,14,waived.,17.775992155075073
critical,8,unambiguous,short,comma,nonfinal,6,0,As,19.040510177612305
critical,8,unambiguous,short,comma,nonfinal,6,1,the,3.442622184753418
critical,8,unambiguous,short,comma,nonfinal,6,2,crowd,12.882756233215332
critical,8,unambiguous,short,comma,nonfinal,6,3,"applauded,",9.889825344085692
critical,8,unambiguous,short,comma,nonfinal,6,4,the,2.352097988128662
critical,8,unambiguous,short,comma,nonfinal,6,5,cast,11.97038459777832
critical,8,unambiguous,short,comma,nonfinal,6,6,came,8.914616584777832
critical,8,unambiguous,short,comma,nonfinal,6,7,back,4.089725494384766
critical,8,unambiguous,short,comma,nonfinal,6,8,on,1.0593498945236206
critical,8,unambiguous,short,comma,nonfinal,6,9,stage,0.3026041686534881
critical,8,unambiguous,short,comma,nonfinal,6,10,and,1.718412160873413
critical,8,unambiguous,short,comma,nonfinal,6,11,waived.,16.19076132774353
critical,8,unambiguous,long,comma,nonfinal,9,0,As,19.040510177612305
critical,8,unambiguous,long,comma,nonfinal,9,1,the,3.442622184753418
critical,8,unambiguous,long,comma,nonfinal,9,2,crowd,12.882756233215332
critical,8,unambiguous,long,comma,nonfinal,9,3,"applauded,",9.889825344085692
critical,8,unambiguous,long,comma,nonfinal,9,4,the,2.352097988128662
critical,8,unambiguous,long,comma,nonfinal,9,5,cast,11.97038459777832
critical,8,unambiguous,long,comma,nonfinal,9,6,for,11.866744041442873
critical,8,unambiguous,long,comma,nonfinal,9,7,the,1.3823360204696655
critical,8,unambiguous,long,comma,nonfinal,9,8,play,3.493251085281372
critical,8,unambiguous,long,comma,nonfinal,9,9,came,6.259975910186768
critical,8,unambiguous,long,comma,nonfinal,9,10,back,7.458645343780518
critical,8,unambiguous,long,comma,nonfinal,9,11,on,1.1387314796447754
critical,8,unambiguous,long,comma,nonfinal,9,12,stage,0.237242504954338
critical,8,unambiguous,long,comma,nonfinal,9,13,and,2.29229474067688
critical,8,unambiguous,long,comma,nonfinal,9,14,waived.,15.886374473571776
critical,9,ambiguous,short,object,nonfinal,6,0,Because,21.47523498535156
critical,9,ambiguous,short,object,nonfinal,6,1,the,3.5499117374420166
critical,9,ambiguous,short,object,nonfinal,6,2,mechanic,16.80902099609375
critical,9,ambiguous,short,object,nonfinal,6,3,stopped,12.247429847717283
critical,9,ambiguous,short,object,nonfinal,6,4,the,2.458765745162964
critical,9,ambiguous,short,object,nonfinal,6,5,truck,6.4160356521606445
critical,9,ambiguous,short,object,nonfinal,6,6,needed,16.876073837280273
critical,9,ambiguous,short,object,nonfinal,6,7,several,10.693060874938965
critical,9,ambiguous,short,object,nonfinal,6,8,more,4.289827823638916
critical,9,ambiguous,short,object,nonfinal,6,9,hours,2.090373516082764
critical,9,ambiguous,short,object,nonfinal,6,10,before,5.467221260070801
critical,9,ambiguous,short,object,nonfinal,6,11,it,1.875796914100647
critical,9,ambiguous,short,object,nonfinal,6,12,was,1.8285993337631223
critical,9,ambiguous,short,object,nonfinal,6,13,ready.,5.811717510223389
critical,9,ambiguous,long,object,nonfinal,8,0,Because,21.47523498535156
critical,9,ambiguous,long,object,nonfinal,8,1,the,3.5499117374420166
critical,9,ambiguous,long,object,nonfinal,8,2,mechanic,16.80902099609375
critical,9,ambiguous,long,object,nonfinal,8,3,stopped,12.247429847717283
critical,9,ambiguous,long,object,nonfinal,8,4,the,2.458765745162964
critical,9,ambiguous,long,object,nonfinal,8,5,truck,6.4160356521606445
critical,9,ambiguous,long,object,nonfinal,8,6,leaking,18.712003707885746
critical,9,ambiguous,long,object,nonfinal,8,7,oil,0.8575055003166199
critical,9,ambiguous,long,object,nonfinal,8,8,needed,14.355010986328123
critical,9,ambiguous,long,object,nonfinal,8,9,several,11.461130142211914
critical,9,ambiguous,long,object,nonfinal,8,10,more,4.8922953605651855
critical,9,ambiguous,long,object,nonfinal,8,11,hours,1.7103495597839355
critical,9,ambiguous,long,object,nonfinal,8,12,before,6.073287963867188
critical,9,ambiguous,long,object,nonfinal,8,13,it,2.4097492694854736
critical,9,ambiguous,long,object,nonfinal,8,14,was,1.6063482761383057
critical,9,ambiguous,long,object,nonfinal,8,15,ready.,6.898218631744385
critical,9,unambiguous,short,object,nonfinal,8,0,Because,21.47523498535156
critical,9,unambiguous,short,object,nonfinal,8,1,the,3.5499117374420166
critical,9,unambiguous,short,object,nonfinal,8,2,mechanic,16.80902099609375
critical,9,unambiguous,short,object,nonfinal,8,3,stopped,12.247429847717283
critical,9,unambiguous,short,object,nonfinal,8,4,the,2.458765745162964
critical,9,unambiguous,short,object,nonfinal,8,5,repairs,10.798340797424316
critical,9,unambiguous,short,object,nonfinal,8,6,the,7.965042114257812
critical,9,unambiguous,short,object,nonfinal,8,7,truck,8.834454536437988
critical,9,unambiguous,short,object,nonfinal,8,8,needed,8.927133560180664
critical,9,unambiguous,short,object,nonfinal,8,9,several,11.489325523376465
critical,9,unambiguous,short,object,nonfinal,8,10,more,3.5934109687805176
critical,9,unambiguous,short,object,nonfinal,8,11,hours,1.386163592338562
critical,9,unambiguous,short,object,nonfinal,8,12,before,4.834316730499268
critical,9,unambiguous,short,object,nonfinal,8,13,it,1.292638063430786
critical,9,unambiguous,short,object,nonfinal,8,14,was,1.6352275609970093
critical,9,unambiguous,short,object,nonfinal,8,15,ready.,5.438355445861816
critical,9,unambiguous,long,object,nonfinal,10,0,Because,21.47523498535156
critical,9,unambiguous,long,object,nonfinal,10,1,the,3.5499117374420166
critical,9,unambiguous,long,object,nonfinal,10,2,mechanic,16.80902099609375
critical,9,unambiguous,long,object,nonfinal,10,3,stopped,12.247429847717283
critical,9,unambiguous,long,object,nonfinal,10,4,the,2.458765745162964
critical,9,unambiguous,long,object,nonfinal,10,5,repairs,10.798340797424316
critical,9,unambiguous,long,object,nonfinal,10,6,the,7.965042114257812
critical,9,unambiguous,long,object,nonfinal,10,7,truck,8.834454536437988
critical,9,unambiguous,long,object,nonfinal,10,8,leaking,16.589441299438477
critical,9,unambiguous,long,object,nonfinal,10,9,oil,1.5557688474655151
critical,9,unambiguous,long,object,nonfinal,10,10,needed,11.587069511413574
critical,9,unambiguous,long,object,nonfinal,10,11,several,10.611714363098145
critical,9,unambiguous,long,object,nonfinal,10,12,more,1.4515362977981567
critical,9,unambiguous,long,object,nonfinal,10,13,hours,0.9609097242355348
critical,9,unambiguous,long,object,nonfinal,10,14,before,5.918305397033691
critical,9,unambiguous,long,object,nonfinal,10,15,it,1.2624104022979736
critical,9,unambiguous,long,object,nonfinal,10,16,was,1.891063451766968
critical,9,unambiguous,long,object,nonfinal,10,17,ready.,6.8162806034088135
critical,10,ambiguous,short,comma,nonfinal,6,0,When,17.556119918823242
critical,10,ambiguous,short,comma,nonfinal,6,1,the,3.614062786102295
critical,10,ambiguous,short,comma,nonfinal,6,2,boy,11.220589637756348
critical,10,ambiguous,short,comma,nonfinal,6,3,hid,16.65217399597168
critical,10,ambiguous,short,comma,nonfinal,6,4,his,5.764896869659424
critical,10,ambiguous,short,comma,nonfinal,6,5,toy,15.201930046081545
critical,10,ambiguous,short,comma,nonfinal,6,6,fell,13.19033432006836
critical,10,ambiguous,short,comma,nonfinal,6,7,off,7.497400760650635
critical,10,ambiguous,short,comma,nonfinal,6,8,the,5.355166912078857
critical,10,ambiguous,short,comma,nonfinal,6,9,table.,16.672463417053223
critical,10,ambiguous,long,comma,nonfinal,8,0,When,17.556119918823242
critical,10,ambiguous,long,comma,nonfinal,8,1,the,3.614062786102295
critical,10,ambiguous,long,comma,nonfinal,8,2,boy,11.220589637756348
critical,10,ambiguous,long,comma,nonfinal,8,3,hid,16.65217399597168
critical,10,ambiguous,long,comma,nonfinal,8,4,his,5.764896869659424
critical,10,ambiguous,long,comma,nonfinal,8,5,toy,15.201930046081545
critical,10,ambiguous,long,comma,nonfinal,8,6,from,8.531652450561523
critical,10,ambiguous,long,comma,nonfinal,8,7,childhood,17.129716873168945
critical,10,ambiguous,long,comma,nonfinal,8,8,fell,13.490189552307127
critical,10,ambiguous,long,comma,nonfinal,8,9,off,9.946879386901855
critical,10,ambiguous,long,comma,nonfinal,8,10,the,5.885415554046631
critical,10,ambiguous,long,comma,nonfinal,8,11,table.,13.64232301712036
critical,10,unambiguous,short,comma,nonfinal,6,0,When,17.556119918823242
critical,10,unambiguous,short,comma,nonfinal,6,1,the,3.614062786102295
critical,10,unambiguous,short,comma,nonfinal,6,2,boy,11.220589637756348
critical,10,unambiguous,short,comma,nonfinal,6,3,"hid,",21.626261711120605
critical,10,unambiguous,short,comma,nonfinal,6,4,his,6.425509929656982
critical,10,unambiguous,short,comma,nonfinal,6,5,toy,10.907770156860352
critical,10,unambiguous,short,comma,nonfinal,6,6,fell,6.516690731048584
critical,10,unambiguous,short,comma,nonfinal,6,7,off,2.528348684310913
critical,10,unambiguous,short,comma,nonfinal,6,8,the,1.5398005247116089
critical,10,unambiguous,short,comma,nonfinal,6,9,table.,4.724600076675415
critical,10,unambiguous,long,comma,nonfinal,8,0,When,17.556119918823242
critical,10,unambiguous,long,comma,nonfinal,8,1,the,3.614062786102295
critical,10,unambiguous,long,comma,nonfinal,8,2,boy,11.220589637756348
critical,10,unambiguous,long,comma,nonfinal,8,3,"hid,",21.626261711120605
critical,10,unambiguous,long,comma,nonfinal,8,4,his,6.425509929656982
critical,10,unambiguous,long,comma,nonfinal,8,5,toy,10.907770156860352
critical,10,unambiguous,long,comma,nonfinal,8,6,from,9.544830322265623
critical,10,unambiguous,long,comma,nonfinal,8,7,childhood,14.633111000061035
critical,10,unambiguous,long,comma,nonfinal,8,8,fell,8.042628288269043
critical,10,unambiguous,long,comma,nonfinal,8,9,off,7.108463764190674
critical,10,unambiguous,long,comma,nonfinal,8,10,the,2.341242551803589
critical,10,unambiguous,long,comma,nonfinal,8,11,table.,6.898332595825195
critical,11,ambiguous,short,comma,final,10,0,Whenever,23.276371002197266
critical,11,ambiguous,short,comma,final,10,1,the,3.833988666534424
critical,11,ambiguous,short,comma,final,10,2,wildlife,16.56979751586914
critical,11,ambiguous,short,comma,final,10,3,documentary,10.758833885192873
critical,11,ambiguous,short,comma,final,10,4,crew,5.474930286407471
critical,11,ambiguous,short,comma,final,10,5,tries,10.77465534210205
critical,11,ambiguous,short,comma,final,10,6,to,0.1032501310110092
critical,11,ambiguous,short,comma,final,10,7,film,2.2856853008270264
critical,11,ambiguous,short,comma,final,10,8,the,1.8028184175491333
critical,11,ambiguous,short,comma,final,10,9,bear,8.596314430236816
critical,11,ambiguous,short,comma,final,10,10,leaves.,24.198874473571777
critical,11,ambiguous,long,comma,final,12,0,Whenever,23.276371002197266
critical,11,ambiguous,long,comma,final,12,1,the,3.833988666534424
critical,11,ambiguous,long,comma,final,12,2,wildlife,16.56979751586914
critical,11,ambiguous,long,comma,final,12,3,documentary,10.758833885192873
critical,11,ambiguous,long,comma,final,12,4,crew,5.474930286407471
critical,11,ambiguous,long,comma,final,12,5,tries,10.77465534210205
critical,11,ambiguous,long,comma,final,12,6,to,0.1032501310110092
critical,11,ambiguous,long,comma,final,12,7,film,2.2856853008270264
critical,11,ambiguous,long,comma,final,12,8,the,1.8028184175491333
critical,11,ambiguous,long,comma,final,12,9,bear,8.596314430236816
critical,11,ambiguous,long,comma,final,12,10,hunting,7.066263675689697
critical,11,ambiguous,long,comma,final,12,11,cautiously,19.352331161499023
critical,11,ambiguous,long,comma,final,12,12,leaves.,21.801382064819336
critical,11,unambiguous,short,comma,final,10,0,Whenever,23.276371002197266
critical,11,unambiguous,short,comma,final,10,1,the,3.833988666534424
critical,11,unambiguous,short,comma,final,10,2,wildlife,16.56979751586914
critical,11,unambiguous,short,comma,final,10,3,documentary,10.758833885192873
critical,11,unambiguous,short,comma,final,10,4,crew,5.474930286407471
critical,11,unambiguous,short,comma,final,10,5,tries,10.77465534210205
critical,11,unambiguous,short,comma,final,10,6,to,0.1032501310110092
critical,11,unambiguous,short,comma,final,10,7,"film,",8.647609949111938
critical,11,unambiguous,short,comma,final,10,8,the,2.144665002822876
critical,11,unambiguous,short,comma,final,10,9,bear,7.628468036651611
critical,11,unambiguous,short,comma,final,10,10,leaves.,12.638542652130129
critical,11,unambiguous,long,comma,final,12,0,Whenever,23.276371002197266
critical,11,unambiguous,long,comma,final,12,1,the,3.833988666534424
critical,11,unambiguous,long,comma,final,12,2,wildlife,16.56979751586914
critical,11,unambiguous,long,comma,final,12,3,documentary,10.758833885192873
critical,11,unambiguous,long,comma,final,12,4,crew,5.474930286407471
critical,11,unambiguous,long,comma,final,12,5,tries,10.77465534210205
critical,11,unambiguous,long,comma,final,12,6,to,0.1032501310110092
critical,11,unambiguous,long,comma,final,12,7,"film,",8.647609949111938
critical,11,unambiguous,long,comma,final,12,8,the,2.144665002822876
critical,11,unambiguous,long,comma,final,12,9,bear,7.628468036651611
critical,11,unambiguous,long,comma,final,12,10,hunting,9.515629768371582
critical,11,unambiguous,long,comma,final,12,11,cautiously,18.92394256591797
critical,11,unambiguous,long,comma,final,12,12,leaves.,13.827670574188232
critical,12,ambiguous,short,object,nonfinal,6,0,After,18.587215423583984
critical,12,ambiguous,short,object,nonfinal,6,1,the,2.4606575965881348
critical,12,ambiguous,short,object,nonfinal,6,2,tutor,16.0750675201416
critical,12,ambiguous,short,object,nonfinal,6,3,explained,7.501955986022949
critical,12,ambiguous,short,object,nonfinal,6,4,the,1.651341676712036
critical,12,ambiguous,short,object,nonfinal,6,5,problem,2.9523422718048096
critical,12,ambiguous,short,object,nonfinal,6,6,was,11.146377563476562
critical,12,ambiguous,short,object,nonfinal,6,7,no,8.675372123718262
critical,12,ambiguous,short,object,nonfinal,6,8,longer,0.5172880291938782
critical,12,ambiguous,short,object,nonfinal,6,9,difficult,6.391321182250977
critical,12,ambiguous,short,object,nonfinal,6,10,for,3.167130708694458
critical,12,ambiguous,short,object,nonfinal,6,11,the,2.4599406719207764
critical,12,ambiguous,short,object,nonfinal,6,12,student.,2.8954228162765503
critical,12,ambiguous,long,object,nonfinal,9,0,After,18.587215423583984
critical,12,ambiguous,long,object,nonfinal,9,1,the,2.4606575965881348
critical,12,ambiguous,long,object,nonfinal,9,2,tutor,16.0750675201416
critical,12,ambiguous,long,object,nonfinal,9,3,explained,7.501955986022949
critical,12,ambiguous,long,object,nonfinal,9,4,the,1.651341676712036
critical,12,ambiguous,long,object,nonfinal,9,5,problem,2.9523422718048096
critical,12,ambiguous,long,object,nonfinal,9,6,for,8.429219245910645
critical,12,ambiguous,long,object,nonfinal,9,7,extra,12.489221572875977
critical,12,ambiguous,long,object,nonfinal,9,8,credit,2.1266493797302246
critical,12,ambiguous,long,object,nonfinal,9,9,was,9.135010719299316
critical,12,ambiguous,long,object,nonfinal,9,10,no,8.40202808380127
critical,12,ambiguous,long,object,nonfinal,9,11,longer,1.281999945640564
critical,12,ambiguous,long,object,nonfinal,9,12,difficult,10.531023025512695
critical,12,ambiguous,long,object,nonfinal,9,13,for,2.5482518672943115
critical,12,ambiguous,long,object,nonfinal,9,14,the,3.042340040206909
critical,12,ambiguous,long,object,nonfinal,9,15,student.,2.759383201599121
critical,12,unambiguous,short,object,nonfinal,8,0,After,18.587215423583984
critical,12,unambiguous,short,object,nonfinal,8,1,the,2.4606575965881348
critical,12,unambiguous,short,object,nonfinal,8,2,tutor,16.0750675201416
critical,12,unambiguous,short,object,nonfinal,8,3,explained,7.501955986022949
critical,12,unambiguous,short,object,nonfinal,8,4,the,1.651341676712036
critical,12,unambiguous,short,object,nonfinal,8,5,concepts,5.142760276794434
critical,12,unambiguous,short,object,nonfinal,8,6,the,6.851808071136475
critical,12,unambiguous,short,object,nonfinal,8,7,problem,7.227467536926269
critical,12,unambiguous,short,object,nonfinal,8,8,was,2.087321758270264
critical,12,unambiguous,short,object,nonfinal,8,9,no,5.985588073730469
critical,12,unambiguous,short,object,nonfinal,8,10,longer,0.3443670570850372
critical,12,unambiguous,short,object,nonfinal,8,11,difficult,2.2057340145111084
critical,12,unambiguous,short,object,nonfinal,8,12,for,2.500432252883911
critical,12,unambiguous,short,object,nonfinal,8,13,the,2.1522679328918457
critical,12,unambiguous,short,object,nonfinal,8,14,student.,1.93537712097168
critical,12,unambiguous,long,object,nonfinal,11,0,After,18.587215423583984
critical,12,unambiguous,long,object,nonfinal,11,1,the,2.4606575965881348
critical,12,unambiguous,long,object,nonfinal,11,2,tutor,16.0750675201416
critical,12,unambiguous,long,object,nonfinal,11,3,explained,7.501955986022949
critical,12,unambiguous,long,object,nonfinal,11,4,the,1.651341676712036
critical,12,unambiguous,long,object,nonfinal,11,5,concepts,5.142760276794434
critical,12,unambiguous,long,object,nonfinal,11,6,the,6.851808071136475
critical,12,unambiguous,long,object,nonfinal,11,7,problem,7.227467536926269
critical,12,unambiguous,long,object,nonfinal,11,8,for,10.49261474609375
critical,12,unambiguous,long,object,nonfinal,11,9,extra,11.766794204711914
critical,12,unambiguous,long,object,nonfinal,11,10,credit,1.362069606781006
critical,12,unambiguous,long,object,nonfinal,11,11,was,1.983617663383484
critical,12,unambiguous,long,object,nonfinal,11,12,no,7.190062046051025
critical,12,unambiguous,long,object,nonfinal,11,13,longer,1.896963119506836
critical,12,unambiguous,long,object,nonfinal,11,14,difficult,3.140604019165039
critical,12,unambiguous,long,object,nonfinal,11,15,for,3.0825207233428955
critical,12,unambiguous,long,object,nonfinal,11,16,the,2.6820459365844727
critical,12,unambiguous,long,object,nonfinal,11,17,student.,1.9670301675796509
critical,13,ambiguous,short,object,final,7,0,When,17.556119918823242
critical,13,ambiguous,short,object,final,7,1,the,3.614062786102295
critical,13,ambiguous,short,object,final,7,2,original,11.742020606994627
critical,13,ambiguous,short,object,final,7,3,members,12.038433074951172
critical,13,ambiguous,short,object,final,7,4,left,12.960416793823242
critical,13,ambiguous,short,object,final,7,5,the,1.8597570657730105
critical,13,ambiguous,short,object,final,7,6,company,9.22890567779541
critical,13,ambiguous,short,object,final,7,7,failed.,21.749361991882324
critical,13,ambiguous,long,object,final,11,0,When,17.556119918823242
critical,13,ambiguous,long,object,final,11,1,the,3.614062786102295
critical,13,ambiguous,long,object,final,11,2,original,11.742020606994627
critical,13,ambiguous,long,object,final,11,3,members,12.038433074951172
critical,13,ambiguous,long,object,final,11,4,left,12.960416793823242
critical,13,ambiguous,long,object,final,11,5,the,1.8597570657730105
critical,13,ambiguous,long,object,final,11,6,company,9.22890567779541
critical,13,ambiguous,long,object,final,11,7,that,8.149432182312012
critical,13,ambiguous,long,object,final,11,8,was,4.021661758422852
critical,13,ambiguous,long,object,final,11,9,recently,12.681535720825195
critical,13,ambiguous,long,object,final,11,10,acquired,8.43700885772705
critical,13,ambiguous,long,object,final,11,11,failed.,25.450783252716064
critical,13,unambiguous,short,object,final,10,0,When,17.556119918823242
critical,13,unambiguous,short,object,final,10,1,the,3.614062786102295
critical,13,unambiguous,short,object,final,10,2,original,11.742020606994627
critical,13,unambiguous,short,object,final,10,3,members,12.038433074951172
critical,13,unambiguous,short,object,final,10,4,left,12.960416793823242
critical,13,unambiguous,short,object,final,10,5,the,1.8597570657730105
critical,13,unambiguous,short,object,final,10,6,engineering,16.950809478759766
critical,13,unambiguous,short,object,final,10,7,team,5.349755764007568
critical,13,unambiguous,short,object,final,10,8,the,4.163653373718262
critical,13,unambiguous,short,object,final,10,9,company,5.346401214599609
critical,13,unambiguous,short,object,final,10,10,failed.,16.38507604598999
critical,13,unambiguous,long,object,final,14,0,When,17.556119918823242
critical,13,unambiguous,long,object,final,14,1,the,3.614062786102295
critical,13,unambiguous,long,object,final,14,2,original,11.742020606994627
critical,13,unambiguous,long,object,final,14,3,members,12.038433074951172
critical,13,unambiguous,long,object,final,14,4,left,12.960416793823242
critical,13,unambiguous,long,object,final,14,5,the,1.8597570657730105
critical,13,unambiguous,long,object,final,14,6,engineering,16.950809478759766
critical,13,unambiguous,long,object,final,14,7,team,5.349755764007568
critical,13,unambiguous,long,object,final,14,8,the,4.163653373718262
critical,13,unambiguous,long,object,final,14,9,company,5.346401214599609
critical,13,unambiguous,long,object,final,14,10,that,6.500641345977783
critical,13,unambiguous,long,object,final,14,11,was,4.137046813964844
critical,13,unambiguous,long,object,final,14,12,recently,13.851133346557615
critical,13,unambiguous,long,object,final,14,13,acquired,9.13864517211914
critical,13,unambiguous,long,object,final,14,14,failed.,18.443216800689697
critical,14,ambiguous,short,object,nonfinal,6,0,Because,21.47523498535156
critical,14,ambiguous,short,object,nonfinal,6,1,the,3.5499117374420166
critical,14,ambiguous,short,object,nonfinal,6,2,student,10.684654235839844
critical,14,ambiguous,short,object,nonfinal,6,3,left,9.957619667053224
critical,14,ambiguous,short,object,nonfinal,6,4,the,1.9459630250930784
critical,14,ambiguous,short,object,nonfinal,6,5,backpack,11.00097370147705
critical,14,ambiguous,short,object,nonfinal,6,6,was,14.37513256072998
critical,14,ambiguous,short,object,nonfinal,6,7,put,8.47824764251709
critical,14,ambiguous,short,object,nonfinal,6,8,in,1.7485159635543823
critical,14,ambiguous,short,object,nonfinal,6,9,lost,12.325902938842772
critical,14,ambiguous,short,object,nonfinal,6,10,and,0.4731586575508117
critical,14,ambiguous,short,object,nonfinal,6,11,found.,2.1283801794052124
critical,14,ambiguous,long,object,nonfinal,9,0,Because,21.47523498535156
critical,14,ambiguous,long,object,nonfinal,9,1,the,3.5499117374420166
critical,14,ambiguous,long,object,nonfinal,9,2,student,10.684654235839844
critical,14,ambiguous,long,object,nonfinal,9,3,left,9.957619667053224
critical,14,ambiguous,long,object,nonfinal,9,4,the,1.9459630250930784
critical,14,ambiguous,long,object,nonfinal,9,5,backpack,11.00097370147705
critical,14,ambiguous,long,object,nonfinal,9,6,he,11.9725980758667
critical,14,ambiguous,long,object,nonfinal,9,7,just,8.699981689453125
critical,14,ambiguous,long,object,nonfinal,9,8,bought,4.200173854827881
critical,14,ambiguous,long,object,nonfinal,9,9,was,10.481096267700195
critical,14,ambiguous,long,object,nonfinal,9,10,put,8.524604797363281
critical,14,ambiguous,long,object,nonfinal,9,11,in,1.5565255880355835
critical,14,ambiguous,long,object,nonfinal,9,12,lost,10.96901035308838
critical,14,ambiguous,long,object,nonfinal,9,13,and,0.3953482210636139
critical,14,ambiguous,long,object,nonfinal,9,14,found.,2.7324108723551035
critical,14,unambiguous,short,object,nonfinal,8,0,Because,21.47523498535156
critical,14,unambiguous,short,object,nonfinal,8,1,the,3.5499117374420166
critical,14,unambiguous,short,object,nonfinal,8,2,student,10.684654235839844
critical,14,unambiguous,short,object,nonfinal,8,3,left,9.957619667053224
critical,14,unambiguous,short,object,nonfinal,8,4,the,1.9459630250930784
critical,14,unambiguous,short,object,nonfinal,8,5,room,2.625657796859741
critical,14,unambiguous,short,object,nonfinal,8,6,the,7.805175304412842
critical,14,unambiguous,short,object,nonfinal,8,7,backpack,12.967107772827148
critical,14,unambiguous,short,object,nonfinal,8,8,was,1.209208607673645
critical,14,unambiguous,short,object,nonfinal,8,9,put,6.169844627380371
critical,14,unambiguous,short,object,nonfinal,8,10,in,2.465383768081665
critical,14,unambiguous,short,object,nonfinal,8,11,lost,13.488025665283203
critical,14,unambiguous,short,object,nonfinal,8,12,and,1.6564488410949707
critical,14,unambiguous,short,object,nonfinal,8,13,found.,2.6017369627952576
critical,14,unambiguous,long,object,nonfinal,11,0,Because,21.47523498535156
critical,14,unambiguous,long,object,nonfinal,11,1,the,3.5499117374420166
critical,14,unambiguous,long,object,nonfinal,11,2,student,10.684654235839844
critical,14,unambiguous,long,object,nonfinal,11,3,left,9.957619667053224
critical,14,unambiguous,long,object,nonfinal,11,4,the,1.9459630250930784
critical,14,unambiguous,long,object,nonfinal,11,5,room,2.625657796859741
critical,14,unambiguous,long,object,nonfinal,11,6,the,7.805175304412842
critical,14,unambiguous,long,object,nonfinal,11,7,backpack,12.967107772827148
critical,14,unambiguous,long,object,nonfinal,11,8,he,9.896157264709473
critical,14,unambiguous,long,object,nonfinal,11,9,just,7.532963752746582
critical,14,unambiguous,long,object,nonfinal,11,10,bought,3.2413337230682373
critical,14,unambiguous,long,object,nonfinal,11,11,was,1.9353055953979488
critical,14,unambiguous,long,object,nonfinal,11,12,put,7.170598983764648
critical,14,unambiguous,long,object,nonfinal,11,13,in,2.200989961624145
critical,14,unambiguous,long,object,nonfinal,11,14,lost,11.162214279174805
critical,14,unambiguous,long,object,nonfinal,11,15,and,0.676989734172821
critical,14,unambiguous,long,object,nonfinal,11,16,found.,2.233193337917328
critical,15,ambiguous,short,object,nonfinal,7,0,Once,20.27047538757324
critical,15,ambiguous,short,object,nonfinal,7,1,the,9.246121406555176
critical,15,ambiguous,short,object,nonfinal,7,2,new,7.635512351989746
critical,15,ambiguous,short,object,nonfinal,7,3,assistant,13.039220809936523
critical,15,ambiguous,short,object,nonfinal,7,4,started,8.200179100036621
critical,15,ambiguous,short,object,nonfinal,7,5,the,4.967040538787842
critical,15,ambiguous,short,object,nonfinal,7,6,job,3.356996774673462
critical,15,ambiguous,short,object,nonfinal,7,7,became,14.214639663696287
critical,15,ambiguous,short,object,nonfinal,7,8,much,9.173770904541016
critical,15,ambiguous,short,object,nonfinal,7,9,easier,3.778478145599365
critical,15,ambiguous,short,object,nonfinal,7,10,for,3.884944915771485
critical,15,ambiguous,short,object,nonfinal,7,11,her,2.01627516746521
critical,15,ambiguous,short,object,nonfinal,7,12,boss.,7.65172004699707
critical,15,ambiguous,long,object,nonfinal,11,0,Once,20.27047538757324
critical,15,ambiguous,long,object,nonfinal,11,1,the,9.246121406555176
critical,15,ambiguous,long,object,nonfinal,11,2,new,7.635512351989746
critical,15,ambiguous,long,object,nonfinal,11,3,assistant,13.039220809936523
critical,15,ambiguous,long,object,nonfinal,11,4,started,8.200179100036621
critical,15,ambiguous,long,object,nonfinal,11,5,the,4.967040538787842
critical,15,ambiguous,long,object,nonfinal,11,6,job,3.356996774673462
critical,15,ambiguous,long,object,nonfinal,11,7,as,6.55690860748291
critical,15,ambiguous,long,object,nonfinal,11,8,an,3.290616989135742
critical,15,ambiguous,long,object,nonfinal,11,9,executive,6.817503929138184
critical,15,ambiguous,long,object,nonfinal,11,10,manager,6.188952445983887
critical,15,ambiguous,long,object,nonfinal,11,11,became,14.157766342163086
critical,15,ambiguous,long,object,nonfinal,11,12,much,14.077492713928224
critical,15,ambiguous,long,object,nonfinal,11,13,easier,5.353895664215088
critical,15,ambiguous,long,object,nonfinal,11,14,for,3.928694725036621
critical,15,ambiguous,long,object,nonfinal,11,15,her,3.3153164386749268
critical,15,ambiguous,long,object,nonfinal,11,16,boss.,8.240261316299438
critical,15,unambiguous,short,object,nonfinal,8,0,Once,20.27047538757324
critical,15,unambiguous,short,object,nonfinal,8,1,the,9.246121406555176
critical,15,unambiguous,short,object,nonfinal,8,2,new,7.635512351989746
critical,15,unambiguous,short,object,nonfinal,8,3,assistant,13.039220809936523
critical,15,unambiguous,short,object,nonfinal,8,4,started,8.200179100036621
critical,15,unambiguous,short,object,nonfinal,8,5,work,4.1203436851501465
critical,15,unambiguous,short,object,nonfinal,8,6,the,6.985770225524902
critical,15,unambiguous,short,object,nonfinal,8,7,job,7.567502021789551
critical,15,unambiguous,short,object,nonfinal,8,8,became,7.959542751312256
critical,15,unambiguous,short,object,nonfinal,8,9,much,6.271651268005371
critical,15,unambiguous,short,object,nonfinal,8,10,easier,2.163759231567383
critical,15,unambiguous,short,object,nonfinal,8,11,for,3.293151378631592
critical,15,unambiguous,short,object,nonfinal,8,12,her,1.9263542890548704
critical,15,unambiguous,short,object,nonfinal,8,13,boss.,6.211801290512085
critical,15,unambiguous,long,object,nonfinal,12,0,Once,20.27047538757324
critical,15,unambiguous,long,object,nonfinal,12,1,the,9.246121406555176
critical,15,unambiguous,long,object,nonfinal,12,2,new,7.635512351989746
critical,15,unambiguous,long,object,nonfinal,12,3,assistant,13.039220809936523
critical,15,unambiguous,long,object,nonfinal,12,4,started,8.200179100036621
critical,15,unambiguous,long,object,nonfinal,12,5,work,4.1203436851501465
critical,15,unambiguous,long,object,nonfinal,12,6,the,6.985770225524902
critical,15,unambiguous,long,object,nonfinal,12,7,job,7.567502021789551
critical,15,unambiguous,long,object,nonfinal,12,8,as,7.413468837738037
critical,15,unambiguous,long,object,nonfinal,12,9,an,3.250571250915528
critical,15,unambiguous,long,object,nonfinal,12,10,executive,7.17519474029541
critical,15,unambiguous,long,object,nonfinal,12,11,manager,6.342014312744141
critical,15,unambiguous,long,object,nonfinal,12,12,became,9.321191787719728
critical,15,unambiguous,long,object,nonfinal,12,13,much,10.301262855529783
critical,15,unambiguous,long,object,nonfinal,12,14,easier,3.9551055431365967
critical,15,unambiguous,long,object,nonfinal,12,15,for,4.246438980102539
critical,15,unambiguous,long,object,nonfinal,12,16,her,2.7482855319976807
critical,15,unambiguous,long,object,nonfinal,12,17,boss.,7.387438893318176
critical,16,ambiguous,short,object,nonfinal,8,0,When,17.556119918823242
critical,16,ambiguous,short,object,nonfinal,8,1,the,3.614062786102295
critical,16,ambiguous,short,object,nonfinal,8,2,magician,15.633171081542969
critical,16,ambiguous,short,object,nonfinal,8,3,tried,11.94903564453125
critical,16,ambiguous,short,object,nonfinal,8,4,to,2.2207252979278564
critical,16,ambiguous,short,object,nonfinal,8,5,juggle,24.536999702453613
critical,16,ambiguous,short,object,nonfinal,8,6,the,5.296017169952393
critical,16,ambiguous,short,object,nonfinal,8,7,torches,21.70557546615601
critical,16,ambiguous,short,object,nonfinal,8,8,fell,13.76567554473877
critical,16,ambiguous,short,object,nonfinal,8,9,down.,18.491669178009037
critical,16,ambiguous,long,object,nonfinal,10,0,When,17.556119918823242
critical,16,ambiguous,long,object,nonfinal,10,1,the,3.614062786102295
critical,16,ambiguous,long,object,nonfinal,10,2,magician,15.633171081542969
critical,16,ambiguous,long,object,nonfinal,10,3,tried,11.94903564453125
critical,16,ambiguous,long,object,nonfinal,10,4,to,2.2207252979278564
critical,16,ambiguous,long,object,nonfinal,10,5,juggle,24.536999702453613
critical,16,ambiguous,long,object,nonfinal,10,6,the,5.296017169952393
critical,16,ambiguous,long,object,nonfinal,10,7,torches,21.70557546615601
critical,16,ambiguous,long,object,nonfinal,10,8,burning,13.212355613708496
critical,16,ambiguous,long,object,nonfinal,10,9,dangerously,13.881507873535156
critical,16,ambiguous,long,object,nonfinal,10,10,fell,11.378792762756348
critical,16,ambiguous,long,object,nonfinal,10,11,down.,18.02365064620972
critical,16,unambiguous,short,object,nonfinal,10,0,When,17.556119918823242
critical,16,unambiguous,short,object,nonfinal,10,1,the,3.614062786102295
critical,16,unambiguous,short,object,nonfinal,10,2,magician,15.633171081542969
critical,16,unambiguous,short,object,nonfinal,10,3,tried,11.94903564453125
critical,16,unambiguous,short,object,nonfinal,10,4,to,2.2207252979278564
critical,16,unambiguous,short,object,nonfinal,10,5,juggle,24.536999702453613
critical,16,unambiguous,short,object,nonfinal,10,6,more,12.094046592712402
critical,16,unambiguous,short,object,nonfinal,10,7,items,15.444402694702148
critical,16,unambiguous,short,object,nonfinal,10,8,the,4.067276954650879
critical,16,unambiguous,short,object,nonfinal,10,9,torches,21.329047679901123
critical,16,unambiguous,short,object,nonfinal,10,10,fell,7.760905742645264
critical,16,unambiguous,short,object,nonfinal,10,11,down.,11.414894104003906
critical,16,unambiguous,long,object,nonfinal,12,0,When,17.556119918823242
critical,16,unambiguous,long,object,nonfinal,12,1,the,3.614062786102295
critical,16,unambiguous,long,object,nonfinal,12,2,magician,15.633171081542969
critical,16,unambiguous,long,object,nonfinal,12,3,tried,11.94903564453125
critical,16,unambiguous,long,object,nonfinal,12,4,to,2.2207252979278564
critical,16,unambiguous,long,object,nonfinal,12,5,juggle,24.536999702453613
critical,16,unambiguous,long,object,nonfinal,12,6,more,12.094046592712402
critical,16,unambiguous,long,object,nonfinal,12,7,items,15.444402694702148
critical,16,unambiguous,long,object,nonfinal,12,8,the,4.067276954650879
critical,16,unambiguous,long,object,nonfinal,12,9,torches,21.329047679901123
critical,16,unambiguous,long,object,nonfinal,12,10,burning,11.358617782592772
critical,16,unambiguous,long,object,nonfinal,12,11,dangerously,15.73600959777832
critical,16,unambiguous,long,object,nonfinal,12,12,fell,6.953397750854492
critical,16,unambiguous,long,object,nonfinal,12,13,down.,13.623592853546144
critical,17,ambiguous,short,comma,nonfinal,8,0,When,17.556119918823242
critical,17,ambiguous,short,comma,nonfinal,8,1,the,3.614062786102295
critical,17,ambiguous,short,comma,nonfinal,8,2,marathon,19.75654411315918
critical,17,ambiguous,short,comma,nonfinal,8,3,runner,10.332893371582031
critical,17,ambiguous,short,comma,nonfinal,8,4,finally,12.70716953277588
critical,17,ambiguous,short,comma,nonfinal,8,5,stopped,10.001270294189451
critical,17,ambiguous,short,comma,nonfinal,8,6,his,7.48012113571167
critical,17,ambiguous,short,comma,nonfinal,8,7,friend,11.666013717651367
critical,17,ambiguous,short,comma,nonfinal,8,8,collapsed,18.226463317871094
critical,17,ambiguous,short,comma,nonfinal,8,9,from,9.11276912689209
critical,17,ambiguous,short,comma,nonfinal,8,10,exhaustion.,12.686096668243408
critical,17,ambiguous,long,comma,nonfinal,10,0,When,17.556119918823242
critical,17,ambiguous,long,comma,nonfinal,10,1,the,3.614062786102295
critical,17,ambiguous,long,comma,nonfinal,10,2,marathon,19.75654411315918
critical,17,ambiguous,long,comma,nonfinal,10,3,runner,10.332893371582031
critical,17,ambiguous,long,comma,nonfinal,10,4,finally,12.70716953277588
critical,17,ambiguous,long,comma,nonfinal,10,5,stopped,10.001270294189451
critical,17,ambiguous,long,comma,nonfinal,10,6,his,7.48012113571167
critical,17,ambiguous,long,comma,nonfinal,10,7,friend,11.666013717651367
critical,17,ambiguous,long,comma,nonfinal,10,8,sweating,22.477394104003903
critical,17,ambiguous,long,comma,nonfinal,10,9,profusely,9.920026309788229
critical,17,ambiguous,long,comma,nonfinal,10,10,collapsed,24.25762367248535
critical,17,ambiguous,long,comma,nonfinal,10,11,from,10.521456718444824
critical,17,ambiguous,long,comma,nonfinal,10,12,exhaustion.,19.61067247390747
critical,17,unambiguous,short,comma,nonfinal,8,0,When,17.556119918823242
critical,17,unambiguous,short,comma,nonfinal,8,1,the,3.614062786102295
critical,17,unambiguous,short,comma,nonfinal,8,2,marathon,19.75654411315918
critical,17,unambiguous,short,comma,nonfinal,8,3,runner,10.332893371582031
critical,17,unambiguous,short,comma,nonfinal,8,4,finally,12.70716953277588
critical,17,unambiguous,short,comma,nonfinal,8,5,"stopped,",12.434024095535278
critical,17,unambiguous,short,comma,nonfinal,8,6,his,5.827319622039795
critical,17,unambiguous,short,comma,nonfinal,8,7,friend,5.864660739898682
critical,17,unambiguous,short,comma,nonfinal,8,8,collapsed,16.020360946655273
critical,17,unambiguous,short,comma,nonfinal,8,9,from,4.629453659057617
critical,17,unambiguous,short,comma,nonfinal,8,10,exhaustion.,4.413223385810852
critical,17,unambiguous,long,comma,nonfinal,10,0,When,17.556119918823242
critical,17,unambiguous,long,comma,nonfinal,10,1,the,3.614062786102295
critical,17,unambiguous,long,comma,nonfinal,10,2,marathon,19.75654411315918
critical,17,unambiguous,long,comma,nonfinal,10,3,runner,10.332893371582031
critical,17,unambiguous,long,comma,nonfinal,10,4,finally,12.70716953277588
critical,17,unambiguous,long,comma,nonfinal,10,5,"stopped,",12.434024095535278
critical,17,unambiguous,long,comma,nonfinal,10,6,his,5.827319622039795
critical,17,unambiguous,long,comma,nonfinal,10,7,friend,5.864660739898682
critical,17,unambiguous,long,comma,nonfinal,10,8,sweating,22.45819854736328
critical,17,unambiguous,long,comma,nonfinal,10,9,profusely,3.206304097548127
critical,17,unambiguous,long,comma,nonfinal,10,10,collapsed,11.25838851928711
critical,17,unambiguous,long,comma,nonfinal,10,11,from,3.909295082092285
critical,17,unambiguous,long,comma,nonfinal,10,12,exhaustion.,6.34533953666687
critical,18,ambiguous,short,comma,nonfinal,7,0,While,20.30198097229004
critical,18,ambiguous,short,comma,nonfinal,7,1,the,7.085971355438232
critical,18,ambiguous,short,comma,nonfinal,7,2,martial,23.514650344848636
critical,18,ambiguous,short,comma,nonfinal,7,3,artists,13.26351261138916
critical,18,ambiguous,short,comma,nonfinal,7,4,fought,18.47854232788086
critical,18,ambiguous,short,comma,nonfinal,7,5,the,2.843916177749634
critical,18,ambiguous,short,comma,nonfinal,7,6,spectator,19.636863708496094
critical,18,ambiguous,short,comma,nonfinal,7,7,supported,12.347328186035156
critical,18,ambiguous,short,comma,nonfinal,7,8,the,0.4850213527679443
critical,18,ambiguous,short,comma,nonfinal,7,9,underdog.,22.27528524398804
critical,18,ambiguous,long,comma,nonfinal,9,0,While,20.30198097229004
critical,18,ambiguous,long,comma,nonfinal,9,1,the,7.085971355438232
critical,18,ambiguous,long,comma,nonfinal,9,2,martial,23.514650344848636
critical,18,ambiguous,long,comma,nonfinal,9,3,artists,13.26351261138916
critical,18,ambiguous,long,comma,nonfinal,9,4,fought,18.47854232788086
critical,18,ambiguous,long,comma,nonfinal,9,5,the,2.843916177749634
critical,18,ambiguous,long,comma,nonfinal,9,6,spectator,19.636863708496094
critical,18,ambiguous,long,comma,nonfinal,9,7,cheering,16.571460723876953
critical,18,ambiguous,long,comma,nonfinal,9,8,enthusiastically,11.938404083251951
critical,18,ambiguous,long,comma,nonfinal,9,9,supported,10.81553077697754
critical,18,ambiguous,long,comma,nonfinal,9,10,the,1.950861096382141
critical,18,ambiguous,long,comma,nonfinal,9,11,underdog.,20.663869380950928
critical,18,unambiguous,short,comma,nonfinal,7,0,While,20.30198097229004
critical,18,unambiguous,short,comma,nonfinal,7,1,the,7.085971355438232
critical,18,unambiguous,short,comma,nonfinal,7,2,martial,23.514650344848636
critical,18,unambiguous,short,comma,nonfinal,7,3,artists,13.26351261138916
critical,18,unambiguous,short,comma,nonfinal,7,4,"fought,",21.757973432540894
critical,18,unambiguous,short,comma,nonfinal,7,5,the,4.497464656829834
critical,18,unambiguous,short,comma,nonfinal,7,6,spectator,19.05044937133789
critical,18,unambiguous,short,comma,nonfinal,7,7,supported,12.237196922302246
critical,18,unambiguous,short,comma,nonfinal,7,8,the,0.7872595191001892
critical,18,unambiguous,short,comma,nonfinal,7,9,underdog.,14.186429470777512
critical,18,unambiguous,long,comma,nonfinal,9,0,While,20.30198097229004
critical,18,unambiguous,long,comma,nonfinal,9,1,the,7.085971355438232
critical,18,unambiguous,long,comma,nonfinal,9,2,martial,23.514650344848636
critical,18,unambiguous,long,comma,nonfinal,9,3,artists,13.26351261138916
critical,18,unambiguous,long,comma,nonfinal,9,4,"fought,",21.757973432540894
critical,18,unambiguous,long,comma,nonfinal,9,5,the,4.497464656829834
critical,18,unambiguous,long,comma,nonfinal,9,6,spectator,19.05044937133789
critical,18,unambiguous,long,comma,nonfinal,9,7,cheering,13.812471389770508
critical,18,unambiguous,long,comma,nonfinal,9,8,enthusiastically,12.28091526031494
critical,18,unambiguous,long,comma,nonfinal,9,9,supported,10.097604751586914
critical,18,unambiguous,long,comma,nonfinal,9,10,the,0.5776470899581909
critical,18,unambiguous,long,comma,nonfinal,9,11,underdog.,15.184443444013596
critical,19,ambiguous,short,object,final,6,0,When,17.556119918823242
critical,19,ambiguous,short,object,final,6,1,the,3.614062786102295
critical,19,ambiguous,short,object,final,6,2,band,14.999506950378418
critical,19,ambiguous,short,object,final,6,3,left,10.123592376708984
critical,19,ambiguous,short,object,final,6,4,the,1.838131308555603
critical,19,ambiguous,short,object,final,6,5,venue,10.303547859191896
critical,19,ambiguous,short,object,final,6,6,closed.,25.60489225387573
critical,19,ambiguous,long,object,final,9,0,When,17.556119918823242
critical,19,ambiguous,long,object,final,9,1,the,3.614062786102295
critical,19,ambiguous,long,object,final,9,2,band,14.999506950378418
critical,19,ambiguous,long,object,final,9,3,left,10.123592376708984
critical,19,ambiguous,long,object,final,9,4,the,1.838131308555603
critical,19,ambiguous,long,object,final,9,5,venue,10.303547859191896
critical,19,ambiguous,long,object,final,9,6,with,11.326031684875488
critical,19,ambiguous,long,object,final,9,7,live,14.577272415161133
critical,19,ambiguous,long,object,final,9,8,music,3.010010004043579
critical,19,ambiguous,long,object,final,9,9,closed.,28.910158157348636
critical,19,unambiguous,short,object,final,8,0,When,17.556119918823242
critical,19,unambiguous,short,object,final,8,1,the,3.614062786102295
critical,19,unambiguous,short,object,final,8,2,band,14.999506950378418
critical,19,unambiguous,short,object,final,8,3,left,10.123592376708984
critical,19,unambiguous,short,object,final,8,4,the,1.838131308555603
critical,19,unambiguous,short,object,final,8,5,stage,8.358467102050781
critical,19,unambiguous,short,object,final,8,6,the,0.9592256546020508
critical,19,unambiguous,short,object,final,8,7,venue,12.501173973083496
critical,19,unambiguous,short,object,final,8,8,closed.,21.42534208297729
critical,19,unambiguous,long,object,final,11,0,When,17.556119918823242
critical,19,unambiguous,long,object,final,11,1,the,3.614062786102295
critical,19,unambiguous,long,object,final,11,2,band,14.999506950378418
critical,19,unambiguous,long,object,final,11,3,left,10.123592376708984
critical,19,unambiguous,long,object,final,11,4,the,1.838131308555603
critical,19,unambiguous,long,object,final,11,5,stage,8.358467102050781
critical,19,unambiguous,long,object,final,11,6,the,0.9592256546020508
critical,19,unambiguous,long,object,final,11,7,venue,12.501173973083496
critical,19,unambiguous,long,object,final,11,8,with,11.413436889648438
critical,19,unambiguous,long,object,final,11,9,live,11.978546142578123
critical,19,unambiguous,long,object,final,11,10,music,3.9077210426330566
critical,19,unambiguous,long,object,final,11,11,closed.,24.03185558319092
critical,20,ambiguous,short,comma,nonfinal,6,0,After,18.587215423583984
critical,20,ambiguous,short,comma,nonfinal,6,1,the,2.4606575965881348
critical,20,ambiguous,short,comma,nonfinal,6,2,customer,11.625041961669922
critical,20,ambiguous,short,comma,nonfinal,6,3,emailed,16.389331817626953
critical,20,ambiguous,short,comma,nonfinal,6,4,the,2.466035842895508
critical,20,ambiguous,short,comma,nonfinal,6,5,company,3.646687030792236
critical,20,ambiguous,short,comma,nonfinal,6,6,responded,17.474889755249023
critical,20,ambiguous,short,comma,nonfinal,6,7,quickly.,9.706912755966188
critical,20,ambiguous,long,comma,nonfinal,9,0,After,18.587215423583984
critical,20,ambiguous,long,comma,nonfinal,9,1,the,2.4606575965881348
critical,20,ambiguous,long,comma,nonfinal,9,2,customer,11.625041961669922
critical,20,ambiguous,long,comma,nonfinal,9,3,emailed,16.389331817626953
critical,20,ambiguous,long,comma,nonfinal,9,4,the,2.466035842895508
critical,20,ambiguous,long,comma,nonfinal,9,5,company,3.646687030792236
critical,20,ambiguous,long,comma,nonfinal,9,6,providing,10.186625480651855
critical,20,ambiguous,long,comma,nonfinal,9,7,phone,12.951716423034668
critical,20,ambiguous,long,comma,nonfinal,9,8,service,3.252131462097168
critical,20,ambiguous,long,comma,nonfinal,9,9,responded,19.87227249145508
critical,20,ambiguous,long,comma,nonfinal,9,10,quickly.,9.67776656150818
critical,20,unambiguous,short,comma,nonfinal,6,0,After,18.587215423583984
critical,20,unambiguous,short,comma,nonfinal,6,1,the,2.4606575965881348
critical,20,unambiguous,short,comma,nonfinal,6,2,customer,11.625041961669922
critical,20,unambiguous,short,comma,nonfinal,6,3,"emailed,",21.286063194274902
critical,20,unambiguous,short,comma,nonfinal,6,4,the,2.3768112659454346
critical,20,unambiguous,short,comma,nonfinal,6,5,company,4.473962306976318
critical,20,unambiguous,short,comma,nonfinal,6,6,responded,3.973798036575317
critical,20,unambiguous,short,comma,nonfinal,6,7,quickly.,9.400819063186646
critical,20,unambiguous,long,comma,nonfinal,9,0,After,18.587215423583984
critical,20,unambiguous,long,comma,nonfinal,9,1,the,2.4606575965881348
critical,20,unambiguous,long,comma,nonfinal,9,2,customer,11.625041961669922
critical,20,unambiguous,long,comma,nonfinal,9,3,"emailed,",21.286063194274902
critical,20,unambiguous,long,comma,nonfinal,9,4,the,2.3768112659454346
critical,20,unambiguous,long,comma,nonfinal,9,5,company,4.473962306976318
critical,20,unambiguous,long,comma,nonfinal,9,6,providing,15.307771682739258
critical,20,unambiguous,long,comma,nonfinal,9,7,phone,10.84222412109375
critical,20,unambiguous,long,comma,nonfinal,9,8,service,3.5870957374572754
critical,20,unambiguous,long,comma,nonfinal,9,9,responded,5.410139560699463
critical,20,unambiguous,long,comma,nonfinal,9,10,quickly.,9.148183584213257
critical,21,ambiguous,short,object,nonfinal,6,0,As,19.040510177612305
critical,21,ambiguous,short,object,nonfinal,6,1,the,3.442622184753418
critical,21,ambiguous,short,object,nonfinal,6,2,detective,15.772130012512209
critical,21,ambiguous,short,object,nonfinal,6,3,investigated,8.378942489624023
critical,21,ambiguous,short,object,nonfinal,6,4,the,1.0767902135849
critical,21,ambiguous,short,object,nonfinal,6,5,case,2.1959266662597656
critical,21,ambiguous,short,object,nonfinal,6,6,became,17.805450439453125
critical,21,ambiguous,short,object,nonfinal,6,7,more,1.056614637374878
critical,21,ambiguous,short,object,nonfinal,6,8,complex.,5.44056248664856
critical,21,ambiguous,long,object,nonfinal,10,0,As,19.040510177612305
critical,21,ambiguous,long,object,nonfinal,10,1,the,3.442622184753418
critical,21,ambiguous,long,object,nonfinal,10,2,detective,15.772130012512209
critical,21,ambiguous,long,object,nonfinal,10,3,investigated,8.378942489624023
critical,21,ambiguous,long,object,nonfinal,10,4,the,1.0767902135849
critical,21,ambiguous,long,object,nonfinal,10,5,case,2.1959266662597656
critical,21,ambiguous,long,object,nonfinal,10,6,about,13.375481605529783
critical,21,ambiguous,long,object,nonfinal,10,7,the,0.8305221199989319
critical,21,ambiguous,long,object,nonfinal,10,8,bank,6.932449817657471
critical,21,ambiguous,long,object,nonfinal,10,9,robbery,0.9157869815826416
critical,21,ambiguous,long,object,nonfinal,10,10,became,19.712194442749023
critical,21,ambiguous,long,object,nonfinal,10,11,more,1.8566778898239136
critical,21,ambiguous,long,object,nonfinal,10,12,complex.,6.7233521938323975
critical,21,unambiguous,short,object,nonfinal,8,0,As,19.040510177612305
critical,21,unambiguous,short,object,nonfinal,8,1,the,3.442622184753418
critical,21,unambiguous,short,object,nonfinal,8,2,detective,15.772130012512209
critical,21,unambiguous,short,object,nonfinal,8,3,investigated,8.378942489624023
critical,21,unambiguous,short,object,nonfinal,8,4,the,1.0767902135849
critical,21,unambiguous,short,object,nonfinal,8,5,suspects,9.29134750366211
critical,21,unambiguous,short,object,nonfinal,8,6,the,8.241805076599121
critical,21,unambiguous,short,object,nonfinal,8,7,case,6.962900638580322
critical,21,unambiguous,short,object,nonfinal,8,8,became,3.669812679290772
critical,21,unambiguous,short,object,nonfinal,8,9,more,0.8830552101135254
critical,21,unambiguous,short,object,nonfinal,8,10,complex.,5.034449458122253
critical,21,unambiguous,long,object,nonfinal,12,0,As,19.040510177612305
critical,21,unambiguous,long,object,nonfinal,12,1,the,3.442622184753418
critical,21,unambiguous,long,object,nonfinal,12,2,detective,15.772130012512209
critical,21,unambiguous,long,object,nonfinal,12,3,investigated,8.378942489624023
critical,21,unambiguous,long,object,nonfinal,12,4,the,1.0767902135849
critical,21,unambiguous,long,object,nonfinal,12,5,suspects,9.29134750366211
critical,21,unambiguous,long,object,nonfinal,12,6,the,8.241805076599121
critical,21,unambiguous,long,object,nonfinal,12,7,case,6.962900638580322
critical,21,unambiguous,long,object,nonfinal,12,8,about,14.171063423156738
critical,21,unambiguous,long,object,nonfinal,12,9,the,0.9042765498161316
critical,21,unambiguous,long,object,nonfinal,12,10,bank,6.283908843994141
critical,21,unambiguous,long,object,nonfinal,12,11,robbery,0.9344711899757384
critical,21,unambiguous,long,object,nonfinal,12,12,became,3.7592544555664062
critical,21,unambiguous,long,object,nonfinal,12,13,more,1.108168125152588
critical,21,unambiguous,long,object,nonfinal,12,14,complex.,5.12863552570343
critical,22,ambiguous,short,object,nonfinal,6,0,Although,21.132509231567383
critical,22,ambiguous,short,object,nonfinal,6,1,the,3.579774856567383
critical,22,ambiguous,short,object,nonfinal,6,2,team,11.64383602142334
critical,22,ambiguous,short,object,nonfinal,6,3,lost,8.753565788269043
critical,22,ambiguous,short,object,nonfinal,6,4,the,2.6197333335876465
critical,22,ambiguous,short,object,nonfinal,6,5,championship,5.8468017578125
critical,22,ambiguous,short,object,nonfinal,6,6,was,13.643035888671877
critical,22,ambiguous,short,object,nonfinal,6,7,still,4.071542263031006
critical,22,ambiguous,short,object,nonfinal,6,8,a,2.680964708328247
critical,22,ambiguous,short,object,nonfinal,6,9,great,2.9695818424224854
critical,22,ambiguous,short,object,nonfinal,6,10,experience,4.868655681610107
critical,22,ambiguous,short,object,nonfinal,6,11,for,1.7542340755462646
critical,22,ambiguous,short,object,nonfinal,6,12,the,1.68982994556427
critical,22,ambiguous,short,object,nonfinal,6,13,players.,4.73774790763855
critical,22,ambiguous,long,object,nonfinal,8,0,Although,21.132509231567383
critical,22,ambiguous,long,object,nonfinal,8,1,the,3.579774856567383
critical,22,ambiguous,long,object,nonfinal,8,2,team,11.64383602142334
critical,22,ambiguous,long,object,nonfinal,8,3,lost,8.753565788269043
critical,22,ambiguous,long,object,nonfinal,8,4,the,2.6197333335876465
critical,22,ambiguous,long,object,nonfinal,8,5,championship,5.8468017578125
critical,22,ambiguous,long,object,nonfinal,8,6,in,3.693570852279663
critical,22,ambiguous,long,object,nonfinal,8,7,basketball,12.297325134277344
critical,22,ambiguous,long,object,nonfinal,8,8,was,11.461687088012695
critical,22,ambiguous,long,object,nonfinal,8,9,still,7.378072261810303
critical,22,ambiguous,long,object,nonfinal,8,10,a,3.586033582687378
critical,22,ambiguous,long,object,nonfinal,8,11,great,3.0933542251586914
critical,22,ambiguous,long,object,nonfinal,8,12,experience,4.178174018859863
critical,22,ambiguous,long,object,nonfinal,8,13,for,1.856124758720398
critical,22,ambiguous,long,object,nonfinal,8,14,the,1.6600453853607178
critical,22,ambiguous,long,object,nonfinal,8,15,players.,5.068936824798584
critical,22,unambiguous,short,object,nonfinal,9,0,Although,21.132509231567383
critical,22,unambiguous,short,object,nonfinal,9,1,the,3.579774856567383
critical,22,unambiguous,short,object,nonfinal,9,2,team,11.64383602142334
critical,22,unambiguous,short,object,nonfinal,9,3,lost,8.753565788269043
critical,22,unambiguous,short,object,nonfinal,9,4,the,2.6197333335876465
critical,22,unambiguous,short,object,nonfinal,9,5,final,4.618232250213623
critical,22,unambiguous,short,object,nonfinal,9,6,game,3.1650586128234863
critical,22,unambiguous,short,object,nonfinal,9,7,the,8.766491889953613
critical,22,unambiguous,short,object,nonfinal,9,8,championship,7.660773277282715
critical,22,unambiguous,short,object,nonfinal,9,9,was,2.060321807861328
critical,22,unambiguous,short,object,nonfinal,9,10,still,2.378225564956665
critical,22,unambiguous,short,object,nonfinal,9,11,a,6.491248607635498
critical,22,unambiguous,short,object,nonfinal,9,12,great,3.1257998943328857
critical,22,unambiguous,short,object,nonfinal,9,13,experience,5.708580017089844
critical,22,unambiguous,short,object,nonfinal,9,14,for,1.3436027765274048
critical,22,unambiguous,short,object,nonfinal,9,15,the,1.3729554414749146
critical,22,unambiguous,short,object,nonfinal,9,16,players.,4.856468200683594
critical,22,unambiguous,long,object,nonfinal,11,0,Although,21.132509231567383
critical,22,unambiguous,long,object,nonfinal,11,1,the,3.579774856567383
critical,22,unambiguous,long,object,nonfinal,11,2,team,11.64383602142334
critical,22,unambiguous,long,object,nonfinal,11,3,lost,8.753565788269043
critical,22,unambiguous,long,object,nonfinal,11,4,the,2.6197333335876465
critical,22,unambiguous,long,object,nonfinal,11,5,final,4.618232250213623
critical,22,unambiguous,long,object,nonfinal,11,6,game,3.1650586128234863
critical,22,unambiguous,long,object,nonfinal,11,7,the,8.766491889953613
critical,22,unambiguous,long,object,nonfinal,11,8,championship,7.660773277282715
critical,22,unambiguous,long,object,nonfinal,11,9,in,8.341423034667969
critical,22,unambiguous,long,object,nonfinal,11,10,basketball,11.76674747467041
critical,22,unambiguous,long,object,nonfinal,11,11,was,3.887556314468384
critical,22,unambiguous,long,object,nonfinal,11,12,still,4.704851150512695
critical,22,unambiguous,long,object,nonfinal,11,13,a,4.917534351348877
critical,22,unambiguous,long,object,nonfinal,11,14,great,3.1545279026031494
critical,22,unambiguous,long,object,nonfinal,11,15,experience,4.8224263191223145
critical,22,unambiguous,long,object,nonfinal,11,16,for,1.540282130241394
critical,22,unambiguous,long,object,nonfinal,11,17,the,1.4634430408477783
critical,22,unambiguous,long,object,nonfinal,11,18,players.,5.192046046257019
critical,23,ambiguous,short,comma,nonfinal,7,0,After,18.587215423583984
critical,23,ambiguous,short,comma,nonfinal,7,1,the,2.4606575965881348
critical,23,ambiguous,short,comma,nonfinal,7,2,director,13.812971115112305
critical,23,ambiguous,short,comma,nonfinal,7,3,finished,7.714047908782959
critical,23,ambiguous,short,comma,nonfinal,7,4,filming,5.555636882781982
critical,23,ambiguous,short,comma,nonfinal,7,5,the,1.7135498523712158
critical,23,ambiguous,short,comma,nonfinal,7,6,actors,9.085885047912598
critical,23,ambiguous,short,comma,nonfinal,7,7,left,7.168200969696045
critical,23,ambiguous,short,comma,nonfinal,7,8,to,4.903742790222168
critical,23,ambiguous,short,comma,nonfinal,7,9,go,3.4676766395568848
critical,23,ambiguous,short,comma,nonfinal,7,10,home.,3.618187427520752
critical,23,ambiguous,long,comma,nonfinal,12,0,After,18.587215423583984
critical,23,ambiguous,long,comma,nonfinal,12,1,the,2.4606575965881348
critical,23,ambiguous,long,comma,nonfinal,12,2,director,13.812971115112305
critical,23,ambiguous,long,comma,nonfinal,12,3,finished,7.714047908782959
critical,23,ambiguous,long,comma,nonfinal,12,4,filming,5.555636882781982
critical,23,ambiguous,long,comma,nonfinal,12,5,the,1.7135498523712158
critical,23,ambiguous,long,comma,nonfinal,12,6,actors,9.085885047912598
critical,23,ambiguous,long,comma,nonfinal,12,7,exhausted,16.32510757446289
critical,23,ambiguous,long,comma,nonfinal,12,8,from,5.171358585357666
critical,23,ambiguous,long,comma,nonfinal,12,9,the,1.2501708269119265
critical,23,ambiguous,long,comma,nonfinal,12,10,long,3.0452651977539062
critical,23,ambiguous,long,comma,nonfinal,12,11,day,2.932130813598633
critical,23,ambiguous,long,comma,nonfinal,12,12,left,10.064181327819824
critical,23,ambiguous,long,comma,nonfinal,12,13,to,3.917062997817993
critical,23,ambiguous,long,comma,nonfinal,12,14,go,5.593863487243652
critical,23,ambiguous,long,comma,nonfinal,12,15,home.,3.2737432718276978
critical,23,unambiguous,short,comma,nonfinal,7,0,After,18.587215423583984
critical,23,unambiguous,short,comma,nonfinal,7,1,the,2.4606575965881348
critical,23,unambiguous,short,comma,nonfinal,7,2,director,13.812971115112305
critical,23,unambiguous,short,comma,nonfinal,7,3,finished,7.714047908782959
critical,23,unambiguous,short,comma,nonfinal,7,4,"filming,",7.383372187614441
critical,23,unambiguous,short,comma,nonfinal,7,5,the,2.2556583881378174
critical,23,unambiguous,short,comma,nonfinal,7,6,actors,5.328713417053223
critical,23,unambiguous,short,comma,nonfinal,7,7,left,5.022793292999268
critical,23,unambiguous,short,comma,nonfinal,7,8,to,6.084000587463379
critical,23,unambiguous,short,comma,nonfinal,7,9,go,3.366872787475586
critical,23,unambiguous,short,comma,nonfinal,7,10,home.,1.5966649055480957
critical,23,unambiguous,long,comma,nonfinal,12,0,After,18.587215423583984
critical,23,unambiguous,long,comma,nonfinal,12,1,the,2.4606575965881348
critical,23,unambiguous,long,comma,nonfinal,12,2,director,13.812971115112305
critical,23,unambiguous,long,comma,nonfinal,12,3,finished,7.714047908782959
critical,23,unambiguous,long,comma,nonfinal,12,4,"filming,",7.383372187614441
critical,23,unambiguous,long,comma,nonfinal,12,5,the,2.2556583881378174
critical,23,unambiguous,long,comma,nonfinal,12,6,actors,5.328713417053223
critical,23,unambiguous,long,comma,nonfinal,12,7,exhausted,15.299971580505373
critical,23,unambiguous,long,comma,nonfinal,12,8,from,4.806469440460205
critical,23,unambiguous,long,comma,nonfinal,12,9,the,1.3605424165725708
critical,23,unambiguous,long,comma,nonfinal,12,10,long,3.1262428760528564
critical,23,unambiguous,long,comma,nonfinal,12,11,day,6.153415203094482
critical,23,unambiguous,long,comma,nonfinal,12,12,left,8.963947296142578
critical,23,unambiguous,long,comma,nonfinal,12,13,to,5.068848609924316
critical,23,unambiguous,long,comma,nonfinal,12,14,go,4.29933500289917
critical,23,unambiguous,long,comma,nonfinal,12,15,home.,1.379837453365326
critical,24,ambiguous,short,object,final,6,0,As,19.040510177612305
critical,24,ambiguous,short,object,final,6,1,the,3.442622184753418
critical,24,ambiguous,short,object,final,6,2,doctor,11.749053001403809
critical,24,ambiguous,short,object,final,6,3,lectured,15.055974669754503
critical,24,ambiguous,short,object,final,6,4,the,3.0898101329803467
critical,24,ambiguous,short,object,final,6,5,student,5.491521835327148
critical,24,ambiguous,short,object,final,6,6,listened.,21.992125034332275
critical,24,ambiguous,long,object,final,8,0,As,19.040510177612305
critical,24,ambiguous,long,object,final,8,1,the,3.442622184753418
critical,24,ambiguous,long,object,final,8,2,doctor,11.749053001403809
critical,24,ambiguous,long,object,final,8,3,lectured,15.055974669754503
critical,24,ambiguous,long,object,final,8,4,the,3.0898101329803467
critical,24,ambiguous,long,object,final,8,5,student,5.491521835327148
critical,24,ambiguous,long,object,final,8,6,watching,17.118452072143555
critical,24,ambiguous,long,object,final,8,7,quietly,9.738041877746582
critical,24,ambiguous,long,object,final,8,8,listened.,16.546969652175903
critical,24,unambiguous,short,object,final,8,0,As,19.040510177612305
critical,24,unambiguous,short,object,final,8,1,the,3.442622184753418
critical,24,unambiguous,short,object,final,8,2,doctor,11.749053001403809
critical,24,unambiguous,short,object,final,8,3,lectured,15.055974669754503
critical,24,unambiguous,short,object,final,8,4,the,3.0898101329803467
critical,24,unambiguous,short,object,final,8,5,nurse,5.041719436645508
critical,24,unambiguous,short,object,final,8,6,the,8.157546997070312
critical,24,unambiguous,short,object,final,8,7,student,7.637646198272705
critical,24,unambiguous,short,object,final,8,8,listened.,8.375099420547485
critical,24,unambiguous,long,object,final,10,0,As,19.040510177612305
critical,24,unambiguous,long,object,final,10,1,the,3.442622184753418
critical,24,unambiguous,long,object,final,10,2,doctor,11.749053001403809
critical,24,unambiguous,long,object,final,10,3,lectured,15.055974669754503
critical,24,unambiguous,long,object,final,10,4,the,3.0898101329803467
critical,24,unambiguous,long,object,final,10,5,nurse,5.041719436645508
critical,24,unambiguous,long,object,final,10,6,the,8.157546997070312
critical,24,unambiguous,long,object,final,10,7,student,7.637646198272705
critical,24,unambiguous,long,object,final,10,8,watching,12.040489196777344
critical,24,unambiguous,long,object,final,10,9,quietly,8.235885620117188
critical,24,unambiguous,long,object,final,10,10,listened.,8.029516100883484
critical,25,ambiguous,short,object,nonfinal,7,0,After,18.587215423583984
critical,25,ambiguous,short,object,nonfinal,7,1,the,2.4606575965881348
critical,25,ambiguous,short,object,nonfinal,7,2,teacher,10.946219444274902
critical,25,ambiguous,short,object,nonfinal,7,3,finished,6.295046329498291
critical,25,ambiguous,short,object,nonfinal,7,4,grading,6.306482791900635
critical,25,ambiguous,short,object,nonfinal,7,5,the,1.0111699104309082
critical,25,ambiguous,short,object,nonfinal,7,6,students,5.239524364471436
critical,25,ambiguous,short,object,nonfinal,7,7,passed,16.41499900817871
critical,25,ambiguous,short,object,nonfinal,7,8,the,1.4301609992980957
critical,25,ambiguous,short,object,nonfinal,7,9,class.,7.393308401107788
critical,25,ambiguous,long,object,nonfinal,9,0,After,18.587215423583984
critical,25,ambiguous,long,object,nonfinal,9,1,the,2.4606575965881348
critical,25,ambiguous,long,object,nonfinal,9,2,teacher,10.946219444274902
critical,25,ambiguous,long,object,nonfinal,9,3,finished,6.295046329498291
critical,25,ambiguous,long,object,nonfinal,9,4,grading,6.306482791900635
critical,25,ambiguous,long,object,nonfinal,9,5,the,1.0111699104309082
critical,25,ambiguous,long,object,nonfinal,9,6,students,5.239524364471436
critical,25,ambiguous,long,object,nonfinal,9,7,studying,19.937885284423828
critical,25,ambiguous,long,object,nonfinal,9,8,engineering,11.313873291015623
critical,25,ambiguous,long,object,nonfinal,9,9,passed,13.99400806427002
critical,25,ambiguous,long,object,nonfinal,9,10,the,2.191025972366333
critical,25,ambiguous,long,object,nonfinal,9,11,class.,5.264105319976807
critical,25,unambiguous,short,object,nonfinal,9,0,After,18.587215423583984
critical,25,unambiguous,short,object,nonfinal,9,1,the,2.4606575965881348
critical,25,unambiguous,short,object,nonfinal,9,2,teacher,10.946219444274902
critical,25,unambiguous,short,object,nonfinal,9,3,finished,6.295046329498291
critical,25,unambiguous,short,object,nonfinal,9,4,grading,6.306482791900635
critical,25,unambiguous,short,object,nonfinal,9,5,the,1.0111699104309082
critical,25,unambiguous,short,object,nonfinal,9,6,final,5.036031723022461
critical,25,unambiguous,short,object,nonfinal,9,7,the,15.152233123779297
critical,25,unambiguous,short,object,nonfinal,9,8,students,3.411607503890991
critical,25,unambiguous,short,object,nonfinal,9,9,passed,8.144832611083984
critical,25,unambiguous,short,object,nonfinal,9,10,the,1.46112060546875
critical,25,unambiguous,short,object,nonfinal,9,11,class.,5.521944761276245
critical,25,unambiguous,long,object,nonfinal,11,0,After,18.587215423583984
critical,25,unambiguous,long,object,nonfinal,11,1,the,2.4606575965881348
critical,25,unambiguous,long,object,nonfinal,11,2,teacher,10.946219444274902
critical,25,unambiguous,long,object,nonfinal,11,3,finished,6.295046329498291
critical,25,unambiguous,long,object,nonfinal,11,4,grading,6.306482791900635
critical,25,unambiguous,long,object,nonfinal,11,5,the,1.0111699104309082
critical,25,unambiguous,long,object,nonfinal,11,6,final,5.036031723022461
critical,25,unambiguous,long,object,nonfinal,11,7,the,15.152233123779297
critical,25,unambiguous,long,object,nonfinal,11,8,students,3.411607503890991
critical,25,unambiguous,long,object,nonfinal,11,9,studying,14.276334762573242
critical,25,unambiguous,long,object,nonfinal,11,10,engineering,12.311622619628906
critical,25,unambiguous,long,object,nonfinal,11,11,passed,9.337410926818848
critical,25,unambiguous,long,object,nonfinal,11,12,the,1.5206650495529177
critical,25,unambiguous,long,object,nonfinal,11,13,class.,5.301160335540772
critical,26,ambiguous,short,comma,final,6,0,As,19.040510177612305
critical,26,ambiguous,short,comma,final,6,1,the,3.442622184753418
critical,26,ambiguous,short,comma,final,6,2,people,9.566767692565918
critical,26,ambiguous,short,comma,final,6,3,gathered,8.073312759399414
critical,26,ambiguous,short,comma,final,6,4,the,6.7948994636535645
critical,26,ambiguous,short,comma,final,6,5,animals,7.244617938995361
critical,26,ambiguous,short,comma,final,6,6,scattered.,17.010009050369263
critical,26,ambiguous,long,comma,final,9,0,As,19.040510177612305
critical,26,ambiguous,long,comma,final,9,1,the,3.442622184753418
critical,26,ambiguous,long,comma,final,9,2,people,9.566767692565918
critical,26,ambiguous,long,comma,final,9,3,gathered,8.073312759399414
critical,26,ambiguous,long,comma,final,9,4,the,6.7948994636535645
critical,26,ambiguous,long,comma,final,9,5,animals,7.244617938995361
critical,26,ambiguous,long,comma,final,9,6,in,4.100930213928223
critical,26,ambiguous,long,comma,final,9,7,the,0.9320029020309448
critical,26,ambiguous,long,comma,final,9,8,park,8.254317283630371
critical,26,ambiguous,long,comma,final,9,9,scattered.,24.124224185943604
critical,26,unambiguous,short,comma,final,6,0,As,19.040510177612305
critical,26,unambiguous,short,comma,final,6,1,the,3.442622184753418
critical,26,unambiguous,short,comma,final,6,2,people,9.566767692565918
critical,26,unambiguous,short,comma,final,6,3,"gathered,",10.720216512680054
critical,26,unambiguous,short,comma,final,6,4,the,1.55558443069458
critical,26,unambiguous,short,comma,final,6,5,animals,8.037406921386719
critical,26,unambiguous,short,comma,final,6,6,scattered.,10.787768125534058
critical,26,unambiguous,long,comma,final,9,0,As,19.040510177612305
critical,26,unambiguous,long,comma,final,9,1,the,3.442622184753418
critical,26,unambiguous,long,comma,final,9,2,people,9.566767692565918
critical,26,unambiguous,long,comma,final,9,3,"gathered,",10.720216512680054
critical,26,unambiguous,long,comma,final,9,4,the,1.55558443069458
critical,26,unambiguous,long,comma,final,9,5,animals,8.037406921386719
critical,26,unambiguous,long,comma,final,9,6,in,7.800402641296387
critical,26,unambiguous,long,comma,final,9,7,the,0.5081688165664673
critical,26,unambiguous,long,comma,final,9,8,park,6.067687034606934
critical,26,unambiguous,long,comma,final,9,9,scattered.,11.344215035438538
critical,27,ambiguous,short,comma,nonfinal,6,0,Once,20.27047538757324
critical,27,ambiguous,short,comma,nonfinal,6,1,the,9.246121406555176
critical,27,ambiguous,short,comma,nonfinal,6,2,audience,21.24263000488281
critical,27,ambiguous,short,comma,nonfinal,6,3,quieted,19.96998167037964
critical,27,ambiguous,short,comma,nonfinal,6,4,the,4.720445156097412
critical,27,ambiguous,short,comma,nonfinal,6,5,man,7.153295040130615
critical,27,ambiguous,short,comma,nonfinal,6,6,put,8.613462448120117
critical,27,ambiguous,short,comma,nonfinal,6,7,away,5.365982532501221
critical,27,ambiguous,short,comma,nonfinal,6,8,his,2.1702394485473637
critical,27,ambiguous,short,comma,nonfinal,6,9,phone.,13.787552118301392
critical,27,ambiguous,long,comma,nonfinal,8,0,Once,20.27047538757324
critical,27,ambiguous,long,comma,nonfinal,8,1,the,9.246121406555176
critical,27,ambiguous,long,comma,nonfinal,8,2,audience,21.24263000488281
critical,27,ambiguous,long,comma,nonfinal,8,3,quieted,19.96998167037964
critical,27,ambiguous,long,comma,nonfinal,8,4,the,4.720445156097412
critical,27,ambiguous,long,comma,nonfinal,8,5,man,7.153295040130615
critical,27,ambiguous,long,comma,nonfinal,8,6,talking,12.681427001953123
critical,27,ambiguous,long,comma,nonfinal,8,7,loudly,9.895751953125
critical,27,ambiguous,long,comma,nonfinal,8,8,put,8.873900413513184
critical,27,ambiguous,long,comma,nonfinal,8,9,away,6.004214286804199
critical,27,ambiguous,long,comma,nonfinal,8,10,his,1.5119916200637815
critical,27,ambiguous,long,comma,nonfinal,8,11,phone.,10.180302381515505
critical,27,unambiguous,short,comma,nonfinal,6,0,Once,20.27047538757324
critical,27,unambiguous,short,comma,nonfinal,6,1,the,9.246121406555176
critical,27,unambiguous,short,comma,nonfinal,6,2,audience,21.24263000488281
critical,27,unambiguous,short,comma,nonfinal,6,3,"quieted,",20.869715094566345
critical,27,unambiguous,short,comma,nonfinal,6,4,the,3.138691663742065
critical,27,unambiguous,short,comma,nonfinal,6,5,man,4.4921979904174805
critical,27,unambiguous,short,comma,nonfinal,6,6,put,8.848054885864258
critical,27,unambiguous,short,comma,nonfinal,6,7,away,4.813274383544922
critical,27,unambiguous,short,comma,nonfinal,6,8,his,0.7432237267494202
critical,27,unambiguous,short,comma,nonfinal,6,9,phone.,11.708116292953491
critical,27,unambiguous,long,comma,nonfinal,8,0,Once,20.27047538757324
critical,27,unambiguous,long,comma,nonfinal,8,1,the,9.246121406555176
critical,27,unambiguous,long,comma,nonfinal,8,2,audience,21.24263000488281
critical,27,unambiguous,long,comma,nonfinal,8,3,"quieted,",20.869715094566345
critical,27,unambiguous,long,comma,nonfinal,8,4,the,3.138691663742065
critical,27,unambiguous,long,comma,nonfinal,8,5,man,4.4921979904174805
critical,27,unambiguous,long,comma,nonfinal,8,6,talking,13.936567306518556
critical,27,unambiguous,long,comma,nonfinal,8,7,loudly,8.95938777923584
critical,27,unambiguous,long,comma,nonfinal,8,8,put,9.170409202575684
critical,27,unambiguous,long,comma,nonfinal,8,9,away,5.738287925720215
critical,27,unambiguous,long,comma,nonfinal,8,10,his,0.4770275950431824
critical,27,unambiguous,long,comma,nonfinal,8,11,phone.,7.559407949447632
critical,28,ambiguous,short,comma,nonfinal,7,0,After,18.587215423583984
critical,28,ambiguous,short,comma,nonfinal,7,1,the,2.4606575965881348
critical,28,ambiguous,short,comma,nonfinal,7,2,corrupt,16.30718231201172
critical,28,ambiguous,short,comma,nonfinal,7,3,politician,7.094084739685059
critical,28,ambiguous,short,comma,nonfinal,7,4,signed,14.691900253295898
critical,28,ambiguous,short,comma,nonfinal,7,5,the,1.0473440885543823
critical,28,ambiguous,short,comma,nonfinal,7,6,bill,3.6179702281951904
critical,28,ambiguous,short,comma,nonfinal,7,7,received,18.210050582885746
critical,28,ambiguous,short,comma,nonfinal,7,8,unwelcome,17.679505586624146
critical,28,ambiguous,short,comma,nonfinal,7,9,attention,1.732784390449524
critical,28,ambiguous,short,comma,nonfinal,7,10,from,1.0653458833694458
critical,28,ambiguous,short,comma,nonfinal,7,11,southern,18.163618087768555
critical,28,ambiguous,short,comma,nonfinal,7,12,voters.,7.357515335083008
critical,28,ambiguous,long,comma,nonfinal,9,0,After,18.587215423583984
critical,28,ambiguous,long,comma,nonfinal,9,1,the,2.4606575965881348
critical,28,ambiguous,long,comma,nonfinal,9,2,corrupt,16.30718231201172
critical,28,ambiguous,long,comma,nonfinal,9,3,politician,7.094084739685059
critical,28,ambiguous,long,comma,nonfinal,9,4,signed,14.691900253295898
critical,28,ambiguous,long,comma,nonfinal,9,5,the,1.0473440885543823
critical,28,ambiguous,long,comma,nonfinal,9,6,bill,3.6179702281951904
critical,28,ambiguous,long,comma,nonfinal,9,7,on,8.18983268737793
critical,28,ambiguous,long,comma,nonfinal,9,8,taxes,14.959851264953612
critical,28,ambiguous,long,comma,nonfinal,9,9,received,13.800085067749023
critical,28,ambiguous,long,comma,nonfinal,9,10,unwelcome,17.97052490711212
critical,28,ambiguous,long,comma,nonfinal,9,11,attention,2.223482608795166
critical,28,ambiguous,long,comma,nonfinal,9,12,from,0.8902097344398499
critical,28,ambiguous,long,comma,nonfinal,9,13,southern,18.470117568969727
critical,28,ambiguous,long,comma,nonfinal,9,14,voters.,6.911173939704895
critical,28,unambiguous,short,comma,nonfinal,7,0,After,18.587215423583984
critical,28,unambiguous,short,comma,nonfinal,7,1,the,2.4606575965881348
critical,28,unambiguous,short,comma,nonfinal,7,2,corrupt,16.30718231201172
critical,28,unambiguous,short,comma,nonfinal,7,3,politician,7.094084739685059
critical,28,unambiguous,short,comma,nonfinal,7,4,"signed,",20.82031917572021
critical,28,unambiguous,short,comma,nonfinal,7,5,the,1.808850169181824
critical,28,unambiguous,short,comma,nonfinal,7,6,bill,9.32273769378662
critical,28,unambiguous,short,comma,nonfinal,7,7,received,7.334366798400879
critical,28,unambiguous,short,comma,nonfinal,7,8,unwelcome,18.27459955215454
critical,28,unambiguous,short,comma,nonfinal,7,9,attention,0.9290778040885924
critical,28,unambiguous,short,comma,nonfinal,7,10,from,1.193884253501892
critical,28,unambiguous,short,comma,nonfinal,7,11,southern,16.443599700927734
critical,28,unambiguous,short,comma,nonfinal,7,12,voters.,7.190523147583008
critical,28,unambiguous,long,comma,nonfinal,9,0,After,18.587215423583984
critical,28,unambiguous,long,comma,nonfinal,9,1,the,2.4606575965881348
critical,28,unambiguous,long,comma,nonfinal,9,2,corrupt,16.30718231201172
critical,28,unambiguous,long,comma,nonfinal,9,3,politician,7.094084739685059
critical,28,unambiguous,long,comma,nonfinal,9,4,"signed,",20.82031917572021
critical,28,unambiguous,long,comma,nonfinal,9,5,the,1.808850169181824
critical,28,unambiguous,long,comma,nonfinal,9,6,bill,9.32273769378662
critical,28,unambiguous,long,comma,nonfinal,9,7,on,10.217230796813965
critical,28,unambiguous,long,comma,nonfinal,9,8,taxes,7.195694923400879
critical,28,unambiguous,long,comma,nonfinal,9,9,received,7.449605941772461
critical,28,unambiguous,long,comma,nonfinal,9,10,unwelcome,18.81636643409729
critical,28,unambiguous,long,comma,nonfinal,9,11,attention,1.421597599983215
critical,28,unambiguous,long,comma,nonfinal,9,12,from,1.7873345613479614
critical,28,unambiguous,long,comma,nonfinal,9,13,southern,18.088001251220703
critical,28,unambiguous,long,comma,nonfinal,9,14,voters.,7.224557638168335
critical,29,ambiguous,short,object,nonfinal,7,0,While,20.30198097229004
critical,29,ambiguous,short,object,nonfinal,7,1,the,7.085971355438232
critical,29,ambiguous,short,object,nonfinal,7,2,art,14.864324569702148
critical,29,ambiguous,short,object,nonfinal,7,3,class,13.84929656982422
critical,29,ambiguous,short,object,nonfinal,7,4,painted,20.62948036193848
critical,29,ambiguous,short,object,nonfinal,7,5,the,2.1020491123199463
critical,29,ambiguous,short,object,nonfinal,7,6,model,13.775547981262209
critical,29,ambiguous,short,object,nonfinal,7,7,stayed,16.655160903930664
critical,29,ambiguous,short,object,nonfinal,7,8,still.,14.405184745788574
critical,29,ambiguous,long,object,nonfinal,10,0,While,20.30198097229004
critical,29,ambiguous,long,object,nonfinal,10,1,the,7.085971355438232
critical,29,ambiguous,long,object,nonfinal,10,2,art,14.864324569702148
critical,29,ambiguous,long,object,nonfinal,10,3,class,13.84929656982422
critical,29,ambiguous,long,object,nonfinal,10,4,painted,20.62948036193848
critical,29,ambiguous,long,object,nonfinal,10,5,the,2.1020491123199463
critical,29,ambiguous,long,object,nonfinal,10,6,model,13.775547981262209
critical,29,ambiguous,long,object,nonfinal,10,7,in,6.448437213897705
critical,29,ambiguous,long,object,nonfinal,10,8,the,0.9414055347442628
critical,29,ambiguous,long,object,nonfinal,10,9,nude,19.88235855102539
critical,29,ambiguous,long,object,nonfinal,10,10,stayed,18.31696891784668
critical,29,ambiguous,long,object,nonfinal,10,11,still.,13.554070711135864
critical,29,unambiguous,short,object,nonfinal,9,0,While,20.30198097229004
critical,29,unambiguous,short,object,nonfinal,9,1,the,7.085971355438232
critical,29,unambiguous,short,object,nonfinal,9,2,art,14.864324569702148
critical,29,unambiguous,short,object,nonfinal,9,3,class,13.84929656982422
critical,29,unambiguous,short,object,nonfinal,9,4,painted,20.62948036193848
critical,29,unambiguous,short,object,nonfinal,9,5,their,10.243082046508787
critical,29,unambiguous,short,object,nonfinal,9,6,portraits,9.466065406799316
critical,29,unambiguous,short,object,nonfinal,9,7,the,6.170030117034912
critical,29,unambiguous,short,object,nonfinal,9,8,model,14.324423789978027
critical,29,unambiguous,short,object,nonfinal,9,9,stayed,11.207626342773438
critical,29,unambiguous,short,object,nonfinal,9,10,still.,14.894036293029783
critical,29,unambiguous,long,object,nonfinal,12,0,While,20.30198097229004
critical,29,unambiguous,long,object,nonfinal,12,1,the,7.085971355438232
critical,29,unambiguous,long,object,nonfinal,12,2,art,14.864324569702148
critical,29,unambiguous,long,object,nonfinal,12,3,class,13.84929656982422
critical,29,unambiguous,long,object,nonfinal,12,4,painted,20.62948036193848
critical,29,unambiguous,long,object,nonfinal,12,5,their,10.243082046508787
critical,29,unambiguous,long,object,nonfinal,12,6,portraits,9.466065406799316
critical,29,unambiguous,long,object,nonfinal,12,7,the,6.170030117034912
critical,29,unambiguous,long,object,nonfinal,12,8,model,14.324423789978027
critical,29,unambiguous,long,object,nonfinal,12,9,in,6.886028289794922
critical,29,unambiguous,long,object,nonfinal,12,10,the,1.3048144578933716
critical,29,unambiguous,long,object,nonfinal,12,11,nude,16.94245147705078
critical,29,unambiguous,long,object,nonfinal,12,12,stayed,14.234657287597656
critical,29,unambiguous,long,object,nonfinal,12,13,still.,14.75546646118164
critical,30,ambiguous,short,object,final,6,0,As,19.040510177612305
critical,30,ambiguous,short,object,final,6,1,the,3.442622184753418
critical,30,ambiguous,short,object,final,6,2,professor,12.699220657348633
critical,30,ambiguous,short,object,final,6,3,wrote,9.002306938171387
critical,30,ambiguous,short,object,final,6,4,the,3.008532285690308
critical,30,ambiguous,short,object,final,6,5,textbook,8.951047897338867
critical,30,ambiguous,short,object,final,6,6,grew.,22.958980083465576
critical,30,ambiguous,long,object,final,8,0,As,19.040510177612305
critical,30,ambiguous,long,object,final,8,1,the,3.442622184753418
critical,30,ambiguous,long,object,final,8,2,professor,12.699220657348633
critical,30,ambiguous,long,object,final,8,3,wrote,9.002306938171387
critical,30,ambiguous,long,object,final,8,4,the,3.008532285690308
critical,30,ambiguous,long,object,final,8,5,textbook,8.951047897338867
critical,30,ambiguous,long,object,final,8,6,on,4.598835468292236
critical,30,ambiguous,long,object,final,8,7,biology,10.192336082458496
critical,30,ambiguous,long,object,final,8,8,grew.,23.076909065246586
critical,30,unambiguous,short,object,final,8,0,As,19.040510177612305
critical,30,unambiguous,short,object,final,8,1,the,3.442622184753418
critical,30,unambiguous,short,object,final,8,2,professor,12.699220657348633
critical,30,unambiguous,short,object,final,8,3,wrote,9.002306938171387
critical,30,unambiguous,short,object,final,8,4,the,3.008532285690308
critical,30,unambiguous,short,object,final,8,5,chapter,10.043286323547363
critical,30,unambiguous,short,object,final,8,6,the,7.704874992370605
critical,30,unambiguous,short,object,final,8,7,textbook,8.990338325500488
critical,30,unambiguous,short,object,final,8,8,grew.,14.769848346710203
critical,30,unambiguous,long,object,final,10,0,As,19.040510177612305
critical,30,unambiguous,long,object,final,10,1,the,3.442622184753418
critical,30,unambiguous,long,object,final,10,2,professor,12.699220657348633
critical,30,unambiguous,long,object,final,10,3,wrote,9.002306938171387
critical,30,unambiguous,long,object,final,10,4,the,3.008532285690308
critical,30,unambiguous,long,object,final,10,5,chapter,10.043286323547363
critical,30,unambiguous,long,object,final,10,6,the,7.704874992370605
critical,30,unambiguous,long,object,final,10,7,textbook,8.990338325500488
critical,30,unambiguous,long,object,final,10,8,on,4.406308174133301
critical,30,unambiguous,long,object,final,10,9,biology,11.393656730651855
critical,30,unambiguous,long,object,final,10,10,grew.,15.426554441452026
