item_category,item,ambiguity,length,resolution,finality,critical_word_index,word_index,word,surprisal
critical,1,ambiguous,short,object,nonfinal,6,0,As,20.799320220947266
critical,1,ambiguous,short,object,nonfinal,6,1,the,4.015208721160889
critical,1,ambiguous,short,object,nonfinal,6,2,lifeguard,19.956824779510494
critical,1,ambiguous,short,object,nonfinal,6,3,watched,7.7338480949401855
critical,1,ambiguous,short,object,nonfinal,6,4,the,2.121668815612793
critical,1,ambiguous,short,object,nonfinal,6,5,kids,5.363731384277344
critical,1,ambiguous,short,object,nonfinal,6,6,splashed,12.548277854919434
critical,1,ambiguous,short,object,nonfinal,6,7,each,8.07867431640625
critical,1,ambiguous,short,object,nonfinal,6,8,other,0.0492833480238914
critical,1,ambiguous,short,object,nonfinal,6,9,with,3.6115834712982178
critical,1,ambiguous,short,object,nonfinal,6,10,water.,6.669159531593323
critical,1,ambiguous,long,object,nonfinal,8,0,As,20.799320220947266
critical,1,ambiguous,long,object,nonfinal,8,1,the,4.015208721160889
critical,1,ambiguous,long,object,nonfinal,8,2,lifeguard,19.956824779510494
critical,1,ambiguous,long,object,nonfinal,8,3,watched,7.7338480949401855
critical,1,ambiguous,long,object,nonfinal,8,4,the,2.121668815612793
critical,1,ambiguous,long,object,nonfinal,8,5,kids,5.363731384277344
critical,1,ambiguous,long,object,nonfinal,8,6,playing,5.769954681396484
critical,1,ambiguous,long,object,nonfinal,8,7,happily,8.200407981872559
critical,1,ambiguous,long,object,nonfinal,8,8,splashed,21.517796516418457
critical,1,ambiguous,long,object,nonfinal,8,9,each,10.322139739990234
critical,1,ambiguous,long,object,nonfinal,8,10,other,0.0790487304329872
critical,1,ambiguous,long,object,nonfinal,8,11,with,2.812373161315918
critical,1,ambiguous,long,object,nonfinal,8,12,water.,5.126255422830582
critical,1,unambiguous,short,object,nonfinal,8,0,As,20.799320220947266
critical,1,unambiguous,short,object,nonfinal,8,1,the,4.015208721160889
critical,1,unambiguous,short,object,nonfinal,8,2,lifeguard,19.956824779510494
critical,1,unambiguous,short,object,nonfinal,8,3,watched,7.7338480949401855
critical,1,unambiguous,short,object,nonfinal,8,4,the,2.121668815612793
critical,1,unambiguous,short,object,nonfinal,8,5,pool,8.677389144897461
critical,1,unambiguous,short,object,nonfinal,8,6,the,8.698187828063965
critical,1,unambiguous,short,object,nonfinal,8,7,kids,5.660980701446533
critical,1,unambiguous,short,object,nonfinal,8,8,splashed,5.896825388073921
critical,1,unambiguous,short,object,nonfinal,8,9,each,7.566710948944092
critical,1,unambiguous,short,object,nonfinal,8,10,other,0.0772353410720825
critical,1,unambiguous,short,object,nonfinal,8,11,with,3.520894765853882
critical,1,unambiguous,short,object,nonfinal,8,12,water.,2.744606554508209
critical,1,unambiguous,long,object,nonfinal,10,0,As,20.799320220947266
critical,1,unambiguous,long,object,nonfinal,10,1,the,4.015208721160889
critical,1,unambiguous,long,object,nonfinal,10,2,lifeguard,19.956824779510494
critical,1,unambiguous,long,object,nonfinal,10,3,watched,7.7338480949401855
critical,1,unambiguous,long,object,nonfinal,10,4,the,2.121668815612793
critical,1,unambiguous,long,object,nonfinal,10,5,pool,8.677389144897461
critical,1,unambiguous,long,object,nonfinal,10,6,the,8.698187828063965
critical,1,unambiguous,long,object,nonfinal,10,7,kids,5.660980701446533
critical,1,unambiguous,long,object,nonfinal,10,8,playing,7.364178657531738
critical,1,unambiguous,long,object,nonfinal,10,9,happily,6.800196647644043
critical,1,unambiguous,long,object,nonfinal,10,10,splashed,9.6118243932724
critical,1,unambiguous,long,object,nonfinal,10,11,each,5.846369743347168
critical,1,unambiguous,long,object,nonfinal,10,12,other,0.0662202015519142
critical,1,unambiguous,long,object,nonfinal,10,13,with,3.4337422847747803
critical,1,unambiguous,long,object,nonfinal,10,14,water.,2.338419198989868
critical,2,ambiguous,short,comma,nonfinal,6,0,Because,23.04510307312012
critical,2,ambiguous,short,comma,nonfinal,6,1,the,2.1916396617889404
critical,2,ambiguous,short,comma,nonfinal,6,2,suspect,14.620759963989258
critical,2,ambiguous,short,comma,nonfinal,6,3,changed,11.048833847045898
critical,2,ambiguous,short,comma,nonfinal,6,4,the,2.606858015060425
critical,2,ambiguous,short,comma,nonfinal,6,5,file,12.145702362060549
critical,2,ambiguous,short,comma,nonfinal,6,6,needed,16.14358139038086
critical,2,ambiguous,short,comma,nonfinal,6,7,to,0.958532214164734
critical,2,ambiguous,short,comma,nonfinal,6,8,be,2.621469736099243
critical,2,ambiguous,short,comma,nonfinal,6,9,updated.,11.25532078742981
critical,2,ambiguous,long,comma,nonfinal,9,0,Because,23.04510307312012
critical,2,ambiguous,long,comma,nonfinal,9,1,the,2.1916396617889404
critical,2,ambiguous,long,comma,nonfinal,9,2,suspect,14.620759963989258
critical,2,ambiguous,long,comma,nonfinal,9,3,changed,11.048833847045898
critical,2,ambiguous,long,comma,nonfinal,9,4,the,2.606858015060425
critical,2,ambiguous,long,comma,nonfinal,9,5,file,12.145702362060549
critical,2,ambiguous,long,comma,nonfinal,9,6,with,8.155865669250488
critical,2,ambiguous,long,comma,nonfinal,9,7,the,1.9424023628234863
critical,2,ambiguous,long,comma,nonfinal,9,8,evidence,7.307974815368652
critical,2,ambiguous,long,comma,nonfinal,9,9,needed,13.65938949584961
critical,2,ambiguous,long,comma,nonfinal,9,10,to,0.5253533124923706
critical,2,ambiguous,long,comma,nonfinal,9,11,be,5.972695827484131
critical,2,ambiguous,long,comma,nonfinal,9,12,updated.,13.192164659500122
critical,2,unambiguous,short,comma,nonfinal,6,0,Because,23.04510307312012
critical,2,unambiguous,short,comma,nonfinal,6,1,the,2.1916396617889404
critical,2,unambiguous,short,comma,nonfinal,6,2,suspect,14.620759963989258
critical,2,unambiguous,short,comma,nonfinal,6,3,"changed,",18.4437108039856
critical,2,unambiguous,short,comma,nonfinal,6,4,the,1.69221293926239
critical,2,unambiguous,short,comma,nonfinal,6,5,file,10.628775596618652
critical,2,unambiguous,short,comma,nonfinal,6,6,needed,7.835248947143555
critical,2,unambiguous,short,comma,nonfinal,6,7,to,0.1527618765830993
critical,2,unambiguous,short,comma,nonfinal,6,8,be,0.1195788457989692
critical,2,unambiguous,short,comma,nonfinal,6,9,updated.,4.069387435913086
critical,2,unambiguous,long,comma,nonfinal,9,0,Because,23.04510307312012
critical,2,unambiguous,long,comma,nonfinal,9,1,the,2.1916396617889404
critical,2,unambiguous,long,comma,nonfinal,9,2,suspect,14.620759963989258
critical,2,unambiguous,long,comma,nonfinal,9,3,"changed,",18.4437108039856
critical,2,unambiguous,long,comma,nonfinal,9,4,the,1.69221293926239
critical,2,unambiguous,long,comma,nonfinal,9,5,file,10.628775596618652
critical,2,unambiguous,long,comma,nonfinal,9,6,with,7.395771503448486
critical,2,unambiguous,long,comma,nonfinal,9,7,the,0.7419331669807434
critical,2,unambiguous,long,comma,nonfinal,9,8,evidence,6.47406530380249
critical,2,unambiguous,long,comma,nonfinal,9,9,needed,7.6492133140563965
critical,2,unambiguous,long,comma,nonfinal,9,10,to,0.2343834638595581
critical,2,unambiguous,long,comma,nonfinal,9,11,be,0.8805126547813416
critical,2,unambiguous,long,comma,nonfinal,9,12,updated.,5.240275740623474
critical,3,ambiguous,short,object,nonfinal,7,0,While,20.172754287719727
critical,3,ambiguous,short,object,nonfinal,7,1,the,2.4930825233459477
critical,3,ambiguous,short,object,nonfinal,7,2,new,8.391057968139648
critical,3,ambiguous,short,object,nonfinal,7,3,chef,17.27471351623535
critical,3,ambiguous,short,object,nonfinal,7,4,cooked,9.81289291381836
critical,3,ambiguous,short,object,nonfinal,7,5,the,2.815394401550293
critical,3,ambiguous,short,object,nonfinal,7,6,stew,8.086640357971191
critical,3,ambiguous,short,object,nonfinal,7,7,boiled,14.339141845703123
critical,3,ambiguous,short,object,nonfinal,7,8,over.,10.383874893188477
critical,3,ambiguous,long,object,nonfinal,11,0,While,20.172754287719727
critical,3,ambiguous,long,object,nonfinal,11,1,the,2.4930825233459477
critical,3,ambiguous,long,object,nonfinal,11,2,new,8.391057968139648
critical,3,ambiguous,long,object,nonfinal,11,3,chef,17.27471351623535
critical,3,ambiguous,long,object,nonfinal,11,4,cooked,9.81289291381836
critical,3,ambiguous,long,object,nonfinal,11,5,the,2.815394401550293
critical,3,ambiguous,long,object,nonfinal,11,6,stew,8.086640357971191
critical,3,ambiguous,long,object,nonfinal,11,7,with,5.572961807250977
critical,3,ambiguous,long,object,nonfinal,11,8,lamb,8.616711616516113
critical,3,ambiguous,long,object,nonfinal,11,9,and,2.2864913940429688
critical,3,ambiguous,long,object,nonfinal,11,10,vegetables,2.7665843963623047
critical,3,ambiguous,long,object,nonfinal,11,11,boiled,14.066934585571287
critical,3,ambiguous,long,object,nonfinal,11,12,over.,14.063117504119871
critical,3,unambiguous,short,object,nonfinal,9,0,While,20.172754287719727
critical,3,unambiguous,short,object,nonfinal,9,1,the,2.4930825233459477
critical,3,unambiguous,short,object,nonfinal,9,2,new,8.391057968139648
critical,3,unambiguous,short,object,nonfinal,9,3,chef,17.27471351623535
critical,3,unambiguous,short,object,nonfinal,9,4,cooked,9.81289291381836
critical,3,unambiguous,short,object,nonfinal,9,5,the,2.815394401550293
critical,3,unambiguous,short,object,nonfinal,9,6,appetizers,10.079614520072935
critical,3,unambiguous,short,object,nonfinal,9,7,the,8.192827224731445
critical,3,unambiguous,short,object,nonfinal,9,8,stew,12.119853973388672
critical,3,unambiguous,short,object,nonfinal,9,9,boiled,16.109235763549805
critical,3,unambiguous,short,object,nonfinal,9,10,over.,8.867590427398682
critical,3,unambiguous,long,object,nonfinal,13,0,While,20.172754287719727
critical,3,unambiguous,long,object,nonfinal,13,1,the,2.4930825233459477
critical,3,unambiguous,long,object,nonfinal,13,2,new,8.391057968139648
critical,3,unambiguous,long,object,nonfinal,13,3,chef,17.27471351623535
critical,3,unambiguous,long,object,nonfinal,13,4,cooked,9.81289291381836
critical,3,unambiguous,long,object,nonfinal,13,5,the,2.815394401550293
critical,3,unambiguous,long,object,nonfinal,13,6,appetizers,10.079614520072935
critical,3,unambiguous,long,object,nonfinal,13,7,the,8.192827224731445
critical,3,unambiguous,long,object,nonfinal,13,8,stew,12.119853973388672
critical,3,unambiguous,long,object,nonfinal,13,9,with,11.31302261352539
critical,3,unambiguous,long,object,nonfinal,13,10,lamb,8.6990966796875
critical,3,unambiguous,long,object,nonfinal,13,11,and,1.5660300254821775
critical,3,unambiguous,long,object,nonfinal,13,12,vegetables,3.8681044578552246
critical,3,unambiguous,long,object,nonfinal,13,13,boiled,8.31944465637207
critical,3,unambiguous,long,object,nonfinal,13,14,over.,8.550146579742432
critical,4,ambiguous,short,comma,nonfinal,6,0,As,20.799320220947266
critical,4,ambiguous,short,comma,nonfinal,6,1,the,4.015208721160889
critical,4,ambiguous,short,comma,nonfinal,6,2,child,8.883408546447754
critical,4,ambiguous,short,comma,nonfinal,6,3,showered,20.113324999809265
critical,4,ambiguous,short,comma,nonfinal,6,4,the,4.446835517883301
critical,4,ambiguous,short,comma,nonfinal,6,5,cat,9.22347354888916
critical,4,ambiguous,short,comma,nonfinal,6,6,ran,9.455361366271973
critical,4,ambiguous,short,comma,nonfinal,6,7,around,3.099281549453736
critical,4,ambiguous,short,comma,nonfinal,6,8,the,1.4849339723587036
critical,4,ambiguous,short,comma,nonfinal,6,9,room.,4.639436841011047
critical,4,ambiguous,long,comma,nonfinal,8,0,As,20.799320220947266
critical,4,ambiguous,long,comma,nonfinal,8,1,the,4.015208721160889
critical,4,ambiguous,long,comma,nonfinal,8,2,child,8.883408546447754
critical,4,ambiguous,long,comma,nonfinal,8,3,showered,20.113324999809265
critical,4,ambiguous,long,comma,nonfinal,8,4,the,4.446835517883301
critical,4,ambiguous,long,comma,nonfinal,8,5,cat,9.22347354888916
critical,4,ambiguous,long,comma,nonfinal,8,6,complaining,18.476398468017575
critical,4,ambiguous,long,comma,nonfinal,8,7,loudly,6.917689800262451
critical,4,ambiguous,long,comma,nonfinal,8,8,ran,18.892438888549805
critical,4,ambiguous,long,comma,nonfinal,8,9,around,5.741402626037598
critical,4,ambiguous,long,comma,nonfinal,8,10,the,1.139499306678772
critical,4,ambiguous,long,comma,nonfinal,8,11,room.,5.924761056900024
critical,4,unambiguous,short,comma,nonfinal,6,0,As,20.799320220947266
critical,4,unambiguous,short,comma,nonfinal,6,1,the,4.015208721160889
critical,4,unambiguous,short,comma,nonfinal,6,2,child,8.883408546447754
critical,4,unambiguous,short,comma,nonfinal,6,3,"showered,",21.98652970790863
critical,4,unambiguous,short,comma,nonfinal,6,4,the,3.067265272140503
critical,4,unambiguous,short,comma,nonfinal,6,5,cat,11.37402057647705
critical,4,unambiguous,short,comma,nonfinal,6,6,ran,5.388376235961914
critical,4,unambiguous,short,comma,nonfinal,6,7,around,2.826990365982056
critical,4,unambiguous,short,comma,nonfinal,6,8,the,1.0738844871520996
critical,4,unambiguous,short,comma,nonfinal,6,9,room.,4.292752981185913
critical,4,unambiguous,long,comma,nonfinal,8,0,As,20.799320220947266
critical,4,unambiguous,long,comma,nonfinal,8,1,the,4.015208721160889
critical,4,unambiguous,long,comma,nonfinal,8,2,child,8.883408546447754
critical,4,unambiguous,long,comma,nonfinal,8,3,"showered,",21.98652970790863
critical,4,unambiguous,long,comma,nonfinal,8,4,the,3.067265272140503
critical,4,unambiguous,long,comma,nonfinal,8,5,cat,11.37402057647705
critical,4,unambiguous,long,comma,nonfinal,8,6,complaining,22.45156478881836
critical,4,unambiguous,long,comma,nonfinal,8,7,loudly,4.087708473205566
critical,4,unambiguous,long,comma,nonfinal,8,8,ran,18.48743438720703
critical,4,unambiguous,long,comma,nonfinal,8,9,around,3.2737350463867188
critical,4,unambiguous,long,comma,nonfinal,8,10,the,0.9538790583610536
critical,4,unambiguous,long,comma,nonfinal,8,11,room.,3.984224319458008
critical,5,ambiguous,short,comma,final,6,0,When,19.15230369567871
critical,5,ambiguous,short,comma,final,6,1,the,2.9921624660491943
critical,5,ambiguous,short,comma,final,6,2,family,11.080026626586914
critical,5,ambiguous,short,comma,final,6,3,moved,5.1046953201293945
critical,5,ambiguous,short,comma,final,6,4,the,8.921405792236328
critical,5,ambiguous,short,comma,final,6,5,vases,16.328731775283813
critical,5,ambiguous,short,comma,final,6,6,broke.,8.49950098991394
critical,5,ambiguous,long,comma,final,9,0,When,19.15230369567871
critical,5,ambiguous,long,comma,final,9,1,the,2.9921624660491943
critical,5,ambiguous,long,comma,final,9,2,family,11.080026626586914
critical,5,ambiguous,long,comma,final,9,3,moved,5.1046953201293945
critical,5,ambiguous,long,comma,final,9,4,the,8.921405792236328
critical,5,ambiguous,long,comma,final,9,5,vases,16.328731775283813
critical,5,ambiguous,long,comma,final,9,6,made,9.68256378173828
critical,5,ambiguous,long,comma,final,9,7,of,1.1156582832336426
critical,5,ambiguous,long,comma,final,9,8,porcelain,4.940183639526367
critical,5,ambiguous,long,comma,final,9,9,broke.,7.060250997543335
critical,5,unambiguous,short,comma,final,6,0,When,19.15230369567871
critical,5,unambiguous,short,comma,final,6,1,the,2.9921624660491943
critical,5,unambiguous,short,comma,final,6,2,family,11.080026626586914
critical,5,unambiguous,short,comma,final,6,3,"moved,",8.905982494354248
critical,5,unambiguous,short,comma,final,6,4,the,2.7529332637786865
critical,5,unambiguous,short,comma,final,6,5,vases,16.174464464187622
critical,5,unambiguous,short,comma,final,6,6,broke.,10.716665387153624
critical,5,unambiguous,long,comma,final,9,0,When,19.15230369567871
critical,5,unambiguous,long,comma,final,9,1,the,2.9921624660491943
critical,5,unambiguous,long,comma,final,9,2,family,11.080026626586914
critical,5,unambiguous,long,comma,final,9,3,"moved,",8.905982494354248
critical,5,unambiguous,long,comma,final,9,4,the,2.7529332637786865
critical,5,unambiguous,long,comma,final,9,5,vases,16.174464464187622
critical,5,unambiguous,long,comma,final,9,6,made,9.06232452392578
critical,5,unambiguous,long,comma,final,9,7,of,2.5758516788482666
critical,5,unambiguous,long,comma,final,9,8,porcelain,4.715692520141602
critical,5,unambiguous,long,comma,final,9,9,broke.,9.046215772628784
critical,6,ambiguous,short,comma,nonfinal,7,0,After,20.752695083618164
critical,6,ambiguous,short,comma,nonfinal,7,1,the,3.0259177684783936
critical,6,ambiguous,short,comma,nonfinal,7,2,new,7.552942752838135
critical,6,ambiguous,short,comma,nonfinal,7,3,doctor,10.532607078552246
critical,6,ambiguous,short,comma,nonfinal,7,4,left,6.42698335647583
critical,6,ambiguous,short,comma,nonfinal,7,5,the,3.2612671852111816
critical,6,ambiguous,short,comma,nonfinal,7,6,operation,9.24464988708496
critical,6,ambiguous,short,comma,nonfinal,7,7,appeared,13.052248001098633
critical,6,ambiguous,short,comma,nonfinal,7,8,more,6.203207969665527
critical,6,ambiguous,short,comma,nonfinal,7,9,likely,9.902666091918944
critical,6,ambiguous,short,comma,nonfinal,7,10,to,0.2996240556240082
critical,6,ambiguous,short,comma,nonfinal,7,11,succeed.,4.616512417793274
critical,6,ambiguous,long,comma,nonfinal,10,0,After,20.752695083618164
critical,6,ambiguous,long,comma,nonfinal,10,1,the,3.0259177684783936
critical,6,ambiguous,long,comma,nonfinal,10,2,new,7.552942752838135
critical,6,ambiguous,long,comma,nonfinal,10,3,doctor,10.532607078552246
critical,6,ambiguous,long,comma,nonfinal,10,4,left,6.42698335647583
critical,6,ambiguous,long,comma,nonfinal,10,5,the,3.2612671852111816
critical,6,ambiguous,long,comma,nonfinal,10,6,operation,9.24464988708496
critical,6,ambiguous,long,comma,nonfinal,10,7,on,6.303472518920898
critical,6,ambiguous,long,comma,nonfinal,10,8,the,2.1853573322296143
critical,6,ambiguous,long,comma,nonfinal,10,9,brain,7.854439258575439
critical,6,ambiguous,long,comma,nonfinal,10,10,appeared,9.77923583984375
critical,6,ambiguous,long,comma,nonfinal,10,11,more,7.278922080993652
critical,6,ambiguous,long,comma,nonfinal,10,12,likely,9.2720308303833
critical,6,ambiguous,long,comma,nonfinal,10,13,to,1.0429000854492188
critical,6,ambiguous,long,comma,nonfinal,10,14,succeed.,5.736138582229614
critical,6,unambiguous,short,comma,nonfinal,7,0,After,20.752695083618164
critical,6,unambiguous,short,comma,nonfinal,7,1,the,3.0259177684783936
critical,6,unambiguous,short,comma,nonfinal,7,2,new,7.552942752838135
critical,6,unambiguous,short,comma,nonfinal,7,3,doctor,10.532607078552246
critical,6,unambiguous,short,comma,nonfinal,7,4,"left,",7.592447876930237
critical,6,unambiguous,short,comma,nonfinal,7,5,the,1.940481662750244
critical,6,unambiguous,short,comma,nonfinal,7,6,operation,9.539302825927734
critical,6,unambiguous,short,comma,nonfinal,7,7,appeared,12.082027435302734
critical,6,unambiguous,short,comma,nonfinal,7,8,more,5.730128765106201
critical,6,unambiguous,short,comma,nonfinal,7,9,likely,6.785530090332031
critical,6,unambiguous,short,comma,nonfinal,7,10,to,0.2509763538837433
critical,6,unambiguous,short,comma,nonfinal,7,11,succeed.,3.04881489276886
critical,6,unambiguous,long,comma,nonfinal,10,0,After,20.752695083618164
critical,6,unambiguous,long,comma,nonfinal,10,1,the,3.0259177684783936
critical,6,unambiguous,long,comma,nonfinal,10,2,new,7.552942752838135
critical,6,unambiguous,long,comma,nonfinal,10,3,doctor,10.532607078552246
critical,6,unambiguous,long,comma,nonfinal,10,4,"left,",7.592447876930237
critical,6,unambiguous,long,comma,nonfinal,10,5,the,1.940481662750244
critical,6,unambiguous,long,comma,nonfinal,10,6,operation,9.539302825927734
critical,6,unambiguous,long,comma,nonfinal,10,7,on,6.599376201629639
critical,6,unambiguous,long,comma,nonfinal,10,8,the,1.8353713750839236
critical,6,unambiguous,long,comma,nonfinal,10,9,brain,8.932982444763184
critical,6,unambiguous,long,comma,nonfinal,10,10,appeared,10.112796783447266
critical,6,unambiguous,long,comma,nonfinal,10,11,more,7.19840669631958
critical,6,unambiguous,long,comma,nonfinal,10,12,likely,6.7237868309021
critical,6,unambiguous,long,comma,nonfinal,10,13,to,0.3213543891906738
critical,6,unambiguous,long,comma,nonfinal,10,14,succeed.,3.967582106590271
critical,7,ambiguous,short,comma,final,6,0,While,20.172754287719727
critical,7,ambiguous,short,comma,final,6,1,the,2.4930825233459477
critical,7,ambiguous,short,comma,final,6,2,mom,16.901941299438477
critical,7,ambiguous,short,comma,final,6,3,dressed,14.319832801818848
critical,7,ambiguous,short,comma,final,6,4,the,4.534183502197266
critical,7,ambiguous,short,comma,final,6,5,baby,1.9136935472488403
critical,7,ambiguous,short,comma,final,6,6,cried.,26.18005657196045
critical,7,ambiguous,long,comma,final,8,0,While,20.172754287719727
critical,7,ambiguous,long,comma,final,8,1,the,2.4930825233459477
critical,7,ambiguous,long,comma,final,8,2,mom,16.901941299438477
critical,7,ambiguous,long,comma,final,8,3,dressed,14.319832801818848
critical,7,ambiguous,long,comma,final,8,4,the,4.534183502197266
critical,7,ambiguous,long,comma,final,8,5,baby,1.9136935472488403
critical,7,ambiguous,long,comma,final,8,6,she,8.797017097473145
critical,7,ambiguous,long,comma,final,8,7,adored,14.728868246078491
critical,7,ambiguous,long,comma,final,8,8,cried.,17.672436237335205
critical,7,unambiguous,short,comma,final,6,0,While,20.172754287719727
critical,7,unambiguous,short,comma,final,6,1,the,2.4930825233459477
critical,7,unambiguous,short,comma,final,6,2,mom,16.901941299438477
critical,7,unambiguous,short,comma,final,6,3,"dressed,",21.83373975753784
critical,7,unambiguous,short,comma,final,6,4,the,2.2067410945892334
critical,7,unambiguous,short,comma,final,6,5,baby,3.414177656173706
critical,7,unambiguous,short,comma,final,6,6,cried.,5.526628136634827
critical,7,unambiguous,long,comma,final,8,0,While,20.172754287719727
critical,7,unambiguous,long,comma,final,8,1,the,2.4930825233459477
critical,7,unambiguous,long,comma,final,8,2,mom,16.901941299438477
critical,7,unambiguous,long,comma,final,8,3,"dressed,",21.83373975753784
critical,7,unambiguous,long,comma,final,8,4,the,2.2067410945892334
critical,7,unambiguous,long,comma,final,8,5,baby,3.414177656173706
critical,7,unambiguous,long,comma,final,8,6,she,12.72464656829834
critical,7,unambiguous,long,comma,final,8,7,adored,9.651696898043156
critical,7,unambiguous,long,comma,final,8,8,cried.,8.828761100769043
critical,8,ambiguous,short,comma,nonfinal,6,0,As,20.799320220947266
critical,8,ambiguous,short,comma,nonfinal,6,1,the,4.015208721160889
critical,8,ambiguous,short,comma,nonfinal,6,2,crowd,12.600763320922852
critical,8,ambiguous,short,comma,nonfinal,6,3,applauded,7.857383728027344
critical,8,ambiguous,short,comma,nonfinal,6,4,the,4.129286766052246
critical,8,ambiguous,short,comma,nonfinal,6,5,cast,10.940683364868164
critical,8,ambiguous,short,comma,nonfinal,6,6,came,12.234660148620604
critical,8,ambiguous,short,comma,nonfinal,6,7,back,4.342284202575684
critical,8,ambiguous,short,comma,nonfinal,6,8,on,1.654599666595459
critical,8,ambiguous,short,comma,nonfinal,6,9,stage,0.3897924721240997
critical,8,ambiguous,short,comma,nonfinal,6,10,and,2.271445035934448
critical,8,ambiguous,short,comma,nonfinal,6,11,waived.,21.57623291015625
critical,8,ambiguous,long,comma,nonfinal,9,0,As,20.799320220947266
critical,8,ambiguous,long,comma,nonfinal,9,1,the,4.015208721160889
critical,8,ambiguous,long,comma,nonfinal,9,2,crowd,12.600763320922852
critical,8,ambiguous,long,comma,nonfinal,9,3,applauded,7.857383728027344
critical,8,ambiguous,long,comma,nonfinal,9,4,the,4.129286766052246
critical,8,ambiguous,long,comma,nonfinal,9,5,cast,10.940683364868164
critical,8,ambiguous,long,comma,nonfinal,9,6,for,5.5324811935424805
critical,8,ambiguous,long,comma,nonfinal,9,7,the,3.576047658920288
critical,8,ambiguous,long,comma,nonfinal,9,8,play,5.165002346038818
critical,8,ambiguous,long,comma,nonfinal,9,9,came,15.00343894958496
critical,8,ambiguous,long,comma,nonfinal,9,10,back,6.722336769104004
critical,8,ambiguous,long,comma,nonfinal,9,11,on,3.312526226043701
critical,8,ambiguous,long,comma,nonfinal,9,12,stage,1.2387428283691406
critical,8,ambiguous,long,comma,nonfinal,9,13,and,2.5569472312927246
critical,8,ambiguous,long,comma,nonfinal,9,14,waived.,23.991180896759037
critical,8,unambiguous,short,comma,nonfinal,6,0,As,20.799320220947266
critical,8,unambiguous,short,comma,nonfinal,6,1,the,4.015208721160889
critical,8,unambiguous,short,comma,nonfinal,6,2,crowd,12.600763320922852
critical,8,unambiguous,short,comma,nonfinal,6,3,"applauded,",8.94396460056305
critical,8,unambiguous,short,comma,nonfinal,6,4,the,2.5968003273010254
critical,8,unambiguous,short,comma,nonfinal,6,5,cast,13.607083320617676
critical,8,unambiguous,short,comma,nonfinal,6,6,came,7.183235168457031
critical,8,unambiguous,short,comma,nonfinal,6,7,back,3.133391857147217
critical,8,unambiguous,short,comma,nonfinal,6,8,on,0.9712974429130554
critical,8,unambiguous,short,comma,nonfinal,6,9,stage,0.1459843814373016
critical,8,unambiguous,short,comma,nonfinal,6,10,and,3.156346559524536
critical,8,unambiguous,short,comma,nonfinal,6,11,waived.,21.30612325668335
critical,8,unambiguous,long,comma,nonfinal,9,0,As,20.799320220947266
critical,8,unambiguous,long,comma,nonfinal,9,1,the,4.015208721160889
critical,8,unambiguous,long,comma,nonfinal,9,2,crowd,12.600763320922852
critical,8,unambiguous,long,comma,nonfinal,9,3,"applauded,",8.94396460056305
critical,8,unambiguous,long,comma,nonfinal,9,4,the,2.5968003273010254
critical,8,unambiguous,long,comma,nonfinal,9,5,cast,13.607083320617676
critical,8,unambiguous,long,comma,nonfinal,9,6,for,13.845365524291992
critical,8,unambiguous,long,comma,nonfinal,9,7,the,1.2434372901916504
critical,8,unambiguous,long,comma,nonfinal,9,8,play,2.8333301544189453
critical,8,unambiguous,long,comma,nonfinal,9,9,came,5.921695709228516
critical,8,unambiguous,long,comma,nonfinal,9,10,back,5.4913649559021
critical,8,unambiguous,long,comma,nonfinal,9,11,on,0.8728848695755005
critical,8,unambiguous,long,comma,nonfinal,9,12,stage,0.1510117799043655
critical,8,unambiguous,long,comma,nonfinal,9,13,and,3.060267448425293
critical,8,unambiguous,long,comma,nonfinal,9,14,waived.,20.74958562850952
critical,9,ambiguous,short,object,nonfinal,6,0,Because,23.04510307312012
critical,9,ambiguous,short,object,nonfinal,6,1,the,2.1916396617889404
critical,9,ambiguous,short,object,nonfinal,6,2,mechanic,16.19549560546875
critical,9,ambiguous,short,object,nonfinal,6,3,stopped,11.289827346801758
critical,9,ambiguous,short,object,nonfinal,6,4,the,3.387263059616089
critical,9,ambiguous,short,object,nonfinal,6,5,truck,5.602545261383057
critical,9,ambiguous,short,object,nonfinal,6,6,needed,16.702022552490234
critical,9,ambiguous,short,object,nonfinal,6,7,several,8.6163911819458
critical,9,ambiguous,short,object,nonfinal,6,8,more,4.676527500152588
critical,9,ambiguous,short,object,nonfinal,6,9,hours,2.106085777282715
critical,9,ambiguous,short,object,nonfinal,6,10,before,7.042216300964356
critical,9,ambiguous,short,object,nonfinal,6,11,it,1.839903473854065
critical,9,ambiguous,short,object,nonfinal,6,12,was,1.5893232822418213
critical,9,ambiguous,short,object,nonfinal,6,13,ready.,6.908452272415161
critical,9,ambiguous,long,object,nonfinal,8,0,Because,23.04510307312012
critical,9,ambiguous,long,object,nonfinal,8,1,the,2.1916396617889404
critical,9,ambiguous,long,object,nonfinal,8,2,mechanic,16.19549560546875
critical,9,ambiguous,long,object,nonfinal,8,3,stopped,11.289827346801758
critical,9,ambiguous,long,object,nonfinal,8,4,the,3.387263059616089
critical,9,ambiguous,long,object,nonfinal,8,5,truck,5.602545261383057
critical,9,ambiguous,long,object,nonfinal,8,6,leaking,16.98790168762207
critical,9,ambiguous,long,object,nonfinal,8,7,oil,1.1842312812805176
critical,9,ambiguous,long,object,nonfinal,8,8,needed,15.798418045043944
critical,9,ambiguous,long,object,nonfinal,8,9,several,10.718560218811035
critical,9,ambiguous,long,object,nonfinal,8,10,more,5.385621547698975
critical,9,ambiguous,long,object,nonfinal,8,11,hours,2.267592668533325
critical,9,ambiguous,long,object,nonfinal,8,12,before,6.839059352874756
critical,9,ambiguous,long,object,nonfinal,8,13,it,3.235720157623291
critical,9,ambiguous,long,object,nonfinal,8,14,was,1.5291184186935425
critical,9,ambiguous,long,object,nonfinal,8,15,ready.,9.44233465194702
critical,9,unambiguous,short,object,nonfinal,8,0,Because,23.04510307312012
critical,9,unambiguous,short,object,nonfinal,8,1,the,2.1916396617889404
critical,9,unambiguous,short,object,nonfinal,8,2,mechanic,16.19549560546875
critical,9,unambiguous,short,object,nonfinal,8,3,stopped,11.289827346801758
critical,9,unambiguous,short,object,nonfinal,8,4,the,3.387263059616089
critical,9,unambiguous,short,object,nonfinal,8,5,repairs,9.18352508544922
critical,9,unambiguous,short,object,nonfinal,8,6,the,6.931162357330322
critical,9,unambiguous,short,object,nonfinal,8,7,truck,6.879658222198486
critical,9,unambiguous,short,object,nonfinal,8,8,needed,5.661867141723633
critical,9,unambiguous,short,object,nonfinal,8,9,several,9.980216026306152
critical,9,unambiguous,short,object,nonfinal,8,10,more,2.761188268661499
critical,9,unambiguous,short,object,nonfinal,8,11,hours,1.3944188356399536
critical,9,unambiguous,short,object,nonfinal,8,12,before,6.106649875640869
critical,9,unambiguous,short,object,nonfinal,8,13,it,1.6435267925262451
critical,9,unambiguous,short,object,nonfinal,8,14,was,1.1626055240631104
critical,9,unambiguous,short,object,nonfinal,8,15,ready.,6.639900803565979
critical,9,unambiguous,long,object,nonfinal,10,0,Because,23.04510307312012
critical,9,unambiguous,long,object,nonfinal,10,1,the,2.1916396617889404
critical,9,unambiguous,long,object,nonfinal,10,2,mechanic,16.19549560546875
critical,9,unambiguous,long,object,nonfinal,10,3,stopped,11.289827346801758
critical,9,unambiguous,long,object,nonfinal,10,4,the,3.387263059616089
critical,9,unambiguous,long,object,nonfinal,10,5,repairs,9.18352508544922
critical,9,unambiguous,long,object,nonfinal,10,6,the,6.931162357330322
critical,9,unambiguous,long,object,nonfinal,10,7,truck,6.879658222198486
critical,9,unambiguous,long,object,nonfinal,10,8,leaking,18.485485076904297
critical,9,unambiguous,long,object,nonfinal,10,9,oil,1.1896356344223022
critical,9,unambiguous,long,object,nonfinal,10,10,needed,10.060547828674316
critical,9,unambiguous,long,object,nonfinal,10,11,several,10.079278945922852
critical,9,unambiguous,long,object,nonfinal,10,12,more,2.911916732788086
critical,9,unambiguous,long,object,nonfinal,10,13,hours,1.3722591400146484
critical,9,unambiguous,long,object,nonfinal,10,14,before,6.723019123077393
critical,9,unambiguous,long,object,nonfinal,10,15,it,2.079685688018799
critical,9,unambiguous,long,object,nonfinal,10,16,was,1.4261049032211304
critical,9,unambiguous,long,object,nonfinal,10,17,ready.,9.032889366149902
critical,10,ambiguous,short,comma,nonfinal,6,0,When,19.15230369567871
critical,10,ambiguous,short,comma,nonfinal,6,1,the,2.9921624660491943
critical,10,ambiguous,short,comma,nonfinal,6,2,boy,10.50501537322998
critical,10,ambiguous,short,comma,nonfinal,6,3,hid,13.582829475402832
critical,10,ambiguous,short,comma,nonfinal,6,4,his,2.788752317428589
critical,10,ambiguous,short,comma,nonfinal,6,5,toy,7.17448616027832
critical,10,ambiguous,short,comma,nonfinal,6,6,fell,19.447036743164062
critical,10,ambiguous,short,comma,nonfinal,6,7,off,2.709821939468384
critical,10,ambiguous,short,comma,nonfinal,6,8,the,0.6543733477592468
critical,10,ambiguous,short,comma,nonfinal,6,9,table.,3.850875854492188
critical,10,ambiguous,long,comma,nonfinal,8,0,When,19.15230369567871
critical,10,ambiguous,long,comma,nonfinal,8,1,the,2.9921624660491943
critical,10,ambiguous,long,comma,nonfinal,8,2,boy,10.50501537322998
critical,10,ambiguous,long,comma,nonfinal,8,3,hid,13.582829475402832
critical,10,ambiguous,long,comma,nonfinal,8,4,his,2.788752317428589
critical,10,ambiguous,long,comma,nonfinal,8,5,toy,7.17448616027832
critical,10,ambiguous,long,comma,nonfinal,8,6,from,3.57275390625
critical,10,ambiguous,long,comma,nonfinal,8,7,childhood,18.19589614868164
critical,10,ambiguous,long,comma,nonfinal,8,8,fell,17.966402053833008
critical,10,ambiguous,long,comma,nonfinal,8,9,off,3.5868067741394043
critical,10,ambiguous,long,comma,nonfinal,8,10,the,0.5891850590705872
critical,10,ambiguous,long,comma,nonfinal,8,11,table.,7.419837951660156
critical,10,unambiguous,short,comma,nonfinal,6,0,When,19.15230369567871
critical,10,unambiguous,short,comma,nonfinal,6,1,the,2.9921624660491943
critical,10,unambiguous,short,comma,nonfinal,6,2,boy,10.50501537322998
critical,10,unambiguous,short,comma,nonfinal,6,3,"hid,",18.374197483062744
critical,10,unambiguous,short,comma,nonfinal,6,4,his,3.737964391708374
critical,10,unambiguous,short,comma,nonfinal,6,5,toy,9.874094009399414
critical,10,unambiguous,short,comma,nonfinal,6,6,fell,5.156133651733398
critical,10,unambiguous,short,comma,nonfinal,6,7,off,2.776463031768799
critical,10,unambiguous,short,comma,nonfinal,6,8,the,0.9501450061798096
critical,10,unambiguous,short,comma,nonfinal,6,9,table.,3.3794755935668945
critical,10,unambiguous,long,comma,nonfinal,8,0,When,19.15230369567871
critical,10,unambiguous,long,comma,nonfinal,8,1,the,2.9921624660491943
critical,10,unambiguous,long,comma,nonfinal,8,2,boy,10.50501537322998
critical,10,unambiguous,long,comma,nonfinal,8,3,"hid,",18.374197483062744
critical,10,unambiguous,long,comma,nonfinal,8,4,his,3.737964391708374
critical,10,unambiguous,long,comma,nonfinal,8,5,toy,9.874094009399414
critical,10,unambiguous,long,comma,nonfinal,8,6,from,11.280410766601562
critical,10,unambiguous,long,comma,nonfinal,8,7,childhood,12.521912574768066
critical,10,unambiguous,long,comma,nonfinal,8,8,fell,4.947261333465576
critical,10,unambiguous,long,comma,nonfinal,8,9,off,4.03620719909668
critical,10,unambiguous,long,comma,nonfinal,8,10,the,0.8931238055229187
critical,10,unambiguous,long,comma,nonfinal,8,11,table.,3.6434208154678345
critical,11,ambiguous,short,comma,final,10,0,Whenever,22.980854034423828
critical,11,ambiguous,short,comma,final,10,1,the,2.961312770843506
critical,11,ambiguous,short,comma,final,10,2,wildlife,16.03000259399414
critical,11,ambiguous,short,comma,final,10,3,documentary,10.790061950683594
critical,11,ambiguous,short,comma,final,10,4,crew,6.688106536865234
critical,11,ambiguous,short,comma,final,10,5,tries,9.797037124633787
critical,11,ambiguous,short,comma,final,10,6,to,0.065504752099514
critical,11,ambiguous,short,comma,final,10,7,film,3.461716413497925
critical,11,ambiguous,short,comma,final,10,8,the,2.295027256011963
critical,11,ambiguous,short,comma,final,10,9,bear,7.518511772155762
critical,11,ambiguous,short,comma,final,10,10,leaves.,22.29302263259888
critical,11,ambiguous,long,comma,final,12,0,Whenever,22.980854034423828
critical,11,ambiguous,long,comma,final,12,1,the,2.961312770843506
critical,11,ambiguous,long,comma,final,12,2,wildlife,16.03000259399414
critical,11,ambiguous,long,comma,final,12,3,documentary,10.790061950683594
critical,11,ambiguous,long,comma,final,12,4,crew,6.688106536865234
critical,11,ambiguous,long,comma,final,12,5,tries,9.797037124633787
critical,11,ambiguous,long,comma,final,12,6,to,0.065504752099514
critical,11,ambiguous,long,comma,final,12,7,film,3.461716413497925
critical,11,ambiguous,long,comma,final,12,8,the,2.295027256011963
critical,11,ambiguous,long,comma,final,12,9,bear,7.518511772155762
critical,11,ambiguous,long,comma,final,12,10,hunting,7.953820705413818
critical,11,ambiguous,long,comma,final,12,11,cautiously,20.866212844848636
critical,11,ambiguous,long,comma,final,12,12,leaves.,18.869134187698364
critical,11,unambiguous,short,comma,final,10,0,Whenever,22.980854034423828
critical,11,unambiguous,short,comma,final,10,1,the,2.961312770843506
critical,11,unambiguous,short,comma,final,10,2,wildlife,16.03000259399414
critical,11,unambiguous,short,comma,final,10,3,documentary,10.790061950683594
critical,11,unambiguous,short,comma,final,10,4,crew,6.688106536865234
critical,11,unambiguous,short,comma,final,10,5,tries,9.797037124633787
critical,11,unambiguous,short,comma,final,10,6,to,0.065504752099514
critical,11,unambiguous,short,comma,final,10,7,"film,",8.379289388656616
critical,11,unambiguous,short,comma,final,10,8,the,2.013911247253418
critical,11,unambiguous,short,comma,final,10,9,bear,6.200392723083496
critical,11,unambiguous,short,comma,final,10,10,leaves.,7.9838831424713135
critical,11,unambiguous,long,comma,final,12,0,Whenever,22.980854034423828
critical,11,unambiguous,long,comma,final,12,1,the,2.961312770843506
critical,11,unambiguous,long,comma,final,12,2,wildlife,16.03000259399414
critical,11,unambiguous,long,comma,final,12,3,documentary,10.790061950683594
critical,11,unambiguous,long,comma,final,12,4,crew,6.688106536865234
critical,11,unambiguous,long,comma,final,12,5,tries,9.797037124633787
critical,11,unambiguous,long,comma,final,12,6,to,0.065504752099514
critical,11,unambiguous,long,comma,final,12,7,"film,",8.379289388656616
critical,11,unambiguous,long,comma,final,12,8,the,2.013911247253418
critical,11,unambiguous,long,comma,final,12,9,bear,6.200392723083496
critical,11,unambiguous,long,comma,final,12,10,hunting,18.125656127929688
critical,11,unambiguous,long,comma,final,12,11,cautiously,18.980398178100582
critical,11,unambiguous,long,comma,final,12,12,leaves.,11.94011163711548
critical,12,ambiguous,short,object,nonfinal,6,0,After,20.752695083618164
critical,12,ambiguous,short,object,nonfinal,6,1,the,3.0259177684783936
critical,12,ambiguous,short,object,nonfinal,6,2,tutor,14.578717231750488
critical,12,ambiguous,short,object,nonfinal,6,3,explained,5.549792289733887
critical,12,ambiguous,short,object,nonfinal,6,4,the,0.9861650466918944
critical,12,ambiguous,short,object,nonfinal,6,5,problem,2.6330487728118896
critical,12,ambiguous,short,object,nonfinal,6,6,was,10.841880798339844
critical,12,ambiguous,short,object,nonfinal,6,7,no,7.456256866455078
critical,12,ambiguous,short,object,nonfinal,6,8,longer,1.8316785097122192
critical,12,ambiguous,short,object,nonfinal,6,9,difficult,3.64650559425354
critical,12,ambiguous,short,object,nonfinal,6,10,for,2.859089136123657
critical,12,ambiguous,short,object,nonfinal,6,11,the,2.088593006134033
critical,12,ambiguous,short,object,nonfinal,6,12,student.,3.718597948551178
critical,12,ambiguous,long,object,nonfinal,9,0,After,20.752695083618164
critical,12,ambiguous,long,object,nonfinal,9,1,the,3.0259177684783936
critical,12,ambiguous,long,object,nonfinal,9,2,tutor,14.578717231750488
critical,12,ambiguous,long,object,nonfinal,9,3,explained,5.549792289733887
critical,12,ambiguous,long,object,nonfinal,9,4,the,0.9861650466918944
critical,12,ambiguous,long,object,nonfinal,9,5,problem,2.6330487728118896
critical,12,ambiguous,long,object,nonfinal,9,6,for,7.667421340942383
critical,12,ambiguous,long,object,nonfinal,9,7,extra,11.283794403076172
critical,12,ambiguous,long,object,nonfinal,9,8,credit,2.0932765007019043
critical,12,ambiguous,long,object,nonfinal,9,9,was,12.783708572387695
critical,12,ambiguous,long,object,nonfinal,9,10,no,7.713785171508789
critical,12,ambiguous,long,object,nonfinal,9,11,longer,0.923345983028412
critical,12,ambiguous,long,object,nonfinal,9,12,difficult,6.779233932495117
critical,12,ambiguous,long,object,nonfinal,9,13,for,1.9844293594360352
critical,12,ambiguous,long,object,nonfinal,9,14,the,2.549553394317627
critical,12,ambiguous,long,object,nonfinal,9,15,student.,3.278795599937439
critical,12,unambiguous,short,object,nonfinal,8,0,After,20.752695083618164
critical,12,unambiguous,short,object,nonfinal,8,1,the,3.0259177684783936
critical,12,unambiguous,short,object,nonfinal,8,2,tutor,14.578717231750488
critical,12,unambiguous,short,object,nonfinal,8,3,explained,5.549792289733887
critical,12,unambiguous,short,object,nonfinal,8,4,the,0.9861650466918944
critical,12,unambiguous,short,object,nonfinal,8,5,concepts,4.806092262268066
critical,12,unambiguous,short,object,nonfinal,8,6,the,6.798367023468018
critical,12,unambiguous,short,object,nonfinal,8,7,problem,7.692671298980713
critical,12,unambiguous,short,object,nonfinal,8,8,was,2.322750806808472
critical,12,unambiguous,short,object,nonfinal,8,9,no,6.944797039031982
critical,12,unambiguous,short,object,nonfinal,8,10,longer,0.3388526141643524
critical,12,unambiguous,short,object,nonfinal,8,11,difficult,2.4750120639801025
critical,12,unambiguous,short,object,nonfinal,8,12,for,2.56353759765625
critical,12,unambiguous,short,object,nonfinal,8,13,the,1.7938919067382812
critical,12,unambiguous,short,object,nonfinal,8,14,student.,2.361574947834015
critical,12,unambiguous,long,object,nonfinal,11,0,After,20.752695083618164
critical,12,unambiguous,long,object,nonfinal,11,1,the,3.0259177684783936
critical,12,unambiguous,long,object,nonfinal,11,2,tutor,14.578717231750488
critical,12,unambiguous,long,object,nonfinal,11,3,explained,5.549792289733887
critical,12,unambiguous,long,object,nonfinal,11,4,the,0.9861650466918944
critical,12,unambiguous,long,object,nonfinal,11,5,concepts,4.806092262268066
critical,12,unambiguous,long,object,nonfinal,11,6,the,6.798367023468018
critical,12,unambiguous,long,object,nonfinal,11,7,problem,7.692671298980713
critical,12,unambiguous,long,object,nonfinal,11,8,for,7.909963607788086
critical,12,unambiguous,long,object,nonfinal,11,9,extra,9.736532211303713
critical,12,unambiguous,long,object,nonfinal,11,10,credit,0.900184690952301
critical,12,unambiguous,long,object,nonfinal,11,11,was,1.584763765335083
critical,12,unambiguous,long,object,nonfinal,11,12,no,9.297128677368164
critical,12,unambiguous,long,object,nonfinal,11,13,longer,0.7439529299736023
critical,12,unambiguous,long,object,nonfinal,11,14,difficult,4.680847644805908
critical,12,unambiguous,long,object,nonfinal,11,15,for,2.4173550605773926
critical,12,unambiguous,long,object,nonfinal,11,16,the,2.546165943145752
critical,12,unambiguous,long,object,nonfinal,11,17,student.,3.04069721698761
critical,13,ambiguous,short,object,final,7,0,When,19.15230369567871
critical,13,ambiguous,short,object,final,7,1,the,2.9921624660491943
critical,13,ambiguous,short,object,final,7,2,original,9.676956176757812
critical,13,ambiguous,short,object,final,7,3,members,12.919581413269045
critical,13,ambiguous,short,object,final,7,4,left,7.034968376159668
critical,13,ambiguous,short,object,final,7,5,the,2.177410364151001
critical,13,ambiguous,short,object,final,7,6,company,3.837736368179321
critical,13,ambiguous,short,object,final,7,7,failed.,26.22010946273804
critical,13,ambiguous,long,object,final,11,0,When,19.15230369567871
critical,13,ambiguous,long,object,final,11,1,the,2.9921624660491943
critical,13,ambiguous,long,object,final,11,2,original,9.676956176757812
critical,13,ambiguous,long,object,final,11,3,members,12.919581413269045
critical,13,ambiguous,long,object,final,11,4,left,7.034968376159668
critical,13,ambiguous,long,object,final,11,5,the,2.177410364151001
critical,13,ambiguous,long,object,final,11,6,company,3.837736368179321
critical,13,ambiguous,long,object,final,11,7,that,9.155877113342283
critical,13,ambiguous,long,object,final,11,8,was,3.216078281402588
critical,13,ambiguous,long,object,final,11,9,recently,9.526082992553713
critical,13,ambiguous,long,object,final,11,10,acquired,1.6898354291915894
critical,13,ambiguous,long,object,final,11,11,failed.,25.90660333633423
critical,13,unambiguous,short,object,final,10,0,When,19.15230369567871
critical,13,unambiguous,short,object,final,10,1,the,2.9921624660491943
critical,13,unambiguous,short,object,final,10,2,original,9.676956176757812
critical,13,unambiguous,short,object,final,10,3,members,12.919581413269045
critical,13,unambiguous,short,object,final,10,4,left,7.034968376159668
critical,13,unambiguous,short,object,final,10,5,the,2.177410364151001
critical,13,unambiguous,short,object,final,10,6,engineering,13.571550369262695
critical,13,unambiguous,short,object,final,10,7,team,4.659298896789551
critical,13,unambiguous,short,object,final,10,8,the,7.564906120300293
critical,13,unambiguous,short,object,final,10,9,company,4.992807865142822
critical,13,unambiguous,short,object,final,10,10,failed.,13.87026596069336
critical,13,unambiguous,long,object,final,14,0,When,19.15230369567871
critical,13,unambiguous,long,object,final,14,1,the,2.9921624660491943
critical,13,unambiguous,long,object,final,14,2,original,9.676956176757812
critical,13,unambiguous,long,object,final,14,3,members,12.919581413269045
critical,13,unambiguous,long,object,final,14,4,left,7.034968376159668
critical,13,unambiguous,long,object,final,14,5,the,2.177410364151001
critical,13,unambiguous,long,object,final,14,6,engineering,13.571550369262695
critical,13,unambiguous,long,object,final,14,7,team,4.659298896789551
critical,13,unambiguous,long,object,final,14,8,the,7.564906120300293
critical,13,unambiguous,long,object,final,14,9,company,4.992807865142822
critical,13,unambiguous,long,object,final,14,10,that,7.67853832244873
critical,13,unambiguous,long,object,final,14,11,was,3.510262250900269
critical,13,unambiguous,long,object,final,14,12,recently,10.30120086669922
critical,13,unambiguous,long,object,final,14,13,acquired,2.510979652404785
critical,13,unambiguous,long,object,final,14,14,failed.,16.036376953125
critical,14,ambiguous,short,object,nonfinal,6,0,Because,23.04510307312012
critical,14,ambiguous,short,object,nonfinal,6,1,the,2.1916396617889404
critical,14,ambiguous,short,object,nonfinal,6,2,student,10.933615684509276
critical,14,ambiguous,short,object,nonfinal,6,3,left,11.148674964904783
critical,14,ambiguous,short,object,nonfinal,6,4,the,1.7529737949371338
critical,14,ambiguous,short,object,nonfinal,6,5,backpack,12.936904907226562
critical,14,ambiguous,short,object,nonfinal,6,6,was,13.850471496582031
critical,14,ambiguous,short,object,nonfinal,6,7,put,7.537538528442383
critical,14,ambiguous,short,object,nonfinal,6,8,in,1.9216763973236084
critical,14,ambiguous,short,object,nonfinal,6,9,lost,11.203909873962402
critical,14,ambiguous,short,object,nonfinal,6,10,and,0.1826180517673492
critical,14,ambiguous,short,object,nonfinal,6,11,found.,3.114644378423691
critical,14,ambiguous,long,object,nonfinal,9,0,Because,23.04510307312012
critical,14,ambiguous,long,object,nonfinal,9,1,the,2.1916396617889404
critical,14,ambiguous,long,object,nonfinal,9,2,student,10.933615684509276
critical,14,ambiguous,long,object,nonfinal,9,3,left,11.148674964904783
critical,14,ambiguous,long,object,nonfinal,9,4,the,1.7529737949371338
critical,14,ambiguous,long,object,nonfinal,9,5,backpack,12.936904907226562
critical,14,ambiguous,long,object,nonfinal,9,6,he,8.746052742004395
critical,14,ambiguous,long,object,nonfinal,9,7,just,7.730298042297363
critical,14,ambiguous,long,object,nonfinal,9,8,bought,6.40284538269043
critical,14,ambiguous,long,object,nonfinal,9,9,was,12.430965423583984
critical,14,ambiguous,long,object,nonfinal,9,10,put,9.323809623718262
critical,14,ambiguous,long,object,nonfinal,9,11,in,1.4425904750823977
critical,14,ambiguous,long,object,nonfinal,9,12,lost,11.24797248840332
critical,14,ambiguous,long,object,nonfinal,9,13,and,0.1107513234019279
critical,14,ambiguous,long,object,nonfinal,9,14,found.,3.6953264772892
critical,14,unambiguous,short,object,nonfinal,8,0,Because,23.04510307312012
critical,14,unambiguous,short,object,nonfinal,8,1,the,2.1916396617889404
critical,14,unambiguous,short,object,nonfinal,8,2,student,10.933615684509276
critical,14,unambiguous,short,object,nonfinal,8,3,left,11.148674964904783
critical,14,unambiguous,short,object,nonfinal,8,4,the,1.7529737949371338
critical,14,unambiguous,short,object,nonfinal,8,5,room,2.864463329315185
critical,14,unambiguous,short,object,nonfinal,8,6,the,6.740630149841309
critical,14,unambiguous,short,object,nonfinal,8,7,backpack,15.389188766479492
critical,14,unambiguous,short,object,nonfinal,8,8,was,1.7422475814819336
critical,14,unambiguous,short,object,nonfinal,8,9,put,5.65757417678833
critical,14,unambiguous,short,object,nonfinal,8,10,in,1.8845363855361936
critical,14,unambiguous,short,object,nonfinal,8,11,lost,13.661767959594728
critical,14,unambiguous,short,object,nonfinal,8,12,and,0.3603903353214264
critical,14,unambiguous,short,object,nonfinal,8,13,found.,2.1992233470082283
critical,14,unambiguous,long,object,nonfinal,11,0,Because,23.04510307312012
critical,14,unambiguous,long,object,nonfinal,11,1,the,2.1916396617889404
critical,14,unambiguous,long,object,nonfinal,11,2,student,10.933615684509276
critical,14,unambiguous,long,object,nonfinal,11,3,left,11.148674964904783
critical,14,unambiguous,long,object,nonfinal,11,4,the,1.7529737949371338
critical,14,unambiguous,long,object,nonfinal,11,5,room,2.864463329315185
critical,14,unambiguous,long,object,nonfinal,11,6,the,6.740630149841309
critical,14,unambiguous,long,object,nonfinal,11,7,backpack,15.389188766479492
critical,14,unambiguous,long,object,nonfinal,11,8,he,7.90084981918335
critical,14,unambiguous,long,object,nonfinal,11,9,just,8.294106483459473
critical,14,unambiguous,long,object,nonfinal,11,10,bought,5.877051830291748
critical,14,unambiguous,long,object,nonfinal,11,11,was,2.165377140045166
critical,14,unambiguous,long,object,nonfinal,11,12,put,6.574888706207275
critical,14,unambiguous,long,object,nonfinal,11,13,in,1.7199503183364868
critical,14,unambiguous,long,object,nonfinal,11,14,lost,12.821215629577637
critical,14,unambiguous,long,object,nonfinal,11,15,and,0.212884247303009
critical,14,unambiguous,long,object,nonfinal,11,16,found.,1.9705387316644192
critical,15,ambiguous,short,object,nonfinal,7,0,Once,24.26518440246582
critical,15,ambiguous,short,object,nonfinal,7,1,the,3.2263808250427246
critical,15,ambiguous,short,object,nonfinal,7,2,new,7.753437519073486
critical,15,ambiguous,short,object,nonfinal,7,3,assistant,15.350292205810549
critical,15,ambiguous,short,object,nonfinal,7,4,started,9.747443199157717
critical,15,ambiguous,short,object,nonfinal,7,5,the,4.636280536651611
critical,15,ambiguous,short,object,nonfinal,7,6,job,4.382076740264893
critical,15,ambiguous,short,object,nonfinal,7,7,became,17.451200485229492
critical,15,ambiguous,short,object,nonfinal,7,8,much,3.8267569541931152
critical,15,ambiguous,short,object,nonfinal,7,9,easier,1.5318646430969238
critical,15,ambiguous,short,object,nonfinal,7,10,for,2.826258420944214
critical,15,ambiguous,short,object,nonfinal,7,11,her,4.383232593536377
critical,15,ambiguous,short,object,nonfinal,7,12,boss.,6.745294570922852
critical,15,ambiguous,long,object,nonfinal,11,0,Once,24.26518440246582
critical,15,ambiguous,long,object,nonfinal,11,1,the,3.2263808250427246
critical,15,ambiguous,long,object,nonfinal,11,2,new,7.753437519073486
critical,15,ambiguous,long,object,nonfinal,11,3,assistant,15.350292205810549
critical,15,ambiguous,long,object,nonfinal,11,4,started,9.747443199157717
critical,15,ambiguous,long,object,nonfinal,11,5,the,4.636280536651611
critical,15,ambiguous,long,object,nonfinal,11,6,job,4.382076740264893
critical,15,ambiguous,long,object,nonfinal,11,7,as,8.408044815063477
critical,15,ambiguous,long,object,nonfinal,11,8,an,4.045928955078125
critical,15,ambiguous,long,object,nonfinal,11,9,executive,7.282303810119629
critical,15,ambiguous,long,object,nonfinal,11,10,manager,6.657060623168945
critical,15,ambiguous,long,object,nonfinal,11,11,became,18.23021125793457
critical,15,ambiguous,long,object,nonfinal,11,12,much,8.155216217041016
critical,15,ambiguous,long,object,nonfinal,11,13,easier,1.9043598175048828
critical,15,ambiguous,long,object,nonfinal,11,14,for,3.475268602371216
critical,15,ambiguous,long,object,nonfinal,11,15,her,3.7146244049072266
critical,15,ambiguous,long,object,nonfinal,11,16,boss.,6.579852342605591
critical,15,unambiguous,short,object,nonfinal,8,0,Once,24.26518440246582
critical,15,unambiguous,short,object,nonfinal,8,1,the,3.2263808250427246
critical,15,unambiguous,short,object,nonfinal,8,2,new,7.753437519073486
critical,15,unambiguous,short,object,nonfinal,8,3,assistant,15.350292205810549
critical,15,unambiguous,short,object,nonfinal,8,4,started,9.747443199157717
critical,15,unambiguous,short,object,nonfinal,8,5,work,5.161237716674805
critical,15,unambiguous,short,object,nonfinal,8,6,the,5.981947422027588
critical,15,unambiguous,short,object,nonfinal,8,7,job,8.913387298583984
critical,15,unambiguous,short,object,nonfinal,8,8,became,3.9081997871398926
critical,15,unambiguous,short,object,nonfinal,8,9,much,2.84648060798645
critical,15,unambiguous,short,object,nonfinal,8,10,easier,1.528950572013855
critical,15,unambiguous,short,object,nonfinal,8,11,for,3.5135698318481445
critical,15,unambiguous,short,object,nonfinal,8,12,her,4.110057830810547
critical,15,unambiguous,short,object,nonfinal,8,13,boss.,6.706261157989502
critical,15,unambiguous,long,object,nonfinal,12,0,Once,24.26518440246582
critical,15,unambiguous,long,object,nonfinal,12,1,the,3.2263808250427246
critical,15,unambiguous,long,object,nonfinal,12,2,new,7.753437519073486
critical,15,unambiguous,long,object,nonfinal,12,3,assistant,15.350292205810549
critical,15,unambiguous,long,object,nonfinal,12,4,started,9.747443199157717
critical,15,unambiguous,long,object,nonfinal,12,5,work,5.161237716674805
critical,15,unambiguous,long,object,nonfinal,12,6,the,5.981947422027588
critical,15,unambiguous,long,object,nonfinal,12,7,job,8.913387298583984
critical,15,unambiguous,long,object,nonfinal,12,8,as,9.516655921936035
critical,15,unambiguous,long,object,nonfinal,12,9,an,6.724513530731201
critical,15,unambiguous,long,object,nonfinal,12,10,executive,8.010035514831543
critical,15,unambiguous,long,object,nonfinal,12,11,manager,6.316465854644775
critical,15,unambiguous,long,object,nonfinal,12,12,became,9.31070327758789
critical,15,unambiguous,long,object,nonfinal,12,13,much,4.551458835601807
critical,15,unambiguous,long,object,nonfinal,12,14,easier,1.0575640201568604
critical,15,unambiguous,long,object,nonfinal,12,15,for,3.0650224685668945
critical,15,unambiguous,long,object,nonfinal,12,16,her,3.9583582878112793
critical,15,unambiguous,long,object,nonfinal,12,17,boss.,4.287587881088257
critical,16,ambiguous,short,object,nonfinal,8,0,When,19.15230369567871
critical,16,ambiguous,short,object,nonfinal,8,1,the,2.9921624660491943
critical,16,ambiguous,short,object,nonfinal,8,2,magician,14.57255744934082
critical,16,ambiguous,short,object,nonfinal,8,3,tried,10.83705234527588
critical,16,ambiguous,short,object,nonfinal,8,4,to,0.4081850051879883
critical,16,ambiguous,short,object,nonfinal,8,5,juggle,11.28487954288721
critical,16,ambiguous,short,object,nonfinal,8,6,the,4.643980026245117
critical,16,ambiguous,short,object,nonfinal,8,7,torches,11.36999213695526
critical,16,ambiguous,short,object,nonfinal,8,8,fell,20.700368881225582
critical,16,ambiguous,short,object,nonfinal,8,9,down.,6.568989038467407
critical,16,ambiguous,long,object,nonfinal,10,0,When,19.15230369567871
critical,16,ambiguous,long,object,nonfinal,10,1,the,2.9921624660491943
critical,16,ambiguous,long,object,nonfinal,10,2,magician,14.57255744934082
critical,16,ambiguous,long,object,nonfinal,10,3,tried,10.83705234527588
critical,16,ambiguous,long,object,nonfinal,10,4,to,0.4081850051879883
critical,16,ambiguous,long,object,nonfinal,10,5,juggle,11.28487954288721
critical,16,ambiguous,long,object,nonfinal,10,6,the,4.643980026245117
critical,16,ambiguous,long,object,nonfinal,10,7,torches,11.36999213695526
critical,16,ambiguous,long,object,nonfinal,10,8,burning,17.241838455200195
critical,16,ambiguous,long,object,nonfinal,10,9,dangerously,14.55654525756836
critical,16,ambiguous,long,object,nonfinal,10,10,fell,21.930011749267575
critical,16,ambiguous,long,object,nonfinal,10,11,down.,6.870959997177124
critical,16,unambiguous,short,object,nonfinal,10,0,When,19.15230369567871
critical,16,unambiguous,short,object,nonfinal,10,1,the,2.9921624660491943
critical,16,unambiguous,short,object,nonfinal,10,2,magician,14.57255744934082
critical,16,unambiguous,short,object,nonfinal,10,3,tried,10.83705234527588
critical,16,unambiguous,short,object,nonfinal,10,4,to,0.4081850051879883
critical,16,unambiguous,short,object,nonfinal,10,5,juggle,11.28487954288721
critical,16,unambiguous,short,object,nonfinal,10,6,more,5.686010360717773
critical,16,unambiguous,short,object,nonfinal,10,7,items,9.291912078857422
critical,16,unambiguous,short,object,nonfinal,10,8,the,8.428905487060547
critical,16,unambiguous,short,object,nonfinal,10,9,torches,15.403771758079529
critical,16,unambiguous,short,object,nonfinal,10,10,fell,7.147924900054932
critical,16,unambiguous,short,object,nonfinal,10,11,down.,7.098667740821838
critical,16,unambiguous,long,object,nonfinal,12,0,When,19.15230369567871
critical,16,unambiguous,long,object,nonfinal,12,1,the,2.9921624660491943
critical,16,unambiguous,long,object,nonfinal,12,2,magician,14.57255744934082
critical,16,unambiguous,long,object,nonfinal,12,3,tried,10.83705234527588
critical,16,unambiguous,long,object,nonfinal,12,4,to,0.4081850051879883
critical,16,unambiguous,long,object,nonfinal,12,5,juggle,11.28487954288721
critical,16,unambiguous,long,object,nonfinal,12,6,more,5.686010360717773
critical,16,unambiguous,long,object,nonfinal,12,7,items,9.291912078857422
critical,16,unambiguous,long,object,nonfinal,12,8,the,8.428905487060547
critical,16,unambiguous,long,object,nonfinal,12,9,torches,15.403771758079529
critical,16,unambiguous,long,object,nonfinal,12,10,burning,11.936144828796388
critical,16,unambiguous,long,object,nonfinal,12,11,dangerously,11.901405334472656
critical,16,unambiguous,long,object,nonfinal,12,12,fell,8.944180488586426
critical,16,unambiguous,long,object,nonfinal,12,13,down.,6.198761105537415
critical,17,ambiguous,short,comma,nonfinal,8,0,When,19.15230369567871
critical,17,ambiguous,short,comma,nonfinal,8,1,the,2.9921624660491943
critical,17,ambiguous,short,comma,nonfinal,8,2,marathon,16.173433303833008
critical,17,ambiguous,short,comma,nonfinal,8,3,runner,3.3753342628479004
critical,17,ambiguous,short,comma,nonfinal,8,4,finally,7.339410305023193
critical,17,ambiguous,short,comma,nonfinal,8,5,stopped,5.826923370361328
critical,17,ambiguous,short,comma,nonfinal,8,6,his,6.626208305358887
critical,17,ambiguous,short,comma,nonfinal,8,7,friend,11.612077713012695
critical,17,ambiguous,short,comma,nonfinal,8,8,collapsed,13.728364944458008
critical,17,ambiguous,short,comma,nonfinal,8,9,from,4.943117141723633
critical,17,ambiguous,short,comma,nonfinal,8,10,exhaustion.,2.15290915966034
critical,17,ambiguous,long,comma,nonfinal,10,0,When,19.15230369567871
critical,17,ambiguous,long,comma,nonfinal,10,1,the,2.9921624660491943
critical,17,ambiguous,long,comma,nonfinal,10,2,marathon,16.173433303833008
critical,17,ambiguous,long,comma,nonfinal,10,3,runner,3.3753342628479004
critical,17,ambiguous,long,comma,nonfinal,10,4,finally,7.339410305023193
critical,17,ambiguous,long,comma,nonfinal,10,5,stopped,5.826923370361328
critical,17,ambiguous,long,comma,nonfinal,10,6,his,6.626208305358887
critical,17,ambiguous,long,comma,nonfinal,10,7,friend,11.612077713012695
critical,17,ambiguous,long,comma,nonfinal,10,8,sweating,19.707918167114254
critical,17,ambiguous,long,comma,nonfinal,10,9,profusely,2.0862238481640816
critical,17,ambiguous,long,comma,nonfinal,10,10,collapsed,14.02992343902588
critical,17,ambiguous,long,comma,nonfinal,10,11,from,4.939958095550537
critical,17,ambiguous,long,comma,nonfinal,10,12,exhaustion.,3.5500301122665405
critical,17,unambiguous,short,comma,nonfinal,8,0,When,19.15230369567871
critical,17,unambiguous,short,comma,nonfinal,8,1,the,2.9921624660491943
critical,17,unambiguous,short,comma,nonfinal,8,2,marathon,16.173433303833008
critical,17,unambiguous,short,comma,nonfinal,8,3,runner,3.3753342628479004
critical,17,unambiguous,short,comma,nonfinal,8,4,finally,7.339410305023193
critical,17,unambiguous,short,comma,nonfinal,8,5,"stopped,",7.962738752365112
critical,17,unambiguous,short,comma,nonfinal,8,6,his,5.1265058517456055
critical,17,unambiguous,short,comma,nonfinal,8,7,friend,6.267620086669922
critical,17,unambiguous,short,comma,nonfinal,8,8,collapsed,14.35360336303711
critical,17,unambiguous,short,comma,nonfinal,8,9,from,4.432356357574463
critical,17,unambiguous,short,comma,nonfinal,8,10,exhaustion.,1.5879694819450378
critical,17,unambiguous,long,comma,nonfinal,10,0,When,19.15230369567871
critical,17,unambiguous,long,comma,nonfinal,10,1,the,2.9921624660491943
critical,17,unambiguous,long,comma,nonfinal,10,2,marathon,16.173433303833008
critical,17,unambiguous,long,comma,nonfinal,10,3,runner,3.3753342628479004
critical,17,unambiguous,long,comma,nonfinal,10,4,finally,7.339410305023193
critical,17,unambiguous,long,comma,nonfinal,10,5,"stopped,",7.962738752365112
critical,17,unambiguous,long,comma,nonfinal,10,6,his,5.1265058517456055
critical,17,unambiguous,long,comma,nonfinal,10,7,friend,6.267620086669922
critical,17,unambiguous,long,comma,nonfinal,10,8,sweating,21.858497619628903
critical,17,unambiguous,long,comma,nonfinal,10,9,profusely,1.9871591003611684
critical,17,unambiguous,long,comma,nonfinal,10,10,collapsed,12.310959815979004
critical,17,unambiguous,long,comma,nonfinal,10,11,from,5.628603935241699
critical,17,unambiguous,long,comma,nonfinal,10,12,exhaustion.,2.112780749797821
critical,18,ambiguous,short,comma,nonfinal,7,0,While,20.172754287719727
critical,18,ambiguous,short,comma,nonfinal,7,1,the,2.4930825233459477
critical,18,ambiguous,short,comma,nonfinal,7,2,martial,16.526662826538086
critical,18,ambiguous,short,comma,nonfinal,7,3,artists,6.658717155456543
critical,18,ambiguous,short,comma,nonfinal,7,4,fought,8.337834358215332
critical,18,ambiguous,short,comma,nonfinal,7,5,the,4.854495048522949
critical,18,ambiguous,short,comma,nonfinal,7,6,spectator,17.845169067382812
critical,18,ambiguous,short,comma,nonfinal,7,7,supported,12.460291862487791
critical,18,ambiguous,short,comma,nonfinal,7,8,the,1.7615067958831787
critical,18,ambiguous,short,comma,nonfinal,7,9,underdog.,12.589857697486876
critical,18,ambiguous,long,comma,nonfinal,9,0,While,20.172754287719727
critical,18,ambiguous,long,comma,nonfinal,9,1,the,2.4930825233459477
critical,18,ambiguous,long,comma,nonfinal,9,2,martial,16.526662826538086
critical,18,ambiguous,long,comma,nonfinal,9,3,artists,6.658717155456543
critical,18,ambiguous,long,comma,nonfinal,9,4,fought,8.337834358215332
critical,18,ambiguous,long,comma,nonfinal,9,5,the,4.854495048522949
critical,18,ambiguous,long,comma,nonfinal,9,6,spectator,17.845169067382812
critical,18,ambiguous,long,comma,nonfinal,9,7,cheering,11.303503036499023
critical,18,ambiguous,long,comma,nonfinal,9,8,enthusiastically,8.074002265930176
critical,18,ambiguous,long,comma,nonfinal,9,9,supported,9.948079109191896
critical,18,ambiguous,long,comma,nonfinal,9,10,the,2.210587978363037
critical,18,ambiguous,long,comma,nonfinal,9,11,underdog.,10.473746567964554
critical,18,unambiguous,short,comma,nonfinal,7,0,While,20.172754287719727
critical,18,unambiguous,short,comma,nonfinal,7,1,the,2.4930825233459477
critical,18,unambiguous,short,comma,nonfinal,7,2,martial,16.526662826538086
critical,18,unambiguous,short,comma,nonfinal,7,3,artists,6.658717155456543
critical,18,unambiguous,short,comma,nonfinal,7,4,"fought,",9.840624213218687
critical,18,unambiguous,short,comma,nonfinal,7,5,the,2.012422561645508
critical,18,unambiguous,short,comma,nonfinal,7,6,spectator,13.49494171142578
critical,18,unambiguous,short,comma,nonfinal,7,7,supported,12.942672729492188
critical,18,unambiguous,short,comma,nonfinal,7,8,the,1.7395232915878296
critical,18,unambiguous,short,comma,nonfinal,7,9,underdog.,10.144279718399048
critical,18,unambiguous,long,comma,nonfinal,9,0,While,20.172754287719727
critical,18,unambiguous,long,comma,nonfinal,9,1,the,2.4930825233459477
critical,18,unambiguous,long,comma,nonfinal,9,2,martial,16.526662826538086
critical,18,unambiguous,long,comma,nonfinal,9,3,artists,6.658717155456543
critical,18,unambiguous,long,comma,nonfinal,9,4,"fought,",9.840624213218687
critical,18,unambiguous,long,comma,nonfinal,9,5,the,2.012422561645508
critical,18,unambiguous,long,comma,nonfinal,9,6,spectator,13.49494171142578
critical,18,unambiguous,long,comma,nonfinal,9,7,cheering,11.461068153381348
critical,18,unambiguous,long,comma,nonfinal,9,8,enthusiastically,9.077596664428713
critical,18,unambiguous,long,comma,nonfinal,9,9,supported,8.05800724029541
critical,18,unambiguous,long,comma,nonfinal,9,10,the,1.7035280466079712
critical,18,unambiguous,long,comma,nonfinal,9,11,underdog.,10.660158827900888
critical,19,ambiguous,short,object,final,6,0,When,19.15230369567871
critical,19,ambiguous,short,object,final,6,1,the,2.9921624660491943
critical,19,ambiguous,short,object,final,6,2,band,12.440506935119627
critical,19,ambiguous,short,object,final,6,3,left,10.73122501373291
critical,19,ambiguous,short,object,final,6,4,the,1.4663240909576416
critical,19,ambiguous,short,object,final,6,5,venue,6.957996845245361
critical,19,ambiguous,short,object,final,6,6,closed.,23.2973895072937
critical,19,ambiguous,long,object,final,9,0,When,19.15230369567871
critical,19,ambiguous,long,object,final,9,1,the,2.9921624660491943
critical,19,ambiguous,long,object,final,9,2,band,12.440506935119627
critical,19,ambiguous,long,object,final,9,3,left,10.73122501373291
critical,19,ambiguous,long,object,final,9,4,the,1.4663240909576416
critical,19,ambiguous,long,object,final,9,5,venue,6.957996845245361
critical,19,ambiguous,long,object,final,9,6,with,7.522950172424316
critical,19,ambiguous,long,object,final,9,7,live,13.504886627197266
critical,19,ambiguous,long,object,final,9,8,music,1.5837345123291016
critical,19,ambiguous,long,object,final,9,9,closed.,26.7675142288208
critical,19,unambiguous,short,object,final,8,0,When,19.15230369567871
critical,19,unambiguous,short,object,final,8,1,the,2.9921624660491943
critical,19,unambiguous,short,object,final,8,2,band,12.440506935119627
critical,19,unambiguous,short,object,final,8,3,left,10.73122501373291
critical,19,unambiguous,short,object,final,8,4,the,1.4663240909576416
critical,19,unambiguous,short,object,final,8,5,stage,3.625262260437012
critical,19,unambiguous,short,object,final,8,6,the,5.759274959564209
critical,19,unambiguous,short,object,final,8,7,venue,11.54916286468506
critical,19,unambiguous,short,object,final,8,8,closed.,11.28341007232666
critical,19,unambiguous,long,object,final,11,0,When,19.15230369567871
critical,19,unambiguous,long,object,final,11,1,the,2.9921624660491943
critical,19,unambiguous,long,object,final,11,2,band,12.440506935119627
critical,19,unambiguous,long,object,final,11,3,left,10.73122501373291
critical,19,unambiguous,long,object,final,11,4,the,1.4663240909576416
critical,19,unambiguous,long,object,final,11,5,stage,3.625262260437012
critical,19,unambiguous,long,object,final,11,6,the,5.759274959564209
critical,19,unambiguous,long,object,final,11,7,venue,11.54916286468506
critical,19,unambiguous,long,object,final,11,8,with,11.666516304016112
critical,19,unambiguous,long,object,final,11,9,live,13.24779987335205
critical,19,unambiguous,long,object,final,11,10,music,1.1409026384353638
critical,19,unambiguous,long,object,final,11,11,closed.,11.336387634277344
critical,20,ambiguous,short,comma,nonfinal,6,0,After,20.752695083618164
critical,20,ambiguous,short,comma,nonfinal,6,1,the,3.0259177684783936
critical,20,ambiguous,short,comma,nonfinal,6,2,customer,11.16315746307373
critical,20,ambiguous,short,comma,nonfinal,6,3,emailed,17.236509323120117
critical,20,ambiguous,short,comma,nonfinal,6,4,the,2.7321879863739014
critical,20,ambiguous,short,comma,nonfinal,6,5,company,5.367727279663086
critical,20,ambiguous,short,comma,nonfinal,6,6,responded,16.78928565979004
critical,20,ambiguous,short,comma,nonfinal,6,7,quickly.,9.663119077682495
critical,20,ambiguous,long,comma,nonfinal,9,0,After,20.752695083618164
critical,20,ambiguous,long,comma,nonfinal,9,1,the,3.0259177684783936
critical,20,ambiguous,long,comma,nonfinal,9,2,customer,11.16315746307373
critical,20,ambiguous,long,comma,nonfinal,9,3,emailed,17.236509323120117
critical,20,ambiguous,long,comma,nonfinal,9,4,the,2.7321879863739014
critical,20,ambiguous,long,comma,nonfinal,9,5,company,5.367727279663086
critical,20,ambiguous,long,comma,nonfinal,9,6,providing,10.118663787841797
critical,20,ambiguous,long,comma,nonfinal,9,7,phone,10.922307014465332
critical,20,ambiguous,long,comma,nonfinal,9,8,service,3.793722629547119
critical,20,ambiguous,long,comma,nonfinal,9,9,responded,18.761417388916016
critical,20,ambiguous,long,comma,nonfinal,9,10,quickly.,11.171536445617676
critical,20,unambiguous,short,comma,nonfinal,6,0,After,20.752695083618164
critical,20,unambiguous,short,comma,nonfinal,6,1,the,3.0259177684783936
critical,20,unambiguous,short,comma,nonfinal,6,2,customer,11.16315746307373
critical,20,unambiguous,short,comma,nonfinal,6,3,"emailed,",21.96572971343994
critical,20,unambiguous,short,comma,nonfinal,6,4,the,3.027442216873169
critical,20,unambiguous,short,comma,nonfinal,6,5,company,4.589446544647217
critical,20,unambiguous,short,comma,nonfinal,6,6,responded,4.396946907043457
critical,20,unambiguous,short,comma,nonfinal,6,7,quickly.,9.777832984924316
critical,20,unambiguous,long,comma,nonfinal,9,0,After,20.752695083618164
critical,20,unambiguous,long,comma,nonfinal,9,1,the,3.0259177684783936
critical,20,unambiguous,long,comma,nonfinal,9,2,customer,11.16315746307373
critical,20,unambiguous,long,comma,nonfinal,9,3,"emailed,",21.96572971343994
critical,20,unambiguous,long,comma,nonfinal,9,4,the,3.027442216873169
critical,20,unambiguous,long,comma,nonfinal,9,5,company,4.589446544647217
critical,20,unambiguous,long,comma,nonfinal,9,6,providing,16.911029815673828
critical,20,unambiguous,long,comma,nonfinal,9,7,phone,9.647346496582031
critical,20,unambiguous,long,comma,nonfinal,9,8,service,1.7243448495864868
critical,20,unambiguous,long,comma,nonfinal,9,9,responded,4.796042919158936
critical,20,unambiguous,long,comma,nonfinal,9,10,quickly.,10.109269618988035
critical,21,ambiguous,short,object,nonfinal,6,0,As,20.799320220947266
critical,21,ambiguous,short,object,nonfinal,6,1,the,4.015208721160889
critical,21,ambiguous,short,object,nonfinal,6,2,detective,15.77508544921875
critical,21,ambiguous,short,object,nonfinal,6,3,investigated,8.205169677734375
critical,21,ambiguous,short,object,nonfinal,6,4,the,1.471299171447754
critical,21,ambiguous,short,object,nonfinal,6,5,case,1.4940146207809448
critical,21,ambiguous,short,object,nonfinal,6,6,became,20.973237991333008
critical,21,ambiguous,short,object,nonfinal,6,7,more,0.7652375102043152
critical,21,ambiguous,short,object,nonfinal,6,8,complex.,5.371904134750366
critical,21,ambiguous,long,object,nonfinal,10,0,As,20.799320220947266
critical,21,ambiguous,long,object,nonfinal,10,1,the,4.015208721160889
critical,21,ambiguous,long,object,nonfinal,10,2,detective,15.77508544921875
critical,21,ambiguous,long,object,nonfinal,10,3,investigated,8.205169677734375
critical,21,ambiguous,long,object,nonfinal,10,4,the,1.471299171447754
critical,21,ambiguous,long,object,nonfinal,10,5,case,1.4940146207809448
critical,21,ambiguous,long,object,nonfinal,10,6,about,14.743383407592772
critical,21,ambiguous,long,object,nonfinal,10,7,the,0.8149968981742859
critical,21,ambiguous,long,object,nonfinal,10,8,bank,7.931303024291992
critical,21,ambiguous,long,object,nonfinal,10,9,robbery,0.5780956149101257
critical,21,ambiguous,long,object,nonfinal,10,10,became,19.581518173217773
critical,21,ambiguous,long,object,nonfinal,10,11,more,0.9661242365837096
critical,21,ambiguous,long,object,nonfinal,10,12,complex.,6.13003945350647
critical,21,unambiguous,short,object,nonfinal,8,0,As,20.799320220947266
critical,21,unambiguous,short,object,nonfinal,8,1,the,4.015208721160889
critical,21,unambiguous,short,object,nonfinal,8,2,detective,15.77508544921875
critical,21,unambiguous,short,object,nonfinal,8,3,investigated,8.205169677734375
critical,21,unambiguous,short,object,nonfinal,8,4,the,1.471299171447754
critical,21,unambiguous,short,object,nonfinal,8,5,suspects,9.181610107421877
critical,21,unambiguous,short,object,nonfinal,8,6,the,11.861738204956056
critical,21,unambiguous,short,object,nonfinal,8,7,case,6.411177635192871
critical,21,unambiguous,short,object,nonfinal,8,8,became,3.5803210735321045
critical,21,unambiguous,short,object,nonfinal,8,9,more,1.2261894941329956
critical,21,unambiguous,short,object,nonfinal,8,10,complex.,4.4722148180007935
critical,21,unambiguous,long,object,nonfinal,12,0,As,20.799320220947266
critical,21,unambiguous,long,object,nonfinal,12,1,the,4.015208721160889
critical,21,unambiguous,long,object,nonfinal,12,2,detective,15.77508544921875
critical,21,unambiguous,long,object,nonfinal,12,3,investigated,8.205169677734375
critical,21,unambiguous,long,object,nonfinal,12,4,the,1.471299171447754
critical,21,unambiguous,long,object,nonfinal,12,5,suspects,9.181610107421877
critical,21,unambiguous,long,object,nonfinal,12,6,the,11.861738204956056
critical,21,unambiguous,long,object,nonfinal,12,7,case,6.411177635192871
critical,21,unambiguous,long,object,nonfinal,12,8,about,13.638214111328123
critical,21,unambiguous,long,object,nonfinal,12,9,the,1.212285041809082
critical,21,unambiguous,long,object,nonfinal,12,10,bank,7.919629096984863
critical,21,unambiguous,long,object,nonfinal,12,11,robbery,0.4908604919910431
critical,21,unambiguous,long,object,nonfinal,12,12,became,4.115415573120117
critical,21,unambiguous,long,object,nonfinal,12,13,more,1.538091778755188
critical,21,unambiguous,long,object,nonfinal,12,14,complex.,5.322692275047302
critical,22,ambiguous,short,object,nonfinal,6,0,Although,20.830718994140625
critical,22,ambiguous,short,object,nonfinal,6,1,the,2.205596208572388
critical,22,ambiguous,short,object,nonfinal,6,2,team,10.742230415344238
critical,22,ambiguous,short,object,nonfinal,6,3,lost,7.045344829559326
critical,22,ambiguous,short,object,nonfinal,6,4,the,2.3419909477233887
critical,22,ambiguous,short,object,nonfinal,6,5,championship,5.431905746459961
critical,22,ambiguous,short,object,nonfinal,6,6,was,16.013805389404297
critical,22,ambiguous,short,object,nonfinal,6,7,still,4.394525527954102
critical,22,ambiguous,short,object,nonfinal,6,8,a,3.745628118515015
critical,22,ambiguous,short,object,nonfinal,6,9,great,2.6042163372039795
critical,22,ambiguous,short,object,nonfinal,6,10,experience,5.557769298553467
critical,22,ambiguous,short,object,nonfinal,6,11,for,1.9212223291397093
critical,22,ambiguous,short,object,nonfinal,6,12,the,1.9736206531524656
critical,22,ambiguous,short,object,nonfinal,6,13,players.,4.5393266677856445
critical,22,ambiguous,long,object,nonfinal,8,0,Although,20.830718994140625
critical,22,ambiguous,long,object,nonfinal,8,1,the,2.205596208572388
critical,22,ambiguous,long,object,nonfinal,8,2,team,10.742230415344238
critical,22,ambiguous,long,object,nonfinal,8,3,lost,7.045344829559326
critical,22,ambiguous,long,object,nonfinal,8,4,the,2.3419909477233887
critical,22,ambiguous,long,object,nonfinal,8,5,championship,5.431905746459961
critical,22,ambiguous,long,object,nonfinal,8,6,in,4.704495906829834
critical,22,ambiguous,long,object,nonfinal,8,7,basketball,13.37493133544922
critical,22,ambiguous,long,object,nonfinal,8,8,was,14.05271053314209
critical,22,ambiguous,long,object,nonfinal,8,9,still,4.400887489318848
critical,22,ambiguous,long,object,nonfinal,8,10,a,3.9747281074523926
critical,22,ambiguous,long,object,nonfinal,8,11,great,2.289003849029541
critical,22,ambiguous,long,object,nonfinal,8,12,experience,7.472398281097412
critical,22,ambiguous,long,object,nonfinal,8,13,for,1.954245686531067
critical,22,ambiguous,long,object,nonfinal,8,14,the,2.2080838680267334
critical,22,ambiguous,long,object,nonfinal,8,15,players.,4.579674959182739
critical,22,unambiguous,short,object,nonfinal,9,0,Although,20.830718994140625
critical,22,unambiguous,short,object,nonfinal,9,1,the,2.205596208572388
critical,22,unambiguous,short,object,nonfinal,9,2,team,10.742230415344238
critical,22,unambiguous,short,object,nonfinal,9,3,lost,7.045344829559326
critical,22,unambiguous,short,object,nonfinal,9,4,the,2.3419909477233887
critical,22,unambiguous,short,object,nonfinal,9,5,final,4.822531223297119
critical,22,unambiguous,short,object,nonfinal,9,6,game,3.1394565105438232
critical,22,unambiguous,short,object,nonfinal,9,7,the,7.42063045501709
critical,22,unambiguous,short,object,nonfinal,9,8,championship,8.99144458770752
critical,22,unambiguous,short,object,nonfinal,9,9,was,1.5968382358551023
critical,22,unambiguous,short,object,nonfinal,9,10,still,3.0051229000091557
critical,22,unambiguous,short,object,nonfinal,9,11,a,3.604734420776367
critical,22,unambiguous,short,object,nonfinal,9,12,great,2.1995396614074707
critical,22,unambiguous,short,object,nonfinal,9,13,experience,4.952549934387207
critical,22,unambiguous,short,object,nonfinal,9,14,for,1.5312206745147705
critical,22,unambiguous,short,object,nonfinal,9,15,the,1.6230429410934448
critical,22,unambiguous,short,object,nonfinal,9,16,players.,4.696887493133545
critical,22,unambiguous,long,object,nonfinal,11,0,Although,20.830718994140625
critical,22,unambiguous,long,object,nonfinal,11,1,the,2.205596208572388
critical,22,unambiguous,long,object,nonfinal,11,2,team,10.742230415344238
critical,22,unambiguous,long,object,nonfinal,11,3,lost,7.045344829559326
critical,22,unambiguous,long,object,nonfinal,11,4,the,2.3419909477233887
critical,22,unambiguous,long,object,nonfinal,11,5,final,4.822531223297119
critical,22,unambiguous,long,object,nonfinal,11,6,game,3.1394565105438232
critical,22,unambiguous,long,object,nonfinal,11,7,the,7.42063045501709
critical,22,unambiguous,long,object,nonfinal,11,8,championship,8.99144458770752
critical,22,unambiguous,long,object,nonfinal,11,9,in,6.7275567054748535
critical,22,unambiguous,long,object,nonfinal,11,10,basketball,11.682181358337402
critical,22,unambiguous,long,object,nonfinal,11,11,was,3.9626481533050537
critical,22,unambiguous,long,object,nonfinal,11,12,still,4.122542381286621
critical,22,unambiguous,long,object,nonfinal,11,13,a,3.4538848400115967
critical,22,unambiguous,long,object,nonfinal,11,14,great,1.90460467338562
critical,22,unambiguous,long,object,nonfinal,11,15,experience,4.235998630523682
critical,22,unambiguous,long,object,nonfinal,11,16,for,1.5498801469802856
critical,22,unambiguous,long,object,nonfinal,11,17,the,1.826188802719116
critical,22,unambiguous,long,object,nonfinal,11,18,players.,4.586730360984802
critical,23,ambiguous,short,comma,nonfinal,7,0,After,20.752695083618164
critical,23,ambiguous,short,comma,nonfinal,7,1,the,3.0259177684783936
critical,23,ambiguous,short,comma,nonfinal,7,2,director,12.334189414978027
critical,23,ambiguous,short,comma,nonfinal,7,3,finished,7.919018268585205
critical,23,ambiguous,short,comma,nonfinal,7,4,filming,4.647417068481445
critical,23,ambiguous,short,comma,nonfinal,7,5,the,1.8156442642211916
critical,23,ambiguous,short,comma,nonfinal,7,6,actors,8.425077438354492
critical,23,ambiguous,short,comma,nonfinal,7,7,left,6.566220760345459
critical,23,ambiguous,short,comma,nonfinal,7,8,to,3.930730819702149
critical,23,ambiguous,short,comma,nonfinal,7,9,go,2.11319351196289
critical,23,ambiguous,short,comma,nonfinal,7,10,home.,3.2103601694107056
critical,23,ambiguous,long,comma,nonfinal,12,0,After,20.752695083618164
critical,23,ambiguous,long,comma,nonfinal,12,1,the,3.0259177684783936
critical,23,ambiguous,long,comma,nonfinal,12,2,director,12.334189414978027
critical,23,ambiguous,long,comma,nonfinal,12,3,finished,7.919018268585205
critical,23,ambiguous,long,comma,nonfinal,12,4,filming,4.647417068481445
critical,23,ambiguous,long,comma,nonfinal,12,5,the,1.8156442642211916
critical,23,ambiguous,long,comma,nonfinal,12,6,actors,8.425077438354492
critical,23,ambiguous,long,comma,nonfinal,12,7,exhausted,15.634601593017578
critical,23,ambiguous,long,comma,nonfinal,12,8,from,3.2544538974761963
critical,23,ambiguous,long,comma,nonfinal,12,9,the,1.474584698677063
critical,23,ambiguous,long,comma,nonfinal,12,10,long,1.8332277536392207
critical,23,ambiguous,long,comma,nonfinal,12,11,day,1.8820267915725708
critical,23,ambiguous,long,comma,nonfinal,12,12,left,12.968178749084473
critical,23,ambiguous,long,comma,nonfinal,12,13,to,3.0329484939575195
critical,23,ambiguous,long,comma,nonfinal,12,14,go,4.9009222984313965
critical,23,ambiguous,long,comma,nonfinal,12,15,home.,4.086849927902222
critical,23,unambiguous,short,comma,nonfinal,7,0,After,20.752695083618164
critical,23,unambiguous,short,comma,nonfinal,7,1,the,3.0259177684783936
critical,23,unambiguous,short,comma,nonfinal,7,2,director,12.334189414978027
critical,23,unambiguous,short,comma,nonfinal,7,3,finished,7.919018268585205
critical,23,unambiguous,short,comma,nonfinal,7,4,"filming,",6.647773504257202
critical,23,unambiguous,short,comma,nonfinal,7,5,the,2.188898801803589
critical,23,unambiguous,short,comma,nonfinal,7,6,actors,6.413241386413574
critical,23,unambiguous,short,comma,nonfinal,7,7,left,5.342389106750488
critical,23,unambiguous,short,comma,nonfinal,7,8,to,5.108198642730713
critical,23,unambiguous,short,comma,nonfinal,7,9,go,2.1340460777282715
critical,23,unambiguous,short,comma,nonfinal,7,10,home.,2.1642406582832336
critical,23,unambiguous,long,comma,nonfinal,12,0,After,20.752695083618164
critical,23,unambiguous,long,comma,nonfinal,12,1,the,3.0259177684783936
critical,23,unambiguous,long,comma,nonfinal,12,2,director,12.334189414978027
critical,23,unambiguous,long,comma,nonfinal,12,3,finished,7.919018268585205
critical,23,unambiguous,long,comma,nonfinal,12,4,"filming,",6.647773504257202
critical,23,unambiguous,long,comma,nonfinal,12,5,the,2.188898801803589
critical,23,unambiguous,long,comma,nonfinal,12,6,actors,6.413241386413574
critical,23,unambiguous,long,comma,nonfinal,12,7,exhausted,16.481470108032227
critical,23,unambiguous,long,comma,nonfinal,12,8,from,5.1714606285095215
critical,23,unambiguous,long,comma,nonfinal,12,9,the,1.2143158912658691
critical,23,unambiguous,long,comma,nonfinal,12,10,long,1.8936527967453003
critical,23,unambiguous,long,comma,nonfinal,12,11,day,2.9755475521087646
critical,23,unambiguous,long,comma,nonfinal,12,12,left,9.139336585998535
critical,23,unambiguous,long,comma,nonfinal,12,13,to,5.072929382324219
critical,23,unambiguous,long,comma,nonfinal,12,14,go,3.107809066772461
critical,23,unambiguous,long,comma,nonfinal,12,15,home.,2.29393208026886
critical,24,ambiguous,short,object,final,6,0,As,20.799320220947266
critical,24,ambiguous,short,object,final,6,1,the,4.015208721160889
critical,24,ambiguous,short,object,final,6,2,doctor,10.924059867858888
critical,24,ambiguous,short,object,final,6,3,lectured,11.997789151966572
critical,24,ambiguous,short,object,final,6,4,the,4.766880035400391
critical,24,ambiguous,short,object,final,6,5,student,6.116046905517578
critical,24,ambiguous,short,object,final,6,6,listened.,24.504786014556885
critical,24,ambiguous,long,object,final,8,0,As,20.799320220947266
critical,24,ambiguous,long,object,final,8,1,the,4.015208721160889
critical,24,ambiguous,long,object,final,8,2,doctor,10.924059867858888
critical,24,ambiguous,long,object,final,8,3,lectured,11.997789151966572
critical,24,ambiguous,long,object,final,8,4,the,4.766880035400391
critical,24,ambiguous,long,object,final,8,5,student,6.116046905517578
critical,24,ambiguous,long,object,final,8,6,watching,17.442218780517578
critical,24,ambiguous,long,object,final,8,7,quietly,8.027069091796875
critical,24,ambiguous,long,object,final,8,8,listened.,17.07283902168274
critical,24,unambiguous,short,object,final,8,0,As,20.799320220947266
critical,24,unambiguous,short,object,final,8,1,the,4.015208721160889
critical,24,unambiguous,short,object,final,8,2,doctor,10.924059867858888
critical,24,unambiguous,short,object,final,8,3,lectured,11.997789151966572
critical,24,unambiguous,short,object,final,8,4,the,4.766880035400391
critical,24,unambiguous,short,object,final,8,5,nurse,6.006605625152588
critical,24,unambiguous,short,object,final,8,6,the,8.277565956115723
critical,24,unambiguous,short,object,final,8,7,student,8.374943733215332
critical,24,unambiguous,short,object,final,8,8,listened.,10.97924280166626
critical,24,unambiguous,long,object,final,10,0,As,20.799320220947266
critical,24,unambiguous,long,object,final,10,1,the,4.015208721160889
critical,24,unambiguous,long,object,final,10,2,doctor,10.924059867858888
critical,24,unambiguous,long,object,final,10,3,lectured,11.997789151966572
critical,24,unambiguous,long,object,final,10,4,the,4.766880035400391
critical,24,unambiguous,long,object,final,10,5,nurse,6.006605625152588
critical,24,unambiguous,long,object,final,10,6,the,8.277565956115723
critical,24,unambiguous,long,object,final,10,7,student,8.374943733215332
critical,24,unambiguous,long,object,final,10,8,watching,12.401906967163086
critical,24,unambiguous,long,object,final,10,9,quietly,7.272494316101074
critical,24,unambiguous,long,object,final,10,10,listened.,9.924317836761476
critical,25,ambiguous,short,object,nonfinal,7,0,After,20.752695083618164
critical,25,ambiguous,short,object,nonfinal,7,1,the,3.0259177684783936
critical,25,ambiguous,short,object,nonfinal,7,2,teacher,9.624886512756348
critical,25,ambiguous,short,object,nonfinal,7,3,finished,7.196201324462891
critical,25,ambiguous,short,object,nonfinal,7,4,grading,6.806674480438232
critical,25,ambiguous,short,object,nonfinal,7,5,the,0.9856862425804138
critical,25,ambiguous,short,object,nonfinal,7,6,students,3.733201265335083
critical,25,ambiguous,short,object,nonfinal,7,7,passed,17.799047470092773
critical,25,ambiguous,short,object,nonfinal,7,8,the,1.7924087047576904
critical,25,ambiguous,short,object,nonfinal,7,9,class.,12.03650403022766
critical,25,ambiguous,long,object,nonfinal,9,0,After,20.752695083618164
critical,25,ambiguous,long,object,nonfinal,9,1,the,3.0259177684783936
critical,25,ambiguous,long,object,nonfinal,9,2,teacher,9.624886512756348
critical,25,ambiguous,long,object,nonfinal,9,3,finished,7.196201324462891
critical,25,ambiguous,long,object,nonfinal,9,4,grading,6.806674480438232
critical,25,ambiguous,long,object,nonfinal,9,5,the,0.9856862425804138
critical,25,ambiguous,long,object,nonfinal,9,6,students,3.733201265335083
critical,25,ambiguous,long,object,nonfinal,9,7,studying,19.00791358947754
critical,25,ambiguous,long,object,nonfinal,9,8,engineering,11.391484260559082
critical,25,ambiguous,long,object,nonfinal,9,9,passed,11.34382152557373
critical,25,ambiguous,long,object,nonfinal,9,10,the,1.890361785888672
critical,25,ambiguous,long,object,nonfinal,9,11,class.,9.36545705795288
critical,25,unambiguous,short,object,nonfinal,9,0,After,20.752695083618164
critical,25,unambiguous,short,object,nonfinal,9,1,the,3.0259177684783936
critical,25,unambiguous,short,object,nonfinal,9,2,teacher,9.624886512756348
critical,25,unambiguous,short,object,nonfinal,9,3,finished,7.196201324462891
critical,25,unambiguous,short,object,nonfinal,9,4,grading,6.806674480438232
critical,25,unambiguous,short,object,nonfinal,9,5,the,0.9856862425804138
critical,25,unambiguous,short,object,nonfinal,9,6,final,3.952513456344605
critical,25,unambiguous,short,object,nonfinal,9,7,the,12.917865753173828
critical,25,unambiguous,short,object,nonfinal,9,8,students,2.456534147262573
critical,25,unambiguous,short,object,nonfinal,9,9,passed,10.373867988586426
critical,25,unambiguous,short,object,nonfinal,9,10,the,1.4484626054763794
critical,25,unambiguous,short,object,nonfinal,9,11,class.,8.122663497924805
critical,25,unambiguous,long,object,nonfinal,11,0,After,20.752695083618164
critical,25,unambiguous,long,object,nonfinal,11,1,the,3.0259177684783936
critical,25,unambiguous,long,object,nonfinal,11,2,teacher,9.624886512756348
critical,25,unambiguous,long,object,nonfinal,11,3,finished,7.196201324462891
critical,25,unambiguous,long,object,nonfinal,11,4,grading,6.806674480438232
critical,25,unambiguous,long,object,nonfinal,11,5,the,0.9856862425804138
critical,25,unambiguous,long,object,nonfinal,11,6,final,3.952513456344605
critical,25,unambiguous,long,object,nonfinal,11,7,the,12.917865753173828
critical,25,unambiguous,long,object,nonfinal,11,8,students,2.456534147262573
critical,25,unambiguous,long,object,nonfinal,11,9,studying,16.368146896362305
critical,25,unambiguous,long,object,nonfinal,11,10,engineering,9.914159774780272
critical,25,unambiguous,long,object,nonfinal,11,11,passed,9.998139381408691
critical,25,unambiguous,long,object,nonfinal,11,12,the,1.876537084579468
critical,25,unambiguous,long,object,nonfinal,11,13,class.,8.475310564041138
critical,26,ambiguous,short,comma,final,6,0,As,20.799320220947266
critical,26,ambiguous,short,comma,final,6,1,the,4.015208721160889
critical,26,ambiguous,short,comma,final,6,2,people,10.316351890563965
critical,26,ambiguous,short,comma,final,6,3,gathered,8.046699523925781
critical,26,ambiguous,short,comma,final,6,4,the,7.197441101074219
critical,26,ambiguous,short,comma,final,6,5,animals,9.499727249145508
critical,26,ambiguous,short,comma,final,6,6,scattered.,11.699382305145264
critical,26,ambiguous,long,comma,final,9,0,As,20.799320220947266
critical,26,ambiguous,long,comma,final,9,1,the,4.015208721160889
critical,26,ambiguous,long,comma,final,9,2,people,10.316351890563965
critical,26,ambiguous,long,comma,final,9,3,gathered,8.046699523925781
critical,26,ambiguous,long,comma,final,9,4,the,7.197441101074219
critical,26,ambiguous,long,comma,final,9,5,animals,9.499727249145508
critical,26,ambiguous,long,comma,final,9,6,in,4.9658684730529785
critical,26,ambiguous,long,comma,final,9,7,the,1.905636548995972
critical,26,ambiguous,long,comma,final,9,8,park,7.386839389801025
critical,26,ambiguous,long,comma,final,9,9,scattered.,17.443922519683838
critical,26,unambiguous,short,comma,final,6,0,As,20.799320220947266
critical,26,unambiguous,short,comma,final,6,1,the,4.015208721160889
critical,26,unambiguous,short,comma,final,6,2,people,10.316351890563965
critical,26,unambiguous,short,comma,final,6,3,"gathered,",10.326152086257936
critical,26,unambiguous,short,comma,final,6,4,the,2.408499956130981
critical,26,unambiguous,short,comma,final,6,5,animals,10.823491096496582
critical,26,unambiguous,short,comma,final,6,6,scattered.,9.82941961288452
critical,26,unambiguous,long,comma,final,9,0,As,20.799320220947266
critical,26,unambiguous,long,comma,final,9,1,the,4.015208721160889
critical,26,unambiguous,long,comma,final,9,2,people,10.316351890563965
critical,26,unambiguous,long,comma,final,9,3,"gathered,",10.326152086257936
critical,26,unambiguous,long,comma,final,9,4,the,2.408499956130981
critical,26,unambiguous,long,comma,final,9,5,animals,10.823491096496582
critical,26,unambiguous,long,comma,final,9,6,in,6.3443217277526855
critical,26,unambiguous,long,comma,final,9,7,the,0.4205457270145416
critical,26,unambiguous,long,comma,final,9,8,park,5.310128211975098
critical,26,unambiguous,long,comma,final,9,9,scattered.,9.40198040008545
critical,27,ambiguous,short,comma,nonfinal,6,0,Once,24.26518440246582
critical,27,ambiguous,short,comma,nonfinal,6,1,the,3.2263808250427246
critical,27,ambiguous,short,comma,nonfinal,6,2,audience,12.706302642822266
critical,27,ambiguous,short,comma,nonfinal,6,3,quieted,16.521461129188538
critical,27,ambiguous,short,comma,nonfinal,6,4,the,7.960383415222168
critical,27,ambiguous,short,comma,nonfinal,6,5,man,4.908970832824707
critical,27,ambiguous,short,comma,nonfinal,6,6,put,7.721451282501221
critical,27,ambiguous,short,comma,nonfinal,6,7,away,8.07763671875
critical,27,ambiguous,short,comma,nonfinal,6,8,his,0.6832636594772339
critical,27,ambiguous,short,comma,nonfinal,6,9,phone.,14.154722452163696
critical,27,ambiguous,long,comma,nonfinal,8,0,Once,24.26518440246582
critical,27,ambiguous,long,comma,nonfinal,8,1,the,3.2263808250427246
critical,27,ambiguous,long,comma,nonfinal,8,2,audience,12.706302642822266
critical,27,ambiguous,long,comma,nonfinal,8,3,quieted,16.521461129188538
critical,27,ambiguous,long,comma,nonfinal,8,4,the,7.960383415222168
critical,27,ambiguous,long,comma,nonfinal,8,5,man,4.908970832824707
critical,27,ambiguous,long,comma,nonfinal,8,6,talking,14.541692733764648
critical,27,ambiguous,long,comma,nonfinal,8,7,loudly,7.286197662353516
critical,27,ambiguous,long,comma,nonfinal,8,8,put,7.171170234680176
critical,27,ambiguous,long,comma,nonfinal,8,9,away,5.222147464752197
critical,27,ambiguous,long,comma,nonfinal,8,10,his,0.4880675077438354
critical,27,ambiguous,long,comma,nonfinal,8,11,phone.,10.12419056892395
critical,27,unambiguous,short,comma,nonfinal,6,0,Once,24.26518440246582
critical,27,unambiguous,short,comma,nonfinal,6,1,the,3.2263808250427246
critical,27,unambiguous,short,comma,nonfinal,6,2,audience,12.706302642822266
critical,27,unambiguous,short,comma,nonfinal,6,3,"quieted,",19.08626997470856
critical,27,unambiguous,short,comma,nonfinal,6,4,the,2.7398569583892822
critical,27,unambiguous,short,comma,nonfinal,6,5,man,4.518553733825684
critical,27,unambiguous,short,comma,nonfinal,6,6,put,7.578799247741699
critical,27,unambiguous,short,comma,nonfinal,6,7,away,7.048811912536621
critical,27,unambiguous,short,comma,nonfinal,6,8,his,0.6490267515182495
critical,27,unambiguous,short,comma,nonfinal,6,9,phone.,12.377056360244753
critical,27,unambiguous,long,comma,nonfinal,8,0,Once,24.26518440246582
critical,27,unambiguous,long,comma,nonfinal,8,1,the,3.2263808250427246
critical,27,unambiguous,long,comma,nonfinal,8,2,audience,12.706302642822266
critical,27,unambiguous,long,comma,nonfinal,8,3,"quieted,",19.08626997470856
critical,27,unambiguous,long,comma,nonfinal,8,4,the,2.7398569583892822
critical,27,unambiguous,long,comma,nonfinal,8,5,man,4.518553733825684
critical,27,unambiguous,long,comma,nonfinal,8,6,talking,15.38560390472412
critical,27,unambiguous,long,comma,nonfinal,8,7,loudly,8.876165390014648
critical,27,unambiguous,long,comma,nonfinal,8,8,put,6.737124443054199
critical,27,unambiguous,long,comma,nonfinal,8,9,away,4.950568675994873
critical,27,unambiguous,long,comma,nonfinal,8,10,his,0.5196930170059204
critical,27,unambiguous,long,comma,nonfinal,8,11,phone.,9.368428945541382
critical,28,ambiguous,short,comma,nonfinal,7,0,After,20.752695083618164
critical,28,ambiguous,short,comma,nonfinal,7,1,the,3.0259177684783936
critical,28,ambiguous,short,comma,nonfinal,7,2,corrupt,16.257722854614258
critical,28,ambiguous,short,comma,nonfinal,7,3,politician,6.367224216461182
critical,28,ambiguous,short,comma,nonfinal,7,4,signed,10.715641975402832
critical,28,ambiguous,short,comma,nonfinal,7,5,the,0.5696395635604858
critical,28,ambiguous,short,comma,nonfinal,7,6,bill,2.290795087814331
critical,28,ambiguous,short,comma,nonfinal,7,7,received,17.15943717956543
critical,28,ambiguous,short,comma,nonfinal,7,8,unwelcome,18.22639426589012
critical,28,ambiguous,short,comma,nonfinal,7,9,attention,1.904337763786316
critical,28,ambiguous,short,comma,nonfinal,7,10,from,0.9976919889450072
critical,28,ambiguous,short,comma,nonfinal,7,11,southern,15.053930282592772
critical,28,ambiguous,short,comma,nonfinal,7,12,voters.,8.2687509059906
critical,28,ambiguous,long,comma,nonfinal,9,0,After,20.752695083618164
critical,28,ambiguous,long,comma,nonfinal,9,1,the,3.0259177684783936
critical,28,ambiguous,long,comma,nonfinal,9,2,corrupt,16.257722854614258
critical,28,ambiguous,long,comma,nonfinal,9,3,politician,6.367224216461182
critical,28,ambiguous,long,comma,nonfinal,9,4,signed,10.715641975402832
critical,28,ambiguous,long,comma,nonfinal,9,5,the,0.5696395635604858
critical,28,ambiguous,long,comma,nonfinal,9,6,bill,2.290795087814331
critical,28,ambiguous,long,comma,nonfinal,9,7,on,8.933253288269043
critical,28,ambiguous,long,comma,nonfinal,9,8,taxes,13.040307998657228
critical,28,ambiguous,long,comma,nonfinal,9,9,received,15.055197715759276
critical,28,ambiguous,long,comma,nonfinal,9,10,unwelcome,20.607765078544617
critical,28,ambiguous,long,comma,nonfinal,9,11,attention,2.112879753112793
critical,28,ambiguous,long,comma,nonfinal,9,12,from,1.4113006591796875
critical,28,ambiguous,long,comma,nonfinal,9,13,southern,15.254384994506836
critical,28,ambiguous,long,comma,nonfinal,9,14,voters.,7.9573894739151
critical,28,unambiguous,short,comma,nonfinal,7,0,After,20.752695083618164
critical,28,unambiguous,short,comma,nonfinal,7,1,the,3.0259177684783936
critical,28,unambiguous,short,comma,nonfinal,7,2,corrupt,16.257722854614258
critical,28,unambiguous,short,comma,nonfinal,7,3,politician,6.367224216461182
critical,28,unambiguous,short,comma,nonfinal,7,4,"signed,",17.354623794555664
critical,28,unambiguous,short,comma,nonfinal,7,5,the,1.7542725801467896
critical,28,unambiguous,short,comma,nonfinal,7,6,bill,6.909887313842773
critical,28,unambiguous,short,comma,nonfinal,7,7,received,8.439221382141113
critical,28,unambiguous,short,comma,nonfinal,7,8,unwelcome,19.840145587921143
critical,28,unambiguous,short,comma,nonfinal,7,9,attention,2.189116239547729
critical,28,unambiguous,short,comma,nonfinal,7,10,from,0.6228193640708923
critical,28,unambiguous,short,comma,nonfinal,7,11,southern,13.501172065734863
critical,28,unambiguous,short,comma,nonfinal,7,12,voters.,9.030125260353088
critical,28,unambiguous,long,comma,nonfinal,9,0,After,20.752695083618164
critical,28,unambiguous,long,comma,nonfinal,9,1,the,3.0259177684783936
critical,28,unambiguous,long,comma,nonfinal,9,2,corrupt,16.257722854614258
critical,28,unambiguous,long,comma,nonfinal,9,3,politician,6.367224216461182
critical,28,unambiguous,long,comma,nonfinal,9,4,"signed,",17.354623794555664
critical,28,unambiguous,long,comma,nonfinal,9,5,the,1.7542725801467896
critical,28,unambiguous,long,comma,nonfinal,9,6,bill,6.909887313842773
critical,28,unambiguous,long,comma,nonfinal,9,7,on,10.490286827087402
critical,28,unambiguous,long,comma,nonfinal,9,8,taxes,10.588479042053224
critical,28,unambiguous,long,comma,nonfinal,9,9,received,8.389949798583984
critical,28,unambiguous,long,comma,nonfinal,9,10,unwelcome,18.808977246284485
critical,28,unambiguous,long,comma,nonfinal,9,11,attention,1.5732972621917725
critical,28,unambiguous,long,comma,nonfinal,9,12,from,1.1271302700042725
critical,28,unambiguous,long,comma,nonfinal,9,13,southern,14.87635612487793
critical,28,unambiguous,long,comma,nonfinal,9,14,voters.,8.169302582740784
critical,29,ambiguous,short,object,nonfinal,7,0,While,20.172754287719727
critical,29,ambiguous,short,object,nonfinal,7,1,the,2.4930825233459477
critical,29,ambiguous,short,object,nonfinal,7,2,art,11.497725486755373
critical,29,ambiguous,short,object,nonfinal,7,3,class,9.903637886047363
critical,29,ambiguous,short,object,nonfinal,7,4,painted,13.35116481781006
critical,29,ambiguous,short,object,nonfinal,7,5,the,2.335364818572998
critical,29,ambiguous,short,object,nonfinal,7,6,model,10.894268035888672
critical,29,ambiguous,short,object,nonfinal,7,7,stayed,21.417728424072266
critical,29,ambiguous,short,object,nonfinal,7,8,still.,6.1290130615234375
critical,29,ambiguous,long,object,nonfinal,10,0,While,20.172754287719727
critical,29,ambiguous,long,object,nonfinal,10,1,the,2.4930825233459477
critical,29,ambiguous,long,object,nonfinal,10,2,art,11.497725486755373
critical,29,ambiguous,long,object,nonfinal,10,3,class,9.903637886047363
critical,29,ambiguous,long,object,nonfinal,10,4,painted,13.35116481781006
critical,29,ambiguous,long,object,nonfinal,10,5,the,2.335364818572998
critical,29,ambiguous,long,object,nonfinal,10,6,model,10.894268035888672
critical,29,ambiguous,long,object,nonfinal,10,7,in,4.770251274108887
critical,29,ambiguous,long,object,nonfinal,10,8,the,2.2263333797454834
critical,29,ambiguous,long,object,nonfinal,10,9,nude,5.213083267211914
critical,29,ambiguous,long,object,nonfinal,10,10,stayed,23.126848220825195
critical,29,ambiguous,long,object,nonfinal,10,11,still.,13.277214527130129
critical,29,unambiguous,short,object,nonfinal,9,0,While,20.172754287719727
critical,29,unambiguous,short,object,nonfinal,9,1,the,2.4930825233459477
critical,29,unambiguous,short,object,nonfinal,9,2,art,11.497725486755373
critical,29,unambiguous,short,object,nonfinal,9,3,class,9.903637886047363
critical,29,unambiguous,short,object,nonfinal,9,4,painted,13.35116481781006
critical,29,unambiguous,short,object,nonfinal,9,5,their,4.805209159851074
critical,29,unambiguous,short,object,nonfinal,9,6,portraits,5.594270706176758
critical,29,unambiguous,short,object,nonfinal,9,7,the,7.696325302124023
critical,29,unambiguous,short,object,nonfinal,9,8,model,14.232698440551758
critical,29,unambiguous,short,object,nonfinal,9,9,stayed,7.999309539794922
critical,29,unambiguous,short,object,nonfinal,9,10,still.,7.919159650802612
critical,29,unambiguous,long,object,nonfinal,12,0,While,20.172754287719727
critical,29,unambiguous,long,object,nonfinal,12,1,the,2.4930825233459477
critical,29,unambiguous,long,object,nonfinal,12,2,art,11.497725486755373
critical,29,unambiguous,long,object,nonfinal,12,3,class,9.903637886047363
critical,29,unambiguous,long,object,nonfinal,12,4,painted,13.35116481781006
critical,29,unambiguous,long,object,nonfinal,12,5,their,4.805209159851074
critical,29,unambiguous,long,object,nonfinal,12,6,portraits,5.594270706176758
critical,29,unambiguous,long,object,nonfinal,12,7,the,7.696325302124023
critical,29,unambiguous,long,object,nonfinal,12,8,model,14.232698440551758
critical,29,unambiguous,long,object,nonfinal,12,9,in,6.913127422332764
critical,29,unambiguous,long,object,nonfinal,12,10,the,0.7091216444969177
critical,29,unambiguous,long,object,nonfinal,12,11,nude,7.167474746704102
critical,29,unambiguous,long,object,nonfinal,12,12,stayed,8.680510520935059
critical,29,unambiguous,long,object,nonfinal,12,13,still.,10.792948722839355
critical,30,ambiguous,short,object,final,6,0,As,20.799320220947266
critical,30,ambiguous,short,object,final,6,1,the,4.015208721160889
critical,30,ambiguous,short,object,final,6,2,professor,11.766546249389648
critical,30,ambiguous,short,object,final,6,3,wrote,8.247536659240723
critical,30,ambiguous,short,object,final,6,4,the,4.287423133850098
critical,30,ambiguous,short,object,final,6,5,textbook,7.90929365158081
critical,30,ambiguous,short,object,final,6,6,grew.,23.02373695373535
critical,30,ambiguous,long,object,final,8,0,As,20.799320220947266
critical,30,ambiguous,long,object,final,8,1,the,4.015208721160889
critical,30,ambiguous,long,object,final,8,2,professor,11.766546249389648
critical,30,ambiguous,long,object,final,8,3,wrote,8.247536659240723
critical,30,ambiguous,long,object,final,8,4,the,4.287423133850098
critical,30,ambiguous,long,object,final,8,5,textbook,7.90929365158081
critical,30,ambiguous,long,object,final,8,6,on,5.406526565551758
critical,30,ambiguous,long,object,final,8,7,biology,11.18208122253418
critical,30,ambiguous,long,object,final,8,8,grew.,21.368480443954468
critical,30,unambiguous,short,object,final,8,0,As,20.799320220947266
critical,30,unambiguous,short,object,final,8,1,the,4.015208721160889
critical,30,unambiguous,short,object,final,8,2,professor,11.766546249389648
critical,30,unambiguous,short,object,final,8,3,wrote,8.247536659240723
critical,30,unambiguous,short,object,final,8,4,the,4.287423133850098
critical,30,unambiguous,short,object,final,8,5,chapter,7.657617092132568
critical,30,unambiguous,short,object,final,8,6,the,7.922707080841064
critical,30,unambiguous,short,object,final,8,7,textbook,10.786531448364258
critical,30,unambiguous,short,object,final,8,8,grew.,13.9944748878479
critical,30,unambiguous,long,object,final,10,0,As,20.799320220947266
critical,30,unambiguous,long,object,final,10,1,the,4.015208721160889
critical,30,unambiguous,long,object,final,10,2,professor,11.766546249389648
critical,30,unambiguous,long,object,final,10,3,wrote,8.247536659240723
critical,30,unambiguous,long,object,final,10,4,the,4.287423133850098
critical,30,unambiguous,long,object,final,10,5,chapter,7.657617092132568
critical,30,unambiguous,long,object,final,10,6,the,7.922707080841064
critical,30,unambiguous,long,object,final,10,7,textbook,10.786531448364258
critical,30,unambiguous,long,object,final,10,8,on,6.44322395324707
critical,30,unambiguous,long,object,final,10,9,biology,11.220318794250488
critical,30,unambiguous,long,object,final,10,10,grew.,14.307365894317629
